"duplicate_group_id","duplicate_hash","duplicate_count","source_file_path","source_file_name","source_folder","detected_source_url","likely_domain","likely_category_guess","quality_guess","rejection_reason_guess"
"dup_0001","19fa08ef0a6f3bcd106e42ecc55496a37d7e94ed1ba84284ec45b72e79ea9bc6","377","C:\KICAD_SCRAPE\markdown_10k_clean\eevblog.com-forum-projects-123.md","eevblog.com-forum-projects-123.md","markdown_10k_clean","https://www.eevblog.com/forum/projects/123","eevblog.com","12_forums_peer_review","junk","captcha_page"
"dup_0001","19fa08ef0a6f3bcd106e42ecc55496a37d7e94ed1ba84284ec45b72e79ea9bc6","377","C:\KICAD_SCRAPE\markdown_10k_clean\eevblog.com-forum-projects-124.md","eevblog.com-forum-projects-124.md","markdown_10k_clean","https://www.eevblog.com/forum/projects/124","eevblog.com","12_forums_peer_review","junk","captcha_page"
"dup_0001","19fa08ef0a6f3bcd106e42ecc55496a37d7e94ed1ba84284ec45b72e79ea9bc6","377","C:\KICAD_SCRAPE\markdown_10k_clean\eevblog.com-forum-projects-125.md","eevblog.com-forum-projects-125.md","markdown_10k_clean","https://www.eevblog.com/forum/projects/125","eevblog.com","12_forums_peer_review","junk","captcha_page"
"dup_0001","19fa08ef0a6f3bcd106e42ecc55496a37d7e94ed1ba84284ec45b72e79ea9bc6","377","C:\KICAD_SCRAPE\markdown_10k_clean\eevblog.com-forum-projects-126.md","eevblog.com-forum-projects-126.md","markdown_10k_clean","https://www.eevblog.com/forum/projects/126","eevblog.com","12_forums_peer_review","junk","captcha_page"
"dup_0001","19fa08ef0a6f3bcd106e42ecc55496a37d7e94ed1ba84284ec45b72e79ea9bc6","377","C:\KICAD_SCRAPE\markdown_10k_clean\eevblog.com-forum-projects-127.md","eevblog.com-forum-projects-127.md","markdown_10k_clean","https://www.eevblog.com/forum/projects/127","eevblog.com","12_forums_peer_review","junk","captcha_page"
"dup_0001","19fa08ef0a6f3bcd106e42ecc55496a37d7e94ed1ba84284ec45b72e79ea9bc6","377","C:\KICAD_SCRAPE\markdown_10k_clean\eevblog.com-forum-projects-128.md","eevblog.com-forum-projects-128.md","markdown_10k_clean","https://www.eevblog.com/forum/projects/128","eevblog.com","12_forums_peer_review","junk","captcha_page"
"dup_0001","19fa08ef0a6f3bcd106e42ecc55496a37d7e94ed1ba84284ec45b72e79ea9bc6","377","C:\KICAD_SCRAPE\markdown_10k_clean\eevblog.com-forum-projects-129.md","eevblog.com-forum-projects-129.md","markdown_10k_clean","https://www.eevblog.com/forum/projects/129","eevblog.com","12_forums_peer_review","junk","captcha_page"
"dup_0001","19fa08ef0a6f3bcd106e42ecc55496a37d7e94ed1ba84284ec45b72e79ea9bc6","377","C:\KICAD_SCRAPE\markdown_10k_clean\eevblog.com-forum-projects-130.md","eevblog.com-forum-projects-130.md","markdown_10k_clean","https://www.eevblog.com/forum/projects/130","eevblog.com","12_forums_peer_review","junk","captcha_page"
"dup_0001","19fa08ef0a6f3bcd106e42ecc55496a37d7e94ed1ba84284ec45b72e79ea9bc6","377","C:\KICAD_SCRAPE\markdown_10k_clean\eevblog.com-forum-projects-131.md","eevblog.com-forum-projects-131.md","markdown_10k_clean","https://www.eevblog.com/forum/projects/131","eevblog.com","12_forums_peer_review","junk","captcha_page"
"dup_0001","19fa08ef0a6f3bcd106e42ecc55496a37d7e94ed1ba84284ec45b72e79ea9bc6","377","C:\KICAD_SCRAPE\markdown_10k_clean\eevblog.com-forum-projects-132.md","eevblog.com-forum-projects-132.md","markdown_10k_clean","https://www.eevblog.com/forum/projects/132","eevblog.com","12_forums_peer_review","junk","captcha_page"
"dup_0001","19fa08ef0a6f3bcd106e42ecc55496a37d7e94ed1ba84284ec45b72e79ea9bc6","377","C:\KICAD_SCRAPE\markdown_10k_clean\eevblog.com-forum-projects-133.md","eevblog.com-forum-projects-133.md","markdown_10k_clean","https://www.eevblog.com/forum/projects/133","eevblog.com","12_forums_peer_review","junk","captcha_page"
"dup_0001","19fa08ef0a6f3bcd106e42ecc55496a37d7e94ed1ba84284ec45b72e79ea9bc6","377","C:\KICAD_SCRAPE\markdown_10k_clean\eevblog.com-forum-projects-134.md","eevblog.com-forum-projects-134.md","markdown_10k_clean","https://www.eevblog.com/forum/projects/134","eevblog.com","12_forums_peer_review","junk","captcha_page"
"dup_0001","19fa08ef0a6f3bcd106e42ecc55496a37d7e94ed1ba84284ec45b72e79ea9bc6","377","C:\KICAD_SCRAPE\markdown_10k_clean\eevblog.com-forum-projects-135.md","eevblog.com-forum-projects-135.md","markdown_10k_clean","https://www.eevblog.com/forum/projects/135","eevblog.com","12_forums_peer_review","junk","captcha_page"
"dup_0001","19fa08ef0a6f3bcd106e42ecc55496a37d7e94ed1ba84284ec45b72e79ea9bc6","377","C:\KICAD_SCRAPE\markdown_10k_clean\eevblog.com-forum-projects-136.md","eevblog.com-forum-projects-136.md","markdown_10k_clean","https://www.eevblog.com/forum/projects/136","eevblog.com","12_forums_peer_review","junk","captcha_page"
"dup_0001","19fa08ef0a6f3bcd106e42ecc55496a37d7e94ed1ba84284ec45b72e79ea9bc6","377","C:\KICAD_SCRAPE\markdown_10k_clean\eevblog.com-forum-projects-137.md","eevblog.com-forum-projects-137.md","markdown_10k_clean","https://www.eevblog.com/forum/projects/137","eevblog.com","12_forums_peer_review","junk","captcha_page"
"dup_0001","19fa08ef0a6f3bcd106e42ecc55496a37d7e94ed1ba84284ec45b72e79ea9bc6","377","C:\KICAD_SCRAPE\markdown_10k_clean\eevblog.com-forum-projects-138.md","eevblog.com-forum-projects-138.md","markdown_10k_clean","https://www.eevblog.com/forum/projects/138","eevblog.com","12_forums_peer_review","junk","captcha_page"
"dup_0001","19fa08ef0a6f3bcd106e42ecc55496a37d7e94ed1ba84284ec45b72e79ea9bc6","377","C:\KICAD_SCRAPE\markdown_10k_clean\eevblog.com-forum-projects-139.md","eevblog.com-forum-projects-139.md","markdown_10k_clean","https://www.eevblog.com/forum/projects/139","eevblog.com","12_forums_peer_review","junk","captcha_page"
"dup_0001","19fa08ef0a6f3bcd106e42ecc55496a37d7e94ed1ba84284ec45b72e79ea9bc6","377","C:\KICAD_SCRAPE\markdown_10k_clean\eevblog.com-forum-projects-140.md","eevblog.com-forum-projects-140.md","markdown_10k_clean","https://www.eevblog.com/forum/projects/140","eevblog.com","12_forums_peer_review","junk","captcha_page"
"dup_0001","19fa08ef0a6f3bcd106e42ecc55496a37d7e94ed1ba84284ec45b72e79ea9bc6","377","C:\KICAD_SCRAPE\markdown_10k_clean\eevblog.com-forum-projects-141.md","eevblog.com-forum-projects-141.md","markdown_10k_clean","https://www.eevblog.com/forum/projects/141","eevblog.com","12_forums_peer_review","junk","captcha_page"
"dup_0001","19fa08ef0a6f3bcd106e42ecc55496a37d7e94ed1ba84284ec45b72e79ea9bc6","377","C:\KICAD_SCRAPE\markdown_10k_clean\eevblog.com-forum-projects-142.md","eevblog.com-forum-projects-142.md","markdown_10k_clean","https://www.eevblog.com/forum/projects/142","eevblog.com","12_forums_peer_review","junk","captcha_page"
"dup_0001","19fa08ef0a6f3bcd106e42ecc55496a37d7e94ed1ba84284ec45b72e79ea9bc6","377","C:\KICAD_SCRAPE\markdown_10k_clean\eevblog.com-forum-projects-143.md","eevblog.com-forum-projects-143.md","markdown_10k_clean","https://www.eevblog.com/forum/projects/143","eevblog.com","12_forums_peer_review","junk","captcha_page"
"dup_0001","19fa08ef0a6f3bcd106e42ecc55496a37d7e94ed1ba84284ec45b72e79ea9bc6","377","C:\KICAD_SCRAPE\markdown_10k_clean\eevblog.com-forum-projects-144.md","eevblog.com-forum-projects-144.md","markdown_10k_clean","https://www.eevblog.com/forum/projects/144","eevblog.com","12_forums_peer_review","junk","captcha_page"
"dup_0001","19fa08ef0a6f3bcd106e42ecc55496a37d7e94ed1ba84284ec45b72e79ea9bc6","377","C:\KICAD_SCRAPE\markdown_10k_clean\eevblog.com-forum-projects-145.md","eevblog.com-forum-projects-145.md","markdown_10k_clean","https://www.eevblog.com/forum/projects/145","eevblog.com","12_forums_peer_review","junk","captcha_page"
"dup_0001","19fa08ef0a6f3bcd106e42ecc55496a37d7e94ed1ba84284ec45b72e79ea9bc6","377","C:\KICAD_SCRAPE\markdown_10k_clean\eevblog.com-forum-projects-146.md","eevblog.com-forum-projects-146.md","markdown_10k_clean","https://www.eevblog.com/forum/projects/146","eevblog.com","12_forums_peer_review","junk","captcha_page"
"dup_0001","19fa08ef0a6f3bcd106e42ecc55496a37d7e94ed1ba84284ec45b72e79ea9bc6","377","C:\KICAD_SCRAPE\markdown_10k_clean\eevblog.com-forum-projects-147.md","eevblog.com-forum-projects-147.md","markdown_10k_clean","https://www.eevblog.com/forum/projects/147","eevblog.com","12_forums_peer_review","junk","captcha_page"
"dup_0001","19fa08ef0a6f3bcd106e42ecc55496a37d7e94ed1ba84284ec45b72e79ea9bc6","377","C:\KICAD_SCRAPE\markdown_10k_clean\eevblog.com-forum-projects-148.md","eevblog.com-forum-projects-148.md","markdown_10k_clean","https://www.eevblog.com/forum/projects/148","eevblog.com","12_forums_peer_review","junk","captcha_page"
"dup_0001","19fa08ef0a6f3bcd106e42ecc55496a37d7e94ed1ba84284ec45b72e79ea9bc6","377","C:\KICAD_SCRAPE\markdown_10k_clean\eevblog.com-forum-projects-149.md","eevblog.com-forum-projects-149.md","markdown_10k_clean","https://www.eevblog.com/forum/projects/149","eevblog.com","12_forums_peer_review","junk","captcha_page"
"dup_0001","19fa08ef0a6f3bcd106e42ecc55496a37d7e94ed1ba84284ec45b72e79ea9bc6","377","C:\KICAD_SCRAPE\markdown_10k_clean\eevblog.com-forum-projects-150.md","eevblog.com-forum-projects-150.md","markdown_10k_clean","https://www.eevblog.com/forum/projects/150","eevblog.com","12_forums_peer_review","junk","captcha_page"
"dup_0001","19fa08ef0a6f3bcd106e42ecc55496a37d7e94ed1ba84284ec45b72e79ea9bc6","377","C:\KICAD_SCRAPE\markdown_10k_clean\eevblog.com-forum-projects-151.md","eevblog.com-forum-projects-151.md","markdown_10k_clean","https://www.eevblog.com/forum/projects/151","eevblog.com","12_forums_peer_review","junk","captcha_page"
"dup_0001","19fa08ef0a6f3bcd106e42ecc55496a37d7e94ed1ba84284ec45b72e79ea9bc6","377","C:\KICAD_SCRAPE\markdown_10k_clean\eevblog.com-forum-projects-152.md","eevblog.com-forum-projects-152.md","markdown_10k_clean","https://www.eevblog.com/forum/projects/152","eevblog.com","12_forums_peer_review","junk","captcha_page"
"dup_0001","19fa08ef0a6f3bcd106e42ecc55496a37d7e94ed1ba84284ec45b72e79ea9bc6","377","C:\KICAD_SCRAPE\markdown_10k_clean\eevblog.com-forum-projects-153.md","eevblog.com-forum-projects-153.md","markdown_10k_clean","https://www.eevblog.com/forum/projects/153","eevblog.com","12_forums_peer_review","junk","captcha_page"
"dup_0001","19fa08ef0a6f3bcd106e42ecc55496a37d7e94ed1ba84284ec45b72e79ea9bc6","377","C:\KICAD_SCRAPE\markdown_10k_clean\eevblog.com-forum-projects-154.md","eevblog.com-forum-projects-154.md","markdown_10k_clean","https://www.eevblog.com/forum/projects/154","eevblog.com","12_forums_peer_review","junk","captcha_page"
"dup_0001","19fa08ef0a6f3bcd106e42ecc55496a37d7e94ed1ba84284ec45b72e79ea9bc6","377","C:\KICAD_SCRAPE\markdown_10k_clean\eevblog.com-forum-projects-155.md","eevblog.com-forum-projects-155.md","markdown_10k_clean","https://www.eevblog.com/forum/projects/155","eevblog.com","12_forums_peer_review","junk","captcha_page"
"dup_0001","19fa08ef0a6f3bcd106e42ecc55496a37d7e94ed1ba84284ec45b72e79ea9bc6","377","C:\KICAD_SCRAPE\markdown_10k_clean\eevblog.com-forum-projects-156.md","eevblog.com-forum-projects-156.md","markdown_10k_clean","https://www.eevblog.com/forum/projects/156","eevblog.com","12_forums_peer_review","junk","captcha_page"
"dup_0001","19fa08ef0a6f3bcd106e42ecc55496a37d7e94ed1ba84284ec45b72e79ea9bc6","377","C:\KICAD_SCRAPE\markdown_10k_clean\eevblog.com-forum-projects-157.md","eevblog.com-forum-projects-157.md","markdown_10k_clean","https://www.eevblog.com/forum/projects/157","eevblog.com","12_forums_peer_review","junk","captcha_page"
"dup_0001","19fa08ef0a6f3bcd106e42ecc55496a37d7e94ed1ba84284ec45b72e79ea9bc6","377","C:\KICAD_SCRAPE\markdown_10k_clean\eevblog.com-forum-projects-158.md","eevblog.com-forum-projects-158.md","markdown_10k_clean","https://www.eevblog.com/forum/projects/158","eevblog.com","12_forums_peer_review","junk","captcha_page"
"dup_0001","19fa08ef0a6f3bcd106e42ecc55496a37d7e94ed1ba84284ec45b72e79ea9bc6","377","C:\KICAD_SCRAPE\markdown_10k_clean\eevblog.com-forum-projects-159.md","eevblog.com-forum-projects-159.md","markdown_10k_clean","https://www.eevblog.com/forum/projects/159","eevblog.com","12_forums_peer_review","junk","captcha_page"
"dup_0001","19fa08ef0a6f3bcd106e42ecc55496a37d7e94ed1ba84284ec45b72e79ea9bc6","377","C:\KICAD_SCRAPE\markdown_10k_clean\eevblog.com-forum-projects-160.md","eevblog.com-forum-projects-160.md","markdown_10k_clean","https://www.eevblog.com/forum/projects/160","eevblog.com","12_forums_peer_review","junk","captcha_page"
"dup_0001","19fa08ef0a6f3bcd106e42ecc55496a37d7e94ed1ba84284ec45b72e79ea9bc6","377","C:\KICAD_SCRAPE\markdown_10k_clean\eevblog.com-forum-projects-161.md","eevblog.com-forum-projects-161.md","markdown_10k_clean","https://www.eevblog.com/forum/projects/161","eevblog.com","12_forums_peer_review","junk","captcha_page"
"dup_0001","19fa08ef0a6f3bcd106e42ecc55496a37d7e94ed1ba84284ec45b72e79ea9bc6","377","C:\KICAD_SCRAPE\markdown_10k_clean\eevblog.com-forum-projects-162.md","eevblog.com-forum-projects-162.md","markdown_10k_clean","https://www.eevblog.com/forum/projects/162","eevblog.com","12_forums_peer_review","junk","captcha_page"
"dup_0001","19fa08ef0a6f3bcd106e42ecc55496a37d7e94ed1ba84284ec45b72e79ea9bc6","377","C:\KICAD_SCRAPE\markdown_10k_clean\eevblog.com-forum-projects-163.md","eevblog.com-forum-projects-163.md","markdown_10k_clean","https://www.eevblog.com/forum/projects/163","eevblog.com","12_forums_peer_review","junk","captcha_page"
"dup_0001","19fa08ef0a6f3bcd106e42ecc55496a37d7e94ed1ba84284ec45b72e79ea9bc6","377","C:\KICAD_SCRAPE\markdown_10k_clean\eevblog.com-forum-projects-164.md","eevblog.com-forum-projects-164.md","markdown_10k_clean","https://www.eevblog.com/forum/projects/164","eevblog.com","12_forums_peer_review","junk","captcha_page"
"dup_0001","19fa08ef0a6f3bcd106e42ecc55496a37d7e94ed1ba84284ec45b72e79ea9bc6","377","C:\KICAD_SCRAPE\markdown_10k_clean\eevblog.com-forum-projects-165.md","eevblog.com-forum-projects-165.md","markdown_10k_clean","https://www.eevblog.com/forum/projects/165","eevblog.com","12_forums_peer_review","junk","captcha_page"
"dup_0001","19fa08ef0a6f3bcd106e42ecc55496a37d7e94ed1ba84284ec45b72e79ea9bc6","377","C:\KICAD_SCRAPE\markdown_10k_clean\eevblog.com-forum-projects-166.md","eevblog.com-forum-projects-166.md","markdown_10k_clean","https://www.eevblog.com/forum/projects/166","eevblog.com","12_forums_peer_review","junk","captcha_page"
"dup_0001","19fa08ef0a6f3bcd106e42ecc55496a37d7e94ed1ba84284ec45b72e79ea9bc6","377","C:\KICAD_SCRAPE\markdown_10k_clean\eevblog.com-forum-projects-167.md","eevblog.com-forum-projects-167.md","markdown_10k_clean","https://www.eevblog.com/forum/projects/167","eevblog.com","12_forums_peer_review","junk","captcha_page"
"dup_0001","19fa08ef0a6f3bcd106e42ecc55496a37d7e94ed1ba84284ec45b72e79ea9bc6","377","C:\KICAD_SCRAPE\markdown_10k_clean\eevblog.com-forum-projects-168.md","eevblog.com-forum-projects-168.md","markdown_10k_clean","https://www.eevblog.com/forum/projects/168","eevblog.com","12_forums_peer_review","junk","captcha_page"
"dup_0001","19fa08ef0a6f3bcd106e42ecc55496a37d7e94ed1ba84284ec45b72e79ea9bc6","377","C:\KICAD_SCRAPE\markdown_10k_clean\eevblog.com-forum-projects-169.md","eevblog.com-forum-projects-169.md","markdown_10k_clean","https://www.eevblog.com/forum/projects/169","eevblog.com","12_forums_peer_review","junk","captcha_page"
"dup_0001","19fa08ef0a6f3bcd106e42ecc55496a37d7e94ed1ba84284ec45b72e79ea9bc6","377","C:\KICAD_SCRAPE\markdown_10k_clean\eevblog.com-forum-projects-170.md","eevblog.com-forum-projects-170.md","markdown_10k_clean","https://www.eevblog.com/forum/projects/170","eevblog.com","12_forums_peer_review","junk","captcha_page"
"dup_0001","19fa08ef0a6f3bcd106e42ecc55496a37d7e94ed1ba84284ec45b72e79ea9bc6","377","C:\KICAD_SCRAPE\markdown_10k_clean\eevblog.com-forum-projects-171.md","eevblog.com-forum-projects-171.md","markdown_10k_clean","https://www.eevblog.com/forum/projects/171","eevblog.com","12_forums_peer_review","junk","captcha_page"
"dup_0001","19fa08ef0a6f3bcd106e42ecc55496a37d7e94ed1ba84284ec45b72e79ea9bc6","377","C:\KICAD_SCRAPE\markdown_10k_clean\eevblog.com-forum-projects-172.md","eevblog.com-forum-projects-172.md","markdown_10k_clean","https://www.eevblog.com/forum/projects/172","eevblog.com","12_forums_peer_review","junk","captcha_page"
"dup_0001","19fa08ef0a6f3bcd106e42ecc55496a37d7e94ed1ba84284ec45b72e79ea9bc6","377","C:\KICAD_SCRAPE\markdown_10k_clean\eevblog.com-forum-projects-173.md","eevblog.com-forum-projects-173.md","markdown_10k_clean","https://www.eevblog.com/forum/projects/173","eevblog.com","12_forums_peer_review","junk","captcha_page"
"dup_0001","19fa08ef0a6f3bcd106e42ecc55496a37d7e94ed1ba84284ec45b72e79ea9bc6","377","C:\KICAD_SCRAPE\markdown_10k_clean\eevblog.com-forum-projects-174.md","eevblog.com-forum-projects-174.md","markdown_10k_clean","https://www.eevblog.com/forum/projects/174","eevblog.com","12_forums_peer_review","junk","captcha_page"
"dup_0001","19fa08ef0a6f3bcd106e42ecc55496a37d7e94ed1ba84284ec45b72e79ea9bc6","377","C:\KICAD_SCRAPE\markdown_10k_clean\eevblog.com-forum-projects-175.md","eevblog.com-forum-projects-175.md","markdown_10k_clean","https://www.eevblog.com/forum/projects/175","eevblog.com","12_forums_peer_review","junk","captcha_page"
"dup_0001","19fa08ef0a6f3bcd106e42ecc55496a37d7e94ed1ba84284ec45b72e79ea9bc6","377","C:\KICAD_SCRAPE\markdown_10k_clean\eevblog.com-forum-projects-176.md","eevblog.com-forum-projects-176.md","markdown_10k_clean","https://www.eevblog.com/forum/projects/176","eevblog.com","12_forums_peer_review","junk","captcha_page"
"dup_0001","19fa08ef0a6f3bcd106e42ecc55496a37d7e94ed1ba84284ec45b72e79ea9bc6","377","C:\KICAD_SCRAPE\markdown_10k_clean\eevblog.com-forum-projects-177.md","eevblog.com-forum-projects-177.md","markdown_10k_clean","https://www.eevblog.com/forum/projects/177","eevblog.com","12_forums_peer_review","junk","captcha_page"
"dup_0001","19fa08ef0a6f3bcd106e42ecc55496a37d7e94ed1ba84284ec45b72e79ea9bc6","377","C:\KICAD_SCRAPE\markdown_10k_clean\eevblog.com-forum-projects-178.md","eevblog.com-forum-projects-178.md","markdown_10k_clean","https://www.eevblog.com/forum/projects/178","eevblog.com","12_forums_peer_review","junk","captcha_page"
"dup_0001","19fa08ef0a6f3bcd106e42ecc55496a37d7e94ed1ba84284ec45b72e79ea9bc6","377","C:\KICAD_SCRAPE\markdown_10k_clean\eevblog.com-forum-projects-179.md","eevblog.com-forum-projects-179.md","markdown_10k_clean","https://www.eevblog.com/forum/projects/179","eevblog.com","12_forums_peer_review","junk","captcha_page"
"dup_0001","19fa08ef0a6f3bcd106e42ecc55496a37d7e94ed1ba84284ec45b72e79ea9bc6","377","C:\KICAD_SCRAPE\markdown_10k_clean\eevblog.com-forum-projects-180.md","eevblog.com-forum-projects-180.md","markdown_10k_clean","https://www.eevblog.com/forum/projects/180","eevblog.com","12_forums_peer_review","junk","captcha_page"
"dup_0001","19fa08ef0a6f3bcd106e42ecc55496a37d7e94ed1ba84284ec45b72e79ea9bc6","377","C:\KICAD_SCRAPE\markdown_10k_clean\eevblog.com-forum-projects-181.md","eevblog.com-forum-projects-181.md","markdown_10k_clean","https://www.eevblog.com/forum/projects/181","eevblog.com","12_forums_peer_review","junk","captcha_page"
"dup_0001","19fa08ef0a6f3bcd106e42ecc55496a37d7e94ed1ba84284ec45b72e79ea9bc6","377","C:\KICAD_SCRAPE\markdown_10k_clean\eevblog.com-forum-projects-182.md","eevblog.com-forum-projects-182.md","markdown_10k_clean","https://www.eevblog.com/forum/projects/182","eevblog.com","12_forums_peer_review","junk","captcha_page"
"dup_0001","19fa08ef0a6f3bcd106e42ecc55496a37d7e94ed1ba84284ec45b72e79ea9bc6","377","C:\KICAD_SCRAPE\markdown_10k_clean\eevblog.com-forum-projects-183.md","eevblog.com-forum-projects-183.md","markdown_10k_clean","https://www.eevblog.com/forum/projects/183","eevblog.com","12_forums_peer_review","junk","captcha_page"
"dup_0001","19fa08ef0a6f3bcd106e42ecc55496a37d7e94ed1ba84284ec45b72e79ea9bc6","377","C:\KICAD_SCRAPE\markdown_10k_clean\eevblog.com-forum-projects-184.md","eevblog.com-forum-projects-184.md","markdown_10k_clean","https://www.eevblog.com/forum/projects/184","eevblog.com","12_forums_peer_review","junk","captcha_page"
"dup_0001","19fa08ef0a6f3bcd106e42ecc55496a37d7e94ed1ba84284ec45b72e79ea9bc6","377","C:\KICAD_SCRAPE\markdown_10k_clean\eevblog.com-forum-projects-185.md","eevblog.com-forum-projects-185.md","markdown_10k_clean","https://www.eevblog.com/forum/projects/185","eevblog.com","12_forums_peer_review","junk","captcha_page"
"dup_0001","19fa08ef0a6f3bcd106e42ecc55496a37d7e94ed1ba84284ec45b72e79ea9bc6","377","C:\KICAD_SCRAPE\markdown_10k_clean\eevblog.com-forum-projects-186.md","eevblog.com-forum-projects-186.md","markdown_10k_clean","https://www.eevblog.com/forum/projects/186","eevblog.com","12_forums_peer_review","junk","captcha_page"
"dup_0001","19fa08ef0a6f3bcd106e42ecc55496a37d7e94ed1ba84284ec45b72e79ea9bc6","377","C:\KICAD_SCRAPE\markdown_10k_clean\eevblog.com-forum-projects-187.md","eevblog.com-forum-projects-187.md","markdown_10k_clean","https://www.eevblog.com/forum/projects/187","eevblog.com","12_forums_peer_review","junk","captcha_page"
"dup_0001","19fa08ef0a6f3bcd106e42ecc55496a37d7e94ed1ba84284ec45b72e79ea9bc6","377","C:\KICAD_SCRAPE\markdown_10k_clean\eevblog.com-forum-projects-188.md","eevblog.com-forum-projects-188.md","markdown_10k_clean","https://www.eevblog.com/forum/projects/188","eevblog.com","12_forums_peer_review","junk","captcha_page"
"dup_0001","19fa08ef0a6f3bcd106e42ecc55496a37d7e94ed1ba84284ec45b72e79ea9bc6","377","C:\KICAD_SCRAPE\markdown_10k_clean\eevblog.com-forum-projects-189.md","eevblog.com-forum-projects-189.md","markdown_10k_clean","https://www.eevblog.com/forum/projects/189","eevblog.com","12_forums_peer_review","junk","captcha_page"
"dup_0001","19fa08ef0a6f3bcd106e42ecc55496a37d7e94ed1ba84284ec45b72e79ea9bc6","377","C:\KICAD_SCRAPE\markdown_10k_clean\eevblog.com-forum-projects-190.md","eevblog.com-forum-projects-190.md","markdown_10k_clean","https://www.eevblog.com/forum/projects/190","eevblog.com","12_forums_peer_review","junk","captcha_page"
"dup_0001","19fa08ef0a6f3bcd106e42ecc55496a37d7e94ed1ba84284ec45b72e79ea9bc6","377","C:\KICAD_SCRAPE\markdown_10k_clean\eevblog.com-forum-projects-191.md","eevblog.com-forum-projects-191.md","markdown_10k_clean","https://www.eevblog.com/forum/projects/191","eevblog.com","12_forums_peer_review","junk","captcha_page"
"dup_0001","19fa08ef0a6f3bcd106e42ecc55496a37d7e94ed1ba84284ec45b72e79ea9bc6","377","C:\KICAD_SCRAPE\markdown_10k_clean\eevblog.com-forum-projects-192.md","eevblog.com-forum-projects-192.md","markdown_10k_clean","https://www.eevblog.com/forum/projects/192","eevblog.com","12_forums_peer_review","junk","captcha_page"
"dup_0001","19fa08ef0a6f3bcd106e42ecc55496a37d7e94ed1ba84284ec45b72e79ea9bc6","377","C:\KICAD_SCRAPE\markdown_10k_clean\eevblog.com-forum-projects-193.md","eevblog.com-forum-projects-193.md","markdown_10k_clean","https://www.eevblog.com/forum/projects/193","eevblog.com","12_forums_peer_review","junk","captcha_page"
"dup_0001","19fa08ef0a6f3bcd106e42ecc55496a37d7e94ed1ba84284ec45b72e79ea9bc6","377","C:\KICAD_SCRAPE\markdown_10k_clean\eevblog.com-forum-projects-194.md","eevblog.com-forum-projects-194.md","markdown_10k_clean","https://www.eevblog.com/forum/projects/194","eevblog.com","12_forums_peer_review","junk","captcha_page"
"dup_0001","19fa08ef0a6f3bcd106e42ecc55496a37d7e94ed1ba84284ec45b72e79ea9bc6","377","C:\KICAD_SCRAPE\markdown_10k_clean\eevblog.com-forum-projects-195.md","eevblog.com-forum-projects-195.md","markdown_10k_clean","https://www.eevblog.com/forum/projects/195","eevblog.com","12_forums_peer_review","junk","captcha_page"
"dup_0001","19fa08ef0a6f3bcd106e42ecc55496a37d7e94ed1ba84284ec45b72e79ea9bc6","377","C:\KICAD_SCRAPE\markdown_10k_clean\eevblog.com-forum-projects-196.md","eevblog.com-forum-projects-196.md","markdown_10k_clean","https://www.eevblog.com/forum/projects/196","eevblog.com","12_forums_peer_review","junk","captcha_page"
"dup_0001","19fa08ef0a6f3bcd106e42ecc55496a37d7e94ed1ba84284ec45b72e79ea9bc6","377","C:\KICAD_SCRAPE\markdown_10k_clean\eevblog.com-forum-projects-197.md","eevblog.com-forum-projects-197.md","markdown_10k_clean","https://www.eevblog.com/forum/projects/197","eevblog.com","12_forums_peer_review","junk","captcha_page"
"dup_0001","19fa08ef0a6f3bcd106e42ecc55496a37d7e94ed1ba84284ec45b72e79ea9bc6","377","C:\KICAD_SCRAPE\markdown_10k_clean\eevblog.com-forum-projects-198.md","eevblog.com-forum-projects-198.md","markdown_10k_clean","https://www.eevblog.com/forum/projects/198","eevblog.com","12_forums_peer_review","junk","captcha_page"
"dup_0001","19fa08ef0a6f3bcd106e42ecc55496a37d7e94ed1ba84284ec45b72e79ea9bc6","377","C:\KICAD_SCRAPE\markdown_10k_clean\eevblog.com-forum-projects-199.md","eevblog.com-forum-projects-199.md","markdown_10k_clean","https://www.eevblog.com/forum/projects/199","eevblog.com","12_forums_peer_review","junk","captcha_page"
"dup_0001","19fa08ef0a6f3bcd106e42ecc55496a37d7e94ed1ba84284ec45b72e79ea9bc6","377","C:\KICAD_SCRAPE\markdown_10k_clean\eevblog.com-forum-projects-200.md","eevblog.com-forum-projects-200.md","markdown_10k_clean","https://www.eevblog.com/forum/projects/200","eevblog.com","12_forums_peer_review","junk","captcha_page"
"dup_0001","19fa08ef0a6f3bcd106e42ecc55496a37d7e94ed1ba84284ec45b72e79ea9bc6","377","C:\KICAD_SCRAPE\markdown_10k_clean\eevblog.com-forum-projects-201.md","eevblog.com-forum-projects-201.md","markdown_10k_clean","https://www.eevblog.com/forum/projects/201","eevblog.com","12_forums_peer_review","junk","captcha_page"
"dup_0001","19fa08ef0a6f3bcd106e42ecc55496a37d7e94ed1ba84284ec45b72e79ea9bc6","377","C:\KICAD_SCRAPE\markdown_10k_clean\eevblog.com-forum-projects-202.md","eevblog.com-forum-projects-202.md","markdown_10k_clean","https://www.eevblog.com/forum/projects/202","eevblog.com","12_forums_peer_review","junk","captcha_page"
"dup_0001","19fa08ef0a6f3bcd106e42ecc55496a37d7e94ed1ba84284ec45b72e79ea9bc6","377","C:\KICAD_SCRAPE\markdown_10k_clean\eevblog.com-forum-projects-203.md","eevblog.com-forum-projects-203.md","markdown_10k_clean","https://www.eevblog.com/forum/projects/203","eevblog.com","12_forums_peer_review","junk","captcha_page"
"dup_0001","19fa08ef0a6f3bcd106e42ecc55496a37d7e94ed1ba84284ec45b72e79ea9bc6","377","C:\KICAD_SCRAPE\markdown_10k_clean\eevblog.com-forum-projects-204.md","eevblog.com-forum-projects-204.md","markdown_10k_clean","https://www.eevblog.com/forum/projects/204","eevblog.com","12_forums_peer_review","junk","captcha_page"
"dup_0001","19fa08ef0a6f3bcd106e42ecc55496a37d7e94ed1ba84284ec45b72e79ea9bc6","377","C:\KICAD_SCRAPE\markdown_10k_clean\eevblog.com-forum-projects-205.md","eevblog.com-forum-projects-205.md","markdown_10k_clean","https://www.eevblog.com/forum/projects/205","eevblog.com","12_forums_peer_review","junk","captcha_page"
"dup_0001","19fa08ef0a6f3bcd106e42ecc55496a37d7e94ed1ba84284ec45b72e79ea9bc6","377","C:\KICAD_SCRAPE\markdown_10k_clean\eevblog.com-forum-projects-206.md","eevblog.com-forum-projects-206.md","markdown_10k_clean","https://www.eevblog.com/forum/projects/206","eevblog.com","12_forums_peer_review","junk","captcha_page"
"dup_0001","19fa08ef0a6f3bcd106e42ecc55496a37d7e94ed1ba84284ec45b72e79ea9bc6","377","C:\KICAD_SCRAPE\markdown_10k_clean\eevblog.com-forum-projects-207.md","eevblog.com-forum-projects-207.md","markdown_10k_clean","https://www.eevblog.com/forum/projects/207","eevblog.com","12_forums_peer_review","junk","captcha_page"
"dup_0001","19fa08ef0a6f3bcd106e42ecc55496a37d7e94ed1ba84284ec45b72e79ea9bc6","377","C:\KICAD_SCRAPE\markdown_10k_clean\eevblog.com-forum-projects-208.md","eevblog.com-forum-projects-208.md","markdown_10k_clean","https://www.eevblog.com/forum/projects/208","eevblog.com","12_forums_peer_review","junk","captcha_page"
"dup_0001","19fa08ef0a6f3bcd106e42ecc55496a37d7e94ed1ba84284ec45b72e79ea9bc6","377","C:\KICAD_SCRAPE\markdown_10k_clean\eevblog.com-forum-projects-209.md","eevblog.com-forum-projects-209.md","markdown_10k_clean","https://www.eevblog.com/forum/projects/209","eevblog.com","12_forums_peer_review","junk","captcha_page"
"dup_0001","19fa08ef0a6f3bcd106e42ecc55496a37d7e94ed1ba84284ec45b72e79ea9bc6","377","C:\KICAD_SCRAPE\markdown_10k_clean\eevblog.com-forum-projects-210.md","eevblog.com-forum-projects-210.md","markdown_10k_clean","https://www.eevblog.com/forum/projects/210","eevblog.com","12_forums_peer_review","junk","captcha_page"
"dup_0001","19fa08ef0a6f3bcd106e42ecc55496a37d7e94ed1ba84284ec45b72e79ea9bc6","377","C:\KICAD_SCRAPE\markdown_10k_clean\eevblog.com-forum-projects-211.md","eevblog.com-forum-projects-211.md","markdown_10k_clean","https://www.eevblog.com/forum/projects/211","eevblog.com","12_forums_peer_review","junk","captcha_page"
"dup_0001","19fa08ef0a6f3bcd106e42ecc55496a37d7e94ed1ba84284ec45b72e79ea9bc6","377","C:\KICAD_SCRAPE\markdown_10k_clean\eevblog.com-forum-projects-212.md","eevblog.com-forum-projects-212.md","markdown_10k_clean","https://www.eevblog.com/forum/projects/212","eevblog.com","12_forums_peer_review","junk","captcha_page"
"dup_0001","19fa08ef0a6f3bcd106e42ecc55496a37d7e94ed1ba84284ec45b72e79ea9bc6","377","C:\KICAD_SCRAPE\markdown_10k_clean\eevblog.com-forum-projects-213.md","eevblog.com-forum-projects-213.md","markdown_10k_clean","https://www.eevblog.com/forum/projects/213","eevblog.com","12_forums_peer_review","junk","captcha_page"
"dup_0001","19fa08ef0a6f3bcd106e42ecc55496a37d7e94ed1ba84284ec45b72e79ea9bc6","377","C:\KICAD_SCRAPE\markdown_10k_clean\eevblog.com-forum-projects-214.md","eevblog.com-forum-projects-214.md","markdown_10k_clean","https://www.eevblog.com/forum/projects/214","eevblog.com","12_forums_peer_review","junk","captcha_page"
"dup_0001","19fa08ef0a6f3bcd106e42ecc55496a37d7e94ed1ba84284ec45b72e79ea9bc6","377","C:\KICAD_SCRAPE\markdown_10k_clean\eevblog.com-forum-projects-215.md","eevblog.com-forum-projects-215.md","markdown_10k_clean","https://www.eevblog.com/forum/projects/215","eevblog.com","12_forums_peer_review","junk","captcha_page"
"dup_0001","19fa08ef0a6f3bcd106e42ecc55496a37d7e94ed1ba84284ec45b72e79ea9bc6","377","C:\KICAD_SCRAPE\markdown_10k_clean\eevblog.com-forum-projects-216.md","eevblog.com-forum-projects-216.md","markdown_10k_clean","https://www.eevblog.com/forum/projects/216","eevblog.com","12_forums_peer_review","junk","captcha_page"
"dup_0001","19fa08ef0a6f3bcd106e42ecc55496a37d7e94ed1ba84284ec45b72e79ea9bc6","377","C:\KICAD_SCRAPE\markdown_10k_clean\eevblog.com-forum-projects-217.md","eevblog.com-forum-projects-217.md","markdown_10k_clean","https://www.eevblog.com/forum/projects/217","eevblog.com","12_forums_peer_review","junk","captcha_page"
"dup_0001","19fa08ef0a6f3bcd106e42ecc55496a37d7e94ed1ba84284ec45b72e79ea9bc6","377","C:\KICAD_SCRAPE\markdown_10k_clean\eevblog.com-forum-projects-218.md","eevblog.com-forum-projects-218.md","markdown_10k_clean","https://www.eevblog.com/forum/projects/218","eevblog.com","12_forums_peer_review","junk","captcha_page"
"dup_0001","19fa08ef0a6f3bcd106e42ecc55496a37d7e94ed1ba84284ec45b72e79ea9bc6","377","C:\KICAD_SCRAPE\markdown_10k_clean\eevblog.com-forum-projects-219.md","eevblog.com-forum-projects-219.md","markdown_10k_clean","https://www.eevblog.com/forum/projects/219","eevblog.com","12_forums_peer_review","junk","captcha_page"
"dup_0001","19fa08ef0a6f3bcd106e42ecc55496a37d7e94ed1ba84284ec45b72e79ea9bc6","377","C:\KICAD_SCRAPE\markdown_10k_clean\eevblog.com-forum-projects-220.md","eevblog.com-forum-projects-220.md","markdown_10k_clean","https://www.eevblog.com/forum/projects/220","eevblog.com","12_forums_peer_review","junk","captcha_page"
"dup_0001","19fa08ef0a6f3bcd106e42ecc55496a37d7e94ed1ba84284ec45b72e79ea9bc6","377","C:\KICAD_SCRAPE\markdown_10k_clean\eevblog.com-forum-projects-221.md","eevblog.com-forum-projects-221.md","markdown_10k_clean","https://www.eevblog.com/forum/projects/221","eevblog.com","12_forums_peer_review","junk","captcha_page"
"dup_0001","19fa08ef0a6f3bcd106e42ecc55496a37d7e94ed1ba84284ec45b72e79ea9bc6","377","C:\KICAD_SCRAPE\markdown_10k_clean\eevblog.com-forum-projects-222.md","eevblog.com-forum-projects-222.md","markdown_10k_clean","https://www.eevblog.com/forum/projects/222","eevblog.com","12_forums_peer_review","junk","captcha_page"
"dup_0001","19fa08ef0a6f3bcd106e42ecc55496a37d7e94ed1ba84284ec45b72e79ea9bc6","377","C:\KICAD_SCRAPE\markdown_10k_clean\eevblog.com-forum-projects-223.md","eevblog.com-forum-projects-223.md","markdown_10k_clean","https://www.eevblog.com/forum/projects/223","eevblog.com","12_forums_peer_review","junk","captcha_page"
"dup_0001","19fa08ef0a6f3bcd106e42ecc55496a37d7e94ed1ba84284ec45b72e79ea9bc6","377","C:\KICAD_SCRAPE\markdown_10k_clean\eevblog.com-forum-projects-224.md","eevblog.com-forum-projects-224.md","markdown_10k_clean","https://www.eevblog.com/forum/projects/224","eevblog.com","12_forums_peer_review","junk","captcha_page"
"dup_0001","19fa08ef0a6f3bcd106e42ecc55496a37d7e94ed1ba84284ec45b72e79ea9bc6","377","C:\KICAD_SCRAPE\markdown_10k_clean\eevblog.com-forum-projects-225.md","eevblog.com-forum-projects-225.md","markdown_10k_clean","https://www.eevblog.com/forum/projects/225","eevblog.com","12_forums_peer_review","junk","captcha_page"
"dup_0001","19fa08ef0a6f3bcd106e42ecc55496a37d7e94ed1ba84284ec45b72e79ea9bc6","377","C:\KICAD_SCRAPE\markdown_10k_clean\eevblog.com-forum-projects-226.md","eevblog.com-forum-projects-226.md","markdown_10k_clean","https://www.eevblog.com/forum/projects/226","eevblog.com","12_forums_peer_review","junk","captcha_page"
"dup_0001","19fa08ef0a6f3bcd106e42ecc55496a37d7e94ed1ba84284ec45b72e79ea9bc6","377","C:\KICAD_SCRAPE\markdown_10k_clean\eevblog.com-forum-projects-227.md","eevblog.com-forum-projects-227.md","markdown_10k_clean","https://www.eevblog.com/forum/projects/227","eevblog.com","12_forums_peer_review","junk","captcha_page"
"dup_0001","19fa08ef0a6f3bcd106e42ecc55496a37d7e94ed1ba84284ec45b72e79ea9bc6","377","C:\KICAD_SCRAPE\markdown_10k_clean\eevblog.com-forum-projects-228.md","eevblog.com-forum-projects-228.md","markdown_10k_clean","https://www.eevblog.com/forum/projects/228","eevblog.com","12_forums_peer_review","junk","captcha_page"
"dup_0001","19fa08ef0a6f3bcd106e42ecc55496a37d7e94ed1ba84284ec45b72e79ea9bc6","377","C:\KICAD_SCRAPE\markdown_10k_clean\eevblog.com-forum-projects-229.md","eevblog.com-forum-projects-229.md","markdown_10k_clean","https://www.eevblog.com/forum/projects/229","eevblog.com","12_forums_peer_review","junk","captcha_page"
"dup_0001","19fa08ef0a6f3bcd106e42ecc55496a37d7e94ed1ba84284ec45b72e79ea9bc6","377","C:\KICAD_SCRAPE\markdown_10k_clean\eevblog.com-forum-projects-230.md","eevblog.com-forum-projects-230.md","markdown_10k_clean","https://www.eevblog.com/forum/projects/230","eevblog.com","12_forums_peer_review","junk","captcha_page"
"dup_0001","19fa08ef0a6f3bcd106e42ecc55496a37d7e94ed1ba84284ec45b72e79ea9bc6","377","C:\KICAD_SCRAPE\markdown_10k_clean\eevblog.com-forum-projects-231.md","eevblog.com-forum-projects-231.md","markdown_10k_clean","https://www.eevblog.com/forum/projects/231","eevblog.com","12_forums_peer_review","junk","captcha_page"
"dup_0001","19fa08ef0a6f3bcd106e42ecc55496a37d7e94ed1ba84284ec45b72e79ea9bc6","377","C:\KICAD_SCRAPE\markdown_10k_clean\eevblog.com-forum-projects-232.md","eevblog.com-forum-projects-232.md","markdown_10k_clean","https://www.eevblog.com/forum/projects/232","eevblog.com","12_forums_peer_review","junk","captcha_page"
"dup_0001","19fa08ef0a6f3bcd106e42ecc55496a37d7e94ed1ba84284ec45b72e79ea9bc6","377","C:\KICAD_SCRAPE\markdown_10k_clean\eevblog.com-forum-projects-233.md","eevblog.com-forum-projects-233.md","markdown_10k_clean","https://www.eevblog.com/forum/projects/233","eevblog.com","12_forums_peer_review","junk","captcha_page"
"dup_0001","19fa08ef0a6f3bcd106e42ecc55496a37d7e94ed1ba84284ec45b72e79ea9bc6","377","C:\KICAD_SCRAPE\markdown_10k_clean\eevblog.com-forum-projects-234.md","eevblog.com-forum-projects-234.md","markdown_10k_clean","https://www.eevblog.com/forum/projects/234","eevblog.com","12_forums_peer_review","junk","captcha_page"
"dup_0001","19fa08ef0a6f3bcd106e42ecc55496a37d7e94ed1ba84284ec45b72e79ea9bc6","377","C:\KICAD_SCRAPE\markdown_10k_clean\eevblog.com-forum-projects-235.md","eevblog.com-forum-projects-235.md","markdown_10k_clean","https://www.eevblog.com/forum/projects/235","eevblog.com","12_forums_peer_review","junk","captcha_page"
"dup_0001","19fa08ef0a6f3bcd106e42ecc55496a37d7e94ed1ba84284ec45b72e79ea9bc6","377","C:\KICAD_SCRAPE\markdown_10k_clean\eevblog.com-forum-projects-236.md","eevblog.com-forum-projects-236.md","markdown_10k_clean","https://www.eevblog.com/forum/projects/236","eevblog.com","12_forums_peer_review","junk","captcha_page"
"dup_0001","19fa08ef0a6f3bcd106e42ecc55496a37d7e94ed1ba84284ec45b72e79ea9bc6","377","C:\KICAD_SCRAPE\markdown_10k_clean\eevblog.com-forum-projects-237.md","eevblog.com-forum-projects-237.md","markdown_10k_clean","https://www.eevblog.com/forum/projects/237","eevblog.com","12_forums_peer_review","junk","captcha_page"
"dup_0001","19fa08ef0a6f3bcd106e42ecc55496a37d7e94ed1ba84284ec45b72e79ea9bc6","377","C:\KICAD_SCRAPE\markdown_10k_clean\eevblog.com-forum-projects-238.md","eevblog.com-forum-projects-238.md","markdown_10k_clean","https://www.eevblog.com/forum/projects/238","eevblog.com","12_forums_peer_review","junk","captcha_page"
"dup_0001","19fa08ef0a6f3bcd106e42ecc55496a37d7e94ed1ba84284ec45b72e79ea9bc6","377","C:\KICAD_SCRAPE\markdown_10k_clean\eevblog.com-forum-projects-239.md","eevblog.com-forum-projects-239.md","markdown_10k_clean","https://www.eevblog.com/forum/projects/239","eevblog.com","12_forums_peer_review","junk","captcha_page"
"dup_0001","19fa08ef0a6f3bcd106e42ecc55496a37d7e94ed1ba84284ec45b72e79ea9bc6","377","C:\KICAD_SCRAPE\markdown_10k_clean\eevblog.com-forum-projects-240.md","eevblog.com-forum-projects-240.md","markdown_10k_clean","https://www.eevblog.com/forum/projects/240","eevblog.com","12_forums_peer_review","junk","captcha_page"
"dup_0001","19fa08ef0a6f3bcd106e42ecc55496a37d7e94ed1ba84284ec45b72e79ea9bc6","377","C:\KICAD_SCRAPE\markdown_10k_clean\eevblog.com-forum-projects-241.md","eevblog.com-forum-projects-241.md","markdown_10k_clean","https://www.eevblog.com/forum/projects/241","eevblog.com","12_forums_peer_review","junk","captcha_page"
"dup_0001","19fa08ef0a6f3bcd106e42ecc55496a37d7e94ed1ba84284ec45b72e79ea9bc6","377","C:\KICAD_SCRAPE\markdown_10k_clean\eevblog.com-forum-projects-242.md","eevblog.com-forum-projects-242.md","markdown_10k_clean","https://www.eevblog.com/forum/projects/242","eevblog.com","12_forums_peer_review","junk","captcha_page"
"dup_0001","19fa08ef0a6f3bcd106e42ecc55496a37d7e94ed1ba84284ec45b72e79ea9bc6","377","C:\KICAD_SCRAPE\markdown_10k_clean\eevblog.com-forum-projects-243.md","eevblog.com-forum-projects-243.md","markdown_10k_clean","https://www.eevblog.com/forum/projects/243","eevblog.com","12_forums_peer_review","junk","captcha_page"
"dup_0001","19fa08ef0a6f3bcd106e42ecc55496a37d7e94ed1ba84284ec45b72e79ea9bc6","377","C:\KICAD_SCRAPE\markdown_10k_clean\eevblog.com-forum-projects-244.md","eevblog.com-forum-projects-244.md","markdown_10k_clean","https://www.eevblog.com/forum/projects/244","eevblog.com","12_forums_peer_review","junk","captcha_page"
"dup_0001","19fa08ef0a6f3bcd106e42ecc55496a37d7e94ed1ba84284ec45b72e79ea9bc6","377","C:\KICAD_SCRAPE\markdown_10k_clean\eevblog.com-forum-projects-245.md","eevblog.com-forum-projects-245.md","markdown_10k_clean","https://www.eevblog.com/forum/projects/245","eevblog.com","12_forums_peer_review","junk","captcha_page"
"dup_0001","19fa08ef0a6f3bcd106e42ecc55496a37d7e94ed1ba84284ec45b72e79ea9bc6","377","C:\KICAD_SCRAPE\markdown_10k_clean\eevblog.com-forum-projects-246.md","eevblog.com-forum-projects-246.md","markdown_10k_clean","https://www.eevblog.com/forum/projects/246","eevblog.com","12_forums_peer_review","junk","captcha_page"
"dup_0001","19fa08ef0a6f3bcd106e42ecc55496a37d7e94ed1ba84284ec45b72e79ea9bc6","377","C:\KICAD_SCRAPE\markdown_10k_clean\eevblog.com-forum-projects-247.md","eevblog.com-forum-projects-247.md","markdown_10k_clean","https://www.eevblog.com/forum/projects/247","eevblog.com","12_forums_peer_review","junk","captcha_page"
"dup_0001","19fa08ef0a6f3bcd106e42ecc55496a37d7e94ed1ba84284ec45b72e79ea9bc6","377","C:\KICAD_SCRAPE\markdown_10k_clean\eevblog.com-forum-projects-248.md","eevblog.com-forum-projects-248.md","markdown_10k_clean","https://www.eevblog.com/forum/projects/248","eevblog.com","12_forums_peer_review","junk","captcha_page"
"dup_0001","19fa08ef0a6f3bcd106e42ecc55496a37d7e94ed1ba84284ec45b72e79ea9bc6","377","C:\KICAD_SCRAPE\markdown_10k_clean\eevblog.com-forum-projects-249.md","eevblog.com-forum-projects-249.md","markdown_10k_clean","https://www.eevblog.com/forum/projects/249","eevblog.com","12_forums_peer_review","junk","captcha_page"
"dup_0001","19fa08ef0a6f3bcd106e42ecc55496a37d7e94ed1ba84284ec45b72e79ea9bc6","377","C:\KICAD_SCRAPE\markdown_10k_clean\eevblog.com-forum-projects-250.md","eevblog.com-forum-projects-250.md","markdown_10k_clean","https://www.eevblog.com/forum/projects/250","eevblog.com","12_forums_peer_review","junk","captcha_page"
"dup_0001","19fa08ef0a6f3bcd106e42ecc55496a37d7e94ed1ba84284ec45b72e79ea9bc6","377","C:\KICAD_SCRAPE\markdown_10k_clean\eevblog.com-forum-projects-251.md","eevblog.com-forum-projects-251.md","markdown_10k_clean","https://www.eevblog.com/forum/projects/251","eevblog.com","12_forums_peer_review","junk","captcha_page"
"dup_0001","19fa08ef0a6f3bcd106e42ecc55496a37d7e94ed1ba84284ec45b72e79ea9bc6","377","C:\KICAD_SCRAPE\markdown_10k_clean\eevblog.com-forum-projects-252.md","eevblog.com-forum-projects-252.md","markdown_10k_clean","https://www.eevblog.com/forum/projects/252","eevblog.com","12_forums_peer_review","junk","captcha_page"
"dup_0001","19fa08ef0a6f3bcd106e42ecc55496a37d7e94ed1ba84284ec45b72e79ea9bc6","377","C:\KICAD_SCRAPE\markdown_10k_clean\eevblog.com-forum-projects-253.md","eevblog.com-forum-projects-253.md","markdown_10k_clean","https://www.eevblog.com/forum/projects/253","eevblog.com","12_forums_peer_review","junk","captcha_page"
"dup_0001","19fa08ef0a6f3bcd106e42ecc55496a37d7e94ed1ba84284ec45b72e79ea9bc6","377","C:\KICAD_SCRAPE\markdown_10k_clean\eevblog.com-forum-projects-254.md","eevblog.com-forum-projects-254.md","markdown_10k_clean","https://www.eevblog.com/forum/projects/254","eevblog.com","12_forums_peer_review","junk","captcha_page"
"dup_0001","19fa08ef0a6f3bcd106e42ecc55496a37d7e94ed1ba84284ec45b72e79ea9bc6","377","C:\KICAD_SCRAPE\markdown_10k_clean\eevblog.com-forum-projects-255.md","eevblog.com-forum-projects-255.md","markdown_10k_clean","https://www.eevblog.com/forum/projects/255","eevblog.com","12_forums_peer_review","junk","captcha_page"
"dup_0001","19fa08ef0a6f3bcd106e42ecc55496a37d7e94ed1ba84284ec45b72e79ea9bc6","377","C:\KICAD_SCRAPE\markdown_10k_clean\eevblog.com-forum-projects-256.md","eevblog.com-forum-projects-256.md","markdown_10k_clean","https://www.eevblog.com/forum/projects/256","eevblog.com","12_forums_peer_review","junk","captcha_page"
"dup_0001","19fa08ef0a6f3bcd106e42ecc55496a37d7e94ed1ba84284ec45b72e79ea9bc6","377","C:\KICAD_SCRAPE\markdown_10k_clean\eevblog.com-forum-projects-257.md","eevblog.com-forum-projects-257.md","markdown_10k_clean","https://www.eevblog.com/forum/projects/257","eevblog.com","12_forums_peer_review","junk","captcha_page"
"dup_0001","19fa08ef0a6f3bcd106e42ecc55496a37d7e94ed1ba84284ec45b72e79ea9bc6","377","C:\KICAD_SCRAPE\markdown_10k_clean\eevblog.com-forum-projects-258.md","eevblog.com-forum-projects-258.md","markdown_10k_clean","https://www.eevblog.com/forum/projects/258","eevblog.com","12_forums_peer_review","junk","captcha_page"
"dup_0001","19fa08ef0a6f3bcd106e42ecc55496a37d7e94ed1ba84284ec45b72e79ea9bc6","377","C:\KICAD_SCRAPE\markdown_10k_clean\eevblog.com-forum-projects-259.md","eevblog.com-forum-projects-259.md","markdown_10k_clean","https://www.eevblog.com/forum/projects/259","eevblog.com","12_forums_peer_review","junk","captcha_page"
"dup_0001","19fa08ef0a6f3bcd106e42ecc55496a37d7e94ed1ba84284ec45b72e79ea9bc6","377","C:\KICAD_SCRAPE\markdown_10k_clean\eevblog.com-forum-projects-260.md","eevblog.com-forum-projects-260.md","markdown_10k_clean","https://www.eevblog.com/forum/projects/260","eevblog.com","12_forums_peer_review","junk","captcha_page"
"dup_0001","19fa08ef0a6f3bcd106e42ecc55496a37d7e94ed1ba84284ec45b72e79ea9bc6","377","C:\KICAD_SCRAPE\markdown_10k_clean\eevblog.com-forum-projects-261.md","eevblog.com-forum-projects-261.md","markdown_10k_clean","https://www.eevblog.com/forum/projects/261","eevblog.com","12_forums_peer_review","junk","captcha_page"
"dup_0001","19fa08ef0a6f3bcd106e42ecc55496a37d7e94ed1ba84284ec45b72e79ea9bc6","377","C:\KICAD_SCRAPE\markdown_10k_clean\eevblog.com-forum-projects-262.md","eevblog.com-forum-projects-262.md","markdown_10k_clean","https://www.eevblog.com/forum/projects/262","eevblog.com","12_forums_peer_review","junk","captcha_page"
"dup_0001","19fa08ef0a6f3bcd106e42ecc55496a37d7e94ed1ba84284ec45b72e79ea9bc6","377","C:\KICAD_SCRAPE\markdown_10k_clean\eevblog.com-forum-projects-263.md","eevblog.com-forum-projects-263.md","markdown_10k_clean","https://www.eevblog.com/forum/projects/263","eevblog.com","12_forums_peer_review","junk","captcha_page"
"dup_0001","19fa08ef0a6f3bcd106e42ecc55496a37d7e94ed1ba84284ec45b72e79ea9bc6","377","C:\KICAD_SCRAPE\markdown_10k_clean\eevblog.com-forum-projects-264.md","eevblog.com-forum-projects-264.md","markdown_10k_clean","https://www.eevblog.com/forum/projects/264","eevblog.com","12_forums_peer_review","junk","captcha_page"
"dup_0001","19fa08ef0a6f3bcd106e42ecc55496a37d7e94ed1ba84284ec45b72e79ea9bc6","377","C:\KICAD_SCRAPE\markdown_10k_clean\eevblog.com-forum-projects-265.md","eevblog.com-forum-projects-265.md","markdown_10k_clean","https://www.eevblog.com/forum/projects/265","eevblog.com","12_forums_peer_review","junk","captcha_page"
"dup_0001","19fa08ef0a6f3bcd106e42ecc55496a37d7e94ed1ba84284ec45b72e79ea9bc6","377","C:\KICAD_SCRAPE\markdown_10k_clean\eevblog.com-forum-projects-266.md","eevblog.com-forum-projects-266.md","markdown_10k_clean","https://www.eevblog.com/forum/projects/266","eevblog.com","12_forums_peer_review","junk","captcha_page"
"dup_0001","19fa08ef0a6f3bcd106e42ecc55496a37d7e94ed1ba84284ec45b72e79ea9bc6","377","C:\KICAD_SCRAPE\markdown_10k_clean\eevblog.com-forum-projects-267.md","eevblog.com-forum-projects-267.md","markdown_10k_clean","https://www.eevblog.com/forum/projects/267","eevblog.com","12_forums_peer_review","junk","captcha_page"
"dup_0001","19fa08ef0a6f3bcd106e42ecc55496a37d7e94ed1ba84284ec45b72e79ea9bc6","377","C:\KICAD_SCRAPE\markdown_10k_clean\eevblog.com-forum-projects-268.md","eevblog.com-forum-projects-268.md","markdown_10k_clean","https://www.eevblog.com/forum/projects/268","eevblog.com","12_forums_peer_review","junk","captcha_page"
"dup_0001","19fa08ef0a6f3bcd106e42ecc55496a37d7e94ed1ba84284ec45b72e79ea9bc6","377","C:\KICAD_SCRAPE\markdown_10k_clean\eevblog.com-forum-projects-269.md","eevblog.com-forum-projects-269.md","markdown_10k_clean","https://www.eevblog.com/forum/projects/269","eevblog.com","12_forums_peer_review","junk","captcha_page"
"dup_0001","19fa08ef0a6f3bcd106e42ecc55496a37d7e94ed1ba84284ec45b72e79ea9bc6","377","C:\KICAD_SCRAPE\markdown_10k_clean\eevblog.com-forum-projects-270.md","eevblog.com-forum-projects-270.md","markdown_10k_clean","https://www.eevblog.com/forum/projects/270","eevblog.com","12_forums_peer_review","junk","captcha_page"
"dup_0001","19fa08ef0a6f3bcd106e42ecc55496a37d7e94ed1ba84284ec45b72e79ea9bc6","377","C:\KICAD_SCRAPE\markdown_10k_clean\eevblog.com-forum-projects-271.md","eevblog.com-forum-projects-271.md","markdown_10k_clean","https://www.eevblog.com/forum/projects/271","eevblog.com","12_forums_peer_review","junk","captcha_page"
"dup_0001","19fa08ef0a6f3bcd106e42ecc55496a37d7e94ed1ba84284ec45b72e79ea9bc6","377","C:\KICAD_SCRAPE\markdown_10k_clean\eevblog.com-forum-projects-272.md","eevblog.com-forum-projects-272.md","markdown_10k_clean","https://www.eevblog.com/forum/projects/272","eevblog.com","12_forums_peer_review","junk","captcha_page"
"dup_0001","19fa08ef0a6f3bcd106e42ecc55496a37d7e94ed1ba84284ec45b72e79ea9bc6","377","C:\KICAD_SCRAPE\markdown_10k_clean\eevblog.com-forum-projects-273.md","eevblog.com-forum-projects-273.md","markdown_10k_clean","https://www.eevblog.com/forum/projects/273","eevblog.com","12_forums_peer_review","junk","captcha_page"
"dup_0001","19fa08ef0a6f3bcd106e42ecc55496a37d7e94ed1ba84284ec45b72e79ea9bc6","377","C:\KICAD_SCRAPE\markdown_10k_clean\eevblog.com-forum-projects-274.md","eevblog.com-forum-projects-274.md","markdown_10k_clean","https://www.eevblog.com/forum/projects/274","eevblog.com","12_forums_peer_review","junk","captcha_page"
"dup_0001","19fa08ef0a6f3bcd106e42ecc55496a37d7e94ed1ba84284ec45b72e79ea9bc6","377","C:\KICAD_SCRAPE\markdown_10k_clean\eevblog.com-forum-projects-275.md","eevblog.com-forum-projects-275.md","markdown_10k_clean","https://www.eevblog.com/forum/projects/275","eevblog.com","12_forums_peer_review","junk","captcha_page"
"dup_0001","19fa08ef0a6f3bcd106e42ecc55496a37d7e94ed1ba84284ec45b72e79ea9bc6","377","C:\KICAD_SCRAPE\markdown_10k_clean\eevblog.com-forum-projects-276.md","eevblog.com-forum-projects-276.md","markdown_10k_clean","https://www.eevblog.com/forum/projects/276","eevblog.com","12_forums_peer_review","junk","captcha_page"
"dup_0001","19fa08ef0a6f3bcd106e42ecc55496a37d7e94ed1ba84284ec45b72e79ea9bc6","377","C:\KICAD_SCRAPE\markdown_10k_clean\eevblog.com-forum-projects-277.md","eevblog.com-forum-projects-277.md","markdown_10k_clean","https://www.eevblog.com/forum/projects/277","eevblog.com","12_forums_peer_review","junk","captcha_page"
"dup_0001","19fa08ef0a6f3bcd106e42ecc55496a37d7e94ed1ba84284ec45b72e79ea9bc6","377","C:\KICAD_SCRAPE\markdown_10k_clean\eevblog.com-forum-projects-278.md","eevblog.com-forum-projects-278.md","markdown_10k_clean","https://www.eevblog.com/forum/projects/278","eevblog.com","12_forums_peer_review","junk","captcha_page"
"dup_0001","19fa08ef0a6f3bcd106e42ecc55496a37d7e94ed1ba84284ec45b72e79ea9bc6","377","C:\KICAD_SCRAPE\markdown_10k_clean\eevblog.com-forum-projects-279.md","eevblog.com-forum-projects-279.md","markdown_10k_clean","https://www.eevblog.com/forum/projects/279","eevblog.com","12_forums_peer_review","junk","captcha_page"
"dup_0001","19fa08ef0a6f3bcd106e42ecc55496a37d7e94ed1ba84284ec45b72e79ea9bc6","377","C:\KICAD_SCRAPE\markdown_10k_clean\eevblog.com-forum-projects-280.md","eevblog.com-forum-projects-280.md","markdown_10k_clean","https://www.eevblog.com/forum/projects/280","eevblog.com","12_forums_peer_review","junk","captcha_page"
"dup_0001","19fa08ef0a6f3bcd106e42ecc55496a37d7e94ed1ba84284ec45b72e79ea9bc6","377","C:\KICAD_SCRAPE\markdown_10k_clean\eevblog.com-forum-projects-281.md","eevblog.com-forum-projects-281.md","markdown_10k_clean","https://www.eevblog.com/forum/projects/281","eevblog.com","12_forums_peer_review","junk","captcha_page"
"dup_0001","19fa08ef0a6f3bcd106e42ecc55496a37d7e94ed1ba84284ec45b72e79ea9bc6","377","C:\KICAD_SCRAPE\markdown_10k_clean\eevblog.com-forum-projects-282.md","eevblog.com-forum-projects-282.md","markdown_10k_clean","https://www.eevblog.com/forum/projects/282","eevblog.com","12_forums_peer_review","junk","captcha_page"
"dup_0001","19fa08ef0a6f3bcd106e42ecc55496a37d7e94ed1ba84284ec45b72e79ea9bc6","377","C:\KICAD_SCRAPE\markdown_10k_clean\eevblog.com-forum-projects-283.md","eevblog.com-forum-projects-283.md","markdown_10k_clean","https://www.eevblog.com/forum/projects/283","eevblog.com","12_forums_peer_review","junk","captcha_page"
"dup_0001","19fa08ef0a6f3bcd106e42ecc55496a37d7e94ed1ba84284ec45b72e79ea9bc6","377","C:\KICAD_SCRAPE\markdown_10k_clean\eevblog.com-forum-projects-284.md","eevblog.com-forum-projects-284.md","markdown_10k_clean","https://www.eevblog.com/forum/projects/284","eevblog.com","12_forums_peer_review","junk","captcha_page"
"dup_0001","19fa08ef0a6f3bcd106e42ecc55496a37d7e94ed1ba84284ec45b72e79ea9bc6","377","C:\KICAD_SCRAPE\markdown_10k_clean\eevblog.com-forum-projects-285.md","eevblog.com-forum-projects-285.md","markdown_10k_clean","https://www.eevblog.com/forum/projects/285","eevblog.com","12_forums_peer_review","junk","captcha_page"
"dup_0001","19fa08ef0a6f3bcd106e42ecc55496a37d7e94ed1ba84284ec45b72e79ea9bc6","377","C:\KICAD_SCRAPE\markdown_10k_clean\eevblog.com-forum-projects-286.md","eevblog.com-forum-projects-286.md","markdown_10k_clean","https://www.eevblog.com/forum/projects/286","eevblog.com","12_forums_peer_review","junk","captcha_page"
"dup_0001","19fa08ef0a6f3bcd106e42ecc55496a37d7e94ed1ba84284ec45b72e79ea9bc6","377","C:\KICAD_SCRAPE\markdown_10k_clean\eevblog.com-forum-projects-287.md","eevblog.com-forum-projects-287.md","markdown_10k_clean","https://www.eevblog.com/forum/projects/287","eevblog.com","12_forums_peer_review","junk","captcha_page"
"dup_0001","19fa08ef0a6f3bcd106e42ecc55496a37d7e94ed1ba84284ec45b72e79ea9bc6","377","C:\KICAD_SCRAPE\markdown_10k_clean\eevblog.com-forum-projects-288.md","eevblog.com-forum-projects-288.md","markdown_10k_clean","https://www.eevblog.com/forum/projects/288","eevblog.com","12_forums_peer_review","junk","captcha_page"
"dup_0001","19fa08ef0a6f3bcd106e42ecc55496a37d7e94ed1ba84284ec45b72e79ea9bc6","377","C:\KICAD_SCRAPE\markdown_10k_clean\eevblog.com-forum-projects-289.md","eevblog.com-forum-projects-289.md","markdown_10k_clean","https://www.eevblog.com/forum/projects/289","eevblog.com","12_forums_peer_review","junk","captcha_page"
"dup_0001","19fa08ef0a6f3bcd106e42ecc55496a37d7e94ed1ba84284ec45b72e79ea9bc6","377","C:\KICAD_SCRAPE\markdown_10k_clean\eevblog.com-forum-projects-290.md","eevblog.com-forum-projects-290.md","markdown_10k_clean","https://www.eevblog.com/forum/projects/290","eevblog.com","12_forums_peer_review","junk","captcha_page"
"dup_0001","19fa08ef0a6f3bcd106e42ecc55496a37d7e94ed1ba84284ec45b72e79ea9bc6","377","C:\KICAD_SCRAPE\markdown_10k_clean\eevblog.com-forum-projects-291.md","eevblog.com-forum-projects-291.md","markdown_10k_clean","https://www.eevblog.com/forum/projects/291","eevblog.com","12_forums_peer_review","junk","captcha_page"
"dup_0001","19fa08ef0a6f3bcd106e42ecc55496a37d7e94ed1ba84284ec45b72e79ea9bc6","377","C:\KICAD_SCRAPE\markdown_10k_clean\eevblog.com-forum-projects-292.md","eevblog.com-forum-projects-292.md","markdown_10k_clean","https://www.eevblog.com/forum/projects/292","eevblog.com","12_forums_peer_review","junk","captcha_page"
"dup_0001","19fa08ef0a6f3bcd106e42ecc55496a37d7e94ed1ba84284ec45b72e79ea9bc6","377","C:\KICAD_SCRAPE\markdown_10k_clean\eevblog.com-forum-projects-293.md","eevblog.com-forum-projects-293.md","markdown_10k_clean","https://www.eevblog.com/forum/projects/293","eevblog.com","12_forums_peer_review","junk","captcha_page"
"dup_0001","19fa08ef0a6f3bcd106e42ecc55496a37d7e94ed1ba84284ec45b72e79ea9bc6","377","C:\KICAD_SCRAPE\markdown_10k_clean\eevblog.com-forum-projects-294.md","eevblog.com-forum-projects-294.md","markdown_10k_clean","https://www.eevblog.com/forum/projects/294","eevblog.com","12_forums_peer_review","junk","captcha_page"
"dup_0001","19fa08ef0a6f3bcd106e42ecc55496a37d7e94ed1ba84284ec45b72e79ea9bc6","377","C:\KICAD_SCRAPE\markdown_10k_clean\eevblog.com-forum-projects-295.md","eevblog.com-forum-projects-295.md","markdown_10k_clean","https://www.eevblog.com/forum/projects/295","eevblog.com","12_forums_peer_review","junk","captcha_page"
"dup_0001","19fa08ef0a6f3bcd106e42ecc55496a37d7e94ed1ba84284ec45b72e79ea9bc6","377","C:\KICAD_SCRAPE\markdown_10k_clean\eevblog.com-forum-projects-296.md","eevblog.com-forum-projects-296.md","markdown_10k_clean","https://www.eevblog.com/forum/projects/296","eevblog.com","12_forums_peer_review","junk","captcha_page"
"dup_0001","19fa08ef0a6f3bcd106e42ecc55496a37d7e94ed1ba84284ec45b72e79ea9bc6","377","C:\KICAD_SCRAPE\markdown_10k_clean\eevblog.com-forum-projects-297.md","eevblog.com-forum-projects-297.md","markdown_10k_clean","https://www.eevblog.com/forum/projects/297","eevblog.com","12_forums_peer_review","junk","captcha_page"
"dup_0001","19fa08ef0a6f3bcd106e42ecc55496a37d7e94ed1ba84284ec45b72e79ea9bc6","377","C:\KICAD_SCRAPE\markdown_10k_clean\eevblog.com-forum-projects-298.md","eevblog.com-forum-projects-298.md","markdown_10k_clean","https://www.eevblog.com/forum/projects/298","eevblog.com","12_forums_peer_review","junk","captcha_page"
"dup_0001","19fa08ef0a6f3bcd106e42ecc55496a37d7e94ed1ba84284ec45b72e79ea9bc6","377","C:\KICAD_SCRAPE\markdown_10k_clean\eevblog.com-forum-projects-299.md","eevblog.com-forum-projects-299.md","markdown_10k_clean","https://www.eevblog.com/forum/projects/299","eevblog.com","12_forums_peer_review","junk","captcha_page"
"dup_0001","19fa08ef0a6f3bcd106e42ecc55496a37d7e94ed1ba84284ec45b72e79ea9bc6","377","C:\KICAD_SCRAPE\markdown_10k_clean\eevblog.com-forum-projects-300.md","eevblog.com-forum-projects-300.md","markdown_10k_clean","https://www.eevblog.com/forum/projects/300","eevblog.com","12_forums_peer_review","junk","captcha_page"
"dup_0001","19fa08ef0a6f3bcd106e42ecc55496a37d7e94ed1ba84284ec45b72e79ea9bc6","377","C:\KICAD_SCRAPE\markdown_10k_clean\eevblog.com-forum-projects-301.md","eevblog.com-forum-projects-301.md","markdown_10k_clean","https://www.eevblog.com/forum/projects/301","eevblog.com","12_forums_peer_review","junk","captcha_page"
"dup_0001","19fa08ef0a6f3bcd106e42ecc55496a37d7e94ed1ba84284ec45b72e79ea9bc6","377","C:\KICAD_SCRAPE\markdown_10k_clean\eevblog.com-forum-projects-302.md","eevblog.com-forum-projects-302.md","markdown_10k_clean","https://www.eevblog.com/forum/projects/302","eevblog.com","12_forums_peer_review","junk","captcha_page"
"dup_0001","19fa08ef0a6f3bcd106e42ecc55496a37d7e94ed1ba84284ec45b72e79ea9bc6","377","C:\KICAD_SCRAPE\markdown_10k_clean\eevblog.com-forum-projects-303.md","eevblog.com-forum-projects-303.md","markdown_10k_clean","https://www.eevblog.com/forum/projects/303","eevblog.com","12_forums_peer_review","junk","captcha_page"
"dup_0001","19fa08ef0a6f3bcd106e42ecc55496a37d7e94ed1ba84284ec45b72e79ea9bc6","377","C:\KICAD_SCRAPE\markdown_10k_clean\eevblog.com-forum-projects-304.md","eevblog.com-forum-projects-304.md","markdown_10k_clean","https://www.eevblog.com/forum/projects/304","eevblog.com","12_forums_peer_review","junk","captcha_page"
"dup_0001","19fa08ef0a6f3bcd106e42ecc55496a37d7e94ed1ba84284ec45b72e79ea9bc6","377","C:\KICAD_SCRAPE\markdown_10k_clean\eevblog.com-forum-projects-305.md","eevblog.com-forum-projects-305.md","markdown_10k_clean","https://www.eevblog.com/forum/projects/305","eevblog.com","12_forums_peer_review","junk","captcha_page"
"dup_0001","19fa08ef0a6f3bcd106e42ecc55496a37d7e94ed1ba84284ec45b72e79ea9bc6","377","C:\KICAD_SCRAPE\markdown_10k_clean\eevblog.com-forum-projects-306.md","eevblog.com-forum-projects-306.md","markdown_10k_clean","https://www.eevblog.com/forum/projects/306","eevblog.com","12_forums_peer_review","junk","captcha_page"
"dup_0001","19fa08ef0a6f3bcd106e42ecc55496a37d7e94ed1ba84284ec45b72e79ea9bc6","377","C:\KICAD_SCRAPE\markdown_10k_clean\eevblog.com-forum-projects-307.md","eevblog.com-forum-projects-307.md","markdown_10k_clean","https://www.eevblog.com/forum/projects/307","eevblog.com","12_forums_peer_review","junk","captcha_page"
"dup_0001","19fa08ef0a6f3bcd106e42ecc55496a37d7e94ed1ba84284ec45b72e79ea9bc6","377","C:\KICAD_SCRAPE\markdown_10k_clean\eevblog.com-forum-projects-308.md","eevblog.com-forum-projects-308.md","markdown_10k_clean","https://www.eevblog.com/forum/projects/308","eevblog.com","12_forums_peer_review","junk","captcha_page"
"dup_0001","19fa08ef0a6f3bcd106e42ecc55496a37d7e94ed1ba84284ec45b72e79ea9bc6","377","C:\KICAD_SCRAPE\markdown_10k_clean\eevblog.com-forum-projects-309.md","eevblog.com-forum-projects-309.md","markdown_10k_clean","https://www.eevblog.com/forum/projects/309","eevblog.com","12_forums_peer_review","junk","captcha_page"
"dup_0001","19fa08ef0a6f3bcd106e42ecc55496a37d7e94ed1ba84284ec45b72e79ea9bc6","377","C:\KICAD_SCRAPE\markdown_10k_clean\eevblog.com-forum-projects-310.md","eevblog.com-forum-projects-310.md","markdown_10k_clean","https://www.eevblog.com/forum/projects/310","eevblog.com","12_forums_peer_review","junk","captcha_page"
"dup_0001","19fa08ef0a6f3bcd106e42ecc55496a37d7e94ed1ba84284ec45b72e79ea9bc6","377","C:\KICAD_SCRAPE\markdown_10k_clean\eevblog.com-forum-projects-311.md","eevblog.com-forum-projects-311.md","markdown_10k_clean","https://www.eevblog.com/forum/projects/311","eevblog.com","12_forums_peer_review","junk","captcha_page"
"dup_0001","19fa08ef0a6f3bcd106e42ecc55496a37d7e94ed1ba84284ec45b72e79ea9bc6","377","C:\KICAD_SCRAPE\markdown_10k_clean\eevblog.com-forum-projects-312.md","eevblog.com-forum-projects-312.md","markdown_10k_clean","https://www.eevblog.com/forum/projects/312","eevblog.com","12_forums_peer_review","junk","captcha_page"
"dup_0001","19fa08ef0a6f3bcd106e42ecc55496a37d7e94ed1ba84284ec45b72e79ea9bc6","377","C:\KICAD_SCRAPE\markdown_10k_clean\eevblog.com-forum-projects-313.md","eevblog.com-forum-projects-313.md","markdown_10k_clean","https://www.eevblog.com/forum/projects/313","eevblog.com","12_forums_peer_review","junk","captcha_page"
"dup_0001","19fa08ef0a6f3bcd106e42ecc55496a37d7e94ed1ba84284ec45b72e79ea9bc6","377","C:\KICAD_SCRAPE\markdown_10k_clean\eevblog.com-forum-projects-314.md","eevblog.com-forum-projects-314.md","markdown_10k_clean","https://www.eevblog.com/forum/projects/314","eevblog.com","12_forums_peer_review","junk","captcha_page"
"dup_0001","19fa08ef0a6f3bcd106e42ecc55496a37d7e94ed1ba84284ec45b72e79ea9bc6","377","C:\KICAD_SCRAPE\markdown_10k_clean\eevblog.com-forum-projects-315.md","eevblog.com-forum-projects-315.md","markdown_10k_clean","https://www.eevblog.com/forum/projects/315","eevblog.com","12_forums_peer_review","junk","captcha_page"
"dup_0001","19fa08ef0a6f3bcd106e42ecc55496a37d7e94ed1ba84284ec45b72e79ea9bc6","377","C:\KICAD_SCRAPE\markdown_10k_clean\eevblog.com-forum-projects-316.md","eevblog.com-forum-projects-316.md","markdown_10k_clean","https://www.eevblog.com/forum/projects/316","eevblog.com","12_forums_peer_review","junk","captcha_page"
"dup_0001","19fa08ef0a6f3bcd106e42ecc55496a37d7e94ed1ba84284ec45b72e79ea9bc6","377","C:\KICAD_SCRAPE\markdown_10k_clean\eevblog.com-forum-projects-317.md","eevblog.com-forum-projects-317.md","markdown_10k_clean","https://www.eevblog.com/forum/projects/317","eevblog.com","12_forums_peer_review","junk","captcha_page"
"dup_0001","19fa08ef0a6f3bcd106e42ecc55496a37d7e94ed1ba84284ec45b72e79ea9bc6","377","C:\KICAD_SCRAPE\markdown_10k_clean\eevblog.com-forum-projects-318.md","eevblog.com-forum-projects-318.md","markdown_10k_clean","https://www.eevblog.com/forum/projects/318","eevblog.com","12_forums_peer_review","junk","captcha_page"
"dup_0001","19fa08ef0a6f3bcd106e42ecc55496a37d7e94ed1ba84284ec45b72e79ea9bc6","377","C:\KICAD_SCRAPE\markdown_10k_clean\eevblog.com-forum-projects-319.md","eevblog.com-forum-projects-319.md","markdown_10k_clean","https://www.eevblog.com/forum/projects/319","eevblog.com","12_forums_peer_review","junk","captcha_page"
"dup_0001","19fa08ef0a6f3bcd106e42ecc55496a37d7e94ed1ba84284ec45b72e79ea9bc6","377","C:\KICAD_SCRAPE\markdown_10k_clean\eevblog.com-forum-projects-320.md","eevblog.com-forum-projects-320.md","markdown_10k_clean","https://www.eevblog.com/forum/projects/320","eevblog.com","12_forums_peer_review","junk","captcha_page"
"dup_0001","19fa08ef0a6f3bcd106e42ecc55496a37d7e94ed1ba84284ec45b72e79ea9bc6","377","C:\KICAD_SCRAPE\markdown_10k_clean\eevblog.com-forum-projects-321.md","eevblog.com-forum-projects-321.md","markdown_10k_clean","https://www.eevblog.com/forum/projects/321","eevblog.com","12_forums_peer_review","junk","captcha_page"
"dup_0001","19fa08ef0a6f3bcd106e42ecc55496a37d7e94ed1ba84284ec45b72e79ea9bc6","377","C:\KICAD_SCRAPE\markdown_10k_clean\eevblog.com-forum-projects-322.md","eevblog.com-forum-projects-322.md","markdown_10k_clean","https://www.eevblog.com/forum/projects/322","eevblog.com","12_forums_peer_review","junk","captcha_page"
"dup_0001","19fa08ef0a6f3bcd106e42ecc55496a37d7e94ed1ba84284ec45b72e79ea9bc6","377","C:\KICAD_SCRAPE\markdown_10k_clean\eevblog.com-forum-projects-323.md","eevblog.com-forum-projects-323.md","markdown_10k_clean","https://www.eevblog.com/forum/projects/323","eevblog.com","12_forums_peer_review","junk","captcha_page"
"dup_0001","19fa08ef0a6f3bcd106e42ecc55496a37d7e94ed1ba84284ec45b72e79ea9bc6","377","C:\KICAD_SCRAPE\markdown_10k_clean\eevblog.com-forum-projects-324.md","eevblog.com-forum-projects-324.md","markdown_10k_clean","https://www.eevblog.com/forum/projects/324","eevblog.com","12_forums_peer_review","junk","captcha_page"
"dup_0001","19fa08ef0a6f3bcd106e42ecc55496a37d7e94ed1ba84284ec45b72e79ea9bc6","377","C:\KICAD_SCRAPE\markdown_10k_clean\eevblog.com-forum-projects-325.md","eevblog.com-forum-projects-325.md","markdown_10k_clean","https://www.eevblog.com/forum/projects/325","eevblog.com","12_forums_peer_review","junk","captcha_page"
"dup_0001","19fa08ef0a6f3bcd106e42ecc55496a37d7e94ed1ba84284ec45b72e79ea9bc6","377","C:\KICAD_SCRAPE\markdown_10k_clean\eevblog.com-forum-projects-326.md","eevblog.com-forum-projects-326.md","markdown_10k_clean","https://www.eevblog.com/forum/projects/326","eevblog.com","12_forums_peer_review","junk","captcha_page"
"dup_0001","19fa08ef0a6f3bcd106e42ecc55496a37d7e94ed1ba84284ec45b72e79ea9bc6","377","C:\KICAD_SCRAPE\markdown_10k_clean\eevblog.com-forum-projects-327.md","eevblog.com-forum-projects-327.md","markdown_10k_clean","https://www.eevblog.com/forum/projects/327","eevblog.com","12_forums_peer_review","junk","captcha_page"
"dup_0001","19fa08ef0a6f3bcd106e42ecc55496a37d7e94ed1ba84284ec45b72e79ea9bc6","377","C:\KICAD_SCRAPE\markdown_10k_clean\eevblog.com-forum-projects-328.md","eevblog.com-forum-projects-328.md","markdown_10k_clean","https://www.eevblog.com/forum/projects/328","eevblog.com","12_forums_peer_review","junk","captcha_page"
"dup_0001","19fa08ef0a6f3bcd106e42ecc55496a37d7e94ed1ba84284ec45b72e79ea9bc6","377","C:\KICAD_SCRAPE\markdown_10k_clean\eevblog.com-forum-projects-329.md","eevblog.com-forum-projects-329.md","markdown_10k_clean","https://www.eevblog.com/forum/projects/329","eevblog.com","12_forums_peer_review","junk","captcha_page"
"dup_0001","19fa08ef0a6f3bcd106e42ecc55496a37d7e94ed1ba84284ec45b72e79ea9bc6","377","C:\KICAD_SCRAPE\markdown_10k_clean\eevblog.com-forum-projects-330.md","eevblog.com-forum-projects-330.md","markdown_10k_clean","https://www.eevblog.com/forum/projects/330","eevblog.com","12_forums_peer_review","junk","captcha_page"
"dup_0001","19fa08ef0a6f3bcd106e42ecc55496a37d7e94ed1ba84284ec45b72e79ea9bc6","377","C:\KICAD_SCRAPE\markdown_10k_clean\eevblog.com-forum-projects-331.md","eevblog.com-forum-projects-331.md","markdown_10k_clean","https://www.eevblog.com/forum/projects/331","eevblog.com","12_forums_peer_review","junk","captcha_page"
"dup_0001","19fa08ef0a6f3bcd106e42ecc55496a37d7e94ed1ba84284ec45b72e79ea9bc6","377","C:\KICAD_SCRAPE\markdown_10k_clean\eevblog.com-forum-projects-332.md","eevblog.com-forum-projects-332.md","markdown_10k_clean","https://www.eevblog.com/forum/projects/332","eevblog.com","12_forums_peer_review","junk","captcha_page"
"dup_0001","19fa08ef0a6f3bcd106e42ecc55496a37d7e94ed1ba84284ec45b72e79ea9bc6","377","C:\KICAD_SCRAPE\markdown_10k_clean\eevblog.com-forum-projects-333.md","eevblog.com-forum-projects-333.md","markdown_10k_clean","https://www.eevblog.com/forum/projects/333","eevblog.com","12_forums_peer_review","junk","captcha_page"
"dup_0001","19fa08ef0a6f3bcd106e42ecc55496a37d7e94ed1ba84284ec45b72e79ea9bc6","377","C:\KICAD_SCRAPE\markdown_10k_clean\eevblog.com-forum-projects-334.md","eevblog.com-forum-projects-334.md","markdown_10k_clean","https://www.eevblog.com/forum/projects/334","eevblog.com","12_forums_peer_review","junk","captcha_page"
"dup_0001","19fa08ef0a6f3bcd106e42ecc55496a37d7e94ed1ba84284ec45b72e79ea9bc6","377","C:\KICAD_SCRAPE\markdown_10k_clean\eevblog.com-forum-projects-335.md","eevblog.com-forum-projects-335.md","markdown_10k_clean","https://www.eevblog.com/forum/projects/335","eevblog.com","12_forums_peer_review","junk","captcha_page"
"dup_0001","19fa08ef0a6f3bcd106e42ecc55496a37d7e94ed1ba84284ec45b72e79ea9bc6","377","C:\KICAD_SCRAPE\markdown_10k_clean\eevblog.com-forum-projects-336.md","eevblog.com-forum-projects-336.md","markdown_10k_clean","https://www.eevblog.com/forum/projects/336","eevblog.com","12_forums_peer_review","junk","captcha_page"
"dup_0001","19fa08ef0a6f3bcd106e42ecc55496a37d7e94ed1ba84284ec45b72e79ea9bc6","377","C:\KICAD_SCRAPE\markdown_10k_clean\eevblog.com-forum-projects-337.md","eevblog.com-forum-projects-337.md","markdown_10k_clean","https://www.eevblog.com/forum/projects/337","eevblog.com","12_forums_peer_review","junk","captcha_page"
"dup_0001","19fa08ef0a6f3bcd106e42ecc55496a37d7e94ed1ba84284ec45b72e79ea9bc6","377","C:\KICAD_SCRAPE\markdown_10k_clean\eevblog.com-forum-projects-338.md","eevblog.com-forum-projects-338.md","markdown_10k_clean","https://www.eevblog.com/forum/projects/338","eevblog.com","12_forums_peer_review","junk","captcha_page"
"dup_0001","19fa08ef0a6f3bcd106e42ecc55496a37d7e94ed1ba84284ec45b72e79ea9bc6","377","C:\KICAD_SCRAPE\markdown_10k_clean\eevblog.com-forum-projects-339.md","eevblog.com-forum-projects-339.md","markdown_10k_clean","https://www.eevblog.com/forum/projects/339","eevblog.com","12_forums_peer_review","junk","captcha_page"
"dup_0001","19fa08ef0a6f3bcd106e42ecc55496a37d7e94ed1ba84284ec45b72e79ea9bc6","377","C:\KICAD_SCRAPE\markdown_10k_clean\eevblog.com-forum-projects-340.md","eevblog.com-forum-projects-340.md","markdown_10k_clean","https://www.eevblog.com/forum/projects/340","eevblog.com","12_forums_peer_review","junk","captcha_page"
"dup_0001","19fa08ef0a6f3bcd106e42ecc55496a37d7e94ed1ba84284ec45b72e79ea9bc6","377","C:\KICAD_SCRAPE\markdown_10k_clean\eevblog.com-forum-projects-341.md","eevblog.com-forum-projects-341.md","markdown_10k_clean","https://www.eevblog.com/forum/projects/341","eevblog.com","12_forums_peer_review","junk","captcha_page"
"dup_0001","19fa08ef0a6f3bcd106e42ecc55496a37d7e94ed1ba84284ec45b72e79ea9bc6","377","C:\KICAD_SCRAPE\markdown_10k_clean\eevblog.com-forum-projects-342.md","eevblog.com-forum-projects-342.md","markdown_10k_clean","https://www.eevblog.com/forum/projects/342","eevblog.com","12_forums_peer_review","junk","captcha_page"
"dup_0001","19fa08ef0a6f3bcd106e42ecc55496a37d7e94ed1ba84284ec45b72e79ea9bc6","377","C:\KICAD_SCRAPE\markdown_10k_clean\eevblog.com-forum-projects-343.md","eevblog.com-forum-projects-343.md","markdown_10k_clean","https://www.eevblog.com/forum/projects/343","eevblog.com","12_forums_peer_review","junk","captcha_page"
"dup_0001","19fa08ef0a6f3bcd106e42ecc55496a37d7e94ed1ba84284ec45b72e79ea9bc6","377","C:\KICAD_SCRAPE\markdown_10k_clean\eevblog.com-forum-projects-344.md","eevblog.com-forum-projects-344.md","markdown_10k_clean","https://www.eevblog.com/forum/projects/344","eevblog.com","12_forums_peer_review","junk","captcha_page"
"dup_0001","19fa08ef0a6f3bcd106e42ecc55496a37d7e94ed1ba84284ec45b72e79ea9bc6","377","C:\KICAD_SCRAPE\markdown_10k_clean\eevblog.com-forum-projects-345.md","eevblog.com-forum-projects-345.md","markdown_10k_clean","https://www.eevblog.com/forum/projects/345","eevblog.com","12_forums_peer_review","junk","captcha_page"
"dup_0001","19fa08ef0a6f3bcd106e42ecc55496a37d7e94ed1ba84284ec45b72e79ea9bc6","377","C:\KICAD_SCRAPE\markdown_10k_clean\eevblog.com-forum-projects-346.md","eevblog.com-forum-projects-346.md","markdown_10k_clean","https://www.eevblog.com/forum/projects/346","eevblog.com","12_forums_peer_review","junk","captcha_page"
"dup_0001","19fa08ef0a6f3bcd106e42ecc55496a37d7e94ed1ba84284ec45b72e79ea9bc6","377","C:\KICAD_SCRAPE\markdown_10k_clean\eevblog.com-forum-projects-347.md","eevblog.com-forum-projects-347.md","markdown_10k_clean","https://www.eevblog.com/forum/projects/347","eevblog.com","12_forums_peer_review","junk","captcha_page"
"dup_0001","19fa08ef0a6f3bcd106e42ecc55496a37d7e94ed1ba84284ec45b72e79ea9bc6","377","C:\KICAD_SCRAPE\markdown_10k_clean\eevblog.com-forum-projects-348.md","eevblog.com-forum-projects-348.md","markdown_10k_clean","https://www.eevblog.com/forum/projects/348","eevblog.com","12_forums_peer_review","junk","captcha_page"
"dup_0001","19fa08ef0a6f3bcd106e42ecc55496a37d7e94ed1ba84284ec45b72e79ea9bc6","377","C:\KICAD_SCRAPE\markdown_10k_clean\eevblog.com-forum-projects-349.md","eevblog.com-forum-projects-349.md","markdown_10k_clean","https://www.eevblog.com/forum/projects/349","eevblog.com","12_forums_peer_review","junk","captcha_page"
"dup_0001","19fa08ef0a6f3bcd106e42ecc55496a37d7e94ed1ba84284ec45b72e79ea9bc6","377","C:\KICAD_SCRAPE\markdown_10k_clean\eevblog.com-forum-projects-350.md","eevblog.com-forum-projects-350.md","markdown_10k_clean","https://www.eevblog.com/forum/projects/350","eevblog.com","12_forums_peer_review","junk","captcha_page"
"dup_0001","19fa08ef0a6f3bcd106e42ecc55496a37d7e94ed1ba84284ec45b72e79ea9bc6","377","C:\KICAD_SCRAPE\markdown_10k_clean\eevblog.com-forum-projects-351.md","eevblog.com-forum-projects-351.md","markdown_10k_clean","https://www.eevblog.com/forum/projects/351","eevblog.com","12_forums_peer_review","junk","captcha_page"
"dup_0001","19fa08ef0a6f3bcd106e42ecc55496a37d7e94ed1ba84284ec45b72e79ea9bc6","377","C:\KICAD_SCRAPE\markdown_10k_clean\eevblog.com-forum-projects-352.md","eevblog.com-forum-projects-352.md","markdown_10k_clean","https://www.eevblog.com/forum/projects/352","eevblog.com","12_forums_peer_review","junk","captcha_page"
"dup_0001","19fa08ef0a6f3bcd106e42ecc55496a37d7e94ed1ba84284ec45b72e79ea9bc6","377","C:\KICAD_SCRAPE\markdown_10k_clean\eevblog.com-forum-projects-353.md","eevblog.com-forum-projects-353.md","markdown_10k_clean","https://www.eevblog.com/forum/projects/353","eevblog.com","12_forums_peer_review","junk","captcha_page"
"dup_0001","19fa08ef0a6f3bcd106e42ecc55496a37d7e94ed1ba84284ec45b72e79ea9bc6","377","C:\KICAD_SCRAPE\markdown_10k_clean\eevblog.com-forum-projects-354.md","eevblog.com-forum-projects-354.md","markdown_10k_clean","https://www.eevblog.com/forum/projects/354","eevblog.com","12_forums_peer_review","junk","captcha_page"
"dup_0001","19fa08ef0a6f3bcd106e42ecc55496a37d7e94ed1ba84284ec45b72e79ea9bc6","377","C:\KICAD_SCRAPE\markdown_10k_clean\eevblog.com-forum-projects-355.md","eevblog.com-forum-projects-355.md","markdown_10k_clean","https://www.eevblog.com/forum/projects/355","eevblog.com","12_forums_peer_review","junk","captcha_page"
"dup_0001","19fa08ef0a6f3bcd106e42ecc55496a37d7e94ed1ba84284ec45b72e79ea9bc6","377","C:\KICAD_SCRAPE\markdown_10k_clean\eevblog.com-forum-projects-356.md","eevblog.com-forum-projects-356.md","markdown_10k_clean","https://www.eevblog.com/forum/projects/356","eevblog.com","12_forums_peer_review","junk","captcha_page"
"dup_0001","19fa08ef0a6f3bcd106e42ecc55496a37d7e94ed1ba84284ec45b72e79ea9bc6","377","C:\KICAD_SCRAPE\markdown_10k_clean\eevblog.com-forum-projects-357.md","eevblog.com-forum-projects-357.md","markdown_10k_clean","https://www.eevblog.com/forum/projects/357","eevblog.com","12_forums_peer_review","junk","captcha_page"
"dup_0001","19fa08ef0a6f3bcd106e42ecc55496a37d7e94ed1ba84284ec45b72e79ea9bc6","377","C:\KICAD_SCRAPE\markdown_10k_clean\eevblog.com-forum-projects-358.md","eevblog.com-forum-projects-358.md","markdown_10k_clean","https://www.eevblog.com/forum/projects/358","eevblog.com","12_forums_peer_review","junk","captcha_page"
"dup_0001","19fa08ef0a6f3bcd106e42ecc55496a37d7e94ed1ba84284ec45b72e79ea9bc6","377","C:\KICAD_SCRAPE\markdown_10k_clean\eevblog.com-forum-projects-359.md","eevblog.com-forum-projects-359.md","markdown_10k_clean","https://www.eevblog.com/forum/projects/359","eevblog.com","12_forums_peer_review","junk","captcha_page"
"dup_0001","19fa08ef0a6f3bcd106e42ecc55496a37d7e94ed1ba84284ec45b72e79ea9bc6","377","C:\KICAD_SCRAPE\markdown_10k_clean\eevblog.com-forum-projects-360.md","eevblog.com-forum-projects-360.md","markdown_10k_clean","https://www.eevblog.com/forum/projects/360","eevblog.com","12_forums_peer_review","junk","captcha_page"
"dup_0001","19fa08ef0a6f3bcd106e42ecc55496a37d7e94ed1ba84284ec45b72e79ea9bc6","377","C:\KICAD_SCRAPE\markdown_10k_clean\eevblog.com-forum-projects-361.md","eevblog.com-forum-projects-361.md","markdown_10k_clean","https://www.eevblog.com/forum/projects/361","eevblog.com","12_forums_peer_review","junk","captcha_page"
"dup_0001","19fa08ef0a6f3bcd106e42ecc55496a37d7e94ed1ba84284ec45b72e79ea9bc6","377","C:\KICAD_SCRAPE\markdown_10k_clean\eevblog.com-forum-projects-362.md","eevblog.com-forum-projects-362.md","markdown_10k_clean","https://www.eevblog.com/forum/projects/362","eevblog.com","12_forums_peer_review","junk","captcha_page"
"dup_0001","19fa08ef0a6f3bcd106e42ecc55496a37d7e94ed1ba84284ec45b72e79ea9bc6","377","C:\KICAD_SCRAPE\markdown_10k_clean\eevblog.com-forum-projects-363.md","eevblog.com-forum-projects-363.md","markdown_10k_clean","https://www.eevblog.com/forum/projects/363","eevblog.com","12_forums_peer_review","junk","captcha_page"
"dup_0001","19fa08ef0a6f3bcd106e42ecc55496a37d7e94ed1ba84284ec45b72e79ea9bc6","377","C:\KICAD_SCRAPE\markdown_10k_clean\eevblog.com-forum-projects-364.md","eevblog.com-forum-projects-364.md","markdown_10k_clean","https://www.eevblog.com/forum/projects/364","eevblog.com","12_forums_peer_review","junk","captcha_page"
"dup_0001","19fa08ef0a6f3bcd106e42ecc55496a37d7e94ed1ba84284ec45b72e79ea9bc6","377","C:\KICAD_SCRAPE\markdown_10k_clean\eevblog.com-forum-projects-365.md","eevblog.com-forum-projects-365.md","markdown_10k_clean","https://www.eevblog.com/forum/projects/365","eevblog.com","12_forums_peer_review","junk","captcha_page"
"dup_0001","19fa08ef0a6f3bcd106e42ecc55496a37d7e94ed1ba84284ec45b72e79ea9bc6","377","C:\KICAD_SCRAPE\markdown_10k_clean\eevblog.com-forum-projects-366.md","eevblog.com-forum-projects-366.md","markdown_10k_clean","https://www.eevblog.com/forum/projects/366","eevblog.com","12_forums_peer_review","junk","captcha_page"
"dup_0001","19fa08ef0a6f3bcd106e42ecc55496a37d7e94ed1ba84284ec45b72e79ea9bc6","377","C:\KICAD_SCRAPE\markdown_10k_clean\eevblog.com-forum-projects-367.md","eevblog.com-forum-projects-367.md","markdown_10k_clean","https://www.eevblog.com/forum/projects/367","eevblog.com","12_forums_peer_review","junk","captcha_page"
"dup_0001","19fa08ef0a6f3bcd106e42ecc55496a37d7e94ed1ba84284ec45b72e79ea9bc6","377","C:\KICAD_SCRAPE\markdown_10k_clean\eevblog.com-forum-projects-368.md","eevblog.com-forum-projects-368.md","markdown_10k_clean","https://www.eevblog.com/forum/projects/368","eevblog.com","12_forums_peer_review","junk","captcha_page"
"dup_0001","19fa08ef0a6f3bcd106e42ecc55496a37d7e94ed1ba84284ec45b72e79ea9bc6","377","C:\KICAD_SCRAPE\markdown_10k_clean\eevblog.com-forum-projects-369.md","eevblog.com-forum-projects-369.md","markdown_10k_clean","https://www.eevblog.com/forum/projects/369","eevblog.com","12_forums_peer_review","junk","captcha_page"
"dup_0001","19fa08ef0a6f3bcd106e42ecc55496a37d7e94ed1ba84284ec45b72e79ea9bc6","377","C:\KICAD_SCRAPE\markdown_10k_clean\eevblog.com-forum-projects-370.md","eevblog.com-forum-projects-370.md","markdown_10k_clean","https://www.eevblog.com/forum/projects/370","eevblog.com","12_forums_peer_review","junk","captcha_page"
"dup_0001","19fa08ef0a6f3bcd106e42ecc55496a37d7e94ed1ba84284ec45b72e79ea9bc6","377","C:\KICAD_SCRAPE\markdown_10k_clean\eevblog.com-forum-projects-371.md","eevblog.com-forum-projects-371.md","markdown_10k_clean","https://www.eevblog.com/forum/projects/371","eevblog.com","12_forums_peer_review","junk","captcha_page"
"dup_0001","19fa08ef0a6f3bcd106e42ecc55496a37d7e94ed1ba84284ec45b72e79ea9bc6","377","C:\KICAD_SCRAPE\markdown_10k_clean\eevblog.com-forum-projects-372.md","eevblog.com-forum-projects-372.md","markdown_10k_clean","https://www.eevblog.com/forum/projects/372","eevblog.com","12_forums_peer_review","junk","captcha_page"
"dup_0001","19fa08ef0a6f3bcd106e42ecc55496a37d7e94ed1ba84284ec45b72e79ea9bc6","377","C:\KICAD_SCRAPE\markdown_10k_clean\eevblog.com-forum-projects-373.md","eevblog.com-forum-projects-373.md","markdown_10k_clean","https://www.eevblog.com/forum/projects/373","eevblog.com","12_forums_peer_review","junk","captcha_page"
"dup_0001","19fa08ef0a6f3bcd106e42ecc55496a37d7e94ed1ba84284ec45b72e79ea9bc6","377","C:\KICAD_SCRAPE\markdown_10k_clean\eevblog.com-forum-projects-374.md","eevblog.com-forum-projects-374.md","markdown_10k_clean","https://www.eevblog.com/forum/projects/374","eevblog.com","12_forums_peer_review","junk","captcha_page"
"dup_0001","19fa08ef0a6f3bcd106e42ecc55496a37d7e94ed1ba84284ec45b72e79ea9bc6","377","C:\KICAD_SCRAPE\markdown_10k_clean\eevblog.com-forum-projects-375.md","eevblog.com-forum-projects-375.md","markdown_10k_clean","https://www.eevblog.com/forum/projects/375","eevblog.com","12_forums_peer_review","junk","captcha_page"
"dup_0001","19fa08ef0a6f3bcd106e42ecc55496a37d7e94ed1ba84284ec45b72e79ea9bc6","377","C:\KICAD_SCRAPE\markdown_10k_clean\eevblog.com-forum-projects-376.md","eevblog.com-forum-projects-376.md","markdown_10k_clean","https://www.eevblog.com/forum/projects/376","eevblog.com","12_forums_peer_review","junk","captcha_page"
"dup_0001","19fa08ef0a6f3bcd106e42ecc55496a37d7e94ed1ba84284ec45b72e79ea9bc6","377","C:\KICAD_SCRAPE\markdown_10k_clean\eevblog.com-forum-projects-377.md","eevblog.com-forum-projects-377.md","markdown_10k_clean","https://www.eevblog.com/forum/projects/377","eevblog.com","12_forums_peer_review","junk","captcha_page"
"dup_0001","19fa08ef0a6f3bcd106e42ecc55496a37d7e94ed1ba84284ec45b72e79ea9bc6","377","C:\KICAD_SCRAPE\markdown_10k_clean\eevblog.com-forum-projects-378.md","eevblog.com-forum-projects-378.md","markdown_10k_clean","https://www.eevblog.com/forum/projects/378","eevblog.com","12_forums_peer_review","junk","captcha_page"
"dup_0001","19fa08ef0a6f3bcd106e42ecc55496a37d7e94ed1ba84284ec45b72e79ea9bc6","377","C:\KICAD_SCRAPE\markdown_10k_clean\eevblog.com-forum-projects-379.md","eevblog.com-forum-projects-379.md","markdown_10k_clean","https://www.eevblog.com/forum/projects/379","eevblog.com","12_forums_peer_review","junk","captcha_page"
"dup_0001","19fa08ef0a6f3bcd106e42ecc55496a37d7e94ed1ba84284ec45b72e79ea9bc6","377","C:\KICAD_SCRAPE\markdown_10k_clean\eevblog.com-forum-projects-380.md","eevblog.com-forum-projects-380.md","markdown_10k_clean","https://www.eevblog.com/forum/projects/380","eevblog.com","12_forums_peer_review","junk","captcha_page"
"dup_0001","19fa08ef0a6f3bcd106e42ecc55496a37d7e94ed1ba84284ec45b72e79ea9bc6","377","C:\KICAD_SCRAPE\markdown_10k_clean\eevblog.com-forum-projects-381.md","eevblog.com-forum-projects-381.md","markdown_10k_clean","https://www.eevblog.com/forum/projects/381","eevblog.com","12_forums_peer_review","junk","captcha_page"
"dup_0001","19fa08ef0a6f3bcd106e42ecc55496a37d7e94ed1ba84284ec45b72e79ea9bc6","377","C:\KICAD_SCRAPE\markdown_10k_clean\eevblog.com-forum-projects-382.md","eevblog.com-forum-projects-382.md","markdown_10k_clean","https://www.eevblog.com/forum/projects/382","eevblog.com","12_forums_peer_review","junk","captcha_page"
"dup_0001","19fa08ef0a6f3bcd106e42ecc55496a37d7e94ed1ba84284ec45b72e79ea9bc6","377","C:\KICAD_SCRAPE\markdown_10k_clean\eevblog.com-forum-projects-383.md","eevblog.com-forum-projects-383.md","markdown_10k_clean","https://www.eevblog.com/forum/projects/383","eevblog.com","12_forums_peer_review","junk","captcha_page"
"dup_0001","19fa08ef0a6f3bcd106e42ecc55496a37d7e94ed1ba84284ec45b72e79ea9bc6","377","C:\KICAD_SCRAPE\markdown_10k_clean\eevblog.com-forum-projects-384.md","eevblog.com-forum-projects-384.md","markdown_10k_clean","https://www.eevblog.com/forum/projects/384","eevblog.com","12_forums_peer_review","junk","captcha_page"
"dup_0001","19fa08ef0a6f3bcd106e42ecc55496a37d7e94ed1ba84284ec45b72e79ea9bc6","377","C:\KICAD_SCRAPE\markdown_10k_clean\eevblog.com-forum-projects-385.md","eevblog.com-forum-projects-385.md","markdown_10k_clean","https://www.eevblog.com/forum/projects/385","eevblog.com","12_forums_peer_review","junk","captcha_page"
"dup_0001","19fa08ef0a6f3bcd106e42ecc55496a37d7e94ed1ba84284ec45b72e79ea9bc6","377","C:\KICAD_SCRAPE\markdown_10k_clean\eevblog.com-forum-projects-386.md","eevblog.com-forum-projects-386.md","markdown_10k_clean","https://www.eevblog.com/forum/projects/386","eevblog.com","12_forums_peer_review","junk","captcha_page"
"dup_0001","19fa08ef0a6f3bcd106e42ecc55496a37d7e94ed1ba84284ec45b72e79ea9bc6","377","C:\KICAD_SCRAPE\markdown_10k_clean\eevblog.com-forum-projects-387.md","eevblog.com-forum-projects-387.md","markdown_10k_clean","https://www.eevblog.com/forum/projects/387","eevblog.com","12_forums_peer_review","junk","captcha_page"
"dup_0001","19fa08ef0a6f3bcd106e42ecc55496a37d7e94ed1ba84284ec45b72e79ea9bc6","377","C:\KICAD_SCRAPE\markdown_10k_clean\eevblog.com-forum-projects-388.md","eevblog.com-forum-projects-388.md","markdown_10k_clean","https://www.eevblog.com/forum/projects/388","eevblog.com","12_forums_peer_review","junk","captcha_page"
"dup_0001","19fa08ef0a6f3bcd106e42ecc55496a37d7e94ed1ba84284ec45b72e79ea9bc6","377","C:\KICAD_SCRAPE\markdown_10k_clean\eevblog.com-forum-projects-389.md","eevblog.com-forum-projects-389.md","markdown_10k_clean","https://www.eevblog.com/forum/projects/389","eevblog.com","12_forums_peer_review","junk","captcha_page"
"dup_0001","19fa08ef0a6f3bcd106e42ecc55496a37d7e94ed1ba84284ec45b72e79ea9bc6","377","C:\KICAD_SCRAPE\markdown_10k_clean\eevblog.com-forum-projects-390.md","eevblog.com-forum-projects-390.md","markdown_10k_clean","https://www.eevblog.com/forum/projects/390","eevblog.com","12_forums_peer_review","junk","captcha_page"
"dup_0001","19fa08ef0a6f3bcd106e42ecc55496a37d7e94ed1ba84284ec45b72e79ea9bc6","377","C:\KICAD_SCRAPE\markdown_10k_clean\eevblog.com-forum-projects-391.md","eevblog.com-forum-projects-391.md","markdown_10k_clean","https://www.eevblog.com/forum/projects/391","eevblog.com","12_forums_peer_review","junk","captcha_page"
"dup_0001","19fa08ef0a6f3bcd106e42ecc55496a37d7e94ed1ba84284ec45b72e79ea9bc6","377","C:\KICAD_SCRAPE\markdown_10k_clean\eevblog.com-forum-projects-392.md","eevblog.com-forum-projects-392.md","markdown_10k_clean","https://www.eevblog.com/forum/projects/392","eevblog.com","12_forums_peer_review","junk","captcha_page"
"dup_0001","19fa08ef0a6f3bcd106e42ecc55496a37d7e94ed1ba84284ec45b72e79ea9bc6","377","C:\KICAD_SCRAPE\markdown_10k_clean\eevblog.com-forum-projects-393.md","eevblog.com-forum-projects-393.md","markdown_10k_clean","https://www.eevblog.com/forum/projects/393","eevblog.com","12_forums_peer_review","junk","captcha_page"
"dup_0001","19fa08ef0a6f3bcd106e42ecc55496a37d7e94ed1ba84284ec45b72e79ea9bc6","377","C:\KICAD_SCRAPE\markdown_10k_clean\eevblog.com-forum-projects-394.md","eevblog.com-forum-projects-394.md","markdown_10k_clean","https://www.eevblog.com/forum/projects/394","eevblog.com","12_forums_peer_review","junk","captcha_page"
"dup_0001","19fa08ef0a6f3bcd106e42ecc55496a37d7e94ed1ba84284ec45b72e79ea9bc6","377","C:\KICAD_SCRAPE\markdown_10k_clean\eevblog.com-forum-projects-395.md","eevblog.com-forum-projects-395.md","markdown_10k_clean","https://www.eevblog.com/forum/projects/395","eevblog.com","12_forums_peer_review","junk","captcha_page"
"dup_0001","19fa08ef0a6f3bcd106e42ecc55496a37d7e94ed1ba84284ec45b72e79ea9bc6","377","C:\KICAD_SCRAPE\markdown_10k_clean\eevblog.com-forum-projects-396.md","eevblog.com-forum-projects-396.md","markdown_10k_clean","https://www.eevblog.com/forum/projects/396","eevblog.com","12_forums_peer_review","junk","captcha_page"
"dup_0001","19fa08ef0a6f3bcd106e42ecc55496a37d7e94ed1ba84284ec45b72e79ea9bc6","377","C:\KICAD_SCRAPE\markdown_10k_clean\eevblog.com-forum-projects-397.md","eevblog.com-forum-projects-397.md","markdown_10k_clean","https://www.eevblog.com/forum/projects/397","eevblog.com","12_forums_peer_review","junk","captcha_page"
"dup_0001","19fa08ef0a6f3bcd106e42ecc55496a37d7e94ed1ba84284ec45b72e79ea9bc6","377","C:\KICAD_SCRAPE\markdown_10k_clean\eevblog.com-forum-projects-398.md","eevblog.com-forum-projects-398.md","markdown_10k_clean","https://www.eevblog.com/forum/projects/398","eevblog.com","12_forums_peer_review","junk","captcha_page"
"dup_0001","19fa08ef0a6f3bcd106e42ecc55496a37d7e94ed1ba84284ec45b72e79ea9bc6","377","C:\KICAD_SCRAPE\markdown_10k_clean\eevblog.com-forum-projects-399.md","eevblog.com-forum-projects-399.md","markdown_10k_clean","https://www.eevblog.com/forum/projects/399","eevblog.com","12_forums_peer_review","junk","captcha_page"
"dup_0001","19fa08ef0a6f3bcd106e42ecc55496a37d7e94ed1ba84284ec45b72e79ea9bc6","377","C:\KICAD_SCRAPE\markdown_10k_clean\eevblog.com-forum-projects-400.md","eevblog.com-forum-projects-400.md","markdown_10k_clean","https://www.eevblog.com/forum/projects/400","eevblog.com","12_forums_peer_review","junk","captcha_page"
"dup_0001","19fa08ef0a6f3bcd106e42ecc55496a37d7e94ed1ba84284ec45b72e79ea9bc6","377","C:\KICAD_SCRAPE\markdown_10k_clean\eevblog.com-forum-projects-401.md","eevblog.com-forum-projects-401.md","markdown_10k_clean","https://www.eevblog.com/forum/projects/401","eevblog.com","12_forums_peer_review","junk","captcha_page"
"dup_0001","19fa08ef0a6f3bcd106e42ecc55496a37d7e94ed1ba84284ec45b72e79ea9bc6","377","C:\KICAD_SCRAPE\markdown_10k_clean\eevblog.com-forum-projects-402.md","eevblog.com-forum-projects-402.md","markdown_10k_clean","https://www.eevblog.com/forum/projects/402","eevblog.com","12_forums_peer_review","junk","captcha_page"
"dup_0001","19fa08ef0a6f3bcd106e42ecc55496a37d7e94ed1ba84284ec45b72e79ea9bc6","377","C:\KICAD_SCRAPE\markdown_10k_clean\eevblog.com-forum-projects-403.md","eevblog.com-forum-projects-403.md","markdown_10k_clean","https://www.eevblog.com/forum/projects/403","eevblog.com","12_forums_peer_review","junk","captcha_page"
"dup_0001","19fa08ef0a6f3bcd106e42ecc55496a37d7e94ed1ba84284ec45b72e79ea9bc6","377","C:\KICAD_SCRAPE\markdown_10k_clean\eevblog.com-forum-projects-404.md","eevblog.com-forum-projects-404.md","markdown_10k_clean","https://www.eevblog.com/forum/projects/404","eevblog.com","12_forums_peer_review","junk","captcha_page"
"dup_0001","19fa08ef0a6f3bcd106e42ecc55496a37d7e94ed1ba84284ec45b72e79ea9bc6","377","C:\KICAD_SCRAPE\markdown_10k_clean\eevblog.com-forum-projects-405.md","eevblog.com-forum-projects-405.md","markdown_10k_clean","https://www.eevblog.com/forum/projects/405","eevblog.com","12_forums_peer_review","junk","captcha_page"
"dup_0001","19fa08ef0a6f3bcd106e42ecc55496a37d7e94ed1ba84284ec45b72e79ea9bc6","377","C:\KICAD_SCRAPE\markdown_10k_clean\eevblog.com-forum-projects-406.md","eevblog.com-forum-projects-406.md","markdown_10k_clean","https://www.eevblog.com/forum/projects/406","eevblog.com","12_forums_peer_review","junk","captcha_page"
"dup_0001","19fa08ef0a6f3bcd106e42ecc55496a37d7e94ed1ba84284ec45b72e79ea9bc6","377","C:\KICAD_SCRAPE\markdown_10k_clean\eevblog.com-forum-projects-407.md","eevblog.com-forum-projects-407.md","markdown_10k_clean","https://www.eevblog.com/forum/projects/407","eevblog.com","12_forums_peer_review","junk","captcha_page"
"dup_0001","19fa08ef0a6f3bcd106e42ecc55496a37d7e94ed1ba84284ec45b72e79ea9bc6","377","C:\KICAD_SCRAPE\markdown_10k_clean\eevblog.com-forum-projects-408.md","eevblog.com-forum-projects-408.md","markdown_10k_clean","https://www.eevblog.com/forum/projects/408","eevblog.com","12_forums_peer_review","junk","captcha_page"
"dup_0001","19fa08ef0a6f3bcd106e42ecc55496a37d7e94ed1ba84284ec45b72e79ea9bc6","377","C:\KICAD_SCRAPE\markdown_10k_clean\eevblog.com-forum-projects-409.md","eevblog.com-forum-projects-409.md","markdown_10k_clean","https://www.eevblog.com/forum/projects/409","eevblog.com","12_forums_peer_review","junk","captcha_page"
"dup_0001","19fa08ef0a6f3bcd106e42ecc55496a37d7e94ed1ba84284ec45b72e79ea9bc6","377","C:\KICAD_SCRAPE\markdown_10k_clean\eevblog.com-forum-projects-410.md","eevblog.com-forum-projects-410.md","markdown_10k_clean","https://www.eevblog.com/forum/projects/410","eevblog.com","12_forums_peer_review","junk","captcha_page"
"dup_0001","19fa08ef0a6f3bcd106e42ecc55496a37d7e94ed1ba84284ec45b72e79ea9bc6","377","C:\KICAD_SCRAPE\markdown_10k_clean\eevblog.com-forum-projects-411.md","eevblog.com-forum-projects-411.md","markdown_10k_clean","https://www.eevblog.com/forum/projects/411","eevblog.com","12_forums_peer_review","junk","captcha_page"
"dup_0001","19fa08ef0a6f3bcd106e42ecc55496a37d7e94ed1ba84284ec45b72e79ea9bc6","377","C:\KICAD_SCRAPE\markdown_10k_clean\eevblog.com-forum-projects-412.md","eevblog.com-forum-projects-412.md","markdown_10k_clean","https://www.eevblog.com/forum/projects/412","eevblog.com","12_forums_peer_review","junk","captcha_page"
"dup_0001","19fa08ef0a6f3bcd106e42ecc55496a37d7e94ed1ba84284ec45b72e79ea9bc6","377","C:\KICAD_SCRAPE\markdown_10k_clean\eevblog.com-forum-projects-413.md","eevblog.com-forum-projects-413.md","markdown_10k_clean","https://www.eevblog.com/forum/projects/413","eevblog.com","12_forums_peer_review","junk","captcha_page"
"dup_0001","19fa08ef0a6f3bcd106e42ecc55496a37d7e94ed1ba84284ec45b72e79ea9bc6","377","C:\KICAD_SCRAPE\markdown_10k_clean\eevblog.com-forum-projects-414.md","eevblog.com-forum-projects-414.md","markdown_10k_clean","https://www.eevblog.com/forum/projects/414","eevblog.com","12_forums_peer_review","junk","captcha_page"
"dup_0001","19fa08ef0a6f3bcd106e42ecc55496a37d7e94ed1ba84284ec45b72e79ea9bc6","377","C:\KICAD_SCRAPE\markdown_10k_clean\eevblog.com-forum-projects-415.md","eevblog.com-forum-projects-415.md","markdown_10k_clean","https://www.eevblog.com/forum/projects/415","eevblog.com","12_forums_peer_review","junk","captcha_page"
"dup_0001","19fa08ef0a6f3bcd106e42ecc55496a37d7e94ed1ba84284ec45b72e79ea9bc6","377","C:\KICAD_SCRAPE\markdown_10k_clean\eevblog.com-forum-projects-416.md","eevblog.com-forum-projects-416.md","markdown_10k_clean","https://www.eevblog.com/forum/projects/416","eevblog.com","12_forums_peer_review","junk","captcha_page"
"dup_0001","19fa08ef0a6f3bcd106e42ecc55496a37d7e94ed1ba84284ec45b72e79ea9bc6","377","C:\KICAD_SCRAPE\markdown_10k_clean\eevblog.com-forum-projects-417.md","eevblog.com-forum-projects-417.md","markdown_10k_clean","https://www.eevblog.com/forum/projects/417","eevblog.com","12_forums_peer_review","junk","captcha_page"
"dup_0001","19fa08ef0a6f3bcd106e42ecc55496a37d7e94ed1ba84284ec45b72e79ea9bc6","377","C:\KICAD_SCRAPE\markdown_10k_clean\eevblog.com-forum-projects-418.md","eevblog.com-forum-projects-418.md","markdown_10k_clean","https://www.eevblog.com/forum/projects/418","eevblog.com","12_forums_peer_review","junk","captcha_page"
"dup_0001","19fa08ef0a6f3bcd106e42ecc55496a37d7e94ed1ba84284ec45b72e79ea9bc6","377","C:\KICAD_SCRAPE\markdown_10k_clean\eevblog.com-forum-projects-419.md","eevblog.com-forum-projects-419.md","markdown_10k_clean","https://www.eevblog.com/forum/projects/419","eevblog.com","12_forums_peer_review","junk","captcha_page"
"dup_0001","19fa08ef0a6f3bcd106e42ecc55496a37d7e94ed1ba84284ec45b72e79ea9bc6","377","C:\KICAD_SCRAPE\markdown_10k_clean\eevblog.com-forum-projects-420.md","eevblog.com-forum-projects-420.md","markdown_10k_clean","https://www.eevblog.com/forum/projects/420","eevblog.com","12_forums_peer_review","junk","captcha_page"
"dup_0001","19fa08ef0a6f3bcd106e42ecc55496a37d7e94ed1ba84284ec45b72e79ea9bc6","377","C:\KICAD_SCRAPE\markdown_10k_clean\eevblog.com-forum-projects-421.md","eevblog.com-forum-projects-421.md","markdown_10k_clean","https://www.eevblog.com/forum/projects/421","eevblog.com","12_forums_peer_review","junk","captcha_page"
"dup_0001","19fa08ef0a6f3bcd106e42ecc55496a37d7e94ed1ba84284ec45b72e79ea9bc6","377","C:\KICAD_SCRAPE\markdown_10k_clean\eevblog.com-forum-projects-422.md","eevblog.com-forum-projects-422.md","markdown_10k_clean","https://www.eevblog.com/forum/projects/422","eevblog.com","12_forums_peer_review","junk","captcha_page"
"dup_0001","19fa08ef0a6f3bcd106e42ecc55496a37d7e94ed1ba84284ec45b72e79ea9bc6","377","C:\KICAD_SCRAPE\markdown_10k_clean\eevblog.com-forum-projects-423.md","eevblog.com-forum-projects-423.md","markdown_10k_clean","https://www.eevblog.com/forum/projects/423","eevblog.com","12_forums_peer_review","junk","captcha_page"
"dup_0001","19fa08ef0a6f3bcd106e42ecc55496a37d7e94ed1ba84284ec45b72e79ea9bc6","377","C:\KICAD_SCRAPE\markdown_10k_clean\eevblog.com-forum-projects-424.md","eevblog.com-forum-projects-424.md","markdown_10k_clean","https://www.eevblog.com/forum/projects/424","eevblog.com","12_forums_peer_review","junk","captcha_page"
"dup_0001","19fa08ef0a6f3bcd106e42ecc55496a37d7e94ed1ba84284ec45b72e79ea9bc6","377","C:\KICAD_SCRAPE\markdown_10k_clean\eevblog.com-forum-projects-425.md","eevblog.com-forum-projects-425.md","markdown_10k_clean","https://www.eevblog.com/forum/projects/425","eevblog.com","12_forums_peer_review","junk","captcha_page"
"dup_0001","19fa08ef0a6f3bcd106e42ecc55496a37d7e94ed1ba84284ec45b72e79ea9bc6","377","C:\KICAD_SCRAPE\markdown_10k_clean\eevblog.com-forum-projects-426.md","eevblog.com-forum-projects-426.md","markdown_10k_clean","https://www.eevblog.com/forum/projects/426","eevblog.com","12_forums_peer_review","junk","captcha_page"
"dup_0001","19fa08ef0a6f3bcd106e42ecc55496a37d7e94ed1ba84284ec45b72e79ea9bc6","377","C:\KICAD_SCRAPE\markdown_10k_clean\eevblog.com-forum-projects-427.md","eevblog.com-forum-projects-427.md","markdown_10k_clean","https://www.eevblog.com/forum/projects/427","eevblog.com","12_forums_peer_review","junk","captcha_page"
"dup_0001","19fa08ef0a6f3bcd106e42ecc55496a37d7e94ed1ba84284ec45b72e79ea9bc6","377","C:\KICAD_SCRAPE\markdown_10k_clean\eevblog.com-forum-projects-428.md","eevblog.com-forum-projects-428.md","markdown_10k_clean","https://www.eevblog.com/forum/projects/428","eevblog.com","12_forums_peer_review","junk","captcha_page"
"dup_0001","19fa08ef0a6f3bcd106e42ecc55496a37d7e94ed1ba84284ec45b72e79ea9bc6","377","C:\KICAD_SCRAPE\markdown_10k_clean\eevblog.com-forum-projects-429.md","eevblog.com-forum-projects-429.md","markdown_10k_clean","https://www.eevblog.com/forum/projects/429","eevblog.com","12_forums_peer_review","junk","captcha_page"
"dup_0001","19fa08ef0a6f3bcd106e42ecc55496a37d7e94ed1ba84284ec45b72e79ea9bc6","377","C:\KICAD_SCRAPE\markdown_10k_clean\eevblog.com-forum-projects-430.md","eevblog.com-forum-projects-430.md","markdown_10k_clean","https://www.eevblog.com/forum/projects/430","eevblog.com","12_forums_peer_review","junk","captcha_page"
"dup_0001","19fa08ef0a6f3bcd106e42ecc55496a37d7e94ed1ba84284ec45b72e79ea9bc6","377","C:\KICAD_SCRAPE\markdown_10k_clean\eevblog.com-forum-projects-431.md","eevblog.com-forum-projects-431.md","markdown_10k_clean","https://www.eevblog.com/forum/projects/431","eevblog.com","12_forums_peer_review","junk","captcha_page"
"dup_0001","19fa08ef0a6f3bcd106e42ecc55496a37d7e94ed1ba84284ec45b72e79ea9bc6","377","C:\KICAD_SCRAPE\markdown_10k_clean\eevblog.com-forum-projects-432.md","eevblog.com-forum-projects-432.md","markdown_10k_clean","https://www.eevblog.com/forum/projects/432","eevblog.com","12_forums_peer_review","junk","captcha_page"
"dup_0001","19fa08ef0a6f3bcd106e42ecc55496a37d7e94ed1ba84284ec45b72e79ea9bc6","377","C:\KICAD_SCRAPE\markdown_10k_clean\eevblog.com-forum-projects-433.md","eevblog.com-forum-projects-433.md","markdown_10k_clean","https://www.eevblog.com/forum/projects/433","eevblog.com","12_forums_peer_review","junk","captcha_page"
"dup_0001","19fa08ef0a6f3bcd106e42ecc55496a37d7e94ed1ba84284ec45b72e79ea9bc6","377","C:\KICAD_SCRAPE\markdown_10k_clean\eevblog.com-forum-projects-434.md","eevblog.com-forum-projects-434.md","markdown_10k_clean","https://www.eevblog.com/forum/projects/434","eevblog.com","12_forums_peer_review","junk","captcha_page"
"dup_0001","19fa08ef0a6f3bcd106e42ecc55496a37d7e94ed1ba84284ec45b72e79ea9bc6","377","C:\KICAD_SCRAPE\markdown_10k_clean\eevblog.com-forum-projects-435.md","eevblog.com-forum-projects-435.md","markdown_10k_clean","https://www.eevblog.com/forum/projects/435","eevblog.com","12_forums_peer_review","junk","captcha_page"
"dup_0001","19fa08ef0a6f3bcd106e42ecc55496a37d7e94ed1ba84284ec45b72e79ea9bc6","377","C:\KICAD_SCRAPE\markdown_10k_clean\eevblog.com-forum-projects-436.md","eevblog.com-forum-projects-436.md","markdown_10k_clean","https://www.eevblog.com/forum/projects/436","eevblog.com","12_forums_peer_review","junk","captcha_page"
"dup_0001","19fa08ef0a6f3bcd106e42ecc55496a37d7e94ed1ba84284ec45b72e79ea9bc6","377","C:\KICAD_SCRAPE\markdown_10k_clean\eevblog.com-forum-projects-437.md","eevblog.com-forum-projects-437.md","markdown_10k_clean","https://www.eevblog.com/forum/projects/437","eevblog.com","12_forums_peer_review","junk","captcha_page"
"dup_0001","19fa08ef0a6f3bcd106e42ecc55496a37d7e94ed1ba84284ec45b72e79ea9bc6","377","C:\KICAD_SCRAPE\markdown_10k_clean\eevblog.com-forum-projects-438.md","eevblog.com-forum-projects-438.md","markdown_10k_clean","https://www.eevblog.com/forum/projects/438","eevblog.com","12_forums_peer_review","junk","captcha_page"
"dup_0001","19fa08ef0a6f3bcd106e42ecc55496a37d7e94ed1ba84284ec45b72e79ea9bc6","377","C:\KICAD_SCRAPE\markdown_10k_clean\eevblog.com-forum-projects-439.md","eevblog.com-forum-projects-439.md","markdown_10k_clean","https://www.eevblog.com/forum/projects/439","eevblog.com","12_forums_peer_review","junk","captcha_page"
"dup_0001","19fa08ef0a6f3bcd106e42ecc55496a37d7e94ed1ba84284ec45b72e79ea9bc6","377","C:\KICAD_SCRAPE\markdown_10k_clean\eevblog.com-forum-projects-440.md","eevblog.com-forum-projects-440.md","markdown_10k_clean","https://www.eevblog.com/forum/projects/440","eevblog.com","12_forums_peer_review","junk","captcha_page"
"dup_0001","19fa08ef0a6f3bcd106e42ecc55496a37d7e94ed1ba84284ec45b72e79ea9bc6","377","C:\KICAD_SCRAPE\markdown_10k_clean\eevblog.com-forum-projects-441.md","eevblog.com-forum-projects-441.md","markdown_10k_clean","https://www.eevblog.com/forum/projects/441","eevblog.com","12_forums_peer_review","junk","captcha_page"
"dup_0001","19fa08ef0a6f3bcd106e42ecc55496a37d7e94ed1ba84284ec45b72e79ea9bc6","377","C:\KICAD_SCRAPE\markdown_10k_clean\eevblog.com-forum-projects-442.md","eevblog.com-forum-projects-442.md","markdown_10k_clean","https://www.eevblog.com/forum/projects/442","eevblog.com","12_forums_peer_review","junk","captcha_page"
"dup_0001","19fa08ef0a6f3bcd106e42ecc55496a37d7e94ed1ba84284ec45b72e79ea9bc6","377","C:\KICAD_SCRAPE\markdown_10k_clean\eevblog.com-forum-projects-443.md","eevblog.com-forum-projects-443.md","markdown_10k_clean","https://www.eevblog.com/forum/projects/443","eevblog.com","12_forums_peer_review","junk","captcha_page"
"dup_0001","19fa08ef0a6f3bcd106e42ecc55496a37d7e94ed1ba84284ec45b72e79ea9bc6","377","C:\KICAD_SCRAPE\markdown_10k_clean\eevblog.com-forum-projects-444.md","eevblog.com-forum-projects-444.md","markdown_10k_clean","https://www.eevblog.com/forum/projects/444","eevblog.com","12_forums_peer_review","junk","captcha_page"
"dup_0001","19fa08ef0a6f3bcd106e42ecc55496a37d7e94ed1ba84284ec45b72e79ea9bc6","377","C:\KICAD_SCRAPE\markdown_10k_clean\eevblog.com-forum-projects-445.md","eevblog.com-forum-projects-445.md","markdown_10k_clean","https://www.eevblog.com/forum/projects/445","eevblog.com","12_forums_peer_review","junk","captcha_page"
"dup_0001","19fa08ef0a6f3bcd106e42ecc55496a37d7e94ed1ba84284ec45b72e79ea9bc6","377","C:\KICAD_SCRAPE\markdown_10k_clean\eevblog.com-forum-projects-446.md","eevblog.com-forum-projects-446.md","markdown_10k_clean","https://www.eevblog.com/forum/projects/446","eevblog.com","12_forums_peer_review","junk","captcha_page"
"dup_0001","19fa08ef0a6f3bcd106e42ecc55496a37d7e94ed1ba84284ec45b72e79ea9bc6","377","C:\KICAD_SCRAPE\markdown_10k_clean\eevblog.com-forum-projects-447.md","eevblog.com-forum-projects-447.md","markdown_10k_clean","https://www.eevblog.com/forum/projects/447","eevblog.com","12_forums_peer_review","junk","captcha_page"
"dup_0001","19fa08ef0a6f3bcd106e42ecc55496a37d7e94ed1ba84284ec45b72e79ea9bc6","377","C:\KICAD_SCRAPE\markdown_10k_clean\eevblog.com-forum-projects-448.md","eevblog.com-forum-projects-448.md","markdown_10k_clean","https://www.eevblog.com/forum/projects/448","eevblog.com","12_forums_peer_review","junk","captcha_page"
"dup_0001","19fa08ef0a6f3bcd106e42ecc55496a37d7e94ed1ba84284ec45b72e79ea9bc6","377","C:\KICAD_SCRAPE\markdown_10k_clean\eevblog.com-forum-projects-449.md","eevblog.com-forum-projects-449.md","markdown_10k_clean","https://www.eevblog.com/forum/projects/449","eevblog.com","12_forums_peer_review","junk","captcha_page"
"dup_0001","19fa08ef0a6f3bcd106e42ecc55496a37d7e94ed1ba84284ec45b72e79ea9bc6","377","C:\KICAD_SCRAPE\markdown_10k_clean\eevblog.com-forum-projects-450.md","eevblog.com-forum-projects-450.md","markdown_10k_clean","https://www.eevblog.com/forum/projects/450","eevblog.com","12_forums_peer_review","junk","captcha_page"
"dup_0001","19fa08ef0a6f3bcd106e42ecc55496a37d7e94ed1ba84284ec45b72e79ea9bc6","377","C:\KICAD_SCRAPE\markdown_10k_clean\eevblog.com-forum-projects-451.md","eevblog.com-forum-projects-451.md","markdown_10k_clean","https://www.eevblog.com/forum/projects/451","eevblog.com","12_forums_peer_review","junk","captcha_page"
"dup_0001","19fa08ef0a6f3bcd106e42ecc55496a37d7e94ed1ba84284ec45b72e79ea9bc6","377","C:\KICAD_SCRAPE\markdown_10k_clean\eevblog.com-forum-projects-452.md","eevblog.com-forum-projects-452.md","markdown_10k_clean","https://www.eevblog.com/forum/projects/452","eevblog.com","12_forums_peer_review","junk","captcha_page"
"dup_0001","19fa08ef0a6f3bcd106e42ecc55496a37d7e94ed1ba84284ec45b72e79ea9bc6","377","C:\KICAD_SCRAPE\markdown_10k_clean\eevblog.com-forum-projects-453.md","eevblog.com-forum-projects-453.md","markdown_10k_clean","https://www.eevblog.com/forum/projects/453","eevblog.com","12_forums_peer_review","junk","captcha_page"
"dup_0001","19fa08ef0a6f3bcd106e42ecc55496a37d7e94ed1ba84284ec45b72e79ea9bc6","377","C:\KICAD_SCRAPE\markdown_10k_clean\eevblog.com-forum-projects-454.md","eevblog.com-forum-projects-454.md","markdown_10k_clean","https://www.eevblog.com/forum/projects/454","eevblog.com","12_forums_peer_review","junk","captcha_page"
"dup_0001","19fa08ef0a6f3bcd106e42ecc55496a37d7e94ed1ba84284ec45b72e79ea9bc6","377","C:\KICAD_SCRAPE\markdown_10k_clean\eevblog.com-forum-projects-455.md","eevblog.com-forum-projects-455.md","markdown_10k_clean","https://www.eevblog.com/forum/projects/455","eevblog.com","12_forums_peer_review","junk","captcha_page"
"dup_0001","19fa08ef0a6f3bcd106e42ecc55496a37d7e94ed1ba84284ec45b72e79ea9bc6","377","C:\KICAD_SCRAPE\markdown_10k_clean\eevblog.com-forum-projects-456.md","eevblog.com-forum-projects-456.md","markdown_10k_clean","https://www.eevblog.com/forum/projects/456","eevblog.com","12_forums_peer_review","junk","captcha_page"
"dup_0001","19fa08ef0a6f3bcd106e42ecc55496a37d7e94ed1ba84284ec45b72e79ea9bc6","377","C:\KICAD_SCRAPE\markdown_10k_clean\eevblog.com-forum-projects-457.md","eevblog.com-forum-projects-457.md","markdown_10k_clean","https://www.eevblog.com/forum/projects/457","eevblog.com","12_forums_peer_review","junk","captcha_page"
"dup_0001","19fa08ef0a6f3bcd106e42ecc55496a37d7e94ed1ba84284ec45b72e79ea9bc6","377","C:\KICAD_SCRAPE\markdown_10k_clean\eevblog.com-forum-projects-458.md","eevblog.com-forum-projects-458.md","markdown_10k_clean","https://www.eevblog.com/forum/projects/458","eevblog.com","12_forums_peer_review","junk","captcha_page"
"dup_0001","19fa08ef0a6f3bcd106e42ecc55496a37d7e94ed1ba84284ec45b72e79ea9bc6","377","C:\KICAD_SCRAPE\markdown_10k_clean\eevblog.com-forum-projects-459.md","eevblog.com-forum-projects-459.md","markdown_10k_clean","https://www.eevblog.com/forum/projects/459","eevblog.com","12_forums_peer_review","junk","captcha_page"
"dup_0001","19fa08ef0a6f3bcd106e42ecc55496a37d7e94ed1ba84284ec45b72e79ea9bc6","377","C:\KICAD_SCRAPE\markdown_10k_clean\eevblog.com-forum-projects-460.md","eevblog.com-forum-projects-460.md","markdown_10k_clean","https://www.eevblog.com/forum/projects/460","eevblog.com","12_forums_peer_review","junk","captcha_page"
"dup_0001","19fa08ef0a6f3bcd106e42ecc55496a37d7e94ed1ba84284ec45b72e79ea9bc6","377","C:\KICAD_SCRAPE\markdown_10k_clean\eevblog.com-forum-projects-461.md","eevblog.com-forum-projects-461.md","markdown_10k_clean","https://www.eevblog.com/forum/projects/461","eevblog.com","12_forums_peer_review","junk","captcha_page"
"dup_0001","19fa08ef0a6f3bcd106e42ecc55496a37d7e94ed1ba84284ec45b72e79ea9bc6","377","C:\KICAD_SCRAPE\markdown_10k_clean\eevblog.com-forum-projects-462.md","eevblog.com-forum-projects-462.md","markdown_10k_clean","https://www.eevblog.com/forum/projects/462","eevblog.com","12_forums_peer_review","junk","captcha_page"
"dup_0001","19fa08ef0a6f3bcd106e42ecc55496a37d7e94ed1ba84284ec45b72e79ea9bc6","377","C:\KICAD_SCRAPE\markdown_10k_clean\eevblog.com-forum-projects-463.md","eevblog.com-forum-projects-463.md","markdown_10k_clean","https://www.eevblog.com/forum/projects/463","eevblog.com","12_forums_peer_review","junk","captcha_page"
"dup_0001","19fa08ef0a6f3bcd106e42ecc55496a37d7e94ed1ba84284ec45b72e79ea9bc6","377","C:\KICAD_SCRAPE\markdown_10k_clean\eevblog.com-forum-projects-464.md","eevblog.com-forum-projects-464.md","markdown_10k_clean","https://www.eevblog.com/forum/projects/464","eevblog.com","12_forums_peer_review","junk","captcha_page"
"dup_0001","19fa08ef0a6f3bcd106e42ecc55496a37d7e94ed1ba84284ec45b72e79ea9bc6","377","C:\KICAD_SCRAPE\markdown_10k_clean\eevblog.com-forum-projects-465.md","eevblog.com-forum-projects-465.md","markdown_10k_clean","https://www.eevblog.com/forum/projects/465","eevblog.com","12_forums_peer_review","junk","captcha_page"
"dup_0001","19fa08ef0a6f3bcd106e42ecc55496a37d7e94ed1ba84284ec45b72e79ea9bc6","377","C:\KICAD_SCRAPE\markdown_10k_clean\eevblog.com-forum-projects-466.md","eevblog.com-forum-projects-466.md","markdown_10k_clean","https://www.eevblog.com/forum/projects/466","eevblog.com","12_forums_peer_review","junk","captcha_page"
"dup_0001","19fa08ef0a6f3bcd106e42ecc55496a37d7e94ed1ba84284ec45b72e79ea9bc6","377","C:\KICAD_SCRAPE\markdown_10k_clean\eevblog.com-forum-projects-467.md","eevblog.com-forum-projects-467.md","markdown_10k_clean","https://www.eevblog.com/forum/projects/467","eevblog.com","12_forums_peer_review","junk","captcha_page"
"dup_0001","19fa08ef0a6f3bcd106e42ecc55496a37d7e94ed1ba84284ec45b72e79ea9bc6","377","C:\KICAD_SCRAPE\markdown_10k_clean\eevblog.com-forum-projects-468.md","eevblog.com-forum-projects-468.md","markdown_10k_clean","https://www.eevblog.com/forum/projects/468","eevblog.com","12_forums_peer_review","junk","captcha_page"
"dup_0001","19fa08ef0a6f3bcd106e42ecc55496a37d7e94ed1ba84284ec45b72e79ea9bc6","377","C:\KICAD_SCRAPE\markdown_10k_clean\eevblog.com-forum-projects-469.md","eevblog.com-forum-projects-469.md","markdown_10k_clean","https://www.eevblog.com/forum/projects/469","eevblog.com","12_forums_peer_review","junk","captcha_page"
"dup_0001","19fa08ef0a6f3bcd106e42ecc55496a37d7e94ed1ba84284ec45b72e79ea9bc6","377","C:\KICAD_SCRAPE\markdown_10k_clean\eevblog.com-forum-projects-470.md","eevblog.com-forum-projects-470.md","markdown_10k_clean","https://www.eevblog.com/forum/projects/470","eevblog.com","12_forums_peer_review","junk","captcha_page"
"dup_0001","19fa08ef0a6f3bcd106e42ecc55496a37d7e94ed1ba84284ec45b72e79ea9bc6","377","C:\KICAD_SCRAPE\markdown_10k_clean\eevblog.com-forum-projects-471.md","eevblog.com-forum-projects-471.md","markdown_10k_clean","https://www.eevblog.com/forum/projects/471","eevblog.com","12_forums_peer_review","junk","captcha_page"
"dup_0001","19fa08ef0a6f3bcd106e42ecc55496a37d7e94ed1ba84284ec45b72e79ea9bc6","377","C:\KICAD_SCRAPE\markdown_10k_clean\eevblog.com-forum-projects-472.md","eevblog.com-forum-projects-472.md","markdown_10k_clean","https://www.eevblog.com/forum/projects/472","eevblog.com","12_forums_peer_review","junk","captcha_page"
"dup_0001","19fa08ef0a6f3bcd106e42ecc55496a37d7e94ed1ba84284ec45b72e79ea9bc6","377","C:\KICAD_SCRAPE\markdown_10k_clean\eevblog.com-forum-projects-473.md","eevblog.com-forum-projects-473.md","markdown_10k_clean","https://www.eevblog.com/forum/projects/473","eevblog.com","12_forums_peer_review","junk","captcha_page"
"dup_0001","19fa08ef0a6f3bcd106e42ecc55496a37d7e94ed1ba84284ec45b72e79ea9bc6","377","C:\KICAD_SCRAPE\markdown_10k_clean\eevblog.com-forum-projects-474.md","eevblog.com-forum-projects-474.md","markdown_10k_clean","https://www.eevblog.com/forum/projects/474","eevblog.com","12_forums_peer_review","junk","captcha_page"
"dup_0001","19fa08ef0a6f3bcd106e42ecc55496a37d7e94ed1ba84284ec45b72e79ea9bc6","377","C:\KICAD_SCRAPE\markdown_10k_clean\eevblog.com-forum-projects-475.md","eevblog.com-forum-projects-475.md","markdown_10k_clean","https://www.eevblog.com/forum/projects/475","eevblog.com","12_forums_peer_review","junk","captcha_page"
"dup_0001","19fa08ef0a6f3bcd106e42ecc55496a37d7e94ed1ba84284ec45b72e79ea9bc6","377","C:\KICAD_SCRAPE\markdown_10k_clean\eevblog.com-forum-projects-476.md","eevblog.com-forum-projects-476.md","markdown_10k_clean","https://www.eevblog.com/forum/projects/476","eevblog.com","12_forums_peer_review","junk","captcha_page"
"dup_0001","19fa08ef0a6f3bcd106e42ecc55496a37d7e94ed1ba84284ec45b72e79ea9bc6","377","C:\KICAD_SCRAPE\markdown_10k_clean\eevblog.com-forum-projects-477.md","eevblog.com-forum-projects-477.md","markdown_10k_clean","https://www.eevblog.com/forum/projects/477","eevblog.com","12_forums_peer_review","junk","captcha_page"
"dup_0001","19fa08ef0a6f3bcd106e42ecc55496a37d7e94ed1ba84284ec45b72e79ea9bc6","377","C:\KICAD_SCRAPE\markdown_10k_clean\eevblog.com-forum-projects-478.md","eevblog.com-forum-projects-478.md","markdown_10k_clean","https://www.eevblog.com/forum/projects/478","eevblog.com","12_forums_peer_review","junk","captcha_page"
"dup_0001","19fa08ef0a6f3bcd106e42ecc55496a37d7e94ed1ba84284ec45b72e79ea9bc6","377","C:\KICAD_SCRAPE\markdown_10k_clean\eevblog.com-forum-projects-479.md","eevblog.com-forum-projects-479.md","markdown_10k_clean","https://www.eevblog.com/forum/projects/479","eevblog.com","12_forums_peer_review","junk","captcha_page"
"dup_0001","19fa08ef0a6f3bcd106e42ecc55496a37d7e94ed1ba84284ec45b72e79ea9bc6","377","C:\KICAD_SCRAPE\markdown_10k_clean\eevblog.com-forum-projects-480.md","eevblog.com-forum-projects-480.md","markdown_10k_clean","https://www.eevblog.com/forum/projects/480","eevblog.com","12_forums_peer_review","junk","captcha_page"
"dup_0001","19fa08ef0a6f3bcd106e42ecc55496a37d7e94ed1ba84284ec45b72e79ea9bc6","377","C:\KICAD_SCRAPE\markdown_10k_clean\eevblog.com-forum-projects-481.md","eevblog.com-forum-projects-481.md","markdown_10k_clean","https://www.eevblog.com/forum/projects/481","eevblog.com","12_forums_peer_review","junk","captcha_page"
"dup_0001","19fa08ef0a6f3bcd106e42ecc55496a37d7e94ed1ba84284ec45b72e79ea9bc6","377","C:\KICAD_SCRAPE\markdown_10k_clean\eevblog.com-forum-projects-482.md","eevblog.com-forum-projects-482.md","markdown_10k_clean","https://www.eevblog.com/forum/projects/482","eevblog.com","12_forums_peer_review","junk","captcha_page"
"dup_0001","19fa08ef0a6f3bcd106e42ecc55496a37d7e94ed1ba84284ec45b72e79ea9bc6","377","C:\KICAD_SCRAPE\markdown_10k_clean\eevblog.com-forum-projects-483.md","eevblog.com-forum-projects-483.md","markdown_10k_clean","https://www.eevblog.com/forum/projects/483","eevblog.com","12_forums_peer_review","junk","captcha_page"
"dup_0001","19fa08ef0a6f3bcd106e42ecc55496a37d7e94ed1ba84284ec45b72e79ea9bc6","377","C:\KICAD_SCRAPE\markdown_10k_clean\eevblog.com-forum-projects-484.md","eevblog.com-forum-projects-484.md","markdown_10k_clean","https://www.eevblog.com/forum/projects/484","eevblog.com","12_forums_peer_review","junk","captcha_page"
"dup_0001","19fa08ef0a6f3bcd106e42ecc55496a37d7e94ed1ba84284ec45b72e79ea9bc6","377","C:\KICAD_SCRAPE\markdown_10k_clean\eevblog.com-forum-projects-485.md","eevblog.com-forum-projects-485.md","markdown_10k_clean","https://www.eevblog.com/forum/projects/485","eevblog.com","12_forums_peer_review","junk","captcha_page"
"dup_0001","19fa08ef0a6f3bcd106e42ecc55496a37d7e94ed1ba84284ec45b72e79ea9bc6","377","C:\KICAD_SCRAPE\markdown_10k_clean\eevblog.com-forum-projects-486.md","eevblog.com-forum-projects-486.md","markdown_10k_clean","https://www.eevblog.com/forum/projects/486","eevblog.com","12_forums_peer_review","junk","captcha_page"
"dup_0001","19fa08ef0a6f3bcd106e42ecc55496a37d7e94ed1ba84284ec45b72e79ea9bc6","377","C:\KICAD_SCRAPE\markdown_10k_clean\eevblog.com-forum-projects-487.md","eevblog.com-forum-projects-487.md","markdown_10k_clean","https://www.eevblog.com/forum/projects/487","eevblog.com","12_forums_peer_review","junk","captcha_page"
"dup_0001","19fa08ef0a6f3bcd106e42ecc55496a37d7e94ed1ba84284ec45b72e79ea9bc6","377","C:\KICAD_SCRAPE\markdown_10k_clean\eevblog.com-forum-projects-488.md","eevblog.com-forum-projects-488.md","markdown_10k_clean","https://www.eevblog.com/forum/projects/488","eevblog.com","12_forums_peer_review","junk","captcha_page"
"dup_0001","19fa08ef0a6f3bcd106e42ecc55496a37d7e94ed1ba84284ec45b72e79ea9bc6","377","C:\KICAD_SCRAPE\markdown_10k_clean\eevblog.com-forum-projects-489.md","eevblog.com-forum-projects-489.md","markdown_10k_clean","https://www.eevblog.com/forum/projects/489","eevblog.com","12_forums_peer_review","junk","captcha_page"
"dup_0001","19fa08ef0a6f3bcd106e42ecc55496a37d7e94ed1ba84284ec45b72e79ea9bc6","377","C:\KICAD_SCRAPE\markdown_10k_clean\eevblog.com-forum-projects-490.md","eevblog.com-forum-projects-490.md","markdown_10k_clean","https://www.eevblog.com/forum/projects/490","eevblog.com","12_forums_peer_review","junk","captcha_page"
"dup_0001","19fa08ef0a6f3bcd106e42ecc55496a37d7e94ed1ba84284ec45b72e79ea9bc6","377","C:\KICAD_SCRAPE\markdown_10k_clean\eevblog.com-forum-projects-491.md","eevblog.com-forum-projects-491.md","markdown_10k_clean","https://www.eevblog.com/forum/projects/491","eevblog.com","12_forums_peer_review","junk","captcha_page"
"dup_0001","19fa08ef0a6f3bcd106e42ecc55496a37d7e94ed1ba84284ec45b72e79ea9bc6","377","C:\KICAD_SCRAPE\markdown_10k_clean\eevblog.com-forum-projects-492.md","eevblog.com-forum-projects-492.md","markdown_10k_clean","https://www.eevblog.com/forum/projects/492","eevblog.com","12_forums_peer_review","junk","captcha_page"
"dup_0001","19fa08ef0a6f3bcd106e42ecc55496a37d7e94ed1ba84284ec45b72e79ea9bc6","377","C:\KICAD_SCRAPE\markdown_10k_clean\eevblog.com-forum-projects-493.md","eevblog.com-forum-projects-493.md","markdown_10k_clean","https://www.eevblog.com/forum/projects/493","eevblog.com","12_forums_peer_review","junk","captcha_page"
"dup_0001","19fa08ef0a6f3bcd106e42ecc55496a37d7e94ed1ba84284ec45b72e79ea9bc6","377","C:\KICAD_SCRAPE\markdown_10k_clean\eevblog.com-forum-projects-494.md","eevblog.com-forum-projects-494.md","markdown_10k_clean","https://www.eevblog.com/forum/projects/494","eevblog.com","12_forums_peer_review","junk","captcha_page"
"dup_0001","19fa08ef0a6f3bcd106e42ecc55496a37d7e94ed1ba84284ec45b72e79ea9bc6","377","C:\KICAD_SCRAPE\markdown_10k_clean\eevblog.com-forum-projects-495.md","eevblog.com-forum-projects-495.md","markdown_10k_clean","https://www.eevblog.com/forum/projects/495","eevblog.com","12_forums_peer_review","junk","captcha_page"
"dup_0001","19fa08ef0a6f3bcd106e42ecc55496a37d7e94ed1ba84284ec45b72e79ea9bc6","377","C:\KICAD_SCRAPE\markdown_10k_clean\eevblog.com-forum-projects-496.md","eevblog.com-forum-projects-496.md","markdown_10k_clean","https://www.eevblog.com/forum/projects/496","eevblog.com","12_forums_peer_review","junk","captcha_page"
"dup_0001","19fa08ef0a6f3bcd106e42ecc55496a37d7e94ed1ba84284ec45b72e79ea9bc6","377","C:\KICAD_SCRAPE\markdown_10k_clean\eevblog.com-forum-projects-497.md","eevblog.com-forum-projects-497.md","markdown_10k_clean","https://www.eevblog.com/forum/projects/497","eevblog.com","12_forums_peer_review","junk","captcha_page"
"dup_0001","19fa08ef0a6f3bcd106e42ecc55496a37d7e94ed1ba84284ec45b72e79ea9bc6","377","C:\KICAD_SCRAPE\markdown_10k_clean\eevblog.com-forum-projects-498.md","eevblog.com-forum-projects-498.md","markdown_10k_clean","https://www.eevblog.com/forum/projects/498","eevblog.com","12_forums_peer_review","junk","captcha_page"
"dup_0001","19fa08ef0a6f3bcd106e42ecc55496a37d7e94ed1ba84284ec45b72e79ea9bc6","377","C:\KICAD_SCRAPE\markdown_10k_clean\eevblog.com-forum-projects-499.md","eevblog.com-forum-projects-499.md","markdown_10k_clean","https://www.eevblog.com/forum/projects/499","eevblog.com","12_forums_peer_review","junk","captcha_page"
"dup_0002","0b6d67a9dccccbe89b1250b39fd8eadac4c38f60548e9ab707912c2c2916e366","68","C:\KICAD_SCRAPE\markdown_10k_clean\hackaday.com-2023-03-32-project-32.md","hackaday.com-2023-03-32-project-32.md","markdown_10k_clean","https://hackaday.com/2023/03/32/project-32","hackaday.com","15_video_reference_index","junk","search_or_tag_index"
"dup_0002","0b6d67a9dccccbe89b1250b39fd8eadac4c38f60548e9ab707912c2c2916e366","68","C:\KICAD_SCRAPE\markdown_10k_clean\hackaday.com-2023-03-33-project-33.md","hackaday.com-2023-03-33-project-33.md","markdown_10k_clean","https://hackaday.com/2023/03/33/project-33","hackaday.com","15_video_reference_index","junk","search_or_tag_index"
"dup_0002","0b6d67a9dccccbe89b1250b39fd8eadac4c38f60548e9ab707912c2c2916e366","68","C:\KICAD_SCRAPE\markdown_10k_clean\hackaday.com-2023-03-34-project-34.md","hackaday.com-2023-03-34-project-34.md","markdown_10k_clean","https://hackaday.com/2023/03/34/project-34","hackaday.com","15_video_reference_index","junk","search_or_tag_index"
"dup_0002","0b6d67a9dccccbe89b1250b39fd8eadac4c38f60548e9ab707912c2c2916e366","68","C:\KICAD_SCRAPE\markdown_10k_clean\hackaday.com-2023-03-35-project-35.md","hackaday.com-2023-03-35-project-35.md","markdown_10k_clean","https://hackaday.com/2023/03/35/project-35","hackaday.com","15_video_reference_index","junk","search_or_tag_index"
"dup_0002","0b6d67a9dccccbe89b1250b39fd8eadac4c38f60548e9ab707912c2c2916e366","68","C:\KICAD_SCRAPE\markdown_10k_clean\hackaday.com-2023-03-36-project-36.md","hackaday.com-2023-03-36-project-36.md","markdown_10k_clean","https://hackaday.com/2023/03/36/project-36","hackaday.com","15_video_reference_index","junk","search_or_tag_index"
"dup_0002","0b6d67a9dccccbe89b1250b39fd8eadac4c38f60548e9ab707912c2c2916e366","68","C:\KICAD_SCRAPE\markdown_10k_clean\hackaday.com-2023-03-37-project-37.md","hackaday.com-2023-03-37-project-37.md","markdown_10k_clean","https://hackaday.com/2023/03/37/project-37","hackaday.com","15_video_reference_index","junk","search_or_tag_index"
"dup_0002","0b6d67a9dccccbe89b1250b39fd8eadac4c38f60548e9ab707912c2c2916e366","68","C:\KICAD_SCRAPE\markdown_10k_clean\hackaday.com-2023-03-38-project-38.md","hackaday.com-2023-03-38-project-38.md","markdown_10k_clean","https://hackaday.com/2023/03/38/project-38","hackaday.com","15_video_reference_index","junk","search_or_tag_index"
"dup_0002","0b6d67a9dccccbe89b1250b39fd8eadac4c38f60548e9ab707912c2c2916e366","68","C:\KICAD_SCRAPE\markdown_10k_clean\hackaday.com-2023-03-39-project-39.md","hackaday.com-2023-03-39-project-39.md","markdown_10k_clean","https://hackaday.com/2023/03/39/project-39","hackaday.com","15_video_reference_index","junk","search_or_tag_index"
"dup_0002","0b6d67a9dccccbe89b1250b39fd8eadac4c38f60548e9ab707912c2c2916e366","68","C:\KICAD_SCRAPE\markdown_10k_clean\hackaday.com-2023-03-40-project-40.md","hackaday.com-2023-03-40-project-40.md","markdown_10k_clean","https://hackaday.com/2023/03/40/project-40","hackaday.com","15_video_reference_index","junk","search_or_tag_index"
"dup_0002","0b6d67a9dccccbe89b1250b39fd8eadac4c38f60548e9ab707912c2c2916e366","68","C:\KICAD_SCRAPE\markdown_10k_clean\hackaday.com-2023-03-41-project-41.md","hackaday.com-2023-03-41-project-41.md","markdown_10k_clean","https://hackaday.com/2023/03/41/project-41","hackaday.com","15_video_reference_index","junk","search_or_tag_index"
"dup_0002","0b6d67a9dccccbe89b1250b39fd8eadac4c38f60548e9ab707912c2c2916e366","68","C:\KICAD_SCRAPE\markdown_10k_clean\hackaday.com-2023-03-42-project-42.md","hackaday.com-2023-03-42-project-42.md","markdown_10k_clean","https://hackaday.com/2023/03/42/project-42","hackaday.com","15_video_reference_index","junk","search_or_tag_index"
"dup_0002","0b6d67a9dccccbe89b1250b39fd8eadac4c38f60548e9ab707912c2c2916e366","68","C:\KICAD_SCRAPE\markdown_10k_clean\hackaday.com-2023-03-43-project-43.md","hackaday.com-2023-03-43-project-43.md","markdown_10k_clean","https://hackaday.com/2023/03/43/project-43","hackaday.com","15_video_reference_index","junk","search_or_tag_index"
"dup_0002","0b6d67a9dccccbe89b1250b39fd8eadac4c38f60548e9ab707912c2c2916e366","68","C:\KICAD_SCRAPE\markdown_10k_clean\hackaday.com-2023-03-44-project-44.md","hackaday.com-2023-03-44-project-44.md","markdown_10k_clean","https://hackaday.com/2023/03/44/project-44","hackaday.com","15_video_reference_index","junk","search_or_tag_index"
"dup_0002","0b6d67a9dccccbe89b1250b39fd8eadac4c38f60548e9ab707912c2c2916e366","68","C:\KICAD_SCRAPE\markdown_10k_clean\hackaday.com-2023-03-45-project-45.md","hackaday.com-2023-03-45-project-45.md","markdown_10k_clean","https://hackaday.com/2023/03/45/project-45","hackaday.com","15_video_reference_index","junk","search_or_tag_index"
"dup_0002","0b6d67a9dccccbe89b1250b39fd8eadac4c38f60548e9ab707912c2c2916e366","68","C:\KICAD_SCRAPE\markdown_10k_clean\hackaday.com-2023-03-46-project-46.md","hackaday.com-2023-03-46-project-46.md","markdown_10k_clean","https://hackaday.com/2023/03/46/project-46","hackaday.com","15_video_reference_index","junk","search_or_tag_index"
"dup_0002","0b6d67a9dccccbe89b1250b39fd8eadac4c38f60548e9ab707912c2c2916e366","68","C:\KICAD_SCRAPE\markdown_10k_clean\hackaday.com-2023-03-47-project-47.md","hackaday.com-2023-03-47-project-47.md","markdown_10k_clean","https://hackaday.com/2023/03/47/project-47","hackaday.com","15_video_reference_index","junk","search_or_tag_index"
"dup_0002","0b6d67a9dccccbe89b1250b39fd8eadac4c38f60548e9ab707912c2c2916e366","68","C:\KICAD_SCRAPE\markdown_10k_clean\hackaday.com-2023-03-48-project-48.md","hackaday.com-2023-03-48-project-48.md","markdown_10k_clean","https://hackaday.com/2023/03/48/project-48","hackaday.com","15_video_reference_index","junk","search_or_tag_index"
"dup_0002","0b6d67a9dccccbe89b1250b39fd8eadac4c38f60548e9ab707912c2c2916e366","68","C:\KICAD_SCRAPE\markdown_10k_clean\hackaday.com-2023-03-49-project-49.md","hackaday.com-2023-03-49-project-49.md","markdown_10k_clean","https://hackaday.com/2023/03/49/project-49","hackaday.com","15_video_reference_index","junk","search_or_tag_index"
"dup_0002","0b6d67a9dccccbe89b1250b39fd8eadac4c38f60548e9ab707912c2c2916e366","68","C:\KICAD_SCRAPE\markdown_10k_clean\hackaday.com-2023-03-50-project-50.md","hackaday.com-2023-03-50-project-50.md","markdown_10k_clean","https://hackaday.com/2023/03/50/project-50","hackaday.com","15_video_reference_index","junk","search_or_tag_index"
"dup_0002","0b6d67a9dccccbe89b1250b39fd8eadac4c38f60548e9ab707912c2c2916e366","68","C:\KICAD_SCRAPE\markdown_10k_clean\hackaday.com-2023-03-51-project-51.md","hackaday.com-2023-03-51-project-51.md","markdown_10k_clean","https://hackaday.com/2023/03/51/project-51","hackaday.com","15_video_reference_index","junk","search_or_tag_index"
"dup_0002","0b6d67a9dccccbe89b1250b39fd8eadac4c38f60548e9ab707912c2c2916e366","68","C:\KICAD_SCRAPE\markdown_10k_clean\hackaday.com-2023-03-52-project-52.md","hackaday.com-2023-03-52-project-52.md","markdown_10k_clean","https://hackaday.com/2023/03/52/project-52","hackaday.com","15_video_reference_index","junk","search_or_tag_index"
"dup_0002","0b6d67a9dccccbe89b1250b39fd8eadac4c38f60548e9ab707912c2c2916e366","68","C:\KICAD_SCRAPE\markdown_10k_clean\hackaday.com-2023-03-53-project-53.md","hackaday.com-2023-03-53-project-53.md","markdown_10k_clean","https://hackaday.com/2023/03/53/project-53","hackaday.com","15_video_reference_index","junk","search_or_tag_index"
"dup_0002","0b6d67a9dccccbe89b1250b39fd8eadac4c38f60548e9ab707912c2c2916e366","68","C:\KICAD_SCRAPE\markdown_10k_clean\hackaday.com-2023-03-54-project-54.md","hackaday.com-2023-03-54-project-54.md","markdown_10k_clean","https://hackaday.com/2023/03/54/project-54","hackaday.com","15_video_reference_index","junk","search_or_tag_index"
"dup_0002","0b6d67a9dccccbe89b1250b39fd8eadac4c38f60548e9ab707912c2c2916e366","68","C:\KICAD_SCRAPE\markdown_10k_clean\hackaday.com-2023-03-55-project-55.md","hackaday.com-2023-03-55-project-55.md","markdown_10k_clean","https://hackaday.com/2023/03/55/project-55","hackaday.com","15_video_reference_index","junk","search_or_tag_index"
"dup_0002","0b6d67a9dccccbe89b1250b39fd8eadac4c38f60548e9ab707912c2c2916e366","68","C:\KICAD_SCRAPE\markdown_10k_clean\hackaday.com-2023-03-56-project-56.md","hackaday.com-2023-03-56-project-56.md","markdown_10k_clean","https://hackaday.com/2023/03/56/project-56","hackaday.com","15_video_reference_index","junk","search_or_tag_index"
"dup_0002","0b6d67a9dccccbe89b1250b39fd8eadac4c38f60548e9ab707912c2c2916e366","68","C:\KICAD_SCRAPE\markdown_10k_clean\hackaday.com-2023-03-57-project-57.md","hackaday.com-2023-03-57-project-57.md","markdown_10k_clean","https://hackaday.com/2023/03/57/project-57","hackaday.com","15_video_reference_index","junk","search_or_tag_index"
"dup_0002","0b6d67a9dccccbe89b1250b39fd8eadac4c38f60548e9ab707912c2c2916e366","68","C:\KICAD_SCRAPE\markdown_10k_clean\hackaday.com-2023-03-58-project-58.md","hackaday.com-2023-03-58-project-58.md","markdown_10k_clean","https://hackaday.com/2023/03/58/project-58","hackaday.com","15_video_reference_index","junk","search_or_tag_index"
"dup_0002","0b6d67a9dccccbe89b1250b39fd8eadac4c38f60548e9ab707912c2c2916e366","68","C:\KICAD_SCRAPE\markdown_10k_clean\hackaday.com-2023-03-59-project-59.md","hackaday.com-2023-03-59-project-59.md","markdown_10k_clean","https://hackaday.com/2023/03/59/project-59","hackaday.com","15_video_reference_index","junk","search_or_tag_index"
"dup_0002","0b6d67a9dccccbe89b1250b39fd8eadac4c38f60548e9ab707912c2c2916e366","68","C:\KICAD_SCRAPE\markdown_10k_clean\hackaday.com-2023-03-60-project-60.md","hackaday.com-2023-03-60-project-60.md","markdown_10k_clean","https://hackaday.com/2023/03/60/project-60","hackaday.com","15_video_reference_index","junk","search_or_tag_index"
"dup_0002","0b6d67a9dccccbe89b1250b39fd8eadac4c38f60548e9ab707912c2c2916e366","68","C:\KICAD_SCRAPE\markdown_10k_clean\hackaday.com-2023-03-61-project-61.md","hackaday.com-2023-03-61-project-61.md","markdown_10k_clean","https://hackaday.com/2023/03/61/project-61","hackaday.com","15_video_reference_index","junk","search_or_tag_index"
"dup_0002","0b6d67a9dccccbe89b1250b39fd8eadac4c38f60548e9ab707912c2c2916e366","68","C:\KICAD_SCRAPE\markdown_10k_clean\hackaday.com-2023-03-62-project-62.md","hackaday.com-2023-03-62-project-62.md","markdown_10k_clean","https://hackaday.com/2023/03/62/project-62","hackaday.com","15_video_reference_index","junk","search_or_tag_index"
"dup_0002","0b6d67a9dccccbe89b1250b39fd8eadac4c38f60548e9ab707912c2c2916e366","68","C:\KICAD_SCRAPE\markdown_10k_clean\hackaday.com-2023-03-63-project-63.md","hackaday.com-2023-03-63-project-63.md","markdown_10k_clean","https://hackaday.com/2023/03/63/project-63","hackaday.com","15_video_reference_index","junk","search_or_tag_index"
"dup_0002","0b6d67a9dccccbe89b1250b39fd8eadac4c38f60548e9ab707912c2c2916e366","68","C:\KICAD_SCRAPE\markdown_10k_clean\hackaday.com-2023-03-64-project-64.md","hackaday.com-2023-03-64-project-64.md","markdown_10k_clean","https://hackaday.com/2023/03/64/project-64","hackaday.com","15_video_reference_index","junk","search_or_tag_index"
"dup_0002","0b6d67a9dccccbe89b1250b39fd8eadac4c38f60548e9ab707912c2c2916e366","68","C:\KICAD_SCRAPE\markdown_10k_clean\hackaday.com-2023-03-65-project-65.md","hackaday.com-2023-03-65-project-65.md","markdown_10k_clean","https://hackaday.com/2023/03/65/project-65","hackaday.com","15_video_reference_index","junk","search_or_tag_index"
"dup_0002","0b6d67a9dccccbe89b1250b39fd8eadac4c38f60548e9ab707912c2c2916e366","68","C:\KICAD_SCRAPE\markdown_10k_clean\hackaday.com-2023-03-66-project-66.md","hackaday.com-2023-03-66-project-66.md","markdown_10k_clean","https://hackaday.com/2023/03/66/project-66","hackaday.com","15_video_reference_index","junk","search_or_tag_index"
"dup_0002","0b6d67a9dccccbe89b1250b39fd8eadac4c38f60548e9ab707912c2c2916e366","68","C:\KICAD_SCRAPE\markdown_10k_clean\hackaday.com-2023-03-67-project-67.md","hackaday.com-2023-03-67-project-67.md","markdown_10k_clean","https://hackaday.com/2023/03/67/project-67","hackaday.com","15_video_reference_index","junk","search_or_tag_index"
"dup_0002","0b6d67a9dccccbe89b1250b39fd8eadac4c38f60548e9ab707912c2c2916e366","68","C:\KICAD_SCRAPE\markdown_10k_clean\hackaday.com-2023-03-68-project-68.md","hackaday.com-2023-03-68-project-68.md","markdown_10k_clean","https://hackaday.com/2023/03/68/project-68","hackaday.com","15_video_reference_index","junk","search_or_tag_index"
"dup_0002","0b6d67a9dccccbe89b1250b39fd8eadac4c38f60548e9ab707912c2c2916e366","68","C:\KICAD_SCRAPE\markdown_10k_clean\hackaday.com-2023-03-69-project-69.md","hackaday.com-2023-03-69-project-69.md","markdown_10k_clean","https://hackaday.com/2023/03/69/project-69","hackaday.com","15_video_reference_index","junk","search_or_tag_index"
"dup_0002","0b6d67a9dccccbe89b1250b39fd8eadac4c38f60548e9ab707912c2c2916e366","68","C:\KICAD_SCRAPE\markdown_10k_clean\hackaday.com-2023-03-70-project-70.md","hackaday.com-2023-03-70-project-70.md","markdown_10k_clean","https://hackaday.com/2023/03/70/project-70","hackaday.com","15_video_reference_index","junk","search_or_tag_index"
"dup_0002","0b6d67a9dccccbe89b1250b39fd8eadac4c38f60548e9ab707912c2c2916e366","68","C:\KICAD_SCRAPE\markdown_10k_clean\hackaday.com-2023-03-71-project-71.md","hackaday.com-2023-03-71-project-71.md","markdown_10k_clean","https://hackaday.com/2023/03/71/project-71","hackaday.com","15_video_reference_index","junk","search_or_tag_index"
"dup_0002","0b6d67a9dccccbe89b1250b39fd8eadac4c38f60548e9ab707912c2c2916e366","68","C:\KICAD_SCRAPE\markdown_10k_clean\hackaday.com-2023-03-72-project-72.md","hackaday.com-2023-03-72-project-72.md","markdown_10k_clean","https://hackaday.com/2023/03/72/project-72","hackaday.com","15_video_reference_index","junk","search_or_tag_index"
"dup_0002","0b6d67a9dccccbe89b1250b39fd8eadac4c38f60548e9ab707912c2c2916e366","68","C:\KICAD_SCRAPE\markdown_10k_clean\hackaday.com-2023-03-73-project-73.md","hackaday.com-2023-03-73-project-73.md","markdown_10k_clean","https://hackaday.com/2023/03/73/project-73","hackaday.com","15_video_reference_index","junk","search_or_tag_index"
"dup_0002","0b6d67a9dccccbe89b1250b39fd8eadac4c38f60548e9ab707912c2c2916e366","68","C:\KICAD_SCRAPE\markdown_10k_clean\hackaday.com-2023-03-74-project-74.md","hackaday.com-2023-03-74-project-74.md","markdown_10k_clean","https://hackaday.com/2023/03/74/project-74","hackaday.com","15_video_reference_index","junk","search_or_tag_index"
"dup_0002","0b6d67a9dccccbe89b1250b39fd8eadac4c38f60548e9ab707912c2c2916e366","68","C:\KICAD_SCRAPE\markdown_10k_clean\hackaday.com-2023-03-75-project-75.md","hackaday.com-2023-03-75-project-75.md","markdown_10k_clean","https://hackaday.com/2023/03/75/project-75","hackaday.com","15_video_reference_index","junk","search_or_tag_index"
"dup_0002","0b6d67a9dccccbe89b1250b39fd8eadac4c38f60548e9ab707912c2c2916e366","68","C:\KICAD_SCRAPE\markdown_10k_clean\hackaday.com-2023-03-76-project-76.md","hackaday.com-2023-03-76-project-76.md","markdown_10k_clean","https://hackaday.com/2023/03/76/project-76","hackaday.com","15_video_reference_index","junk","search_or_tag_index"
"dup_0002","0b6d67a9dccccbe89b1250b39fd8eadac4c38f60548e9ab707912c2c2916e366","68","C:\KICAD_SCRAPE\markdown_10k_clean\hackaday.com-2023-03-77-project-77.md","hackaday.com-2023-03-77-project-77.md","markdown_10k_clean","https://hackaday.com/2023/03/77/project-77","hackaday.com","15_video_reference_index","junk","search_or_tag_index"
"dup_0002","0b6d67a9dccccbe89b1250b39fd8eadac4c38f60548e9ab707912c2c2916e366","68","C:\KICAD_SCRAPE\markdown_10k_clean\hackaday.com-2023-03-78-project-78.md","hackaday.com-2023-03-78-project-78.md","markdown_10k_clean","https://hackaday.com/2023/03/78/project-78","hackaday.com","15_video_reference_index","junk","search_or_tag_index"
"dup_0002","0b6d67a9dccccbe89b1250b39fd8eadac4c38f60548e9ab707912c2c2916e366","68","C:\KICAD_SCRAPE\markdown_10k_clean\hackaday.com-2023-03-79-project-79.md","hackaday.com-2023-03-79-project-79.md","markdown_10k_clean","https://hackaday.com/2023/03/79/project-79","hackaday.com","15_video_reference_index","junk","search_or_tag_index"
"dup_0002","0b6d67a9dccccbe89b1250b39fd8eadac4c38f60548e9ab707912c2c2916e366","68","C:\KICAD_SCRAPE\markdown_10k_clean\hackaday.com-2023-03-80-project-80.md","hackaday.com-2023-03-80-project-80.md","markdown_10k_clean","https://hackaday.com/2023/03/80/project-80","hackaday.com","15_video_reference_index","junk","search_or_tag_index"
"dup_0002","0b6d67a9dccccbe89b1250b39fd8eadac4c38f60548e9ab707912c2c2916e366","68","C:\KICAD_SCRAPE\markdown_10k_clean\hackaday.com-2023-03-81-project-81.md","hackaday.com-2023-03-81-project-81.md","markdown_10k_clean","https://hackaday.com/2023/03/81/project-81","hackaday.com","15_video_reference_index","junk","search_or_tag_index"
"dup_0002","0b6d67a9dccccbe89b1250b39fd8eadac4c38f60548e9ab707912c2c2916e366","68","C:\KICAD_SCRAPE\markdown_10k_clean\hackaday.com-2023-03-82-project-82.md","hackaday.com-2023-03-82-project-82.md","markdown_10k_clean","https://hackaday.com/2023/03/82/project-82","hackaday.com","15_video_reference_index","junk","search_or_tag_index"
"dup_0002","0b6d67a9dccccbe89b1250b39fd8eadac4c38f60548e9ab707912c2c2916e366","68","C:\KICAD_SCRAPE\markdown_10k_clean\hackaday.com-2023-03-83-project-83.md","hackaday.com-2023-03-83-project-83.md","markdown_10k_clean","https://hackaday.com/2023/03/83/project-83","hackaday.com","15_video_reference_index","junk","search_or_tag_index"
"dup_0002","0b6d67a9dccccbe89b1250b39fd8eadac4c38f60548e9ab707912c2c2916e366","68","C:\KICAD_SCRAPE\markdown_10k_clean\hackaday.com-2023-03-84-project-84.md","hackaday.com-2023-03-84-project-84.md","markdown_10k_clean","https://hackaday.com/2023/03/84/project-84","hackaday.com","15_video_reference_index","junk","search_or_tag_index"
"dup_0002","0b6d67a9dccccbe89b1250b39fd8eadac4c38f60548e9ab707912c2c2916e366","68","C:\KICAD_SCRAPE\markdown_10k_clean\hackaday.com-2023-03-85-project-85.md","hackaday.com-2023-03-85-project-85.md","markdown_10k_clean","https://hackaday.com/2023/03/85/project-85","hackaday.com","15_video_reference_index","junk","search_or_tag_index"
"dup_0002","0b6d67a9dccccbe89b1250b39fd8eadac4c38f60548e9ab707912c2c2916e366","68","C:\KICAD_SCRAPE\markdown_10k_clean\hackaday.com-2023-03-86-project-86.md","hackaday.com-2023-03-86-project-86.md","markdown_10k_clean","https://hackaday.com/2023/03/86/project-86","hackaday.com","15_video_reference_index","junk","search_or_tag_index"
"dup_0002","0b6d67a9dccccbe89b1250b39fd8eadac4c38f60548e9ab707912c2c2916e366","68","C:\KICAD_SCRAPE\markdown_10k_clean\hackaday.com-2023-03-87-project-87.md","hackaday.com-2023-03-87-project-87.md","markdown_10k_clean","https://hackaday.com/2023/03/87/project-87","hackaday.com","15_video_reference_index","junk","search_or_tag_index"
"dup_0002","0b6d67a9dccccbe89b1250b39fd8eadac4c38f60548e9ab707912c2c2916e366","68","C:\KICAD_SCRAPE\markdown_10k_clean\hackaday.com-2023-03-88-project-88.md","hackaday.com-2023-03-88-project-88.md","markdown_10k_clean","https://hackaday.com/2023/03/88/project-88","hackaday.com","15_video_reference_index","junk","search_or_tag_index"
"dup_0002","0b6d67a9dccccbe89b1250b39fd8eadac4c38f60548e9ab707912c2c2916e366","68","C:\KICAD_SCRAPE\markdown_10k_clean\hackaday.com-2023-03-89-project-89.md","hackaday.com-2023-03-89-project-89.md","markdown_10k_clean","https://hackaday.com/2023/03/89/project-89","hackaday.com","15_video_reference_index","junk","search_or_tag_index"
"dup_0002","0b6d67a9dccccbe89b1250b39fd8eadac4c38f60548e9ab707912c2c2916e366","68","C:\KICAD_SCRAPE\markdown_10k_clean\hackaday.com-2023-03-90-project-90.md","hackaday.com-2023-03-90-project-90.md","markdown_10k_clean","https://hackaday.com/2023/03/90/project-90","hackaday.com","15_video_reference_index","junk","search_or_tag_index"
"dup_0002","0b6d67a9dccccbe89b1250b39fd8eadac4c38f60548e9ab707912c2c2916e366","68","C:\KICAD_SCRAPE\markdown_10k_clean\hackaday.com-2023-03-91-project-91.md","hackaday.com-2023-03-91-project-91.md","markdown_10k_clean","https://hackaday.com/2023/03/91/project-91","hackaday.com","15_video_reference_index","junk","search_or_tag_index"
"dup_0002","0b6d67a9dccccbe89b1250b39fd8eadac4c38f60548e9ab707912c2c2916e366","68","C:\KICAD_SCRAPE\markdown_10k_clean\hackaday.com-2023-03-92-project-92.md","hackaday.com-2023-03-92-project-92.md","markdown_10k_clean","https://hackaday.com/2023/03/92/project-92","hackaday.com","15_video_reference_index","junk","search_or_tag_index"
"dup_0002","0b6d67a9dccccbe89b1250b39fd8eadac4c38f60548e9ab707912c2c2916e366","68","C:\KICAD_SCRAPE\markdown_10k_clean\hackaday.com-2023-03-93-project-93.md","hackaday.com-2023-03-93-project-93.md","markdown_10k_clean","https://hackaday.com/2023/03/93/project-93","hackaday.com","15_video_reference_index","junk","search_or_tag_index"
"dup_0002","0b6d67a9dccccbe89b1250b39fd8eadac4c38f60548e9ab707912c2c2916e366","68","C:\KICAD_SCRAPE\markdown_10k_clean\hackaday.com-2023-03-94-project-94.md","hackaday.com-2023-03-94-project-94.md","markdown_10k_clean","https://hackaday.com/2023/03/94/project-94","hackaday.com","15_video_reference_index","junk","search_or_tag_index"
"dup_0002","0b6d67a9dccccbe89b1250b39fd8eadac4c38f60548e9ab707912c2c2916e366","68","C:\KICAD_SCRAPE\markdown_10k_clean\hackaday.com-2023-03-95-project-95.md","hackaday.com-2023-03-95-project-95.md","markdown_10k_clean","https://hackaday.com/2023/03/95/project-95","hackaday.com","15_video_reference_index","junk","search_or_tag_index"
"dup_0002","0b6d67a9dccccbe89b1250b39fd8eadac4c38f60548e9ab707912c2c2916e366","68","C:\KICAD_SCRAPE\markdown_10k_clean\hackaday.com-2023-03-96-project-96.md","hackaday.com-2023-03-96-project-96.md","markdown_10k_clean","https://hackaday.com/2023/03/96/project-96","hackaday.com","15_video_reference_index","junk","search_or_tag_index"
"dup_0002","0b6d67a9dccccbe89b1250b39fd8eadac4c38f60548e9ab707912c2c2916e366","68","C:\KICAD_SCRAPE\markdown_10k_clean\hackaday.com-2023-03-97-project-97.md","hackaday.com-2023-03-97-project-97.md","markdown_10k_clean","https://hackaday.com/2023/03/97/project-97","hackaday.com","15_video_reference_index","junk","search_or_tag_index"
"dup_0002","0b6d67a9dccccbe89b1250b39fd8eadac4c38f60548e9ab707912c2c2916e366","68","C:\KICAD_SCRAPE\markdown_10k_clean\hackaday.com-2023-03-98-project-98.md","hackaday.com-2023-03-98-project-98.md","markdown_10k_clean","https://hackaday.com/2023/03/98/project-98","hackaday.com","15_video_reference_index","junk","search_or_tag_index"
"dup_0002","0b6d67a9dccccbe89b1250b39fd8eadac4c38f60548e9ab707912c2c2916e366","68","C:\KICAD_SCRAPE\markdown_10k_clean\hackaday.com-2023-03-99-project-99.md","hackaday.com-2023-03-99-project-99.md","markdown_10k_clean","https://hackaday.com/2023/03/99/project-99","hackaday.com","15_video_reference_index","junk","search_or_tag_index"
"dup_0003","dfdb0c87e3aa3593f843d9396c9f97dd5c10cad31958adfcc02e1df78d7d3732","68","C:\KICAD_SCRAPE\markdown_10k_clean\hackaday.com-2021-01-32-some-post-32.md","hackaday.com-2021-01-32-some-post-32.md","markdown_10k_clean","https://hackaday.com/2021/01/32/some-post-32","hackaday.com","15_video_reference_index","junk","search_or_tag_index"
"dup_0003","dfdb0c87e3aa3593f843d9396c9f97dd5c10cad31958adfcc02e1df78d7d3732","68","C:\KICAD_SCRAPE\markdown_10k_clean\hackaday.com-2021-01-33-some-post-33.md","hackaday.com-2021-01-33-some-post-33.md","markdown_10k_clean","https://hackaday.com/2021/01/33/some-post-33","hackaday.com","15_video_reference_index","junk","search_or_tag_index"
"dup_0003","dfdb0c87e3aa3593f843d9396c9f97dd5c10cad31958adfcc02e1df78d7d3732","68","C:\KICAD_SCRAPE\markdown_10k_clean\hackaday.com-2021-01-34-some-post-34.md","hackaday.com-2021-01-34-some-post-34.md","markdown_10k_clean","https://hackaday.com/2021/01/34/some-post-34","hackaday.com","15_video_reference_index","junk","search_or_tag_index"
"dup_0003","dfdb0c87e3aa3593f843d9396c9f97dd5c10cad31958adfcc02e1df78d7d3732","68","C:\KICAD_SCRAPE\markdown_10k_clean\hackaday.com-2021-01-35-some-post-35.md","hackaday.com-2021-01-35-some-post-35.md","markdown_10k_clean","https://hackaday.com/2021/01/35/some-post-35","hackaday.com","15_video_reference_index","junk","search_or_tag_index"
"dup_0003","dfdb0c87e3aa3593f843d9396c9f97dd5c10cad31958adfcc02e1df78d7d3732","68","C:\KICAD_SCRAPE\markdown_10k_clean\hackaday.com-2021-01-36-some-post-36.md","hackaday.com-2021-01-36-some-post-36.md","markdown_10k_clean","https://hackaday.com/2021/01/36/some-post-36","hackaday.com","15_video_reference_index","junk","search_or_tag_index"
"dup_0003","dfdb0c87e3aa3593f843d9396c9f97dd5c10cad31958adfcc02e1df78d7d3732","68","C:\KICAD_SCRAPE\markdown_10k_clean\hackaday.com-2021-01-37-some-post-37.md","hackaday.com-2021-01-37-some-post-37.md","markdown_10k_clean","https://hackaday.com/2021/01/37/some-post-37","hackaday.com","15_video_reference_index","junk","search_or_tag_index"
"dup_0003","dfdb0c87e3aa3593f843d9396c9f97dd5c10cad31958adfcc02e1df78d7d3732","68","C:\KICAD_SCRAPE\markdown_10k_clean\hackaday.com-2021-01-38-some-post-38.md","hackaday.com-2021-01-38-some-post-38.md","markdown_10k_clean","https://hackaday.com/2021/01/38/some-post-38","hackaday.com","15_video_reference_index","junk","search_or_tag_index"
"dup_0003","dfdb0c87e3aa3593f843d9396c9f97dd5c10cad31958adfcc02e1df78d7d3732","68","C:\KICAD_SCRAPE\markdown_10k_clean\hackaday.com-2021-01-39-some-post-39.md","hackaday.com-2021-01-39-some-post-39.md","markdown_10k_clean","https://hackaday.com/2021/01/39/some-post-39","hackaday.com","15_video_reference_index","junk","search_or_tag_index"
"dup_0003","dfdb0c87e3aa3593f843d9396c9f97dd5c10cad31958adfcc02e1df78d7d3732","68","C:\KICAD_SCRAPE\markdown_10k_clean\hackaday.com-2021-01-40-some-post-40.md","hackaday.com-2021-01-40-some-post-40.md","markdown_10k_clean","https://hackaday.com/2021/01/40/some-post-40","hackaday.com","15_video_reference_index","junk","search_or_tag_index"
"dup_0003","dfdb0c87e3aa3593f843d9396c9f97dd5c10cad31958adfcc02e1df78d7d3732","68","C:\KICAD_SCRAPE\markdown_10k_clean\hackaday.com-2021-01-41-some-post-41.md","hackaday.com-2021-01-41-some-post-41.md","markdown_10k_clean","https://hackaday.com/2021/01/41/some-post-41","hackaday.com","15_video_reference_index","junk","search_or_tag_index"
"dup_0003","dfdb0c87e3aa3593f843d9396c9f97dd5c10cad31958adfcc02e1df78d7d3732","68","C:\KICAD_SCRAPE\markdown_10k_clean\hackaday.com-2021-01-42-some-post-42.md","hackaday.com-2021-01-42-some-post-42.md","markdown_10k_clean","https://hackaday.com/2021/01/42/some-post-42","hackaday.com","15_video_reference_index","junk","search_or_tag_index"
"dup_0003","dfdb0c87e3aa3593f843d9396c9f97dd5c10cad31958adfcc02e1df78d7d3732","68","C:\KICAD_SCRAPE\markdown_10k_clean\hackaday.com-2021-01-43-some-post-43.md","hackaday.com-2021-01-43-some-post-43.md","markdown_10k_clean","https://hackaday.com/2021/01/43/some-post-43","hackaday.com","15_video_reference_index","junk","search_or_tag_index"
"dup_0003","dfdb0c87e3aa3593f843d9396c9f97dd5c10cad31958adfcc02e1df78d7d3732","68","C:\KICAD_SCRAPE\markdown_10k_clean\hackaday.com-2021-01-44-some-post-44.md","hackaday.com-2021-01-44-some-post-44.md","markdown_10k_clean","https://hackaday.com/2021/01/44/some-post-44","hackaday.com","15_video_reference_index","junk","search_or_tag_index"
"dup_0003","dfdb0c87e3aa3593f843d9396c9f97dd5c10cad31958adfcc02e1df78d7d3732","68","C:\KICAD_SCRAPE\markdown_10k_clean\hackaday.com-2021-01-45-some-post-45.md","hackaday.com-2021-01-45-some-post-45.md","markdown_10k_clean","https://hackaday.com/2021/01/45/some-post-45","hackaday.com","15_video_reference_index","junk","search_or_tag_index"
"dup_0003","dfdb0c87e3aa3593f843d9396c9f97dd5c10cad31958adfcc02e1df78d7d3732","68","C:\KICAD_SCRAPE\markdown_10k_clean\hackaday.com-2021-01-46-some-post-46.md","hackaday.com-2021-01-46-some-post-46.md","markdown_10k_clean","https://hackaday.com/2021/01/46/some-post-46","hackaday.com","15_video_reference_index","junk","search_or_tag_index"
"dup_0003","dfdb0c87e3aa3593f843d9396c9f97dd5c10cad31958adfcc02e1df78d7d3732","68","C:\KICAD_SCRAPE\markdown_10k_clean\hackaday.com-2021-01-47-some-post-47.md","hackaday.com-2021-01-47-some-post-47.md","markdown_10k_clean","https://hackaday.com/2021/01/47/some-post-47","hackaday.com","15_video_reference_index","junk","search_or_tag_index"
"dup_0003","dfdb0c87e3aa3593f843d9396c9f97dd5c10cad31958adfcc02e1df78d7d3732","68","C:\KICAD_SCRAPE\markdown_10k_clean\hackaday.com-2021-01-48-some-post-48.md","hackaday.com-2021-01-48-some-post-48.md","markdown_10k_clean","https://hackaday.com/2021/01/48/some-post-48","hackaday.com","15_video_reference_index","junk","search_or_tag_index"
"dup_0003","dfdb0c87e3aa3593f843d9396c9f97dd5c10cad31958adfcc02e1df78d7d3732","68","C:\KICAD_SCRAPE\markdown_10k_clean\hackaday.com-2021-01-49-some-post-49.md","hackaday.com-2021-01-49-some-post-49.md","markdown_10k_clean","https://hackaday.com/2021/01/49/some-post-49","hackaday.com","15_video_reference_index","junk","search_or_tag_index"
"dup_0003","dfdb0c87e3aa3593f843d9396c9f97dd5c10cad31958adfcc02e1df78d7d3732","68","C:\KICAD_SCRAPE\markdown_10k_clean\hackaday.com-2021-01-50-some-post-50.md","hackaday.com-2021-01-50-some-post-50.md","markdown_10k_clean","https://hackaday.com/2021/01/50/some-post-50","hackaday.com","15_video_reference_index","junk","search_or_tag_index"
"dup_0003","dfdb0c87e3aa3593f843d9396c9f97dd5c10cad31958adfcc02e1df78d7d3732","68","C:\KICAD_SCRAPE\markdown_10k_clean\hackaday.com-2021-01-51-some-post-51.md","hackaday.com-2021-01-51-some-post-51.md","markdown_10k_clean","https://hackaday.com/2021/01/51/some-post-51","hackaday.com","15_video_reference_index","junk","search_or_tag_index"
"dup_0003","dfdb0c87e3aa3593f843d9396c9f97dd5c10cad31958adfcc02e1df78d7d3732","68","C:\KICAD_SCRAPE\markdown_10k_clean\hackaday.com-2021-01-52-some-post-52.md","hackaday.com-2021-01-52-some-post-52.md","markdown_10k_clean","https://hackaday.com/2021/01/52/some-post-52","hackaday.com","15_video_reference_index","junk","search_or_tag_index"
"dup_0003","dfdb0c87e3aa3593f843d9396c9f97dd5c10cad31958adfcc02e1df78d7d3732","68","C:\KICAD_SCRAPE\markdown_10k_clean\hackaday.com-2021-01-53-some-post-53.md","hackaday.com-2021-01-53-some-post-53.md","markdown_10k_clean","https://hackaday.com/2021/01/53/some-post-53","hackaday.com","15_video_reference_index","junk","search_or_tag_index"
"dup_0003","dfdb0c87e3aa3593f843d9396c9f97dd5c10cad31958adfcc02e1df78d7d3732","68","C:\KICAD_SCRAPE\markdown_10k_clean\hackaday.com-2021-01-54-some-post-54.md","hackaday.com-2021-01-54-some-post-54.md","markdown_10k_clean","https://hackaday.com/2021/01/54/some-post-54","hackaday.com","15_video_reference_index","junk","search_or_tag_index"
"dup_0003","dfdb0c87e3aa3593f843d9396c9f97dd5c10cad31958adfcc02e1df78d7d3732","68","C:\KICAD_SCRAPE\markdown_10k_clean\hackaday.com-2021-01-55-some-post-55.md","hackaday.com-2021-01-55-some-post-55.md","markdown_10k_clean","https://hackaday.com/2021/01/55/some-post-55","hackaday.com","15_video_reference_index","junk","search_or_tag_index"
"dup_0003","dfdb0c87e3aa3593f843d9396c9f97dd5c10cad31958adfcc02e1df78d7d3732","68","C:\KICAD_SCRAPE\markdown_10k_clean\hackaday.com-2021-01-56-some-post-56.md","hackaday.com-2021-01-56-some-post-56.md","markdown_10k_clean","https://hackaday.com/2021/01/56/some-post-56","hackaday.com","15_video_reference_index","junk","search_or_tag_index"
"dup_0003","dfdb0c87e3aa3593f843d9396c9f97dd5c10cad31958adfcc02e1df78d7d3732","68","C:\KICAD_SCRAPE\markdown_10k_clean\hackaday.com-2021-01-57-some-post-57.md","hackaday.com-2021-01-57-some-post-57.md","markdown_10k_clean","https://hackaday.com/2021/01/57/some-post-57","hackaday.com","15_video_reference_index","junk","search_or_tag_index"
"dup_0003","dfdb0c87e3aa3593f843d9396c9f97dd5c10cad31958adfcc02e1df78d7d3732","68","C:\KICAD_SCRAPE\markdown_10k_clean\hackaday.com-2021-01-58-some-post-58.md","hackaday.com-2021-01-58-some-post-58.md","markdown_10k_clean","https://hackaday.com/2021/01/58/some-post-58","hackaday.com","15_video_reference_index","junk","search_or_tag_index"
"dup_0003","dfdb0c87e3aa3593f843d9396c9f97dd5c10cad31958adfcc02e1df78d7d3732","68","C:\KICAD_SCRAPE\markdown_10k_clean\hackaday.com-2021-01-59-some-post-59.md","hackaday.com-2021-01-59-some-post-59.md","markdown_10k_clean","https://hackaday.com/2021/01/59/some-post-59","hackaday.com","15_video_reference_index","junk","search_or_tag_index"
"dup_0003","dfdb0c87e3aa3593f843d9396c9f97dd5c10cad31958adfcc02e1df78d7d3732","68","C:\KICAD_SCRAPE\markdown_10k_clean\hackaday.com-2021-01-60-some-post-60.md","hackaday.com-2021-01-60-some-post-60.md","markdown_10k_clean","https://hackaday.com/2021/01/60/some-post-60","hackaday.com","15_video_reference_index","junk","search_or_tag_index"
"dup_0003","dfdb0c87e3aa3593f843d9396c9f97dd5c10cad31958adfcc02e1df78d7d3732","68","C:\KICAD_SCRAPE\markdown_10k_clean\hackaday.com-2021-01-61-some-post-61.md","hackaday.com-2021-01-61-some-post-61.md","markdown_10k_clean","https://hackaday.com/2021/01/61/some-post-61","hackaday.com","15_video_reference_index","junk","search_or_tag_index"
"dup_0003","dfdb0c87e3aa3593f843d9396c9f97dd5c10cad31958adfcc02e1df78d7d3732","68","C:\KICAD_SCRAPE\markdown_10k_clean\hackaday.com-2021-01-62-some-post-62.md","hackaday.com-2021-01-62-some-post-62.md","markdown_10k_clean","https://hackaday.com/2021/01/62/some-post-62","hackaday.com","15_video_reference_index","junk","search_or_tag_index"
"dup_0003","dfdb0c87e3aa3593f843d9396c9f97dd5c10cad31958adfcc02e1df78d7d3732","68","C:\KICAD_SCRAPE\markdown_10k_clean\hackaday.com-2021-01-63-some-post-63.md","hackaday.com-2021-01-63-some-post-63.md","markdown_10k_clean","https://hackaday.com/2021/01/63/some-post-63","hackaday.com","15_video_reference_index","junk","search_or_tag_index"
"dup_0003","dfdb0c87e3aa3593f843d9396c9f97dd5c10cad31958adfcc02e1df78d7d3732","68","C:\KICAD_SCRAPE\markdown_10k_clean\hackaday.com-2021-01-64-some-post-64.md","hackaday.com-2021-01-64-some-post-64.md","markdown_10k_clean","https://hackaday.com/2021/01/64/some-post-64","hackaday.com","15_video_reference_index","junk","search_or_tag_index"
"dup_0003","dfdb0c87e3aa3593f843d9396c9f97dd5c10cad31958adfcc02e1df78d7d3732","68","C:\KICAD_SCRAPE\markdown_10k_clean\hackaday.com-2021-01-65-some-post-65.md","hackaday.com-2021-01-65-some-post-65.md","markdown_10k_clean","https://hackaday.com/2021/01/65/some-post-65","hackaday.com","15_video_reference_index","junk","search_or_tag_index"
"dup_0003","dfdb0c87e3aa3593f843d9396c9f97dd5c10cad31958adfcc02e1df78d7d3732","68","C:\KICAD_SCRAPE\markdown_10k_clean\hackaday.com-2021-01-66-some-post-66.md","hackaday.com-2021-01-66-some-post-66.md","markdown_10k_clean","https://hackaday.com/2021/01/66/some-post-66","hackaday.com","15_video_reference_index","junk","search_or_tag_index"
"dup_0003","dfdb0c87e3aa3593f843d9396c9f97dd5c10cad31958adfcc02e1df78d7d3732","68","C:\KICAD_SCRAPE\markdown_10k_clean\hackaday.com-2021-01-67-some-post-67.md","hackaday.com-2021-01-67-some-post-67.md","markdown_10k_clean","https://hackaday.com/2021/01/67/some-post-67","hackaday.com","15_video_reference_index","junk","search_or_tag_index"
"dup_0003","dfdb0c87e3aa3593f843d9396c9f97dd5c10cad31958adfcc02e1df78d7d3732","68","C:\KICAD_SCRAPE\markdown_10k_clean\hackaday.com-2021-01-68-some-post-68.md","hackaday.com-2021-01-68-some-post-68.md","markdown_10k_clean","https://hackaday.com/2021/01/68/some-post-68","hackaday.com","15_video_reference_index","junk","search_or_tag_index"
"dup_0003","dfdb0c87e3aa3593f843d9396c9f97dd5c10cad31958adfcc02e1df78d7d3732","68","C:\KICAD_SCRAPE\markdown_10k_clean\hackaday.com-2021-01-69-some-post-69.md","hackaday.com-2021-01-69-some-post-69.md","markdown_10k_clean","https://hackaday.com/2021/01/69/some-post-69","hackaday.com","15_video_reference_index","junk","search_or_tag_index"
"dup_0003","dfdb0c87e3aa3593f843d9396c9f97dd5c10cad31958adfcc02e1df78d7d3732","68","C:\KICAD_SCRAPE\markdown_10k_clean\hackaday.com-2021-01-70-some-post-70.md","hackaday.com-2021-01-70-some-post-70.md","markdown_10k_clean","https://hackaday.com/2021/01/70/some-post-70","hackaday.com","15_video_reference_index","junk","search_or_tag_index"
"dup_0003","dfdb0c87e3aa3593f843d9396c9f97dd5c10cad31958adfcc02e1df78d7d3732","68","C:\KICAD_SCRAPE\markdown_10k_clean\hackaday.com-2021-01-71-some-post-71.md","hackaday.com-2021-01-71-some-post-71.md","markdown_10k_clean","https://hackaday.com/2021/01/71/some-post-71","hackaday.com","15_video_reference_index","junk","search_or_tag_index"
"dup_0003","dfdb0c87e3aa3593f843d9396c9f97dd5c10cad31958adfcc02e1df78d7d3732","68","C:\KICAD_SCRAPE\markdown_10k_clean\hackaday.com-2021-01-72-some-post-72.md","hackaday.com-2021-01-72-some-post-72.md","markdown_10k_clean","https://hackaday.com/2021/01/72/some-post-72","hackaday.com","15_video_reference_index","junk","search_or_tag_index"
"dup_0003","dfdb0c87e3aa3593f843d9396c9f97dd5c10cad31958adfcc02e1df78d7d3732","68","C:\KICAD_SCRAPE\markdown_10k_clean\hackaday.com-2021-01-73-some-post-73.md","hackaday.com-2021-01-73-some-post-73.md","markdown_10k_clean","https://hackaday.com/2021/01/73/some-post-73","hackaday.com","15_video_reference_index","junk","search_or_tag_index"
"dup_0003","dfdb0c87e3aa3593f843d9396c9f97dd5c10cad31958adfcc02e1df78d7d3732","68","C:\KICAD_SCRAPE\markdown_10k_clean\hackaday.com-2021-01-74-some-post-74.md","hackaday.com-2021-01-74-some-post-74.md","markdown_10k_clean","https://hackaday.com/2021/01/74/some-post-74","hackaday.com","15_video_reference_index","junk","search_or_tag_index"
"dup_0003","dfdb0c87e3aa3593f843d9396c9f97dd5c10cad31958adfcc02e1df78d7d3732","68","C:\KICAD_SCRAPE\markdown_10k_clean\hackaday.com-2021-01-75-some-post-75.md","hackaday.com-2021-01-75-some-post-75.md","markdown_10k_clean","https://hackaday.com/2021/01/75/some-post-75","hackaday.com","15_video_reference_index","junk","search_or_tag_index"
"dup_0003","dfdb0c87e3aa3593f843d9396c9f97dd5c10cad31958adfcc02e1df78d7d3732","68","C:\KICAD_SCRAPE\markdown_10k_clean\hackaday.com-2021-01-76-some-post-76.md","hackaday.com-2021-01-76-some-post-76.md","markdown_10k_clean","https://hackaday.com/2021/01/76/some-post-76","hackaday.com","15_video_reference_index","junk","search_or_tag_index"
"dup_0003","dfdb0c87e3aa3593f843d9396c9f97dd5c10cad31958adfcc02e1df78d7d3732","68","C:\KICAD_SCRAPE\markdown_10k_clean\hackaday.com-2021-01-77-some-post-77.md","hackaday.com-2021-01-77-some-post-77.md","markdown_10k_clean","https://hackaday.com/2021/01/77/some-post-77","hackaday.com","15_video_reference_index","junk","search_or_tag_index"
"dup_0003","dfdb0c87e3aa3593f843d9396c9f97dd5c10cad31958adfcc02e1df78d7d3732","68","C:\KICAD_SCRAPE\markdown_10k_clean\hackaday.com-2021-01-78-some-post-78.md","hackaday.com-2021-01-78-some-post-78.md","markdown_10k_clean","https://hackaday.com/2021/01/78/some-post-78","hackaday.com","15_video_reference_index","junk","search_or_tag_index"
"dup_0003","dfdb0c87e3aa3593f843d9396c9f97dd5c10cad31958adfcc02e1df78d7d3732","68","C:\KICAD_SCRAPE\markdown_10k_clean\hackaday.com-2021-01-79-some-post-79.md","hackaday.com-2021-01-79-some-post-79.md","markdown_10k_clean","https://hackaday.com/2021/01/79/some-post-79","hackaday.com","15_video_reference_index","junk","search_or_tag_index"
"dup_0003","dfdb0c87e3aa3593f843d9396c9f97dd5c10cad31958adfcc02e1df78d7d3732","68","C:\KICAD_SCRAPE\markdown_10k_clean\hackaday.com-2021-01-80-some-post-80.md","hackaday.com-2021-01-80-some-post-80.md","markdown_10k_clean","https://hackaday.com/2021/01/80/some-post-80","hackaday.com","15_video_reference_index","junk","search_or_tag_index"
"dup_0003","dfdb0c87e3aa3593f843d9396c9f97dd5c10cad31958adfcc02e1df78d7d3732","68","C:\KICAD_SCRAPE\markdown_10k_clean\hackaday.com-2021-01-81-some-post-81.md","hackaday.com-2021-01-81-some-post-81.md","markdown_10k_clean","https://hackaday.com/2021/01/81/some-post-81","hackaday.com","15_video_reference_index","junk","search_or_tag_index"
"dup_0003","dfdb0c87e3aa3593f843d9396c9f97dd5c10cad31958adfcc02e1df78d7d3732","68","C:\KICAD_SCRAPE\markdown_10k_clean\hackaday.com-2021-01-82-some-post-82.md","hackaday.com-2021-01-82-some-post-82.md","markdown_10k_clean","https://hackaday.com/2021/01/82/some-post-82","hackaday.com","15_video_reference_index","junk","search_or_tag_index"
"dup_0003","dfdb0c87e3aa3593f843d9396c9f97dd5c10cad31958adfcc02e1df78d7d3732","68","C:\KICAD_SCRAPE\markdown_10k_clean\hackaday.com-2021-01-83-some-post-83.md","hackaday.com-2021-01-83-some-post-83.md","markdown_10k_clean","https://hackaday.com/2021/01/83/some-post-83","hackaday.com","15_video_reference_index","junk","search_or_tag_index"
"dup_0003","dfdb0c87e3aa3593f843d9396c9f97dd5c10cad31958adfcc02e1df78d7d3732","68","C:\KICAD_SCRAPE\markdown_10k_clean\hackaday.com-2021-01-84-some-post-84.md","hackaday.com-2021-01-84-some-post-84.md","markdown_10k_clean","https://hackaday.com/2021/01/84/some-post-84","hackaday.com","15_video_reference_index","junk","search_or_tag_index"
"dup_0003","dfdb0c87e3aa3593f843d9396c9f97dd5c10cad31958adfcc02e1df78d7d3732","68","C:\KICAD_SCRAPE\markdown_10k_clean\hackaday.com-2021-01-85-some-post-85.md","hackaday.com-2021-01-85-some-post-85.md","markdown_10k_clean","https://hackaday.com/2021/01/85/some-post-85","hackaday.com","15_video_reference_index","junk","search_or_tag_index"
"dup_0003","dfdb0c87e3aa3593f843d9396c9f97dd5c10cad31958adfcc02e1df78d7d3732","68","C:\KICAD_SCRAPE\markdown_10k_clean\hackaday.com-2021-01-86-some-post-86.md","hackaday.com-2021-01-86-some-post-86.md","markdown_10k_clean","https://hackaday.com/2021/01/86/some-post-86","hackaday.com","15_video_reference_index","junk","search_or_tag_index"
"dup_0003","dfdb0c87e3aa3593f843d9396c9f97dd5c10cad31958adfcc02e1df78d7d3732","68","C:\KICAD_SCRAPE\markdown_10k_clean\hackaday.com-2021-01-87-some-post-87.md","hackaday.com-2021-01-87-some-post-87.md","markdown_10k_clean","https://hackaday.com/2021/01/87/some-post-87","hackaday.com","15_video_reference_index","junk","search_or_tag_index"
"dup_0003","dfdb0c87e3aa3593f843d9396c9f97dd5c10cad31958adfcc02e1df78d7d3732","68","C:\KICAD_SCRAPE\markdown_10k_clean\hackaday.com-2021-01-88-some-post-88.md","hackaday.com-2021-01-88-some-post-88.md","markdown_10k_clean","https://hackaday.com/2021/01/88/some-post-88","hackaday.com","15_video_reference_index","junk","search_or_tag_index"
"dup_0003","dfdb0c87e3aa3593f843d9396c9f97dd5c10cad31958adfcc02e1df78d7d3732","68","C:\KICAD_SCRAPE\markdown_10k_clean\hackaday.com-2021-01-89-some-post-89.md","hackaday.com-2021-01-89-some-post-89.md","markdown_10k_clean","https://hackaday.com/2021/01/89/some-post-89","hackaday.com","15_video_reference_index","junk","search_or_tag_index"
"dup_0003","dfdb0c87e3aa3593f843d9396c9f97dd5c10cad31958adfcc02e1df78d7d3732","68","C:\KICAD_SCRAPE\markdown_10k_clean\hackaday.com-2021-01-90-some-post-90.md","hackaday.com-2021-01-90-some-post-90.md","markdown_10k_clean","https://hackaday.com/2021/01/90/some-post-90","hackaday.com","15_video_reference_index","junk","search_or_tag_index"
"dup_0003","dfdb0c87e3aa3593f843d9396c9f97dd5c10cad31958adfcc02e1df78d7d3732","68","C:\KICAD_SCRAPE\markdown_10k_clean\hackaday.com-2021-01-91-some-post-91.md","hackaday.com-2021-01-91-some-post-91.md","markdown_10k_clean","https://hackaday.com/2021/01/91/some-post-91","hackaday.com","15_video_reference_index","junk","search_or_tag_index"
"dup_0003","dfdb0c87e3aa3593f843d9396c9f97dd5c10cad31958adfcc02e1df78d7d3732","68","C:\KICAD_SCRAPE\markdown_10k_clean\hackaday.com-2021-01-92-some-post-92.md","hackaday.com-2021-01-92-some-post-92.md","markdown_10k_clean","https://hackaday.com/2021/01/92/some-post-92","hackaday.com","15_video_reference_index","junk","search_or_tag_index"
"dup_0003","dfdb0c87e3aa3593f843d9396c9f97dd5c10cad31958adfcc02e1df78d7d3732","68","C:\KICAD_SCRAPE\markdown_10k_clean\hackaday.com-2021-01-93-some-post-93.md","hackaday.com-2021-01-93-some-post-93.md","markdown_10k_clean","https://hackaday.com/2021/01/93/some-post-93","hackaday.com","15_video_reference_index","junk","search_or_tag_index"
"dup_0003","dfdb0c87e3aa3593f843d9396c9f97dd5c10cad31958adfcc02e1df78d7d3732","68","C:\KICAD_SCRAPE\markdown_10k_clean\hackaday.com-2021-01-94-some-post-94.md","hackaday.com-2021-01-94-some-post-94.md","markdown_10k_clean","https://hackaday.com/2021/01/94/some-post-94","hackaday.com","15_video_reference_index","junk","search_or_tag_index"
"dup_0003","dfdb0c87e3aa3593f843d9396c9f97dd5c10cad31958adfcc02e1df78d7d3732","68","C:\KICAD_SCRAPE\markdown_10k_clean\hackaday.com-2021-01-95-some-post-95.md","hackaday.com-2021-01-95-some-post-95.md","markdown_10k_clean","https://hackaday.com/2021/01/95/some-post-95","hackaday.com","15_video_reference_index","junk","search_or_tag_index"
"dup_0003","dfdb0c87e3aa3593f843d9396c9f97dd5c10cad31958adfcc02e1df78d7d3732","68","C:\KICAD_SCRAPE\markdown_10k_clean\hackaday.com-2021-01-96-some-post-96.md","hackaday.com-2021-01-96-some-post-96.md","markdown_10k_clean","https://hackaday.com/2021/01/96/some-post-96","hackaday.com","15_video_reference_index","junk","search_or_tag_index"
"dup_0003","dfdb0c87e3aa3593f843d9396c9f97dd5c10cad31958adfcc02e1df78d7d3732","68","C:\KICAD_SCRAPE\markdown_10k_clean\hackaday.com-2021-01-97-some-post-97.md","hackaday.com-2021-01-97-some-post-97.md","markdown_10k_clean","https://hackaday.com/2021/01/97/some-post-97","hackaday.com","15_video_reference_index","junk","search_or_tag_index"
"dup_0003","dfdb0c87e3aa3593f843d9396c9f97dd5c10cad31958adfcc02e1df78d7d3732","68","C:\KICAD_SCRAPE\markdown_10k_clean\hackaday.com-2021-01-98-some-post-98.md","hackaday.com-2021-01-98-some-post-98.md","markdown_10k_clean","https://hackaday.com/2021/01/98/some-post-98","hackaday.com","15_video_reference_index","junk","search_or_tag_index"
"dup_0003","dfdb0c87e3aa3593f843d9396c9f97dd5c10cad31958adfcc02e1df78d7d3732","68","C:\KICAD_SCRAPE\markdown_10k_clean\hackaday.com-2021-01-99-some-post-99.md","hackaday.com-2021-01-99-some-post-99.md","markdown_10k_clean","https://hackaday.com/2021/01/99/some-post-99","hackaday.com","15_video_reference_index","junk","search_or_tag_index"
"dup_0004","e3b0c44298fc1c149afbf4c8996fb92427ae41e4649b934ca495991b7852b855","26","C:\KICAD_SCRAPE\markdown_10k_clean\_done_urls.txt","_done_urls.txt","markdown_10k_clean",,,"99_source_logs","low","done_log"
"dup_0004","e3b0c44298fc1c149afbf4c8996fb92427ae41e4649b934ca495991b7852b855","26","C:\KICAD_SCRAPE\markdown_url2_clean\dev-docs.kicad.org-en-contribute-index.html.md","dev-docs.kicad.org-en-contribute-index.html.md","markdown_url2_clean","https://dev-docs.kicad.org/en/contribute/index.html","dev-docs.kicad.org","01_kicad_core","high",
"dup_0004","e3b0c44298fc1c149afbf4c8996fb92427ae41e4649b934ca495991b7852b855","26","C:\KICAD_SCRAPE\markdown_url2_clean\developer.sony.com-spresense-development-guides-introduction_en.html.md","developer.sony.com-spresense-development-guides-introduction_en.html.md","markdown_url2_clean","https://developer.sony.com/spresense/development-guides/introduction_en.html","developer.sony.com","06_microcontrollers","unknown",
"dup_0004","e3b0c44298fc1c149afbf4c8996fb92427ae41e4649b934ca495991b7852b855","26","C:\KICAD_SCRAPE\markdown_url2_clean\forum.kicad.info-search.md","forum.kicad.info-search.md","markdown_url2_clean","https://forum.kicad.info/search?q=zone%20refill%20drc","forum.kicad.info","12_forums_peer_review","junk","search_or_tag_index"
"dup_0004","e3b0c44298fc1c149afbf4c8996fb92427ae41e4649b934ca495991b7852b855","26","C:\KICAD_SCRAPE\markdown_url2_clean\gitlab.com-kicad-code-kicad-issues.md","gitlab.com-kicad-code-kicad-issues.md","markdown_url2_clean","https://gitlab.com/kicad/code/kicad/-/issues/?search=router","gitlab.com","90_unsorted_review","unknown",
"dup_0004","e3b0c44298fc1c149afbf4c8996fb92427ae41e4649b934ca495991b7852b855","26","C:\KICAD_SCRAPE\markdown_url2_clean\gitlab.com-kicad-code-kicad-python-issues.md","gitlab.com-kicad-code-kicad-python-issues.md","markdown_url2_clean","https://gitlab.com/kicad/code/kicad-python/-/issues","gitlab.com","02_kicad_python_api","unknown",
"dup_0004","e3b0c44298fc1c149afbf4c8996fb92427ae41e4649b934ca495991b7852b855","26","C:\KICAD_SCRAPE\markdown_url2_clean\pasternack.com-t-calculator-microstrip.aspx.md","pasternack.com-t-calculator-microstrip.aspx.md","markdown_url2_clean","https://www.pasternack.com/t-calculator-microstrip.aspx","pasternack.com","11_calculators_ipc_reference","unknown",
"dup_0004","e3b0c44298fc1c149afbf4c8996fb92427ae41e4649b934ca495991b7852b855","26","C:\KICAD_SCRAPE\markdown_url2_clean\pcbway.com-pcb_prototype-PCB_Assembly.html.md","pcbway.com-pcb_prototype-PCB_Assembly.html.md","markdown_url2_clean","https://www.pcbway.com/pcb_prototype/PCB_Assembly.html","pcbway.com","10_dfm_fabrication_assembly","unknown",
"dup_0004","e3b0c44298fc1c149afbf4c8996fb92427ae41e4649b934ca495991b7852b855","26","C:\KICAD_SCRAPE\markdown_url2_clean\pcbway.com-pcb_prototype-PCB_Capabilities.html.md","pcbway.com-pcb_prototype-PCB_Capabilities.html.md","markdown_url2_clean","https://www.pcbway.com/pcb_prototype/PCB_Capabilities.html","pcbway.com","10_dfm_fabrication_assembly","unknown",
"dup_0004","e3b0c44298fc1c149afbf4c8996fb92427ae41e4649b934ca495991b7852b855","26","C:\KICAD_SCRAPE\markdown_url2_clean\pcbway.com-pcb_prototype-PCB_Impedance_Control.html.md","pcbway.com-pcb_prototype-PCB_Impedance_Control.html.md","markdown_url2_clean","https://www.pcbway.com/pcb_prototype/PCB_Impedance_Control.html","pcbway.com","10_dfm_fabrication_assembly","unknown",
"dup_0004","e3b0c44298fc1c149afbf4c8996fb92427ae41e4649b934ca495991b7852b855","26","C:\KICAD_SCRAPE\markdown_url2_clean\reddit.com-r-AskElectronics.md","reddit.com-r-AskElectronics.md","markdown_url2_clean","https://www.reddit.com/r/AskElectronics/","reddit.com","12_forums_peer_review","low",
"dup_0004","e3b0c44298fc1c149afbf4c8996fb92427ae41e4649b934ca495991b7852b855","26","C:\KICAD_SCRAPE\markdown_url2_clean\reddit.com-r-AskElectronics-search.md","reddit.com-r-AskElectronics-search.md","markdown_url2_clean","https://www.reddit.com/r/AskElectronics/search/?q=USB-C%20PCB%20ESD&restrict_sr=1","reddit.com","12_forums_peer_review","junk","search_or_tag_index"
"dup_0004","e3b0c44298fc1c149afbf4c8996fb92427ae41e4649b934ca495991b7852b855","26","C:\KICAD_SCRAPE\markdown_url2_clean\reddit.com-r-ElectricalEngineering.md","reddit.com-r-ElectricalEngineering.md","markdown_url2_clean","https://www.reddit.com/r/ElectricalEngineering/","reddit.com","12_forums_peer_review","low",
"dup_0004","e3b0c44298fc1c149afbf4c8996fb92427ae41e4649b934ca495991b7852b855","26","C:\KICAD_SCRAPE\markdown_url2_clean\reddit.com-r-ElectricalEngineering-search.md","reddit.com-r-ElectricalEngineering-search.md","markdown_url2_clean","https://www.reddit.com/r/ElectricalEngineering/search/?q=PCB%20ground%20via%20stitching&restrict_sr=1","reddit.com","12_forums_peer_review","junk","search_or_tag_index"
"dup_0004","e3b0c44298fc1c149afbf4c8996fb92427ae41e4649b934ca495991b7852b855","26","C:\KICAD_SCRAPE\markdown_url2_clean\reddit.com-r-embedded.md","reddit.com-r-embedded.md","markdown_url2_clean","https://www.reddit.com/r/embedded/","reddit.com","12_forums_peer_review","low",
"dup_0004","e3b0c44298fc1c149afbf4c8996fb92427ae41e4649b934ca495991b7852b855","26","C:\KICAD_SCRAPE\markdown_url2_clean\reddit.com-r-embedded-search.md","reddit.com-r-embedded-search.md","markdown_url2_clean","https://www.reddit.com/r/embedded/search/?q=ESP32-S3%20hardware%20design&restrict_sr=1","reddit.com","12_forums_peer_review","junk","search_or_tag_index"
"dup_0004","e3b0c44298fc1c149afbf4c8996fb92427ae41e4649b934ca495991b7852b855","26","C:\KICAD_SCRAPE\markdown_url2_clean\reddit.com-r-esp32.md","reddit.com-r-esp32.md","markdown_url2_clean","https://www.reddit.com/r/esp32/","reddit.com","12_forums_peer_review","low",
"dup_0004","e3b0c44298fc1c149afbf4c8996fb92427ae41e4649b934ca495991b7852b855","26","C:\KICAD_SCRAPE\markdown_url2_clean\reddit.com-r-esp32-search.md","reddit.com-r-esp32-search.md","markdown_url2_clean","https://www.reddit.com/r/esp32/search/?q=ESP32-S3%20USB%20C&restrict_sr=1","reddit.com","12_forums_peer_review","junk","search_or_tag_index"
"dup_0004","e3b0c44298fc1c149afbf4c8996fb92427ae41e4649b934ca495991b7852b855","26","C:\KICAD_SCRAPE\markdown_url2_clean\reddit.com-r-KiCad.md","reddit.com-r-KiCad.md","markdown_url2_clean","https://www.reddit.com/r/KiCad/","reddit.com","12_forums_peer_review","low",
"dup_0004","e3b0c44298fc1c149afbf4c8996fb92427ae41e4649b934ca495991b7852b855","26","C:\KICAD_SCRAPE\markdown_url2_clean\reddit.com-r-KiCad-search.md","reddit.com-r-KiCad-search.md","markdown_url2_clean","https://www.reddit.com/r/KiCad/search/?q=zone%20refill&restrict_sr=1","reddit.com","12_forums_peer_review","junk","search_or_tag_index"
"dup_0004","e3b0c44298fc1c149afbf4c8996fb92427ae41e4649b934ca495991b7852b855","26","C:\KICAD_SCRAPE\markdown_url2_clean\reddit.com-r-PCB.md","reddit.com-r-PCB.md","markdown_url2_clean","https://www.reddit.com/r/PCB/","reddit.com","12_forums_peer_review","low",
"dup_0004","e3b0c44298fc1c149afbf4c8996fb92427ae41e4649b934ca495991b7852b855","26","C:\KICAD_SCRAPE\markdown_url2_clean\reddit.com-r-PrintedCircuitBoard.md","reddit.com-r-PrintedCircuitBoard.md","markdown_url2_clean","https://www.reddit.com/r/PrintedCircuitBoard/","reddit.com","12_forums_peer_review","low",
"dup_0004","e3b0c44298fc1c149afbf4c8996fb92427ae41e4649b934ca495991b7852b855","26","C:\KICAD_SCRAPE\markdown_url2_clean\reddit.com-r-PrintedCircuitBoard-search.md","reddit.com-r-PrintedCircuitBoard-search.md","markdown_url2_clean","https://www.reddit.com/r/PrintedCircuitBoard/search/?q=USB-C%20layout&restrict_sr=1","reddit.com","12_forums_peer_review","junk","search_or_tag_index"
"dup_0004","e3b0c44298fc1c149afbf4c8996fb92427ae41e4649b934ca495991b7852b855","26","C:\KICAD_SCRAPE\markdown_url2_clean\ti.com-lit-pdf-slla414.md","ti.com-lit-pdf-slla414.md","markdown_url2_clean","https://www.ti.com/lit/pdf/slla414","ti.com","90_unsorted_review","high",
"dup_0004","e3b0c44298fc1c149afbf4c8996fb92427ae41e4649b934ca495991b7852b855","26","C:\KICAD_SCRAPE\markdown_url2_clean\ti.com-lit-pdf-sllu149.md","ti.com-lit-pdf-sllu149.md","markdown_url2_clean","https://www.ti.com/lit/pdf/sllu149","ti.com","90_unsorted_review","high",
"dup_0004","e3b0c44298fc1c149afbf4c8996fb92427ae41e4649b934ca495991b7852b855","26","C:\KICAD_SCRAPE\markdown_url2_clean\ti.com-lit-pdf-spraar7.md","ti.com-lit-pdf-spraar7.md","markdown_url2_clean","https://www.ti.com/lit/pdf/spraar7","ti.com","90_unsorted_review","high",
"dup_0005","25bc1ced91b3361301fa309780633d4b5ae3aa6a2ad636074c60766f7884d5bc","15","C:\KICAD_SCRAPE\markdown_url2_clean\espressif.com-en-products-modules-esp32-c2-mini-1.md","espressif.com-en-products-modules-esp32-c2-mini-1.md","markdown_url2_clean","https://www.espressif.com/en/products/modules/esp32-c2-mini-1","espressif.com","12_forums_peer_review","medium",
"dup_0005","25bc1ced91b3361301fa309780633d4b5ae3aa6a2ad636074c60766f7884d5bc","15","C:\KICAD_SCRAPE\markdown_url2_clean\espressif.com-en-products-modules-esp32-c3-mini-1.md","espressif.com-en-products-modules-esp32-c3-mini-1.md","markdown_url2_clean","https://www.espressif.com/en/products/modules/esp32-c3-mini-1","espressif.com","12_forums_peer_review","medium",
"dup_0005","25bc1ced91b3361301fa309780633d4b5ae3aa6a2ad636074c60766f7884d5bc","15","C:\KICAD_SCRAPE\markdown_url2_clean\espressif.com-en-products-modules-esp32-c3-wroom-02.md","espressif.com-en-products-modules-esp32-c3-wroom-02.md","markdown_url2_clean","https://www.espressif.com/en/products/modules/esp32-c3-wroom-02","espressif.com","12_forums_peer_review","medium",
"dup_0005","25bc1ced91b3361301fa309780633d4b5ae3aa6a2ad636074c60766f7884d5bc","15","C:\KICAD_SCRAPE\markdown_url2_clean\espressif.com-en-products-modules-esp32-c5-wroom-1.md","espressif.com-en-products-modules-esp32-c5-wroom-1.md","markdown_url2_clean","https://www.espressif.com/en/products/modules/esp32-c5-wroom-1","espressif.com","12_forums_peer_review","medium",
"dup_0005","25bc1ced91b3361301fa309780633d4b5ae3aa6a2ad636074c60766f7884d5bc","15","C:\KICAD_SCRAPE\markdown_url2_clean\espressif.com-en-products-modules-esp32-c6-mini-1.md","espressif.com-en-products-modules-esp32-c6-mini-1.md","markdown_url2_clean","https://www.espressif.com/en/products/modules/esp32-c6-mini-1","espressif.com","12_forums_peer_review","medium",
"dup_0005","25bc1ced91b3361301fa309780633d4b5ae3aa6a2ad636074c60766f7884d5bc","15","C:\KICAD_SCRAPE\markdown_url2_clean\espressif.com-en-products-modules-esp32-c6-wroom-1.md","espressif.com-en-products-modules-esp32-c6-wroom-1.md","markdown_url2_clean","https://www.espressif.com/en/products/modules/esp32-c6-wroom-1","espressif.com","12_forums_peer_review","medium",
"dup_0005","25bc1ced91b3361301fa309780633d4b5ae3aa6a2ad636074c60766f7884d5bc","15","C:\KICAD_SCRAPE\markdown_url2_clean\espressif.com-en-products-modules-esp32-h2-mini-1.md","espressif.com-en-products-modules-esp32-h2-mini-1.md","markdown_url2_clean","https://www.espressif.com/en/products/modules/esp32-h2-mini-1","espressif.com","12_forums_peer_review","medium",
"dup_0005","25bc1ced91b3361301fa309780633d4b5ae3aa6a2ad636074c60766f7884d5bc","15","C:\KICAD_SCRAPE\markdown_url2_clean\espressif.com-en-products-modules-esp32-s2-wroom.md","espressif.com-en-products-modules-esp32-s2-wroom.md","markdown_url2_clean","https://www.espressif.com/en/products/modules/esp32-s2-wroom","espressif.com","12_forums_peer_review","medium",
"dup_0005","25bc1ced91b3361301fa309780633d4b5ae3aa6a2ad636074c60766f7884d5bc","15","C:\KICAD_SCRAPE\markdown_url2_clean\espressif.com-en-products-modules-esp32-s2-wrover.md","espressif.com-en-products-modules-esp32-s2-wrover.md","markdown_url2_clean","https://www.espressif.com/en/products/modules/esp32-s2-wrover","espressif.com","12_forums_peer_review","medium",
"dup_0005","25bc1ced91b3361301fa309780633d4b5ae3aa6a2ad636074c60766f7884d5bc","15","C:\KICAD_SCRAPE\markdown_url2_clean\espressif.com-en-products-modules-esp32-s3-mini-1.md","espressif.com-en-products-modules-esp32-s3-mini-1.md","markdown_url2_clean","https://www.espressif.com/en/products/modules/esp32-s3-mini-1","espressif.com","12_forums_peer_review","medium",
"dup_0005","25bc1ced91b3361301fa309780633d4b5ae3aa6a2ad636074c60766f7884d5bc","15","C:\KICAD_SCRAPE\markdown_url2_clean\espressif.com-en-products-modules-esp32-s3-wroom-1.md","espressif.com-en-products-modules-esp32-s3-wroom-1.md","markdown_url2_clean","https://www.espressif.com/en/products/modules/esp32-s3-wroom-1","espressif.com","12_forums_peer_review","medium",
"dup_0005","25bc1ced91b3361301fa309780633d4b5ae3aa6a2ad636074c60766f7884d5bc","15","C:\KICAD_SCRAPE\markdown_url2_clean\espressif.com-en-products-modules-esp32-s3-wroom-2.md","espressif.com-en-products-modules-esp32-s3-wroom-2.md","markdown_url2_clean","https://www.espressif.com/en/products/modules/esp32-s3-wroom-2","espressif.com","12_forums_peer_review","medium",
"dup_0005","25bc1ced91b3361301fa309780633d4b5ae3aa6a2ad636074c60766f7884d5bc","15","C:\KICAD_SCRAPE\markdown_url2_clean\espressif.com-en-products-modules-esp32-s3-wrover.md","espressif.com-en-products-modules-esp32-s3-wrover.md","markdown_url2_clean","https://www.espressif.com/en/products/modules/esp32-s3-wrover","espressif.com","12_forums_peer_review","medium",
"dup_0005","25bc1ced91b3361301fa309780633d4b5ae3aa6a2ad636074c60766f7884d5bc","15","C:\KICAD_SCRAPE\markdown_url2_clean\espressif.com-en-products-modules-esp32-wroom-32.md","espressif.com-en-products-modules-esp32-wroom-32.md","markdown_url2_clean","https://www.espressif.com/en/products/modules/esp32-wroom-32","espressif.com","12_forums_peer_review","medium",
"dup_0005","25bc1ced91b3361301fa309780633d4b5ae3aa6a2ad636074c60766f7884d5bc","15","C:\KICAD_SCRAPE\markdown_url2_clean\espressif.com-en-products-modules-esp32-wrover.md","espressif.com-en-products-modules-esp32-wrover.md","markdown_url2_clean","https://www.espressif.com/en/products/modules/esp32-wrover","espressif.com","12_forums_peer_review","medium",
"dup_0006","b4a070a2d341940c4562c87640fe7a6147c2edcd1ee9bf562c8523164fe760fb","15","C:\KICAD_SCRAPE\markdown_url2_clean\gitlab.com-kicad-code-kicad-python-blob-main-README.md.md","gitlab.com-kicad-code-kicad-python-blob-main-README.md.md","markdown_url2_clean","https://gitlab.com/kicad/code/kicad-python/-/blob/main/README.md","gitlab.com","02_kicad_python_api","junk","repo_or_forum_index_page"
"dup_0006","b4a070a2d341940c4562c87640fe7a6147c2edcd1ee9bf562c8523164fe760fb","15","C:\KICAD_SCRAPE\markdown_url2_clean\gitlab.com-kicad-code-kicad-python-tree-main.md","gitlab.com-kicad-code-kicad-python-tree-main.md","markdown_url2_clean","https://gitlab.com/kicad/code/kicad-python/-/tree/main","gitlab.com","02_kicad_python_api","unknown",
"dup_0006","b4a070a2d341940c4562c87640fe7a6147c2edcd1ee9bf562c8523164fe760fb","15","C:\KICAD_SCRAPE\markdown_url2_clean\gitlab.com-kicad-code-kicad-tree-master-pcbnew.md","gitlab.com-kicad-code-kicad-tree-master-pcbnew.md","markdown_url2_clean","https://gitlab.com/kicad/code/kicad/-/tree/master/pcbnew","gitlab.com","02_kicad_python_api","junk","repo_or_forum_index_page"
"dup_0006","b4a070a2d341940c4562c87640fe7a6147c2edcd1ee9bf562c8523164fe760fb","15","C:\KICAD_SCRAPE\markdown_url2_clean\gitlab.com-kicad-code-kicad-tree-master-qa.md","gitlab.com-kicad-code-kicad-tree-master-qa.md","markdown_url2_clean","https://gitlab.com/kicad/code/kicad/-/tree/master/qa","gitlab.com","90_unsorted_review","junk","repo_or_forum_index_page"
"dup_0006","b4a070a2d341940c4562c87640fe7a6147c2edcd1ee9bf562c8523164fe760fb","15","C:\KICAD_SCRAPE\markdown_url2_clean\gitlab.com-kicad-code-kicad-tree-master-tools.md","gitlab.com-kicad-code-kicad-tree-master-tools.md","markdown_url2_clean","https://gitlab.com/kicad/code/kicad/-/tree/master/tools","gitlab.com","90_unsorted_review","junk","repo_or_forum_index_page"
"dup_0006","b4a070a2d341940c4562c87640fe7a6147c2edcd1ee9bf562c8523164fe760fb","15","C:\KICAD_SCRAPE\markdown_url2_clean\gitlab.com-kicad-libraries-kicad-footprints-tree-master-Module.pretty.md","gitlab.com-kicad-libraries-kicad-footprints-tree-master-Module.pretty.md","markdown_url2_clean","https://gitlab.com/kicad/libraries/kicad-footprints/-/tree/master/Module.pretty","gitlab.com","04_kicad_libraries_symbols_footprints","junk","repo_or_forum_index_page"
"dup_0006","b4a070a2d341940c4562c87640fe7a6147c2edcd1ee9bf562c8523164fe760fb","15","C:\KICAD_SCRAPE\markdown_url2_clean\gitlab.com-kicad-libraries-kicad-footprints-tree-master-Package_BGA.pretty.md","gitlab.com-kicad-libraries-kicad-footprints-tree-master-Package_BGA.pretty.md","markdown_url2_clean","https://gitlab.com/kicad/libraries/kicad-footprints/-/tree/master/Package_BGA.pretty","gitlab.com","04_kicad_libraries_symbols_footprints","junk","repo_or_forum_index_page"
"dup_0006","b4a070a2d341940c4562c87640fe7a6147c2edcd1ee9bf562c8523164fe760fb","15","C:\KICAD_SCRAPE\markdown_url2_clean\gitlab.com-kicad-libraries-kicad-footprints-tree-master-Package_CSP.pretty.md","gitlab.com-kicad-libraries-kicad-footprints-tree-master-Package_CSP.pretty.md","markdown_url2_clean","https://gitlab.com/kicad/libraries/kicad-footprints/-/tree/master/Package_CSP.pretty","gitlab.com","04_kicad_libraries_symbols_footprints","junk","repo_or_forum_index_page"
"dup_0006","b4a070a2d341940c4562c87640fe7a6147c2edcd1ee9bf562c8523164fe760fb","15","C:\KICAD_SCRAPE\markdown_url2_clean\gitlab.com-kicad-libraries-kicad-footprints-tree-master-Package_DFN_QFN.pretty.md","gitlab.com-kicad-libraries-kicad-footprints-tree-master-Package_DFN_QFN.pretty.md","markdown_url2_clean","https://gitlab.com/kicad/libraries/kicad-footprints/-/tree/master/Package_DFN_QFN.pretty","gitlab.com","04_kicad_libraries_symbols_footprints","junk","repo_or_forum_index_page"
"dup_0006","b4a070a2d341940c4562c87640fe7a6147c2edcd1ee9bf562c8523164fe760fb","15","C:\KICAD_SCRAPE\markdown_url2_clean\gitlab.com-kicad-libraries-kicad-footprints-tree-master-Package_LGA.pretty.md","gitlab.com-kicad-libraries-kicad-footprints-tree-master-Package_LGA.pretty.md","markdown_url2_clean","https://gitlab.com/kicad/libraries/kicad-footprints/-/tree/master/Package_LGA.pretty","gitlab.com","04_kicad_libraries_symbols_footprints","junk","repo_or_forum_index_page"
"dup_0006","b4a070a2d341940c4562c87640fe7a6147c2edcd1ee9bf562c8523164fe760fb","15","C:\KICAD_SCRAPE\markdown_url2_clean\gitlab.com-kicad-libraries-kicad-footprints-tree-master-Package_QFP.pretty.md","gitlab.com-kicad-libraries-kicad-footprints-tree-master-Package_QFP.pretty.md","markdown_url2_clean","https://gitlab.com/kicad/libraries/kicad-footprints/-/tree/master/Package_QFP.pretty","gitlab.com","04_kicad_libraries_symbols_footprints","junk","repo_or_forum_index_page"
"dup_0006","b4a070a2d341940c4562c87640fe7a6147c2edcd1ee9bf562c8523164fe760fb","15","C:\KICAD_SCRAPE\markdown_url2_clean\gitlab.com-kicad-libraries-kicad-footprints-tree-master-Package_SO.pretty.md","gitlab.com-kicad-libraries-kicad-footprints-tree-master-Package_SO.pretty.md","markdown_url2_clean","https://gitlab.com/kicad/libraries/kicad-footprints/-/tree/master/Package_SO.pretty","gitlab.com","04_kicad_libraries_symbols_footprints","junk","repo_or_forum_index_page"
"dup_0006","b4a070a2d341940c4562c87640fe7a6147c2edcd1ee9bf562c8523164fe760fb","15","C:\KICAD_SCRAPE\markdown_url2_clean\gitlab.com-kicad-libraries-kicad-footprints-tree-master-Package_TO_SOT_SMD.pretty.md","gitlab.com-kicad-libraries-kicad-footprints-tree-master-Package_TO_SOT_SMD.pretty.md","markdown_url2_clean","https://gitlab.com/kicad/libraries/kicad-footprints/-/tree/master/Package_TO_SOT_SMD.pretty","gitlab.com","04_kicad_libraries_symbols_footprints","junk","repo_or_forum_index_page"
"dup_0006","b4a070a2d341940c4562c87640fe7a6147c2edcd1ee9bf562c8523164fe760fb","15","C:\KICAD_SCRAPE\markdown_url2_clean\gitlab.com-kicad-libraries-kicad-footprints-tree-master-RF_Module.pretty.md","gitlab.com-kicad-libraries-kicad-footprints-tree-master-RF_Module.pretty.md","markdown_url2_clean","https://gitlab.com/kicad/libraries/kicad-footprints/-/tree/master/RF_Module.pretty","gitlab.com","04_kicad_libraries_symbols_footprints","junk","repo_or_forum_index_page"
"dup_0006","b4a070a2d341940c4562c87640fe7a6147c2edcd1ee9bf562c8523164fe760fb","15","C:\KICAD_SCRAPE\markdown_url2_clean\gitlab.com-kicad-libraries-kicad-library-utils-tree-master-klc-check.md","gitlab.com-kicad-libraries-kicad-library-utils-tree-master-klc-check.md","markdown_url2_clean","https://gitlab.com/kicad/libraries/kicad-library-utils/-/tree/master/klc-check","gitlab.com","04_kicad_libraries_symbols_footprints","junk","repo_or_forum_index_page"
"dup_0007","4268e5ee46677f4c2f0b78e55946d65b94f9dffa96a29b42dc1ca5d2e36e07b7","14","C:\KICAD_SCRAPE\markdown_url2_clean\jlcpcb.com-help-article-castellated-holes.md","jlcpcb.com-help-article-castellated-holes.md","markdown_url2_clean","https://jlcpcb.com/help/article/castellated-holes","jlcpcb.com","09_pcb_layout_grounding_emi_si","medium",
"dup_0007","4268e5ee46677f4c2f0b78e55946d65b94f9dffa96a29b42dc1ca5d2e36e07b7","14","C:\KICAD_SCRAPE\markdown_url2_clean\jlcpcb.com-help-article-controlled-impedance-calculator.md","jlcpcb.com-help-article-controlled-impedance-calculator.md","markdown_url2_clean","https://jlcpcb.com/help/article/controlled-impedance-calculator","jlcpcb.com","09_pcb_layout_grounding_emi_si","medium",
"dup_0007","4268e5ee46677f4c2f0b78e55946d65b94f9dffa96a29b42dc1ca5d2e36e07b7","14","C:\KICAD_SCRAPE\markdown_url2_clean\jlcpcb.com-help-article-gerber-file-requirements.md","jlcpcb.com-help-article-gerber-file-requirements.md","markdown_url2_clean","https://jlcpcb.com/help/article/gerber-file-requirements","jlcpcb.com","09_pcb_layout_grounding_emi_si","medium",
"dup_0007","4268e5ee46677f4c2f0b78e55946d65b94f9dffa96a29b42dc1ca5d2e36e07b7","14","C:\KICAD_SCRAPE\markdown_url2_clean\jlcpcb.com-help-article-impedance-control-requirements.md","jlcpcb.com-help-article-impedance-control-requirements.md","markdown_url2_clean","https://jlcpcb.com/help/article/impedance-control-requirements","jlcpcb.com","09_pcb_layout_grounding_emi_si","medium",
"dup_0007","4268e5ee46677f4c2f0b78e55946d65b94f9dffa96a29b42dc1ca5d2e36e07b7","14","C:\KICAD_SCRAPE\markdown_url2_clean\jlcpcb.com-help-article-kicad-export-gerber.md","jlcpcb.com-help-article-kicad-export-gerber.md","markdown_url2_clean","https://jlcpcb.com/help/article/kicad-export-gerber","jlcpcb.com","09_pcb_layout_grounding_emi_si","medium",
"dup_0007","4268e5ee46677f4c2f0b78e55946d65b94f9dffa96a29b42dc1ca5d2e36e07b7","14","C:\KICAD_SCRAPE\markdown_url2_clean\jlcpcb.com-help-article-minimum-annular-ring.md","jlcpcb.com-help-article-minimum-annular-ring.md","markdown_url2_clean","https://jlcpcb.com/help/article/minimum-annular-ring","jlcpcb.com","09_pcb_layout_grounding_emi_si","medium",
"dup_0007","4268e5ee46677f4c2f0b78e55946d65b94f9dffa96a29b42dc1ca5d2e36e07b7","14","C:\KICAD_SCRAPE\markdown_url2_clean\jlcpcb.com-help-article-minimum-hole-size.md","jlcpcb.com-help-article-minimum-hole-size.md","markdown_url2_clean","https://jlcpcb.com/help/article/minimum-hole-size","jlcpcb.com","09_pcb_layout_grounding_emi_si","medium",
"dup_0007","4268e5ee46677f4c2f0b78e55946d65b94f9dffa96a29b42dc1ca5d2e36e07b7","14","C:\KICAD_SCRAPE\markdown_url2_clean\jlcpcb.com-help-article-multilayer-pcb-stackup.md","jlcpcb.com-help-article-multilayer-pcb-stackup.md","markdown_url2_clean","https://jlcpcb.com/help/article/multilayer-pcb-stackup","jlcpcb.com","09_pcb_layout_grounding_emi_si","medium",
"dup_0007","4268e5ee46677f4c2f0b78e55946d65b94f9dffa96a29b42dc1ca5d2e36e07b7","14","C:\KICAD_SCRAPE\markdown_url2_clean\jlcpcb.com-help-article-pcb-assembly-faq.md","jlcpcb.com-help-article-pcb-assembly-faq.md","markdown_url2_clean","https://jlcpcb.com/help/article/pcb-assembly-faq","jlcpcb.com","09_pcb_layout_grounding_emi_si","medium",
"dup_0007","4268e5ee46677f4c2f0b78e55946d65b94f9dffa96a29b42dc1ca5d2e36e07b7","14","C:\KICAD_SCRAPE\markdown_url2_clean\jlcpcb.com-help-article-pcb-edge-plating.md","jlcpcb.com-help-article-pcb-edge-plating.md","markdown_url2_clean","https://jlcpcb.com/help/article/pcb-edge-plating","jlcpcb.com","09_pcb_layout_grounding_emi_si","medium",
"dup_0007","4268e5ee46677f4c2f0b78e55946d65b94f9dffa96a29b42dc1ca5d2e36e07b7","14","C:\KICAD_SCRAPE\markdown_url2_clean\jlcpcb.com-help-article-pcb-stackup.md","jlcpcb.com-help-article-pcb-stackup.md","markdown_url2_clean","https://jlcpcb.com/help/article/pcb-stackup","jlcpcb.com","09_pcb_layout_grounding_emi_si","medium",
"dup_0007","4268e5ee46677f4c2f0b78e55946d65b94f9dffa96a29b42dc1ca5d2e36e07b7","14","C:\KICAD_SCRAPE\markdown_url2_clean\jlcpcb.com-help-article-silkscreen-requirements.md","jlcpcb.com-help-article-silkscreen-requirements.md","markdown_url2_clean","https://jlcpcb.com/help/article/silkscreen-requirements","jlcpcb.com","09_pcb_layout_grounding_emi_si","medium",
"dup_0007","4268e5ee46677f4c2f0b78e55946d65b94f9dffa96a29b42dc1ca5d2e36e07b7","14","C:\KICAD_SCRAPE\markdown_url2_clean\jlcpcb.com-help-article-soldermask-expansion.md","jlcpcb.com-help-article-soldermask-expansion.md","markdown_url2_clean","https://jlcpcb.com/help/article/soldermask-expansion","jlcpcb.com","09_pcb_layout_grounding_emi_si","medium",
"dup_0007","4268e5ee46677f4c2f0b78e55946d65b94f9dffa96a29b42dc1ca5d2e36e07b7","14","C:\KICAD_SCRAPE\markdown_url2_clean\jlcpcb.com-help-article-via-in-pad.md","jlcpcb.com-help-article-via-in-pad.md","markdown_url2_clean","https://jlcpcb.com/help/article/via-in-pad","jlcpcb.com","09_pcb_layout_grounding_emi_si","medium",
"dup_0008","9cab1c87523cecae0803a851980df299175183967f96700c0dd188c0b59384c1","11","C:\KICAD_SCRAPE\markdown_url2_clean\monolithicpower.com-en-learning-resources-an-introduction-to-buck-regulators.md","monolithicpower.com-en-learning-resources-an-introduction-to-buck-regulators.md","markdown_url2_clean","https://www.monolithicpower.com/en/learning/resources/an-introduction-to-buck-regulators","monolithicpower.com","08_power_buck_regulators","unknown",
"dup_0008","9cab1c87523cecae0803a851980df299175183967f96700c0dd188c0b59384c1","11","C:\KICAD_SCRAPE\markdown_url2_clean\monolithicpower.com-en-learning-resources-how-to-select-inductors-for-buck-converters.md","monolithicpower.com-en-learning-resources-how-to-select-inductors-for-buck-converters.md","markdown_url2_clean","https://www.monolithicpower.com/en/learning/resources/how-to-select-inductors-for-buck-converters","monolithicpower.com","08_power_buck_regulators","unknown",
"dup_0008","9cab1c87523cecae0803a851980df299175183967f96700c0dd188c0b59384c1","11","C:\KICAD_SCRAPE\markdown_url2_clean\monolithicpower.com-en-learning-resources-pcb-layout-for-emi-reduction.md","monolithicpower.com-en-learning-resources-pcb-layout-for-emi-reduction.md","markdown_url2_clean","https://www.monolithicpower.com/en/learning/resources/pcb-layout-for-emi-reduction","monolithicpower.com","09_pcb_layout_grounding_emi_si","unknown",
"dup_0008","9cab1c87523cecae0803a851980df299175183967f96700c0dd188c0b59384c1","11","C:\KICAD_SCRAPE\markdown_url2_clean\monolithicpower.com-en-learning-resources-power-supply-layout-and-emi.md","monolithicpower.com-en-learning-resources-power-supply-layout-and-emi.md","markdown_url2_clean","https://www.monolithicpower.com/en/learning/resources/power-supply-layout-and-emi","monolithicpower.com","08_power_buck_regulators","unknown",
"dup_0008","9cab1c87523cecae0803a851980df299175183967f96700c0dd188c0b59384c1","11","C:\KICAD_SCRAPE\markdown_url2_clean\monolithicpower.com-en-learning-resources-understanding-switching-regulator-loop-compensation.md","monolithicpower.com-en-learning-resources-understanding-switching-regulator-loop-compensation.md","markdown_url2_clean","https://www.monolithicpower.com/en/learning/resources/understanding-switching-regulator-loop-compensation","monolithicpower.com","08_power_buck_regulators","unknown",
"dup_0008","9cab1c87523cecae0803a851980df299175183967f96700c0dd188c0b59384c1","11","C:\KICAD_SCRAPE\markdown_url2_clean\monolithicpower.com-en-mp1584.html.md","monolithicpower.com-en-mp1584.html.md","markdown_url2_clean","https://www.monolithicpower.com/en/mp1584.html","monolithicpower.com","90_unsorted_review","unknown",
"dup_0008","9cab1c87523cecae0803a851980df299175183967f96700c0dd188c0b59384c1","11","C:\KICAD_SCRAPE\markdown_url2_clean\monolithicpower.com-en-mp2145.html.md","monolithicpower.com-en-mp2145.html.md","markdown_url2_clean","https://www.monolithicpower.com/en/mp2145.html","monolithicpower.com","90_unsorted_review","unknown",
"dup_0008","9cab1c87523cecae0803a851980df299175183967f96700c0dd188c0b59384c1","11","C:\KICAD_SCRAPE\markdown_url2_clean\monolithicpower.com-en-mp2315.html.md","monolithicpower.com-en-mp2315.html.md","markdown_url2_clean","https://www.monolithicpower.com/en/mp2315.html","monolithicpower.com","90_unsorted_review","unknown",
"dup_0008","9cab1c87523cecae0803a851980df299175183967f96700c0dd188c0b59384c1","11","C:\KICAD_SCRAPE\markdown_url2_clean\monolithicpower.com-en-mpm3610.html.md","monolithicpower.com-en-mpm3610.html.md","markdown_url2_clean","https://www.monolithicpower.com/en/mpm3610.html","monolithicpower.com","90_unsorted_review","unknown",
"dup_0008","9cab1c87523cecae0803a851980df299175183967f96700c0dd188c0b59384c1","11","C:\KICAD_SCRAPE\markdown_url2_clean\monolithicpower.com-en-products-power-management-dc-dc-converters-step-down-buck-converters.html.md","monolithicpower.com-en-products-power-management-dc-dc-converters-step-down-buck-converters.html.md","markdown_url2_clean","https://www.monolithicpower.com/en/products/power-management/dc-dc-converters/step-down-buck-converters.html","monolithicpower.com","08_power_buck_regulators","unknown",
"dup_0008","9cab1c87523cecae0803a851980df299175183967f96700c0dd188c0b59384c1","11","C:\KICAD_SCRAPE\markdown_url2_clean\monolithicpower.com-en-support-design-tools.html.md","monolithicpower.com-en-support-design-tools.html.md","markdown_url2_clean","https://www.monolithicpower.com/en/support/design-tools.html","monolithicpower.com","90_unsorted_review","unknown",
"dup_0009","faf47821b8e0f0ce00f03cbb6e4000087339072b808211a3edf9d2f2998f4172","10","C:\KICAD_SCRAPE\markdown_url2_clean\eevblog.com-forum-beginners-ground-plane-question.md","eevblog.com-forum-beginners-ground-plane-question.md","markdown_url2_clean","https://www.eevblog.com/forum/beginners/ground-plane-question/","eevblog.com","12_forums_peer_review","junk","search_or_tag_index"
"dup_0009","faf47821b8e0f0ce00f03cbb6e4000087339072b808211a3edf9d2f2998f4172","10","C:\KICAD_SCRAPE\markdown_url2_clean\eevblog.com-forum-beginners-pcb-layout-review.md","eevblog.com-forum-beginners-pcb-layout-review.md","markdown_url2_clean","https://www.eevblog.com/forum/beginners/pcb-layout-review/","eevblog.com","12_forums_peer_review","junk","search_or_tag_index"
"dup_0009","faf47821b8e0f0ce00f03cbb6e4000087339072b808211a3edf9d2f2998f4172","10","C:\KICAD_SCRAPE\markdown_url2_clean\eevblog.com-forum-eda-kicad-6-kicad-7-kicad-8-kicad-9.md","eevblog.com-forum-eda-kicad-6-kicad-7-kicad-8-kicad-9.md","markdown_url2_clean","https://www.eevblog.com/forum/eda/kicad-6-kicad-7-kicad-8-kicad-9/","eevblog.com","12_forums_peer_review","junk","search_or_tag_index"
"dup_0009","faf47821b8e0f0ce00f03cbb6e4000087339072b808211a3edf9d2f2998f4172","10","C:\KICAD_SCRAPE\markdown_url2_clean\eevblog.com-forum-projects-buck-converter-noise.md","eevblog.com-forum-projects-buck-converter-noise.md","markdown_url2_clean","https://www.eevblog.com/forum/projects/buck-converter-noise/","eevblog.com","12_forums_peer_review","junk","search_or_tag_index"
"dup_0009","faf47821b8e0f0ce00f03cbb6e4000087339072b808211a3edf9d2f2998f4172","10","C:\KICAD_SCRAPE\markdown_url2_clean\eevblog.com-forum-projects-esp32-antenna-layout.md","eevblog.com-forum-projects-esp32-antenna-layout.md","markdown_url2_clean","https://www.eevblog.com/forum/projects/esp32-antenna-layout/","eevblog.com","12_forums_peer_review","junk","search_or_tag_index"
"dup_0009","faf47821b8e0f0ce00f03cbb6e4000087339072b808211a3edf9d2f2998f4172","10","C:\KICAD_SCRAPE\markdown_url2_clean\eevblog.com-forum-projects-esp32-pcb-layout-review.md","eevblog.com-forum-projects-esp32-pcb-layout-review.md","markdown_url2_clean","https://www.eevblog.com/forum/projects/esp32-pcb-layout-review/","eevblog.com","12_forums_peer_review","junk","search_or_tag_index"
"dup_0009","faf47821b8e0f0ce00f03cbb6e4000087339072b808211a3edf9d2f2998f4172","10","C:\KICAD_SCRAPE\markdown_url2_clean\eevblog.com-forum-projects-pcb-layout-review.md","eevblog.com-forum-projects-pcb-layout-review.md","markdown_url2_clean","https://www.eevblog.com/forum/projects/pcb-layout-review/","eevblog.com","12_forums_peer_review","junk","search_or_tag_index"
"dup_0009","faf47821b8e0f0ce00f03cbb6e4000087339072b808211a3edf9d2f2998f4172","10","C:\KICAD_SCRAPE\markdown_url2_clean\eevblog.com-forum-projects-rf-layout-review.md","eevblog.com-forum-projects-rf-layout-review.md","markdown_url2_clean","https://www.eevblog.com/forum/projects/rf-layout-review/","eevblog.com","12_forums_peer_review","junk","search_or_tag_index"
"dup_0009","faf47821b8e0f0ce00f03cbb6e4000087339072b808211a3edf9d2f2998f4172","10","C:\KICAD_SCRAPE\markdown_url2_clean\eevblog.com-forum-projects-schematic-and-pcb-review.md","eevblog.com-forum-projects-schematic-and-pcb-review.md","markdown_url2_clean","https://www.eevblog.com/forum/projects/schematic-and-pcb-review/","eevblog.com","12_forums_peer_review","junk","search_or_tag_index"
"dup_0009","faf47821b8e0f0ce00f03cbb6e4000087339072b808211a3edf9d2f2998f4172","10","C:\KICAD_SCRAPE\markdown_url2_clean\eevblog.com-forum-projects-usb-c-design-review.md","eevblog.com-forum-projects-usb-c-design-review.md","markdown_url2_clean","https://www.eevblog.com/forum/projects/usb-c-design-review/","eevblog.com","12_forums_peer_review","junk","search_or_tag_index"
"dup_0010","093063d717253958e86d63da17b0bf72c2cb671db48dcb37a3a6efdef3e0f082","8","C:\KICAD_SCRAPE\markdown_url2_clean\youtube.com-AltiumAcademy-videos.md","youtube.com-AltiumAcademy-videos.md","markdown_url2_clean","https://www.youtube.com/@AltiumAcademy/videos","youtube.com","15_video_reference_index","low",
"dup_0010","093063d717253958e86d63da17b0bf72c2cb671db48dcb37a3a6efdef3e0f082","8","C:\KICAD_SCRAPE\markdown_url2_clean\youtube.com-AndreasSpiess-videos.md","youtube.com-AndreasSpiess-videos.md","markdown_url2_clean","https://www.youtube.com/@AndreasSpiess/videos","youtube.com","15_video_reference_index","low",
"dup_0010","093063d717253958e86d63da17b0bf72c2cb671db48dcb37a3a6efdef3e0f082","8","C:\KICAD_SCRAPE\markdown_url2_clean\youtube.com-atomic14-videos.md","youtube.com-atomic14-videos.md","markdown_url2_clean","https://www.youtube.com/@atomic14/videos","youtube.com","15_video_reference_index","low",
"dup_0010","093063d717253958e86d63da17b0bf72c2cb671db48dcb37a3a6efdef3e0f082","8","C:\KICAD_SCRAPE\markdown_url2_clean\youtube.com-ContextualElectronics-videos.md","youtube.com-ContextualElectronics-videos.md","markdown_url2_clean","https://www.youtube.com/@ContextualElectronics/videos","youtube.com","15_video_reference_index","low",
"dup_0010","093063d717253958e86d63da17b0bf72c2cb671db48dcb37a3a6efdef3e0f082","8","C:\KICAD_SCRAPE\markdown_url2_clean\youtube.com-EEVblog-videos.md","youtube.com-EEVblog-videos.md","markdown_url2_clean","https://www.youtube.com/@EEVblog/videos","youtube.com","15_video_reference_index","low",
"dup_0010","093063d717253958e86d63da17b0bf72c2cb671db48dcb37a3a6efdef3e0f082","8","C:\KICAD_SCRAPE\markdown_url2_clean\youtube.com-GreatScottLab-videos.md","youtube.com-GreatScottLab-videos.md","markdown_url2_clean","https://www.youtube.com/@GreatScottLab/videos","youtube.com","15_video_reference_index","low",
"dup_0010","093063d717253958e86d63da17b0bf72c2cb671db48dcb37a3a6efdef3e0f082","8","C:\KICAD_SCRAPE\markdown_url2_clean\youtube.com-PhilsLab.md","youtube.com-PhilsLab.md","markdown_url2_clean","https://www.youtube.com/@PhilsLab","youtube.com","15_video_reference_index","low",
"dup_0010","093063d717253958e86d63da17b0bf72c2cb671db48dcb37a3a6efdef3e0f082","8","C:\KICAD_SCRAPE\markdown_url2_clean\youtube.com-RobertFeranec-videos.md","youtube.com-RobertFeranec-videos.md","markdown_url2_clean","https://www.youtube.com/@RobertFeranec/videos","youtube.com","15_video_reference_index","low",
"dup_0011","317b7561ecc4d2fc8c231b5fc37d4a2be1896c223c6a42350328eb23a93bbc10","4","C:\KICAD_SCRAPE\markdown_url2_clean\jlcpcb.com-help-article-controlled-impedance-pcb.md","jlcpcb.com-help-article-controlled-impedance-pcb.md","markdown_url2_clean","https://jlcpcb.com/help/article/controlled-impedance-pcb","jlcpcb.com","09_pcb_layout_grounding_emi_si","low",
"dup_0011","317b7561ecc4d2fc8c231b5fc37d4a2be1896c223c6a42350328eb23a93bbc10","4","C:\KICAD_SCRAPE\markdown_url2_clean\jlcpcb.com-help-article-pcb-assembly-capabilities.md","jlcpcb.com-help-article-pcb-assembly-capabilities.md","markdown_url2_clean","https://jlcpcb.com/help/article/pcb-assembly-capabilities","jlcpcb.com","09_pcb_layout_grounding_emi_si","low",
"dup_0011","317b7561ecc4d2fc8c231b5fc37d4a2be1896c223c6a42350328eb23a93bbc10","4","C:\KICAD_SCRAPE\markdown_url2_clean\jlcpcb.com-help-article-pcb-assembly-design-requirements.md","jlcpcb.com-help-article-pcb-assembly-design-requirements.md","markdown_url2_clean","https://jlcpcb.com/help/article/pcb-assembly-design-requirements","jlcpcb.com","09_pcb_layout_grounding_emi_si","low",
"dup_0011","317b7561ecc4d2fc8c231b5fc37d4a2be1896c223c6a42350328eb23a93bbc10","4","C:\KICAD_SCRAPE\markdown_url2_clean\jlcpcb.com-help-article-pcb-design-guidelines.md","jlcpcb.com-help-article-pcb-design-guidelines.md","markdown_url2_clean","https://jlcpcb.com/help/article/pcb-design-guidelines","jlcpcb.com","09_pcb_layout_grounding_emi_si","low",
"dup_0012","9a2cb0529e331a0ffba97c96d482a426abcbe29b2ab2096243da0b8a46dde9ec","4","C:\KICAD_SCRAPE\markdown_10k_clean\electronics.stackexchange.com-questions-8001.md","electronics.stackexchange.com-questions-8001.md","markdown_10k_clean","https://electronics.stackexchange.com/questions/8001","electronics.stackexchange.com","12_forums_peer_review","junk","search_or_tag_index"
"dup_0012","9a2cb0529e331a0ffba97c96d482a426abcbe29b2ab2096243da0b8a46dde9ec","4","C:\KICAD_SCRAPE\markdown_10k_clean\electronics.stackexchange.com-questions-8002.md","electronics.stackexchange.com-questions-8002.md","markdown_10k_clean","https://electronics.stackexchange.com/questions/8002","electronics.stackexchange.com","12_forums_peer_review","junk","search_or_tag_index"
"dup_0012","9a2cb0529e331a0ffba97c96d482a426abcbe29b2ab2096243da0b8a46dde9ec","4","C:\KICAD_SCRAPE\markdown_10k_clean\electronics.stackexchange.com-questions-8009.md","electronics.stackexchange.com-questions-8009.md","markdown_10k_clean","https://electronics.stackexchange.com/questions/8009","electronics.stackexchange.com","12_forums_peer_review","junk","search_or_tag_index"
"dup_0012","9a2cb0529e331a0ffba97c96d482a426abcbe29b2ab2096243da0b8a46dde9ec","4","C:\KICAD_SCRAPE\markdown_10k_clean\electronics.stackexchange.com-questions-8012.md","electronics.stackexchange.com-questions-8012.md","markdown_10k_clean","https://electronics.stackexchange.com/questions/8012","electronics.stackexchange.com","12_forums_peer_review","junk","search_or_tag_index"
"dup_0013","b8bd5c3b03b7193620e0d4221a287668ff46c42017fa1c1c87d8deeb6d83d70b","4","C:\KICAD_SCRAPE\markdown_url2_clean\wch-ic.com-products-CH32V003.html.md","wch-ic.com-products-CH32V003.html.md","markdown_url2_clean","https://www.wch-ic.com/products/CH32V003.html","wch-ic.com","06_microcontrollers","unknown",
"dup_0013","b8bd5c3b03b7193620e0d4221a287668ff46c42017fa1c1c87d8deeb6d83d70b","4","C:\KICAD_SCRAPE\markdown_url2_clean\wch-ic.com-products-CH32V203.html.md","wch-ic.com-products-CH32V203.html.md","markdown_url2_clean","https://www.wch-ic.com/products/CH32V203.html","wch-ic.com","06_microcontrollers","unknown",
"dup_0013","b8bd5c3b03b7193620e0d4221a287668ff46c42017fa1c1c87d8deeb6d83d70b","4","C:\KICAD_SCRAPE\markdown_url2_clean\wch-ic.com-products-CH32V307.html.md","wch-ic.com-products-CH32V307.html.md","markdown_url2_clean","https://www.wch-ic.com/products/CH32V307.html","wch-ic.com","06_microcontrollers","unknown",
"dup_0013","b8bd5c3b03b7193620e0d4221a287668ff46c42017fa1c1c87d8deeb6d83d70b","4","C:\KICAD_SCRAPE\markdown_url2_clean\wch-ic.com-products-CH32X035.html.md","wch-ic.com-products-CH32X035.html.md","markdown_url2_clean","https://www.wch-ic.com/products/CH32X035.html","wch-ic.com","06_microcontrollers","unknown",
"dup_0014","e5c2f3db722437770246395cbd81b2663ab2e3c6ca80249608e0aed649918143","4","C:\KICAD_SCRAPE\markdown_url2_clean\espressif.com-en-products-devkits-esp32-c3-devkitm-1.md","espressif.com-en-products-devkits-esp32-c3-devkitm-1.md","markdown_url2_clean","https://www.espressif.com/en/products/devkits/esp32-c3-devkitm-1","espressif.com","12_forums_peer_review","medium",
"dup_0014","e5c2f3db722437770246395cbd81b2663ab2e3c6ca80249608e0aed649918143","4","C:\KICAD_SCRAPE\markdown_url2_clean\espressif.com-en-products-devkits-esp32-c6-devkitc-1.md","espressif.com-en-products-devkits-esp32-c6-devkitc-1.md","markdown_url2_clean","https://www.espressif.com/en/products/devkits/esp32-c6-devkitc-1","espressif.com","12_forums_peer_review","medium",
"dup_0014","e5c2f3db722437770246395cbd81b2663ab2e3c6ca80249608e0aed649918143","4","C:\KICAD_SCRAPE\markdown_url2_clean\espressif.com-en-products-devkits-esp32-p4-function-ev-board.md","espressif.com-en-products-devkits-esp32-p4-function-ev-board.md","markdown_url2_clean","https://www.espressif.com/en/products/devkits/esp32-p4-function-ev-board","espressif.com","12_forums_peer_review","medium",
"dup_0014","e5c2f3db722437770246395cbd81b2663ab2e3c6ca80249608e0aed649918143","4","C:\KICAD_SCRAPE\markdown_url2_clean\espressif.com-en-products-devkits-esp32-s3-devkitc-1.md","espressif.com-en-products-devkits-esp32-s3-devkitc-1.md","markdown_url2_clean","https://www.espressif.com/en/products/devkits/esp32-s3-devkitc-1","espressif.com","12_forums_peer_review","medium",
"dup_0015","0c9002a424007951001f31dee7e815c7662a9c95afb39506a91f6aa1316cb8c2","3","C:\KICAD_SCRAPE\markdown_url2_clean\monolithicpower.com-en-learning-resources-how-to-design-a-buck-converter.md","monolithicpower.com-en-learning-resources-how-to-design-a-buck-converter.md","markdown_url2_clean","https://www.monolithicpower.com/en/learning/resources/how-to-design-a-buck-converter","monolithicpower.com","08_power_buck_regulators","low",
"dup_0015","0c9002a424007951001f31dee7e815c7662a9c95afb39506a91f6aa1316cb8c2","3","C:\KICAD_SCRAPE\markdown_url2_clean\monolithicpower.com-en-learning-resources-layout-guidelines-for-step-down-converters.md","monolithicpower.com-en-learning-resources-layout-guidelines-for-step-down-converters.md","markdown_url2_clean","https://www.monolithicpower.com/en/learning/resources/layout-guidelines-for-step-down-converters","monolithicpower.com","08_power_buck_regulators","low",
"dup_0015","0c9002a424007951001f31dee7e815c7662a9c95afb39506a91f6aa1316cb8c2","3","C:\KICAD_SCRAPE\markdown_url2_clean\monolithicpower.com-en-learning-resources-pcb-layout-guidelines-for-switching-power-supplies.md","monolithicpower.com-en-learning-resources-pcb-layout-guidelines-for-switching-power-supplies.md","markdown_url2_clean","https://www.monolithicpower.com/en/learning/resources/pcb-layout-guidelines-for-switching-power-supplies","monolithicpower.com","90_unsorted_review","low",
"dup_0016","0d4fc4a78d3706edccafb665a8b2fdd9309e82c78625bb0f2b8e7bb9e1c4d21c","3","C:\KICAD_SCRAPE\markdown_url2_clean\forum.kicad.info-c-development-16.md","forum.kicad.info-c-development-16.md","markdown_url2_clean","https://forum.kicad.info/c/development/16","forum.kicad.info","12_forums_peer_review","medium",
"dup_0016","0d4fc4a78d3706edccafb665a8b2fdd9309e82c78625bb0f2b8e7bb9e1c4d21c","3","C:\KICAD_SCRAPE\markdown_url2_clean\forum.kicad.info-c-pcbnew-20.md","forum.kicad.info-c-pcbnew-20.md","markdown_url2_clean","https://forum.kicad.info/c/pcbnew/20","forum.kicad.info","12_forums_peer_review","medium",
"dup_0016","0d4fc4a78d3706edccafb665a8b2fdd9309e82c78625bb0f2b8e7bb9e1c4d21c","3","C:\KICAD_SCRAPE\markdown_url2_clean\forum.kicad.info-c-software-13.md","forum.kicad.info-c-software-13.md","markdown_url2_clean","https://forum.kicad.info/c/software/13","forum.kicad.info","12_forums_peer_review","medium",
"dup_0017","0d935e474e39b65d0284cbe9ee7eed80ef856f8f29f19d77c29f5d1de4b822fe","3","C:\KICAD_SCRAPE\markdown_10k_clean\electronics.stackexchange.com-questions-8015.md","electronics.stackexchange.com-questions-8015.md","markdown_10k_clean","https://electronics.stackexchange.com/questions/8015","electronics.stackexchange.com","12_forums_peer_review","junk","search_or_tag_index"
"dup_0017","0d935e474e39b65d0284cbe9ee7eed80ef856f8f29f19d77c29f5d1de4b822fe","3","C:\KICAD_SCRAPE\markdown_10k_clean\electronics.stackexchange.com-questions-8016.md","electronics.stackexchange.com-questions-8016.md","markdown_10k_clean","https://electronics.stackexchange.com/questions/8016","electronics.stackexchange.com","12_forums_peer_review","junk","search_or_tag_index"
"dup_0017","0d935e474e39b65d0284cbe9ee7eed80ef856f8f29f19d77c29f5d1de4b822fe","3","C:\KICAD_SCRAPE\markdown_10k_clean\electronics.stackexchange.com-questions-8026.md","electronics.stackexchange.com-questions-8026.md","markdown_10k_clean","https://electronics.stackexchange.com/questions/8026","electronics.stackexchange.com","12_forums_peer_review","junk","search_or_tag_index"
"dup_0018","3859f5d491db54da00c9e6a08d157ae50955df9dd35be0b4052b98261347461d","3","C:\KICAD_SCRAPE\markdown_10k_clean\electronics.stackexchange.com-questions-8011.md","electronics.stackexchange.com-questions-8011.md","markdown_10k_clean","https://electronics.stackexchange.com/questions/8011","electronics.stackexchange.com","12_forums_peer_review","junk","search_or_tag_index"
"dup_0018","3859f5d491db54da00c9e6a08d157ae50955df9dd35be0b4052b98261347461d","3","C:\KICAD_SCRAPE\markdown_10k_clean\electronics.stackexchange.com-questions-8013.md","electronics.stackexchange.com-questions-8013.md","markdown_10k_clean","https://electronics.stackexchange.com/questions/8013","electronics.stackexchange.com","12_forums_peer_review","junk","search_or_tag_index"
"dup_0018","3859f5d491db54da00c9e6a08d157ae50955df9dd35be0b4052b98261347461d","3","C:\KICAD_SCRAPE\markdown_10k_clean\electronics.stackexchange.com-questions-8014.md","electronics.stackexchange.com-questions-8014.md","markdown_10k_clean","https://electronics.stackexchange.com/questions/8014","electronics.stackexchange.com","12_forums_peer_review","junk","search_or_tag_index"
"dup_0019","3a2fb081193db5be1c569644e1ac51664b8a0a8f8701758515716bdf3e746016","3","C:\KICAD_SCRAPE\markdown_10k_clean\electronics.stackexchange.com-questions-8000.md","electronics.stackexchange.com-questions-8000.md","markdown_10k_clean","https://electronics.stackexchange.com/questions/8000","electronics.stackexchange.com","12_forums_peer_review","junk","search_or_tag_index"
"dup_0019","3a2fb081193db5be1c569644e1ac51664b8a0a8f8701758515716bdf3e746016","3","C:\KICAD_SCRAPE\markdown_10k_clean\electronics.stackexchange.com-questions-8006.md","electronics.stackexchange.com-questions-8006.md","markdown_10k_clean","https://electronics.stackexchange.com/questions/8006","electronics.stackexchange.com","12_forums_peer_review","junk","search_or_tag_index"
"dup_0019","3a2fb081193db5be1c569644e1ac51664b8a0a8f8701758515716bdf3e746016","3","C:\KICAD_SCRAPE\markdown_10k_clean\electronics.stackexchange.com-questions-8017.md","electronics.stackexchange.com-questions-8017.md","markdown_10k_clean","https://electronics.stackexchange.com/questions/8017","electronics.stackexchange.com","12_forums_peer_review","junk","search_or_tag_index"
"dup_0020","5c47b8c9ef99c7061f4d162b8103a0f5a5b4ac4f03f78293178e7a866ee39f78","3","C:\KICAD_SCRAPE\markdown_10k_clean\eevblog.com-forum-projects-116.md","eevblog.com-forum-projects-116.md","markdown_10k_clean","https://www.eevblog.com/forum/projects/116","eevblog.com","12_forums_peer_review","junk","search_or_tag_index"
"dup_0020","5c47b8c9ef99c7061f4d162b8103a0f5a5b4ac4f03f78293178e7a866ee39f78","3","C:\KICAD_SCRAPE\markdown_10k_clean\eevblog.com-forum-projects-117.md","eevblog.com-forum-projects-117.md","markdown_10k_clean","https://www.eevblog.com/forum/projects/117","eevblog.com","12_forums_peer_review","junk","search_or_tag_index"
"dup_0020","5c47b8c9ef99c7061f4d162b8103a0f5a5b4ac4f03f78293178e7a866ee39f78","3","C:\KICAD_SCRAPE\markdown_10k_clean\eevblog.com-forum-projects-118.md","eevblog.com-forum-projects-118.md","markdown_10k_clean","https://www.eevblog.com/forum/projects/118","eevblog.com","12_forums_peer_review","junk","search_or_tag_index"
"dup_0021","8e95cdd4c91f02dd17e99add5543e85007b06396d85bd5ebf73ea47000adedf0","3","C:\KICAD_SCRAPE\markdown_10k_clean\electronics.stackexchange.com-questions-8021.md","electronics.stackexchange.com-questions-8021.md","markdown_10k_clean","https://electronics.stackexchange.com/questions/8021","electronics.stackexchange.com","12_forums_peer_review","junk","search_or_tag_index"
"dup_0021","8e95cdd4c91f02dd17e99add5543e85007b06396d85bd5ebf73ea47000adedf0","3","C:\KICAD_SCRAPE\markdown_10k_clean\electronics.stackexchange.com-questions-8022.md","electronics.stackexchange.com-questions-8022.md","markdown_10k_clean","https://electronics.stackexchange.com/questions/8022","electronics.stackexchange.com","12_forums_peer_review","junk","search_or_tag_index"
"dup_0021","8e95cdd4c91f02dd17e99add5543e85007b06396d85bd5ebf73ea47000adedf0","3","C:\KICAD_SCRAPE\markdown_10k_clean\electronics.stackexchange.com-questions-8023.md","electronics.stackexchange.com-questions-8023.md","markdown_10k_clean","https://electronics.stackexchange.com/questions/8023","electronics.stackexchange.com","12_forums_peer_review","junk","search_or_tag_index"
"dup_0022","c629e92d56f3eab1afccc32f2cbda2bc33df73e327d60bc69f14cc9c42bbe34f","3","C:\KICAD_SCRAPE\markdown_url2_clean\kicad.org-libraries-contribute.md","kicad.org-libraries-contribute.md","markdown_url2_clean","https://www.kicad.org/libraries/contribute/","kicad.org","04_kicad_libraries_symbols_footprints","medium",
"dup_0022","c629e92d56f3eab1afccc32f2cbda2bc33df73e327d60bc69f14cc9c42bbe34f","3","C:\KICAD_SCRAPE\markdown_url2_clean\kicad.org-libraries-download.md","kicad.org-libraries-download.md","markdown_url2_clean","https://www.kicad.org/libraries/download/","kicad.org","04_kicad_libraries_symbols_footprints","medium",
"dup_0022","c629e92d56f3eab1afccc32f2cbda2bc33df73e327d60bc69f14cc9c42bbe34f","3","C:\KICAD_SCRAPE\markdown_url2_clean\kicad.org-libraries-third_party.md","kicad.org-libraries-third_party.md","markdown_url2_clean","https://www.kicad.org/libraries/third_party/","kicad.org","04_kicad_libraries_symbols_footprints","medium",
"dup_0023","d5093304b43fae8a153b36146cf18dbbc9893c16b45a3a4ef5090dc2402b1e80","3","C:\KICAD_SCRAPE\markdown_10k_clean\electronics.stackexchange.com-questions-8027.md","electronics.stackexchange.com-questions-8027.md","markdown_10k_clean","https://electronics.stackexchange.com/questions/8027","electronics.stackexchange.com","12_forums_peer_review","junk","search_or_tag_index"
"dup_0023","d5093304b43fae8a153b36146cf18dbbc9893c16b45a3a4ef5090dc2402b1e80","3","C:\KICAD_SCRAPE\markdown_10k_clean\electronics.stackexchange.com-questions-8028.md","electronics.stackexchange.com-questions-8028.md","markdown_10k_clean","https://electronics.stackexchange.com/questions/8028","electronics.stackexchange.com","12_forums_peer_review","junk","search_or_tag_index"
"dup_0023","d5093304b43fae8a153b36146cf18dbbc9893c16b45a3a4ef5090dc2402b1e80","3","C:\KICAD_SCRAPE\markdown_10k_clean\electronics.stackexchange.com-questions-8033.md","electronics.stackexchange.com-questions-8033.md","markdown_10k_clean","https://electronics.stackexchange.com/questions/8033","electronics.stackexchange.com","12_forums_peer_review","junk","search_or_tag_index"
"dup_0024","0347a61e3ac5b80530264f306c3625126360aa17c68845120556a03599bc2d10","2","C:\KICAD_SCRAPE\markdown_url2_clean\ti.com-lit-an-slla457a-slla457a.pdf.pdf","ti.com-lit-an-slla457a-slla457a.pdf.pdf","markdown_url2_clean",,"ti.com","14_datasheets_pdf_markdown","high",
"dup_0024","0347a61e3ac5b80530264f306c3625126360aa17c68845120556a03599bc2d10","2","C:\KICAD_SCRAPE\markdown_url2_clean\ti.com-lit-an-slla457-slla457.pdf.pdf","ti.com-lit-an-slla457-slla457.pdf.pdf","markdown_url2_clean",,"ti.com","14_datasheets_pdf_markdown","high",
"dup_0025","0a9b1336d5800fce9b9bcd8b5a0002ffe73b487ed5f9a42b9cd859b28b6df2dc","2","C:\KICAD_SCRAPE\markdown_url2_clean\ti.com-microcontrollers-mcus-processors-c2000-real-time-control-mcus-overview.html.md","ti.com-microcontrollers-mcus-processors-c2000-real-time-control-mcus-overview.html.md","markdown_url2_clean","https://www.ti.com/microcontrollers-mcus-processors/c2000-real-time-control-mcus/overview.html","ti.com","08_power_buck_regulators","high",
"dup_0025","0a9b1336d5800fce9b9bcd8b5a0002ffe73b487ed5f9a42b9cd859b28b6df2dc","2","C:\KICAD_SCRAPE\markdown_url2_clean\ti.com-microcontrollers-mcus-processors-msp430-microcontrollers-overview.html.md","ti.com-microcontrollers-mcus-processors-msp430-microcontrollers-overview.html.md","markdown_url2_clean","https://www.ti.com/microcontrollers-mcus-processors/msp430-microcontrollers/overview.html","ti.com","08_power_buck_regulators","high",
"dup_0026","1aa57d15a48f0d6036633407464422e1379595e80740b98db3d16fa30cbfeaaa","2","C:\KICAD_SCRAPE\markdown_url2_clean\docs.espressif.com-projects-esp-idf-en-latest-esp32s3-api-guides-wifi.html.md","docs.espressif.com-projects-esp-idf-en-latest-esp32s3-api-guides-wifi.html.md","markdown_url2_clean","https://docs.espressif.com/projects/esp-idf/en/latest/esp32s3/api-guides/wifi.html","docs.espressif.com","05_esp32_espressif","high",
"dup_0026","1aa57d15a48f0d6036633407464422e1379595e80740b98db3d16fa30cbfeaaa","2","C:\KICAD_SCRAPE\markdown_url2_clean\docs.espressif.com-projects-esp-idf-en-latest-esp32s3-api-reference-peripherals-adc_oneshot.html.md","docs.espressif.com-projects-esp-idf-en-latest-esp32s3-api-reference-peripherals-adc_oneshot.html.md","markdown_url2_clean","https://docs.espressif.com/projects/esp-idf/en/latest/esp32s3/api-reference/peripherals/adc_oneshot.html","docs.espressif.com","05_esp32_espressif","high",
"dup_0027","24681796ac36e50f9c6ef5e0b98945b6236ddb9fa620da97597ba62a85990206","2","C:\KICAD_SCRAPE\markdown_url2_clean\ti.com-lit-an-scaa082a-scaa082a.pdf.pdf","ti.com-lit-an-scaa082a-scaa082a.pdf.pdf","markdown_url2_clean",,"ti.com","14_datasheets_pdf_markdown","high",
"dup_0027","24681796ac36e50f9c6ef5e0b98945b6236ddb9fa620da97597ba62a85990206","2","C:\KICAD_SCRAPE\markdown_url2_clean\ti.com-lit-an-scaa082-scaa082.pdf.pdf","ti.com-lit-an-scaa082-scaa082.pdf.pdf","markdown_url2_clean",,"ti.com","14_datasheets_pdf_markdown","high",
"dup_0028","27d71971da07c280c6068d08c74720d1a25b8f20cf8494dc1765bdd28d40d435","2","C:\KICAD_SCRAPE\markdown_url2_clean\documentation.espressif.com-esp32-s3-wroom-1_wroom-1u_datasheet_en.pdf.pdf","documentation.espressif.com-esp32-s3-wroom-1_wroom-1u_datasheet_en.pdf.pdf","markdown_url2_clean",,"documentation.espressif.com","14_datasheets_pdf_markdown","high",
"dup_0028","27d71971da07c280c6068d08c74720d1a25b8f20cf8494dc1765bdd28d40d435","2","C:\KICAD_SCRAPE\markdown_url2_clean\espressif.com-sites-default-files-documentation-esp32-s3-wroom-1_wroom-1u_datasheet_en.pdf.pdf","espressif.com-sites-default-files-documentation-esp32-s3-wroom-1_wroom-1u_datasheet_en.pdf.pdf","markdown_url2_clean",,"espressif.com","14_datasheets_pdf_markdown","high",
"dup_0029","322dc0a0a6467b96ec5a705375d6b6d003580d1bf77e494cff58fb53eba9f9cc","2","C:\KICAD_SCRAPE\markdown_10k_clean\electronics.stackexchange.com-questions-8019.md","electronics.stackexchange.com-questions-8019.md","markdown_10k_clean","https://electronics.stackexchange.com/questions/8019","electronics.stackexchange.com","12_forums_peer_review","junk","search_or_tag_index"
"dup_0029","322dc0a0a6467b96ec5a705375d6b6d003580d1bf77e494cff58fb53eba9f9cc","2","C:\KICAD_SCRAPE\markdown_10k_clean\electronics.stackexchange.com-questions-8020.md","electronics.stackexchange.com-questions-8020.md","markdown_10k_clean","https://electronics.stackexchange.com/questions/8020","electronics.stackexchange.com","12_forums_peer_review","junk","search_or_tag_index"
"dup_0030","5061e1b158444d23d1ade279bdb824049143e5f231b26b0d2d9fc1755b190e96","2","C:\KICAD_SCRAPE\markdown_url2_clean\pcblibraries.com-library-expert.md","pcblibraries.com-library-expert.md","markdown_url2_clean","https://www.pcblibraries.com/library-expert/","pcblibraries.com","04_kicad_libraries_symbols_footprints","unknown",
"dup_0030","5061e1b158444d23d1ade279bdb824049143e5f231b26b0d2d9fc1755b190e96","2","C:\KICAD_SCRAPE\markdown_url2_clean\pcblibraries.com-pcb-footprint-expert.md","pcblibraries.com-pcb-footprint-expert.md","markdown_url2_clean","https://www.pcblibraries.com/pcb-footprint-expert/","pcblibraries.com","04_kicad_libraries_symbols_footprints","unknown",
"dup_0031","5a632f3f7a3ce3d21a06f4573b6fd0b587d4b970690e4292b25788fce6a5a48f","2","C:\KICAD_SCRAPE\markdown_url2_clean\esp32.com-search.php.md","esp32.com-search.php.md","markdown_url2_clean","https://esp32.com/search.php?keywords=ESP32-S3+USB+layout","esp32.com","05_esp32_espressif","junk","search_or_tag_index"
"dup_0031","5a632f3f7a3ce3d21a06f4573b6fd0b587d4b970690e4292b25788fce6a5a48f","2","C:\KICAD_SCRAPE\markdown_url2_clean\esp32.com-viewforum.php.md","esp32.com-viewforum.php.md","markdown_url2_clean","https://esp32.com/viewforum.php?f=2","esp32.com","05_esp32_espressif","unknown",
"dup_0032","6aca3e4b83a4fafac9ca309f19f2ef9ab9f85f9c23f0459b7eef1b8200a0bb48","2","C:\KICAD_SCRAPE\markdown_10k_clean\electronics.stackexchange.com-questions-8030.md","electronics.stackexchange.com-questions-8030.md","markdown_10k_clean","https://electronics.stackexchange.com/questions/8030","electronics.stackexchange.com","12_forums_peer_review","junk","search_or_tag_index"
"dup_0032","6aca3e4b83a4fafac9ca309f19f2ef9ab9f85f9c23f0459b7eef1b8200a0bb48","2","C:\KICAD_SCRAPE\markdown_10k_clean\electronics.stackexchange.com-questions-8031.md","electronics.stackexchange.com-questions-8031.md","markdown_10k_clean","https://electronics.stackexchange.com/questions/8031","electronics.stackexchange.com","12_forums_peer_review","junk","search_or_tag_index"
"dup_0033","86c25cdafb484895888fc253b3dbc32bf1b5fc943710208f02731ae0524f8109","2","C:\KICAD_SCRAPE\markdown_url2_clean\eevblog.com-forum-projects.md","eevblog.com-forum-projects.md","markdown_url2_clean","https://www.eevblog.com/forum/projects/","eevblog.com","12_forums_peer_review","junk","search_or_tag_index"
"dup_0033","86c25cdafb484895888fc253b3dbc32bf1b5fc943710208f02731ae0524f8109","2","C:\KICAD_SCRAPE\markdown_url2_clean\eevblog.com-forum-projects-buck-converter-layout-review.md","eevblog.com-forum-projects-buck-converter-layout-review.md","markdown_url2_clean","https://www.eevblog.com/forum/projects/buck-converter-layout-review/","eevblog.com","12_forums_peer_review","junk","search_or_tag_index"
"dup_0034","87c9a6fe8ea2b1fa57e3e59cfe52aefb079fce76bb36f244a02aa484313e65c2","2","C:\KICAD_SCRAPE\markdown_url2_clean\docs.espressif.com-projects-esp-hardware-design-guidelines-en-latest-esp32-index.html.md","docs.espressif.com-projects-esp-hardware-design-guidelines-en-latest-esp32-index.html.md","markdown_url2_clean","https://docs.espressif.com/projects/esp-hardware-design-guidelines/en/latest/esp32/index.html","docs.espressif.com","05_esp32_espressif","high",
"dup_0034","87c9a6fe8ea2b1fa57e3e59cfe52aefb079fce76bb36f244a02aa484313e65c2","2","C:\KICAD_SCRAPE\markdown_url2_clean\docs.espressif.com-projects-esp-hardware-design-guidelines-en-latest-index.html.md","docs.espressif.com-projects-esp-hardware-design-guidelines-en-latest-index.html.md","markdown_url2_clean","https://docs.espressif.com/projects/esp-hardware-design-guidelines/en/latest/index.html","docs.espressif.com","05_esp32_espressif","high",
"dup_0035","958e990f6e10fc039482ee678e2d3097739b09f8fb686adfe9a7f8be8f26df2d","2","C:\KICAD_SCRAPE\markdown_10k_clean\electronics.stackexchange.com-questions-8008.md","electronics.stackexchange.com-questions-8008.md","markdown_10k_clean","https://electronics.stackexchange.com/questions/8008","electronics.stackexchange.com","12_forums_peer_review","junk","search_or_tag_index"
"dup_0035","958e990f6e10fc039482ee678e2d3097739b09f8fb686adfe9a7f8be8f26df2d","2","C:\KICAD_SCRAPE\markdown_10k_clean\electronics.stackexchange.com-questions-8010.md","electronics.stackexchange.com-questions-8010.md","markdown_10k_clean","https://electronics.stackexchange.com/questions/8010","electronics.stackexchange.com","12_forums_peer_review","junk","search_or_tag_index"
"dup_0036","97ac61fcd46ead830dc672571848e2940918e034f9b64356f6ee6b558ba8f47e","2","C:\KICAD_SCRAPE\markdown_10k_clean\electronics.stackexchange.com-questions-8005.md","electronics.stackexchange.com-questions-8005.md","markdown_10k_clean","https://electronics.stackexchange.com/questions/8005","electronics.stackexchange.com","12_forums_peer_review","junk","search_or_tag_index"
"dup_0036","97ac61fcd46ead830dc672571848e2940918e034f9b64356f6ee6b558ba8f47e","2","C:\KICAD_SCRAPE\markdown_10k_clean\electronics.stackexchange.com-questions-8007.md","electronics.stackexchange.com-questions-8007.md","markdown_10k_clean","https://electronics.stackexchange.com/questions/8007","electronics.stackexchange.com","12_forums_peer_review","junk","search_or_tag_index"
"dup_0037","c167cf1e72a5473a4d2c59b6a3c0251498701da05b7785919b9ceaae3b3e02c6","2","C:\KICAD_SCRAPE\markdown_url2_clean\ti.com-lit-ds-symlink-tpd4e05u06.pdf.pdf","ti.com-lit-ds-symlink-tpd4e05u06.pdf.pdf","markdown_url2_clean",,"ti.com","14_datasheets_pdf_markdown","high",
"dup_0037","c167cf1e72a5473a4d2c59b6a3c0251498701da05b7785919b9ceaae3b3e02c6","2","C:\KICAD_SCRAPE\markdown_url2_clean\ti.com-lit-ds-symlink-tpd6e05u06.pdf.pdf","ti.com-lit-ds-symlink-tpd6e05u06.pdf.pdf","markdown_url2_clean",,"ti.com","14_datasheets_pdf_markdown","high",
"dup_0038","c770e50bf5d014e1c9f20d9d538f153d379cbe2e9e0bfd52dda0685a5afdc2f6","2","C:\KICAD_SCRAPE\markdown_10k_clean\electronics.stackexchange.com-questions-8024.md","electronics.stackexchange.com-questions-8024.md","markdown_10k_clean","https://electronics.stackexchange.com/questions/8024","electronics.stackexchange.com","12_forums_peer_review","junk","search_or_tag_index"
"dup_0038","c770e50bf5d014e1c9f20d9d538f153d379cbe2e9e0bfd52dda0685a5afdc2f6","2","C:\KICAD_SCRAPE\markdown_10k_clean\electronics.stackexchange.com-questions-8025.md","electronics.stackexchange.com-questions-8025.md","markdown_10k_clean","https://electronics.stackexchange.com/questions/8025","electronics.stackexchange.com","12_forums_peer_review","junk","search_or_tag_index"
"dup_0039","d03e06905b4ba3f68f2b0ac0de20b01a4798806f45f1aa3019a83258db7efdf6","2","C:\KICAD_SCRAPE\markdown_url2_clean\jlcpcb.com-help-article-smt-assembly-design-rules.md","jlcpcb.com-help-article-smt-assembly-design-rules.md","markdown_url2_clean","https://jlcpcb.com/help/article/smt-assembly-design-rules","jlcpcb.com","04_kicad_libraries_symbols_footprints","low",
"dup_0039","d03e06905b4ba3f68f2b0ac0de20b01a4798806f45f1aa3019a83258db7efdf6","2","C:\KICAD_SCRAPE\markdown_url2_clean\jlcpcb.com-pcb-assembly.md","jlcpcb.com-pcb-assembly.md","markdown_url2_clean","https://jlcpcb.com/pcb-assembly","jlcpcb.com","04_kicad_libraries_symbols_footprints","low",
"dup_0040","e23ad703a6c58638d37c80fcc1eb38801139e5cfc704df8c288e0667a26e6b5d","2","C:\KICAD_SCRAPE\markdown_url2_clean\4pcb.com-pcb-design-checklist.html.md","4pcb.com-pcb-design-checklist.html.md","markdown_url2_clean","https://www.4pcb.com/pcb-design-checklist.html","4pcb.com","04_kicad_libraries_symbols_footprints","unknown",
"dup_0040","e23ad703a6c58638d37c80fcc1eb38801139e5cfc704df8c288e0667a26e6b5d","2","C:\KICAD_SCRAPE\markdown_url2_clean\4pcb.com-printed-circuit-board-stackups.html.md","4pcb.com-printed-circuit-board-stackups.html.md","markdown_url2_clean","https://www.4pcb.com/printed-circuit-board-stackups.html","4pcb.com","04_kicad_libraries_symbols_footprints","unknown",
"dup_0041","ef04dbf782c010b5c878d826fc59bf76b4180bc38759431b1149943165a6cbe2","2","C:\KICAD_SCRAPE\markdown_10k_clean\electronics.stackexchange.com-questions-8032.md","electronics.stackexchange.com-questions-8032.md","markdown_10k_clean","https://electronics.stackexchange.com/questions/8032","electronics.stackexchange.com","12_forums_peer_review","junk","search_or_tag_index"
"dup_0041","ef04dbf782c010b5c878d826fc59bf76b4180bc38759431b1149943165a6cbe2","2","C:\KICAD_SCRAPE\markdown_10k_clean\electronics.stackexchange.com-questions-8035.md","electronics.stackexchange.com-questions-8035.md","markdown_10k_clean","https://electronics.stackexchange.com/questions/8035","electronics.stackexchange.com","12_forums_peer_review","junk","search_or_tag_index"
