"source_file_path","source_file_name","source_folder","source_url","normalized_url","url_index_id","match_method","category","destination_file","action","reason"
"C:\KICAD_SCRAPE\markdown_10k_clean\eevblog.com-forum-projects-110.md","eevblog.com-forum-projects-110.md","markdown_10k_clean","https://www.eevblog.com/forum/projects/110","https://www.eevblog.com/forum/projects/110","url_006338","source_url","91_rejected_low_value","91_rejected_low_value\url_006338--eevblog.com-forum-projects-110.md","copied","copied_to_category"
"C:\KICAD_SCRAPE\markdown_10k_clean\eevblog.com-forum-projects-111.md","eevblog.com-forum-projects-111.md","markdown_10k_clean","https://www.eevblog.com/forum/projects/111","https://www.eevblog.com/forum/projects/111","url_006339","source_url","91_rejected_low_value","91_rejected_low_value\url_006339--eevblog.com-forum-projects-111.md","copied","copied_to_category"
"C:\KICAD_SCRAPE\markdown_10k_clean\eevblog.com-forum-projects-112.md","eevblog.com-forum-projects-112.md","markdown_10k_clean","https://www.eevblog.com/forum/projects/112","https://www.eevblog.com/forum/projects/112","url_006340","source_url","91_rejected_low_value","91_rejected_low_value\url_006340--eevblog.com-forum-projects-112.md","copied","copied_to_category"
"C:\KICAD_SCRAPE\markdown_10k_clean\eevblog.com-forum-projects-116.md","eevblog.com-forum-projects-116.md","markdown_10k_clean","https://www.eevblog.com/forum/projects/116","https://www.eevblog.com/forum/projects/116","url_006344","source_url","91_rejected_low_value","91_rejected_low_value\url_006344--eevblog.com-forum-projects-116.md","copied","copied_to_category"
"C:\KICAD_SCRAPE\markdown_10k_clean\eevblog.com-forum-projects-117.md","eevblog.com-forum-projects-117.md","markdown_10k_clean","https://www.eevblog.com/forum/projects/117","https://www.eevblog.com/forum/projects/117","url_006345","source_url","91_rejected_low_value","91_rejected_low_value\url_006345--eevblog.com-forum-projects-117.md","copied","copied_to_category"
"C:\KICAD_SCRAPE\markdown_10k_clean\eevblog.com-forum-projects-118.md","eevblog.com-forum-projects-118.md","markdown_10k_clean","https://www.eevblog.com/forum/projects/118","https://www.eevblog.com/forum/projects/118","url_006346","source_url","91_rejected_low_value","91_rejected_low_value\url_006346--eevblog.com-forum-projects-118.md","copied","copied_to_category"
"C:\KICAD_SCRAPE\markdown_10k_clean\eevblog.com-forum-projects-122.md","eevblog.com-forum-projects-122.md","markdown_10k_clean","https://www.eevblog.com/forum/projects/122","https://www.eevblog.com/forum/projects/122","url_006350","source_url","91_rejected_low_value","91_rejected_low_value\url_006350--eevblog.com-forum-projects-122.md","copied","copied_to_category"
"C:\KICAD_SCRAPE\markdown_10k_clean\eevblog.com-forum-projects-123.md","eevblog.com-forum-projects-123.md","markdown_10k_clean","https://www.eevblog.com/forum/projects/123","https://www.eevblog.com/forum/projects/123","url_006351","source_url","91_rejected_low_value","91_rejected_low_value\url_006351--eevblog.com-forum-projects-123.md","copied","copied_to_category"
"C:\KICAD_SCRAPE\markdown_10k_clean\eevblog.com-forum-projects-124.md","eevblog.com-forum-projects-124.md","markdown_10k_clean","https://www.eevblog.com/forum/projects/124","https://www.eevblog.com/forum/projects/124","url_006352","source_url","91_rejected_low_value","91_rejected_low_value\url_006352--eevblog.com-forum-projects-124.md","copied","copied_to_category"
"C:\KICAD_SCRAPE\markdown_10k_clean\eevblog.com-forum-projects-125.md","eevblog.com-forum-projects-125.md","markdown_10k_clean","https://www.eevblog.com/forum/projects/125","https://www.eevblog.com/forum/projects/125","url_006353","source_url","91_rejected_low_value","91_rejected_low_value\url_006353--eevblog.com-forum-projects-125.md","copied","copied_to_category"
"C:\KICAD_SCRAPE\markdown_10k_clean\eevblog.com-forum-projects-126.md","eevblog.com-forum-projects-126.md","markdown_10k_clean","https://www.eevblog.com/forum/projects/126","https://www.eevblog.com/forum/projects/126","url_006354","source_url","91_rejected_low_value","91_rejected_low_value\url_006354--eevblog.com-forum-projects-126.md","copied","copied_to_category"
"C:\KICAD_SCRAPE\markdown_10k_clean\eevblog.com-forum-projects-127.md","eevblog.com-forum-projects-127.md","markdown_10k_clean","https://www.eevblog.com/forum/projects/127","https://www.eevblog.com/forum/projects/127","url_006355","source_url","91_rejected_low_value","91_rejected_low_value\url_006355--eevblog.com-forum-projects-127.md","copied","copied_to_category"
"C:\KICAD_SCRAPE\markdown_10k_clean\eevblog.com-forum-projects-128.md","eevblog.com-forum-projects-128.md","markdown_10k_clean","https://www.eevblog.com/forum/projects/128","https://www.eevblog.com/forum/projects/128","url_006356","source_url","91_rejected_low_value","91_rejected_low_value\url_006356--eevblog.com-forum-projects-128.md","copied","copied_to_category"
"C:\KICAD_SCRAPE\markdown_10k_clean\eevblog.com-forum-projects-129.md","eevblog.com-forum-projects-129.md","markdown_10k_clean","https://www.eevblog.com/forum/projects/129","https://www.eevblog.com/forum/projects/129","url_006357","source_url","91_rejected_low_value","91_rejected_low_value\url_006357--eevblog.com-forum-projects-129.md","copied","copied_to_category"
"C:\KICAD_SCRAPE\markdown_10k_clean\eevblog.com-forum-projects-130.md","eevblog.com-forum-projects-130.md","markdown_10k_clean","https://www.eevblog.com/forum/projects/130","https://www.eevblog.com/forum/projects/130","url_006358","source_url","91_rejected_low_value","91_rejected_low_value\url_006358--eevblog.com-forum-projects-130.md","copied","copied_to_category"
"C:\KICAD_SCRAPE\markdown_10k_clean\eevblog.com-forum-projects-131.md","eevblog.com-forum-projects-131.md","markdown_10k_clean","https://www.eevblog.com/forum/projects/131","https://www.eevblog.com/forum/projects/131","url_006359","source_url","91_rejected_low_value","91_rejected_low_value\url_006359--eevblog.com-forum-projects-131.md","copied","copied_to_category"
"C:\KICAD_SCRAPE\markdown_10k_clean\eevblog.com-forum-projects-132.md","eevblog.com-forum-projects-132.md","markdown_10k_clean","https://www.eevblog.com/forum/projects/132","https://www.eevblog.com/forum/projects/132","url_006360","source_url","91_rejected_low_value","91_rejected_low_value\url_006360--eevblog.com-forum-projects-132.md","copied","copied_to_category"
"C:\KICAD_SCRAPE\markdown_10k_clean\eevblog.com-forum-projects-133.md","eevblog.com-forum-projects-133.md","markdown_10k_clean","https://www.eevblog.com/forum/projects/133","https://www.eevblog.com/forum/projects/133","url_006361","source_url","91_rejected_low_value","91_rejected_low_value\url_006361--eevblog.com-forum-projects-133.md","copied","copied_to_category"
"C:\KICAD_SCRAPE\markdown_10k_clean\eevblog.com-forum-projects-134.md","eevblog.com-forum-projects-134.md","markdown_10k_clean","https://www.eevblog.com/forum/projects/134","https://www.eevblog.com/forum/projects/134","url_006362","source_url","91_rejected_low_value","91_rejected_low_value\url_006362--eevblog.com-forum-projects-134.md","copied","copied_to_category"
"C:\KICAD_SCRAPE\markdown_10k_clean\eevblog.com-forum-projects-135.md","eevblog.com-forum-projects-135.md","markdown_10k_clean","https://www.eevblog.com/forum/projects/135","https://www.eevblog.com/forum/projects/135","url_006363","source_url","91_rejected_low_value","91_rejected_low_value\url_006363--eevblog.com-forum-projects-135.md","copied","copied_to_category"
"C:\KICAD_SCRAPE\markdown_10k_clean\eevblog.com-forum-projects-136.md","eevblog.com-forum-projects-136.md","markdown_10k_clean","https://www.eevblog.com/forum/projects/136","https://www.eevblog.com/forum/projects/136","url_006364","source_url","91_rejected_low_value","91_rejected_low_value\url_006364--eevblog.com-forum-projects-136.md","copied","copied_to_category"
"C:\KICAD_SCRAPE\markdown_10k_clean\eevblog.com-forum-projects-137.md","eevblog.com-forum-projects-137.md","markdown_10k_clean","https://www.eevblog.com/forum/projects/137","https://www.eevblog.com/forum/projects/137","url_006365","source_url","91_rejected_low_value","91_rejected_low_value\url_006365--eevblog.com-forum-projects-137.md","copied","copied_to_category"
"C:\KICAD_SCRAPE\markdown_10k_clean\eevblog.com-forum-projects-138.md","eevblog.com-forum-projects-138.md","markdown_10k_clean","https://www.eevblog.com/forum/projects/138","https://www.eevblog.com/forum/projects/138","url_006366","source_url","91_rejected_low_value","91_rejected_low_value\url_006366--eevblog.com-forum-projects-138.md","copied","copied_to_category"
"C:\KICAD_SCRAPE\markdown_10k_clean\eevblog.com-forum-projects-139.md","eevblog.com-forum-projects-139.md","markdown_10k_clean","https://www.eevblog.com/forum/projects/139","https://www.eevblog.com/forum/projects/139","url_006367","source_url","91_rejected_low_value","91_rejected_low_value\url_006367--eevblog.com-forum-projects-139.md","copied","copied_to_category"
"C:\KICAD_SCRAPE\markdown_10k_clean\eevblog.com-forum-projects-140.md","eevblog.com-forum-projects-140.md","markdown_10k_clean","https://www.eevblog.com/forum/projects/140","https://www.eevblog.com/forum/projects/140","url_006368","source_url","91_rejected_low_value","91_rejected_low_value\url_006368--eevblog.com-forum-projects-140.md","copied","copied_to_category"
"C:\KICAD_SCRAPE\markdown_10k_clean\eevblog.com-forum-projects-141.md","eevblog.com-forum-projects-141.md","markdown_10k_clean","https://www.eevblog.com/forum/projects/141","https://www.eevblog.com/forum/projects/141","url_006369","source_url","91_rejected_low_value","91_rejected_low_value\url_006369--eevblog.com-forum-projects-141.md","copied","copied_to_category"
"C:\KICAD_SCRAPE\markdown_10k_clean\eevblog.com-forum-projects-142.md","eevblog.com-forum-projects-142.md","markdown_10k_clean","https://www.eevblog.com/forum/projects/142","https://www.eevblog.com/forum/projects/142","url_006370","source_url","91_rejected_low_value","91_rejected_low_value\url_006370--eevblog.com-forum-projects-142.md","copied","copied_to_category"
"C:\KICAD_SCRAPE\markdown_10k_clean\eevblog.com-forum-projects-143.md","eevblog.com-forum-projects-143.md","markdown_10k_clean","https://www.eevblog.com/forum/projects/143","https://www.eevblog.com/forum/projects/143","url_006371","source_url","91_rejected_low_value","91_rejected_low_value\url_006371--eevblog.com-forum-projects-143.md","copied","copied_to_category"
"C:\KICAD_SCRAPE\markdown_10k_clean\eevblog.com-forum-projects-144.md","eevblog.com-forum-projects-144.md","markdown_10k_clean","https://www.eevblog.com/forum/projects/144","https://www.eevblog.com/forum/projects/144","url_006372","source_url","91_rejected_low_value","91_rejected_low_value\url_006372--eevblog.com-forum-projects-144.md","copied","copied_to_category"
"C:\KICAD_SCRAPE\markdown_10k_clean\eevblog.com-forum-projects-145.md","eevblog.com-forum-projects-145.md","markdown_10k_clean","https://www.eevblog.com/forum/projects/145","https://www.eevblog.com/forum/projects/145","url_006373","source_url","91_rejected_low_value","91_rejected_low_value\url_006373--eevblog.com-forum-projects-145.md","copied","copied_to_category"
"C:\KICAD_SCRAPE\markdown_10k_clean\eevblog.com-forum-projects-146.md","eevblog.com-forum-projects-146.md","markdown_10k_clean","https://www.eevblog.com/forum/projects/146","https://www.eevblog.com/forum/projects/146","url_006374","source_url","91_rejected_low_value","91_rejected_low_value\url_006374--eevblog.com-forum-projects-146.md","copied","copied_to_category"
"C:\KICAD_SCRAPE\markdown_10k_clean\eevblog.com-forum-projects-147.md","eevblog.com-forum-projects-147.md","markdown_10k_clean","https://www.eevblog.com/forum/projects/147","https://www.eevblog.com/forum/projects/147","url_006375","source_url","91_rejected_low_value","91_rejected_low_value\url_006375--eevblog.com-forum-projects-147.md","copied","copied_to_category"
"C:\KICAD_SCRAPE\markdown_10k_clean\eevblog.com-forum-projects-148.md","eevblog.com-forum-projects-148.md","markdown_10k_clean","https://www.eevblog.com/forum/projects/148","https://www.eevblog.com/forum/projects/148","url_006376","source_url","91_rejected_low_value","91_rejected_low_value\url_006376--eevblog.com-forum-projects-148.md","copied","copied_to_category"
"C:\KICAD_SCRAPE\markdown_10k_clean\eevblog.com-forum-projects-149.md","eevblog.com-forum-projects-149.md","markdown_10k_clean","https://www.eevblog.com/forum/projects/149","https://www.eevblog.com/forum/projects/149","url_006377","source_url","91_rejected_low_value","91_rejected_low_value\url_006377--eevblog.com-forum-projects-149.md","copied","copied_to_category"
"C:\KICAD_SCRAPE\markdown_10k_clean\eevblog.com-forum-projects-150.md","eevblog.com-forum-projects-150.md","markdown_10k_clean","https://www.eevblog.com/forum/projects/150","https://www.eevblog.com/forum/projects/150","url_006378","source_url","91_rejected_low_value","91_rejected_low_value\url_006378--eevblog.com-forum-projects-150.md","copied","copied_to_category"
"C:\KICAD_SCRAPE\markdown_10k_clean\eevblog.com-forum-projects-151.md","eevblog.com-forum-projects-151.md","markdown_10k_clean","https://www.eevblog.com/forum/projects/151","https://www.eevblog.com/forum/projects/151","url_006379","source_url","91_rejected_low_value","91_rejected_low_value\url_006379--eevblog.com-forum-projects-151.md","copied","copied_to_category"
"C:\KICAD_SCRAPE\markdown_10k_clean\eevblog.com-forum-projects-152.md","eevblog.com-forum-projects-152.md","markdown_10k_clean","https://www.eevblog.com/forum/projects/152","https://www.eevblog.com/forum/projects/152","url_006380","source_url","91_rejected_low_value","91_rejected_low_value\url_006380--eevblog.com-forum-projects-152.md","copied","copied_to_category"
"C:\KICAD_SCRAPE\markdown_10k_clean\eevblog.com-forum-projects-153.md","eevblog.com-forum-projects-153.md","markdown_10k_clean","https://www.eevblog.com/forum/projects/153","https://www.eevblog.com/forum/projects/153","url_006381","source_url","91_rejected_low_value","91_rejected_low_value\url_006381--eevblog.com-forum-projects-153.md","copied","copied_to_category"
"C:\KICAD_SCRAPE\markdown_10k_clean\eevblog.com-forum-projects-154.md","eevblog.com-forum-projects-154.md","markdown_10k_clean","https://www.eevblog.com/forum/projects/154","https://www.eevblog.com/forum/projects/154","url_006382","source_url","91_rejected_low_value","91_rejected_low_value\url_006382--eevblog.com-forum-projects-154.md","copied","copied_to_category"
"C:\KICAD_SCRAPE\markdown_10k_clean\eevblog.com-forum-projects-155.md","eevblog.com-forum-projects-155.md","markdown_10k_clean","https://www.eevblog.com/forum/projects/155","https://www.eevblog.com/forum/projects/155","url_006383","source_url","91_rejected_low_value","91_rejected_low_value\url_006383--eevblog.com-forum-projects-155.md","copied","copied_to_category"
"C:\KICAD_SCRAPE\markdown_10k_clean\eevblog.com-forum-projects-156.md","eevblog.com-forum-projects-156.md","markdown_10k_clean","https://www.eevblog.com/forum/projects/156","https://www.eevblog.com/forum/projects/156","url_006384","source_url","91_rejected_low_value","91_rejected_low_value\url_006384--eevblog.com-forum-projects-156.md","copied","copied_to_category"
"C:\KICAD_SCRAPE\markdown_10k_clean\eevblog.com-forum-projects-157.md","eevblog.com-forum-projects-157.md","markdown_10k_clean","https://www.eevblog.com/forum/projects/157","https://www.eevblog.com/forum/projects/157","url_006385","source_url","91_rejected_low_value","91_rejected_low_value\url_006385--eevblog.com-forum-projects-157.md","copied","copied_to_category"
"C:\KICAD_SCRAPE\markdown_10k_clean\eevblog.com-forum-projects-158.md","eevblog.com-forum-projects-158.md","markdown_10k_clean","https://www.eevblog.com/forum/projects/158","https://www.eevblog.com/forum/projects/158","url_006386","source_url","91_rejected_low_value","91_rejected_low_value\url_006386--eevblog.com-forum-projects-158.md","copied","copied_to_category"
"C:\KICAD_SCRAPE\markdown_10k_clean\eevblog.com-forum-projects-159.md","eevblog.com-forum-projects-159.md","markdown_10k_clean","https://www.eevblog.com/forum/projects/159","https://www.eevblog.com/forum/projects/159","url_006387","source_url","91_rejected_low_value","91_rejected_low_value\url_006387--eevblog.com-forum-projects-159.md","copied","copied_to_category"
"C:\KICAD_SCRAPE\markdown_10k_clean\eevblog.com-forum-projects-160.md","eevblog.com-forum-projects-160.md","markdown_10k_clean","https://www.eevblog.com/forum/projects/160","https://www.eevblog.com/forum/projects/160","url_006388","source_url","91_rejected_low_value","91_rejected_low_value\url_006388--eevblog.com-forum-projects-160.md","copied","copied_to_category"
"C:\KICAD_SCRAPE\markdown_10k_clean\eevblog.com-forum-projects-161.md","eevblog.com-forum-projects-161.md","markdown_10k_clean","https://www.eevblog.com/forum/projects/161","https://www.eevblog.com/forum/projects/161","url_006389","source_url","91_rejected_low_value","91_rejected_low_value\url_006389--eevblog.com-forum-projects-161.md","copied","copied_to_category"
"C:\KICAD_SCRAPE\markdown_10k_clean\eevblog.com-forum-projects-162.md","eevblog.com-forum-projects-162.md","markdown_10k_clean","https://www.eevblog.com/forum/projects/162","https://www.eevblog.com/forum/projects/162","url_006390","source_url","91_rejected_low_value","91_rejected_low_value\url_006390--eevblog.com-forum-projects-162.md","copied","copied_to_category"
"C:\KICAD_SCRAPE\markdown_10k_clean\eevblog.com-forum-projects-163.md","eevblog.com-forum-projects-163.md","markdown_10k_clean","https://www.eevblog.com/forum/projects/163","https://www.eevblog.com/forum/projects/163","url_006391","source_url","91_rejected_low_value","91_rejected_low_value\url_006391--eevblog.com-forum-projects-163.md","copied","copied_to_category"
"C:\KICAD_SCRAPE\markdown_10k_clean\eevblog.com-forum-projects-164.md","eevblog.com-forum-projects-164.md","markdown_10k_clean","https://www.eevblog.com/forum/projects/164","https://www.eevblog.com/forum/projects/164","url_006392","source_url","91_rejected_low_value","91_rejected_low_value\url_006392--eevblog.com-forum-projects-164.md","copied","copied_to_category"
"C:\KICAD_SCRAPE\markdown_10k_clean\eevblog.com-forum-projects-165.md","eevblog.com-forum-projects-165.md","markdown_10k_clean","https://www.eevblog.com/forum/projects/165","https://www.eevblog.com/forum/projects/165","url_006393","source_url","91_rejected_low_value","91_rejected_low_value\url_006393--eevblog.com-forum-projects-165.md","copied","copied_to_category"
"C:\KICAD_SCRAPE\markdown_10k_clean\eevblog.com-forum-projects-166.md","eevblog.com-forum-projects-166.md","markdown_10k_clean","https://www.eevblog.com/forum/projects/166","https://www.eevblog.com/forum/projects/166","url_006394","source_url","91_rejected_low_value","91_rejected_low_value\url_006394--eevblog.com-forum-projects-166.md","copied","copied_to_category"
"C:\KICAD_SCRAPE\markdown_10k_clean\eevblog.com-forum-projects-167.md","eevblog.com-forum-projects-167.md","markdown_10k_clean","https://www.eevblog.com/forum/projects/167","https://www.eevblog.com/forum/projects/167","url_006395","source_url","91_rejected_low_value","91_rejected_low_value\url_006395--eevblog.com-forum-projects-167.md","copied","copied_to_category"
"C:\KICAD_SCRAPE\markdown_10k_clean\eevblog.com-forum-projects-168.md","eevblog.com-forum-projects-168.md","markdown_10k_clean","https://www.eevblog.com/forum/projects/168","https://www.eevblog.com/forum/projects/168","url_006396","source_url","91_rejected_low_value","91_rejected_low_value\url_006396--eevblog.com-forum-projects-168.md","copied","copied_to_category"
"C:\KICAD_SCRAPE\markdown_10k_clean\eevblog.com-forum-projects-169.md","eevblog.com-forum-projects-169.md","markdown_10k_clean","https://www.eevblog.com/forum/projects/169","https://www.eevblog.com/forum/projects/169","url_006397","source_url","91_rejected_low_value","91_rejected_low_value\url_006397--eevblog.com-forum-projects-169.md","copied","copied_to_category"
"C:\KICAD_SCRAPE\markdown_10k_clean\eevblog.com-forum-projects-170.md","eevblog.com-forum-projects-170.md","markdown_10k_clean","https://www.eevblog.com/forum/projects/170","https://www.eevblog.com/forum/projects/170","url_006398","source_url","91_rejected_low_value","91_rejected_low_value\url_006398--eevblog.com-forum-projects-170.md","copied","copied_to_category"
"C:\KICAD_SCRAPE\markdown_10k_clean\eevblog.com-forum-projects-171.md","eevblog.com-forum-projects-171.md","markdown_10k_clean","https://www.eevblog.com/forum/projects/171","https://www.eevblog.com/forum/projects/171","url_006399","source_url","91_rejected_low_value","91_rejected_low_value\url_006399--eevblog.com-forum-projects-171.md","copied","copied_to_category"
"C:\KICAD_SCRAPE\markdown_10k_clean\eevblog.com-forum-projects-172.md","eevblog.com-forum-projects-172.md","markdown_10k_clean","https://www.eevblog.com/forum/projects/172","https://www.eevblog.com/forum/projects/172","url_006400","source_url","91_rejected_low_value","91_rejected_low_value\url_006400--eevblog.com-forum-projects-172.md","copied","copied_to_category"
"C:\KICAD_SCRAPE\markdown_10k_clean\eevblog.com-forum-projects-173.md","eevblog.com-forum-projects-173.md","markdown_10k_clean","https://www.eevblog.com/forum/projects/173","https://www.eevblog.com/forum/projects/173","url_006401","source_url","91_rejected_low_value","91_rejected_low_value\url_006401--eevblog.com-forum-projects-173.md","copied","copied_to_category"
"C:\KICAD_SCRAPE\markdown_10k_clean\eevblog.com-forum-projects-174.md","eevblog.com-forum-projects-174.md","markdown_10k_clean","https://www.eevblog.com/forum/projects/174","https://www.eevblog.com/forum/projects/174","url_006402","source_url","91_rejected_low_value","91_rejected_low_value\url_006402--eevblog.com-forum-projects-174.md","copied","copied_to_category"
"C:\KICAD_SCRAPE\markdown_10k_clean\eevblog.com-forum-projects-175.md","eevblog.com-forum-projects-175.md","markdown_10k_clean","https://www.eevblog.com/forum/projects/175","https://www.eevblog.com/forum/projects/175","url_006403","source_url","91_rejected_low_value","91_rejected_low_value\url_006403--eevblog.com-forum-projects-175.md","copied","copied_to_category"
"C:\KICAD_SCRAPE\markdown_10k_clean\eevblog.com-forum-projects-176.md","eevblog.com-forum-projects-176.md","markdown_10k_clean","https://www.eevblog.com/forum/projects/176","https://www.eevblog.com/forum/projects/176","url_006404","source_url","91_rejected_low_value","91_rejected_low_value\url_006404--eevblog.com-forum-projects-176.md","copied","copied_to_category"
"C:\KICAD_SCRAPE\markdown_10k_clean\eevblog.com-forum-projects-177.md","eevblog.com-forum-projects-177.md","markdown_10k_clean","https://www.eevblog.com/forum/projects/177","https://www.eevblog.com/forum/projects/177","url_006405","source_url","91_rejected_low_value","91_rejected_low_value\url_006405--eevblog.com-forum-projects-177.md","copied","copied_to_category"
"C:\KICAD_SCRAPE\markdown_10k_clean\eevblog.com-forum-projects-178.md","eevblog.com-forum-projects-178.md","markdown_10k_clean","https://www.eevblog.com/forum/projects/178","https://www.eevblog.com/forum/projects/178","url_006406","source_url","91_rejected_low_value","91_rejected_low_value\url_006406--eevblog.com-forum-projects-178.md","copied","copied_to_category"
"C:\KICAD_SCRAPE\markdown_10k_clean\eevblog.com-forum-projects-179.md","eevblog.com-forum-projects-179.md","markdown_10k_clean","https://www.eevblog.com/forum/projects/179","https://www.eevblog.com/forum/projects/179","url_006407","source_url","91_rejected_low_value","91_rejected_low_value\url_006407--eevblog.com-forum-projects-179.md","copied","copied_to_category"
"C:\KICAD_SCRAPE\markdown_10k_clean\eevblog.com-forum-projects-180.md","eevblog.com-forum-projects-180.md","markdown_10k_clean","https://www.eevblog.com/forum/projects/180","https://www.eevblog.com/forum/projects/180","url_006408","source_url","91_rejected_low_value","91_rejected_low_value\url_006408--eevblog.com-forum-projects-180.md","copied","copied_to_category"
"C:\KICAD_SCRAPE\markdown_10k_clean\eevblog.com-forum-projects-181.md","eevblog.com-forum-projects-181.md","markdown_10k_clean","https://www.eevblog.com/forum/projects/181","https://www.eevblog.com/forum/projects/181","url_006409","source_url","91_rejected_low_value","91_rejected_low_value\url_006409--eevblog.com-forum-projects-181.md","copied","copied_to_category"
"C:\KICAD_SCRAPE\markdown_10k_clean\eevblog.com-forum-projects-182.md","eevblog.com-forum-projects-182.md","markdown_10k_clean","https://www.eevblog.com/forum/projects/182","https://www.eevblog.com/forum/projects/182","url_006410","source_url","91_rejected_low_value","91_rejected_low_value\url_006410--eevblog.com-forum-projects-182.md","copied","copied_to_category"
"C:\KICAD_SCRAPE\markdown_10k_clean\eevblog.com-forum-projects-183.md","eevblog.com-forum-projects-183.md","markdown_10k_clean","https://www.eevblog.com/forum/projects/183","https://www.eevblog.com/forum/projects/183","url_006411","source_url","91_rejected_low_value","91_rejected_low_value\url_006411--eevblog.com-forum-projects-183.md","copied","copied_to_category"
"C:\KICAD_SCRAPE\markdown_10k_clean\eevblog.com-forum-projects-184.md","eevblog.com-forum-projects-184.md","markdown_10k_clean","https://www.eevblog.com/forum/projects/184","https://www.eevblog.com/forum/projects/184","url_006412","source_url","91_rejected_low_value","91_rejected_low_value\url_006412--eevblog.com-forum-projects-184.md","copied","copied_to_category"
"C:\KICAD_SCRAPE\markdown_10k_clean\eevblog.com-forum-projects-185.md","eevblog.com-forum-projects-185.md","markdown_10k_clean","https://www.eevblog.com/forum/projects/185","https://www.eevblog.com/forum/projects/185","url_006413","source_url","91_rejected_low_value","91_rejected_low_value\url_006413--eevblog.com-forum-projects-185.md","copied","copied_to_category"
"C:\KICAD_SCRAPE\markdown_10k_clean\eevblog.com-forum-projects-186.md","eevblog.com-forum-projects-186.md","markdown_10k_clean","https://www.eevblog.com/forum/projects/186","https://www.eevblog.com/forum/projects/186","url_006414","source_url","91_rejected_low_value","91_rejected_low_value\url_006414--eevblog.com-forum-projects-186.md","copied","copied_to_category"
"C:\KICAD_SCRAPE\markdown_10k_clean\eevblog.com-forum-projects-187.md","eevblog.com-forum-projects-187.md","markdown_10k_clean","https://www.eevblog.com/forum/projects/187","https://www.eevblog.com/forum/projects/187","url_006415","source_url","91_rejected_low_value","91_rejected_low_value\url_006415--eevblog.com-forum-projects-187.md","copied","copied_to_category"
"C:\KICAD_SCRAPE\markdown_10k_clean\eevblog.com-forum-projects-188.md","eevblog.com-forum-projects-188.md","markdown_10k_clean","https://www.eevblog.com/forum/projects/188","https://www.eevblog.com/forum/projects/188","url_006416","source_url","91_rejected_low_value","91_rejected_low_value\url_006416--eevblog.com-forum-projects-188.md","copied","copied_to_category"
"C:\KICAD_SCRAPE\markdown_10k_clean\eevblog.com-forum-projects-189.md","eevblog.com-forum-projects-189.md","markdown_10k_clean","https://www.eevblog.com/forum/projects/189","https://www.eevblog.com/forum/projects/189","url_006417","source_url","91_rejected_low_value","91_rejected_low_value\url_006417--eevblog.com-forum-projects-189.md","copied","copied_to_category"
"C:\KICAD_SCRAPE\markdown_10k_clean\eevblog.com-forum-projects-190.md","eevblog.com-forum-projects-190.md","markdown_10k_clean","https://www.eevblog.com/forum/projects/190","https://www.eevblog.com/forum/projects/190","url_006418","source_url","91_rejected_low_value","91_rejected_low_value\url_006418--eevblog.com-forum-projects-190.md","copied","copied_to_category"
"C:\KICAD_SCRAPE\markdown_10k_clean\eevblog.com-forum-projects-191.md","eevblog.com-forum-projects-191.md","markdown_10k_clean","https://www.eevblog.com/forum/projects/191","https://www.eevblog.com/forum/projects/191","url_006419","source_url","91_rejected_low_value","91_rejected_low_value\url_006419--eevblog.com-forum-projects-191.md","copied","copied_to_category"
"C:\KICAD_SCRAPE\markdown_10k_clean\eevblog.com-forum-projects-192.md","eevblog.com-forum-projects-192.md","markdown_10k_clean","https://www.eevblog.com/forum/projects/192","https://www.eevblog.com/forum/projects/192","url_006420","source_url","91_rejected_low_value","91_rejected_low_value\url_006420--eevblog.com-forum-projects-192.md","copied","copied_to_category"
"C:\KICAD_SCRAPE\markdown_10k_clean\eevblog.com-forum-projects-193.md","eevblog.com-forum-projects-193.md","markdown_10k_clean","https://www.eevblog.com/forum/projects/193","https://www.eevblog.com/forum/projects/193","url_006421","source_url","91_rejected_low_value","91_rejected_low_value\url_006421--eevblog.com-forum-projects-193.md","copied","copied_to_category"
"C:\KICAD_SCRAPE\markdown_10k_clean\eevblog.com-forum-projects-194.md","eevblog.com-forum-projects-194.md","markdown_10k_clean","https://www.eevblog.com/forum/projects/194","https://www.eevblog.com/forum/projects/194","url_006422","source_url","91_rejected_low_value","91_rejected_low_value\url_006422--eevblog.com-forum-projects-194.md","copied","copied_to_category"
"C:\KICAD_SCRAPE\markdown_10k_clean\eevblog.com-forum-projects-195.md","eevblog.com-forum-projects-195.md","markdown_10k_clean","https://www.eevblog.com/forum/projects/195","https://www.eevblog.com/forum/projects/195","url_006423","source_url","91_rejected_low_value","91_rejected_low_value\url_006423--eevblog.com-forum-projects-195.md","copied","copied_to_category"
"C:\KICAD_SCRAPE\markdown_10k_clean\eevblog.com-forum-projects-196.md","eevblog.com-forum-projects-196.md","markdown_10k_clean","https://www.eevblog.com/forum/projects/196","https://www.eevblog.com/forum/projects/196","url_006424","source_url","91_rejected_low_value","91_rejected_low_value\url_006424--eevblog.com-forum-projects-196.md","copied","copied_to_category"
"C:\KICAD_SCRAPE\markdown_10k_clean\eevblog.com-forum-projects-197.md","eevblog.com-forum-projects-197.md","markdown_10k_clean","https://www.eevblog.com/forum/projects/197","https://www.eevblog.com/forum/projects/197","url_006425","source_url","91_rejected_low_value","91_rejected_low_value\url_006425--eevblog.com-forum-projects-197.md","copied","copied_to_category"
"C:\KICAD_SCRAPE\markdown_10k_clean\eevblog.com-forum-projects-198.md","eevblog.com-forum-projects-198.md","markdown_10k_clean","https://www.eevblog.com/forum/projects/198","https://www.eevblog.com/forum/projects/198","url_006426","source_url","91_rejected_low_value","91_rejected_low_value\url_006426--eevblog.com-forum-projects-198.md","copied","copied_to_category"
"C:\KICAD_SCRAPE\markdown_10k_clean\eevblog.com-forum-projects-199.md","eevblog.com-forum-projects-199.md","markdown_10k_clean","https://www.eevblog.com/forum/projects/199","https://www.eevblog.com/forum/projects/199","url_006427","source_url","91_rejected_low_value","91_rejected_low_value\url_006427--eevblog.com-forum-projects-199.md","copied","copied_to_category"
"C:\KICAD_SCRAPE\markdown_10k_clean\eevblog.com-forum-projects-200.md","eevblog.com-forum-projects-200.md","markdown_10k_clean","https://www.eevblog.com/forum/projects/200","https://www.eevblog.com/forum/projects/200","url_006428","source_url","91_rejected_low_value","91_rejected_low_value\url_006428--eevblog.com-forum-projects-200.md","copied","copied_to_category"
"C:\KICAD_SCRAPE\markdown_10k_clean\eevblog.com-forum-projects-201.md","eevblog.com-forum-projects-201.md","markdown_10k_clean","https://www.eevblog.com/forum/projects/201","https://www.eevblog.com/forum/projects/201","url_006429","source_url","91_rejected_low_value","91_rejected_low_value\url_006429--eevblog.com-forum-projects-201.md","copied","copied_to_category"
"C:\KICAD_SCRAPE\markdown_10k_clean\eevblog.com-forum-projects-202.md","eevblog.com-forum-projects-202.md","markdown_10k_clean","https://www.eevblog.com/forum/projects/202","https://www.eevblog.com/forum/projects/202","url_006430","source_url","91_rejected_low_value","91_rejected_low_value\url_006430--eevblog.com-forum-projects-202.md","copied","copied_to_category"
"C:\KICAD_SCRAPE\markdown_10k_clean\eevblog.com-forum-projects-203.md","eevblog.com-forum-projects-203.md","markdown_10k_clean","https://www.eevblog.com/forum/projects/203","https://www.eevblog.com/forum/projects/203","url_006431","source_url","91_rejected_low_value","91_rejected_low_value\url_006431--eevblog.com-forum-projects-203.md","copied","copied_to_category"
"C:\KICAD_SCRAPE\markdown_10k_clean\eevblog.com-forum-projects-204.md","eevblog.com-forum-projects-204.md","markdown_10k_clean","https://www.eevblog.com/forum/projects/204","https://www.eevblog.com/forum/projects/204","url_006432","source_url","91_rejected_low_value","91_rejected_low_value\url_006432--eevblog.com-forum-projects-204.md","copied","copied_to_category"
"C:\KICAD_SCRAPE\markdown_10k_clean\eevblog.com-forum-projects-205.md","eevblog.com-forum-projects-205.md","markdown_10k_clean","https://www.eevblog.com/forum/projects/205","https://www.eevblog.com/forum/projects/205","url_006433","source_url","91_rejected_low_value","91_rejected_low_value\url_006433--eevblog.com-forum-projects-205.md","copied","copied_to_category"
"C:\KICAD_SCRAPE\markdown_10k_clean\eevblog.com-forum-projects-206.md","eevblog.com-forum-projects-206.md","markdown_10k_clean","https://www.eevblog.com/forum/projects/206","https://www.eevblog.com/forum/projects/206","url_006434","source_url","91_rejected_low_value","91_rejected_low_value\url_006434--eevblog.com-forum-projects-206.md","copied","copied_to_category"
"C:\KICAD_SCRAPE\markdown_10k_clean\eevblog.com-forum-projects-207.md","eevblog.com-forum-projects-207.md","markdown_10k_clean","https://www.eevblog.com/forum/projects/207","https://www.eevblog.com/forum/projects/207","url_006435","source_url","91_rejected_low_value","91_rejected_low_value\url_006435--eevblog.com-forum-projects-207.md","copied","copied_to_category"
"C:\KICAD_SCRAPE\markdown_10k_clean\eevblog.com-forum-projects-208.md","eevblog.com-forum-projects-208.md","markdown_10k_clean","https://www.eevblog.com/forum/projects/208","https://www.eevblog.com/forum/projects/208","url_006436","source_url","91_rejected_low_value","91_rejected_low_value\url_006436--eevblog.com-forum-projects-208.md","copied","copied_to_category"
"C:\KICAD_SCRAPE\markdown_10k_clean\eevblog.com-forum-projects-209.md","eevblog.com-forum-projects-209.md","markdown_10k_clean","https://www.eevblog.com/forum/projects/209","https://www.eevblog.com/forum/projects/209","url_006437","source_url","91_rejected_low_value","91_rejected_low_value\url_006437--eevblog.com-forum-projects-209.md","copied","copied_to_category"
"C:\KICAD_SCRAPE\markdown_10k_clean\eevblog.com-forum-projects-210.md","eevblog.com-forum-projects-210.md","markdown_10k_clean","https://www.eevblog.com/forum/projects/210","https://www.eevblog.com/forum/projects/210","url_006438","source_url","91_rejected_low_value","91_rejected_low_value\url_006438--eevblog.com-forum-projects-210.md","copied","copied_to_category"
"C:\KICAD_SCRAPE\markdown_10k_clean\eevblog.com-forum-projects-211.md","eevblog.com-forum-projects-211.md","markdown_10k_clean","https://www.eevblog.com/forum/projects/211","https://www.eevblog.com/forum/projects/211","url_006439","source_url","91_rejected_low_value","91_rejected_low_value\url_006439--eevblog.com-forum-projects-211.md","copied","copied_to_category"
"C:\KICAD_SCRAPE\markdown_10k_clean\eevblog.com-forum-projects-212.md","eevblog.com-forum-projects-212.md","markdown_10k_clean","https://www.eevblog.com/forum/projects/212","https://www.eevblog.com/forum/projects/212","url_006440","source_url","91_rejected_low_value","91_rejected_low_value\url_006440--eevblog.com-forum-projects-212.md","copied","copied_to_category"
"C:\KICAD_SCRAPE\markdown_10k_clean\eevblog.com-forum-projects-213.md","eevblog.com-forum-projects-213.md","markdown_10k_clean","https://www.eevblog.com/forum/projects/213","https://www.eevblog.com/forum/projects/213","url_006441","source_url","91_rejected_low_value","91_rejected_low_value\url_006441--eevblog.com-forum-projects-213.md","copied","copied_to_category"
"C:\KICAD_SCRAPE\markdown_10k_clean\eevblog.com-forum-projects-214.md","eevblog.com-forum-projects-214.md","markdown_10k_clean","https://www.eevblog.com/forum/projects/214","https://www.eevblog.com/forum/projects/214","url_006442","source_url","91_rejected_low_value","91_rejected_low_value\url_006442--eevblog.com-forum-projects-214.md","copied","copied_to_category"
"C:\KICAD_SCRAPE\markdown_10k_clean\eevblog.com-forum-projects-215.md","eevblog.com-forum-projects-215.md","markdown_10k_clean","https://www.eevblog.com/forum/projects/215","https://www.eevblog.com/forum/projects/215","url_006443","source_url","91_rejected_low_value","91_rejected_low_value\url_006443--eevblog.com-forum-projects-215.md","copied","copied_to_category"
"C:\KICAD_SCRAPE\markdown_10k_clean\eevblog.com-forum-projects-216.md","eevblog.com-forum-projects-216.md","markdown_10k_clean","https://www.eevblog.com/forum/projects/216","https://www.eevblog.com/forum/projects/216","url_006444","source_url","91_rejected_low_value","91_rejected_low_value\url_006444--eevblog.com-forum-projects-216.md","copied","copied_to_category"
"C:\KICAD_SCRAPE\markdown_10k_clean\eevblog.com-forum-projects-217.md","eevblog.com-forum-projects-217.md","markdown_10k_clean","https://www.eevblog.com/forum/projects/217","https://www.eevblog.com/forum/projects/217","url_006445","source_url","91_rejected_low_value","91_rejected_low_value\url_006445--eevblog.com-forum-projects-217.md","copied","copied_to_category"
"C:\KICAD_SCRAPE\markdown_10k_clean\eevblog.com-forum-projects-218.md","eevblog.com-forum-projects-218.md","markdown_10k_clean","https://www.eevblog.com/forum/projects/218","https://www.eevblog.com/forum/projects/218","url_006446","source_url","91_rejected_low_value","91_rejected_low_value\url_006446--eevblog.com-forum-projects-218.md","copied","copied_to_category"
"C:\KICAD_SCRAPE\markdown_10k_clean\eevblog.com-forum-projects-219.md","eevblog.com-forum-projects-219.md","markdown_10k_clean","https://www.eevblog.com/forum/projects/219","https://www.eevblog.com/forum/projects/219","url_006447","source_url","91_rejected_low_value","91_rejected_low_value\url_006447--eevblog.com-forum-projects-219.md","copied","copied_to_category"
"C:\KICAD_SCRAPE\markdown_10k_clean\eevblog.com-forum-projects-220.md","eevblog.com-forum-projects-220.md","markdown_10k_clean","https://www.eevblog.com/forum/projects/220","https://www.eevblog.com/forum/projects/220","url_006448","source_url","91_rejected_low_value","91_rejected_low_value\url_006448--eevblog.com-forum-projects-220.md","copied","copied_to_category"
"C:\KICAD_SCRAPE\markdown_10k_clean\eevblog.com-forum-projects-221.md","eevblog.com-forum-projects-221.md","markdown_10k_clean","https://www.eevblog.com/forum/projects/221","https://www.eevblog.com/forum/projects/221","url_006449","source_url","91_rejected_low_value","91_rejected_low_value\url_006449--eevblog.com-forum-projects-221.md","copied","copied_to_category"
"C:\KICAD_SCRAPE\markdown_10k_clean\eevblog.com-forum-projects-222.md","eevblog.com-forum-projects-222.md","markdown_10k_clean","https://www.eevblog.com/forum/projects/222","https://www.eevblog.com/forum/projects/222","url_006450","source_url","91_rejected_low_value","91_rejected_low_value\url_006450--eevblog.com-forum-projects-222.md","copied","copied_to_category"
"C:\KICAD_SCRAPE\markdown_10k_clean\eevblog.com-forum-projects-223.md","eevblog.com-forum-projects-223.md","markdown_10k_clean","https://www.eevblog.com/forum/projects/223","https://www.eevblog.com/forum/projects/223","url_006451","source_url","91_rejected_low_value","91_rejected_low_value\url_006451--eevblog.com-forum-projects-223.md","copied","copied_to_category"
"C:\KICAD_SCRAPE\markdown_10k_clean\eevblog.com-forum-projects-224.md","eevblog.com-forum-projects-224.md","markdown_10k_clean","https://www.eevblog.com/forum/projects/224","https://www.eevblog.com/forum/projects/224","url_006452","source_url","91_rejected_low_value","91_rejected_low_value\url_006452--eevblog.com-forum-projects-224.md","copied","copied_to_category"
"C:\KICAD_SCRAPE\markdown_10k_clean\eevblog.com-forum-projects-225.md","eevblog.com-forum-projects-225.md","markdown_10k_clean","https://www.eevblog.com/forum/projects/225","https://www.eevblog.com/forum/projects/225","url_006453","source_url","91_rejected_low_value","91_rejected_low_value\url_006453--eevblog.com-forum-projects-225.md","copied","copied_to_category"
"C:\KICAD_SCRAPE\markdown_10k_clean\eevblog.com-forum-projects-226.md","eevblog.com-forum-projects-226.md","markdown_10k_clean","https://www.eevblog.com/forum/projects/226","https://www.eevblog.com/forum/projects/226","url_006454","source_url","91_rejected_low_value","91_rejected_low_value\url_006454--eevblog.com-forum-projects-226.md","copied","copied_to_category"
"C:\KICAD_SCRAPE\markdown_10k_clean\eevblog.com-forum-projects-227.md","eevblog.com-forum-projects-227.md","markdown_10k_clean","https://www.eevblog.com/forum/projects/227","https://www.eevblog.com/forum/projects/227","url_006455","source_url","91_rejected_low_value","91_rejected_low_value\url_006455--eevblog.com-forum-projects-227.md","copied","copied_to_category"
"C:\KICAD_SCRAPE\markdown_10k_clean\eevblog.com-forum-projects-228.md","eevblog.com-forum-projects-228.md","markdown_10k_clean","https://www.eevblog.com/forum/projects/228","https://www.eevblog.com/forum/projects/228","url_006456","source_url","91_rejected_low_value","91_rejected_low_value\url_006456--eevblog.com-forum-projects-228.md","copied","copied_to_category"
"C:\KICAD_SCRAPE\markdown_10k_clean\eevblog.com-forum-projects-229.md","eevblog.com-forum-projects-229.md","markdown_10k_clean","https://www.eevblog.com/forum/projects/229","https://www.eevblog.com/forum/projects/229","url_006457","source_url","91_rejected_low_value","91_rejected_low_value\url_006457--eevblog.com-forum-projects-229.md","copied","copied_to_category"
"C:\KICAD_SCRAPE\markdown_10k_clean\eevblog.com-forum-projects-230.md","eevblog.com-forum-projects-230.md","markdown_10k_clean","https://www.eevblog.com/forum/projects/230","https://www.eevblog.com/forum/projects/230","url_006458","source_url","91_rejected_low_value","91_rejected_low_value\url_006458--eevblog.com-forum-projects-230.md","copied","copied_to_category"
"C:\KICAD_SCRAPE\markdown_10k_clean\eevblog.com-forum-projects-231.md","eevblog.com-forum-projects-231.md","markdown_10k_clean","https://www.eevblog.com/forum/projects/231","https://www.eevblog.com/forum/projects/231","url_006459","source_url","91_rejected_low_value","91_rejected_low_value\url_006459--eevblog.com-forum-projects-231.md","copied","copied_to_category"
"C:\KICAD_SCRAPE\markdown_10k_clean\eevblog.com-forum-projects-232.md","eevblog.com-forum-projects-232.md","markdown_10k_clean","https://www.eevblog.com/forum/projects/232","https://www.eevblog.com/forum/projects/232","url_006460","source_url","91_rejected_low_value","91_rejected_low_value\url_006460--eevblog.com-forum-projects-232.md","copied","copied_to_category"
"C:\KICAD_SCRAPE\markdown_10k_clean\eevblog.com-forum-projects-233.md","eevblog.com-forum-projects-233.md","markdown_10k_clean","https://www.eevblog.com/forum/projects/233","https://www.eevblog.com/forum/projects/233","url_006461","source_url","91_rejected_low_value","91_rejected_low_value\url_006461--eevblog.com-forum-projects-233.md","copied","copied_to_category"
"C:\KICAD_SCRAPE\markdown_10k_clean\eevblog.com-forum-projects-234.md","eevblog.com-forum-projects-234.md","markdown_10k_clean","https://www.eevblog.com/forum/projects/234","https://www.eevblog.com/forum/projects/234","url_006462","source_url","91_rejected_low_value","91_rejected_low_value\url_006462--eevblog.com-forum-projects-234.md","copied","copied_to_category"
"C:\KICAD_SCRAPE\markdown_10k_clean\eevblog.com-forum-projects-235.md","eevblog.com-forum-projects-235.md","markdown_10k_clean","https://www.eevblog.com/forum/projects/235","https://www.eevblog.com/forum/projects/235","url_006463","source_url","91_rejected_low_value","91_rejected_low_value\url_006463--eevblog.com-forum-projects-235.md","copied","copied_to_category"
"C:\KICAD_SCRAPE\markdown_10k_clean\eevblog.com-forum-projects-236.md","eevblog.com-forum-projects-236.md","markdown_10k_clean","https://www.eevblog.com/forum/projects/236","https://www.eevblog.com/forum/projects/236","url_006464","source_url","91_rejected_low_value","91_rejected_low_value\url_006464--eevblog.com-forum-projects-236.md","copied","copied_to_category"
"C:\KICAD_SCRAPE\markdown_10k_clean\eevblog.com-forum-projects-237.md","eevblog.com-forum-projects-237.md","markdown_10k_clean","https://www.eevblog.com/forum/projects/237","https://www.eevblog.com/forum/projects/237","url_006465","source_url","91_rejected_low_value","91_rejected_low_value\url_006465--eevblog.com-forum-projects-237.md","copied","copied_to_category"
"C:\KICAD_SCRAPE\markdown_10k_clean\eevblog.com-forum-projects-238.md","eevblog.com-forum-projects-238.md","markdown_10k_clean","https://www.eevblog.com/forum/projects/238","https://www.eevblog.com/forum/projects/238","url_006466","source_url","91_rejected_low_value","91_rejected_low_value\url_006466--eevblog.com-forum-projects-238.md","copied","copied_to_category"
"C:\KICAD_SCRAPE\markdown_10k_clean\eevblog.com-forum-projects-239.md","eevblog.com-forum-projects-239.md","markdown_10k_clean","https://www.eevblog.com/forum/projects/239","https://www.eevblog.com/forum/projects/239","url_006467","source_url","91_rejected_low_value","91_rejected_low_value\url_006467--eevblog.com-forum-projects-239.md","copied","copied_to_category"
"C:\KICAD_SCRAPE\markdown_10k_clean\eevblog.com-forum-projects-240.md","eevblog.com-forum-projects-240.md","markdown_10k_clean","https://www.eevblog.com/forum/projects/240","https://www.eevblog.com/forum/projects/240","url_006468","source_url","91_rejected_low_value","91_rejected_low_value\url_006468--eevblog.com-forum-projects-240.md","copied","copied_to_category"
"C:\KICAD_SCRAPE\markdown_10k_clean\eevblog.com-forum-projects-241.md","eevblog.com-forum-projects-241.md","markdown_10k_clean","https://www.eevblog.com/forum/projects/241","https://www.eevblog.com/forum/projects/241","url_006469","source_url","91_rejected_low_value","91_rejected_low_value\url_006469--eevblog.com-forum-projects-241.md","copied","copied_to_category"
"C:\KICAD_SCRAPE\markdown_10k_clean\eevblog.com-forum-projects-242.md","eevblog.com-forum-projects-242.md","markdown_10k_clean","https://www.eevblog.com/forum/projects/242","https://www.eevblog.com/forum/projects/242","url_006470","source_url","91_rejected_low_value","91_rejected_low_value\url_006470--eevblog.com-forum-projects-242.md","copied","copied_to_category"
"C:\KICAD_SCRAPE\markdown_10k_clean\eevblog.com-forum-projects-243.md","eevblog.com-forum-projects-243.md","markdown_10k_clean","https://www.eevblog.com/forum/projects/243","https://www.eevblog.com/forum/projects/243","url_006471","source_url","91_rejected_low_value","91_rejected_low_value\url_006471--eevblog.com-forum-projects-243.md","copied","copied_to_category"
"C:\KICAD_SCRAPE\markdown_10k_clean\eevblog.com-forum-projects-244.md","eevblog.com-forum-projects-244.md","markdown_10k_clean","https://www.eevblog.com/forum/projects/244","https://www.eevblog.com/forum/projects/244","url_006472","source_url","91_rejected_low_value","91_rejected_low_value\url_006472--eevblog.com-forum-projects-244.md","copied","copied_to_category"
"C:\KICAD_SCRAPE\markdown_10k_clean\eevblog.com-forum-projects-245.md","eevblog.com-forum-projects-245.md","markdown_10k_clean","https://www.eevblog.com/forum/projects/245","https://www.eevblog.com/forum/projects/245","url_006473","source_url","91_rejected_low_value","91_rejected_low_value\url_006473--eevblog.com-forum-projects-245.md","copied","copied_to_category"
"C:\KICAD_SCRAPE\markdown_10k_clean\eevblog.com-forum-projects-246.md","eevblog.com-forum-projects-246.md","markdown_10k_clean","https://www.eevblog.com/forum/projects/246","https://www.eevblog.com/forum/projects/246","url_006474","source_url","91_rejected_low_value","91_rejected_low_value\url_006474--eevblog.com-forum-projects-246.md","copied","copied_to_category"
"C:\KICAD_SCRAPE\markdown_10k_clean\eevblog.com-forum-projects-247.md","eevblog.com-forum-projects-247.md","markdown_10k_clean","https://www.eevblog.com/forum/projects/247","https://www.eevblog.com/forum/projects/247","url_006475","source_url","91_rejected_low_value","91_rejected_low_value\url_006475--eevblog.com-forum-projects-247.md","copied","copied_to_category"
"C:\KICAD_SCRAPE\markdown_10k_clean\eevblog.com-forum-projects-248.md","eevblog.com-forum-projects-248.md","markdown_10k_clean","https://www.eevblog.com/forum/projects/248","https://www.eevblog.com/forum/projects/248","url_006476","source_url","91_rejected_low_value","91_rejected_low_value\url_006476--eevblog.com-forum-projects-248.md","copied","copied_to_category"
"C:\KICAD_SCRAPE\markdown_10k_clean\eevblog.com-forum-projects-249.md","eevblog.com-forum-projects-249.md","markdown_10k_clean","https://www.eevblog.com/forum/projects/249","https://www.eevblog.com/forum/projects/249","url_006477","source_url","91_rejected_low_value","91_rejected_low_value\url_006477--eevblog.com-forum-projects-249.md","copied","copied_to_category"
"C:\KICAD_SCRAPE\markdown_10k_clean\eevblog.com-forum-projects-250.md","eevblog.com-forum-projects-250.md","markdown_10k_clean","https://www.eevblog.com/forum/projects/250","https://www.eevblog.com/forum/projects/250","url_006478","source_url","91_rejected_low_value","91_rejected_low_value\url_006478--eevblog.com-forum-projects-250.md","copied","copied_to_category"
"C:\KICAD_SCRAPE\markdown_10k_clean\eevblog.com-forum-projects-251.md","eevblog.com-forum-projects-251.md","markdown_10k_clean","https://www.eevblog.com/forum/projects/251","https://www.eevblog.com/forum/projects/251","url_006479","source_url","91_rejected_low_value","91_rejected_low_value\url_006479--eevblog.com-forum-projects-251.md","copied","copied_to_category"
"C:\KICAD_SCRAPE\markdown_10k_clean\eevblog.com-forum-projects-252.md","eevblog.com-forum-projects-252.md","markdown_10k_clean","https://www.eevblog.com/forum/projects/252","https://www.eevblog.com/forum/projects/252","url_006480","source_url","91_rejected_low_value","91_rejected_low_value\url_006480--eevblog.com-forum-projects-252.md","copied","copied_to_category"
"C:\KICAD_SCRAPE\markdown_10k_clean\eevblog.com-forum-projects-253.md","eevblog.com-forum-projects-253.md","markdown_10k_clean","https://www.eevblog.com/forum/projects/253","https://www.eevblog.com/forum/projects/253","url_006481","source_url","91_rejected_low_value","91_rejected_low_value\url_006481--eevblog.com-forum-projects-253.md","copied","copied_to_category"
"C:\KICAD_SCRAPE\markdown_10k_clean\eevblog.com-forum-projects-254.md","eevblog.com-forum-projects-254.md","markdown_10k_clean","https://www.eevblog.com/forum/projects/254","https://www.eevblog.com/forum/projects/254","url_006482","source_url","91_rejected_low_value","91_rejected_low_value\url_006482--eevblog.com-forum-projects-254.md","copied","copied_to_category"
"C:\KICAD_SCRAPE\markdown_10k_clean\eevblog.com-forum-projects-255.md","eevblog.com-forum-projects-255.md","markdown_10k_clean","https://www.eevblog.com/forum/projects/255","https://www.eevblog.com/forum/projects/255","url_006483","source_url","91_rejected_low_value","91_rejected_low_value\url_006483--eevblog.com-forum-projects-255.md","copied","copied_to_category"
"C:\KICAD_SCRAPE\markdown_10k_clean\eevblog.com-forum-projects-256.md","eevblog.com-forum-projects-256.md","markdown_10k_clean","https://www.eevblog.com/forum/projects/256","https://www.eevblog.com/forum/projects/256","url_006484","source_url","91_rejected_low_value","91_rejected_low_value\url_006484--eevblog.com-forum-projects-256.md","copied","copied_to_category"
"C:\KICAD_SCRAPE\markdown_10k_clean\eevblog.com-forum-projects-257.md","eevblog.com-forum-projects-257.md","markdown_10k_clean","https://www.eevblog.com/forum/projects/257","https://www.eevblog.com/forum/projects/257","url_006485","source_url","91_rejected_low_value","91_rejected_low_value\url_006485--eevblog.com-forum-projects-257.md","copied","copied_to_category"
"C:\KICAD_SCRAPE\markdown_10k_clean\eevblog.com-forum-projects-258.md","eevblog.com-forum-projects-258.md","markdown_10k_clean","https://www.eevblog.com/forum/projects/258","https://www.eevblog.com/forum/projects/258","url_006486","source_url","91_rejected_low_value","91_rejected_low_value\url_006486--eevblog.com-forum-projects-258.md","copied","copied_to_category"
"C:\KICAD_SCRAPE\markdown_10k_clean\eevblog.com-forum-projects-259.md","eevblog.com-forum-projects-259.md","markdown_10k_clean","https://www.eevblog.com/forum/projects/259","https://www.eevblog.com/forum/projects/259","url_006487","source_url","91_rejected_low_value","91_rejected_low_value\url_006487--eevblog.com-forum-projects-259.md","copied","copied_to_category"
"C:\KICAD_SCRAPE\markdown_10k_clean\eevblog.com-forum-projects-260.md","eevblog.com-forum-projects-260.md","markdown_10k_clean","https://www.eevblog.com/forum/projects/260","https://www.eevblog.com/forum/projects/260","url_006488","source_url","91_rejected_low_value","91_rejected_low_value\url_006488--eevblog.com-forum-projects-260.md","copied","copied_to_category"
"C:\KICAD_SCRAPE\markdown_10k_clean\eevblog.com-forum-projects-261.md","eevblog.com-forum-projects-261.md","markdown_10k_clean","https://www.eevblog.com/forum/projects/261","https://www.eevblog.com/forum/projects/261","url_006489","source_url","91_rejected_low_value","91_rejected_low_value\url_006489--eevblog.com-forum-projects-261.md","copied","copied_to_category"
"C:\KICAD_SCRAPE\markdown_10k_clean\eevblog.com-forum-projects-262.md","eevblog.com-forum-projects-262.md","markdown_10k_clean","https://www.eevblog.com/forum/projects/262","https://www.eevblog.com/forum/projects/262","url_006490","source_url","91_rejected_low_value","91_rejected_low_value\url_006490--eevblog.com-forum-projects-262.md","copied","copied_to_category"
"C:\KICAD_SCRAPE\markdown_10k_clean\eevblog.com-forum-projects-263.md","eevblog.com-forum-projects-263.md","markdown_10k_clean","https://www.eevblog.com/forum/projects/263","https://www.eevblog.com/forum/projects/263","url_006491","source_url","91_rejected_low_value","91_rejected_low_value\url_006491--eevblog.com-forum-projects-263.md","copied","copied_to_category"
"C:\KICAD_SCRAPE\markdown_10k_clean\eevblog.com-forum-projects-264.md","eevblog.com-forum-projects-264.md","markdown_10k_clean","https://www.eevblog.com/forum/projects/264","https://www.eevblog.com/forum/projects/264","url_006492","source_url","91_rejected_low_value","91_rejected_low_value\url_006492--eevblog.com-forum-projects-264.md","copied","copied_to_category"
"C:\KICAD_SCRAPE\markdown_10k_clean\eevblog.com-forum-projects-265.md","eevblog.com-forum-projects-265.md","markdown_10k_clean","https://www.eevblog.com/forum/projects/265","https://www.eevblog.com/forum/projects/265","url_006493","source_url","91_rejected_low_value","91_rejected_low_value\url_006493--eevblog.com-forum-projects-265.md","copied","copied_to_category"
"C:\KICAD_SCRAPE\markdown_10k_clean\eevblog.com-forum-projects-266.md","eevblog.com-forum-projects-266.md","markdown_10k_clean","https://www.eevblog.com/forum/projects/266","https://www.eevblog.com/forum/projects/266","url_006494","source_url","91_rejected_low_value","91_rejected_low_value\url_006494--eevblog.com-forum-projects-266.md","copied","copied_to_category"
"C:\KICAD_SCRAPE\markdown_10k_clean\eevblog.com-forum-projects-267.md","eevblog.com-forum-projects-267.md","markdown_10k_clean","https://www.eevblog.com/forum/projects/267","https://www.eevblog.com/forum/projects/267","url_006495","source_url","91_rejected_low_value","91_rejected_low_value\url_006495--eevblog.com-forum-projects-267.md","copied","copied_to_category"
"C:\KICAD_SCRAPE\markdown_10k_clean\eevblog.com-forum-projects-268.md","eevblog.com-forum-projects-268.md","markdown_10k_clean","https://www.eevblog.com/forum/projects/268","https://www.eevblog.com/forum/projects/268","url_006496","source_url","91_rejected_low_value","91_rejected_low_value\url_006496--eevblog.com-forum-projects-268.md","copied","copied_to_category"
"C:\KICAD_SCRAPE\markdown_10k_clean\eevblog.com-forum-projects-269.md","eevblog.com-forum-projects-269.md","markdown_10k_clean","https://www.eevblog.com/forum/projects/269","https://www.eevblog.com/forum/projects/269","url_006497","source_url","91_rejected_low_value","91_rejected_low_value\url_006497--eevblog.com-forum-projects-269.md","copied","copied_to_category"
"C:\KICAD_SCRAPE\markdown_10k_clean\eevblog.com-forum-projects-270.md","eevblog.com-forum-projects-270.md","markdown_10k_clean","https://www.eevblog.com/forum/projects/270","https://www.eevblog.com/forum/projects/270","url_006498","source_url","91_rejected_low_value","91_rejected_low_value\url_006498--eevblog.com-forum-projects-270.md","copied","copied_to_category"
"C:\KICAD_SCRAPE\markdown_10k_clean\eevblog.com-forum-projects-271.md","eevblog.com-forum-projects-271.md","markdown_10k_clean","https://www.eevblog.com/forum/projects/271","https://www.eevblog.com/forum/projects/271","url_006499","source_url","91_rejected_low_value","91_rejected_low_value\url_006499--eevblog.com-forum-projects-271.md","copied","copied_to_category"
"C:\KICAD_SCRAPE\markdown_10k_clean\eevblog.com-forum-projects-272.md","eevblog.com-forum-projects-272.md","markdown_10k_clean","https://www.eevblog.com/forum/projects/272","https://www.eevblog.com/forum/projects/272","url_006500","source_url","91_rejected_low_value","91_rejected_low_value\url_006500--eevblog.com-forum-projects-272.md","copied","copied_to_category"
"C:\KICAD_SCRAPE\markdown_10k_clean\eevblog.com-forum-projects-273.md","eevblog.com-forum-projects-273.md","markdown_10k_clean","https://www.eevblog.com/forum/projects/273","https://www.eevblog.com/forum/projects/273","url_006501","source_url","91_rejected_low_value","91_rejected_low_value\url_006501--eevblog.com-forum-projects-273.md","copied","copied_to_category"
"C:\KICAD_SCRAPE\markdown_10k_clean\eevblog.com-forum-projects-274.md","eevblog.com-forum-projects-274.md","markdown_10k_clean","https://www.eevblog.com/forum/projects/274","https://www.eevblog.com/forum/projects/274","url_006502","source_url","91_rejected_low_value","91_rejected_low_value\url_006502--eevblog.com-forum-projects-274.md","copied","copied_to_category"
"C:\KICAD_SCRAPE\markdown_10k_clean\eevblog.com-forum-projects-275.md","eevblog.com-forum-projects-275.md","markdown_10k_clean","https://www.eevblog.com/forum/projects/275","https://www.eevblog.com/forum/projects/275","url_006503","source_url","91_rejected_low_value","91_rejected_low_value\url_006503--eevblog.com-forum-projects-275.md","copied","copied_to_category"
"C:\KICAD_SCRAPE\markdown_10k_clean\eevblog.com-forum-projects-276.md","eevblog.com-forum-projects-276.md","markdown_10k_clean","https://www.eevblog.com/forum/projects/276","https://www.eevblog.com/forum/projects/276","url_006504","source_url","91_rejected_low_value","91_rejected_low_value\url_006504--eevblog.com-forum-projects-276.md","copied","copied_to_category"
"C:\KICAD_SCRAPE\markdown_10k_clean\eevblog.com-forum-projects-277.md","eevblog.com-forum-projects-277.md","markdown_10k_clean","https://www.eevblog.com/forum/projects/277","https://www.eevblog.com/forum/projects/277","url_006505","source_url","91_rejected_low_value","91_rejected_low_value\url_006505--eevblog.com-forum-projects-277.md","copied","copied_to_category"
"C:\KICAD_SCRAPE\markdown_10k_clean\eevblog.com-forum-projects-278.md","eevblog.com-forum-projects-278.md","markdown_10k_clean","https://www.eevblog.com/forum/projects/278","https://www.eevblog.com/forum/projects/278","url_006506","source_url","91_rejected_low_value","91_rejected_low_value\url_006506--eevblog.com-forum-projects-278.md","copied","copied_to_category"
"C:\KICAD_SCRAPE\markdown_10k_clean\eevblog.com-forum-projects-279.md","eevblog.com-forum-projects-279.md","markdown_10k_clean","https://www.eevblog.com/forum/projects/279","https://www.eevblog.com/forum/projects/279","url_006507","source_url","91_rejected_low_value","91_rejected_low_value\url_006507--eevblog.com-forum-projects-279.md","copied","copied_to_category"
"C:\KICAD_SCRAPE\markdown_10k_clean\eevblog.com-forum-projects-280.md","eevblog.com-forum-projects-280.md","markdown_10k_clean","https://www.eevblog.com/forum/projects/280","https://www.eevblog.com/forum/projects/280","url_006508","source_url","91_rejected_low_value","91_rejected_low_value\url_006508--eevblog.com-forum-projects-280.md","copied","copied_to_category"
"C:\KICAD_SCRAPE\markdown_10k_clean\eevblog.com-forum-projects-281.md","eevblog.com-forum-projects-281.md","markdown_10k_clean","https://www.eevblog.com/forum/projects/281","https://www.eevblog.com/forum/projects/281","url_006509","source_url","91_rejected_low_value","91_rejected_low_value\url_006509--eevblog.com-forum-projects-281.md","copied","copied_to_category"
"C:\KICAD_SCRAPE\markdown_10k_clean\eevblog.com-forum-projects-282.md","eevblog.com-forum-projects-282.md","markdown_10k_clean","https://www.eevblog.com/forum/projects/282","https://www.eevblog.com/forum/projects/282","url_006510","source_url","91_rejected_low_value","91_rejected_low_value\url_006510--eevblog.com-forum-projects-282.md","copied","copied_to_category"
"C:\KICAD_SCRAPE\markdown_10k_clean\eevblog.com-forum-projects-283.md","eevblog.com-forum-projects-283.md","markdown_10k_clean","https://www.eevblog.com/forum/projects/283","https://www.eevblog.com/forum/projects/283","url_006511","source_url","91_rejected_low_value","91_rejected_low_value\url_006511--eevblog.com-forum-projects-283.md","copied","copied_to_category"
"C:\KICAD_SCRAPE\markdown_10k_clean\eevblog.com-forum-projects-284.md","eevblog.com-forum-projects-284.md","markdown_10k_clean","https://www.eevblog.com/forum/projects/284","https://www.eevblog.com/forum/projects/284","url_006512","source_url","91_rejected_low_value","91_rejected_low_value\url_006512--eevblog.com-forum-projects-284.md","copied","copied_to_category"
"C:\KICAD_SCRAPE\markdown_10k_clean\eevblog.com-forum-projects-285.md","eevblog.com-forum-projects-285.md","markdown_10k_clean","https://www.eevblog.com/forum/projects/285","https://www.eevblog.com/forum/projects/285","url_006513","source_url","91_rejected_low_value","91_rejected_low_value\url_006513--eevblog.com-forum-projects-285.md","copied","copied_to_category"
"C:\KICAD_SCRAPE\markdown_10k_clean\eevblog.com-forum-projects-286.md","eevblog.com-forum-projects-286.md","markdown_10k_clean","https://www.eevblog.com/forum/projects/286","https://www.eevblog.com/forum/projects/286","url_006514","source_url","91_rejected_low_value","91_rejected_low_value\url_006514--eevblog.com-forum-projects-286.md","copied","copied_to_category"
"C:\KICAD_SCRAPE\markdown_10k_clean\eevblog.com-forum-projects-287.md","eevblog.com-forum-projects-287.md","markdown_10k_clean","https://www.eevblog.com/forum/projects/287","https://www.eevblog.com/forum/projects/287","url_006515","source_url","91_rejected_low_value","91_rejected_low_value\url_006515--eevblog.com-forum-projects-287.md","copied","copied_to_category"
"C:\KICAD_SCRAPE\markdown_10k_clean\eevblog.com-forum-projects-288.md","eevblog.com-forum-projects-288.md","markdown_10k_clean","https://www.eevblog.com/forum/projects/288","https://www.eevblog.com/forum/projects/288","url_006516","source_url","91_rejected_low_value","91_rejected_low_value\url_006516--eevblog.com-forum-projects-288.md","copied","copied_to_category"
"C:\KICAD_SCRAPE\markdown_10k_clean\eevblog.com-forum-projects-289.md","eevblog.com-forum-projects-289.md","markdown_10k_clean","https://www.eevblog.com/forum/projects/289","https://www.eevblog.com/forum/projects/289","url_006517","source_url","91_rejected_low_value","91_rejected_low_value\url_006517--eevblog.com-forum-projects-289.md","copied","copied_to_category"
"C:\KICAD_SCRAPE\markdown_10k_clean\eevblog.com-forum-projects-290.md","eevblog.com-forum-projects-290.md","markdown_10k_clean","https://www.eevblog.com/forum/projects/290","https://www.eevblog.com/forum/projects/290","url_006518","source_url","91_rejected_low_value","91_rejected_low_value\url_006518--eevblog.com-forum-projects-290.md","copied","copied_to_category"
"C:\KICAD_SCRAPE\markdown_10k_clean\eevblog.com-forum-projects-291.md","eevblog.com-forum-projects-291.md","markdown_10k_clean","https://www.eevblog.com/forum/projects/291","https://www.eevblog.com/forum/projects/291","url_006519","source_url","91_rejected_low_value","91_rejected_low_value\url_006519--eevblog.com-forum-projects-291.md","copied","copied_to_category"
"C:\KICAD_SCRAPE\markdown_10k_clean\eevblog.com-forum-projects-292.md","eevblog.com-forum-projects-292.md","markdown_10k_clean","https://www.eevblog.com/forum/projects/292","https://www.eevblog.com/forum/projects/292","url_006520","source_url","91_rejected_low_value","91_rejected_low_value\url_006520--eevblog.com-forum-projects-292.md","copied","copied_to_category"
"C:\KICAD_SCRAPE\markdown_10k_clean\eevblog.com-forum-projects-293.md","eevblog.com-forum-projects-293.md","markdown_10k_clean","https://www.eevblog.com/forum/projects/293","https://www.eevblog.com/forum/projects/293","url_006521","source_url","91_rejected_low_value","91_rejected_low_value\url_006521--eevblog.com-forum-projects-293.md","copied","copied_to_category"
"C:\KICAD_SCRAPE\markdown_10k_clean\eevblog.com-forum-projects-294.md","eevblog.com-forum-projects-294.md","markdown_10k_clean","https://www.eevblog.com/forum/projects/294","https://www.eevblog.com/forum/projects/294","url_006522","source_url","91_rejected_low_value","91_rejected_low_value\url_006522--eevblog.com-forum-projects-294.md","copied","copied_to_category"
"C:\KICAD_SCRAPE\markdown_10k_clean\eevblog.com-forum-projects-295.md","eevblog.com-forum-projects-295.md","markdown_10k_clean","https://www.eevblog.com/forum/projects/295","https://www.eevblog.com/forum/projects/295","url_006523","source_url","91_rejected_low_value","91_rejected_low_value\url_006523--eevblog.com-forum-projects-295.md","copied","copied_to_category"
"C:\KICAD_SCRAPE\markdown_10k_clean\eevblog.com-forum-projects-296.md","eevblog.com-forum-projects-296.md","markdown_10k_clean","https://www.eevblog.com/forum/projects/296","https://www.eevblog.com/forum/projects/296","url_006524","source_url","91_rejected_low_value","91_rejected_low_value\url_006524--eevblog.com-forum-projects-296.md","copied","copied_to_category"
"C:\KICAD_SCRAPE\markdown_10k_clean\eevblog.com-forum-projects-297.md","eevblog.com-forum-projects-297.md","markdown_10k_clean","https://www.eevblog.com/forum/projects/297","https://www.eevblog.com/forum/projects/297","url_006525","source_url","91_rejected_low_value","91_rejected_low_value\url_006525--eevblog.com-forum-projects-297.md","copied","copied_to_category"
"C:\KICAD_SCRAPE\markdown_10k_clean\eevblog.com-forum-projects-298.md","eevblog.com-forum-projects-298.md","markdown_10k_clean","https://www.eevblog.com/forum/projects/298","https://www.eevblog.com/forum/projects/298","url_006526","source_url","91_rejected_low_value","91_rejected_low_value\url_006526--eevblog.com-forum-projects-298.md","copied","copied_to_category"
"C:\KICAD_SCRAPE\markdown_10k_clean\eevblog.com-forum-projects-299.md","eevblog.com-forum-projects-299.md","markdown_10k_clean","https://www.eevblog.com/forum/projects/299","https://www.eevblog.com/forum/projects/299","url_006527","source_url","91_rejected_low_value","91_rejected_low_value\url_006527--eevblog.com-forum-projects-299.md","copied","copied_to_category"
"C:\KICAD_SCRAPE\markdown_10k_clean\eevblog.com-forum-projects-300.md","eevblog.com-forum-projects-300.md","markdown_10k_clean","https://www.eevblog.com/forum/projects/300","https://www.eevblog.com/forum/projects/300","url_006528","source_url","91_rejected_low_value","91_rejected_low_value\url_006528--eevblog.com-forum-projects-300.md","copied","copied_to_category"
"C:\KICAD_SCRAPE\markdown_10k_clean\eevblog.com-forum-projects-301.md","eevblog.com-forum-projects-301.md","markdown_10k_clean","https://www.eevblog.com/forum/projects/301","https://www.eevblog.com/forum/projects/301","url_006529","source_url","91_rejected_low_value","91_rejected_low_value\url_006529--eevblog.com-forum-projects-301.md","copied","copied_to_category"
"C:\KICAD_SCRAPE\markdown_10k_clean\eevblog.com-forum-projects-302.md","eevblog.com-forum-projects-302.md","markdown_10k_clean","https://www.eevblog.com/forum/projects/302","https://www.eevblog.com/forum/projects/302","url_006530","source_url","91_rejected_low_value","91_rejected_low_value\url_006530--eevblog.com-forum-projects-302.md","copied","copied_to_category"
"C:\KICAD_SCRAPE\markdown_10k_clean\eevblog.com-forum-projects-303.md","eevblog.com-forum-projects-303.md","markdown_10k_clean","https://www.eevblog.com/forum/projects/303","https://www.eevblog.com/forum/projects/303","url_006531","source_url","91_rejected_low_value","91_rejected_low_value\url_006531--eevblog.com-forum-projects-303.md","copied","copied_to_category"
"C:\KICAD_SCRAPE\markdown_10k_clean\eevblog.com-forum-projects-304.md","eevblog.com-forum-projects-304.md","markdown_10k_clean","https://www.eevblog.com/forum/projects/304","https://www.eevblog.com/forum/projects/304","url_006532","source_url","91_rejected_low_value","91_rejected_low_value\url_006532--eevblog.com-forum-projects-304.md","copied","copied_to_category"
"C:\KICAD_SCRAPE\markdown_10k_clean\eevblog.com-forum-projects-305.md","eevblog.com-forum-projects-305.md","markdown_10k_clean","https://www.eevblog.com/forum/projects/305","https://www.eevblog.com/forum/projects/305","url_006533","source_url","91_rejected_low_value","91_rejected_low_value\url_006533--eevblog.com-forum-projects-305.md","copied","copied_to_category"
"C:\KICAD_SCRAPE\markdown_10k_clean\eevblog.com-forum-projects-306.md","eevblog.com-forum-projects-306.md","markdown_10k_clean","https://www.eevblog.com/forum/projects/306","https://www.eevblog.com/forum/projects/306","url_006534","source_url","91_rejected_low_value","91_rejected_low_value\url_006534--eevblog.com-forum-projects-306.md","copied","copied_to_category"
"C:\KICAD_SCRAPE\markdown_10k_clean\eevblog.com-forum-projects-307.md","eevblog.com-forum-projects-307.md","markdown_10k_clean","https://www.eevblog.com/forum/projects/307","https://www.eevblog.com/forum/projects/307","url_006535","source_url","91_rejected_low_value","91_rejected_low_value\url_006535--eevblog.com-forum-projects-307.md","copied","copied_to_category"
"C:\KICAD_SCRAPE\markdown_10k_clean\eevblog.com-forum-projects-308.md","eevblog.com-forum-projects-308.md","markdown_10k_clean","https://www.eevblog.com/forum/projects/308","https://www.eevblog.com/forum/projects/308","url_006536","source_url","91_rejected_low_value","91_rejected_low_value\url_006536--eevblog.com-forum-projects-308.md","copied","copied_to_category"
"C:\KICAD_SCRAPE\markdown_10k_clean\eevblog.com-forum-projects-309.md","eevblog.com-forum-projects-309.md","markdown_10k_clean","https://www.eevblog.com/forum/projects/309","https://www.eevblog.com/forum/projects/309","url_006537","source_url","91_rejected_low_value","91_rejected_low_value\url_006537--eevblog.com-forum-projects-309.md","copied","copied_to_category"
"C:\KICAD_SCRAPE\markdown_10k_clean\eevblog.com-forum-projects-310.md","eevblog.com-forum-projects-310.md","markdown_10k_clean","https://www.eevblog.com/forum/projects/310","https://www.eevblog.com/forum/projects/310","url_006538","source_url","91_rejected_low_value","91_rejected_low_value\url_006538--eevblog.com-forum-projects-310.md","copied","copied_to_category"
"C:\KICAD_SCRAPE\markdown_10k_clean\eevblog.com-forum-projects-311.md","eevblog.com-forum-projects-311.md","markdown_10k_clean","https://www.eevblog.com/forum/projects/311","https://www.eevblog.com/forum/projects/311","url_006539","source_url","91_rejected_low_value","91_rejected_low_value\url_006539--eevblog.com-forum-projects-311.md","copied","copied_to_category"
"C:\KICAD_SCRAPE\markdown_10k_clean\eevblog.com-forum-projects-312.md","eevblog.com-forum-projects-312.md","markdown_10k_clean","https://www.eevblog.com/forum/projects/312","https://www.eevblog.com/forum/projects/312","url_006540","source_url","91_rejected_low_value","91_rejected_low_value\url_006540--eevblog.com-forum-projects-312.md","copied","copied_to_category"
"C:\KICAD_SCRAPE\markdown_10k_clean\eevblog.com-forum-projects-313.md","eevblog.com-forum-projects-313.md","markdown_10k_clean","https://www.eevblog.com/forum/projects/313","https://www.eevblog.com/forum/projects/313","url_006541","source_url","91_rejected_low_value","91_rejected_low_value\url_006541--eevblog.com-forum-projects-313.md","copied","copied_to_category"
"C:\KICAD_SCRAPE\markdown_10k_clean\eevblog.com-forum-projects-314.md","eevblog.com-forum-projects-314.md","markdown_10k_clean","https://www.eevblog.com/forum/projects/314","https://www.eevblog.com/forum/projects/314","url_006542","source_url","91_rejected_low_value","91_rejected_low_value\url_006542--eevblog.com-forum-projects-314.md","copied","copied_to_category"
"C:\KICAD_SCRAPE\markdown_10k_clean\eevblog.com-forum-projects-315.md","eevblog.com-forum-projects-315.md","markdown_10k_clean","https://www.eevblog.com/forum/projects/315","https://www.eevblog.com/forum/projects/315","url_006543","source_url","91_rejected_low_value","91_rejected_low_value\url_006543--eevblog.com-forum-projects-315.md","copied","copied_to_category"
"C:\KICAD_SCRAPE\markdown_10k_clean\eevblog.com-forum-projects-316.md","eevblog.com-forum-projects-316.md","markdown_10k_clean","https://www.eevblog.com/forum/projects/316","https://www.eevblog.com/forum/projects/316","url_006544","source_url","91_rejected_low_value","91_rejected_low_value\url_006544--eevblog.com-forum-projects-316.md","copied","copied_to_category"
"C:\KICAD_SCRAPE\markdown_10k_clean\eevblog.com-forum-projects-317.md","eevblog.com-forum-projects-317.md","markdown_10k_clean","https://www.eevblog.com/forum/projects/317","https://www.eevblog.com/forum/projects/317","url_006545","source_url","91_rejected_low_value","91_rejected_low_value\url_006545--eevblog.com-forum-projects-317.md","copied","copied_to_category"
"C:\KICAD_SCRAPE\markdown_10k_clean\eevblog.com-forum-projects-318.md","eevblog.com-forum-projects-318.md","markdown_10k_clean","https://www.eevblog.com/forum/projects/318","https://www.eevblog.com/forum/projects/318","url_006546","source_url","91_rejected_low_value","91_rejected_low_value\url_006546--eevblog.com-forum-projects-318.md","copied","copied_to_category"
"C:\KICAD_SCRAPE\markdown_10k_clean\eevblog.com-forum-projects-319.md","eevblog.com-forum-projects-319.md","markdown_10k_clean","https://www.eevblog.com/forum/projects/319","https://www.eevblog.com/forum/projects/319","url_006547","source_url","91_rejected_low_value","91_rejected_low_value\url_006547--eevblog.com-forum-projects-319.md","copied","copied_to_category"
"C:\KICAD_SCRAPE\markdown_10k_clean\eevblog.com-forum-projects-320.md","eevblog.com-forum-projects-320.md","markdown_10k_clean","https://www.eevblog.com/forum/projects/320","https://www.eevblog.com/forum/projects/320","url_006548","source_url","91_rejected_low_value","91_rejected_low_value\url_006548--eevblog.com-forum-projects-320.md","copied","copied_to_category"
"C:\KICAD_SCRAPE\markdown_10k_clean\eevblog.com-forum-projects-321.md","eevblog.com-forum-projects-321.md","markdown_10k_clean","https://www.eevblog.com/forum/projects/321","https://www.eevblog.com/forum/projects/321","url_006549","source_url","91_rejected_low_value","91_rejected_low_value\url_006549--eevblog.com-forum-projects-321.md","copied","copied_to_category"
"C:\KICAD_SCRAPE\markdown_10k_clean\eevblog.com-forum-projects-322.md","eevblog.com-forum-projects-322.md","markdown_10k_clean","https://www.eevblog.com/forum/projects/322","https://www.eevblog.com/forum/projects/322","url_006550","source_url","91_rejected_low_value","91_rejected_low_value\url_006550--eevblog.com-forum-projects-322.md","copied","copied_to_category"
"C:\KICAD_SCRAPE\markdown_10k_clean\eevblog.com-forum-projects-323.md","eevblog.com-forum-projects-323.md","markdown_10k_clean","https://www.eevblog.com/forum/projects/323","https://www.eevblog.com/forum/projects/323","url_006551","source_url","91_rejected_low_value","91_rejected_low_value\url_006551--eevblog.com-forum-projects-323.md","copied","copied_to_category"
"C:\KICAD_SCRAPE\markdown_10k_clean\eevblog.com-forum-projects-324.md","eevblog.com-forum-projects-324.md","markdown_10k_clean","https://www.eevblog.com/forum/projects/324","https://www.eevblog.com/forum/projects/324","url_006552","source_url","91_rejected_low_value","91_rejected_low_value\url_006552--eevblog.com-forum-projects-324.md","copied","copied_to_category"
"C:\KICAD_SCRAPE\markdown_10k_clean\eevblog.com-forum-projects-325.md","eevblog.com-forum-projects-325.md","markdown_10k_clean","https://www.eevblog.com/forum/projects/325","https://www.eevblog.com/forum/projects/325","url_006553","source_url","91_rejected_low_value","91_rejected_low_value\url_006553--eevblog.com-forum-projects-325.md","copied","copied_to_category"
"C:\KICAD_SCRAPE\markdown_10k_clean\eevblog.com-forum-projects-326.md","eevblog.com-forum-projects-326.md","markdown_10k_clean","https://www.eevblog.com/forum/projects/326","https://www.eevblog.com/forum/projects/326","url_006554","source_url","91_rejected_low_value","91_rejected_low_value\url_006554--eevblog.com-forum-projects-326.md","copied","copied_to_category"
"C:\KICAD_SCRAPE\markdown_10k_clean\eevblog.com-forum-projects-327.md","eevblog.com-forum-projects-327.md","markdown_10k_clean","https://www.eevblog.com/forum/projects/327","https://www.eevblog.com/forum/projects/327","url_006555","source_url","91_rejected_low_value","91_rejected_low_value\url_006555--eevblog.com-forum-projects-327.md","copied","copied_to_category"
"C:\KICAD_SCRAPE\markdown_10k_clean\eevblog.com-forum-projects-328.md","eevblog.com-forum-projects-328.md","markdown_10k_clean","https://www.eevblog.com/forum/projects/328","https://www.eevblog.com/forum/projects/328","url_006556","source_url","91_rejected_low_value","91_rejected_low_value\url_006556--eevblog.com-forum-projects-328.md","copied","copied_to_category"
"C:\KICAD_SCRAPE\markdown_10k_clean\eevblog.com-forum-projects-329.md","eevblog.com-forum-projects-329.md","markdown_10k_clean","https://www.eevblog.com/forum/projects/329","https://www.eevblog.com/forum/projects/329","url_006557","source_url","91_rejected_low_value","91_rejected_low_value\url_006557--eevblog.com-forum-projects-329.md","copied","copied_to_category"
"C:\KICAD_SCRAPE\markdown_10k_clean\eevblog.com-forum-projects-330.md","eevblog.com-forum-projects-330.md","markdown_10k_clean","https://www.eevblog.com/forum/projects/330","https://www.eevblog.com/forum/projects/330","url_006558","source_url","91_rejected_low_value","91_rejected_low_value\url_006558--eevblog.com-forum-projects-330.md","copied","copied_to_category"
"C:\KICAD_SCRAPE\markdown_10k_clean\eevblog.com-forum-projects-331.md","eevblog.com-forum-projects-331.md","markdown_10k_clean","https://www.eevblog.com/forum/projects/331","https://www.eevblog.com/forum/projects/331","url_006559","source_url","91_rejected_low_value","91_rejected_low_value\url_006559--eevblog.com-forum-projects-331.md","copied","copied_to_category"
"C:\KICAD_SCRAPE\markdown_10k_clean\eevblog.com-forum-projects-332.md","eevblog.com-forum-projects-332.md","markdown_10k_clean","https://www.eevblog.com/forum/projects/332","https://www.eevblog.com/forum/projects/332","url_006560","source_url","91_rejected_low_value","91_rejected_low_value\url_006560--eevblog.com-forum-projects-332.md","copied","copied_to_category"
"C:\KICAD_SCRAPE\markdown_10k_clean\eevblog.com-forum-projects-333.md","eevblog.com-forum-projects-333.md","markdown_10k_clean","https://www.eevblog.com/forum/projects/333","https://www.eevblog.com/forum/projects/333","url_006561","source_url","91_rejected_low_value","91_rejected_low_value\url_006561--eevblog.com-forum-projects-333.md","copied","copied_to_category"
"C:\KICAD_SCRAPE\markdown_10k_clean\eevblog.com-forum-projects-334.md","eevblog.com-forum-projects-334.md","markdown_10k_clean","https://www.eevblog.com/forum/projects/334","https://www.eevblog.com/forum/projects/334","url_006562","source_url","91_rejected_low_value","91_rejected_low_value\url_006562--eevblog.com-forum-projects-334.md","copied","copied_to_category"
"C:\KICAD_SCRAPE\markdown_10k_clean\eevblog.com-forum-projects-335.md","eevblog.com-forum-projects-335.md","markdown_10k_clean","https://www.eevblog.com/forum/projects/335","https://www.eevblog.com/forum/projects/335","url_006563","source_url","91_rejected_low_value","91_rejected_low_value\url_006563--eevblog.com-forum-projects-335.md","copied","copied_to_category"
"C:\KICAD_SCRAPE\markdown_10k_clean\eevblog.com-forum-projects-336.md","eevblog.com-forum-projects-336.md","markdown_10k_clean","https://www.eevblog.com/forum/projects/336","https://www.eevblog.com/forum/projects/336","url_006564","source_url","91_rejected_low_value","91_rejected_low_value\url_006564--eevblog.com-forum-projects-336.md","copied","copied_to_category"
"C:\KICAD_SCRAPE\markdown_10k_clean\eevblog.com-forum-projects-337.md","eevblog.com-forum-projects-337.md","markdown_10k_clean","https://www.eevblog.com/forum/projects/337","https://www.eevblog.com/forum/projects/337","url_006565","source_url","91_rejected_low_value","91_rejected_low_value\url_006565--eevblog.com-forum-projects-337.md","copied","copied_to_category"
"C:\KICAD_SCRAPE\markdown_10k_clean\eevblog.com-forum-projects-338.md","eevblog.com-forum-projects-338.md","markdown_10k_clean","https://www.eevblog.com/forum/projects/338","https://www.eevblog.com/forum/projects/338","url_006566","source_url","91_rejected_low_value","91_rejected_low_value\url_006566--eevblog.com-forum-projects-338.md","copied","copied_to_category"
"C:\KICAD_SCRAPE\markdown_10k_clean\eevblog.com-forum-projects-339.md","eevblog.com-forum-projects-339.md","markdown_10k_clean","https://www.eevblog.com/forum/projects/339","https://www.eevblog.com/forum/projects/339","url_006567","source_url","91_rejected_low_value","91_rejected_low_value\url_006567--eevblog.com-forum-projects-339.md","copied","copied_to_category"
"C:\KICAD_SCRAPE\markdown_10k_clean\eevblog.com-forum-projects-340.md","eevblog.com-forum-projects-340.md","markdown_10k_clean","https://www.eevblog.com/forum/projects/340","https://www.eevblog.com/forum/projects/340","url_006568","source_url","91_rejected_low_value","91_rejected_low_value\url_006568--eevblog.com-forum-projects-340.md","copied","copied_to_category"
"C:\KICAD_SCRAPE\markdown_10k_clean\eevblog.com-forum-projects-341.md","eevblog.com-forum-projects-341.md","markdown_10k_clean","https://www.eevblog.com/forum/projects/341","https://www.eevblog.com/forum/projects/341","url_006569","source_url","91_rejected_low_value","91_rejected_low_value\url_006569--eevblog.com-forum-projects-341.md","copied","copied_to_category"
"C:\KICAD_SCRAPE\markdown_10k_clean\eevblog.com-forum-projects-342.md","eevblog.com-forum-projects-342.md","markdown_10k_clean","https://www.eevblog.com/forum/projects/342","https://www.eevblog.com/forum/projects/342","url_006570","source_url","91_rejected_low_value","91_rejected_low_value\url_006570--eevblog.com-forum-projects-342.md","copied","copied_to_category"
"C:\KICAD_SCRAPE\markdown_10k_clean\eevblog.com-forum-projects-343.md","eevblog.com-forum-projects-343.md","markdown_10k_clean","https://www.eevblog.com/forum/projects/343","https://www.eevblog.com/forum/projects/343","url_006571","source_url","91_rejected_low_value","91_rejected_low_value\url_006571--eevblog.com-forum-projects-343.md","copied","copied_to_category"
"C:\KICAD_SCRAPE\markdown_10k_clean\eevblog.com-forum-projects-344.md","eevblog.com-forum-projects-344.md","markdown_10k_clean","https://www.eevblog.com/forum/projects/344","https://www.eevblog.com/forum/projects/344","url_006572","source_url","91_rejected_low_value","91_rejected_low_value\url_006572--eevblog.com-forum-projects-344.md","copied","copied_to_category"
"C:\KICAD_SCRAPE\markdown_10k_clean\eevblog.com-forum-projects-345.md","eevblog.com-forum-projects-345.md","markdown_10k_clean","https://www.eevblog.com/forum/projects/345","https://www.eevblog.com/forum/projects/345","url_006573","source_url","91_rejected_low_value","91_rejected_low_value\url_006573--eevblog.com-forum-projects-345.md","copied","copied_to_category"
"C:\KICAD_SCRAPE\markdown_10k_clean\eevblog.com-forum-projects-346.md","eevblog.com-forum-projects-346.md","markdown_10k_clean","https://www.eevblog.com/forum/projects/346","https://www.eevblog.com/forum/projects/346","url_006574","source_url","91_rejected_low_value","91_rejected_low_value\url_006574--eevblog.com-forum-projects-346.md","copied","copied_to_category"
"C:\KICAD_SCRAPE\markdown_10k_clean\eevblog.com-forum-projects-347.md","eevblog.com-forum-projects-347.md","markdown_10k_clean","https://www.eevblog.com/forum/projects/347","https://www.eevblog.com/forum/projects/347","url_006575","source_url","91_rejected_low_value","91_rejected_low_value\url_006575--eevblog.com-forum-projects-347.md","copied","copied_to_category"
"C:\KICAD_SCRAPE\markdown_10k_clean\eevblog.com-forum-projects-348.md","eevblog.com-forum-projects-348.md","markdown_10k_clean","https://www.eevblog.com/forum/projects/348","https://www.eevblog.com/forum/projects/348","url_006576","source_url","91_rejected_low_value","91_rejected_low_value\url_006576--eevblog.com-forum-projects-348.md","copied","copied_to_category"
"C:\KICAD_SCRAPE\markdown_10k_clean\eevblog.com-forum-projects-349.md","eevblog.com-forum-projects-349.md","markdown_10k_clean","https://www.eevblog.com/forum/projects/349","https://www.eevblog.com/forum/projects/349","url_006577","source_url","91_rejected_low_value","91_rejected_low_value\url_006577--eevblog.com-forum-projects-349.md","copied","copied_to_category"
"C:\KICAD_SCRAPE\markdown_10k_clean\eevblog.com-forum-projects-350.md","eevblog.com-forum-projects-350.md","markdown_10k_clean","https://www.eevblog.com/forum/projects/350","https://www.eevblog.com/forum/projects/350","url_006578","source_url","91_rejected_low_value","91_rejected_low_value\url_006578--eevblog.com-forum-projects-350.md","copied","copied_to_category"
"C:\KICAD_SCRAPE\markdown_10k_clean\eevblog.com-forum-projects-351.md","eevblog.com-forum-projects-351.md","markdown_10k_clean","https://www.eevblog.com/forum/projects/351","https://www.eevblog.com/forum/projects/351","url_006579","source_url","91_rejected_low_value","91_rejected_low_value\url_006579--eevblog.com-forum-projects-351.md","copied","copied_to_category"
"C:\KICAD_SCRAPE\markdown_10k_clean\eevblog.com-forum-projects-352.md","eevblog.com-forum-projects-352.md","markdown_10k_clean","https://www.eevblog.com/forum/projects/352","https://www.eevblog.com/forum/projects/352","url_006580","source_url","91_rejected_low_value","91_rejected_low_value\url_006580--eevblog.com-forum-projects-352.md","copied","copied_to_category"
"C:\KICAD_SCRAPE\markdown_10k_clean\eevblog.com-forum-projects-353.md","eevblog.com-forum-projects-353.md","markdown_10k_clean","https://www.eevblog.com/forum/projects/353","https://www.eevblog.com/forum/projects/353","url_006581","source_url","91_rejected_low_value","91_rejected_low_value\url_006581--eevblog.com-forum-projects-353.md","copied","copied_to_category"
"C:\KICAD_SCRAPE\markdown_10k_clean\eevblog.com-forum-projects-354.md","eevblog.com-forum-projects-354.md","markdown_10k_clean","https://www.eevblog.com/forum/projects/354","https://www.eevblog.com/forum/projects/354","url_006582","source_url","91_rejected_low_value","91_rejected_low_value\url_006582--eevblog.com-forum-projects-354.md","copied","copied_to_category"
"C:\KICAD_SCRAPE\markdown_10k_clean\eevblog.com-forum-projects-355.md","eevblog.com-forum-projects-355.md","markdown_10k_clean","https://www.eevblog.com/forum/projects/355","https://www.eevblog.com/forum/projects/355","url_006583","source_url","91_rejected_low_value","91_rejected_low_value\url_006583--eevblog.com-forum-projects-355.md","copied","copied_to_category"
"C:\KICAD_SCRAPE\markdown_10k_clean\eevblog.com-forum-projects-356.md","eevblog.com-forum-projects-356.md","markdown_10k_clean","https://www.eevblog.com/forum/projects/356","https://www.eevblog.com/forum/projects/356","url_006584","source_url","91_rejected_low_value","91_rejected_low_value\url_006584--eevblog.com-forum-projects-356.md","copied","copied_to_category"
"C:\KICAD_SCRAPE\markdown_10k_clean\eevblog.com-forum-projects-357.md","eevblog.com-forum-projects-357.md","markdown_10k_clean","https://www.eevblog.com/forum/projects/357","https://www.eevblog.com/forum/projects/357","url_006585","source_url","91_rejected_low_value","91_rejected_low_value\url_006585--eevblog.com-forum-projects-357.md","copied","copied_to_category"
"C:\KICAD_SCRAPE\markdown_10k_clean\eevblog.com-forum-projects-358.md","eevblog.com-forum-projects-358.md","markdown_10k_clean","https://www.eevblog.com/forum/projects/358","https://www.eevblog.com/forum/projects/358","url_006586","source_url","91_rejected_low_value","91_rejected_low_value\url_006586--eevblog.com-forum-projects-358.md","copied","copied_to_category"
"C:\KICAD_SCRAPE\markdown_10k_clean\eevblog.com-forum-projects-359.md","eevblog.com-forum-projects-359.md","markdown_10k_clean","https://www.eevblog.com/forum/projects/359","https://www.eevblog.com/forum/projects/359","url_006587","source_url","91_rejected_low_value","91_rejected_low_value\url_006587--eevblog.com-forum-projects-359.md","copied","copied_to_category"
"C:\KICAD_SCRAPE\markdown_10k_clean\eevblog.com-forum-projects-360.md","eevblog.com-forum-projects-360.md","markdown_10k_clean","https://www.eevblog.com/forum/projects/360","https://www.eevblog.com/forum/projects/360","url_006588","source_url","91_rejected_low_value","91_rejected_low_value\url_006588--eevblog.com-forum-projects-360.md","copied","copied_to_category"
"C:\KICAD_SCRAPE\markdown_10k_clean\eevblog.com-forum-projects-361.md","eevblog.com-forum-projects-361.md","markdown_10k_clean","https://www.eevblog.com/forum/projects/361","https://www.eevblog.com/forum/projects/361","url_006589","source_url","91_rejected_low_value","91_rejected_low_value\url_006589--eevblog.com-forum-projects-361.md","copied","copied_to_category"
"C:\KICAD_SCRAPE\markdown_10k_clean\eevblog.com-forum-projects-362.md","eevblog.com-forum-projects-362.md","markdown_10k_clean","https://www.eevblog.com/forum/projects/362","https://www.eevblog.com/forum/projects/362","url_006590","source_url","91_rejected_low_value","91_rejected_low_value\url_006590--eevblog.com-forum-projects-362.md","copied","copied_to_category"
"C:\KICAD_SCRAPE\markdown_10k_clean\eevblog.com-forum-projects-363.md","eevblog.com-forum-projects-363.md","markdown_10k_clean","https://www.eevblog.com/forum/projects/363","https://www.eevblog.com/forum/projects/363","url_006591","source_url","91_rejected_low_value","91_rejected_low_value\url_006591--eevblog.com-forum-projects-363.md","copied","copied_to_category"
"C:\KICAD_SCRAPE\markdown_10k_clean\eevblog.com-forum-projects-364.md","eevblog.com-forum-projects-364.md","markdown_10k_clean","https://www.eevblog.com/forum/projects/364","https://www.eevblog.com/forum/projects/364","url_006592","source_url","91_rejected_low_value","91_rejected_low_value\url_006592--eevblog.com-forum-projects-364.md","copied","copied_to_category"
"C:\KICAD_SCRAPE\markdown_10k_clean\eevblog.com-forum-projects-365.md","eevblog.com-forum-projects-365.md","markdown_10k_clean","https://www.eevblog.com/forum/projects/365","https://www.eevblog.com/forum/projects/365","url_006593","source_url","91_rejected_low_value","91_rejected_low_value\url_006593--eevblog.com-forum-projects-365.md","copied","copied_to_category"
"C:\KICAD_SCRAPE\markdown_10k_clean\eevblog.com-forum-projects-366.md","eevblog.com-forum-projects-366.md","markdown_10k_clean","https://www.eevblog.com/forum/projects/366","https://www.eevblog.com/forum/projects/366","url_006594","source_url","91_rejected_low_value","91_rejected_low_value\url_006594--eevblog.com-forum-projects-366.md","copied","copied_to_category"
"C:\KICAD_SCRAPE\markdown_10k_clean\eevblog.com-forum-projects-367.md","eevblog.com-forum-projects-367.md","markdown_10k_clean","https://www.eevblog.com/forum/projects/367","https://www.eevblog.com/forum/projects/367","url_006595","source_url","91_rejected_low_value","91_rejected_low_value\url_006595--eevblog.com-forum-projects-367.md","copied","copied_to_category"
"C:\KICAD_SCRAPE\markdown_10k_clean\eevblog.com-forum-projects-368.md","eevblog.com-forum-projects-368.md","markdown_10k_clean","https://www.eevblog.com/forum/projects/368","https://www.eevblog.com/forum/projects/368","url_006596","source_url","91_rejected_low_value","91_rejected_low_value\url_006596--eevblog.com-forum-projects-368.md","copied","copied_to_category"
"C:\KICAD_SCRAPE\markdown_10k_clean\eevblog.com-forum-projects-369.md","eevblog.com-forum-projects-369.md","markdown_10k_clean","https://www.eevblog.com/forum/projects/369","https://www.eevblog.com/forum/projects/369","url_006597","source_url","91_rejected_low_value","91_rejected_low_value\url_006597--eevblog.com-forum-projects-369.md","copied","copied_to_category"
"C:\KICAD_SCRAPE\markdown_10k_clean\eevblog.com-forum-projects-370.md","eevblog.com-forum-projects-370.md","markdown_10k_clean","https://www.eevblog.com/forum/projects/370","https://www.eevblog.com/forum/projects/370","url_006598","source_url","91_rejected_low_value","91_rejected_low_value\url_006598--eevblog.com-forum-projects-370.md","copied","copied_to_category"
"C:\KICAD_SCRAPE\markdown_10k_clean\eevblog.com-forum-projects-371.md","eevblog.com-forum-projects-371.md","markdown_10k_clean","https://www.eevblog.com/forum/projects/371","https://www.eevblog.com/forum/projects/371","url_006599","source_url","91_rejected_low_value","91_rejected_low_value\url_006599--eevblog.com-forum-projects-371.md","copied","copied_to_category"
"C:\KICAD_SCRAPE\markdown_10k_clean\eevblog.com-forum-projects-372.md","eevblog.com-forum-projects-372.md","markdown_10k_clean","https://www.eevblog.com/forum/projects/372","https://www.eevblog.com/forum/projects/372","url_006600","source_url","91_rejected_low_value","91_rejected_low_value\url_006600--eevblog.com-forum-projects-372.md","copied","copied_to_category"
"C:\KICAD_SCRAPE\markdown_10k_clean\eevblog.com-forum-projects-373.md","eevblog.com-forum-projects-373.md","markdown_10k_clean","https://www.eevblog.com/forum/projects/373","https://www.eevblog.com/forum/projects/373","url_006601","source_url","91_rejected_low_value","91_rejected_low_value\url_006601--eevblog.com-forum-projects-373.md","copied","copied_to_category"
"C:\KICAD_SCRAPE\markdown_10k_clean\eevblog.com-forum-projects-374.md","eevblog.com-forum-projects-374.md","markdown_10k_clean","https://www.eevblog.com/forum/projects/374","https://www.eevblog.com/forum/projects/374","url_006602","source_url","91_rejected_low_value","91_rejected_low_value\url_006602--eevblog.com-forum-projects-374.md","copied","copied_to_category"
"C:\KICAD_SCRAPE\markdown_10k_clean\eevblog.com-forum-projects-375.md","eevblog.com-forum-projects-375.md","markdown_10k_clean","https://www.eevblog.com/forum/projects/375","https://www.eevblog.com/forum/projects/375","url_006603","source_url","91_rejected_low_value","91_rejected_low_value\url_006603--eevblog.com-forum-projects-375.md","copied","copied_to_category"
"C:\KICAD_SCRAPE\markdown_10k_clean\eevblog.com-forum-projects-376.md","eevblog.com-forum-projects-376.md","markdown_10k_clean","https://www.eevblog.com/forum/projects/376","https://www.eevblog.com/forum/projects/376","url_006604","source_url","91_rejected_low_value","91_rejected_low_value\url_006604--eevblog.com-forum-projects-376.md","copied","copied_to_category"
"C:\KICAD_SCRAPE\markdown_10k_clean\eevblog.com-forum-projects-377.md","eevblog.com-forum-projects-377.md","markdown_10k_clean","https://www.eevblog.com/forum/projects/377","https://www.eevblog.com/forum/projects/377","url_006605","source_url","91_rejected_low_value","91_rejected_low_value\url_006605--eevblog.com-forum-projects-377.md","copied","copied_to_category"
"C:\KICAD_SCRAPE\markdown_10k_clean\eevblog.com-forum-projects-378.md","eevblog.com-forum-projects-378.md","markdown_10k_clean","https://www.eevblog.com/forum/projects/378","https://www.eevblog.com/forum/projects/378","url_006606","source_url","91_rejected_low_value","91_rejected_low_value\url_006606--eevblog.com-forum-projects-378.md","copied","copied_to_category"
"C:\KICAD_SCRAPE\markdown_10k_clean\eevblog.com-forum-projects-379.md","eevblog.com-forum-projects-379.md","markdown_10k_clean","https://www.eevblog.com/forum/projects/379","https://www.eevblog.com/forum/projects/379","url_006607","source_url","91_rejected_low_value","91_rejected_low_value\url_006607--eevblog.com-forum-projects-379.md","copied","copied_to_category"
"C:\KICAD_SCRAPE\markdown_10k_clean\eevblog.com-forum-projects-380.md","eevblog.com-forum-projects-380.md","markdown_10k_clean","https://www.eevblog.com/forum/projects/380","https://www.eevblog.com/forum/projects/380","url_006608","source_url","91_rejected_low_value","91_rejected_low_value\url_006608--eevblog.com-forum-projects-380.md","copied","copied_to_category"
"C:\KICAD_SCRAPE\markdown_10k_clean\eevblog.com-forum-projects-381.md","eevblog.com-forum-projects-381.md","markdown_10k_clean","https://www.eevblog.com/forum/projects/381","https://www.eevblog.com/forum/projects/381","url_006609","source_url","91_rejected_low_value","91_rejected_low_value\url_006609--eevblog.com-forum-projects-381.md","copied","copied_to_category"
"C:\KICAD_SCRAPE\markdown_10k_clean\eevblog.com-forum-projects-382.md","eevblog.com-forum-projects-382.md","markdown_10k_clean","https://www.eevblog.com/forum/projects/382","https://www.eevblog.com/forum/projects/382","url_006610","source_url","91_rejected_low_value","91_rejected_low_value\url_006610--eevblog.com-forum-projects-382.md","copied","copied_to_category"
"C:\KICAD_SCRAPE\markdown_10k_clean\eevblog.com-forum-projects-383.md","eevblog.com-forum-projects-383.md","markdown_10k_clean","https://www.eevblog.com/forum/projects/383","https://www.eevblog.com/forum/projects/383","url_006611","source_url","91_rejected_low_value","91_rejected_low_value\url_006611--eevblog.com-forum-projects-383.md","copied","copied_to_category"
"C:\KICAD_SCRAPE\markdown_10k_clean\eevblog.com-forum-projects-384.md","eevblog.com-forum-projects-384.md","markdown_10k_clean","https://www.eevblog.com/forum/projects/384","https://www.eevblog.com/forum/projects/384","url_006612","source_url","91_rejected_low_value","91_rejected_low_value\url_006612--eevblog.com-forum-projects-384.md","copied","copied_to_category"
"C:\KICAD_SCRAPE\markdown_10k_clean\eevblog.com-forum-projects-385.md","eevblog.com-forum-projects-385.md","markdown_10k_clean","https://www.eevblog.com/forum/projects/385","https://www.eevblog.com/forum/projects/385","url_006613","source_url","91_rejected_low_value","91_rejected_low_value\url_006613--eevblog.com-forum-projects-385.md","copied","copied_to_category"
"C:\KICAD_SCRAPE\markdown_10k_clean\eevblog.com-forum-projects-386.md","eevblog.com-forum-projects-386.md","markdown_10k_clean","https://www.eevblog.com/forum/projects/386","https://www.eevblog.com/forum/projects/386","url_006614","source_url","91_rejected_low_value","91_rejected_low_value\url_006614--eevblog.com-forum-projects-386.md","copied","copied_to_category"
"C:\KICAD_SCRAPE\markdown_10k_clean\eevblog.com-forum-projects-387.md","eevblog.com-forum-projects-387.md","markdown_10k_clean","https://www.eevblog.com/forum/projects/387","https://www.eevblog.com/forum/projects/387","url_006615","source_url","91_rejected_low_value","91_rejected_low_value\url_006615--eevblog.com-forum-projects-387.md","copied","copied_to_category"
"C:\KICAD_SCRAPE\markdown_10k_clean\eevblog.com-forum-projects-388.md","eevblog.com-forum-projects-388.md","markdown_10k_clean","https://www.eevblog.com/forum/projects/388","https://www.eevblog.com/forum/projects/388","url_006616","source_url","91_rejected_low_value","91_rejected_low_value\url_006616--eevblog.com-forum-projects-388.md","copied","copied_to_category"
"C:\KICAD_SCRAPE\markdown_10k_clean\eevblog.com-forum-projects-389.md","eevblog.com-forum-projects-389.md","markdown_10k_clean","https://www.eevblog.com/forum/projects/389","https://www.eevblog.com/forum/projects/389","url_006617","source_url","91_rejected_low_value","91_rejected_low_value\url_006617--eevblog.com-forum-projects-389.md","copied","copied_to_category"
"C:\KICAD_SCRAPE\markdown_10k_clean\eevblog.com-forum-projects-390.md","eevblog.com-forum-projects-390.md","markdown_10k_clean","https://www.eevblog.com/forum/projects/390","https://www.eevblog.com/forum/projects/390","url_006618","source_url","91_rejected_low_value","91_rejected_low_value\url_006618--eevblog.com-forum-projects-390.md","copied","copied_to_category"
"C:\KICAD_SCRAPE\markdown_10k_clean\eevblog.com-forum-projects-391.md","eevblog.com-forum-projects-391.md","markdown_10k_clean","https://www.eevblog.com/forum/projects/391","https://www.eevblog.com/forum/projects/391","url_006619","source_url","91_rejected_low_value","91_rejected_low_value\url_006619--eevblog.com-forum-projects-391.md","copied","copied_to_category"
"C:\KICAD_SCRAPE\markdown_10k_clean\eevblog.com-forum-projects-392.md","eevblog.com-forum-projects-392.md","markdown_10k_clean","https://www.eevblog.com/forum/projects/392","https://www.eevblog.com/forum/projects/392","url_006620","source_url","91_rejected_low_value","91_rejected_low_value\url_006620--eevblog.com-forum-projects-392.md","copied","copied_to_category"
"C:\KICAD_SCRAPE\markdown_10k_clean\eevblog.com-forum-projects-393.md","eevblog.com-forum-projects-393.md","markdown_10k_clean","https://www.eevblog.com/forum/projects/393","https://www.eevblog.com/forum/projects/393","url_006621","source_url","91_rejected_low_value","91_rejected_low_value\url_006621--eevblog.com-forum-projects-393.md","copied","copied_to_category"
"C:\KICAD_SCRAPE\markdown_10k_clean\eevblog.com-forum-projects-394.md","eevblog.com-forum-projects-394.md","markdown_10k_clean","https://www.eevblog.com/forum/projects/394","https://www.eevblog.com/forum/projects/394","url_006622","source_url","91_rejected_low_value","91_rejected_low_value\url_006622--eevblog.com-forum-projects-394.md","copied","copied_to_category"
"C:\KICAD_SCRAPE\markdown_10k_clean\eevblog.com-forum-projects-395.md","eevblog.com-forum-projects-395.md","markdown_10k_clean","https://www.eevblog.com/forum/projects/395","https://www.eevblog.com/forum/projects/395","url_006623","source_url","91_rejected_low_value","91_rejected_low_value\url_006623--eevblog.com-forum-projects-395.md","copied","copied_to_category"
"C:\KICAD_SCRAPE\markdown_10k_clean\eevblog.com-forum-projects-396.md","eevblog.com-forum-projects-396.md","markdown_10k_clean","https://www.eevblog.com/forum/projects/396","https://www.eevblog.com/forum/projects/396","url_006624","source_url","91_rejected_low_value","91_rejected_low_value\url_006624--eevblog.com-forum-projects-396.md","copied","copied_to_category"
"C:\KICAD_SCRAPE\markdown_10k_clean\eevblog.com-forum-projects-397.md","eevblog.com-forum-projects-397.md","markdown_10k_clean","https://www.eevblog.com/forum/projects/397","https://www.eevblog.com/forum/projects/397","url_006625","source_url","91_rejected_low_value","91_rejected_low_value\url_006625--eevblog.com-forum-projects-397.md","copied","copied_to_category"
"C:\KICAD_SCRAPE\markdown_10k_clean\eevblog.com-forum-projects-398.md","eevblog.com-forum-projects-398.md","markdown_10k_clean","https://www.eevblog.com/forum/projects/398","https://www.eevblog.com/forum/projects/398","url_006626","source_url","91_rejected_low_value","91_rejected_low_value\url_006626--eevblog.com-forum-projects-398.md","copied","copied_to_category"
"C:\KICAD_SCRAPE\markdown_10k_clean\eevblog.com-forum-projects-399.md","eevblog.com-forum-projects-399.md","markdown_10k_clean","https://www.eevblog.com/forum/projects/399","https://www.eevblog.com/forum/projects/399","url_006627","source_url","91_rejected_low_value","91_rejected_low_value\url_006627--eevblog.com-forum-projects-399.md","copied","copied_to_category"
"C:\KICAD_SCRAPE\markdown_10k_clean\eevblog.com-forum-projects-400.md","eevblog.com-forum-projects-400.md","markdown_10k_clean","https://www.eevblog.com/forum/projects/400","https://www.eevblog.com/forum/projects/400","url_006628","source_url","91_rejected_low_value","91_rejected_low_value\url_006628--eevblog.com-forum-projects-400.md","copied","copied_to_category"
"C:\KICAD_SCRAPE\markdown_10k_clean\eevblog.com-forum-projects-401.md","eevblog.com-forum-projects-401.md","markdown_10k_clean","https://www.eevblog.com/forum/projects/401","https://www.eevblog.com/forum/projects/401","url_006629","source_url","91_rejected_low_value","91_rejected_low_value\url_006629--eevblog.com-forum-projects-401.md","copied","copied_to_category"
"C:\KICAD_SCRAPE\markdown_10k_clean\eevblog.com-forum-projects-402.md","eevblog.com-forum-projects-402.md","markdown_10k_clean","https://www.eevblog.com/forum/projects/402","https://www.eevblog.com/forum/projects/402","url_006630","source_url","91_rejected_low_value","91_rejected_low_value\url_006630--eevblog.com-forum-projects-402.md","copied","copied_to_category"
"C:\KICAD_SCRAPE\markdown_10k_clean\eevblog.com-forum-projects-403.md","eevblog.com-forum-projects-403.md","markdown_10k_clean","https://www.eevblog.com/forum/projects/403","https://www.eevblog.com/forum/projects/403","url_006631","source_url","91_rejected_low_value","91_rejected_low_value\url_006631--eevblog.com-forum-projects-403.md","copied","copied_to_category"
"C:\KICAD_SCRAPE\markdown_10k_clean\eevblog.com-forum-projects-404.md","eevblog.com-forum-projects-404.md","markdown_10k_clean","https://www.eevblog.com/forum/projects/404","https://www.eevblog.com/forum/projects/404","url_006632","source_url","91_rejected_low_value","91_rejected_low_value\url_006632--eevblog.com-forum-projects-404.md","copied","copied_to_category"
"C:\KICAD_SCRAPE\markdown_10k_clean\eevblog.com-forum-projects-405.md","eevblog.com-forum-projects-405.md","markdown_10k_clean","https://www.eevblog.com/forum/projects/405","https://www.eevblog.com/forum/projects/405","url_006633","source_url","91_rejected_low_value","91_rejected_low_value\url_006633--eevblog.com-forum-projects-405.md","copied","copied_to_category"
"C:\KICAD_SCRAPE\markdown_10k_clean\eevblog.com-forum-projects-406.md","eevblog.com-forum-projects-406.md","markdown_10k_clean","https://www.eevblog.com/forum/projects/406","https://www.eevblog.com/forum/projects/406","url_006634","source_url","91_rejected_low_value","91_rejected_low_value\url_006634--eevblog.com-forum-projects-406.md","copied","copied_to_category"
"C:\KICAD_SCRAPE\markdown_10k_clean\eevblog.com-forum-projects-407.md","eevblog.com-forum-projects-407.md","markdown_10k_clean","https://www.eevblog.com/forum/projects/407","https://www.eevblog.com/forum/projects/407","url_006635","source_url","91_rejected_low_value","91_rejected_low_value\url_006635--eevblog.com-forum-projects-407.md","copied","copied_to_category"
"C:\KICAD_SCRAPE\markdown_10k_clean\eevblog.com-forum-projects-408.md","eevblog.com-forum-projects-408.md","markdown_10k_clean","https://www.eevblog.com/forum/projects/408","https://www.eevblog.com/forum/projects/408","url_006636","source_url","91_rejected_low_value","91_rejected_low_value\url_006636--eevblog.com-forum-projects-408.md","copied","copied_to_category"
"C:\KICAD_SCRAPE\markdown_10k_clean\eevblog.com-forum-projects-409.md","eevblog.com-forum-projects-409.md","markdown_10k_clean","https://www.eevblog.com/forum/projects/409","https://www.eevblog.com/forum/projects/409","url_006637","source_url","91_rejected_low_value","91_rejected_low_value\url_006637--eevblog.com-forum-projects-409.md","copied","copied_to_category"
"C:\KICAD_SCRAPE\markdown_10k_clean\eevblog.com-forum-projects-410.md","eevblog.com-forum-projects-410.md","markdown_10k_clean","https://www.eevblog.com/forum/projects/410","https://www.eevblog.com/forum/projects/410","url_006638","source_url","91_rejected_low_value","91_rejected_low_value\url_006638--eevblog.com-forum-projects-410.md","copied","copied_to_category"
"C:\KICAD_SCRAPE\markdown_10k_clean\eevblog.com-forum-projects-411.md","eevblog.com-forum-projects-411.md","markdown_10k_clean","https://www.eevblog.com/forum/projects/411","https://www.eevblog.com/forum/projects/411","url_006639","source_url","91_rejected_low_value","91_rejected_low_value\url_006639--eevblog.com-forum-projects-411.md","copied","copied_to_category"
"C:\KICAD_SCRAPE\markdown_10k_clean\eevblog.com-forum-projects-412.md","eevblog.com-forum-projects-412.md","markdown_10k_clean","https://www.eevblog.com/forum/projects/412","https://www.eevblog.com/forum/projects/412","url_006640","source_url","91_rejected_low_value","91_rejected_low_value\url_006640--eevblog.com-forum-projects-412.md","copied","copied_to_category"
"C:\KICAD_SCRAPE\markdown_10k_clean\eevblog.com-forum-projects-413.md","eevblog.com-forum-projects-413.md","markdown_10k_clean","https://www.eevblog.com/forum/projects/413","https://www.eevblog.com/forum/projects/413","url_006641","source_url","91_rejected_low_value","91_rejected_low_value\url_006641--eevblog.com-forum-projects-413.md","copied","copied_to_category"
"C:\KICAD_SCRAPE\markdown_10k_clean\eevblog.com-forum-projects-414.md","eevblog.com-forum-projects-414.md","markdown_10k_clean","https://www.eevblog.com/forum/projects/414","https://www.eevblog.com/forum/projects/414","url_006642","source_url","91_rejected_low_value","91_rejected_low_value\url_006642--eevblog.com-forum-projects-414.md","copied","copied_to_category"
"C:\KICAD_SCRAPE\markdown_10k_clean\eevblog.com-forum-projects-415.md","eevblog.com-forum-projects-415.md","markdown_10k_clean","https://www.eevblog.com/forum/projects/415","https://www.eevblog.com/forum/projects/415","url_006643","source_url","91_rejected_low_value","91_rejected_low_value\url_006643--eevblog.com-forum-projects-415.md","copied","copied_to_category"
"C:\KICAD_SCRAPE\markdown_10k_clean\eevblog.com-forum-projects-416.md","eevblog.com-forum-projects-416.md","markdown_10k_clean","https://www.eevblog.com/forum/projects/416","https://www.eevblog.com/forum/projects/416","url_006644","source_url","91_rejected_low_value","91_rejected_low_value\url_006644--eevblog.com-forum-projects-416.md","copied","copied_to_category"
"C:\KICAD_SCRAPE\markdown_10k_clean\eevblog.com-forum-projects-417.md","eevblog.com-forum-projects-417.md","markdown_10k_clean","https://www.eevblog.com/forum/projects/417","https://www.eevblog.com/forum/projects/417","url_006645","source_url","91_rejected_low_value","91_rejected_low_value\url_006645--eevblog.com-forum-projects-417.md","copied","copied_to_category"
"C:\KICAD_SCRAPE\markdown_10k_clean\eevblog.com-forum-projects-418.md","eevblog.com-forum-projects-418.md","markdown_10k_clean","https://www.eevblog.com/forum/projects/418","https://www.eevblog.com/forum/projects/418","url_006646","source_url","91_rejected_low_value","91_rejected_low_value\url_006646--eevblog.com-forum-projects-418.md","copied","copied_to_category"
"C:\KICAD_SCRAPE\markdown_10k_clean\eevblog.com-forum-projects-419.md","eevblog.com-forum-projects-419.md","markdown_10k_clean","https://www.eevblog.com/forum/projects/419","https://www.eevblog.com/forum/projects/419","url_006647","source_url","91_rejected_low_value","91_rejected_low_value\url_006647--eevblog.com-forum-projects-419.md","copied","copied_to_category"
"C:\KICAD_SCRAPE\markdown_10k_clean\eevblog.com-forum-projects-420.md","eevblog.com-forum-projects-420.md","markdown_10k_clean","https://www.eevblog.com/forum/projects/420","https://www.eevblog.com/forum/projects/420","url_006648","source_url","91_rejected_low_value","91_rejected_low_value\url_006648--eevblog.com-forum-projects-420.md","copied","copied_to_category"
"C:\KICAD_SCRAPE\markdown_10k_clean\eevblog.com-forum-projects-421.md","eevblog.com-forum-projects-421.md","markdown_10k_clean","https://www.eevblog.com/forum/projects/421","https://www.eevblog.com/forum/projects/421","url_006649","source_url","91_rejected_low_value","91_rejected_low_value\url_006649--eevblog.com-forum-projects-421.md","copied","copied_to_category"
"C:\KICAD_SCRAPE\markdown_10k_clean\eevblog.com-forum-projects-422.md","eevblog.com-forum-projects-422.md","markdown_10k_clean","https://www.eevblog.com/forum/projects/422","https://www.eevblog.com/forum/projects/422","url_006650","source_url","91_rejected_low_value","91_rejected_low_value\url_006650--eevblog.com-forum-projects-422.md","copied","copied_to_category"
"C:\KICAD_SCRAPE\markdown_10k_clean\eevblog.com-forum-projects-423.md","eevblog.com-forum-projects-423.md","markdown_10k_clean","https://www.eevblog.com/forum/projects/423","https://www.eevblog.com/forum/projects/423","url_006651","source_url","91_rejected_low_value","91_rejected_low_value\url_006651--eevblog.com-forum-projects-423.md","copied","copied_to_category"
"C:\KICAD_SCRAPE\markdown_10k_clean\eevblog.com-forum-projects-424.md","eevblog.com-forum-projects-424.md","markdown_10k_clean","https://www.eevblog.com/forum/projects/424","https://www.eevblog.com/forum/projects/424","url_006652","source_url","91_rejected_low_value","91_rejected_low_value\url_006652--eevblog.com-forum-projects-424.md","copied","copied_to_category"
"C:\KICAD_SCRAPE\markdown_10k_clean\eevblog.com-forum-projects-425.md","eevblog.com-forum-projects-425.md","markdown_10k_clean","https://www.eevblog.com/forum/projects/425","https://www.eevblog.com/forum/projects/425","url_006653","source_url","91_rejected_low_value","91_rejected_low_value\url_006653--eevblog.com-forum-projects-425.md","copied","copied_to_category"
"C:\KICAD_SCRAPE\markdown_10k_clean\eevblog.com-forum-projects-426.md","eevblog.com-forum-projects-426.md","markdown_10k_clean","https://www.eevblog.com/forum/projects/426","https://www.eevblog.com/forum/projects/426","url_006654","source_url","91_rejected_low_value","91_rejected_low_value\url_006654--eevblog.com-forum-projects-426.md","copied","copied_to_category"
"C:\KICAD_SCRAPE\markdown_10k_clean\eevblog.com-forum-projects-427.md","eevblog.com-forum-projects-427.md","markdown_10k_clean","https://www.eevblog.com/forum/projects/427","https://www.eevblog.com/forum/projects/427","url_006655","source_url","91_rejected_low_value","91_rejected_low_value\url_006655--eevblog.com-forum-projects-427.md","copied","copied_to_category"
"C:\KICAD_SCRAPE\markdown_10k_clean\eevblog.com-forum-projects-428.md","eevblog.com-forum-projects-428.md","markdown_10k_clean","https://www.eevblog.com/forum/projects/428","https://www.eevblog.com/forum/projects/428","url_006656","source_url","91_rejected_low_value","91_rejected_low_value\url_006656--eevblog.com-forum-projects-428.md","copied","copied_to_category"
"C:\KICAD_SCRAPE\markdown_10k_clean\eevblog.com-forum-projects-429.md","eevblog.com-forum-projects-429.md","markdown_10k_clean","https://www.eevblog.com/forum/projects/429","https://www.eevblog.com/forum/projects/429","url_006657","source_url","91_rejected_low_value","91_rejected_low_value\url_006657--eevblog.com-forum-projects-429.md","copied","copied_to_category"
"C:\KICAD_SCRAPE\markdown_10k_clean\eevblog.com-forum-projects-430.md","eevblog.com-forum-projects-430.md","markdown_10k_clean","https://www.eevblog.com/forum/projects/430","https://www.eevblog.com/forum/projects/430","url_006658","source_url","91_rejected_low_value","91_rejected_low_value\url_006658--eevblog.com-forum-projects-430.md","copied","copied_to_category"
"C:\KICAD_SCRAPE\markdown_10k_clean\eevblog.com-forum-projects-431.md","eevblog.com-forum-projects-431.md","markdown_10k_clean","https://www.eevblog.com/forum/projects/431","https://www.eevblog.com/forum/projects/431","url_006659","source_url","91_rejected_low_value","91_rejected_low_value\url_006659--eevblog.com-forum-projects-431.md","copied","copied_to_category"
"C:\KICAD_SCRAPE\markdown_10k_clean\eevblog.com-forum-projects-432.md","eevblog.com-forum-projects-432.md","markdown_10k_clean","https://www.eevblog.com/forum/projects/432","https://www.eevblog.com/forum/projects/432","url_006660","source_url","91_rejected_low_value","91_rejected_low_value\url_006660--eevblog.com-forum-projects-432.md","copied","copied_to_category"
"C:\KICAD_SCRAPE\markdown_10k_clean\eevblog.com-forum-projects-433.md","eevblog.com-forum-projects-433.md","markdown_10k_clean","https://www.eevblog.com/forum/projects/433","https://www.eevblog.com/forum/projects/433","url_006661","source_url","91_rejected_low_value","91_rejected_low_value\url_006661--eevblog.com-forum-projects-433.md","copied","copied_to_category"
"C:\KICAD_SCRAPE\markdown_10k_clean\eevblog.com-forum-projects-434.md","eevblog.com-forum-projects-434.md","markdown_10k_clean","https://www.eevblog.com/forum/projects/434","https://www.eevblog.com/forum/projects/434","url_006662","source_url","91_rejected_low_value","91_rejected_low_value\url_006662--eevblog.com-forum-projects-434.md","copied","copied_to_category"
"C:\KICAD_SCRAPE\markdown_10k_clean\eevblog.com-forum-projects-435.md","eevblog.com-forum-projects-435.md","markdown_10k_clean","https://www.eevblog.com/forum/projects/435","https://www.eevblog.com/forum/projects/435","url_006663","source_url","91_rejected_low_value","91_rejected_low_value\url_006663--eevblog.com-forum-projects-435.md","copied","copied_to_category"
"C:\KICAD_SCRAPE\markdown_10k_clean\eevblog.com-forum-projects-436.md","eevblog.com-forum-projects-436.md","markdown_10k_clean","https://www.eevblog.com/forum/projects/436","https://www.eevblog.com/forum/projects/436","url_006664","source_url","91_rejected_low_value","91_rejected_low_value\url_006664--eevblog.com-forum-projects-436.md","copied","copied_to_category"
"C:\KICAD_SCRAPE\markdown_10k_clean\eevblog.com-forum-projects-437.md","eevblog.com-forum-projects-437.md","markdown_10k_clean","https://www.eevblog.com/forum/projects/437","https://www.eevblog.com/forum/projects/437","url_006665","source_url","91_rejected_low_value","91_rejected_low_value\url_006665--eevblog.com-forum-projects-437.md","copied","copied_to_category"
"C:\KICAD_SCRAPE\markdown_10k_clean\eevblog.com-forum-projects-438.md","eevblog.com-forum-projects-438.md","markdown_10k_clean","https://www.eevblog.com/forum/projects/438","https://www.eevblog.com/forum/projects/438","url_006666","source_url","91_rejected_low_value","91_rejected_low_value\url_006666--eevblog.com-forum-projects-438.md","copied","copied_to_category"
"C:\KICAD_SCRAPE\markdown_10k_clean\eevblog.com-forum-projects-439.md","eevblog.com-forum-projects-439.md","markdown_10k_clean","https://www.eevblog.com/forum/projects/439","https://www.eevblog.com/forum/projects/439","url_006667","source_url","91_rejected_low_value","91_rejected_low_value\url_006667--eevblog.com-forum-projects-439.md","copied","copied_to_category"
"C:\KICAD_SCRAPE\markdown_10k_clean\eevblog.com-forum-projects-440.md","eevblog.com-forum-projects-440.md","markdown_10k_clean","https://www.eevblog.com/forum/projects/440","https://www.eevblog.com/forum/projects/440","url_006668","source_url","91_rejected_low_value","91_rejected_low_value\url_006668--eevblog.com-forum-projects-440.md","copied","copied_to_category"
"C:\KICAD_SCRAPE\markdown_10k_clean\eevblog.com-forum-projects-441.md","eevblog.com-forum-projects-441.md","markdown_10k_clean","https://www.eevblog.com/forum/projects/441","https://www.eevblog.com/forum/projects/441","url_006669","source_url","91_rejected_low_value","91_rejected_low_value\url_006669--eevblog.com-forum-projects-441.md","copied","copied_to_category"
"C:\KICAD_SCRAPE\markdown_10k_clean\eevblog.com-forum-projects-442.md","eevblog.com-forum-projects-442.md","markdown_10k_clean","https://www.eevblog.com/forum/projects/442","https://www.eevblog.com/forum/projects/442","url_006670","source_url","91_rejected_low_value","91_rejected_low_value\url_006670--eevblog.com-forum-projects-442.md","copied","copied_to_category"
"C:\KICAD_SCRAPE\markdown_10k_clean\eevblog.com-forum-projects-443.md","eevblog.com-forum-projects-443.md","markdown_10k_clean","https://www.eevblog.com/forum/projects/443","https://www.eevblog.com/forum/projects/443","url_006671","source_url","91_rejected_low_value","91_rejected_low_value\url_006671--eevblog.com-forum-projects-443.md","copied","copied_to_category"
"C:\KICAD_SCRAPE\markdown_10k_clean\eevblog.com-forum-projects-444.md","eevblog.com-forum-projects-444.md","markdown_10k_clean","https://www.eevblog.com/forum/projects/444","https://www.eevblog.com/forum/projects/444","url_006672","source_url","91_rejected_low_value","91_rejected_low_value\url_006672--eevblog.com-forum-projects-444.md","copied","copied_to_category"
"C:\KICAD_SCRAPE\markdown_10k_clean\eevblog.com-forum-projects-445.md","eevblog.com-forum-projects-445.md","markdown_10k_clean","https://www.eevblog.com/forum/projects/445","https://www.eevblog.com/forum/projects/445","url_006673","source_url","91_rejected_low_value","91_rejected_low_value\url_006673--eevblog.com-forum-projects-445.md","copied","copied_to_category"
"C:\KICAD_SCRAPE\markdown_10k_clean\eevblog.com-forum-projects-446.md","eevblog.com-forum-projects-446.md","markdown_10k_clean","https://www.eevblog.com/forum/projects/446","https://www.eevblog.com/forum/projects/446","url_006674","source_url","91_rejected_low_value","91_rejected_low_value\url_006674--eevblog.com-forum-projects-446.md","copied","copied_to_category"
"C:\KICAD_SCRAPE\markdown_10k_clean\eevblog.com-forum-projects-447.md","eevblog.com-forum-projects-447.md","markdown_10k_clean","https://www.eevblog.com/forum/projects/447","https://www.eevblog.com/forum/projects/447","url_006675","source_url","91_rejected_low_value","91_rejected_low_value\url_006675--eevblog.com-forum-projects-447.md","copied","copied_to_category"
"C:\KICAD_SCRAPE\markdown_10k_clean\eevblog.com-forum-projects-448.md","eevblog.com-forum-projects-448.md","markdown_10k_clean","https://www.eevblog.com/forum/projects/448","https://www.eevblog.com/forum/projects/448","url_006676","source_url","91_rejected_low_value","91_rejected_low_value\url_006676--eevblog.com-forum-projects-448.md","copied","copied_to_category"
"C:\KICAD_SCRAPE\markdown_10k_clean\eevblog.com-forum-projects-449.md","eevblog.com-forum-projects-449.md","markdown_10k_clean","https://www.eevblog.com/forum/projects/449","https://www.eevblog.com/forum/projects/449","url_006677","source_url","91_rejected_low_value","91_rejected_low_value\url_006677--eevblog.com-forum-projects-449.md","copied","copied_to_category"
"C:\KICAD_SCRAPE\markdown_10k_clean\eevblog.com-forum-projects-450.md","eevblog.com-forum-projects-450.md","markdown_10k_clean","https://www.eevblog.com/forum/projects/450","https://www.eevblog.com/forum/projects/450","url_006678","source_url","91_rejected_low_value","91_rejected_low_value\url_006678--eevblog.com-forum-projects-450.md","copied","copied_to_category"
"C:\KICAD_SCRAPE\markdown_10k_clean\eevblog.com-forum-projects-451.md","eevblog.com-forum-projects-451.md","markdown_10k_clean","https://www.eevblog.com/forum/projects/451","https://www.eevblog.com/forum/projects/451","url_006679","source_url","91_rejected_low_value","91_rejected_low_value\url_006679--eevblog.com-forum-projects-451.md","copied","copied_to_category"
"C:\KICAD_SCRAPE\markdown_10k_clean\eevblog.com-forum-projects-452.md","eevblog.com-forum-projects-452.md","markdown_10k_clean","https://www.eevblog.com/forum/projects/452","https://www.eevblog.com/forum/projects/452","url_006680","source_url","91_rejected_low_value","91_rejected_low_value\url_006680--eevblog.com-forum-projects-452.md","copied","copied_to_category"
"C:\KICAD_SCRAPE\markdown_10k_clean\eevblog.com-forum-projects-453.md","eevblog.com-forum-projects-453.md","markdown_10k_clean","https://www.eevblog.com/forum/projects/453","https://www.eevblog.com/forum/projects/453","url_006681","source_url","91_rejected_low_value","91_rejected_low_value\url_006681--eevblog.com-forum-projects-453.md","copied","copied_to_category"
"C:\KICAD_SCRAPE\markdown_10k_clean\eevblog.com-forum-projects-454.md","eevblog.com-forum-projects-454.md","markdown_10k_clean","https://www.eevblog.com/forum/projects/454","https://www.eevblog.com/forum/projects/454","url_006682","source_url","91_rejected_low_value","91_rejected_low_value\url_006682--eevblog.com-forum-projects-454.md","copied","copied_to_category"
"C:\KICAD_SCRAPE\markdown_10k_clean\eevblog.com-forum-projects-455.md","eevblog.com-forum-projects-455.md","markdown_10k_clean","https://www.eevblog.com/forum/projects/455","https://www.eevblog.com/forum/projects/455","url_006683","source_url","91_rejected_low_value","91_rejected_low_value\url_006683--eevblog.com-forum-projects-455.md","copied","copied_to_category"
"C:\KICAD_SCRAPE\markdown_10k_clean\eevblog.com-forum-projects-456.md","eevblog.com-forum-projects-456.md","markdown_10k_clean","https://www.eevblog.com/forum/projects/456","https://www.eevblog.com/forum/projects/456","url_006684","source_url","91_rejected_low_value","91_rejected_low_value\url_006684--eevblog.com-forum-projects-456.md","copied","copied_to_category"
"C:\KICAD_SCRAPE\markdown_10k_clean\eevblog.com-forum-projects-457.md","eevblog.com-forum-projects-457.md","markdown_10k_clean","https://www.eevblog.com/forum/projects/457","https://www.eevblog.com/forum/projects/457","url_006685","source_url","91_rejected_low_value","91_rejected_low_value\url_006685--eevblog.com-forum-projects-457.md","copied","copied_to_category"
"C:\KICAD_SCRAPE\markdown_10k_clean\eevblog.com-forum-projects-458.md","eevblog.com-forum-projects-458.md","markdown_10k_clean","https://www.eevblog.com/forum/projects/458","https://www.eevblog.com/forum/projects/458","url_006686","source_url","91_rejected_low_value","91_rejected_low_value\url_006686--eevblog.com-forum-projects-458.md","copied","copied_to_category"
"C:\KICAD_SCRAPE\markdown_10k_clean\eevblog.com-forum-projects-459.md","eevblog.com-forum-projects-459.md","markdown_10k_clean","https://www.eevblog.com/forum/projects/459","https://www.eevblog.com/forum/projects/459","url_006687","source_url","91_rejected_low_value","91_rejected_low_value\url_006687--eevblog.com-forum-projects-459.md","copied","copied_to_category"
"C:\KICAD_SCRAPE\markdown_10k_clean\eevblog.com-forum-projects-460.md","eevblog.com-forum-projects-460.md","markdown_10k_clean","https://www.eevblog.com/forum/projects/460","https://www.eevblog.com/forum/projects/460","url_006688","source_url","91_rejected_low_value","91_rejected_low_value\url_006688--eevblog.com-forum-projects-460.md","copied","copied_to_category"
"C:\KICAD_SCRAPE\markdown_10k_clean\eevblog.com-forum-projects-461.md","eevblog.com-forum-projects-461.md","markdown_10k_clean","https://www.eevblog.com/forum/projects/461","https://www.eevblog.com/forum/projects/461","url_006689","source_url","91_rejected_low_value","91_rejected_low_value\url_006689--eevblog.com-forum-projects-461.md","copied","copied_to_category"
"C:\KICAD_SCRAPE\markdown_10k_clean\eevblog.com-forum-projects-462.md","eevblog.com-forum-projects-462.md","markdown_10k_clean","https://www.eevblog.com/forum/projects/462","https://www.eevblog.com/forum/projects/462","url_006690","source_url","91_rejected_low_value","91_rejected_low_value\url_006690--eevblog.com-forum-projects-462.md","copied","copied_to_category"
"C:\KICAD_SCRAPE\markdown_10k_clean\eevblog.com-forum-projects-463.md","eevblog.com-forum-projects-463.md","markdown_10k_clean","https://www.eevblog.com/forum/projects/463","https://www.eevblog.com/forum/projects/463","url_006691","source_url","91_rejected_low_value","91_rejected_low_value\url_006691--eevblog.com-forum-projects-463.md","copied","copied_to_category"
"C:\KICAD_SCRAPE\markdown_10k_clean\eevblog.com-forum-projects-464.md","eevblog.com-forum-projects-464.md","markdown_10k_clean","https://www.eevblog.com/forum/projects/464","https://www.eevblog.com/forum/projects/464","url_006692","source_url","91_rejected_low_value","91_rejected_low_value\url_006692--eevblog.com-forum-projects-464.md","copied","copied_to_category"
"C:\KICAD_SCRAPE\markdown_10k_clean\eevblog.com-forum-projects-465.md","eevblog.com-forum-projects-465.md","markdown_10k_clean","https://www.eevblog.com/forum/projects/465","https://www.eevblog.com/forum/projects/465","url_006693","source_url","91_rejected_low_value","91_rejected_low_value\url_006693--eevblog.com-forum-projects-465.md","copied","copied_to_category"
"C:\KICAD_SCRAPE\markdown_10k_clean\eevblog.com-forum-projects-466.md","eevblog.com-forum-projects-466.md","markdown_10k_clean","https://www.eevblog.com/forum/projects/466","https://www.eevblog.com/forum/projects/466","url_006694","source_url","91_rejected_low_value","91_rejected_low_value\url_006694--eevblog.com-forum-projects-466.md","copied","copied_to_category"
"C:\KICAD_SCRAPE\markdown_10k_clean\eevblog.com-forum-projects-467.md","eevblog.com-forum-projects-467.md","markdown_10k_clean","https://www.eevblog.com/forum/projects/467","https://www.eevblog.com/forum/projects/467","url_006695","source_url","91_rejected_low_value","91_rejected_low_value\url_006695--eevblog.com-forum-projects-467.md","copied","copied_to_category"
"C:\KICAD_SCRAPE\markdown_10k_clean\eevblog.com-forum-projects-468.md","eevblog.com-forum-projects-468.md","markdown_10k_clean","https://www.eevblog.com/forum/projects/468","https://www.eevblog.com/forum/projects/468","url_006696","source_url","91_rejected_low_value","91_rejected_low_value\url_006696--eevblog.com-forum-projects-468.md","copied","copied_to_category"
"C:\KICAD_SCRAPE\markdown_10k_clean\eevblog.com-forum-projects-469.md","eevblog.com-forum-projects-469.md","markdown_10k_clean","https://www.eevblog.com/forum/projects/469","https://www.eevblog.com/forum/projects/469","url_006697","source_url","91_rejected_low_value","91_rejected_low_value\url_006697--eevblog.com-forum-projects-469.md","copied","copied_to_category"
"C:\KICAD_SCRAPE\markdown_10k_clean\eevblog.com-forum-projects-470.md","eevblog.com-forum-projects-470.md","markdown_10k_clean","https://www.eevblog.com/forum/projects/470","https://www.eevblog.com/forum/projects/470","url_006698","source_url","91_rejected_low_value","91_rejected_low_value\url_006698--eevblog.com-forum-projects-470.md","copied","copied_to_category"
"C:\KICAD_SCRAPE\markdown_10k_clean\eevblog.com-forum-projects-471.md","eevblog.com-forum-projects-471.md","markdown_10k_clean","https://www.eevblog.com/forum/projects/471","https://www.eevblog.com/forum/projects/471","url_006699","source_url","91_rejected_low_value","91_rejected_low_value\url_006699--eevblog.com-forum-projects-471.md","copied","copied_to_category"
"C:\KICAD_SCRAPE\markdown_10k_clean\eevblog.com-forum-projects-472.md","eevblog.com-forum-projects-472.md","markdown_10k_clean","https://www.eevblog.com/forum/projects/472","https://www.eevblog.com/forum/projects/472","url_006700","source_url","91_rejected_low_value","91_rejected_low_value\url_006700--eevblog.com-forum-projects-472.md","copied","copied_to_category"
"C:\KICAD_SCRAPE\markdown_10k_clean\eevblog.com-forum-projects-473.md","eevblog.com-forum-projects-473.md","markdown_10k_clean","https://www.eevblog.com/forum/projects/473","https://www.eevblog.com/forum/projects/473","url_006701","source_url","91_rejected_low_value","91_rejected_low_value\url_006701--eevblog.com-forum-projects-473.md","copied","copied_to_category"
"C:\KICAD_SCRAPE\markdown_10k_clean\eevblog.com-forum-projects-474.md","eevblog.com-forum-projects-474.md","markdown_10k_clean","https://www.eevblog.com/forum/projects/474","https://www.eevblog.com/forum/projects/474","url_006702","source_url","91_rejected_low_value","91_rejected_low_value\url_006702--eevblog.com-forum-projects-474.md","copied","copied_to_category"
"C:\KICAD_SCRAPE\markdown_10k_clean\eevblog.com-forum-projects-475.md","eevblog.com-forum-projects-475.md","markdown_10k_clean","https://www.eevblog.com/forum/projects/475","https://www.eevblog.com/forum/projects/475","url_006703","source_url","91_rejected_low_value","91_rejected_low_value\url_006703--eevblog.com-forum-projects-475.md","copied","copied_to_category"
"C:\KICAD_SCRAPE\markdown_10k_clean\eevblog.com-forum-projects-476.md","eevblog.com-forum-projects-476.md","markdown_10k_clean","https://www.eevblog.com/forum/projects/476","https://www.eevblog.com/forum/projects/476","url_006704","source_url","91_rejected_low_value","91_rejected_low_value\url_006704--eevblog.com-forum-projects-476.md","copied","copied_to_category"
"C:\KICAD_SCRAPE\markdown_10k_clean\eevblog.com-forum-projects-477.md","eevblog.com-forum-projects-477.md","markdown_10k_clean","https://www.eevblog.com/forum/projects/477","https://www.eevblog.com/forum/projects/477","url_006705","source_url","91_rejected_low_value","91_rejected_low_value\url_006705--eevblog.com-forum-projects-477.md","copied","copied_to_category"
"C:\KICAD_SCRAPE\markdown_10k_clean\eevblog.com-forum-projects-478.md","eevblog.com-forum-projects-478.md","markdown_10k_clean","https://www.eevblog.com/forum/projects/478","https://www.eevblog.com/forum/projects/478","url_006706","source_url","91_rejected_low_value","91_rejected_low_value\url_006706--eevblog.com-forum-projects-478.md","copied","copied_to_category"
"C:\KICAD_SCRAPE\markdown_10k_clean\eevblog.com-forum-projects-479.md","eevblog.com-forum-projects-479.md","markdown_10k_clean","https://www.eevblog.com/forum/projects/479","https://www.eevblog.com/forum/projects/479","url_006707","source_url","91_rejected_low_value","91_rejected_low_value\url_006707--eevblog.com-forum-projects-479.md","copied","copied_to_category"
"C:\KICAD_SCRAPE\markdown_10k_clean\eevblog.com-forum-projects-480.md","eevblog.com-forum-projects-480.md","markdown_10k_clean","https://www.eevblog.com/forum/projects/480","https://www.eevblog.com/forum/projects/480","url_006708","source_url","91_rejected_low_value","91_rejected_low_value\url_006708--eevblog.com-forum-projects-480.md","copied","copied_to_category"
"C:\KICAD_SCRAPE\markdown_10k_clean\eevblog.com-forum-projects-481.md","eevblog.com-forum-projects-481.md","markdown_10k_clean","https://www.eevblog.com/forum/projects/481","https://www.eevblog.com/forum/projects/481","url_006709","source_url","91_rejected_low_value","91_rejected_low_value\url_006709--eevblog.com-forum-projects-481.md","copied","copied_to_category"
"C:\KICAD_SCRAPE\markdown_10k_clean\eevblog.com-forum-projects-482.md","eevblog.com-forum-projects-482.md","markdown_10k_clean","https://www.eevblog.com/forum/projects/482","https://www.eevblog.com/forum/projects/482","url_006710","source_url","91_rejected_low_value","91_rejected_low_value\url_006710--eevblog.com-forum-projects-482.md","copied","copied_to_category"
"C:\KICAD_SCRAPE\markdown_10k_clean\eevblog.com-forum-projects-483.md","eevblog.com-forum-projects-483.md","markdown_10k_clean","https://www.eevblog.com/forum/projects/483","https://www.eevblog.com/forum/projects/483","url_006711","source_url","91_rejected_low_value","91_rejected_low_value\url_006711--eevblog.com-forum-projects-483.md","copied","copied_to_category"
"C:\KICAD_SCRAPE\markdown_10k_clean\eevblog.com-forum-projects-484.md","eevblog.com-forum-projects-484.md","markdown_10k_clean","https://www.eevblog.com/forum/projects/484","https://www.eevblog.com/forum/projects/484","url_006712","source_url","91_rejected_low_value","91_rejected_low_value\url_006712--eevblog.com-forum-projects-484.md","copied","copied_to_category"
"C:\KICAD_SCRAPE\markdown_10k_clean\eevblog.com-forum-projects-485.md","eevblog.com-forum-projects-485.md","markdown_10k_clean","https://www.eevblog.com/forum/projects/485","https://www.eevblog.com/forum/projects/485","url_006713","source_url","91_rejected_low_value","91_rejected_low_value\url_006713--eevblog.com-forum-projects-485.md","copied","copied_to_category"
"C:\KICAD_SCRAPE\markdown_10k_clean\eevblog.com-forum-projects-486.md","eevblog.com-forum-projects-486.md","markdown_10k_clean","https://www.eevblog.com/forum/projects/486","https://www.eevblog.com/forum/projects/486","url_006714","source_url","91_rejected_low_value","91_rejected_low_value\url_006714--eevblog.com-forum-projects-486.md","copied","copied_to_category"
"C:\KICAD_SCRAPE\markdown_10k_clean\eevblog.com-forum-projects-487.md","eevblog.com-forum-projects-487.md","markdown_10k_clean","https://www.eevblog.com/forum/projects/487","https://www.eevblog.com/forum/projects/487","url_006715","source_url","91_rejected_low_value","91_rejected_low_value\url_006715--eevblog.com-forum-projects-487.md","copied","copied_to_category"
"C:\KICAD_SCRAPE\markdown_10k_clean\eevblog.com-forum-projects-488.md","eevblog.com-forum-projects-488.md","markdown_10k_clean","https://www.eevblog.com/forum/projects/488","https://www.eevblog.com/forum/projects/488","url_006716","source_url","91_rejected_low_value","91_rejected_low_value\url_006716--eevblog.com-forum-projects-488.md","copied","copied_to_category"
"C:\KICAD_SCRAPE\markdown_10k_clean\eevblog.com-forum-projects-489.md","eevblog.com-forum-projects-489.md","markdown_10k_clean","https://www.eevblog.com/forum/projects/489","https://www.eevblog.com/forum/projects/489","url_006717","source_url","91_rejected_low_value","91_rejected_low_value\url_006717--eevblog.com-forum-projects-489.md","copied","copied_to_category"
"C:\KICAD_SCRAPE\markdown_10k_clean\eevblog.com-forum-projects-490.md","eevblog.com-forum-projects-490.md","markdown_10k_clean","https://www.eevblog.com/forum/projects/490","https://www.eevblog.com/forum/projects/490","url_006718","source_url","91_rejected_low_value","91_rejected_low_value\url_006718--eevblog.com-forum-projects-490.md","copied","copied_to_category"
"C:\KICAD_SCRAPE\markdown_10k_clean\eevblog.com-forum-projects-491.md","eevblog.com-forum-projects-491.md","markdown_10k_clean","https://www.eevblog.com/forum/projects/491","https://www.eevblog.com/forum/projects/491","url_006719","source_url","91_rejected_low_value","91_rejected_low_value\url_006719--eevblog.com-forum-projects-491.md","copied","copied_to_category"
"C:\KICAD_SCRAPE\markdown_10k_clean\eevblog.com-forum-projects-492.md","eevblog.com-forum-projects-492.md","markdown_10k_clean","https://www.eevblog.com/forum/projects/492","https://www.eevblog.com/forum/projects/492","url_006720","source_url","91_rejected_low_value","91_rejected_low_value\url_006720--eevblog.com-forum-projects-492.md","copied","copied_to_category"
"C:\KICAD_SCRAPE\markdown_10k_clean\eevblog.com-forum-projects-493.md","eevblog.com-forum-projects-493.md","markdown_10k_clean","https://www.eevblog.com/forum/projects/493","https://www.eevblog.com/forum/projects/493","url_006721","source_url","91_rejected_low_value","91_rejected_low_value\url_006721--eevblog.com-forum-projects-493.md","copied","copied_to_category"
"C:\KICAD_SCRAPE\markdown_10k_clean\eevblog.com-forum-projects-494.md","eevblog.com-forum-projects-494.md","markdown_10k_clean","https://www.eevblog.com/forum/projects/494","https://www.eevblog.com/forum/projects/494","url_006722","source_url","91_rejected_low_value","91_rejected_low_value\url_006722--eevblog.com-forum-projects-494.md","copied","copied_to_category"
"C:\KICAD_SCRAPE\markdown_10k_clean\eevblog.com-forum-projects-495.md","eevblog.com-forum-projects-495.md","markdown_10k_clean","https://www.eevblog.com/forum/projects/495","https://www.eevblog.com/forum/projects/495","url_006723","source_url","91_rejected_low_value","91_rejected_low_value\url_006723--eevblog.com-forum-projects-495.md","copied","copied_to_category"
"C:\KICAD_SCRAPE\markdown_10k_clean\eevblog.com-forum-projects-496.md","eevblog.com-forum-projects-496.md","markdown_10k_clean","https://www.eevblog.com/forum/projects/496","https://www.eevblog.com/forum/projects/496","url_006724","source_url","91_rejected_low_value","91_rejected_low_value\url_006724--eevblog.com-forum-projects-496.md","copied","copied_to_category"
"C:\KICAD_SCRAPE\markdown_10k_clean\eevblog.com-forum-projects-497.md","eevblog.com-forum-projects-497.md","markdown_10k_clean","https://www.eevblog.com/forum/projects/497","https://www.eevblog.com/forum/projects/497","url_006725","source_url","91_rejected_low_value","91_rejected_low_value\url_006725--eevblog.com-forum-projects-497.md","copied","copied_to_category"
"C:\KICAD_SCRAPE\markdown_10k_clean\eevblog.com-forum-projects-498.md","eevblog.com-forum-projects-498.md","markdown_10k_clean","https://www.eevblog.com/forum/projects/498","https://www.eevblog.com/forum/projects/498","url_006726","source_url","91_rejected_low_value","91_rejected_low_value\url_006726--eevblog.com-forum-projects-498.md","copied","copied_to_category"
"C:\KICAD_SCRAPE\markdown_10k_clean\eevblog.com-forum-projects-499.md","eevblog.com-forum-projects-499.md","markdown_10k_clean","https://www.eevblog.com/forum/projects/499","https://www.eevblog.com/forum/projects/499","url_006727","source_url","91_rejected_low_value","91_rejected_low_value\url_006727--eevblog.com-forum-projects-499.md","copied","copied_to_category"
"C:\KICAD_SCRAPE\markdown_10k_clean\electronics.stackexchange.com-questions-8000.md","electronics.stackexchange.com-questions-8000.md","markdown_10k_clean","https://electronics.stackexchange.com/questions/8000","https://electronics.stackexchange.com/questions/8000","url_001070","source_url","91_rejected_low_value","91_rejected_low_value\url_001070--electronics.stackexchange.com-questions-8000.md","copied","copied_to_category"
"C:\KICAD_SCRAPE\markdown_10k_clean\electronics.stackexchange.com-questions-8001.md","electronics.stackexchange.com-questions-8001.md","markdown_10k_clean","https://electronics.stackexchange.com/questions/8001","https://electronics.stackexchange.com/questions/8001","url_001071","source_url","91_rejected_low_value","91_rejected_low_value\url_001071--electronics.stackexchange.com-questions-8001.md","copied","copied_to_category"
"C:\KICAD_SCRAPE\markdown_10k_clean\electronics.stackexchange.com-questions-8002.md","electronics.stackexchange.com-questions-8002.md","markdown_10k_clean","https://electronics.stackexchange.com/questions/8002","https://electronics.stackexchange.com/questions/8002","url_001072","source_url","91_rejected_low_value","91_rejected_low_value\url_001072--electronics.stackexchange.com-questions-8002.md","copied","copied_to_category"
"C:\KICAD_SCRAPE\markdown_10k_clean\electronics.stackexchange.com-questions-8003.md","electronics.stackexchange.com-questions-8003.md","markdown_10k_clean","https://electronics.stackexchange.com/questions/8003","https://electronics.stackexchange.com/questions/8003","url_001073","source_url","91_rejected_low_value","91_rejected_low_value\url_001073--electronics.stackexchange.com-questions-8003.md","copied","copied_to_category"
"C:\KICAD_SCRAPE\markdown_10k_clean\electronics.stackexchange.com-questions-8004.md","electronics.stackexchange.com-questions-8004.md","markdown_10k_clean","https://electronics.stackexchange.com/questions/8004","https://electronics.stackexchange.com/questions/8004","url_001074","source_url","91_rejected_low_value","91_rejected_low_value\url_001074--electronics.stackexchange.com-questions-8004.md","copied","copied_to_category"
"C:\KICAD_SCRAPE\markdown_10k_clean\electronics.stackexchange.com-questions-8005.md","electronics.stackexchange.com-questions-8005.md","markdown_10k_clean","https://electronics.stackexchange.com/questions/8005","https://electronics.stackexchange.com/questions/8005","url_001075","source_url","91_rejected_low_value","91_rejected_low_value\url_001075--electronics.stackexchange.com-questions-8005.md","copied","copied_to_category"
"C:\KICAD_SCRAPE\markdown_10k_clean\electronics.stackexchange.com-questions-8006.md","electronics.stackexchange.com-questions-8006.md","markdown_10k_clean","https://electronics.stackexchange.com/questions/8006","https://electronics.stackexchange.com/questions/8006","url_001076","source_url","91_rejected_low_value","91_rejected_low_value\url_001076--electronics.stackexchange.com-questions-8006.md","copied","copied_to_category"
"C:\KICAD_SCRAPE\markdown_10k_clean\electronics.stackexchange.com-questions-8007.md","electronics.stackexchange.com-questions-8007.md","markdown_10k_clean","https://electronics.stackexchange.com/questions/8007","https://electronics.stackexchange.com/questions/8007","url_001077","source_url","91_rejected_low_value","91_rejected_low_value\url_001077--electronics.stackexchange.com-questions-8007.md","copied","copied_to_category"
"C:\KICAD_SCRAPE\markdown_10k_clean\electronics.stackexchange.com-questions-8008.md","electronics.stackexchange.com-questions-8008.md","markdown_10k_clean","https://electronics.stackexchange.com/questions/8008","https://electronics.stackexchange.com/questions/8008","url_001078","source_url","91_rejected_low_value","91_rejected_low_value\url_001078--electronics.stackexchange.com-questions-8008.md","copied","copied_to_category"
"C:\KICAD_SCRAPE\markdown_10k_clean\electronics.stackexchange.com-questions-8009.md","electronics.stackexchange.com-questions-8009.md","markdown_10k_clean","https://electronics.stackexchange.com/questions/8009","https://electronics.stackexchange.com/questions/8009","url_001079","source_url","91_rejected_low_value","91_rejected_low_value\url_001079--electronics.stackexchange.com-questions-8009.md","copied","copied_to_category"
"C:\KICAD_SCRAPE\markdown_10k_clean\electronics.stackexchange.com-questions-8010.md","electronics.stackexchange.com-questions-8010.md","markdown_10k_clean","https://electronics.stackexchange.com/questions/8010","https://electronics.stackexchange.com/questions/8010","url_001080","source_url","91_rejected_low_value","91_rejected_low_value\url_001080--electronics.stackexchange.com-questions-8010.md","copied","copied_to_category"
"C:\KICAD_SCRAPE\markdown_10k_clean\electronics.stackexchange.com-questions-8011.md","electronics.stackexchange.com-questions-8011.md","markdown_10k_clean","https://electronics.stackexchange.com/questions/8011","https://electronics.stackexchange.com/questions/8011","url_001081","source_url","91_rejected_low_value","91_rejected_low_value\url_001081--electronics.stackexchange.com-questions-8011.md","copied","copied_to_category"
"C:\KICAD_SCRAPE\markdown_10k_clean\electronics.stackexchange.com-questions-8012.md","electronics.stackexchange.com-questions-8012.md","markdown_10k_clean","https://electronics.stackexchange.com/questions/8012","https://electronics.stackexchange.com/questions/8012","url_001082","source_url","91_rejected_low_value","91_rejected_low_value\url_001082--electronics.stackexchange.com-questions-8012.md","copied","copied_to_category"
"C:\KICAD_SCRAPE\markdown_10k_clean\electronics.stackexchange.com-questions-8013.md","electronics.stackexchange.com-questions-8013.md","markdown_10k_clean","https://electronics.stackexchange.com/questions/8013","https://electronics.stackexchange.com/questions/8013","url_001083","source_url","91_rejected_low_value","91_rejected_low_value\url_001083--electronics.stackexchange.com-questions-8013.md","copied","copied_to_category"
"C:\KICAD_SCRAPE\markdown_10k_clean\electronics.stackexchange.com-questions-8014.md","electronics.stackexchange.com-questions-8014.md","markdown_10k_clean","https://electronics.stackexchange.com/questions/8014","https://electronics.stackexchange.com/questions/8014","url_001084","source_url","91_rejected_low_value","91_rejected_low_value\url_001084--electronics.stackexchange.com-questions-8014.md","copied","copied_to_category"
"C:\KICAD_SCRAPE\markdown_10k_clean\electronics.stackexchange.com-questions-8015.md","electronics.stackexchange.com-questions-8015.md","markdown_10k_clean","https://electronics.stackexchange.com/questions/8015","https://electronics.stackexchange.com/questions/8015","url_001085","source_url","91_rejected_low_value","91_rejected_low_value\url_001085--electronics.stackexchange.com-questions-8015.md","copied","copied_to_category"
"C:\KICAD_SCRAPE\markdown_10k_clean\electronics.stackexchange.com-questions-8016.md","electronics.stackexchange.com-questions-8016.md","markdown_10k_clean","https://electronics.stackexchange.com/questions/8016","https://electronics.stackexchange.com/questions/8016","url_001086","source_url","91_rejected_low_value","91_rejected_low_value\url_001086--electronics.stackexchange.com-questions-8016.md","copied","copied_to_category"
"C:\KICAD_SCRAPE\markdown_10k_clean\electronics.stackexchange.com-questions-8017.md","electronics.stackexchange.com-questions-8017.md","markdown_10k_clean","https://electronics.stackexchange.com/questions/8017","https://electronics.stackexchange.com/questions/8017","url_001087","source_url","91_rejected_low_value","91_rejected_low_value\url_001087--electronics.stackexchange.com-questions-8017.md","copied","copied_to_category"
"C:\KICAD_SCRAPE\markdown_10k_clean\electronics.stackexchange.com-questions-8018.md","electronics.stackexchange.com-questions-8018.md","markdown_10k_clean","https://electronics.stackexchange.com/questions/8018","https://electronics.stackexchange.com/questions/8018","url_001088","source_url","91_rejected_low_value","91_rejected_low_value\url_001088--electronics.stackexchange.com-questions-8018.md","copied","copied_to_category"
"C:\KICAD_SCRAPE\markdown_10k_clean\electronics.stackexchange.com-questions-8019.md","electronics.stackexchange.com-questions-8019.md","markdown_10k_clean","https://electronics.stackexchange.com/questions/8019","https://electronics.stackexchange.com/questions/8019","url_001089","source_url","91_rejected_low_value","91_rejected_low_value\url_001089--electronics.stackexchange.com-questions-8019.md","copied","copied_to_category"
"C:\KICAD_SCRAPE\markdown_10k_clean\electronics.stackexchange.com-questions-8020.md","electronics.stackexchange.com-questions-8020.md","markdown_10k_clean","https://electronics.stackexchange.com/questions/8020","https://electronics.stackexchange.com/questions/8020","url_001090","source_url","91_rejected_low_value","91_rejected_low_value\url_001090--electronics.stackexchange.com-questions-8020.md","copied","copied_to_category"
"C:\KICAD_SCRAPE\markdown_10k_clean\electronics.stackexchange.com-questions-8021.md","electronics.stackexchange.com-questions-8021.md","markdown_10k_clean","https://electronics.stackexchange.com/questions/8021","https://electronics.stackexchange.com/questions/8021","url_001091","source_url","91_rejected_low_value","91_rejected_low_value\url_001091--electronics.stackexchange.com-questions-8021.md","copied","copied_to_category"
"C:\KICAD_SCRAPE\markdown_10k_clean\electronics.stackexchange.com-questions-8022.md","electronics.stackexchange.com-questions-8022.md","markdown_10k_clean","https://electronics.stackexchange.com/questions/8022","https://electronics.stackexchange.com/questions/8022","url_001092","source_url","91_rejected_low_value","91_rejected_low_value\url_001092--electronics.stackexchange.com-questions-8022.md","copied","copied_to_category"
"C:\KICAD_SCRAPE\markdown_10k_clean\electronics.stackexchange.com-questions-8023.md","electronics.stackexchange.com-questions-8023.md","markdown_10k_clean","https://electronics.stackexchange.com/questions/8023","https://electronics.stackexchange.com/questions/8023","url_001093","source_url","91_rejected_low_value","91_rejected_low_value\url_001093--electronics.stackexchange.com-questions-8023.md","copied","copied_to_category"
"C:\KICAD_SCRAPE\markdown_10k_clean\electronics.stackexchange.com-questions-8024.md","electronics.stackexchange.com-questions-8024.md","markdown_10k_clean","https://electronics.stackexchange.com/questions/8024","https://electronics.stackexchange.com/questions/8024","url_001094","source_url","91_rejected_low_value","91_rejected_low_value\url_001094--electronics.stackexchange.com-questions-8024.md","copied","copied_to_category"
"C:\KICAD_SCRAPE\markdown_10k_clean\electronics.stackexchange.com-questions-8025.md","electronics.stackexchange.com-questions-8025.md","markdown_10k_clean","https://electronics.stackexchange.com/questions/8025","https://electronics.stackexchange.com/questions/8025","url_001095","source_url","91_rejected_low_value","91_rejected_low_value\url_001095--electronics.stackexchange.com-questions-8025.md","copied","copied_to_category"
"C:\KICAD_SCRAPE\markdown_10k_clean\electronics.stackexchange.com-questions-8026.md","electronics.stackexchange.com-questions-8026.md","markdown_10k_clean","https://electronics.stackexchange.com/questions/8026","https://electronics.stackexchange.com/questions/8026","url_001096","source_url","91_rejected_low_value","91_rejected_low_value\url_001096--electronics.stackexchange.com-questions-8026.md","copied","copied_to_category"
"C:\KICAD_SCRAPE\markdown_10k_clean\electronics.stackexchange.com-questions-8027.md","electronics.stackexchange.com-questions-8027.md","markdown_10k_clean","https://electronics.stackexchange.com/questions/8027","https://electronics.stackexchange.com/questions/8027","url_001097","source_url","91_rejected_low_value","91_rejected_low_value\url_001097--electronics.stackexchange.com-questions-8027.md","copied","copied_to_category"
"C:\KICAD_SCRAPE\markdown_10k_clean\electronics.stackexchange.com-questions-8028.md","electronics.stackexchange.com-questions-8028.md","markdown_10k_clean","https://electronics.stackexchange.com/questions/8028","https://electronics.stackexchange.com/questions/8028","url_001098","source_url","91_rejected_low_value","91_rejected_low_value\url_001098--electronics.stackexchange.com-questions-8028.md","copied","copied_to_category"
"C:\KICAD_SCRAPE\markdown_10k_clean\electronics.stackexchange.com-questions-8030.md","electronics.stackexchange.com-questions-8030.md","markdown_10k_clean","https://electronics.stackexchange.com/questions/8030","https://electronics.stackexchange.com/questions/8030","url_001100","source_url","91_rejected_low_value","91_rejected_low_value\url_001100--electronics.stackexchange.com-questions-8030.md","copied","copied_to_category"
"C:\KICAD_SCRAPE\markdown_10k_clean\electronics.stackexchange.com-questions-8031.md","electronics.stackexchange.com-questions-8031.md","markdown_10k_clean","https://electronics.stackexchange.com/questions/8031","https://electronics.stackexchange.com/questions/8031","url_001101","source_url","91_rejected_low_value","91_rejected_low_value\url_001101--electronics.stackexchange.com-questions-8031.md","copied","copied_to_category"
"C:\KICAD_SCRAPE\markdown_10k_clean\electronics.stackexchange.com-questions-8032.md","electronics.stackexchange.com-questions-8032.md","markdown_10k_clean","https://electronics.stackexchange.com/questions/8032","https://electronics.stackexchange.com/questions/8032","url_001102","source_url","91_rejected_low_value","91_rejected_low_value\url_001102--electronics.stackexchange.com-questions-8032.md","copied","copied_to_category"
"C:\KICAD_SCRAPE\markdown_10k_clean\electronics.stackexchange.com-questions-8033.md","electronics.stackexchange.com-questions-8033.md","markdown_10k_clean","https://electronics.stackexchange.com/questions/8033","https://electronics.stackexchange.com/questions/8033","url_001103","source_url","91_rejected_low_value","91_rejected_low_value\url_001103--electronics.stackexchange.com-questions-8033.md","copied","copied_to_category"
"C:\KICAD_SCRAPE\markdown_10k_clean\electronics.stackexchange.com-questions-8035.md","electronics.stackexchange.com-questions-8035.md","markdown_10k_clean","https://electronics.stackexchange.com/questions/8035","https://electronics.stackexchange.com/questions/8035","url_001105","source_url","91_rejected_low_value","91_rejected_low_value\url_001105--electronics.stackexchange.com-questions-8035.md","copied","copied_to_category"
"C:\KICAD_SCRAPE\markdown_10k_clean\electronics.stackexchange.com-questions-8036.md","electronics.stackexchange.com-questions-8036.md","markdown_10k_clean","https://electronics.stackexchange.com/questions/8036","https://electronics.stackexchange.com/questions/8036","url_001106","source_url","91_rejected_low_value","91_rejected_low_value\url_001106--electronics.stackexchange.com-questions-8036.md","copied","copied_to_category"
"C:\KICAD_SCRAPE\markdown_10k_clean\gitlab.com-kicad-libraries-kicad-footprints-tree-master-Battery-Battery_SMD_1.md","gitlab.com-kicad-libraries-kicad-footprints-tree-master-Battery-Battery_SMD_1.md","markdown_10k_clean","https://gitlab.com/kicad/libraries/kicad-footprints/-/tree/master/Battery/Battery_SMD_1","https://gitlab.com/kicad/libraries/kicad-footprints/-/tree/master/Battery/Battery_SMD_1","url_002934","source_url","91_rejected_low_value","91_rejected_low_value\url_002934--gitlab.com-kicad-libraries-kicad-footprints-tree-master-Battery-Battery_SMD_1.md","copied","copied_to_category"
"C:\KICAD_SCRAPE\markdown_10k_clean\gitlab.com-kicad-libraries-kicad-footprints-tree-master-Battery-Battery_SMD_10.md","gitlab.com-kicad-libraries-kicad-footprints-tree-master-Battery-Battery_SMD_10.md","markdown_10k_clean","https://gitlab.com/kicad/libraries/kicad-footprints/-/tree/master/Battery/Battery_SMD_10","https://gitlab.com/kicad/libraries/kicad-footprints/-/tree/master/Battery/Battery_SMD_10","url_002935","source_url","91_rejected_low_value","91_rejected_low_value\url_002935--gitlab.com-kicad-libraries-kicad-footprints-tree-master-Battery-Battery_SMD_10.md","copied","copied_to_category"
"C:\KICAD_SCRAPE\markdown_10k_clean\gitlab.com-kicad-libraries-kicad-footprints-tree-master-Battery-Battery_SMD_11.md","gitlab.com-kicad-libraries-kicad-footprints-tree-master-Battery-Battery_SMD_11.md","markdown_10k_clean","https://gitlab.com/kicad/libraries/kicad-footprints/-/tree/master/Battery/Battery_SMD_11","https://gitlab.com/kicad/libraries/kicad-footprints/-/tree/master/Battery/Battery_SMD_11","url_002936","source_url","91_rejected_low_value","91_rejected_low_value\url_002936--gitlab.com-kicad-libraries-kicad-footprints-tree-master-Battery-Battery_SMD_11.md","copied","copied_to_category"
"C:\KICAD_SCRAPE\markdown_10k_clean\gitlab.com-kicad-libraries-kicad-footprints-tree-master-Battery-Battery_SMD_12.md","gitlab.com-kicad-libraries-kicad-footprints-tree-master-Battery-Battery_SMD_12.md","markdown_10k_clean","https://gitlab.com/kicad/libraries/kicad-footprints/-/tree/master/Battery/Battery_SMD_12","https://gitlab.com/kicad/libraries/kicad-footprints/-/tree/master/Battery/Battery_SMD_12","url_002937","source_url","91_rejected_low_value","91_rejected_low_value\url_002937--gitlab.com-kicad-libraries-kicad-footprints-tree-master-Battery-Battery_SMD_12.md","copied","copied_to_category"
"C:\KICAD_SCRAPE\markdown_10k_clean\gitlab.com-kicad-libraries-kicad-footprints-tree-master-Battery-Battery_SMD_2.md","gitlab.com-kicad-libraries-kicad-footprints-tree-master-Battery-Battery_SMD_2.md","markdown_10k_clean","https://gitlab.com/kicad/libraries/kicad-footprints/-/tree/master/Battery/Battery_SMD_2","https://gitlab.com/kicad/libraries/kicad-footprints/-/tree/master/Battery/Battery_SMD_2","url_002938","source_url","91_rejected_low_value","91_rejected_low_value\url_002938--gitlab.com-kicad-libraries-kicad-footprints-tree-master-Battery-Battery_SMD_2.md","copied","copied_to_category"
"C:\KICAD_SCRAPE\markdown_10k_clean\gitlab.com-kicad-libraries-kicad-footprints-tree-master-Battery-Battery_SMD_3.md","gitlab.com-kicad-libraries-kicad-footprints-tree-master-Battery-Battery_SMD_3.md","markdown_10k_clean","https://gitlab.com/kicad/libraries/kicad-footprints/-/tree/master/Battery/Battery_SMD_3","https://gitlab.com/kicad/libraries/kicad-footprints/-/tree/master/Battery/Battery_SMD_3","url_002939","source_url","91_rejected_low_value","91_rejected_low_value\url_002939--gitlab.com-kicad-libraries-kicad-footprints-tree-master-Battery-Battery_SMD_3.md","copied","copied_to_category"
"C:\KICAD_SCRAPE\markdown_10k_clean\gitlab.com-kicad-libraries-kicad-footprints-tree-master-Battery-Battery_SMD_4.md","gitlab.com-kicad-libraries-kicad-footprints-tree-master-Battery-Battery_SMD_4.md","markdown_10k_clean","https://gitlab.com/kicad/libraries/kicad-footprints/-/tree/master/Battery/Battery_SMD_4","https://gitlab.com/kicad/libraries/kicad-footprints/-/tree/master/Battery/Battery_SMD_4","url_002940","source_url","91_rejected_low_value","91_rejected_low_value\url_002940--gitlab.com-kicad-libraries-kicad-footprints-tree-master-Battery-Battery_SMD_4.md","copied","copied_to_category"
"C:\KICAD_SCRAPE\markdown_10k_clean\gitlab.com-kicad-libraries-kicad-footprints-tree-master-Battery-Battery_SMD_5.md","gitlab.com-kicad-libraries-kicad-footprints-tree-master-Battery-Battery_SMD_5.md","markdown_10k_clean","https://gitlab.com/kicad/libraries/kicad-footprints/-/tree/master/Battery/Battery_SMD_5","https://gitlab.com/kicad/libraries/kicad-footprints/-/tree/master/Battery/Battery_SMD_5","url_002941","source_url","91_rejected_low_value","91_rejected_low_value\url_002941--gitlab.com-kicad-libraries-kicad-footprints-tree-master-Battery-Battery_SMD_5.md","copied","copied_to_category"
"C:\KICAD_SCRAPE\markdown_10k_clean\gitlab.com-kicad-libraries-kicad-footprints-tree-master-Battery-Battery_SMD_6.md","gitlab.com-kicad-libraries-kicad-footprints-tree-master-Battery-Battery_SMD_6.md","markdown_10k_clean","https://gitlab.com/kicad/libraries/kicad-footprints/-/tree/master/Battery/Battery_SMD_6","https://gitlab.com/kicad/libraries/kicad-footprints/-/tree/master/Battery/Battery_SMD_6","url_002942","source_url","91_rejected_low_value","91_rejected_low_value\url_002942--gitlab.com-kicad-libraries-kicad-footprints-tree-master-Battery-Battery_SMD_6.md","copied","copied_to_category"
"C:\KICAD_SCRAPE\markdown_10k_clean\gitlab.com-kicad-libraries-kicad-footprints-tree-master-Battery-Battery_SMD_7.md","gitlab.com-kicad-libraries-kicad-footprints-tree-master-Battery-Battery_SMD_7.md","markdown_10k_clean","https://gitlab.com/kicad/libraries/kicad-footprints/-/tree/master/Battery/Battery_SMD_7","https://gitlab.com/kicad/libraries/kicad-footprints/-/tree/master/Battery/Battery_SMD_7","url_002943","source_url","91_rejected_low_value","91_rejected_low_value\url_002943--gitlab.com-kicad-libraries-kicad-footprints-tree-master-Battery-Battery_SMD_7.md","copied","copied_to_category"
"C:\KICAD_SCRAPE\markdown_10k_clean\gitlab.com-kicad-libraries-kicad-footprints-tree-master-Battery-Battery_SMD_8.md","gitlab.com-kicad-libraries-kicad-footprints-tree-master-Battery-Battery_SMD_8.md","markdown_10k_clean","https://gitlab.com/kicad/libraries/kicad-footprints/-/tree/master/Battery/Battery_SMD_8","https://gitlab.com/kicad/libraries/kicad-footprints/-/tree/master/Battery/Battery_SMD_8","url_002944","source_url","91_rejected_low_value","91_rejected_low_value\url_002944--gitlab.com-kicad-libraries-kicad-footprints-tree-master-Battery-Battery_SMD_8.md","copied","copied_to_category"
"C:\KICAD_SCRAPE\markdown_10k_clean\gitlab.com-kicad-libraries-kicad-footprints-tree-master-Battery-Battery_SMD_9.md","gitlab.com-kicad-libraries-kicad-footprints-tree-master-Battery-Battery_SMD_9.md","markdown_10k_clean","https://gitlab.com/kicad/libraries/kicad-footprints/-/tree/master/Battery/Battery_SMD_9","https://gitlab.com/kicad/libraries/kicad-footprints/-/tree/master/Battery/Battery_SMD_9","url_002945","source_url","91_rejected_low_value","91_rejected_low_value\url_002945--gitlab.com-kicad-libraries-kicad-footprints-tree-master-Battery-Battery_SMD_9.md","copied","copied_to_category"
"C:\KICAD_SCRAPE\markdown_10k_clean\gitlab.com-kicad-libraries-kicad-footprints-tree-master-Capacitor-Capacitor_SMD_1.md","gitlab.com-kicad-libraries-kicad-footprints-tree-master-Capacitor-Capacitor_SMD_1.md","markdown_10k_clean","https://gitlab.com/kicad/libraries/kicad-footprints/-/tree/master/Capacitor/Capacitor_SMD_1","https://gitlab.com/kicad/libraries/kicad-footprints/-/tree/master/Capacitor/Capacitor_SMD_1","url_002946","source_url","91_rejected_low_value","91_rejected_low_value\url_002946--gitlab.com-kicad-libraries-kicad-footprints-tree-master-Capacitor-Capacitor_SMD_1.md","copied","copied_to_category"
"C:\KICAD_SCRAPE\markdown_10k_clean\gitlab.com-kicad-libraries-kicad-footprints-tree-master-Capacitor-Capacitor_SMD_10.md","gitlab.com-kicad-libraries-kicad-footprints-tree-master-Capacitor-Capacitor_SMD_10.md","markdown_10k_clean","https://gitlab.com/kicad/libraries/kicad-footprints/-/tree/master/Capacitor/Capacitor_SMD_10","https://gitlab.com/kicad/libraries/kicad-footprints/-/tree/master/Capacitor/Capacitor_SMD_10","url_002947","source_url","91_rejected_low_value","91_rejected_low_value\url_002947--gitlab.com-kicad-libraries-kicad-footprints-tree-master-Capacitor-Capacitor_SMD_10.md","copied","copied_to_category"
"C:\KICAD_SCRAPE\markdown_10k_clean\gitlab.com-kicad-libraries-kicad-footprints-tree-master-Capacitor-Capacitor_SMD_11.md","gitlab.com-kicad-libraries-kicad-footprints-tree-master-Capacitor-Capacitor_SMD_11.md","markdown_10k_clean","https://gitlab.com/kicad/libraries/kicad-footprints/-/tree/master/Capacitor/Capacitor_SMD_11","https://gitlab.com/kicad/libraries/kicad-footprints/-/tree/master/Capacitor/Capacitor_SMD_11","url_002948","source_url","91_rejected_low_value","91_rejected_low_value\url_002948--gitlab.com-kicad-libraries-kicad-footprints-tree-master-Capacitor-Capacitor_SMD_11.md","copied","copied_to_category"
"C:\KICAD_SCRAPE\markdown_10k_clean\gitlab.com-kicad-libraries-kicad-footprints-tree-master-Capacitor-Capacitor_SMD_12.md","gitlab.com-kicad-libraries-kicad-footprints-tree-master-Capacitor-Capacitor_SMD_12.md","markdown_10k_clean","https://gitlab.com/kicad/libraries/kicad-footprints/-/tree/master/Capacitor/Capacitor_SMD_12","https://gitlab.com/kicad/libraries/kicad-footprints/-/tree/master/Capacitor/Capacitor_SMD_12","url_002949","source_url","91_rejected_low_value","91_rejected_low_value\url_002949--gitlab.com-kicad-libraries-kicad-footprints-tree-master-Capacitor-Capacitor_SMD_12.md","copied","copied_to_category"
"C:\KICAD_SCRAPE\markdown_10k_clean\gitlab.com-kicad-libraries-kicad-footprints-tree-master-Capacitor-Capacitor_SMD_2.md","gitlab.com-kicad-libraries-kicad-footprints-tree-master-Capacitor-Capacitor_SMD_2.md","markdown_10k_clean","https://gitlab.com/kicad/libraries/kicad-footprints/-/tree/master/Capacitor/Capacitor_SMD_2","https://gitlab.com/kicad/libraries/kicad-footprints/-/tree/master/Capacitor/Capacitor_SMD_2","url_002950","source_url","91_rejected_low_value","91_rejected_low_value\url_002950--gitlab.com-kicad-libraries-kicad-footprints-tree-master-Capacitor-Capacitor_SMD_2.md","copied","copied_to_category"
"C:\KICAD_SCRAPE\markdown_10k_clean\gitlab.com-kicad-libraries-kicad-footprints-tree-master-Capacitor-Capacitor_SMD_3.md","gitlab.com-kicad-libraries-kicad-footprints-tree-master-Capacitor-Capacitor_SMD_3.md","markdown_10k_clean","https://gitlab.com/kicad/libraries/kicad-footprints/-/tree/master/Capacitor/Capacitor_SMD_3","https://gitlab.com/kicad/libraries/kicad-footprints/-/tree/master/Capacitor/Capacitor_SMD_3","url_002951","source_url","91_rejected_low_value","91_rejected_low_value\url_002951--gitlab.com-kicad-libraries-kicad-footprints-tree-master-Capacitor-Capacitor_SMD_3.md","copied","copied_to_category"
"C:\KICAD_SCRAPE\markdown_10k_clean\gitlab.com-kicad-libraries-kicad-footprints-tree-master-Capacitor-Capacitor_SMD_4.md","gitlab.com-kicad-libraries-kicad-footprints-tree-master-Capacitor-Capacitor_SMD_4.md","markdown_10k_clean","https://gitlab.com/kicad/libraries/kicad-footprints/-/tree/master/Capacitor/Capacitor_SMD_4","https://gitlab.com/kicad/libraries/kicad-footprints/-/tree/master/Capacitor/Capacitor_SMD_4","url_002952","source_url","91_rejected_low_value","91_rejected_low_value\url_002952--gitlab.com-kicad-libraries-kicad-footprints-tree-master-Capacitor-Capacitor_SMD_4.md","copied","copied_to_category"
"C:\KICAD_SCRAPE\markdown_10k_clean\gitlab.com-kicad-libraries-kicad-footprints-tree-master-Capacitor-Capacitor_SMD_5.md","gitlab.com-kicad-libraries-kicad-footprints-tree-master-Capacitor-Capacitor_SMD_5.md","markdown_10k_clean","https://gitlab.com/kicad/libraries/kicad-footprints/-/tree/master/Capacitor/Capacitor_SMD_5","https://gitlab.com/kicad/libraries/kicad-footprints/-/tree/master/Capacitor/Capacitor_SMD_5","url_002953","source_url","91_rejected_low_value","91_rejected_low_value\url_002953--gitlab.com-kicad-libraries-kicad-footprints-tree-master-Capacitor-Capacitor_SMD_5.md","copied","copied_to_category"
"C:\KICAD_SCRAPE\markdown_10k_clean\gitlab.com-kicad-libraries-kicad-footprints-tree-master-Capacitor-Capacitor_SMD_6.md","gitlab.com-kicad-libraries-kicad-footprints-tree-master-Capacitor-Capacitor_SMD_6.md","markdown_10k_clean","https://gitlab.com/kicad/libraries/kicad-footprints/-/tree/master/Capacitor/Capacitor_SMD_6","https://gitlab.com/kicad/libraries/kicad-footprints/-/tree/master/Capacitor/Capacitor_SMD_6","url_002954","source_url","91_rejected_low_value","91_rejected_low_value\url_002954--gitlab.com-kicad-libraries-kicad-footprints-tree-master-Capacitor-Capacitor_SMD_6.md","copied","copied_to_category"
"C:\KICAD_SCRAPE\markdown_10k_clean\gitlab.com-kicad-libraries-kicad-footprints-tree-master-Capacitor-Capacitor_SMD_7.md","gitlab.com-kicad-libraries-kicad-footprints-tree-master-Capacitor-Capacitor_SMD_7.md","markdown_10k_clean","https://gitlab.com/kicad/libraries/kicad-footprints/-/tree/master/Capacitor/Capacitor_SMD_7","https://gitlab.com/kicad/libraries/kicad-footprints/-/tree/master/Capacitor/Capacitor_SMD_7","url_002955","source_url","91_rejected_low_value","91_rejected_low_value\url_002955--gitlab.com-kicad-libraries-kicad-footprints-tree-master-Capacitor-Capacitor_SMD_7.md","copied","copied_to_category"
"C:\KICAD_SCRAPE\markdown_10k_clean\gitlab.com-kicad-libraries-kicad-footprints-tree-master-Capacitor-Capacitor_SMD_8.md","gitlab.com-kicad-libraries-kicad-footprints-tree-master-Capacitor-Capacitor_SMD_8.md","markdown_10k_clean","https://gitlab.com/kicad/libraries/kicad-footprints/-/tree/master/Capacitor/Capacitor_SMD_8","https://gitlab.com/kicad/libraries/kicad-footprints/-/tree/master/Capacitor/Capacitor_SMD_8","url_002956","source_url","91_rejected_low_value","91_rejected_low_value\url_002956--gitlab.com-kicad-libraries-kicad-footprints-tree-master-Capacitor-Capacitor_SMD_8.md","copied","copied_to_category"
"C:\KICAD_SCRAPE\markdown_10k_clean\gitlab.com-kicad-libraries-kicad-footprints-tree-master-Capacitor-Capacitor_SMD_9.md","gitlab.com-kicad-libraries-kicad-footprints-tree-master-Capacitor-Capacitor_SMD_9.md","markdown_10k_clean","https://gitlab.com/kicad/libraries/kicad-footprints/-/tree/master/Capacitor/Capacitor_SMD_9","https://gitlab.com/kicad/libraries/kicad-footprints/-/tree/master/Capacitor/Capacitor_SMD_9","url_002957","source_url","91_rejected_low_value","91_rejected_low_value\url_002957--gitlab.com-kicad-libraries-kicad-footprints-tree-master-Capacitor-Capacitor_SMD_9.md","copied","copied_to_category"
"C:\KICAD_SCRAPE\markdown_10k_clean\gitlab.com-kicad-libraries-kicad-footprints-tree-master-Connector_ETH-Connector_ETH_SMD_1.md","gitlab.com-kicad-libraries-kicad-footprints-tree-master-Connector_ETH-Connector_ETH_SMD_1.md","markdown_10k_clean","https://gitlab.com/kicad/libraries/kicad-footprints/-/tree/master/Connector_ETH/Connector_ETH_SMD_1","https://gitlab.com/kicad/libraries/kicad-footprints/-/tree/master/Connector_ETH/Connector_ETH_SMD_1","url_003058","source_url","91_rejected_low_value","91_rejected_low_value\url_003058--gitlab.com-kicad-libraries-kicad-footprints-tree-master-Connector_ETH-Connector_ETH_SMD_1.md","copied","copied_to_category"
"C:\KICAD_SCRAPE\markdown_10k_clean\gitlab.com-kicad-libraries-kicad-footprints-tree-master-Connector_ETH-Connector_ETH_SMD_10.md","gitlab.com-kicad-libraries-kicad-footprints-tree-master-Connector_ETH-Connector_ETH_SMD_10.md","markdown_10k_clean","https://gitlab.com/kicad/libraries/kicad-footprints/-/tree/master/Connector_ETH/Connector_ETH_SMD_10","https://gitlab.com/kicad/libraries/kicad-footprints/-/tree/master/Connector_ETH/Connector_ETH_SMD_10","url_003059","source_url","91_rejected_low_value","91_rejected_low_value\url_003059--gitlab.com-kicad-libraries-kicad-footprints-tree-master-Connector_ETH-Connector_ETH_SMD_10.md","copied","copied_to_category"
"C:\KICAD_SCRAPE\markdown_10k_clean\gitlab.com-kicad-libraries-kicad-footprints-tree-master-Connector_ETH-Connector_ETH_SMD_11.md","gitlab.com-kicad-libraries-kicad-footprints-tree-master-Connector_ETH-Connector_ETH_SMD_11.md","markdown_10k_clean","https://gitlab.com/kicad/libraries/kicad-footprints/-/tree/master/Connector_ETH/Connector_ETH_SMD_11","https://gitlab.com/kicad/libraries/kicad-footprints/-/tree/master/Connector_ETH/Connector_ETH_SMD_11","url_003060","source_url","91_rejected_low_value","91_rejected_low_value\url_003060--gitlab.com-kicad-libraries-kicad-footprints-tree-master-Connector_ETH-Connector_ETH_SMD_11.md","copied","copied_to_category"
"C:\KICAD_SCRAPE\markdown_10k_clean\gitlab.com-kicad-libraries-kicad-footprints-tree-master-Connector_ETH-Connector_ETH_SMD_12.md","gitlab.com-kicad-libraries-kicad-footprints-tree-master-Connector_ETH-Connector_ETH_SMD_12.md","markdown_10k_clean","https://gitlab.com/kicad/libraries/kicad-footprints/-/tree/master/Connector_ETH/Connector_ETH_SMD_12","https://gitlab.com/kicad/libraries/kicad-footprints/-/tree/master/Connector_ETH/Connector_ETH_SMD_12","url_003061","source_url","91_rejected_low_value","91_rejected_low_value\url_003061--gitlab.com-kicad-libraries-kicad-footprints-tree-master-Connector_ETH-Connector_ETH_SMD_12.md","copied","copied_to_category"
"C:\KICAD_SCRAPE\markdown_10k_clean\gitlab.com-kicad-libraries-kicad-footprints-tree-master-Connector_ETH-Connector_ETH_SMD_2.md","gitlab.com-kicad-libraries-kicad-footprints-tree-master-Connector_ETH-Connector_ETH_SMD_2.md","markdown_10k_clean","https://gitlab.com/kicad/libraries/kicad-footprints/-/tree/master/Connector_ETH/Connector_ETH_SMD_2","https://gitlab.com/kicad/libraries/kicad-footprints/-/tree/master/Connector_ETH/Connector_ETH_SMD_2","url_003062","source_url","91_rejected_low_value","91_rejected_low_value\url_003062--gitlab.com-kicad-libraries-kicad-footprints-tree-master-Connector_ETH-Connector_ETH_SMD_2.md","copied","copied_to_category"
"C:\KICAD_SCRAPE\markdown_10k_clean\gitlab.com-kicad-libraries-kicad-footprints-tree-master-Connector_ETH-Connector_ETH_SMD_3.md","gitlab.com-kicad-libraries-kicad-footprints-tree-master-Connector_ETH-Connector_ETH_SMD_3.md","markdown_10k_clean","https://gitlab.com/kicad/libraries/kicad-footprints/-/tree/master/Connector_ETH/Connector_ETH_SMD_3","https://gitlab.com/kicad/libraries/kicad-footprints/-/tree/master/Connector_ETH/Connector_ETH_SMD_3","url_003063","source_url","91_rejected_low_value","91_rejected_low_value\url_003063--gitlab.com-kicad-libraries-kicad-footprints-tree-master-Connector_ETH-Connector_ETH_SMD_3.md","copied","copied_to_category"
"C:\KICAD_SCRAPE\markdown_10k_clean\gitlab.com-kicad-libraries-kicad-footprints-tree-master-Connector_ETH-Connector_ETH_SMD_4.md","gitlab.com-kicad-libraries-kicad-footprints-tree-master-Connector_ETH-Connector_ETH_SMD_4.md","markdown_10k_clean","https://gitlab.com/kicad/libraries/kicad-footprints/-/tree/master/Connector_ETH/Connector_ETH_SMD_4","https://gitlab.com/kicad/libraries/kicad-footprints/-/tree/master/Connector_ETH/Connector_ETH_SMD_4","url_003064","source_url","91_rejected_low_value","91_rejected_low_value\url_003064--gitlab.com-kicad-libraries-kicad-footprints-tree-master-Connector_ETH-Connector_ETH_SMD_4.md","copied","copied_to_category"
"C:\KICAD_SCRAPE\markdown_10k_clean\gitlab.com-kicad-libraries-kicad-footprints-tree-master-Connector_ETH-Connector_ETH_SMD_5.md","gitlab.com-kicad-libraries-kicad-footprints-tree-master-Connector_ETH-Connector_ETH_SMD_5.md","markdown_10k_clean","https://gitlab.com/kicad/libraries/kicad-footprints/-/tree/master/Connector_ETH/Connector_ETH_SMD_5","https://gitlab.com/kicad/libraries/kicad-footprints/-/tree/master/Connector_ETH/Connector_ETH_SMD_5","url_003065","source_url","91_rejected_low_value","91_rejected_low_value\url_003065--gitlab.com-kicad-libraries-kicad-footprints-tree-master-Connector_ETH-Connector_ETH_SMD_5.md","copied","copied_to_category"
"C:\KICAD_SCRAPE\markdown_10k_clean\gitlab.com-kicad-libraries-kicad-footprints-tree-master-Connector_ETH-Connector_ETH_SMD_6.md","gitlab.com-kicad-libraries-kicad-footprints-tree-master-Connector_ETH-Connector_ETH_SMD_6.md","markdown_10k_clean","https://gitlab.com/kicad/libraries/kicad-footprints/-/tree/master/Connector_ETH/Connector_ETH_SMD_6","https://gitlab.com/kicad/libraries/kicad-footprints/-/tree/master/Connector_ETH/Connector_ETH_SMD_6","url_003066","source_url","91_rejected_low_value","91_rejected_low_value\url_003066--gitlab.com-kicad-libraries-kicad-footprints-tree-master-Connector_ETH-Connector_ETH_SMD_6.md","copied","copied_to_category"
"C:\KICAD_SCRAPE\markdown_10k_clean\gitlab.com-kicad-libraries-kicad-footprints-tree-master-Connector_ETH-Connector_ETH_SMD_7.md","gitlab.com-kicad-libraries-kicad-footprints-tree-master-Connector_ETH-Connector_ETH_SMD_7.md","markdown_10k_clean","https://gitlab.com/kicad/libraries/kicad-footprints/-/tree/master/Connector_ETH/Connector_ETH_SMD_7","https://gitlab.com/kicad/libraries/kicad-footprints/-/tree/master/Connector_ETH/Connector_ETH_SMD_7","url_003067","source_url","91_rejected_low_value","91_rejected_low_value\url_003067--gitlab.com-kicad-libraries-kicad-footprints-tree-master-Connector_ETH-Connector_ETH_SMD_7.md","copied","copied_to_category"
"C:\KICAD_SCRAPE\markdown_10k_clean\gitlab.com-kicad-libraries-kicad-footprints-tree-master-Connector_ETH-Connector_ETH_SMD_8.md","gitlab.com-kicad-libraries-kicad-footprints-tree-master-Connector_ETH-Connector_ETH_SMD_8.md","markdown_10k_clean","https://gitlab.com/kicad/libraries/kicad-footprints/-/tree/master/Connector_ETH/Connector_ETH_SMD_8","https://gitlab.com/kicad/libraries/kicad-footprints/-/tree/master/Connector_ETH/Connector_ETH_SMD_8","url_003068","source_url","91_rejected_low_value","91_rejected_low_value\url_003068--gitlab.com-kicad-libraries-kicad-footprints-tree-master-Connector_ETH-Connector_ETH_SMD_8.md","copied","copied_to_category"
"C:\KICAD_SCRAPE\markdown_10k_clean\gitlab.com-kicad-libraries-kicad-footprints-tree-master-Connector_ETH-Connector_ETH_SMD_9.md","gitlab.com-kicad-libraries-kicad-footprints-tree-master-Connector_ETH-Connector_ETH_SMD_9.md","markdown_10k_clean","https://gitlab.com/kicad/libraries/kicad-footprints/-/tree/master/Connector_ETH/Connector_ETH_SMD_9","https://gitlab.com/kicad/libraries/kicad-footprints/-/tree/master/Connector_ETH/Connector_ETH_SMD_9","url_003069","source_url","91_rejected_low_value","91_rejected_low_value\url_003069--gitlab.com-kicad-libraries-kicad-footprints-tree-master-Connector_ETH-Connector_ETH_SMD_9.md","copied","copied_to_category"
"C:\KICAD_SCRAPE\markdown_10k_clean\gitlab.com-kicad-libraries-kicad-footprints-tree-master-Connector_HDMI-Connector_HDMI_SMD_1.md","gitlab.com-kicad-libraries-kicad-footprints-tree-master-Connector_HDMI-Connector_HDMI_SMD_1.md","markdown_10k_clean","https://gitlab.com/kicad/libraries/kicad-footprints/-/tree/master/Connector_HDMI/Connector_HDMI_SMD_1","https://gitlab.com/kicad/libraries/kicad-footprints/-/tree/master/Connector_HDMI/Connector_HDMI_SMD_1","url_003070","source_url","91_rejected_low_value","91_rejected_low_value\url_003070--gitlab.com-kicad-libraries-kicad-footprints-tree-master-Connector_HDMI-Connector_HDMI_SMD_1.md","copied","copied_to_category"
"C:\KICAD_SCRAPE\markdown_10k_clean\gitlab.com-kicad-libraries-kicad-footprints-tree-master-Connector_HDMI-Connector_HDMI_SMD_10.md","gitlab.com-kicad-libraries-kicad-footprints-tree-master-Connector_HDMI-Connector_HDMI_SMD_10.md","markdown_10k_clean","https://gitlab.com/kicad/libraries/kicad-footprints/-/tree/master/Connector_HDMI/Connector_HDMI_SMD_10","https://gitlab.com/kicad/libraries/kicad-footprints/-/tree/master/Connector_HDMI/Connector_HDMI_SMD_10","url_003071","source_url","91_rejected_low_value","91_rejected_low_value\url_003071--gitlab.com-kicad-libraries-kicad-footprints-tree-master-Connector_HDMI-Connector_HDMI_SMD_10.md","copied","copied_to_category"
"C:\KICAD_SCRAPE\markdown_10k_clean\gitlab.com-kicad-libraries-kicad-footprints-tree-master-Connector_HDMI-Connector_HDMI_SMD_11.md","gitlab.com-kicad-libraries-kicad-footprints-tree-master-Connector_HDMI-Connector_HDMI_SMD_11.md","markdown_10k_clean","https://gitlab.com/kicad/libraries/kicad-footprints/-/tree/master/Connector_HDMI/Connector_HDMI_SMD_11","https://gitlab.com/kicad/libraries/kicad-footprints/-/tree/master/Connector_HDMI/Connector_HDMI_SMD_11","url_003072","source_url","91_rejected_low_value","91_rejected_low_value\url_003072--gitlab.com-kicad-libraries-kicad-footprints-tree-master-Connector_HDMI-Connector_HDMI_SMD_11.md","copied","copied_to_category"
"C:\KICAD_SCRAPE\markdown_10k_clean\gitlab.com-kicad-libraries-kicad-footprints-tree-master-Connector_HDMI-Connector_HDMI_SMD_12.md","gitlab.com-kicad-libraries-kicad-footprints-tree-master-Connector_HDMI-Connector_HDMI_SMD_12.md","markdown_10k_clean","https://gitlab.com/kicad/libraries/kicad-footprints/-/tree/master/Connector_HDMI/Connector_HDMI_SMD_12","https://gitlab.com/kicad/libraries/kicad-footprints/-/tree/master/Connector_HDMI/Connector_HDMI_SMD_12","url_003073","source_url","91_rejected_low_value","91_rejected_low_value\url_003073--gitlab.com-kicad-libraries-kicad-footprints-tree-master-Connector_HDMI-Connector_HDMI_SMD_12.md","copied","copied_to_category"
"C:\KICAD_SCRAPE\markdown_10k_clean\gitlab.com-kicad-libraries-kicad-footprints-tree-master-Connector_HDMI-Connector_HDMI_SMD_2.md","gitlab.com-kicad-libraries-kicad-footprints-tree-master-Connector_HDMI-Connector_HDMI_SMD_2.md","markdown_10k_clean","https://gitlab.com/kicad/libraries/kicad-footprints/-/tree/master/Connector_HDMI/Connector_HDMI_SMD_2","https://gitlab.com/kicad/libraries/kicad-footprints/-/tree/master/Connector_HDMI/Connector_HDMI_SMD_2","url_003074","source_url","91_rejected_low_value","91_rejected_low_value\url_003074--gitlab.com-kicad-libraries-kicad-footprints-tree-master-Connector_HDMI-Connector_HDMI_SMD_2.md","copied","copied_to_category"
"C:\KICAD_SCRAPE\markdown_10k_clean\gitlab.com-kicad-libraries-kicad-footprints-tree-master-Connector_HDMI-Connector_HDMI_SMD_3.md","gitlab.com-kicad-libraries-kicad-footprints-tree-master-Connector_HDMI-Connector_HDMI_SMD_3.md","markdown_10k_clean","https://gitlab.com/kicad/libraries/kicad-footprints/-/tree/master/Connector_HDMI/Connector_HDMI_SMD_3","https://gitlab.com/kicad/libraries/kicad-footprints/-/tree/master/Connector_HDMI/Connector_HDMI_SMD_3","url_003075","source_url","91_rejected_low_value","91_rejected_low_value\url_003075--gitlab.com-kicad-libraries-kicad-footprints-tree-master-Connector_HDMI-Connector_HDMI_SMD_3.md","copied","copied_to_category"
"C:\KICAD_SCRAPE\markdown_10k_clean\gitlab.com-kicad-libraries-kicad-footprints-tree-master-Connector_HDMI-Connector_HDMI_SMD_4.md","gitlab.com-kicad-libraries-kicad-footprints-tree-master-Connector_HDMI-Connector_HDMI_SMD_4.md","markdown_10k_clean","https://gitlab.com/kicad/libraries/kicad-footprints/-/tree/master/Connector_HDMI/Connector_HDMI_SMD_4","https://gitlab.com/kicad/libraries/kicad-footprints/-/tree/master/Connector_HDMI/Connector_HDMI_SMD_4","url_003076","source_url","91_rejected_low_value","91_rejected_low_value\url_003076--gitlab.com-kicad-libraries-kicad-footprints-tree-master-Connector_HDMI-Connector_HDMI_SMD_4.md","copied","copied_to_category"
"C:\KICAD_SCRAPE\markdown_10k_clean\gitlab.com-kicad-libraries-kicad-footprints-tree-master-Connector_HDMI-Connector_HDMI_SMD_5.md","gitlab.com-kicad-libraries-kicad-footprints-tree-master-Connector_HDMI-Connector_HDMI_SMD_5.md","markdown_10k_clean","https://gitlab.com/kicad/libraries/kicad-footprints/-/tree/master/Connector_HDMI/Connector_HDMI_SMD_5","https://gitlab.com/kicad/libraries/kicad-footprints/-/tree/master/Connector_HDMI/Connector_HDMI_SMD_5","url_003077","source_url","91_rejected_low_value","91_rejected_low_value\url_003077--gitlab.com-kicad-libraries-kicad-footprints-tree-master-Connector_HDMI-Connector_HDMI_SMD_5.md","copied","copied_to_category"
"C:\KICAD_SCRAPE\markdown_10k_clean\gitlab.com-kicad-libraries-kicad-footprints-tree-master-Connector_HDMI-Connector_HDMI_SMD_6.md","gitlab.com-kicad-libraries-kicad-footprints-tree-master-Connector_HDMI-Connector_HDMI_SMD_6.md","markdown_10k_clean","https://gitlab.com/kicad/libraries/kicad-footprints/-/tree/master/Connector_HDMI/Connector_HDMI_SMD_6","https://gitlab.com/kicad/libraries/kicad-footprints/-/tree/master/Connector_HDMI/Connector_HDMI_SMD_6","url_003078","source_url","91_rejected_low_value","91_rejected_low_value\url_003078--gitlab.com-kicad-libraries-kicad-footprints-tree-master-Connector_HDMI-Connector_HDMI_SMD_6.md","copied","copied_to_category"
"C:\KICAD_SCRAPE\markdown_10k_clean\gitlab.com-kicad-libraries-kicad-footprints-tree-master-Connector_HDMI-Connector_HDMI_SMD_7.md","gitlab.com-kicad-libraries-kicad-footprints-tree-master-Connector_HDMI-Connector_HDMI_SMD_7.md","markdown_10k_clean","https://gitlab.com/kicad/libraries/kicad-footprints/-/tree/master/Connector_HDMI/Connector_HDMI_SMD_7","https://gitlab.com/kicad/libraries/kicad-footprints/-/tree/master/Connector_HDMI/Connector_HDMI_SMD_7","url_003079","source_url","91_rejected_low_value","91_rejected_low_value\url_003079--gitlab.com-kicad-libraries-kicad-footprints-tree-master-Connector_HDMI-Connector_HDMI_SMD_7.md","copied","copied_to_category"
"C:\KICAD_SCRAPE\markdown_10k_clean\gitlab.com-kicad-libraries-kicad-footprints-tree-master-Connector_HDMI-Connector_HDMI_SMD_8.md","gitlab.com-kicad-libraries-kicad-footprints-tree-master-Connector_HDMI-Connector_HDMI_SMD_8.md","markdown_10k_clean","https://gitlab.com/kicad/libraries/kicad-footprints/-/tree/master/Connector_HDMI/Connector_HDMI_SMD_8","https://gitlab.com/kicad/libraries/kicad-footprints/-/tree/master/Connector_HDMI/Connector_HDMI_SMD_8","url_003080","source_url","91_rejected_low_value","91_rejected_low_value\url_003080--gitlab.com-kicad-libraries-kicad-footprints-tree-master-Connector_HDMI-Connector_HDMI_SMD_8.md","copied","copied_to_category"
"C:\KICAD_SCRAPE\markdown_10k_clean\gitlab.com-kicad-libraries-kicad-footprints-tree-master-Connector_HDMI-Connector_HDMI_SMD_9.md","gitlab.com-kicad-libraries-kicad-footprints-tree-master-Connector_HDMI-Connector_HDMI_SMD_9.md","markdown_10k_clean","https://gitlab.com/kicad/libraries/kicad-footprints/-/tree/master/Connector_HDMI/Connector_HDMI_SMD_9","https://gitlab.com/kicad/libraries/kicad-footprints/-/tree/master/Connector_HDMI/Connector_HDMI_SMD_9","url_003081","source_url","91_rejected_low_value","91_rejected_low_value\url_003081--gitlab.com-kicad-libraries-kicad-footprints-tree-master-Connector_HDMI-Connector_HDMI_SMD_9.md","copied","copied_to_category"
"C:\KICAD_SCRAPE\markdown_10k_clean\gitlab.com-kicad-libraries-kicad-footprints-tree-master-Connector_USB-Connector_USB_SMD_1.md","gitlab.com-kicad-libraries-kicad-footprints-tree-master-Connector_USB-Connector_USB_SMD_1.md","markdown_10k_clean","https://gitlab.com/kicad/libraries/kicad-footprints/-/tree/master/Connector_USB/Connector_USB_SMD_1","https://gitlab.com/kicad/libraries/kicad-footprints/-/tree/master/Connector_USB/Connector_USB_SMD_1","url_003082","source_url","91_rejected_low_value","91_rejected_low_value\url_003082--gitlab.com-kicad-libraries-kicad-footprints-tree-master-Connector_USB-Connector_USB_SMD_1.md","copied","copied_to_category"
"C:\KICAD_SCRAPE\markdown_10k_clean\gitlab.com-kicad-libraries-kicad-footprints-tree-master-Connector_USB-Connector_USB_SMD_10.md","gitlab.com-kicad-libraries-kicad-footprints-tree-master-Connector_USB-Connector_USB_SMD_10.md","markdown_10k_clean","https://gitlab.com/kicad/libraries/kicad-footprints/-/tree/master/Connector_USB/Connector_USB_SMD_10","https://gitlab.com/kicad/libraries/kicad-footprints/-/tree/master/Connector_USB/Connector_USB_SMD_10","url_003083","source_url","91_rejected_low_value","91_rejected_low_value\url_003083--gitlab.com-kicad-libraries-kicad-footprints-tree-master-Connector_USB-Connector_USB_SMD_10.md","copied","copied_to_category"
"C:\KICAD_SCRAPE\markdown_10k_clean\gitlab.com-kicad-libraries-kicad-footprints-tree-master-Connector_USB-Connector_USB_SMD_11.md","gitlab.com-kicad-libraries-kicad-footprints-tree-master-Connector_USB-Connector_USB_SMD_11.md","markdown_10k_clean","https://gitlab.com/kicad/libraries/kicad-footprints/-/tree/master/Connector_USB/Connector_USB_SMD_11","https://gitlab.com/kicad/libraries/kicad-footprints/-/tree/master/Connector_USB/Connector_USB_SMD_11","url_003084","source_url","91_rejected_low_value","91_rejected_low_value\url_003084--gitlab.com-kicad-libraries-kicad-footprints-tree-master-Connector_USB-Connector_USB_SMD_11.md","copied","copied_to_category"
"C:\KICAD_SCRAPE\markdown_10k_clean\gitlab.com-kicad-libraries-kicad-footprints-tree-master-Connector_USB-Connector_USB_SMD_12.md","gitlab.com-kicad-libraries-kicad-footprints-tree-master-Connector_USB-Connector_USB_SMD_12.md","markdown_10k_clean","https://gitlab.com/kicad/libraries/kicad-footprints/-/tree/master/Connector_USB/Connector_USB_SMD_12","https://gitlab.com/kicad/libraries/kicad-footprints/-/tree/master/Connector_USB/Connector_USB_SMD_12","url_003085","source_url","91_rejected_low_value","91_rejected_low_value\url_003085--gitlab.com-kicad-libraries-kicad-footprints-tree-master-Connector_USB-Connector_USB_SMD_12.md","copied","copied_to_category"
"C:\KICAD_SCRAPE\markdown_10k_clean\gitlab.com-kicad-libraries-kicad-footprints-tree-master-Connector_USB-Connector_USB_SMD_2.md","gitlab.com-kicad-libraries-kicad-footprints-tree-master-Connector_USB-Connector_USB_SMD_2.md","markdown_10k_clean","https://gitlab.com/kicad/libraries/kicad-footprints/-/tree/master/Connector_USB/Connector_USB_SMD_2","https://gitlab.com/kicad/libraries/kicad-footprints/-/tree/master/Connector_USB/Connector_USB_SMD_2","url_003086","source_url","91_rejected_low_value","91_rejected_low_value\url_003086--gitlab.com-kicad-libraries-kicad-footprints-tree-master-Connector_USB-Connector_USB_SMD_2.md","copied","copied_to_category"
"C:\KICAD_SCRAPE\markdown_10k_clean\gitlab.com-kicad-libraries-kicad-footprints-tree-master-Connector_USB-Connector_USB_SMD_3.md","gitlab.com-kicad-libraries-kicad-footprints-tree-master-Connector_USB-Connector_USB_SMD_3.md","markdown_10k_clean","https://gitlab.com/kicad/libraries/kicad-footprints/-/tree/master/Connector_USB/Connector_USB_SMD_3","https://gitlab.com/kicad/libraries/kicad-footprints/-/tree/master/Connector_USB/Connector_USB_SMD_3","url_003087","source_url","91_rejected_low_value","91_rejected_low_value\url_003087--gitlab.com-kicad-libraries-kicad-footprints-tree-master-Connector_USB-Connector_USB_SMD_3.md","copied","copied_to_category"
"C:\KICAD_SCRAPE\markdown_10k_clean\gitlab.com-kicad-libraries-kicad-footprints-tree-master-Connector_USB-Connector_USB_SMD_4.md","gitlab.com-kicad-libraries-kicad-footprints-tree-master-Connector_USB-Connector_USB_SMD_4.md","markdown_10k_clean","https://gitlab.com/kicad/libraries/kicad-footprints/-/tree/master/Connector_USB/Connector_USB_SMD_4","https://gitlab.com/kicad/libraries/kicad-footprints/-/tree/master/Connector_USB/Connector_USB_SMD_4","url_003088","source_url","91_rejected_low_value","91_rejected_low_value\url_003088--gitlab.com-kicad-libraries-kicad-footprints-tree-master-Connector_USB-Connector_USB_SMD_4.md","copied","copied_to_category"
"C:\KICAD_SCRAPE\markdown_10k_clean\gitlab.com-kicad-libraries-kicad-footprints-tree-master-Connector_USB-Connector_USB_SMD_5.md","gitlab.com-kicad-libraries-kicad-footprints-tree-master-Connector_USB-Connector_USB_SMD_5.md","markdown_10k_clean","https://gitlab.com/kicad/libraries/kicad-footprints/-/tree/master/Connector_USB/Connector_USB_SMD_5","https://gitlab.com/kicad/libraries/kicad-footprints/-/tree/master/Connector_USB/Connector_USB_SMD_5","url_003089","source_url","91_rejected_low_value","91_rejected_low_value\url_003089--gitlab.com-kicad-libraries-kicad-footprints-tree-master-Connector_USB-Connector_USB_SMD_5.md","copied","copied_to_category"
"C:\KICAD_SCRAPE\markdown_10k_clean\gitlab.com-kicad-libraries-kicad-footprints-tree-master-Connector_USB-Connector_USB_SMD_6.md","gitlab.com-kicad-libraries-kicad-footprints-tree-master-Connector_USB-Connector_USB_SMD_6.md","markdown_10k_clean","https://gitlab.com/kicad/libraries/kicad-footprints/-/tree/master/Connector_USB/Connector_USB_SMD_6","https://gitlab.com/kicad/libraries/kicad-footprints/-/tree/master/Connector_USB/Connector_USB_SMD_6","url_003090","source_url","91_rejected_low_value","91_rejected_low_value\url_003090--gitlab.com-kicad-libraries-kicad-footprints-tree-master-Connector_USB-Connector_USB_SMD_6.md","copied","copied_to_category"
"C:\KICAD_SCRAPE\markdown_10k_clean\gitlab.com-kicad-libraries-kicad-footprints-tree-master-Connector_USB-Connector_USB_SMD_7.md","gitlab.com-kicad-libraries-kicad-footprints-tree-master-Connector_USB-Connector_USB_SMD_7.md","markdown_10k_clean","https://gitlab.com/kicad/libraries/kicad-footprints/-/tree/master/Connector_USB/Connector_USB_SMD_7","https://gitlab.com/kicad/libraries/kicad-footprints/-/tree/master/Connector_USB/Connector_USB_SMD_7","url_003091","source_url","91_rejected_low_value","91_rejected_low_value\url_003091--gitlab.com-kicad-libraries-kicad-footprints-tree-master-Connector_USB-Connector_USB_SMD_7.md","copied","copied_to_category"
"C:\KICAD_SCRAPE\markdown_10k_clean\gitlab.com-kicad-libraries-kicad-footprints-tree-master-Connector_USB-Connector_USB_SMD_8.md","gitlab.com-kicad-libraries-kicad-footprints-tree-master-Connector_USB-Connector_USB_SMD_8.md","markdown_10k_clean","https://gitlab.com/kicad/libraries/kicad-footprints/-/tree/master/Connector_USB/Connector_USB_SMD_8","https://gitlab.com/kicad/libraries/kicad-footprints/-/tree/master/Connector_USB/Connector_USB_SMD_8","url_003092","source_url","91_rejected_low_value","91_rejected_low_value\url_003092--gitlab.com-kicad-libraries-kicad-footprints-tree-master-Connector_USB-Connector_USB_SMD_8.md","copied","copied_to_category"
"C:\KICAD_SCRAPE\markdown_10k_clean\gitlab.com-kicad-libraries-kicad-footprints-tree-master-Connector_USB-Connector_USB_SMD_9.md","gitlab.com-kicad-libraries-kicad-footprints-tree-master-Connector_USB-Connector_USB_SMD_9.md","markdown_10k_clean","https://gitlab.com/kicad/libraries/kicad-footprints/-/tree/master/Connector_USB/Connector_USB_SMD_9","https://gitlab.com/kicad/libraries/kicad-footprints/-/tree/master/Connector_USB/Connector_USB_SMD_9","url_003093","source_url","91_rejected_low_value","91_rejected_low_value\url_003093--gitlab.com-kicad-libraries-kicad-footprints-tree-master-Connector_USB-Connector_USB_SMD_9.md","copied","copied_to_category"
"C:\KICAD_SCRAPE\markdown_10k_clean\gitlab.com-kicad-libraries-kicad-footprints-tree-master-Connector-Connector_01x01.md","gitlab.com-kicad-libraries-kicad-footprints-tree-master-Connector-Connector_01x01.md","markdown_10k_clean","https://gitlab.com/kicad/libraries/kicad-footprints/-/tree/master/Connector/Connector_01x01","https://gitlab.com/kicad/libraries/kicad-footprints/-/tree/master/Connector/Connector_01x01","url_002958","source_url","91_rejected_low_value","91_rejected_low_value\url_002958--gitlab.com-kicad-libraries-kicad-footprints-tree-master-Connector-Connector_01x01.md","copied","copied_to_category"
"C:\KICAD_SCRAPE\markdown_10k_clean\gitlab.com-kicad-libraries-kicad-footprints-tree-master-Connector-Connector_01x02.md","gitlab.com-kicad-libraries-kicad-footprints-tree-master-Connector-Connector_01x02.md","markdown_10k_clean","https://gitlab.com/kicad/libraries/kicad-footprints/-/tree/master/Connector/Connector_01x02","https://gitlab.com/kicad/libraries/kicad-footprints/-/tree/master/Connector/Connector_01x02","url_002959","source_url","91_rejected_low_value","91_rejected_low_value\url_002959--gitlab.com-kicad-libraries-kicad-footprints-tree-master-Connector-Connector_01x02.md","copied","copied_to_category"
"C:\KICAD_SCRAPE\markdown_10k_clean\gitlab.com-kicad-libraries-kicad-footprints-tree-master-Connector-Connector_01x03.md","gitlab.com-kicad-libraries-kicad-footprints-tree-master-Connector-Connector_01x03.md","markdown_10k_clean","https://gitlab.com/kicad/libraries/kicad-footprints/-/tree/master/Connector/Connector_01x03","https://gitlab.com/kicad/libraries/kicad-footprints/-/tree/master/Connector/Connector_01x03","url_002960","source_url","91_rejected_low_value","91_rejected_low_value\url_002960--gitlab.com-kicad-libraries-kicad-footprints-tree-master-Connector-Connector_01x03.md","copied","copied_to_category"
"C:\KICAD_SCRAPE\markdown_10k_clean\gitlab.com-kicad-libraries-kicad-footprints-tree-master-Connector-Connector_01x04.md","gitlab.com-kicad-libraries-kicad-footprints-tree-master-Connector-Connector_01x04.md","markdown_10k_clean","https://gitlab.com/kicad/libraries/kicad-footprints/-/tree/master/Connector/Connector_01x04","https://gitlab.com/kicad/libraries/kicad-footprints/-/tree/master/Connector/Connector_01x04","url_002961","source_url","91_rejected_low_value","91_rejected_low_value\url_002961--gitlab.com-kicad-libraries-kicad-footprints-tree-master-Connector-Connector_01x04.md","copied","copied_to_category"
"C:\KICAD_SCRAPE\markdown_10k_clean\gitlab.com-kicad-libraries-kicad-footprints-tree-master-Connector-Connector_01x05.md","gitlab.com-kicad-libraries-kicad-footprints-tree-master-Connector-Connector_01x05.md","markdown_10k_clean","https://gitlab.com/kicad/libraries/kicad-footprints/-/tree/master/Connector/Connector_01x05","https://gitlab.com/kicad/libraries/kicad-footprints/-/tree/master/Connector/Connector_01x05","url_002962","source_url","91_rejected_low_value","91_rejected_low_value\url_002962--gitlab.com-kicad-libraries-kicad-footprints-tree-master-Connector-Connector_01x05.md","copied","copied_to_category"
"C:\KICAD_SCRAPE\markdown_10k_clean\gitlab.com-kicad-libraries-kicad-footprints-tree-master-Connector-Connector_01x06.md","gitlab.com-kicad-libraries-kicad-footprints-tree-master-Connector-Connector_01x06.md","markdown_10k_clean","https://gitlab.com/kicad/libraries/kicad-footprints/-/tree/master/Connector/Connector_01x06","https://gitlab.com/kicad/libraries/kicad-footprints/-/tree/master/Connector/Connector_01x06","url_002963","source_url","91_rejected_low_value","91_rejected_low_value\url_002963--gitlab.com-kicad-libraries-kicad-footprints-tree-master-Connector-Connector_01x06.md","copied","copied_to_category"
"C:\KICAD_SCRAPE\markdown_10k_clean\gitlab.com-kicad-libraries-kicad-footprints-tree-master-Connector-Connector_01x07.md","gitlab.com-kicad-libraries-kicad-footprints-tree-master-Connector-Connector_01x07.md","markdown_10k_clean","https://gitlab.com/kicad/libraries/kicad-footprints/-/tree/master/Connector/Connector_01x07","https://gitlab.com/kicad/libraries/kicad-footprints/-/tree/master/Connector/Connector_01x07","url_002964","source_url","91_rejected_low_value","91_rejected_low_value\url_002964--gitlab.com-kicad-libraries-kicad-footprints-tree-master-Connector-Connector_01x07.md","copied","copied_to_category"
"C:\KICAD_SCRAPE\markdown_10k_clean\gitlab.com-kicad-libraries-kicad-footprints-tree-master-Connector-Connector_01x08.md","gitlab.com-kicad-libraries-kicad-footprints-tree-master-Connector-Connector_01x08.md","markdown_10k_clean","https://gitlab.com/kicad/libraries/kicad-footprints/-/tree/master/Connector/Connector_01x08","https://gitlab.com/kicad/libraries/kicad-footprints/-/tree/master/Connector/Connector_01x08","url_002965","source_url","91_rejected_low_value","91_rejected_low_value\url_002965--gitlab.com-kicad-libraries-kicad-footprints-tree-master-Connector-Connector_01x08.md","copied","copied_to_category"
"C:\KICAD_SCRAPE\markdown_10k_clean\gitlab.com-kicad-libraries-kicad-footprints-tree-master-Connector-Connector_01x09.md","gitlab.com-kicad-libraries-kicad-footprints-tree-master-Connector-Connector_01x09.md","markdown_10k_clean","https://gitlab.com/kicad/libraries/kicad-footprints/-/tree/master/Connector/Connector_01x09","https://gitlab.com/kicad/libraries/kicad-footprints/-/tree/master/Connector/Connector_01x09","url_002966","source_url","91_rejected_low_value","91_rejected_low_value\url_002966--gitlab.com-kicad-libraries-kicad-footprints-tree-master-Connector-Connector_01x09.md","copied","copied_to_category"
"C:\KICAD_SCRAPE\markdown_10k_clean\gitlab.com-kicad-libraries-kicad-footprints-tree-master-Connector-Connector_01x10.md","gitlab.com-kicad-libraries-kicad-footprints-tree-master-Connector-Connector_01x10.md","markdown_10k_clean","https://gitlab.com/kicad/libraries/kicad-footprints/-/tree/master/Connector/Connector_01x10","https://gitlab.com/kicad/libraries/kicad-footprints/-/tree/master/Connector/Connector_01x10","url_002967","source_url","91_rejected_low_value","91_rejected_low_value\url_002967--gitlab.com-kicad-libraries-kicad-footprints-tree-master-Connector-Connector_01x10.md","copied","copied_to_category"
"C:\KICAD_SCRAPE\markdown_10k_clean\gitlab.com-kicad-libraries-kicad-footprints-tree-master-Connector-Connector_01x100.md","gitlab.com-kicad-libraries-kicad-footprints-tree-master-Connector-Connector_01x100.md","markdown_10k_clean","https://gitlab.com/kicad/libraries/kicad-footprints/-/tree/master/Connector/Connector_01x100","https://gitlab.com/kicad/libraries/kicad-footprints/-/tree/master/Connector/Connector_01x100","url_002968","source_url","91_rejected_low_value","91_rejected_low_value\url_002968--gitlab.com-kicad-libraries-kicad-footprints-tree-master-Connector-Connector_01x100.md","copied","copied_to_category"
"C:\KICAD_SCRAPE\markdown_10k_clean\gitlab.com-kicad-libraries-kicad-footprints-tree-master-Connector-Connector_01x11.md","gitlab.com-kicad-libraries-kicad-footprints-tree-master-Connector-Connector_01x11.md","markdown_10k_clean","https://gitlab.com/kicad/libraries/kicad-footprints/-/tree/master/Connector/Connector_01x11","https://gitlab.com/kicad/libraries/kicad-footprints/-/tree/master/Connector/Connector_01x11","url_002969","source_url","91_rejected_low_value","91_rejected_low_value\url_002969--gitlab.com-kicad-libraries-kicad-footprints-tree-master-Connector-Connector_01x11.md","copied","copied_to_category"
"C:\KICAD_SCRAPE\markdown_10k_clean\gitlab.com-kicad-libraries-kicad-footprints-tree-master-Connector-Connector_01x12.md","gitlab.com-kicad-libraries-kicad-footprints-tree-master-Connector-Connector_01x12.md","markdown_10k_clean","https://gitlab.com/kicad/libraries/kicad-footprints/-/tree/master/Connector/Connector_01x12","https://gitlab.com/kicad/libraries/kicad-footprints/-/tree/master/Connector/Connector_01x12","url_002970","source_url","91_rejected_low_value","91_rejected_low_value\url_002970--gitlab.com-kicad-libraries-kicad-footprints-tree-master-Connector-Connector_01x12.md","copied","copied_to_category"
"C:\KICAD_SCRAPE\markdown_10k_clean\gitlab.com-kicad-libraries-kicad-footprints-tree-master-Connector-Connector_01x13.md","gitlab.com-kicad-libraries-kicad-footprints-tree-master-Connector-Connector_01x13.md","markdown_10k_clean","https://gitlab.com/kicad/libraries/kicad-footprints/-/tree/master/Connector/Connector_01x13","https://gitlab.com/kicad/libraries/kicad-footprints/-/tree/master/Connector/Connector_01x13","url_002971","source_url","91_rejected_low_value","91_rejected_low_value\url_002971--gitlab.com-kicad-libraries-kicad-footprints-tree-master-Connector-Connector_01x13.md","copied","copied_to_category"
"C:\KICAD_SCRAPE\markdown_10k_clean\gitlab.com-kicad-libraries-kicad-footprints-tree-master-Connector-Connector_01x14.md","gitlab.com-kicad-libraries-kicad-footprints-tree-master-Connector-Connector_01x14.md","markdown_10k_clean","https://gitlab.com/kicad/libraries/kicad-footprints/-/tree/master/Connector/Connector_01x14","https://gitlab.com/kicad/libraries/kicad-footprints/-/tree/master/Connector/Connector_01x14","url_002972","source_url","91_rejected_low_value","91_rejected_low_value\url_002972--gitlab.com-kicad-libraries-kicad-footprints-tree-master-Connector-Connector_01x14.md","copied","copied_to_category"
"C:\KICAD_SCRAPE\markdown_10k_clean\gitlab.com-kicad-libraries-kicad-footprints-tree-master-Connector-Connector_01x15.md","gitlab.com-kicad-libraries-kicad-footprints-tree-master-Connector-Connector_01x15.md","markdown_10k_clean","https://gitlab.com/kicad/libraries/kicad-footprints/-/tree/master/Connector/Connector_01x15","https://gitlab.com/kicad/libraries/kicad-footprints/-/tree/master/Connector/Connector_01x15","url_002973","source_url","91_rejected_low_value","91_rejected_low_value\url_002973--gitlab.com-kicad-libraries-kicad-footprints-tree-master-Connector-Connector_01x15.md","copied","copied_to_category"
"C:\KICAD_SCRAPE\markdown_10k_clean\gitlab.com-kicad-libraries-kicad-footprints-tree-master-Connector-Connector_01x16.md","gitlab.com-kicad-libraries-kicad-footprints-tree-master-Connector-Connector_01x16.md","markdown_10k_clean","https://gitlab.com/kicad/libraries/kicad-footprints/-/tree/master/Connector/Connector_01x16","https://gitlab.com/kicad/libraries/kicad-footprints/-/tree/master/Connector/Connector_01x16","url_002974","source_url","91_rejected_low_value","91_rejected_low_value\url_002974--gitlab.com-kicad-libraries-kicad-footprints-tree-master-Connector-Connector_01x16.md","copied","copied_to_category"
"C:\KICAD_SCRAPE\markdown_10k_clean\gitlab.com-kicad-libraries-kicad-footprints-tree-master-Connector-Connector_01x17.md","gitlab.com-kicad-libraries-kicad-footprints-tree-master-Connector-Connector_01x17.md","markdown_10k_clean","https://gitlab.com/kicad/libraries/kicad-footprints/-/tree/master/Connector/Connector_01x17","https://gitlab.com/kicad/libraries/kicad-footprints/-/tree/master/Connector/Connector_01x17","url_002975","source_url","91_rejected_low_value","91_rejected_low_value\url_002975--gitlab.com-kicad-libraries-kicad-footprints-tree-master-Connector-Connector_01x17.md","copied","copied_to_category"
"C:\KICAD_SCRAPE\markdown_10k_clean\gitlab.com-kicad-libraries-kicad-footprints-tree-master-Connector-Connector_01x18.md","gitlab.com-kicad-libraries-kicad-footprints-tree-master-Connector-Connector_01x18.md","markdown_10k_clean","https://gitlab.com/kicad/libraries/kicad-footprints/-/tree/master/Connector/Connector_01x18","https://gitlab.com/kicad/libraries/kicad-footprints/-/tree/master/Connector/Connector_01x18","url_002976","source_url","91_rejected_low_value","91_rejected_low_value\url_002976--gitlab.com-kicad-libraries-kicad-footprints-tree-master-Connector-Connector_01x18.md","copied","copied_to_category"
"C:\KICAD_SCRAPE\markdown_10k_clean\gitlab.com-kicad-libraries-kicad-footprints-tree-master-Connector-Connector_01x19.md","gitlab.com-kicad-libraries-kicad-footprints-tree-master-Connector-Connector_01x19.md","markdown_10k_clean","https://gitlab.com/kicad/libraries/kicad-footprints/-/tree/master/Connector/Connector_01x19","https://gitlab.com/kicad/libraries/kicad-footprints/-/tree/master/Connector/Connector_01x19","url_002977","source_url","91_rejected_low_value","91_rejected_low_value\url_002977--gitlab.com-kicad-libraries-kicad-footprints-tree-master-Connector-Connector_01x19.md","copied","copied_to_category"
"C:\KICAD_SCRAPE\markdown_10k_clean\gitlab.com-kicad-libraries-kicad-footprints-tree-master-Connector-Connector_01x20.md","gitlab.com-kicad-libraries-kicad-footprints-tree-master-Connector-Connector_01x20.md","markdown_10k_clean","https://gitlab.com/kicad/libraries/kicad-footprints/-/tree/master/Connector/Connector_01x20","https://gitlab.com/kicad/libraries/kicad-footprints/-/tree/master/Connector/Connector_01x20","url_002978","source_url","91_rejected_low_value","91_rejected_low_value\url_002978--gitlab.com-kicad-libraries-kicad-footprints-tree-master-Connector-Connector_01x20.md","copied","copied_to_category"
"C:\KICAD_SCRAPE\markdown_10k_clean\gitlab.com-kicad-libraries-kicad-footprints-tree-master-Connector-Connector_01x21.md","gitlab.com-kicad-libraries-kicad-footprints-tree-master-Connector-Connector_01x21.md","markdown_10k_clean","https://gitlab.com/kicad/libraries/kicad-footprints/-/tree/master/Connector/Connector_01x21","https://gitlab.com/kicad/libraries/kicad-footprints/-/tree/master/Connector/Connector_01x21","url_002979","source_url","91_rejected_low_value","91_rejected_low_value\url_002979--gitlab.com-kicad-libraries-kicad-footprints-tree-master-Connector-Connector_01x21.md","copied","copied_to_category"
"C:\KICAD_SCRAPE\markdown_10k_clean\gitlab.com-kicad-libraries-kicad-footprints-tree-master-Connector-Connector_01x22.md","gitlab.com-kicad-libraries-kicad-footprints-tree-master-Connector-Connector_01x22.md","markdown_10k_clean","https://gitlab.com/kicad/libraries/kicad-footprints/-/tree/master/Connector/Connector_01x22","https://gitlab.com/kicad/libraries/kicad-footprints/-/tree/master/Connector/Connector_01x22","url_002980","source_url","91_rejected_low_value","91_rejected_low_value\url_002980--gitlab.com-kicad-libraries-kicad-footprints-tree-master-Connector-Connector_01x22.md","copied","copied_to_category"
"C:\KICAD_SCRAPE\markdown_10k_clean\gitlab.com-kicad-libraries-kicad-footprints-tree-master-Connector-Connector_01x23.md","gitlab.com-kicad-libraries-kicad-footprints-tree-master-Connector-Connector_01x23.md","markdown_10k_clean","https://gitlab.com/kicad/libraries/kicad-footprints/-/tree/master/Connector/Connector_01x23","https://gitlab.com/kicad/libraries/kicad-footprints/-/tree/master/Connector/Connector_01x23","url_002981","source_url","91_rejected_low_value","91_rejected_low_value\url_002981--gitlab.com-kicad-libraries-kicad-footprints-tree-master-Connector-Connector_01x23.md","copied","copied_to_category"
"C:\KICAD_SCRAPE\markdown_10k_clean\gitlab.com-kicad-libraries-kicad-footprints-tree-master-Connector-Connector_01x24.md","gitlab.com-kicad-libraries-kicad-footprints-tree-master-Connector-Connector_01x24.md","markdown_10k_clean","https://gitlab.com/kicad/libraries/kicad-footprints/-/tree/master/Connector/Connector_01x24","https://gitlab.com/kicad/libraries/kicad-footprints/-/tree/master/Connector/Connector_01x24","url_002982","source_url","91_rejected_low_value","91_rejected_low_value\url_002982--gitlab.com-kicad-libraries-kicad-footprints-tree-master-Connector-Connector_01x24.md","copied","copied_to_category"
"C:\KICAD_SCRAPE\markdown_10k_clean\gitlab.com-kicad-libraries-kicad-footprints-tree-master-Connector-Connector_01x25.md","gitlab.com-kicad-libraries-kicad-footprints-tree-master-Connector-Connector_01x25.md","markdown_10k_clean","https://gitlab.com/kicad/libraries/kicad-footprints/-/tree/master/Connector/Connector_01x25","https://gitlab.com/kicad/libraries/kicad-footprints/-/tree/master/Connector/Connector_01x25","url_002983","source_url","91_rejected_low_value","91_rejected_low_value\url_002983--gitlab.com-kicad-libraries-kicad-footprints-tree-master-Connector-Connector_01x25.md","copied","copied_to_category"
"C:\KICAD_SCRAPE\markdown_10k_clean\gitlab.com-kicad-libraries-kicad-footprints-tree-master-Connector-Connector_01x26.md","gitlab.com-kicad-libraries-kicad-footprints-tree-master-Connector-Connector_01x26.md","markdown_10k_clean","https://gitlab.com/kicad/libraries/kicad-footprints/-/tree/master/Connector/Connector_01x26","https://gitlab.com/kicad/libraries/kicad-footprints/-/tree/master/Connector/Connector_01x26","url_002984","source_url","91_rejected_low_value","91_rejected_low_value\url_002984--gitlab.com-kicad-libraries-kicad-footprints-tree-master-Connector-Connector_01x26.md","copied","copied_to_category"
"C:\KICAD_SCRAPE\markdown_10k_clean\gitlab.com-kicad-libraries-kicad-footprints-tree-master-Connector-Connector_01x27.md","gitlab.com-kicad-libraries-kicad-footprints-tree-master-Connector-Connector_01x27.md","markdown_10k_clean","https://gitlab.com/kicad/libraries/kicad-footprints/-/tree/master/Connector/Connector_01x27","https://gitlab.com/kicad/libraries/kicad-footprints/-/tree/master/Connector/Connector_01x27","url_002985","source_url","91_rejected_low_value","91_rejected_low_value\url_002985--gitlab.com-kicad-libraries-kicad-footprints-tree-master-Connector-Connector_01x27.md","copied","copied_to_category"
"C:\KICAD_SCRAPE\markdown_10k_clean\gitlab.com-kicad-libraries-kicad-footprints-tree-master-Connector-Connector_01x28.md","gitlab.com-kicad-libraries-kicad-footprints-tree-master-Connector-Connector_01x28.md","markdown_10k_clean","https://gitlab.com/kicad/libraries/kicad-footprints/-/tree/master/Connector/Connector_01x28","https://gitlab.com/kicad/libraries/kicad-footprints/-/tree/master/Connector/Connector_01x28","url_002986","source_url","91_rejected_low_value","91_rejected_low_value\url_002986--gitlab.com-kicad-libraries-kicad-footprints-tree-master-Connector-Connector_01x28.md","copied","copied_to_category"
"C:\KICAD_SCRAPE\markdown_10k_clean\gitlab.com-kicad-libraries-kicad-footprints-tree-master-Connector-Connector_01x29.md","gitlab.com-kicad-libraries-kicad-footprints-tree-master-Connector-Connector_01x29.md","markdown_10k_clean","https://gitlab.com/kicad/libraries/kicad-footprints/-/tree/master/Connector/Connector_01x29","https://gitlab.com/kicad/libraries/kicad-footprints/-/tree/master/Connector/Connector_01x29","url_002987","source_url","91_rejected_low_value","91_rejected_low_value\url_002987--gitlab.com-kicad-libraries-kicad-footprints-tree-master-Connector-Connector_01x29.md","copied","copied_to_category"
"C:\KICAD_SCRAPE\markdown_10k_clean\gitlab.com-kicad-libraries-kicad-footprints-tree-master-Connector-Connector_01x30.md","gitlab.com-kicad-libraries-kicad-footprints-tree-master-Connector-Connector_01x30.md","markdown_10k_clean","https://gitlab.com/kicad/libraries/kicad-footprints/-/tree/master/Connector/Connector_01x30","https://gitlab.com/kicad/libraries/kicad-footprints/-/tree/master/Connector/Connector_01x30","url_002988","source_url","91_rejected_low_value","91_rejected_low_value\url_002988--gitlab.com-kicad-libraries-kicad-footprints-tree-master-Connector-Connector_01x30.md","copied","copied_to_category"
"C:\KICAD_SCRAPE\markdown_10k_clean\gitlab.com-kicad-libraries-kicad-footprints-tree-master-Connector-Connector_01x31.md","gitlab.com-kicad-libraries-kicad-footprints-tree-master-Connector-Connector_01x31.md","markdown_10k_clean","https://gitlab.com/kicad/libraries/kicad-footprints/-/tree/master/Connector/Connector_01x31","https://gitlab.com/kicad/libraries/kicad-footprints/-/tree/master/Connector/Connector_01x31","url_002989","source_url","91_rejected_low_value","91_rejected_low_value\url_002989--gitlab.com-kicad-libraries-kicad-footprints-tree-master-Connector-Connector_01x31.md","copied","copied_to_category"
"C:\KICAD_SCRAPE\markdown_10k_clean\gitlab.com-kicad-libraries-kicad-footprints-tree-master-Connector-Connector_01x32.md","gitlab.com-kicad-libraries-kicad-footprints-tree-master-Connector-Connector_01x32.md","markdown_10k_clean","https://gitlab.com/kicad/libraries/kicad-footprints/-/tree/master/Connector/Connector_01x32","https://gitlab.com/kicad/libraries/kicad-footprints/-/tree/master/Connector/Connector_01x32","url_002990","source_url","91_rejected_low_value","91_rejected_low_value\url_002990--gitlab.com-kicad-libraries-kicad-footprints-tree-master-Connector-Connector_01x32.md","copied","copied_to_category"
"C:\KICAD_SCRAPE\markdown_10k_clean\gitlab.com-kicad-libraries-kicad-footprints-tree-master-Connector-Connector_01x33.md","gitlab.com-kicad-libraries-kicad-footprints-tree-master-Connector-Connector_01x33.md","markdown_10k_clean","https://gitlab.com/kicad/libraries/kicad-footprints/-/tree/master/Connector/Connector_01x33","https://gitlab.com/kicad/libraries/kicad-footprints/-/tree/master/Connector/Connector_01x33","url_002991","source_url","91_rejected_low_value","91_rejected_low_value\url_002991--gitlab.com-kicad-libraries-kicad-footprints-tree-master-Connector-Connector_01x33.md","copied","copied_to_category"
"C:\KICAD_SCRAPE\markdown_10k_clean\gitlab.com-kicad-libraries-kicad-footprints-tree-master-Connector-Connector_01x34.md","gitlab.com-kicad-libraries-kicad-footprints-tree-master-Connector-Connector_01x34.md","markdown_10k_clean","https://gitlab.com/kicad/libraries/kicad-footprints/-/tree/master/Connector/Connector_01x34","https://gitlab.com/kicad/libraries/kicad-footprints/-/tree/master/Connector/Connector_01x34","url_002992","source_url","91_rejected_low_value","91_rejected_low_value\url_002992--gitlab.com-kicad-libraries-kicad-footprints-tree-master-Connector-Connector_01x34.md","copied","copied_to_category"
"C:\KICAD_SCRAPE\markdown_10k_clean\gitlab.com-kicad-libraries-kicad-footprints-tree-master-Connector-Connector_01x35.md","gitlab.com-kicad-libraries-kicad-footprints-tree-master-Connector-Connector_01x35.md","markdown_10k_clean","https://gitlab.com/kicad/libraries/kicad-footprints/-/tree/master/Connector/Connector_01x35","https://gitlab.com/kicad/libraries/kicad-footprints/-/tree/master/Connector/Connector_01x35","url_002993","source_url","91_rejected_low_value","91_rejected_low_value\url_002993--gitlab.com-kicad-libraries-kicad-footprints-tree-master-Connector-Connector_01x35.md","copied","copied_to_category"
"C:\KICAD_SCRAPE\markdown_10k_clean\gitlab.com-kicad-libraries-kicad-footprints-tree-master-Connector-Connector_01x36.md","gitlab.com-kicad-libraries-kicad-footprints-tree-master-Connector-Connector_01x36.md","markdown_10k_clean","https://gitlab.com/kicad/libraries/kicad-footprints/-/tree/master/Connector/Connector_01x36","https://gitlab.com/kicad/libraries/kicad-footprints/-/tree/master/Connector/Connector_01x36","url_002994","source_url","91_rejected_low_value","91_rejected_low_value\url_002994--gitlab.com-kicad-libraries-kicad-footprints-tree-master-Connector-Connector_01x36.md","copied","copied_to_category"
"C:\KICAD_SCRAPE\markdown_10k_clean\gitlab.com-kicad-libraries-kicad-footprints-tree-master-Connector-Connector_01x37.md","gitlab.com-kicad-libraries-kicad-footprints-tree-master-Connector-Connector_01x37.md","markdown_10k_clean","https://gitlab.com/kicad/libraries/kicad-footprints/-/tree/master/Connector/Connector_01x37","https://gitlab.com/kicad/libraries/kicad-footprints/-/tree/master/Connector/Connector_01x37","url_002995","source_url","91_rejected_low_value","91_rejected_low_value\url_002995--gitlab.com-kicad-libraries-kicad-footprints-tree-master-Connector-Connector_01x37.md","copied","copied_to_category"
"C:\KICAD_SCRAPE\markdown_10k_clean\gitlab.com-kicad-libraries-kicad-footprints-tree-master-Connector-Connector_01x38.md","gitlab.com-kicad-libraries-kicad-footprints-tree-master-Connector-Connector_01x38.md","markdown_10k_clean","https://gitlab.com/kicad/libraries/kicad-footprints/-/tree/master/Connector/Connector_01x38","https://gitlab.com/kicad/libraries/kicad-footprints/-/tree/master/Connector/Connector_01x38","url_002996","source_url","91_rejected_low_value","91_rejected_low_value\url_002996--gitlab.com-kicad-libraries-kicad-footprints-tree-master-Connector-Connector_01x38.md","copied","copied_to_category"
"C:\KICAD_SCRAPE\markdown_10k_clean\gitlab.com-kicad-libraries-kicad-footprints-tree-master-Connector-Connector_01x39.md","gitlab.com-kicad-libraries-kicad-footprints-tree-master-Connector-Connector_01x39.md","markdown_10k_clean","https://gitlab.com/kicad/libraries/kicad-footprints/-/tree/master/Connector/Connector_01x39","https://gitlab.com/kicad/libraries/kicad-footprints/-/tree/master/Connector/Connector_01x39","url_002997","source_url","91_rejected_low_value","91_rejected_low_value\url_002997--gitlab.com-kicad-libraries-kicad-footprints-tree-master-Connector-Connector_01x39.md","copied","copied_to_category"
"C:\KICAD_SCRAPE\markdown_10k_clean\gitlab.com-kicad-libraries-kicad-footprints-tree-master-Connector-Connector_01x40.md","gitlab.com-kicad-libraries-kicad-footprints-tree-master-Connector-Connector_01x40.md","markdown_10k_clean","https://gitlab.com/kicad/libraries/kicad-footprints/-/tree/master/Connector/Connector_01x40","https://gitlab.com/kicad/libraries/kicad-footprints/-/tree/master/Connector/Connector_01x40","url_002998","source_url","91_rejected_low_value","91_rejected_low_value\url_002998--gitlab.com-kicad-libraries-kicad-footprints-tree-master-Connector-Connector_01x40.md","copied","copied_to_category"
"C:\KICAD_SCRAPE\markdown_10k_clean\gitlab.com-kicad-libraries-kicad-footprints-tree-master-Connector-Connector_01x41.md","gitlab.com-kicad-libraries-kicad-footprints-tree-master-Connector-Connector_01x41.md","markdown_10k_clean","https://gitlab.com/kicad/libraries/kicad-footprints/-/tree/master/Connector/Connector_01x41","https://gitlab.com/kicad/libraries/kicad-footprints/-/tree/master/Connector/Connector_01x41","url_002999","source_url","91_rejected_low_value","91_rejected_low_value\url_002999--gitlab.com-kicad-libraries-kicad-footprints-tree-master-Connector-Connector_01x41.md","copied","copied_to_category"
"C:\KICAD_SCRAPE\markdown_10k_clean\gitlab.com-kicad-libraries-kicad-footprints-tree-master-Connector-Connector_01x42.md","gitlab.com-kicad-libraries-kicad-footprints-tree-master-Connector-Connector_01x42.md","markdown_10k_clean","https://gitlab.com/kicad/libraries/kicad-footprints/-/tree/master/Connector/Connector_01x42","https://gitlab.com/kicad/libraries/kicad-footprints/-/tree/master/Connector/Connector_01x42","url_003000","source_url","91_rejected_low_value","91_rejected_low_value\url_003000--gitlab.com-kicad-libraries-kicad-footprints-tree-master-Connector-Connector_01x42.md","copied","copied_to_category"
"C:\KICAD_SCRAPE\markdown_10k_clean\gitlab.com-kicad-libraries-kicad-footprints-tree-master-Connector-Connector_01x43.md","gitlab.com-kicad-libraries-kicad-footprints-tree-master-Connector-Connector_01x43.md","markdown_10k_clean","https://gitlab.com/kicad/libraries/kicad-footprints/-/tree/master/Connector/Connector_01x43","https://gitlab.com/kicad/libraries/kicad-footprints/-/tree/master/Connector/Connector_01x43","url_003001","source_url","91_rejected_low_value","91_rejected_low_value\url_003001--gitlab.com-kicad-libraries-kicad-footprints-tree-master-Connector-Connector_01x43.md","copied","copied_to_category"
"C:\KICAD_SCRAPE\markdown_10k_clean\gitlab.com-kicad-libraries-kicad-footprints-tree-master-Connector-Connector_01x44.md","gitlab.com-kicad-libraries-kicad-footprints-tree-master-Connector-Connector_01x44.md","markdown_10k_clean","https://gitlab.com/kicad/libraries/kicad-footprints/-/tree/master/Connector/Connector_01x44","https://gitlab.com/kicad/libraries/kicad-footprints/-/tree/master/Connector/Connector_01x44","url_003002","source_url","91_rejected_low_value","91_rejected_low_value\url_003002--gitlab.com-kicad-libraries-kicad-footprints-tree-master-Connector-Connector_01x44.md","copied","copied_to_category"
"C:\KICAD_SCRAPE\markdown_10k_clean\gitlab.com-kicad-libraries-kicad-footprints-tree-master-Connector-Connector_01x45.md","gitlab.com-kicad-libraries-kicad-footprints-tree-master-Connector-Connector_01x45.md","markdown_10k_clean","https://gitlab.com/kicad/libraries/kicad-footprints/-/tree/master/Connector/Connector_01x45","https://gitlab.com/kicad/libraries/kicad-footprints/-/tree/master/Connector/Connector_01x45","url_003003","source_url","91_rejected_low_value","91_rejected_low_value\url_003003--gitlab.com-kicad-libraries-kicad-footprints-tree-master-Connector-Connector_01x45.md","copied","copied_to_category"
"C:\KICAD_SCRAPE\markdown_10k_clean\gitlab.com-kicad-libraries-kicad-footprints-tree-master-Connector-Connector_01x46.md","gitlab.com-kicad-libraries-kicad-footprints-tree-master-Connector-Connector_01x46.md","markdown_10k_clean","https://gitlab.com/kicad/libraries/kicad-footprints/-/tree/master/Connector/Connector_01x46","https://gitlab.com/kicad/libraries/kicad-footprints/-/tree/master/Connector/Connector_01x46","url_003004","source_url","91_rejected_low_value","91_rejected_low_value\url_003004--gitlab.com-kicad-libraries-kicad-footprints-tree-master-Connector-Connector_01x46.md","copied","copied_to_category"
"C:\KICAD_SCRAPE\markdown_10k_clean\gitlab.com-kicad-libraries-kicad-footprints-tree-master-Connector-Connector_01x47.md","gitlab.com-kicad-libraries-kicad-footprints-tree-master-Connector-Connector_01x47.md","markdown_10k_clean","https://gitlab.com/kicad/libraries/kicad-footprints/-/tree/master/Connector/Connector_01x47","https://gitlab.com/kicad/libraries/kicad-footprints/-/tree/master/Connector/Connector_01x47","url_003005","source_url","91_rejected_low_value","91_rejected_low_value\url_003005--gitlab.com-kicad-libraries-kicad-footprints-tree-master-Connector-Connector_01x47.md","copied","copied_to_category"
"C:\KICAD_SCRAPE\markdown_10k_clean\gitlab.com-kicad-libraries-kicad-footprints-tree-master-Connector-Connector_01x48.md","gitlab.com-kicad-libraries-kicad-footprints-tree-master-Connector-Connector_01x48.md","markdown_10k_clean","https://gitlab.com/kicad/libraries/kicad-footprints/-/tree/master/Connector/Connector_01x48","https://gitlab.com/kicad/libraries/kicad-footprints/-/tree/master/Connector/Connector_01x48","url_003006","source_url","91_rejected_low_value","91_rejected_low_value\url_003006--gitlab.com-kicad-libraries-kicad-footprints-tree-master-Connector-Connector_01x48.md","copied","copied_to_category"
"C:\KICAD_SCRAPE\markdown_10k_clean\gitlab.com-kicad-libraries-kicad-footprints-tree-master-Connector-Connector_01x49.md","gitlab.com-kicad-libraries-kicad-footprints-tree-master-Connector-Connector_01x49.md","markdown_10k_clean","https://gitlab.com/kicad/libraries/kicad-footprints/-/tree/master/Connector/Connector_01x49","https://gitlab.com/kicad/libraries/kicad-footprints/-/tree/master/Connector/Connector_01x49","url_003007","source_url","91_rejected_low_value","91_rejected_low_value\url_003007--gitlab.com-kicad-libraries-kicad-footprints-tree-master-Connector-Connector_01x49.md","copied","copied_to_category"
"C:\KICAD_SCRAPE\markdown_10k_clean\gitlab.com-kicad-libraries-kicad-footprints-tree-master-Connector-Connector_01x50.md","gitlab.com-kicad-libraries-kicad-footprints-tree-master-Connector-Connector_01x50.md","markdown_10k_clean","https://gitlab.com/kicad/libraries/kicad-footprints/-/tree/master/Connector/Connector_01x50","https://gitlab.com/kicad/libraries/kicad-footprints/-/tree/master/Connector/Connector_01x50","url_003008","source_url","91_rejected_low_value","91_rejected_low_value\url_003008--gitlab.com-kicad-libraries-kicad-footprints-tree-master-Connector-Connector_01x50.md","copied","copied_to_category"
"C:\KICAD_SCRAPE\markdown_10k_clean\gitlab.com-kicad-libraries-kicad-footprints-tree-master-Connector-Connector_01x51.md","gitlab.com-kicad-libraries-kicad-footprints-tree-master-Connector-Connector_01x51.md","markdown_10k_clean","https://gitlab.com/kicad/libraries/kicad-footprints/-/tree/master/Connector/Connector_01x51","https://gitlab.com/kicad/libraries/kicad-footprints/-/tree/master/Connector/Connector_01x51","url_003009","source_url","91_rejected_low_value","91_rejected_low_value\url_003009--gitlab.com-kicad-libraries-kicad-footprints-tree-master-Connector-Connector_01x51.md","copied","copied_to_category"
"C:\KICAD_SCRAPE\markdown_10k_clean\gitlab.com-kicad-libraries-kicad-footprints-tree-master-Connector-Connector_01x52.md","gitlab.com-kicad-libraries-kicad-footprints-tree-master-Connector-Connector_01x52.md","markdown_10k_clean","https://gitlab.com/kicad/libraries/kicad-footprints/-/tree/master/Connector/Connector_01x52","https://gitlab.com/kicad/libraries/kicad-footprints/-/tree/master/Connector/Connector_01x52","url_003010","source_url","91_rejected_low_value","91_rejected_low_value\url_003010--gitlab.com-kicad-libraries-kicad-footprints-tree-master-Connector-Connector_01x52.md","copied","copied_to_category"
"C:\KICAD_SCRAPE\markdown_10k_clean\gitlab.com-kicad-libraries-kicad-footprints-tree-master-Connector-Connector_01x53.md","gitlab.com-kicad-libraries-kicad-footprints-tree-master-Connector-Connector_01x53.md","markdown_10k_clean","https://gitlab.com/kicad/libraries/kicad-footprints/-/tree/master/Connector/Connector_01x53","https://gitlab.com/kicad/libraries/kicad-footprints/-/tree/master/Connector/Connector_01x53","url_003011","source_url","91_rejected_low_value","91_rejected_low_value\url_003011--gitlab.com-kicad-libraries-kicad-footprints-tree-master-Connector-Connector_01x53.md","copied","copied_to_category"
"C:\KICAD_SCRAPE\markdown_10k_clean\gitlab.com-kicad-libraries-kicad-footprints-tree-master-Connector-Connector_01x54.md","gitlab.com-kicad-libraries-kicad-footprints-tree-master-Connector-Connector_01x54.md","markdown_10k_clean","https://gitlab.com/kicad/libraries/kicad-footprints/-/tree/master/Connector/Connector_01x54","https://gitlab.com/kicad/libraries/kicad-footprints/-/tree/master/Connector/Connector_01x54","url_003012","source_url","91_rejected_low_value","91_rejected_low_value\url_003012--gitlab.com-kicad-libraries-kicad-footprints-tree-master-Connector-Connector_01x54.md","copied","copied_to_category"
"C:\KICAD_SCRAPE\markdown_10k_clean\gitlab.com-kicad-libraries-kicad-footprints-tree-master-Connector-Connector_01x55.md","gitlab.com-kicad-libraries-kicad-footprints-tree-master-Connector-Connector_01x55.md","markdown_10k_clean","https://gitlab.com/kicad/libraries/kicad-footprints/-/tree/master/Connector/Connector_01x55","https://gitlab.com/kicad/libraries/kicad-footprints/-/tree/master/Connector/Connector_01x55","url_003013","source_url","91_rejected_low_value","91_rejected_low_value\url_003013--gitlab.com-kicad-libraries-kicad-footprints-tree-master-Connector-Connector_01x55.md","copied","copied_to_category"
"C:\KICAD_SCRAPE\markdown_10k_clean\gitlab.com-kicad-libraries-kicad-footprints-tree-master-Connector-Connector_01x56.md","gitlab.com-kicad-libraries-kicad-footprints-tree-master-Connector-Connector_01x56.md","markdown_10k_clean","https://gitlab.com/kicad/libraries/kicad-footprints/-/tree/master/Connector/Connector_01x56","https://gitlab.com/kicad/libraries/kicad-footprints/-/tree/master/Connector/Connector_01x56","url_003014","source_url","91_rejected_low_value","91_rejected_low_value\url_003014--gitlab.com-kicad-libraries-kicad-footprints-tree-master-Connector-Connector_01x56.md","copied","copied_to_category"
"C:\KICAD_SCRAPE\markdown_10k_clean\gitlab.com-kicad-libraries-kicad-footprints-tree-master-Connector-Connector_01x57.md","gitlab.com-kicad-libraries-kicad-footprints-tree-master-Connector-Connector_01x57.md","markdown_10k_clean","https://gitlab.com/kicad/libraries/kicad-footprints/-/tree/master/Connector/Connector_01x57","https://gitlab.com/kicad/libraries/kicad-footprints/-/tree/master/Connector/Connector_01x57","url_003015","source_url","91_rejected_low_value","91_rejected_low_value\url_003015--gitlab.com-kicad-libraries-kicad-footprints-tree-master-Connector-Connector_01x57.md","copied","copied_to_category"
"C:\KICAD_SCRAPE\markdown_10k_clean\gitlab.com-kicad-libraries-kicad-footprints-tree-master-Connector-Connector_01x58.md","gitlab.com-kicad-libraries-kicad-footprints-tree-master-Connector-Connector_01x58.md","markdown_10k_clean","https://gitlab.com/kicad/libraries/kicad-footprints/-/tree/master/Connector/Connector_01x58","https://gitlab.com/kicad/libraries/kicad-footprints/-/tree/master/Connector/Connector_01x58","url_003016","source_url","91_rejected_low_value","91_rejected_low_value\url_003016--gitlab.com-kicad-libraries-kicad-footprints-tree-master-Connector-Connector_01x58.md","copied","copied_to_category"
"C:\KICAD_SCRAPE\markdown_10k_clean\gitlab.com-kicad-libraries-kicad-footprints-tree-master-Connector-Connector_01x59.md","gitlab.com-kicad-libraries-kicad-footprints-tree-master-Connector-Connector_01x59.md","markdown_10k_clean","https://gitlab.com/kicad/libraries/kicad-footprints/-/tree/master/Connector/Connector_01x59","https://gitlab.com/kicad/libraries/kicad-footprints/-/tree/master/Connector/Connector_01x59","url_003017","source_url","91_rejected_low_value","91_rejected_low_value\url_003017--gitlab.com-kicad-libraries-kicad-footprints-tree-master-Connector-Connector_01x59.md","copied","copied_to_category"
"C:\KICAD_SCRAPE\markdown_10k_clean\gitlab.com-kicad-libraries-kicad-footprints-tree-master-Connector-Connector_01x60.md","gitlab.com-kicad-libraries-kicad-footprints-tree-master-Connector-Connector_01x60.md","markdown_10k_clean","https://gitlab.com/kicad/libraries/kicad-footprints/-/tree/master/Connector/Connector_01x60","https://gitlab.com/kicad/libraries/kicad-footprints/-/tree/master/Connector/Connector_01x60","url_003018","source_url","91_rejected_low_value","91_rejected_low_value\url_003018--gitlab.com-kicad-libraries-kicad-footprints-tree-master-Connector-Connector_01x60.md","copied","copied_to_category"
"C:\KICAD_SCRAPE\markdown_10k_clean\gitlab.com-kicad-libraries-kicad-footprints-tree-master-Connector-Connector_01x61.md","gitlab.com-kicad-libraries-kicad-footprints-tree-master-Connector-Connector_01x61.md","markdown_10k_clean","https://gitlab.com/kicad/libraries/kicad-footprints/-/tree/master/Connector/Connector_01x61","https://gitlab.com/kicad/libraries/kicad-footprints/-/tree/master/Connector/Connector_01x61","url_003019","source_url","91_rejected_low_value","91_rejected_low_value\url_003019--gitlab.com-kicad-libraries-kicad-footprints-tree-master-Connector-Connector_01x61.md","copied","copied_to_category"
"C:\KICAD_SCRAPE\markdown_10k_clean\gitlab.com-kicad-libraries-kicad-footprints-tree-master-Connector-Connector_01x62.md","gitlab.com-kicad-libraries-kicad-footprints-tree-master-Connector-Connector_01x62.md","markdown_10k_clean","https://gitlab.com/kicad/libraries/kicad-footprints/-/tree/master/Connector/Connector_01x62","https://gitlab.com/kicad/libraries/kicad-footprints/-/tree/master/Connector/Connector_01x62","url_003020","source_url","91_rejected_low_value","91_rejected_low_value\url_003020--gitlab.com-kicad-libraries-kicad-footprints-tree-master-Connector-Connector_01x62.md","copied","copied_to_category"
"C:\KICAD_SCRAPE\markdown_10k_clean\gitlab.com-kicad-libraries-kicad-footprints-tree-master-Connector-Connector_01x63.md","gitlab.com-kicad-libraries-kicad-footprints-tree-master-Connector-Connector_01x63.md","markdown_10k_clean","https://gitlab.com/kicad/libraries/kicad-footprints/-/tree/master/Connector/Connector_01x63","https://gitlab.com/kicad/libraries/kicad-footprints/-/tree/master/Connector/Connector_01x63","url_003021","source_url","91_rejected_low_value","91_rejected_low_value\url_003021--gitlab.com-kicad-libraries-kicad-footprints-tree-master-Connector-Connector_01x63.md","copied","copied_to_category"
"C:\KICAD_SCRAPE\markdown_10k_clean\gitlab.com-kicad-libraries-kicad-footprints-tree-master-Connector-Connector_01x64.md","gitlab.com-kicad-libraries-kicad-footprints-tree-master-Connector-Connector_01x64.md","markdown_10k_clean","https://gitlab.com/kicad/libraries/kicad-footprints/-/tree/master/Connector/Connector_01x64","https://gitlab.com/kicad/libraries/kicad-footprints/-/tree/master/Connector/Connector_01x64","url_003022","source_url","91_rejected_low_value","91_rejected_low_value\url_003022--gitlab.com-kicad-libraries-kicad-footprints-tree-master-Connector-Connector_01x64.md","copied","copied_to_category"
"C:\KICAD_SCRAPE\markdown_10k_clean\gitlab.com-kicad-libraries-kicad-footprints-tree-master-Connector-Connector_01x65.md","gitlab.com-kicad-libraries-kicad-footprints-tree-master-Connector-Connector_01x65.md","markdown_10k_clean","https://gitlab.com/kicad/libraries/kicad-footprints/-/tree/master/Connector/Connector_01x65","https://gitlab.com/kicad/libraries/kicad-footprints/-/tree/master/Connector/Connector_01x65","url_003023","source_url","91_rejected_low_value","91_rejected_low_value\url_003023--gitlab.com-kicad-libraries-kicad-footprints-tree-master-Connector-Connector_01x65.md","copied","copied_to_category"
"C:\KICAD_SCRAPE\markdown_10k_clean\gitlab.com-kicad-libraries-kicad-footprints-tree-master-Connector-Connector_01x66.md","gitlab.com-kicad-libraries-kicad-footprints-tree-master-Connector-Connector_01x66.md","markdown_10k_clean","https://gitlab.com/kicad/libraries/kicad-footprints/-/tree/master/Connector/Connector_01x66","https://gitlab.com/kicad/libraries/kicad-footprints/-/tree/master/Connector/Connector_01x66","url_003024","source_url","91_rejected_low_value","91_rejected_low_value\url_003024--gitlab.com-kicad-libraries-kicad-footprints-tree-master-Connector-Connector_01x66.md","copied","copied_to_category"
"C:\KICAD_SCRAPE\markdown_10k_clean\gitlab.com-kicad-libraries-kicad-footprints-tree-master-Connector-Connector_01x67.md","gitlab.com-kicad-libraries-kicad-footprints-tree-master-Connector-Connector_01x67.md","markdown_10k_clean","https://gitlab.com/kicad/libraries/kicad-footprints/-/tree/master/Connector/Connector_01x67","https://gitlab.com/kicad/libraries/kicad-footprints/-/tree/master/Connector/Connector_01x67","url_003025","source_url","91_rejected_low_value","91_rejected_low_value\url_003025--gitlab.com-kicad-libraries-kicad-footprints-tree-master-Connector-Connector_01x67.md","copied","copied_to_category"
"C:\KICAD_SCRAPE\markdown_10k_clean\gitlab.com-kicad-libraries-kicad-footprints-tree-master-Connector-Connector_01x68.md","gitlab.com-kicad-libraries-kicad-footprints-tree-master-Connector-Connector_01x68.md","markdown_10k_clean","https://gitlab.com/kicad/libraries/kicad-footprints/-/tree/master/Connector/Connector_01x68","https://gitlab.com/kicad/libraries/kicad-footprints/-/tree/master/Connector/Connector_01x68","url_003026","source_url","91_rejected_low_value","91_rejected_low_value\url_003026--gitlab.com-kicad-libraries-kicad-footprints-tree-master-Connector-Connector_01x68.md","copied","copied_to_category"
"C:\KICAD_SCRAPE\markdown_10k_clean\gitlab.com-kicad-libraries-kicad-footprints-tree-master-Connector-Connector_01x69.md","gitlab.com-kicad-libraries-kicad-footprints-tree-master-Connector-Connector_01x69.md","markdown_10k_clean","https://gitlab.com/kicad/libraries/kicad-footprints/-/tree/master/Connector/Connector_01x69","https://gitlab.com/kicad/libraries/kicad-footprints/-/tree/master/Connector/Connector_01x69","url_003027","source_url","91_rejected_low_value","91_rejected_low_value\url_003027--gitlab.com-kicad-libraries-kicad-footprints-tree-master-Connector-Connector_01x69.md","copied","copied_to_category"
"C:\KICAD_SCRAPE\markdown_10k_clean\gitlab.com-kicad-libraries-kicad-footprints-tree-master-Connector-Connector_01x70.md","gitlab.com-kicad-libraries-kicad-footprints-tree-master-Connector-Connector_01x70.md","markdown_10k_clean","https://gitlab.com/kicad/libraries/kicad-footprints/-/tree/master/Connector/Connector_01x70","https://gitlab.com/kicad/libraries/kicad-footprints/-/tree/master/Connector/Connector_01x70","url_003028","source_url","91_rejected_low_value","91_rejected_low_value\url_003028--gitlab.com-kicad-libraries-kicad-footprints-tree-master-Connector-Connector_01x70.md","copied","copied_to_category"
"C:\KICAD_SCRAPE\markdown_10k_clean\gitlab.com-kicad-libraries-kicad-footprints-tree-master-Connector-Connector_01x71.md","gitlab.com-kicad-libraries-kicad-footprints-tree-master-Connector-Connector_01x71.md","markdown_10k_clean","https://gitlab.com/kicad/libraries/kicad-footprints/-/tree/master/Connector/Connector_01x71","https://gitlab.com/kicad/libraries/kicad-footprints/-/tree/master/Connector/Connector_01x71","url_003029","source_url","91_rejected_low_value","91_rejected_low_value\url_003029--gitlab.com-kicad-libraries-kicad-footprints-tree-master-Connector-Connector_01x71.md","copied","copied_to_category"
"C:\KICAD_SCRAPE\markdown_10k_clean\gitlab.com-kicad-libraries-kicad-footprints-tree-master-Connector-Connector_01x72.md","gitlab.com-kicad-libraries-kicad-footprints-tree-master-Connector-Connector_01x72.md","markdown_10k_clean","https://gitlab.com/kicad/libraries/kicad-footprints/-/tree/master/Connector/Connector_01x72","https://gitlab.com/kicad/libraries/kicad-footprints/-/tree/master/Connector/Connector_01x72","url_003030","source_url","91_rejected_low_value","91_rejected_low_value\url_003030--gitlab.com-kicad-libraries-kicad-footprints-tree-master-Connector-Connector_01x72.md","copied","copied_to_category"
"C:\KICAD_SCRAPE\markdown_10k_clean\gitlab.com-kicad-libraries-kicad-footprints-tree-master-Connector-Connector_01x73.md","gitlab.com-kicad-libraries-kicad-footprints-tree-master-Connector-Connector_01x73.md","markdown_10k_clean","https://gitlab.com/kicad/libraries/kicad-footprints/-/tree/master/Connector/Connector_01x73","https://gitlab.com/kicad/libraries/kicad-footprints/-/tree/master/Connector/Connector_01x73","url_003031","source_url","91_rejected_low_value","91_rejected_low_value\url_003031--gitlab.com-kicad-libraries-kicad-footprints-tree-master-Connector-Connector_01x73.md","copied","copied_to_category"
"C:\KICAD_SCRAPE\markdown_10k_clean\gitlab.com-kicad-libraries-kicad-footprints-tree-master-Connector-Connector_01x74.md","gitlab.com-kicad-libraries-kicad-footprints-tree-master-Connector-Connector_01x74.md","markdown_10k_clean","https://gitlab.com/kicad/libraries/kicad-footprints/-/tree/master/Connector/Connector_01x74","https://gitlab.com/kicad/libraries/kicad-footprints/-/tree/master/Connector/Connector_01x74","url_003032","source_url","91_rejected_low_value","91_rejected_low_value\url_003032--gitlab.com-kicad-libraries-kicad-footprints-tree-master-Connector-Connector_01x74.md","copied","copied_to_category"
"C:\KICAD_SCRAPE\markdown_10k_clean\gitlab.com-kicad-libraries-kicad-footprints-tree-master-Connector-Connector_01x75.md","gitlab.com-kicad-libraries-kicad-footprints-tree-master-Connector-Connector_01x75.md","markdown_10k_clean","https://gitlab.com/kicad/libraries/kicad-footprints/-/tree/master/Connector/Connector_01x75","https://gitlab.com/kicad/libraries/kicad-footprints/-/tree/master/Connector/Connector_01x75","url_003033","source_url","91_rejected_low_value","91_rejected_low_value\url_003033--gitlab.com-kicad-libraries-kicad-footprints-tree-master-Connector-Connector_01x75.md","copied","copied_to_category"
"C:\KICAD_SCRAPE\markdown_10k_clean\gitlab.com-kicad-libraries-kicad-footprints-tree-master-Connector-Connector_01x76.md","gitlab.com-kicad-libraries-kicad-footprints-tree-master-Connector-Connector_01x76.md","markdown_10k_clean","https://gitlab.com/kicad/libraries/kicad-footprints/-/tree/master/Connector/Connector_01x76","https://gitlab.com/kicad/libraries/kicad-footprints/-/tree/master/Connector/Connector_01x76","url_003034","source_url","91_rejected_low_value","91_rejected_low_value\url_003034--gitlab.com-kicad-libraries-kicad-footprints-tree-master-Connector-Connector_01x76.md","copied","copied_to_category"
"C:\KICAD_SCRAPE\markdown_10k_clean\gitlab.com-kicad-libraries-kicad-footprints-tree-master-Connector-Connector_01x77.md","gitlab.com-kicad-libraries-kicad-footprints-tree-master-Connector-Connector_01x77.md","markdown_10k_clean","https://gitlab.com/kicad/libraries/kicad-footprints/-/tree/master/Connector/Connector_01x77","https://gitlab.com/kicad/libraries/kicad-footprints/-/tree/master/Connector/Connector_01x77","url_003035","source_url","91_rejected_low_value","91_rejected_low_value\url_003035--gitlab.com-kicad-libraries-kicad-footprints-tree-master-Connector-Connector_01x77.md","copied","copied_to_category"
"C:\KICAD_SCRAPE\markdown_10k_clean\gitlab.com-kicad-libraries-kicad-footprints-tree-master-Connector-Connector_01x78.md","gitlab.com-kicad-libraries-kicad-footprints-tree-master-Connector-Connector_01x78.md","markdown_10k_clean","https://gitlab.com/kicad/libraries/kicad-footprints/-/tree/master/Connector/Connector_01x78","https://gitlab.com/kicad/libraries/kicad-footprints/-/tree/master/Connector/Connector_01x78","url_003036","source_url","91_rejected_low_value","91_rejected_low_value\url_003036--gitlab.com-kicad-libraries-kicad-footprints-tree-master-Connector-Connector_01x78.md","copied","copied_to_category"
"C:\KICAD_SCRAPE\markdown_10k_clean\gitlab.com-kicad-libraries-kicad-footprints-tree-master-Connector-Connector_01x79.md","gitlab.com-kicad-libraries-kicad-footprints-tree-master-Connector-Connector_01x79.md","markdown_10k_clean","https://gitlab.com/kicad/libraries/kicad-footprints/-/tree/master/Connector/Connector_01x79","https://gitlab.com/kicad/libraries/kicad-footprints/-/tree/master/Connector/Connector_01x79","url_003037","source_url","91_rejected_low_value","91_rejected_low_value\url_003037--gitlab.com-kicad-libraries-kicad-footprints-tree-master-Connector-Connector_01x79.md","copied","copied_to_category"
"C:\KICAD_SCRAPE\markdown_10k_clean\gitlab.com-kicad-libraries-kicad-footprints-tree-master-Connector-Connector_01x80.md","gitlab.com-kicad-libraries-kicad-footprints-tree-master-Connector-Connector_01x80.md","markdown_10k_clean","https://gitlab.com/kicad/libraries/kicad-footprints/-/tree/master/Connector/Connector_01x80","https://gitlab.com/kicad/libraries/kicad-footprints/-/tree/master/Connector/Connector_01x80","url_003038","source_url","91_rejected_low_value","91_rejected_low_value\url_003038--gitlab.com-kicad-libraries-kicad-footprints-tree-master-Connector-Connector_01x80.md","copied","copied_to_category"
"C:\KICAD_SCRAPE\markdown_10k_clean\gitlab.com-kicad-libraries-kicad-footprints-tree-master-Connector-Connector_01x81.md","gitlab.com-kicad-libraries-kicad-footprints-tree-master-Connector-Connector_01x81.md","markdown_10k_clean","https://gitlab.com/kicad/libraries/kicad-footprints/-/tree/master/Connector/Connector_01x81","https://gitlab.com/kicad/libraries/kicad-footprints/-/tree/master/Connector/Connector_01x81","url_003039","source_url","91_rejected_low_value","91_rejected_low_value\url_003039--gitlab.com-kicad-libraries-kicad-footprints-tree-master-Connector-Connector_01x81.md","copied","copied_to_category"
"C:\KICAD_SCRAPE\markdown_10k_clean\gitlab.com-kicad-libraries-kicad-footprints-tree-master-Connector-Connector_01x82.md","gitlab.com-kicad-libraries-kicad-footprints-tree-master-Connector-Connector_01x82.md","markdown_10k_clean","https://gitlab.com/kicad/libraries/kicad-footprints/-/tree/master/Connector/Connector_01x82","https://gitlab.com/kicad/libraries/kicad-footprints/-/tree/master/Connector/Connector_01x82","url_003040","source_url","91_rejected_low_value","91_rejected_low_value\url_003040--gitlab.com-kicad-libraries-kicad-footprints-tree-master-Connector-Connector_01x82.md","copied","copied_to_category"
"C:\KICAD_SCRAPE\markdown_10k_clean\gitlab.com-kicad-libraries-kicad-footprints-tree-master-Connector-Connector_01x83.md","gitlab.com-kicad-libraries-kicad-footprints-tree-master-Connector-Connector_01x83.md","markdown_10k_clean","https://gitlab.com/kicad/libraries/kicad-footprints/-/tree/master/Connector/Connector_01x83","https://gitlab.com/kicad/libraries/kicad-footprints/-/tree/master/Connector/Connector_01x83","url_003041","source_url","91_rejected_low_value","91_rejected_low_value\url_003041--gitlab.com-kicad-libraries-kicad-footprints-tree-master-Connector-Connector_01x83.md","copied","copied_to_category"
"C:\KICAD_SCRAPE\markdown_10k_clean\gitlab.com-kicad-libraries-kicad-footprints-tree-master-Connector-Connector_01x84.md","gitlab.com-kicad-libraries-kicad-footprints-tree-master-Connector-Connector_01x84.md","markdown_10k_clean","https://gitlab.com/kicad/libraries/kicad-footprints/-/tree/master/Connector/Connector_01x84","https://gitlab.com/kicad/libraries/kicad-footprints/-/tree/master/Connector/Connector_01x84","url_003042","source_url","91_rejected_low_value","91_rejected_low_value\url_003042--gitlab.com-kicad-libraries-kicad-footprints-tree-master-Connector-Connector_01x84.md","copied","copied_to_category"
"C:\KICAD_SCRAPE\markdown_10k_clean\gitlab.com-kicad-libraries-kicad-footprints-tree-master-Connector-Connector_01x85.md","gitlab.com-kicad-libraries-kicad-footprints-tree-master-Connector-Connector_01x85.md","markdown_10k_clean","https://gitlab.com/kicad/libraries/kicad-footprints/-/tree/master/Connector/Connector_01x85","https://gitlab.com/kicad/libraries/kicad-footprints/-/tree/master/Connector/Connector_01x85","url_003043","source_url","91_rejected_low_value","91_rejected_low_value\url_003043--gitlab.com-kicad-libraries-kicad-footprints-tree-master-Connector-Connector_01x85.md","copied","copied_to_category"
"C:\KICAD_SCRAPE\markdown_10k_clean\gitlab.com-kicad-libraries-kicad-footprints-tree-master-Connector-Connector_01x86.md","gitlab.com-kicad-libraries-kicad-footprints-tree-master-Connector-Connector_01x86.md","markdown_10k_clean","https://gitlab.com/kicad/libraries/kicad-footprints/-/tree/master/Connector/Connector_01x86","https://gitlab.com/kicad/libraries/kicad-footprints/-/tree/master/Connector/Connector_01x86","url_003044","source_url","91_rejected_low_value","91_rejected_low_value\url_003044--gitlab.com-kicad-libraries-kicad-footprints-tree-master-Connector-Connector_01x86.md","copied","copied_to_category"
"C:\KICAD_SCRAPE\markdown_10k_clean\gitlab.com-kicad-libraries-kicad-footprints-tree-master-Connector-Connector_01x87.md","gitlab.com-kicad-libraries-kicad-footprints-tree-master-Connector-Connector_01x87.md","markdown_10k_clean","https://gitlab.com/kicad/libraries/kicad-footprints/-/tree/master/Connector/Connector_01x87","https://gitlab.com/kicad/libraries/kicad-footprints/-/tree/master/Connector/Connector_01x87","url_003045","source_url","91_rejected_low_value","91_rejected_low_value\url_003045--gitlab.com-kicad-libraries-kicad-footprints-tree-master-Connector-Connector_01x87.md","copied","copied_to_category"
"C:\KICAD_SCRAPE\markdown_10k_clean\gitlab.com-kicad-libraries-kicad-footprints-tree-master-Connector-Connector_01x88.md","gitlab.com-kicad-libraries-kicad-footprints-tree-master-Connector-Connector_01x88.md","markdown_10k_clean","https://gitlab.com/kicad/libraries/kicad-footprints/-/tree/master/Connector/Connector_01x88","https://gitlab.com/kicad/libraries/kicad-footprints/-/tree/master/Connector/Connector_01x88","url_003046","source_url","91_rejected_low_value","91_rejected_low_value\url_003046--gitlab.com-kicad-libraries-kicad-footprints-tree-master-Connector-Connector_01x88.md","copied","copied_to_category"
"C:\KICAD_SCRAPE\markdown_10k_clean\gitlab.com-kicad-libraries-kicad-footprints-tree-master-Connector-Connector_01x89.md","gitlab.com-kicad-libraries-kicad-footprints-tree-master-Connector-Connector_01x89.md","markdown_10k_clean","https://gitlab.com/kicad/libraries/kicad-footprints/-/tree/master/Connector/Connector_01x89","https://gitlab.com/kicad/libraries/kicad-footprints/-/tree/master/Connector/Connector_01x89","url_003047","source_url","91_rejected_low_value","91_rejected_low_value\url_003047--gitlab.com-kicad-libraries-kicad-footprints-tree-master-Connector-Connector_01x89.md","copied","copied_to_category"
"C:\KICAD_SCRAPE\markdown_10k_clean\gitlab.com-kicad-libraries-kicad-footprints-tree-master-Connector-Connector_01x90.md","gitlab.com-kicad-libraries-kicad-footprints-tree-master-Connector-Connector_01x90.md","markdown_10k_clean","https://gitlab.com/kicad/libraries/kicad-footprints/-/tree/master/Connector/Connector_01x90","https://gitlab.com/kicad/libraries/kicad-footprints/-/tree/master/Connector/Connector_01x90","url_003048","source_url","91_rejected_low_value","91_rejected_low_value\url_003048--gitlab.com-kicad-libraries-kicad-footprints-tree-master-Connector-Connector_01x90.md","copied","copied_to_category"
"C:\KICAD_SCRAPE\markdown_10k_clean\gitlab.com-kicad-libraries-kicad-footprints-tree-master-Connector-Connector_01x91.md","gitlab.com-kicad-libraries-kicad-footprints-tree-master-Connector-Connector_01x91.md","markdown_10k_clean","https://gitlab.com/kicad/libraries/kicad-footprints/-/tree/master/Connector/Connector_01x91","https://gitlab.com/kicad/libraries/kicad-footprints/-/tree/master/Connector/Connector_01x91","url_003049","source_url","91_rejected_low_value","91_rejected_low_value\url_003049--gitlab.com-kicad-libraries-kicad-footprints-tree-master-Connector-Connector_01x91.md","copied","copied_to_category"
"C:\KICAD_SCRAPE\markdown_10k_clean\gitlab.com-kicad-libraries-kicad-footprints-tree-master-Connector-Connector_01x92.md","gitlab.com-kicad-libraries-kicad-footprints-tree-master-Connector-Connector_01x92.md","markdown_10k_clean","https://gitlab.com/kicad/libraries/kicad-footprints/-/tree/master/Connector/Connector_01x92","https://gitlab.com/kicad/libraries/kicad-footprints/-/tree/master/Connector/Connector_01x92","url_003050","source_url","91_rejected_low_value","91_rejected_low_value\url_003050--gitlab.com-kicad-libraries-kicad-footprints-tree-master-Connector-Connector_01x92.md","copied","copied_to_category"
"C:\KICAD_SCRAPE\markdown_10k_clean\gitlab.com-kicad-libraries-kicad-footprints-tree-master-Connector-Connector_01x93.md","gitlab.com-kicad-libraries-kicad-footprints-tree-master-Connector-Connector_01x93.md","markdown_10k_clean","https://gitlab.com/kicad/libraries/kicad-footprints/-/tree/master/Connector/Connector_01x93","https://gitlab.com/kicad/libraries/kicad-footprints/-/tree/master/Connector/Connector_01x93","url_003051","source_url","91_rejected_low_value","91_rejected_low_value\url_003051--gitlab.com-kicad-libraries-kicad-footprints-tree-master-Connector-Connector_01x93.md","copied","copied_to_category"
"C:\KICAD_SCRAPE\markdown_10k_clean\gitlab.com-kicad-libraries-kicad-footprints-tree-master-Connector-Connector_01x94.md","gitlab.com-kicad-libraries-kicad-footprints-tree-master-Connector-Connector_01x94.md","markdown_10k_clean","https://gitlab.com/kicad/libraries/kicad-footprints/-/tree/master/Connector/Connector_01x94","https://gitlab.com/kicad/libraries/kicad-footprints/-/tree/master/Connector/Connector_01x94","url_003052","source_url","91_rejected_low_value","91_rejected_low_value\url_003052--gitlab.com-kicad-libraries-kicad-footprints-tree-master-Connector-Connector_01x94.md","copied","copied_to_category"
"C:\KICAD_SCRAPE\markdown_10k_clean\gitlab.com-kicad-libraries-kicad-footprints-tree-master-Connector-Connector_01x95.md","gitlab.com-kicad-libraries-kicad-footprints-tree-master-Connector-Connector_01x95.md","markdown_10k_clean","https://gitlab.com/kicad/libraries/kicad-footprints/-/tree/master/Connector/Connector_01x95","https://gitlab.com/kicad/libraries/kicad-footprints/-/tree/master/Connector/Connector_01x95","url_003053","source_url","91_rejected_low_value","91_rejected_low_value\url_003053--gitlab.com-kicad-libraries-kicad-footprints-tree-master-Connector-Connector_01x95.md","copied","copied_to_category"
"C:\KICAD_SCRAPE\markdown_10k_clean\gitlab.com-kicad-libraries-kicad-footprints-tree-master-Connector-Connector_01x96.md","gitlab.com-kicad-libraries-kicad-footprints-tree-master-Connector-Connector_01x96.md","markdown_10k_clean","https://gitlab.com/kicad/libraries/kicad-footprints/-/tree/master/Connector/Connector_01x96","https://gitlab.com/kicad/libraries/kicad-footprints/-/tree/master/Connector/Connector_01x96","url_003054","source_url","91_rejected_low_value","91_rejected_low_value\url_003054--gitlab.com-kicad-libraries-kicad-footprints-tree-master-Connector-Connector_01x96.md","copied","copied_to_category"
"C:\KICAD_SCRAPE\markdown_10k_clean\gitlab.com-kicad-libraries-kicad-footprints-tree-master-Connector-Connector_01x97.md","gitlab.com-kicad-libraries-kicad-footprints-tree-master-Connector-Connector_01x97.md","markdown_10k_clean","https://gitlab.com/kicad/libraries/kicad-footprints/-/tree/master/Connector/Connector_01x97","https://gitlab.com/kicad/libraries/kicad-footprints/-/tree/master/Connector/Connector_01x97","url_003055","source_url","91_rejected_low_value","91_rejected_low_value\url_003055--gitlab.com-kicad-libraries-kicad-footprints-tree-master-Connector-Connector_01x97.md","copied","copied_to_category"
"C:\KICAD_SCRAPE\markdown_10k_clean\gitlab.com-kicad-libraries-kicad-footprints-tree-master-Connector-Connector_01x98.md","gitlab.com-kicad-libraries-kicad-footprints-tree-master-Connector-Connector_01x98.md","markdown_10k_clean","https://gitlab.com/kicad/libraries/kicad-footprints/-/tree/master/Connector/Connector_01x98","https://gitlab.com/kicad/libraries/kicad-footprints/-/tree/master/Connector/Connector_01x98","url_003056","source_url","91_rejected_low_value","91_rejected_low_value\url_003056--gitlab.com-kicad-libraries-kicad-footprints-tree-master-Connector-Connector_01x98.md","copied","copied_to_category"
"C:\KICAD_SCRAPE\markdown_10k_clean\gitlab.com-kicad-libraries-kicad-footprints-tree-master-Connector-Connector_01x99.md","gitlab.com-kicad-libraries-kicad-footprints-tree-master-Connector-Connector_01x99.md","markdown_10k_clean","https://gitlab.com/kicad/libraries/kicad-footprints/-/tree/master/Connector/Connector_01x99","https://gitlab.com/kicad/libraries/kicad-footprints/-/tree/master/Connector/Connector_01x99","url_003057","source_url","91_rejected_low_value","91_rejected_low_value\url_003057--gitlab.com-kicad-libraries-kicad-footprints-tree-master-Connector-Connector_01x99.md","copied","copied_to_category"
"C:\KICAD_SCRAPE\markdown_10k_clean\gitlab.com-kicad-libraries-kicad-footprints-tree-master-Crystal-Crystal_SMD_1.md","gitlab.com-kicad-libraries-kicad-footprints-tree-master-Crystal-Crystal_SMD_1.md","markdown_10k_clean","https://gitlab.com/kicad/libraries/kicad-footprints/-/tree/master/Crystal/Crystal_SMD_1","https://gitlab.com/kicad/libraries/kicad-footprints/-/tree/master/Crystal/Crystal_SMD_1","url_003094","source_url","91_rejected_low_value","91_rejected_low_value\url_003094--gitlab.com-kicad-libraries-kicad-footprints-tree-master-Crystal-Crystal_SMD_1.md","copied","copied_to_category"
"C:\KICAD_SCRAPE\markdown_10k_clean\gitlab.com-kicad-libraries-kicad-footprints-tree-master-Crystal-Crystal_SMD_10.md","gitlab.com-kicad-libraries-kicad-footprints-tree-master-Crystal-Crystal_SMD_10.md","markdown_10k_clean","https://gitlab.com/kicad/libraries/kicad-footprints/-/tree/master/Crystal/Crystal_SMD_10","https://gitlab.com/kicad/libraries/kicad-footprints/-/tree/master/Crystal/Crystal_SMD_10","url_003095","source_url","91_rejected_low_value","91_rejected_low_value\url_003095--gitlab.com-kicad-libraries-kicad-footprints-tree-master-Crystal-Crystal_SMD_10.md","copied","copied_to_category"
"C:\KICAD_SCRAPE\markdown_10k_clean\gitlab.com-kicad-libraries-kicad-footprints-tree-master-Crystal-Crystal_SMD_11.md","gitlab.com-kicad-libraries-kicad-footprints-tree-master-Crystal-Crystal_SMD_11.md","markdown_10k_clean","https://gitlab.com/kicad/libraries/kicad-footprints/-/tree/master/Crystal/Crystal_SMD_11","https://gitlab.com/kicad/libraries/kicad-footprints/-/tree/master/Crystal/Crystal_SMD_11","url_003096","source_url","91_rejected_low_value","91_rejected_low_value\url_003096--gitlab.com-kicad-libraries-kicad-footprints-tree-master-Crystal-Crystal_SMD_11.md","copied","copied_to_category"
"C:\KICAD_SCRAPE\markdown_10k_clean\gitlab.com-kicad-libraries-kicad-footprints-tree-master-Crystal-Crystal_SMD_12.md","gitlab.com-kicad-libraries-kicad-footprints-tree-master-Crystal-Crystal_SMD_12.md","markdown_10k_clean","https://gitlab.com/kicad/libraries/kicad-footprints/-/tree/master/Crystal/Crystal_SMD_12","https://gitlab.com/kicad/libraries/kicad-footprints/-/tree/master/Crystal/Crystal_SMD_12","url_003097","source_url","91_rejected_low_value","91_rejected_low_value\url_003097--gitlab.com-kicad-libraries-kicad-footprints-tree-master-Crystal-Crystal_SMD_12.md","copied","copied_to_category"
"C:\KICAD_SCRAPE\markdown_10k_clean\gitlab.com-kicad-libraries-kicad-footprints-tree-master-Crystal-Crystal_SMD_2.md","gitlab.com-kicad-libraries-kicad-footprints-tree-master-Crystal-Crystal_SMD_2.md","markdown_10k_clean","https://gitlab.com/kicad/libraries/kicad-footprints/-/tree/master/Crystal/Crystal_SMD_2","https://gitlab.com/kicad/libraries/kicad-footprints/-/tree/master/Crystal/Crystal_SMD_2","url_003098","source_url","91_rejected_low_value","91_rejected_low_value\url_003098--gitlab.com-kicad-libraries-kicad-footprints-tree-master-Crystal-Crystal_SMD_2.md","copied","copied_to_category"
"C:\KICAD_SCRAPE\markdown_10k_clean\gitlab.com-kicad-libraries-kicad-footprints-tree-master-Crystal-Crystal_SMD_3.md","gitlab.com-kicad-libraries-kicad-footprints-tree-master-Crystal-Crystal_SMD_3.md","markdown_10k_clean","https://gitlab.com/kicad/libraries/kicad-footprints/-/tree/master/Crystal/Crystal_SMD_3","https://gitlab.com/kicad/libraries/kicad-footprints/-/tree/master/Crystal/Crystal_SMD_3","url_003099","source_url","91_rejected_low_value","91_rejected_low_value\url_003099--gitlab.com-kicad-libraries-kicad-footprints-tree-master-Crystal-Crystal_SMD_3.md","copied","copied_to_category"
"C:\KICAD_SCRAPE\markdown_10k_clean\gitlab.com-kicad-libraries-kicad-footprints-tree-master-Crystal-Crystal_SMD_4.md","gitlab.com-kicad-libraries-kicad-footprints-tree-master-Crystal-Crystal_SMD_4.md","markdown_10k_clean","https://gitlab.com/kicad/libraries/kicad-footprints/-/tree/master/Crystal/Crystal_SMD_4","https://gitlab.com/kicad/libraries/kicad-footprints/-/tree/master/Crystal/Crystal_SMD_4","url_003100","source_url","91_rejected_low_value","91_rejected_low_value\url_003100--gitlab.com-kicad-libraries-kicad-footprints-tree-master-Crystal-Crystal_SMD_4.md","copied","copied_to_category"
"C:\KICAD_SCRAPE\markdown_10k_clean\gitlab.com-kicad-libraries-kicad-footprints-tree-master-Crystal-Crystal_SMD_5.md","gitlab.com-kicad-libraries-kicad-footprints-tree-master-Crystal-Crystal_SMD_5.md","markdown_10k_clean","https://gitlab.com/kicad/libraries/kicad-footprints/-/tree/master/Crystal/Crystal_SMD_5","https://gitlab.com/kicad/libraries/kicad-footprints/-/tree/master/Crystal/Crystal_SMD_5","url_003101","source_url","91_rejected_low_value","91_rejected_low_value\url_003101--gitlab.com-kicad-libraries-kicad-footprints-tree-master-Crystal-Crystal_SMD_5.md","copied","copied_to_category"
"C:\KICAD_SCRAPE\markdown_10k_clean\gitlab.com-kicad-libraries-kicad-footprints-tree-master-Crystal-Crystal_SMD_6.md","gitlab.com-kicad-libraries-kicad-footprints-tree-master-Crystal-Crystal_SMD_6.md","markdown_10k_clean","https://gitlab.com/kicad/libraries/kicad-footprints/-/tree/master/Crystal/Crystal_SMD_6","https://gitlab.com/kicad/libraries/kicad-footprints/-/tree/master/Crystal/Crystal_SMD_6","url_003102","source_url","91_rejected_low_value","91_rejected_low_value\url_003102--gitlab.com-kicad-libraries-kicad-footprints-tree-master-Crystal-Crystal_SMD_6.md","copied","copied_to_category"
"C:\KICAD_SCRAPE\markdown_10k_clean\gitlab.com-kicad-libraries-kicad-footprints-tree-master-Crystal-Crystal_SMD_7.md","gitlab.com-kicad-libraries-kicad-footprints-tree-master-Crystal-Crystal_SMD_7.md","markdown_10k_clean","https://gitlab.com/kicad/libraries/kicad-footprints/-/tree/master/Crystal/Crystal_SMD_7","https://gitlab.com/kicad/libraries/kicad-footprints/-/tree/master/Crystal/Crystal_SMD_7","url_003103","source_url","91_rejected_low_value","91_rejected_low_value\url_003103--gitlab.com-kicad-libraries-kicad-footprints-tree-master-Crystal-Crystal_SMD_7.md","copied","copied_to_category"
"C:\KICAD_SCRAPE\markdown_10k_clean\gitlab.com-kicad-libraries-kicad-footprints-tree-master-Crystal-Crystal_SMD_8.md","gitlab.com-kicad-libraries-kicad-footprints-tree-master-Crystal-Crystal_SMD_8.md","markdown_10k_clean","https://gitlab.com/kicad/libraries/kicad-footprints/-/tree/master/Crystal/Crystal_SMD_8","https://gitlab.com/kicad/libraries/kicad-footprints/-/tree/master/Crystal/Crystal_SMD_8","url_003104","source_url","91_rejected_low_value","91_rejected_low_value\url_003104--gitlab.com-kicad-libraries-kicad-footprints-tree-master-Crystal-Crystal_SMD_8.md","copied","copied_to_category"
"C:\KICAD_SCRAPE\markdown_10k_clean\gitlab.com-kicad-libraries-kicad-footprints-tree-master-Crystal-Crystal_SMD_9.md","gitlab.com-kicad-libraries-kicad-footprints-tree-master-Crystal-Crystal_SMD_9.md","markdown_10k_clean","https://gitlab.com/kicad/libraries/kicad-footprints/-/tree/master/Crystal/Crystal_SMD_9","https://gitlab.com/kicad/libraries/kicad-footprints/-/tree/master/Crystal/Crystal_SMD_9","url_003105","source_url","91_rejected_low_value","91_rejected_low_value\url_003105--gitlab.com-kicad-libraries-kicad-footprints-tree-master-Crystal-Crystal_SMD_9.md","copied","copied_to_category"
"C:\KICAD_SCRAPE\markdown_10k_clean\gitlab.com-kicad-libraries-kicad-footprints-tree-master-Diode-Diode_SMD_1.md","gitlab.com-kicad-libraries-kicad-footprints-tree-master-Diode-Diode_SMD_1.md","markdown_10k_clean","https://gitlab.com/kicad/libraries/kicad-footprints/-/tree/master/Diode/Diode_SMD_1","https://gitlab.com/kicad/libraries/kicad-footprints/-/tree/master/Diode/Diode_SMD_1","url_003106","source_url","91_rejected_low_value","91_rejected_low_value\url_003106--gitlab.com-kicad-libraries-kicad-footprints-tree-master-Diode-Diode_SMD_1.md","copied","copied_to_category"
"C:\KICAD_SCRAPE\markdown_10k_clean\gitlab.com-kicad-libraries-kicad-footprints-tree-master-Diode-Diode_SMD_10.md","gitlab.com-kicad-libraries-kicad-footprints-tree-master-Diode-Diode_SMD_10.md","markdown_10k_clean","https://gitlab.com/kicad/libraries/kicad-footprints/-/tree/master/Diode/Diode_SMD_10","https://gitlab.com/kicad/libraries/kicad-footprints/-/tree/master/Diode/Diode_SMD_10","url_003107","source_url","91_rejected_low_value","91_rejected_low_value\url_003107--gitlab.com-kicad-libraries-kicad-footprints-tree-master-Diode-Diode_SMD_10.md","copied","copied_to_category"
"C:\KICAD_SCRAPE\markdown_10k_clean\gitlab.com-kicad-libraries-kicad-footprints-tree-master-Diode-Diode_SMD_11.md","gitlab.com-kicad-libraries-kicad-footprints-tree-master-Diode-Diode_SMD_11.md","markdown_10k_clean","https://gitlab.com/kicad/libraries/kicad-footprints/-/tree/master/Diode/Diode_SMD_11","https://gitlab.com/kicad/libraries/kicad-footprints/-/tree/master/Diode/Diode_SMD_11","url_003108","source_url","91_rejected_low_value","91_rejected_low_value\url_003108--gitlab.com-kicad-libraries-kicad-footprints-tree-master-Diode-Diode_SMD_11.md","copied","copied_to_category"
"C:\KICAD_SCRAPE\markdown_10k_clean\gitlab.com-kicad-libraries-kicad-footprints-tree-master-Diode-Diode_SMD_12.md","gitlab.com-kicad-libraries-kicad-footprints-tree-master-Diode-Diode_SMD_12.md","markdown_10k_clean","https://gitlab.com/kicad/libraries/kicad-footprints/-/tree/master/Diode/Diode_SMD_12","https://gitlab.com/kicad/libraries/kicad-footprints/-/tree/master/Diode/Diode_SMD_12","url_003109","source_url","91_rejected_low_value","91_rejected_low_value\url_003109--gitlab.com-kicad-libraries-kicad-footprints-tree-master-Diode-Diode_SMD_12.md","copied","copied_to_category"
"C:\KICAD_SCRAPE\markdown_10k_clean\gitlab.com-kicad-libraries-kicad-footprints-tree-master-Diode-Diode_SMD_2.md","gitlab.com-kicad-libraries-kicad-footprints-tree-master-Diode-Diode_SMD_2.md","markdown_10k_clean","https://gitlab.com/kicad/libraries/kicad-footprints/-/tree/master/Diode/Diode_SMD_2","https://gitlab.com/kicad/libraries/kicad-footprints/-/tree/master/Diode/Diode_SMD_2","url_003110","source_url","91_rejected_low_value","91_rejected_low_value\url_003110--gitlab.com-kicad-libraries-kicad-footprints-tree-master-Diode-Diode_SMD_2.md","copied","copied_to_category"
"C:\KICAD_SCRAPE\markdown_10k_clean\gitlab.com-kicad-libraries-kicad-footprints-tree-master-Diode-Diode_SMD_3.md","gitlab.com-kicad-libraries-kicad-footprints-tree-master-Diode-Diode_SMD_3.md","markdown_10k_clean","https://gitlab.com/kicad/libraries/kicad-footprints/-/tree/master/Diode/Diode_SMD_3","https://gitlab.com/kicad/libraries/kicad-footprints/-/tree/master/Diode/Diode_SMD_3","url_003111","source_url","91_rejected_low_value","91_rejected_low_value\url_003111--gitlab.com-kicad-libraries-kicad-footprints-tree-master-Diode-Diode_SMD_3.md","copied","copied_to_category"
"C:\KICAD_SCRAPE\markdown_10k_clean\gitlab.com-kicad-libraries-kicad-footprints-tree-master-Diode-Diode_SMD_4.md","gitlab.com-kicad-libraries-kicad-footprints-tree-master-Diode-Diode_SMD_4.md","markdown_10k_clean","https://gitlab.com/kicad/libraries/kicad-footprints/-/tree/master/Diode/Diode_SMD_4","https://gitlab.com/kicad/libraries/kicad-footprints/-/tree/master/Diode/Diode_SMD_4","url_003112","source_url","91_rejected_low_value","91_rejected_low_value\url_003112--gitlab.com-kicad-libraries-kicad-footprints-tree-master-Diode-Diode_SMD_4.md","copied","copied_to_category"
"C:\KICAD_SCRAPE\markdown_10k_clean\gitlab.com-kicad-libraries-kicad-footprints-tree-master-Diode-Diode_SMD_5.md","gitlab.com-kicad-libraries-kicad-footprints-tree-master-Diode-Diode_SMD_5.md","markdown_10k_clean","https://gitlab.com/kicad/libraries/kicad-footprints/-/tree/master/Diode/Diode_SMD_5","https://gitlab.com/kicad/libraries/kicad-footprints/-/tree/master/Diode/Diode_SMD_5","url_003113","source_url","91_rejected_low_value","91_rejected_low_value\url_003113--gitlab.com-kicad-libraries-kicad-footprints-tree-master-Diode-Diode_SMD_5.md","copied","copied_to_category"
"C:\KICAD_SCRAPE\markdown_10k_clean\gitlab.com-kicad-libraries-kicad-footprints-tree-master-Diode-Diode_SMD_6.md","gitlab.com-kicad-libraries-kicad-footprints-tree-master-Diode-Diode_SMD_6.md","markdown_10k_clean","https://gitlab.com/kicad/libraries/kicad-footprints/-/tree/master/Diode/Diode_SMD_6","https://gitlab.com/kicad/libraries/kicad-footprints/-/tree/master/Diode/Diode_SMD_6","url_003114","source_url","91_rejected_low_value","91_rejected_low_value\url_003114--gitlab.com-kicad-libraries-kicad-footprints-tree-master-Diode-Diode_SMD_6.md","copied","copied_to_category"
"C:\KICAD_SCRAPE\markdown_10k_clean\gitlab.com-kicad-libraries-kicad-footprints-tree-master-Diode-Diode_SMD_7.md","gitlab.com-kicad-libraries-kicad-footprints-tree-master-Diode-Diode_SMD_7.md","markdown_10k_clean","https://gitlab.com/kicad/libraries/kicad-footprints/-/tree/master/Diode/Diode_SMD_7","https://gitlab.com/kicad/libraries/kicad-footprints/-/tree/master/Diode/Diode_SMD_7","url_003115","source_url","91_rejected_low_value","91_rejected_low_value\url_003115--gitlab.com-kicad-libraries-kicad-footprints-tree-master-Diode-Diode_SMD_7.md","copied","copied_to_category"
"C:\KICAD_SCRAPE\markdown_10k_clean\gitlab.com-kicad-libraries-kicad-footprints-tree-master-Diode-Diode_SMD_8.md","gitlab.com-kicad-libraries-kicad-footprints-tree-master-Diode-Diode_SMD_8.md","markdown_10k_clean","https://gitlab.com/kicad/libraries/kicad-footprints/-/tree/master/Diode/Diode_SMD_8","https://gitlab.com/kicad/libraries/kicad-footprints/-/tree/master/Diode/Diode_SMD_8","url_003116","source_url","91_rejected_low_value","91_rejected_low_value\url_003116--gitlab.com-kicad-libraries-kicad-footprints-tree-master-Diode-Diode_SMD_8.md","copied","copied_to_category"
"C:\KICAD_SCRAPE\markdown_10k_clean\gitlab.com-kicad-libraries-kicad-footprints-tree-master-Diode-Diode_SMD_9.md","gitlab.com-kicad-libraries-kicad-footprints-tree-master-Diode-Diode_SMD_9.md","markdown_10k_clean","https://gitlab.com/kicad/libraries/kicad-footprints/-/tree/master/Diode/Diode_SMD_9","https://gitlab.com/kicad/libraries/kicad-footprints/-/tree/master/Diode/Diode_SMD_9","url_003117","source_url","91_rejected_low_value","91_rejected_low_value\url_003117--gitlab.com-kicad-libraries-kicad-footprints-tree-master-Diode-Diode_SMD_9.md","copied","copied_to_category"
"C:\KICAD_SCRAPE\markdown_10k_clean\gitlab.com-kicad-libraries-kicad-footprints-tree-master-DipSwitch-DipSwitch_SMD_1.md","gitlab.com-kicad-libraries-kicad-footprints-tree-master-DipSwitch-DipSwitch_SMD_1.md","markdown_10k_clean","https://gitlab.com/kicad/libraries/kicad-footprints/-/tree/master/DipSwitch/DipSwitch_SMD_1","https://gitlab.com/kicad/libraries/kicad-footprints/-/tree/master/DipSwitch/DipSwitch_SMD_1","url_003118","source_url","91_rejected_low_value","91_rejected_low_value\url_003118--gitlab.com-kicad-libraries-kicad-footprints-tree-master-DipSwitch-DipSwitch_SMD_1.md","copied","copied_to_category"
"C:\KICAD_SCRAPE\markdown_10k_clean\gitlab.com-kicad-libraries-kicad-footprints-tree-master-DipSwitch-DipSwitch_SMD_10.md","gitlab.com-kicad-libraries-kicad-footprints-tree-master-DipSwitch-DipSwitch_SMD_10.md","markdown_10k_clean","https://gitlab.com/kicad/libraries/kicad-footprints/-/tree/master/DipSwitch/DipSwitch_SMD_10","https://gitlab.com/kicad/libraries/kicad-footprints/-/tree/master/DipSwitch/DipSwitch_SMD_10","url_003119","source_url","91_rejected_low_value","91_rejected_low_value\url_003119--gitlab.com-kicad-libraries-kicad-footprints-tree-master-DipSwitch-DipSwitch_SMD_10.md","copied","copied_to_category"
"C:\KICAD_SCRAPE\markdown_10k_clean\gitlab.com-kicad-libraries-kicad-footprints-tree-master-DipSwitch-DipSwitch_SMD_11.md","gitlab.com-kicad-libraries-kicad-footprints-tree-master-DipSwitch-DipSwitch_SMD_11.md","markdown_10k_clean","https://gitlab.com/kicad/libraries/kicad-footprints/-/tree/master/DipSwitch/DipSwitch_SMD_11","https://gitlab.com/kicad/libraries/kicad-footprints/-/tree/master/DipSwitch/DipSwitch_SMD_11","url_003120","source_url","91_rejected_low_value","91_rejected_low_value\url_003120--gitlab.com-kicad-libraries-kicad-footprints-tree-master-DipSwitch-DipSwitch_SMD_11.md","copied","copied_to_category"
"C:\KICAD_SCRAPE\markdown_10k_clean\gitlab.com-kicad-libraries-kicad-footprints-tree-master-DipSwitch-DipSwitch_SMD_12.md","gitlab.com-kicad-libraries-kicad-footprints-tree-master-DipSwitch-DipSwitch_SMD_12.md","markdown_10k_clean","https://gitlab.com/kicad/libraries/kicad-footprints/-/tree/master/DipSwitch/DipSwitch_SMD_12","https://gitlab.com/kicad/libraries/kicad-footprints/-/tree/master/DipSwitch/DipSwitch_SMD_12","url_003121","source_url","91_rejected_low_value","91_rejected_low_value\url_003121--gitlab.com-kicad-libraries-kicad-footprints-tree-master-DipSwitch-DipSwitch_SMD_12.md","copied","copied_to_category"
"C:\KICAD_SCRAPE\markdown_10k_clean\gitlab.com-kicad-libraries-kicad-footprints-tree-master-DipSwitch-DipSwitch_SMD_2.md","gitlab.com-kicad-libraries-kicad-footprints-tree-master-DipSwitch-DipSwitch_SMD_2.md","markdown_10k_clean","https://gitlab.com/kicad/libraries/kicad-footprints/-/tree/master/DipSwitch/DipSwitch_SMD_2","https://gitlab.com/kicad/libraries/kicad-footprints/-/tree/master/DipSwitch/DipSwitch_SMD_2","url_003122","source_url","91_rejected_low_value","91_rejected_low_value\url_003122--gitlab.com-kicad-libraries-kicad-footprints-tree-master-DipSwitch-DipSwitch_SMD_2.md","copied","copied_to_category"
"C:\KICAD_SCRAPE\markdown_10k_clean\gitlab.com-kicad-libraries-kicad-footprints-tree-master-DipSwitch-DipSwitch_SMD_3.md","gitlab.com-kicad-libraries-kicad-footprints-tree-master-DipSwitch-DipSwitch_SMD_3.md","markdown_10k_clean","https://gitlab.com/kicad/libraries/kicad-footprints/-/tree/master/DipSwitch/DipSwitch_SMD_3","https://gitlab.com/kicad/libraries/kicad-footprints/-/tree/master/DipSwitch/DipSwitch_SMD_3","url_003123","source_url","91_rejected_low_value","91_rejected_low_value\url_003123--gitlab.com-kicad-libraries-kicad-footprints-tree-master-DipSwitch-DipSwitch_SMD_3.md","copied","copied_to_category"
"C:\KICAD_SCRAPE\markdown_10k_clean\gitlab.com-kicad-libraries-kicad-footprints-tree-master-DipSwitch-DipSwitch_SMD_4.md","gitlab.com-kicad-libraries-kicad-footprints-tree-master-DipSwitch-DipSwitch_SMD_4.md","markdown_10k_clean","https://gitlab.com/kicad/libraries/kicad-footprints/-/tree/master/DipSwitch/DipSwitch_SMD_4","https://gitlab.com/kicad/libraries/kicad-footprints/-/tree/master/DipSwitch/DipSwitch_SMD_4","url_003124","source_url","91_rejected_low_value","91_rejected_low_value\url_003124--gitlab.com-kicad-libraries-kicad-footprints-tree-master-DipSwitch-DipSwitch_SMD_4.md","copied","copied_to_category"
"C:\KICAD_SCRAPE\markdown_10k_clean\gitlab.com-kicad-libraries-kicad-footprints-tree-master-DipSwitch-DipSwitch_SMD_5.md","gitlab.com-kicad-libraries-kicad-footprints-tree-master-DipSwitch-DipSwitch_SMD_5.md","markdown_10k_clean","https://gitlab.com/kicad/libraries/kicad-footprints/-/tree/master/DipSwitch/DipSwitch_SMD_5","https://gitlab.com/kicad/libraries/kicad-footprints/-/tree/master/DipSwitch/DipSwitch_SMD_5","url_003125","source_url","91_rejected_low_value","91_rejected_low_value\url_003125--gitlab.com-kicad-libraries-kicad-footprints-tree-master-DipSwitch-DipSwitch_SMD_5.md","copied","copied_to_category"
"C:\KICAD_SCRAPE\markdown_10k_clean\gitlab.com-kicad-libraries-kicad-footprints-tree-master-DipSwitch-DipSwitch_SMD_6.md","gitlab.com-kicad-libraries-kicad-footprints-tree-master-DipSwitch-DipSwitch_SMD_6.md","markdown_10k_clean","https://gitlab.com/kicad/libraries/kicad-footprints/-/tree/master/DipSwitch/DipSwitch_SMD_6","https://gitlab.com/kicad/libraries/kicad-footprints/-/tree/master/DipSwitch/DipSwitch_SMD_6","url_003126","source_url","91_rejected_low_value","91_rejected_low_value\url_003126--gitlab.com-kicad-libraries-kicad-footprints-tree-master-DipSwitch-DipSwitch_SMD_6.md","copied","copied_to_category"
"C:\KICAD_SCRAPE\markdown_10k_clean\gitlab.com-kicad-libraries-kicad-footprints-tree-master-DipSwitch-DipSwitch_SMD_7.md","gitlab.com-kicad-libraries-kicad-footprints-tree-master-DipSwitch-DipSwitch_SMD_7.md","markdown_10k_clean","https://gitlab.com/kicad/libraries/kicad-footprints/-/tree/master/DipSwitch/DipSwitch_SMD_7","https://gitlab.com/kicad/libraries/kicad-footprints/-/tree/master/DipSwitch/DipSwitch_SMD_7","url_003127","source_url","91_rejected_low_value","91_rejected_low_value\url_003127--gitlab.com-kicad-libraries-kicad-footprints-tree-master-DipSwitch-DipSwitch_SMD_7.md","copied","copied_to_category"
"C:\KICAD_SCRAPE\markdown_10k_clean\gitlab.com-kicad-libraries-kicad-footprints-tree-master-DipSwitch-DipSwitch_SMD_8.md","gitlab.com-kicad-libraries-kicad-footprints-tree-master-DipSwitch-DipSwitch_SMD_8.md","markdown_10k_clean","https://gitlab.com/kicad/libraries/kicad-footprints/-/tree/master/DipSwitch/DipSwitch_SMD_8","https://gitlab.com/kicad/libraries/kicad-footprints/-/tree/master/DipSwitch/DipSwitch_SMD_8","url_003128","source_url","91_rejected_low_value","91_rejected_low_value\url_003128--gitlab.com-kicad-libraries-kicad-footprints-tree-master-DipSwitch-DipSwitch_SMD_8.md","copied","copied_to_category"
"C:\KICAD_SCRAPE\markdown_10k_clean\gitlab.com-kicad-libraries-kicad-footprints-tree-master-DipSwitch-DipSwitch_SMD_9.md","gitlab.com-kicad-libraries-kicad-footprints-tree-master-DipSwitch-DipSwitch_SMD_9.md","markdown_10k_clean","https://gitlab.com/kicad/libraries/kicad-footprints/-/tree/master/DipSwitch/DipSwitch_SMD_9","https://gitlab.com/kicad/libraries/kicad-footprints/-/tree/master/DipSwitch/DipSwitch_SMD_9","url_003129","source_url","91_rejected_low_value","91_rejected_low_value\url_003129--gitlab.com-kicad-libraries-kicad-footprints-tree-master-DipSwitch-DipSwitch_SMD_9.md","copied","copied_to_category"
"C:\KICAD_SCRAPE\markdown_10k_clean\gitlab.com-kicad-libraries-kicad-footprints-tree-master-Display-Display_SMD_1.md","gitlab.com-kicad-libraries-kicad-footprints-tree-master-Display-Display_SMD_1.md","markdown_10k_clean","https://gitlab.com/kicad/libraries/kicad-footprints/-/tree/master/Display/Display_SMD_1","https://gitlab.com/kicad/libraries/kicad-footprints/-/tree/master/Display/Display_SMD_1","url_003130","source_url","91_rejected_low_value","91_rejected_low_value\url_003130--gitlab.com-kicad-libraries-kicad-footprints-tree-master-Display-Display_SMD_1.md","copied","copied_to_category"
"C:\KICAD_SCRAPE\markdown_10k_clean\gitlab.com-kicad-libraries-kicad-footprints-tree-master-Display-Display_SMD_10.md","gitlab.com-kicad-libraries-kicad-footprints-tree-master-Display-Display_SMD_10.md","markdown_10k_clean","https://gitlab.com/kicad/libraries/kicad-footprints/-/tree/master/Display/Display_SMD_10","https://gitlab.com/kicad/libraries/kicad-footprints/-/tree/master/Display/Display_SMD_10","url_003131","source_url","91_rejected_low_value","91_rejected_low_value\url_003131--gitlab.com-kicad-libraries-kicad-footprints-tree-master-Display-Display_SMD_10.md","copied","copied_to_category"
"C:\KICAD_SCRAPE\markdown_10k_clean\gitlab.com-kicad-libraries-kicad-footprints-tree-master-Display-Display_SMD_11.md","gitlab.com-kicad-libraries-kicad-footprints-tree-master-Display-Display_SMD_11.md","markdown_10k_clean","https://gitlab.com/kicad/libraries/kicad-footprints/-/tree/master/Display/Display_SMD_11","https://gitlab.com/kicad/libraries/kicad-footprints/-/tree/master/Display/Display_SMD_11","url_003132","source_url","91_rejected_low_value","91_rejected_low_value\url_003132--gitlab.com-kicad-libraries-kicad-footprints-tree-master-Display-Display_SMD_11.md","copied","copied_to_category"
"C:\KICAD_SCRAPE\markdown_10k_clean\gitlab.com-kicad-libraries-kicad-footprints-tree-master-Display-Display_SMD_12.md","gitlab.com-kicad-libraries-kicad-footprints-tree-master-Display-Display_SMD_12.md","markdown_10k_clean","https://gitlab.com/kicad/libraries/kicad-footprints/-/tree/master/Display/Display_SMD_12","https://gitlab.com/kicad/libraries/kicad-footprints/-/tree/master/Display/Display_SMD_12","url_003133","source_url","91_rejected_low_value","91_rejected_low_value\url_003133--gitlab.com-kicad-libraries-kicad-footprints-tree-master-Display-Display_SMD_12.md","copied","copied_to_category"
"C:\KICAD_SCRAPE\markdown_10k_clean\gitlab.com-kicad-libraries-kicad-footprints-tree-master-Display-Display_SMD_2.md","gitlab.com-kicad-libraries-kicad-footprints-tree-master-Display-Display_SMD_2.md","markdown_10k_clean","https://gitlab.com/kicad/libraries/kicad-footprints/-/tree/master/Display/Display_SMD_2","https://gitlab.com/kicad/libraries/kicad-footprints/-/tree/master/Display/Display_SMD_2","url_003134","source_url","91_rejected_low_value","91_rejected_low_value\url_003134--gitlab.com-kicad-libraries-kicad-footprints-tree-master-Display-Display_SMD_2.md","copied","copied_to_category"
"C:\KICAD_SCRAPE\markdown_10k_clean\gitlab.com-kicad-libraries-kicad-footprints-tree-master-Display-Display_SMD_3.md","gitlab.com-kicad-libraries-kicad-footprints-tree-master-Display-Display_SMD_3.md","markdown_10k_clean","https://gitlab.com/kicad/libraries/kicad-footprints/-/tree/master/Display/Display_SMD_3","https://gitlab.com/kicad/libraries/kicad-footprints/-/tree/master/Display/Display_SMD_3","url_003135","source_url","91_rejected_low_value","91_rejected_low_value\url_003135--gitlab.com-kicad-libraries-kicad-footprints-tree-master-Display-Display_SMD_3.md","copied","copied_to_category"
"C:\KICAD_SCRAPE\markdown_10k_clean\gitlab.com-kicad-libraries-kicad-footprints-tree-master-Display-Display_SMD_4.md","gitlab.com-kicad-libraries-kicad-footprints-tree-master-Display-Display_SMD_4.md","markdown_10k_clean","https://gitlab.com/kicad/libraries/kicad-footprints/-/tree/master/Display/Display_SMD_4","https://gitlab.com/kicad/libraries/kicad-footprints/-/tree/master/Display/Display_SMD_4","url_003136","source_url","91_rejected_low_value","91_rejected_low_value\url_003136--gitlab.com-kicad-libraries-kicad-footprints-tree-master-Display-Display_SMD_4.md","copied","copied_to_category"
"C:\KICAD_SCRAPE\markdown_10k_clean\gitlab.com-kicad-libraries-kicad-footprints-tree-master-Display-Display_SMD_5.md","gitlab.com-kicad-libraries-kicad-footprints-tree-master-Display-Display_SMD_5.md","markdown_10k_clean","https://gitlab.com/kicad/libraries/kicad-footprints/-/tree/master/Display/Display_SMD_5","https://gitlab.com/kicad/libraries/kicad-footprints/-/tree/master/Display/Display_SMD_5","url_003137","source_url","91_rejected_low_value","91_rejected_low_value\url_003137--gitlab.com-kicad-libraries-kicad-footprints-tree-master-Display-Display_SMD_5.md","copied","copied_to_category"
"C:\KICAD_SCRAPE\markdown_10k_clean\gitlab.com-kicad-libraries-kicad-footprints-tree-master-Display-Display_SMD_6.md","gitlab.com-kicad-libraries-kicad-footprints-tree-master-Display-Display_SMD_6.md","markdown_10k_clean","https://gitlab.com/kicad/libraries/kicad-footprints/-/tree/master/Display/Display_SMD_6","https://gitlab.com/kicad/libraries/kicad-footprints/-/tree/master/Display/Display_SMD_6","url_003138","source_url","91_rejected_low_value","91_rejected_low_value\url_003138--gitlab.com-kicad-libraries-kicad-footprints-tree-master-Display-Display_SMD_6.md","copied","copied_to_category"
"C:\KICAD_SCRAPE\markdown_10k_clean\gitlab.com-kicad-libraries-kicad-footprints-tree-master-Display-Display_SMD_7.md","gitlab.com-kicad-libraries-kicad-footprints-tree-master-Display-Display_SMD_7.md","markdown_10k_clean","https://gitlab.com/kicad/libraries/kicad-footprints/-/tree/master/Display/Display_SMD_7","https://gitlab.com/kicad/libraries/kicad-footprints/-/tree/master/Display/Display_SMD_7","url_003139","source_url","91_rejected_low_value","91_rejected_low_value\url_003139--gitlab.com-kicad-libraries-kicad-footprints-tree-master-Display-Display_SMD_7.md","copied","copied_to_category"
"C:\KICAD_SCRAPE\markdown_10k_clean\gitlab.com-kicad-libraries-kicad-footprints-tree-master-Display-Display_SMD_8.md","gitlab.com-kicad-libraries-kicad-footprints-tree-master-Display-Display_SMD_8.md","markdown_10k_clean","https://gitlab.com/kicad/libraries/kicad-footprints/-/tree/master/Display/Display_SMD_8","https://gitlab.com/kicad/libraries/kicad-footprints/-/tree/master/Display/Display_SMD_8","url_003140","source_url","91_rejected_low_value","91_rejected_low_value\url_003140--gitlab.com-kicad-libraries-kicad-footprints-tree-master-Display-Display_SMD_8.md","copied","copied_to_category"
"C:\KICAD_SCRAPE\markdown_10k_clean\gitlab.com-kicad-libraries-kicad-footprints-tree-master-Display-Display_SMD_9.md","gitlab.com-kicad-libraries-kicad-footprints-tree-master-Display-Display_SMD_9.md","markdown_10k_clean","https://gitlab.com/kicad/libraries/kicad-footprints/-/tree/master/Display/Display_SMD_9","https://gitlab.com/kicad/libraries/kicad-footprints/-/tree/master/Display/Display_SMD_9","url_003141","source_url","91_rejected_low_value","91_rejected_low_value\url_003141--gitlab.com-kicad-libraries-kicad-footprints-tree-master-Display-Display_SMD_9.md","copied","copied_to_category"
"C:\KICAD_SCRAPE\markdown_10k_clean\gitlab.com-kicad-libraries-kicad-footprints-tree-master-FET-FET_SMD_1.md","gitlab.com-kicad-libraries-kicad-footprints-tree-master-FET-FET_SMD_1.md","markdown_10k_clean","https://gitlab.com/kicad/libraries/kicad-footprints/-/tree/master/FET/FET_SMD_1","https://gitlab.com/kicad/libraries/kicad-footprints/-/tree/master/FET/FET_SMD_1","url_003142","source_url","91_rejected_low_value","91_rejected_low_value\url_003142--gitlab.com-kicad-libraries-kicad-footprints-tree-master-FET-FET_SMD_1.md","copied","copied_to_category"
"C:\KICAD_SCRAPE\markdown_10k_clean\gitlab.com-kicad-libraries-kicad-footprints-tree-master-FET-FET_SMD_10.md","gitlab.com-kicad-libraries-kicad-footprints-tree-master-FET-FET_SMD_10.md","markdown_10k_clean","https://gitlab.com/kicad/libraries/kicad-footprints/-/tree/master/FET/FET_SMD_10","https://gitlab.com/kicad/libraries/kicad-footprints/-/tree/master/FET/FET_SMD_10","url_003143","source_url","91_rejected_low_value","91_rejected_low_value\url_003143--gitlab.com-kicad-libraries-kicad-footprints-tree-master-FET-FET_SMD_10.md","copied","copied_to_category"
"C:\KICAD_SCRAPE\markdown_10k_clean\gitlab.com-kicad-libraries-kicad-footprints-tree-master-FET-FET_SMD_11.md","gitlab.com-kicad-libraries-kicad-footprints-tree-master-FET-FET_SMD_11.md","markdown_10k_clean","https://gitlab.com/kicad/libraries/kicad-footprints/-/tree/master/FET/FET_SMD_11","https://gitlab.com/kicad/libraries/kicad-footprints/-/tree/master/FET/FET_SMD_11","url_003144","source_url","91_rejected_low_value","91_rejected_low_value\url_003144--gitlab.com-kicad-libraries-kicad-footprints-tree-master-FET-FET_SMD_11.md","copied","copied_to_category"
"C:\KICAD_SCRAPE\markdown_10k_clean\gitlab.com-kicad-libraries-kicad-footprints-tree-master-FET-FET_SMD_12.md","gitlab.com-kicad-libraries-kicad-footprints-tree-master-FET-FET_SMD_12.md","markdown_10k_clean","https://gitlab.com/kicad/libraries/kicad-footprints/-/tree/master/FET/FET_SMD_12","https://gitlab.com/kicad/libraries/kicad-footprints/-/tree/master/FET/FET_SMD_12","url_003145","source_url","91_rejected_low_value","91_rejected_low_value\url_003145--gitlab.com-kicad-libraries-kicad-footprints-tree-master-FET-FET_SMD_12.md","copied","copied_to_category"
"C:\KICAD_SCRAPE\markdown_10k_clean\gitlab.com-kicad-libraries-kicad-footprints-tree-master-FET-FET_SMD_2.md","gitlab.com-kicad-libraries-kicad-footprints-tree-master-FET-FET_SMD_2.md","markdown_10k_clean","https://gitlab.com/kicad/libraries/kicad-footprints/-/tree/master/FET/FET_SMD_2","https://gitlab.com/kicad/libraries/kicad-footprints/-/tree/master/FET/FET_SMD_2","url_003146","source_url","91_rejected_low_value","91_rejected_low_value\url_003146--gitlab.com-kicad-libraries-kicad-footprints-tree-master-FET-FET_SMD_2.md","copied","copied_to_category"
"C:\KICAD_SCRAPE\markdown_10k_clean\gitlab.com-kicad-libraries-kicad-footprints-tree-master-FET-FET_SMD_3.md","gitlab.com-kicad-libraries-kicad-footprints-tree-master-FET-FET_SMD_3.md","markdown_10k_clean","https://gitlab.com/kicad/libraries/kicad-footprints/-/tree/master/FET/FET_SMD_3","https://gitlab.com/kicad/libraries/kicad-footprints/-/tree/master/FET/FET_SMD_3","url_003147","source_url","91_rejected_low_value","91_rejected_low_value\url_003147--gitlab.com-kicad-libraries-kicad-footprints-tree-master-FET-FET_SMD_3.md","copied","copied_to_category"
"C:\KICAD_SCRAPE\markdown_10k_clean\gitlab.com-kicad-libraries-kicad-footprints-tree-master-FET-FET_SMD_4.md","gitlab.com-kicad-libraries-kicad-footprints-tree-master-FET-FET_SMD_4.md","markdown_10k_clean","https://gitlab.com/kicad/libraries/kicad-footprints/-/tree/master/FET/FET_SMD_4","https://gitlab.com/kicad/libraries/kicad-footprints/-/tree/master/FET/FET_SMD_4","url_003148","source_url","91_rejected_low_value","91_rejected_low_value\url_003148--gitlab.com-kicad-libraries-kicad-footprints-tree-master-FET-FET_SMD_4.md","copied","copied_to_category"
"C:\KICAD_SCRAPE\markdown_10k_clean\gitlab.com-kicad-libraries-kicad-footprints-tree-master-FET-FET_SMD_5.md","gitlab.com-kicad-libraries-kicad-footprints-tree-master-FET-FET_SMD_5.md","markdown_10k_clean","https://gitlab.com/kicad/libraries/kicad-footprints/-/tree/master/FET/FET_SMD_5","https://gitlab.com/kicad/libraries/kicad-footprints/-/tree/master/FET/FET_SMD_5","url_003149","source_url","91_rejected_low_value","91_rejected_low_value\url_003149--gitlab.com-kicad-libraries-kicad-footprints-tree-master-FET-FET_SMD_5.md","copied","copied_to_category"
"C:\KICAD_SCRAPE\markdown_10k_clean\gitlab.com-kicad-libraries-kicad-footprints-tree-master-FET-FET_SMD_6.md","gitlab.com-kicad-libraries-kicad-footprints-tree-master-FET-FET_SMD_6.md","markdown_10k_clean","https://gitlab.com/kicad/libraries/kicad-footprints/-/tree/master/FET/FET_SMD_6","https://gitlab.com/kicad/libraries/kicad-footprints/-/tree/master/FET/FET_SMD_6","url_003150","source_url","91_rejected_low_value","91_rejected_low_value\url_003150--gitlab.com-kicad-libraries-kicad-footprints-tree-master-FET-FET_SMD_6.md","copied","copied_to_category"
"C:\KICAD_SCRAPE\markdown_10k_clean\gitlab.com-kicad-libraries-kicad-footprints-tree-master-FET-FET_SMD_7.md","gitlab.com-kicad-libraries-kicad-footprints-tree-master-FET-FET_SMD_7.md","markdown_10k_clean","https://gitlab.com/kicad/libraries/kicad-footprints/-/tree/master/FET/FET_SMD_7","https://gitlab.com/kicad/libraries/kicad-footprints/-/tree/master/FET/FET_SMD_7","url_003151","source_url","91_rejected_low_value","91_rejected_low_value\url_003151--gitlab.com-kicad-libraries-kicad-footprints-tree-master-FET-FET_SMD_7.md","copied","copied_to_category"
"C:\KICAD_SCRAPE\markdown_10k_clean\gitlab.com-kicad-libraries-kicad-footprints-tree-master-FET-FET_SMD_8.md","gitlab.com-kicad-libraries-kicad-footprints-tree-master-FET-FET_SMD_8.md","markdown_10k_clean","https://gitlab.com/kicad/libraries/kicad-footprints/-/tree/master/FET/FET_SMD_8","https://gitlab.com/kicad/libraries/kicad-footprints/-/tree/master/FET/FET_SMD_8","url_003152","source_url","91_rejected_low_value","91_rejected_low_value\url_003152--gitlab.com-kicad-libraries-kicad-footprints-tree-master-FET-FET_SMD_8.md","copied","copied_to_category"
"C:\KICAD_SCRAPE\markdown_10k_clean\gitlab.com-kicad-libraries-kicad-footprints-tree-master-FET-FET_SMD_9.md","gitlab.com-kicad-libraries-kicad-footprints-tree-master-FET-FET_SMD_9.md","markdown_10k_clean","https://gitlab.com/kicad/libraries/kicad-footprints/-/tree/master/FET/FET_SMD_9","https://gitlab.com/kicad/libraries/kicad-footprints/-/tree/master/FET/FET_SMD_9","url_003153","source_url","91_rejected_low_value","91_rejected_low_value\url_003153--gitlab.com-kicad-libraries-kicad-footprints-tree-master-FET-FET_SMD_9.md","copied","copied_to_category"
"C:\KICAD_SCRAPE\markdown_10k_clean\gitlab.com-kicad-libraries-kicad-footprints-tree-master-Fuse-Fuse_SMD_1.md","gitlab.com-kicad-libraries-kicad-footprints-tree-master-Fuse-Fuse_SMD_1.md","markdown_10k_clean","https://gitlab.com/kicad/libraries/kicad-footprints/-/tree/master/Fuse/Fuse_SMD_1","https://gitlab.com/kicad/libraries/kicad-footprints/-/tree/master/Fuse/Fuse_SMD_1","url_003154","source_url","91_rejected_low_value","91_rejected_low_value\url_003154--gitlab.com-kicad-libraries-kicad-footprints-tree-master-Fuse-Fuse_SMD_1.md","copied","copied_to_category"
"C:\KICAD_SCRAPE\markdown_10k_clean\gitlab.com-kicad-libraries-kicad-footprints-tree-master-Fuse-Fuse_SMD_10.md","gitlab.com-kicad-libraries-kicad-footprints-tree-master-Fuse-Fuse_SMD_10.md","markdown_10k_clean","https://gitlab.com/kicad/libraries/kicad-footprints/-/tree/master/Fuse/Fuse_SMD_10","https://gitlab.com/kicad/libraries/kicad-footprints/-/tree/master/Fuse/Fuse_SMD_10","url_003155","source_url","91_rejected_low_value","91_rejected_low_value\url_003155--gitlab.com-kicad-libraries-kicad-footprints-tree-master-Fuse-Fuse_SMD_10.md","copied","copied_to_category"
"C:\KICAD_SCRAPE\markdown_10k_clean\gitlab.com-kicad-libraries-kicad-footprints-tree-master-Fuse-Fuse_SMD_11.md","gitlab.com-kicad-libraries-kicad-footprints-tree-master-Fuse-Fuse_SMD_11.md","markdown_10k_clean","https://gitlab.com/kicad/libraries/kicad-footprints/-/tree/master/Fuse/Fuse_SMD_11","https://gitlab.com/kicad/libraries/kicad-footprints/-/tree/master/Fuse/Fuse_SMD_11","url_003156","source_url","91_rejected_low_value","91_rejected_low_value\url_003156--gitlab.com-kicad-libraries-kicad-footprints-tree-master-Fuse-Fuse_SMD_11.md","copied","copied_to_category"
"C:\KICAD_SCRAPE\markdown_10k_clean\gitlab.com-kicad-libraries-kicad-footprints-tree-master-Fuse-Fuse_SMD_12.md","gitlab.com-kicad-libraries-kicad-footprints-tree-master-Fuse-Fuse_SMD_12.md","markdown_10k_clean","https://gitlab.com/kicad/libraries/kicad-footprints/-/tree/master/Fuse/Fuse_SMD_12","https://gitlab.com/kicad/libraries/kicad-footprints/-/tree/master/Fuse/Fuse_SMD_12","url_003157","source_url","91_rejected_low_value","91_rejected_low_value\url_003157--gitlab.com-kicad-libraries-kicad-footprints-tree-master-Fuse-Fuse_SMD_12.md","copied","copied_to_category"
"C:\KICAD_SCRAPE\markdown_10k_clean\gitlab.com-kicad-libraries-kicad-footprints-tree-master-Fuse-Fuse_SMD_2.md","gitlab.com-kicad-libraries-kicad-footprints-tree-master-Fuse-Fuse_SMD_2.md","markdown_10k_clean","https://gitlab.com/kicad/libraries/kicad-footprints/-/tree/master/Fuse/Fuse_SMD_2","https://gitlab.com/kicad/libraries/kicad-footprints/-/tree/master/Fuse/Fuse_SMD_2","url_003158","source_url","91_rejected_low_value","91_rejected_low_value\url_003158--gitlab.com-kicad-libraries-kicad-footprints-tree-master-Fuse-Fuse_SMD_2.md","copied","copied_to_category"
"C:\KICAD_SCRAPE\markdown_10k_clean\gitlab.com-kicad-libraries-kicad-footprints-tree-master-Fuse-Fuse_SMD_3.md","gitlab.com-kicad-libraries-kicad-footprints-tree-master-Fuse-Fuse_SMD_3.md","markdown_10k_clean","https://gitlab.com/kicad/libraries/kicad-footprints/-/tree/master/Fuse/Fuse_SMD_3","https://gitlab.com/kicad/libraries/kicad-footprints/-/tree/master/Fuse/Fuse_SMD_3","url_003159","source_url","91_rejected_low_value","91_rejected_low_value\url_003159--gitlab.com-kicad-libraries-kicad-footprints-tree-master-Fuse-Fuse_SMD_3.md","copied","copied_to_category"
"C:\KICAD_SCRAPE\markdown_10k_clean\gitlab.com-kicad-libraries-kicad-footprints-tree-master-Fuse-Fuse_SMD_4.md","gitlab.com-kicad-libraries-kicad-footprints-tree-master-Fuse-Fuse_SMD_4.md","markdown_10k_clean","https://gitlab.com/kicad/libraries/kicad-footprints/-/tree/master/Fuse/Fuse_SMD_4","https://gitlab.com/kicad/libraries/kicad-footprints/-/tree/master/Fuse/Fuse_SMD_4","url_003160","source_url","91_rejected_low_value","91_rejected_low_value\url_003160--gitlab.com-kicad-libraries-kicad-footprints-tree-master-Fuse-Fuse_SMD_4.md","copied","copied_to_category"
"C:\KICAD_SCRAPE\markdown_10k_clean\gitlab.com-kicad-libraries-kicad-footprints-tree-master-Fuse-Fuse_SMD_5.md","gitlab.com-kicad-libraries-kicad-footprints-tree-master-Fuse-Fuse_SMD_5.md","markdown_10k_clean","https://gitlab.com/kicad/libraries/kicad-footprints/-/tree/master/Fuse/Fuse_SMD_5","https://gitlab.com/kicad/libraries/kicad-footprints/-/tree/master/Fuse/Fuse_SMD_5","url_003161","source_url","91_rejected_low_value","91_rejected_low_value\url_003161--gitlab.com-kicad-libraries-kicad-footprints-tree-master-Fuse-Fuse_SMD_5.md","copied","copied_to_category"
"C:\KICAD_SCRAPE\markdown_10k_clean\gitlab.com-kicad-libraries-kicad-footprints-tree-master-Fuse-Fuse_SMD_6.md","gitlab.com-kicad-libraries-kicad-footprints-tree-master-Fuse-Fuse_SMD_6.md","markdown_10k_clean","https://gitlab.com/kicad/libraries/kicad-footprints/-/tree/master/Fuse/Fuse_SMD_6","https://gitlab.com/kicad/libraries/kicad-footprints/-/tree/master/Fuse/Fuse_SMD_6","url_003162","source_url","91_rejected_low_value","91_rejected_low_value\url_003162--gitlab.com-kicad-libraries-kicad-footprints-tree-master-Fuse-Fuse_SMD_6.md","copied","copied_to_category"
"C:\KICAD_SCRAPE\markdown_10k_clean\gitlab.com-kicad-libraries-kicad-footprints-tree-master-Fuse-Fuse_SMD_7.md","gitlab.com-kicad-libraries-kicad-footprints-tree-master-Fuse-Fuse_SMD_7.md","markdown_10k_clean","https://gitlab.com/kicad/libraries/kicad-footprints/-/tree/master/Fuse/Fuse_SMD_7","https://gitlab.com/kicad/libraries/kicad-footprints/-/tree/master/Fuse/Fuse_SMD_7","url_003163","source_url","91_rejected_low_value","91_rejected_low_value\url_003163--gitlab.com-kicad-libraries-kicad-footprints-tree-master-Fuse-Fuse_SMD_7.md","copied","copied_to_category"
"C:\KICAD_SCRAPE\markdown_10k_clean\gitlab.com-kicad-libraries-kicad-footprints-tree-master-Fuse-Fuse_SMD_8.md","gitlab.com-kicad-libraries-kicad-footprints-tree-master-Fuse-Fuse_SMD_8.md","markdown_10k_clean","https://gitlab.com/kicad/libraries/kicad-footprints/-/tree/master/Fuse/Fuse_SMD_8","https://gitlab.com/kicad/libraries/kicad-footprints/-/tree/master/Fuse/Fuse_SMD_8","url_003164","source_url","91_rejected_low_value","91_rejected_low_value\url_003164--gitlab.com-kicad-libraries-kicad-footprints-tree-master-Fuse-Fuse_SMD_8.md","copied","copied_to_category"
"C:\KICAD_SCRAPE\markdown_10k_clean\gitlab.com-kicad-libraries-kicad-footprints-tree-master-Fuse-Fuse_SMD_9.md","gitlab.com-kicad-libraries-kicad-footprints-tree-master-Fuse-Fuse_SMD_9.md","markdown_10k_clean","https://gitlab.com/kicad/libraries/kicad-footprints/-/tree/master/Fuse/Fuse_SMD_9","https://gitlab.com/kicad/libraries/kicad-footprints/-/tree/master/Fuse/Fuse_SMD_9","url_003165","source_url","91_rejected_low_value","91_rejected_low_value\url_003165--gitlab.com-kicad-libraries-kicad-footprints-tree-master-Fuse-Fuse_SMD_9.md","copied","copied_to_category"
"C:\KICAD_SCRAPE\markdown_10k_clean\gitlab.com-kicad-libraries-kicad-footprints-tree-master-IC-IC_1.md","gitlab.com-kicad-libraries-kicad-footprints-tree-master-IC-IC_1.md","markdown_10k_clean","https://gitlab.com/kicad/libraries/kicad-footprints/-/tree/master/IC/IC_1","https://gitlab.com/kicad/libraries/kicad-footprints/-/tree/master/IC/IC_1","url_003166","source_url","91_rejected_low_value","91_rejected_low_value\url_003166--gitlab.com-kicad-libraries-kicad-footprints-tree-master-IC-IC_1.md","copied","copied_to_category"
"C:\KICAD_SCRAPE\markdown_10k_clean\gitlab.com-kicad-libraries-kicad-footprints-tree-master-IC-IC_10.md","gitlab.com-kicad-libraries-kicad-footprints-tree-master-IC-IC_10.md","markdown_10k_clean","https://gitlab.com/kicad/libraries/kicad-footprints/-/tree/master/IC/IC_10","https://gitlab.com/kicad/libraries/kicad-footprints/-/tree/master/IC/IC_10","url_003167","source_url","91_rejected_low_value","91_rejected_low_value\url_003167--gitlab.com-kicad-libraries-kicad-footprints-tree-master-IC-IC_10.md","copied","copied_to_category"
"C:\KICAD_SCRAPE\markdown_10k_clean\gitlab.com-kicad-libraries-kicad-footprints-tree-master-IC-IC_11.md","gitlab.com-kicad-libraries-kicad-footprints-tree-master-IC-IC_11.md","markdown_10k_clean","https://gitlab.com/kicad/libraries/kicad-footprints/-/tree/master/IC/IC_11","https://gitlab.com/kicad/libraries/kicad-footprints/-/tree/master/IC/IC_11","url_003168","source_url","91_rejected_low_value","91_rejected_low_value\url_003168--gitlab.com-kicad-libraries-kicad-footprints-tree-master-IC-IC_11.md","copied","copied_to_category"
"C:\KICAD_SCRAPE\markdown_10k_clean\gitlab.com-kicad-libraries-kicad-footprints-tree-master-IC-IC_12.md","gitlab.com-kicad-libraries-kicad-footprints-tree-master-IC-IC_12.md","markdown_10k_clean","https://gitlab.com/kicad/libraries/kicad-footprints/-/tree/master/IC/IC_12","https://gitlab.com/kicad/libraries/kicad-footprints/-/tree/master/IC/IC_12","url_003169","source_url","91_rejected_low_value","91_rejected_low_value\url_003169--gitlab.com-kicad-libraries-kicad-footprints-tree-master-IC-IC_12.md","copied","copied_to_category"
"C:\KICAD_SCRAPE\markdown_10k_clean\gitlab.com-kicad-libraries-kicad-footprints-tree-master-IC-IC_13.md","gitlab.com-kicad-libraries-kicad-footprints-tree-master-IC-IC_13.md","markdown_10k_clean","https://gitlab.com/kicad/libraries/kicad-footprints/-/tree/master/IC/IC_13","https://gitlab.com/kicad/libraries/kicad-footprints/-/tree/master/IC/IC_13","url_003170","source_url","91_rejected_low_value","91_rejected_low_value\url_003170--gitlab.com-kicad-libraries-kicad-footprints-tree-master-IC-IC_13.md","copied","copied_to_category"
"C:\KICAD_SCRAPE\markdown_10k_clean\gitlab.com-kicad-libraries-kicad-footprints-tree-master-IC-IC_14.md","gitlab.com-kicad-libraries-kicad-footprints-tree-master-IC-IC_14.md","markdown_10k_clean","https://gitlab.com/kicad/libraries/kicad-footprints/-/tree/master/IC/IC_14","https://gitlab.com/kicad/libraries/kicad-footprints/-/tree/master/IC/IC_14","url_003171","source_url","91_rejected_low_value","91_rejected_low_value\url_003171--gitlab.com-kicad-libraries-kicad-footprints-tree-master-IC-IC_14.md","copied","copied_to_category"
"C:\KICAD_SCRAPE\markdown_10k_clean\gitlab.com-kicad-libraries-kicad-footprints-tree-master-IC-IC_15.md","gitlab.com-kicad-libraries-kicad-footprints-tree-master-IC-IC_15.md","markdown_10k_clean","https://gitlab.com/kicad/libraries/kicad-footprints/-/tree/master/IC/IC_15","https://gitlab.com/kicad/libraries/kicad-footprints/-/tree/master/IC/IC_15","url_003172","source_url","91_rejected_low_value","91_rejected_low_value\url_003172--gitlab.com-kicad-libraries-kicad-footprints-tree-master-IC-IC_15.md","copied","copied_to_category"
"C:\KICAD_SCRAPE\markdown_10k_clean\gitlab.com-kicad-libraries-kicad-footprints-tree-master-IC-IC_16.md","gitlab.com-kicad-libraries-kicad-footprints-tree-master-IC-IC_16.md","markdown_10k_clean","https://gitlab.com/kicad/libraries/kicad-footprints/-/tree/master/IC/IC_16","https://gitlab.com/kicad/libraries/kicad-footprints/-/tree/master/IC/IC_16","url_003173","source_url","91_rejected_low_value","91_rejected_low_value\url_003173--gitlab.com-kicad-libraries-kicad-footprints-tree-master-IC-IC_16.md","copied","copied_to_category"
"C:\KICAD_SCRAPE\markdown_10k_clean\gitlab.com-kicad-libraries-kicad-footprints-tree-master-IC-IC_17.md","gitlab.com-kicad-libraries-kicad-footprints-tree-master-IC-IC_17.md","markdown_10k_clean","https://gitlab.com/kicad/libraries/kicad-footprints/-/tree/master/IC/IC_17","https://gitlab.com/kicad/libraries/kicad-footprints/-/tree/master/IC/IC_17","url_003174","source_url","91_rejected_low_value","91_rejected_low_value\url_003174--gitlab.com-kicad-libraries-kicad-footprints-tree-master-IC-IC_17.md","copied","copied_to_category"
"C:\KICAD_SCRAPE\markdown_10k_clean\gitlab.com-kicad-libraries-kicad-footprints-tree-master-IC-IC_18.md","gitlab.com-kicad-libraries-kicad-footprints-tree-master-IC-IC_18.md","markdown_10k_clean","https://gitlab.com/kicad/libraries/kicad-footprints/-/tree/master/IC/IC_18","https://gitlab.com/kicad/libraries/kicad-footprints/-/tree/master/IC/IC_18","url_003175","source_url","91_rejected_low_value","91_rejected_low_value\url_003175--gitlab.com-kicad-libraries-kicad-footprints-tree-master-IC-IC_18.md","copied","copied_to_category"
"C:\KICAD_SCRAPE\markdown_10k_clean\gitlab.com-kicad-libraries-kicad-footprints-tree-master-IC-IC_19.md","gitlab.com-kicad-libraries-kicad-footprints-tree-master-IC-IC_19.md","markdown_10k_clean","https://gitlab.com/kicad/libraries/kicad-footprints/-/tree/master/IC/IC_19","https://gitlab.com/kicad/libraries/kicad-footprints/-/tree/master/IC/IC_19","url_003176","source_url","91_rejected_low_value","91_rejected_low_value\url_003176--gitlab.com-kicad-libraries-kicad-footprints-tree-master-IC-IC_19.md","copied","copied_to_category"
"C:\KICAD_SCRAPE\markdown_10k_clean\gitlab.com-kicad-libraries-kicad-footprints-tree-master-IC-IC_2.md","gitlab.com-kicad-libraries-kicad-footprints-tree-master-IC-IC_2.md","markdown_10k_clean","https://gitlab.com/kicad/libraries/kicad-footprints/-/tree/master/IC/IC_2","https://gitlab.com/kicad/libraries/kicad-footprints/-/tree/master/IC/IC_2","url_003177","source_url","91_rejected_low_value","91_rejected_low_value\url_003177--gitlab.com-kicad-libraries-kicad-footprints-tree-master-IC-IC_2.md","copied","copied_to_category"
"C:\KICAD_SCRAPE\markdown_10k_clean\gitlab.com-kicad-libraries-kicad-footprints-tree-master-IC-IC_20.md","gitlab.com-kicad-libraries-kicad-footprints-tree-master-IC-IC_20.md","markdown_10k_clean","https://gitlab.com/kicad/libraries/kicad-footprints/-/tree/master/IC/IC_20","https://gitlab.com/kicad/libraries/kicad-footprints/-/tree/master/IC/IC_20","url_003178","source_url","91_rejected_low_value","91_rejected_low_value\url_003178--gitlab.com-kicad-libraries-kicad-footprints-tree-master-IC-IC_20.md","copied","copied_to_category"
"C:\KICAD_SCRAPE\markdown_10k_clean\gitlab.com-kicad-libraries-kicad-footprints-tree-master-IC-IC_3.md","gitlab.com-kicad-libraries-kicad-footprints-tree-master-IC-IC_3.md","markdown_10k_clean","https://gitlab.com/kicad/libraries/kicad-footprints/-/tree/master/IC/IC_3","https://gitlab.com/kicad/libraries/kicad-footprints/-/tree/master/IC/IC_3","url_003179","source_url","91_rejected_low_value","91_rejected_low_value\url_003179--gitlab.com-kicad-libraries-kicad-footprints-tree-master-IC-IC_3.md","copied","copied_to_category"
"C:\KICAD_SCRAPE\markdown_10k_clean\gitlab.com-kicad-libraries-kicad-footprints-tree-master-IC-IC_4.md","gitlab.com-kicad-libraries-kicad-footprints-tree-master-IC-IC_4.md","markdown_10k_clean","https://gitlab.com/kicad/libraries/kicad-footprints/-/tree/master/IC/IC_4","https://gitlab.com/kicad/libraries/kicad-footprints/-/tree/master/IC/IC_4","url_003180","source_url","91_rejected_low_value","91_rejected_low_value\url_003180--gitlab.com-kicad-libraries-kicad-footprints-tree-master-IC-IC_4.md","copied","copied_to_category"
"C:\KICAD_SCRAPE\markdown_10k_clean\gitlab.com-kicad-libraries-kicad-footprints-tree-master-IC-IC_5.md","gitlab.com-kicad-libraries-kicad-footprints-tree-master-IC-IC_5.md","markdown_10k_clean","https://gitlab.com/kicad/libraries/kicad-footprints/-/tree/master/IC/IC_5","https://gitlab.com/kicad/libraries/kicad-footprints/-/tree/master/IC/IC_5","url_003181","source_url","91_rejected_low_value","91_rejected_low_value\url_003181--gitlab.com-kicad-libraries-kicad-footprints-tree-master-IC-IC_5.md","copied","copied_to_category"
"C:\KICAD_SCRAPE\markdown_10k_clean\gitlab.com-kicad-libraries-kicad-footprints-tree-master-IC-IC_6.md","gitlab.com-kicad-libraries-kicad-footprints-tree-master-IC-IC_6.md","markdown_10k_clean","https://gitlab.com/kicad/libraries/kicad-footprints/-/tree/master/IC/IC_6","https://gitlab.com/kicad/libraries/kicad-footprints/-/tree/master/IC/IC_6","url_003182","source_url","91_rejected_low_value","91_rejected_low_value\url_003182--gitlab.com-kicad-libraries-kicad-footprints-tree-master-IC-IC_6.md","copied","copied_to_category"
"C:\KICAD_SCRAPE\markdown_10k_clean\gitlab.com-kicad-libraries-kicad-footprints-tree-master-IC-IC_7.md","gitlab.com-kicad-libraries-kicad-footprints-tree-master-IC-IC_7.md","markdown_10k_clean","https://gitlab.com/kicad/libraries/kicad-footprints/-/tree/master/IC/IC_7","https://gitlab.com/kicad/libraries/kicad-footprints/-/tree/master/IC/IC_7","url_003183","source_url","91_rejected_low_value","91_rejected_low_value\url_003183--gitlab.com-kicad-libraries-kicad-footprints-tree-master-IC-IC_7.md","copied","copied_to_category"
"C:\KICAD_SCRAPE\markdown_10k_clean\gitlab.com-kicad-libraries-kicad-footprints-tree-master-IC-IC_8.md","gitlab.com-kicad-libraries-kicad-footprints-tree-master-IC-IC_8.md","markdown_10k_clean","https://gitlab.com/kicad/libraries/kicad-footprints/-/tree/master/IC/IC_8","https://gitlab.com/kicad/libraries/kicad-footprints/-/tree/master/IC/IC_8","url_003184","source_url","91_rejected_low_value","91_rejected_low_value\url_003184--gitlab.com-kicad-libraries-kicad-footprints-tree-master-IC-IC_8.md","copied","copied_to_category"
"C:\KICAD_SCRAPE\markdown_10k_clean\gitlab.com-kicad-libraries-kicad-footprints-tree-master-IC-IC_9.md","gitlab.com-kicad-libraries-kicad-footprints-tree-master-IC-IC_9.md","markdown_10k_clean","https://gitlab.com/kicad/libraries/kicad-footprints/-/tree/master/IC/IC_9","https://gitlab.com/kicad/libraries/kicad-footprints/-/tree/master/IC/IC_9","url_003185","source_url","91_rejected_low_value","91_rejected_low_value\url_003185--gitlab.com-kicad-libraries-kicad-footprints-tree-master-IC-IC_9.md","copied","copied_to_category"
"C:\KICAD_SCRAPE\markdown_10k_clean\gitlab.com-kicad-libraries-kicad-footprints-tree-master-IC-IC_SMD_1.md","gitlab.com-kicad-libraries-kicad-footprints-tree-master-IC-IC_SMD_1.md","markdown_10k_clean","https://gitlab.com/kicad/libraries/kicad-footprints/-/tree/master/IC/IC_SMD_1","https://gitlab.com/kicad/libraries/kicad-footprints/-/tree/master/IC/IC_SMD_1","url_003186","source_url","91_rejected_low_value","91_rejected_low_value\url_003186--gitlab.com-kicad-libraries-kicad-footprints-tree-master-IC-IC_SMD_1.md","copied","copied_to_category"
"C:\KICAD_SCRAPE\markdown_10k_clean\gitlab.com-kicad-libraries-kicad-footprints-tree-master-IC-IC_SMD_10.md","gitlab.com-kicad-libraries-kicad-footprints-tree-master-IC-IC_SMD_10.md","markdown_10k_clean","https://gitlab.com/kicad/libraries/kicad-footprints/-/tree/master/IC/IC_SMD_10","https://gitlab.com/kicad/libraries/kicad-footprints/-/tree/master/IC/IC_SMD_10","url_003187","source_url","91_rejected_low_value","91_rejected_low_value\url_003187--gitlab.com-kicad-libraries-kicad-footprints-tree-master-IC-IC_SMD_10.md","copied","copied_to_category"
"C:\KICAD_SCRAPE\markdown_10k_clean\gitlab.com-kicad-libraries-kicad-footprints-tree-master-IC-IC_SMD_11.md","gitlab.com-kicad-libraries-kicad-footprints-tree-master-IC-IC_SMD_11.md","markdown_10k_clean","https://gitlab.com/kicad/libraries/kicad-footprints/-/tree/master/IC/IC_SMD_11","https://gitlab.com/kicad/libraries/kicad-footprints/-/tree/master/IC/IC_SMD_11","url_003188","source_url","91_rejected_low_value","91_rejected_low_value\url_003188--gitlab.com-kicad-libraries-kicad-footprints-tree-master-IC-IC_SMD_11.md","copied","copied_to_category"
"C:\KICAD_SCRAPE\markdown_10k_clean\gitlab.com-kicad-libraries-kicad-footprints-tree-master-IC-IC_SMD_12.md","gitlab.com-kicad-libraries-kicad-footprints-tree-master-IC-IC_SMD_12.md","markdown_10k_clean","https://gitlab.com/kicad/libraries/kicad-footprints/-/tree/master/IC/IC_SMD_12","https://gitlab.com/kicad/libraries/kicad-footprints/-/tree/master/IC/IC_SMD_12","url_003189","source_url","91_rejected_low_value","91_rejected_low_value\url_003189--gitlab.com-kicad-libraries-kicad-footprints-tree-master-IC-IC_SMD_12.md","copied","copied_to_category"
"C:\KICAD_SCRAPE\markdown_10k_clean\gitlab.com-kicad-libraries-kicad-footprints-tree-master-IC-IC_SMD_2.md","gitlab.com-kicad-libraries-kicad-footprints-tree-master-IC-IC_SMD_2.md","markdown_10k_clean","https://gitlab.com/kicad/libraries/kicad-footprints/-/tree/master/IC/IC_SMD_2","https://gitlab.com/kicad/libraries/kicad-footprints/-/tree/master/IC/IC_SMD_2","url_003190","source_url","91_rejected_low_value","91_rejected_low_value\url_003190--gitlab.com-kicad-libraries-kicad-footprints-tree-master-IC-IC_SMD_2.md","copied","copied_to_category"
"C:\KICAD_SCRAPE\markdown_10k_clean\gitlab.com-kicad-libraries-kicad-footprints-tree-master-IC-IC_SMD_3.md","gitlab.com-kicad-libraries-kicad-footprints-tree-master-IC-IC_SMD_3.md","markdown_10k_clean","https://gitlab.com/kicad/libraries/kicad-footprints/-/tree/master/IC/IC_SMD_3","https://gitlab.com/kicad/libraries/kicad-footprints/-/tree/master/IC/IC_SMD_3","url_003191","source_url","91_rejected_low_value","91_rejected_low_value\url_003191--gitlab.com-kicad-libraries-kicad-footprints-tree-master-IC-IC_SMD_3.md","copied","copied_to_category"
"C:\KICAD_SCRAPE\markdown_10k_clean\gitlab.com-kicad-libraries-kicad-footprints-tree-master-IC-IC_SMD_4.md","gitlab.com-kicad-libraries-kicad-footprints-tree-master-IC-IC_SMD_4.md","markdown_10k_clean","https://gitlab.com/kicad/libraries/kicad-footprints/-/tree/master/IC/IC_SMD_4","https://gitlab.com/kicad/libraries/kicad-footprints/-/tree/master/IC/IC_SMD_4","url_003192","source_url","91_rejected_low_value","91_rejected_low_value\url_003192--gitlab.com-kicad-libraries-kicad-footprints-tree-master-IC-IC_SMD_4.md","copied","copied_to_category"
"C:\KICAD_SCRAPE\markdown_10k_clean\gitlab.com-kicad-libraries-kicad-footprints-tree-master-IC-IC_SMD_5.md","gitlab.com-kicad-libraries-kicad-footprints-tree-master-IC-IC_SMD_5.md","markdown_10k_clean","https://gitlab.com/kicad/libraries/kicad-footprints/-/tree/master/IC/IC_SMD_5","https://gitlab.com/kicad/libraries/kicad-footprints/-/tree/master/IC/IC_SMD_5","url_003193","source_url","91_rejected_low_value","91_rejected_low_value\url_003193--gitlab.com-kicad-libraries-kicad-footprints-tree-master-IC-IC_SMD_5.md","copied","copied_to_category"
"C:\KICAD_SCRAPE\markdown_10k_clean\gitlab.com-kicad-libraries-kicad-footprints-tree-master-IC-IC_SMD_6.md","gitlab.com-kicad-libraries-kicad-footprints-tree-master-IC-IC_SMD_6.md","markdown_10k_clean","https://gitlab.com/kicad/libraries/kicad-footprints/-/tree/master/IC/IC_SMD_6","https://gitlab.com/kicad/libraries/kicad-footprints/-/tree/master/IC/IC_SMD_6","url_003194","source_url","91_rejected_low_value","91_rejected_low_value\url_003194--gitlab.com-kicad-libraries-kicad-footprints-tree-master-IC-IC_SMD_6.md","copied","copied_to_category"
"C:\KICAD_SCRAPE\markdown_10k_clean\gitlab.com-kicad-libraries-kicad-footprints-tree-master-IC-IC_SMD_7.md","gitlab.com-kicad-libraries-kicad-footprints-tree-master-IC-IC_SMD_7.md","markdown_10k_clean","https://gitlab.com/kicad/libraries/kicad-footprints/-/tree/master/IC/IC_SMD_7","https://gitlab.com/kicad/libraries/kicad-footprints/-/tree/master/IC/IC_SMD_7","url_003195","source_url","91_rejected_low_value","91_rejected_low_value\url_003195--gitlab.com-kicad-libraries-kicad-footprints-tree-master-IC-IC_SMD_7.md","copied","copied_to_category"
"C:\KICAD_SCRAPE\markdown_10k_clean\gitlab.com-kicad-libraries-kicad-footprints-tree-master-IC-IC_SMD_8.md","gitlab.com-kicad-libraries-kicad-footprints-tree-master-IC-IC_SMD_8.md","markdown_10k_clean","https://gitlab.com/kicad/libraries/kicad-footprints/-/tree/master/IC/IC_SMD_8","https://gitlab.com/kicad/libraries/kicad-footprints/-/tree/master/IC/IC_SMD_8","url_003196","source_url","91_rejected_low_value","91_rejected_low_value\url_003196--gitlab.com-kicad-libraries-kicad-footprints-tree-master-IC-IC_SMD_8.md","copied","copied_to_category"
"C:\KICAD_SCRAPE\markdown_10k_clean\gitlab.com-kicad-libraries-kicad-footprints-tree-master-IC-IC_SMD_9.md","gitlab.com-kicad-libraries-kicad-footprints-tree-master-IC-IC_SMD_9.md","markdown_10k_clean","https://gitlab.com/kicad/libraries/kicad-footprints/-/tree/master/IC/IC_SMD_9","https://gitlab.com/kicad/libraries/kicad-footprints/-/tree/master/IC/IC_SMD_9","url_003197","source_url","91_rejected_low_value","91_rejected_low_value\url_003197--gitlab.com-kicad-libraries-kicad-footprints-tree-master-IC-IC_SMD_9.md","copied","copied_to_category"
"C:\KICAD_SCRAPE\markdown_10k_clean\gitlab.com-kicad-libraries-kicad-footprints-tree-master-Inductor-Inductor_SMD_1.md","gitlab.com-kicad-libraries-kicad-footprints-tree-master-Inductor-Inductor_SMD_1.md","markdown_10k_clean","https://gitlab.com/kicad/libraries/kicad-footprints/-/tree/master/Inductor/Inductor_SMD_1","https://gitlab.com/kicad/libraries/kicad-footprints/-/tree/master/Inductor/Inductor_SMD_1","url_003198","source_url","91_rejected_low_value","91_rejected_low_value\url_003198--gitlab.com-kicad-libraries-kicad-footprints-tree-master-Inductor-Inductor_SMD_1.md","copied","copied_to_category"
"C:\KICAD_SCRAPE\markdown_10k_clean\gitlab.com-kicad-libraries-kicad-footprints-tree-master-Inductor-Inductor_SMD_10.md","gitlab.com-kicad-libraries-kicad-footprints-tree-master-Inductor-Inductor_SMD_10.md","markdown_10k_clean","https://gitlab.com/kicad/libraries/kicad-footprints/-/tree/master/Inductor/Inductor_SMD_10","https://gitlab.com/kicad/libraries/kicad-footprints/-/tree/master/Inductor/Inductor_SMD_10","url_003199","source_url","91_rejected_low_value","91_rejected_low_value\url_003199--gitlab.com-kicad-libraries-kicad-footprints-tree-master-Inductor-Inductor_SMD_10.md","copied","copied_to_category"
"C:\KICAD_SCRAPE\markdown_10k_clean\gitlab.com-kicad-libraries-kicad-footprints-tree-master-Inductor-Inductor_SMD_11.md","gitlab.com-kicad-libraries-kicad-footprints-tree-master-Inductor-Inductor_SMD_11.md","markdown_10k_clean","https://gitlab.com/kicad/libraries/kicad-footprints/-/tree/master/Inductor/Inductor_SMD_11","https://gitlab.com/kicad/libraries/kicad-footprints/-/tree/master/Inductor/Inductor_SMD_11","url_003200","source_url","91_rejected_low_value","91_rejected_low_value\url_003200--gitlab.com-kicad-libraries-kicad-footprints-tree-master-Inductor-Inductor_SMD_11.md","copied","copied_to_category"
"C:\KICAD_SCRAPE\markdown_10k_clean\gitlab.com-kicad-libraries-kicad-footprints-tree-master-Inductor-Inductor_SMD_12.md","gitlab.com-kicad-libraries-kicad-footprints-tree-master-Inductor-Inductor_SMD_12.md","markdown_10k_clean","https://gitlab.com/kicad/libraries/kicad-footprints/-/tree/master/Inductor/Inductor_SMD_12","https://gitlab.com/kicad/libraries/kicad-footprints/-/tree/master/Inductor/Inductor_SMD_12","url_003201","source_url","91_rejected_low_value","91_rejected_low_value\url_003201--gitlab.com-kicad-libraries-kicad-footprints-tree-master-Inductor-Inductor_SMD_12.md","copied","copied_to_category"
"C:\KICAD_SCRAPE\markdown_10k_clean\gitlab.com-kicad-libraries-kicad-footprints-tree-master-Inductor-Inductor_SMD_2.md","gitlab.com-kicad-libraries-kicad-footprints-tree-master-Inductor-Inductor_SMD_2.md","markdown_10k_clean","https://gitlab.com/kicad/libraries/kicad-footprints/-/tree/master/Inductor/Inductor_SMD_2","https://gitlab.com/kicad/libraries/kicad-footprints/-/tree/master/Inductor/Inductor_SMD_2","url_003202","source_url","91_rejected_low_value","91_rejected_low_value\url_003202--gitlab.com-kicad-libraries-kicad-footprints-tree-master-Inductor-Inductor_SMD_2.md","copied","copied_to_category"
"C:\KICAD_SCRAPE\markdown_10k_clean\gitlab.com-kicad-libraries-kicad-footprints-tree-master-Inductor-Inductor_SMD_3.md","gitlab.com-kicad-libraries-kicad-footprints-tree-master-Inductor-Inductor_SMD_3.md","markdown_10k_clean","https://gitlab.com/kicad/libraries/kicad-footprints/-/tree/master/Inductor/Inductor_SMD_3","https://gitlab.com/kicad/libraries/kicad-footprints/-/tree/master/Inductor/Inductor_SMD_3","url_003203","source_url","91_rejected_low_value","91_rejected_low_value\url_003203--gitlab.com-kicad-libraries-kicad-footprints-tree-master-Inductor-Inductor_SMD_3.md","copied","copied_to_category"
"C:\KICAD_SCRAPE\markdown_10k_clean\gitlab.com-kicad-libraries-kicad-footprints-tree-master-Inductor-Inductor_SMD_4.md","gitlab.com-kicad-libraries-kicad-footprints-tree-master-Inductor-Inductor_SMD_4.md","markdown_10k_clean","https://gitlab.com/kicad/libraries/kicad-footprints/-/tree/master/Inductor/Inductor_SMD_4","https://gitlab.com/kicad/libraries/kicad-footprints/-/tree/master/Inductor/Inductor_SMD_4","url_003204","source_url","91_rejected_low_value","91_rejected_low_value\url_003204--gitlab.com-kicad-libraries-kicad-footprints-tree-master-Inductor-Inductor_SMD_4.md","copied","copied_to_category"
"C:\KICAD_SCRAPE\markdown_10k_clean\gitlab.com-kicad-libraries-kicad-footprints-tree-master-Inductor-Inductor_SMD_5.md","gitlab.com-kicad-libraries-kicad-footprints-tree-master-Inductor-Inductor_SMD_5.md","markdown_10k_clean","https://gitlab.com/kicad/libraries/kicad-footprints/-/tree/master/Inductor/Inductor_SMD_5","https://gitlab.com/kicad/libraries/kicad-footprints/-/tree/master/Inductor/Inductor_SMD_5","url_003205","source_url","91_rejected_low_value","91_rejected_low_value\url_003205--gitlab.com-kicad-libraries-kicad-footprints-tree-master-Inductor-Inductor_SMD_5.md","copied","copied_to_category"
"C:\KICAD_SCRAPE\markdown_10k_clean\gitlab.com-kicad-libraries-kicad-footprints-tree-master-Inductor-Inductor_SMD_6.md","gitlab.com-kicad-libraries-kicad-footprints-tree-master-Inductor-Inductor_SMD_6.md","markdown_10k_clean","https://gitlab.com/kicad/libraries/kicad-footprints/-/tree/master/Inductor/Inductor_SMD_6","https://gitlab.com/kicad/libraries/kicad-footprints/-/tree/master/Inductor/Inductor_SMD_6","url_003206","source_url","91_rejected_low_value","91_rejected_low_value\url_003206--gitlab.com-kicad-libraries-kicad-footprints-tree-master-Inductor-Inductor_SMD_6.md","copied","copied_to_category"
"C:\KICAD_SCRAPE\markdown_10k_clean\gitlab.com-kicad-libraries-kicad-footprints-tree-master-Inductor-Inductor_SMD_7.md","gitlab.com-kicad-libraries-kicad-footprints-tree-master-Inductor-Inductor_SMD_7.md","markdown_10k_clean","https://gitlab.com/kicad/libraries/kicad-footprints/-/tree/master/Inductor/Inductor_SMD_7","https://gitlab.com/kicad/libraries/kicad-footprints/-/tree/master/Inductor/Inductor_SMD_7","url_003207","source_url","91_rejected_low_value","91_rejected_low_value\url_003207--gitlab.com-kicad-libraries-kicad-footprints-tree-master-Inductor-Inductor_SMD_7.md","copied","copied_to_category"
"C:\KICAD_SCRAPE\markdown_10k_clean\gitlab.com-kicad-libraries-kicad-footprints-tree-master-Inductor-Inductor_SMD_8.md","gitlab.com-kicad-libraries-kicad-footprints-tree-master-Inductor-Inductor_SMD_8.md","markdown_10k_clean","https://gitlab.com/kicad/libraries/kicad-footprints/-/tree/master/Inductor/Inductor_SMD_8","https://gitlab.com/kicad/libraries/kicad-footprints/-/tree/master/Inductor/Inductor_SMD_8","url_003208","source_url","91_rejected_low_value","91_rejected_low_value\url_003208--gitlab.com-kicad-libraries-kicad-footprints-tree-master-Inductor-Inductor_SMD_8.md","copied","copied_to_category"
"C:\KICAD_SCRAPE\markdown_10k_clean\gitlab.com-kicad-libraries-kicad-footprints-tree-master-Inductor-Inductor_SMD_9.md","gitlab.com-kicad-libraries-kicad-footprints-tree-master-Inductor-Inductor_SMD_9.md","markdown_10k_clean","https://gitlab.com/kicad/libraries/kicad-footprints/-/tree/master/Inductor/Inductor_SMD_9","https://gitlab.com/kicad/libraries/kicad-footprints/-/tree/master/Inductor/Inductor_SMD_9","url_003209","source_url","91_rejected_low_value","91_rejected_low_value\url_003209--gitlab.com-kicad-libraries-kicad-footprints-tree-master-Inductor-Inductor_SMD_9.md","copied","copied_to_category"
"C:\KICAD_SCRAPE\markdown_10k_clean\gitlab.com-kicad-libraries-kicad-footprints-tree-master-Oscillator-Oscillator_SMD_1.md","gitlab.com-kicad-libraries-kicad-footprints-tree-master-Oscillator-Oscillator_SMD_1.md","markdown_10k_clean","https://gitlab.com/kicad/libraries/kicad-footprints/-/tree/master/Oscillator/Oscillator_SMD_1","https://gitlab.com/kicad/libraries/kicad-footprints/-/tree/master/Oscillator/Oscillator_SMD_1","url_003211","source_url","91_rejected_low_value","91_rejected_low_value\url_003211--gitlab.com-kicad-libraries-kicad-footprints-tree-master-Oscillator-Oscillator_SMD_1.md","copied","copied_to_category"
"C:\KICAD_SCRAPE\markdown_10k_clean\gitlab.com-kicad-libraries-kicad-footprints-tree-master-Oscillator-Oscillator_SMD_10.md","gitlab.com-kicad-libraries-kicad-footprints-tree-master-Oscillator-Oscillator_SMD_10.md","markdown_10k_clean","https://gitlab.com/kicad/libraries/kicad-footprints/-/tree/master/Oscillator/Oscillator_SMD_10","https://gitlab.com/kicad/libraries/kicad-footprints/-/tree/master/Oscillator/Oscillator_SMD_10","url_003212","source_url","91_rejected_low_value","91_rejected_low_value\url_003212--gitlab.com-kicad-libraries-kicad-footprints-tree-master-Oscillator-Oscillator_SMD_10.md","copied","copied_to_category"
"C:\KICAD_SCRAPE\markdown_10k_clean\gitlab.com-kicad-libraries-kicad-footprints-tree-master-Oscillator-Oscillator_SMD_11.md","gitlab.com-kicad-libraries-kicad-footprints-tree-master-Oscillator-Oscillator_SMD_11.md","markdown_10k_clean","https://gitlab.com/kicad/libraries/kicad-footprints/-/tree/master/Oscillator/Oscillator_SMD_11","https://gitlab.com/kicad/libraries/kicad-footprints/-/tree/master/Oscillator/Oscillator_SMD_11","url_003213","source_url","91_rejected_low_value","91_rejected_low_value\url_003213--gitlab.com-kicad-libraries-kicad-footprints-tree-master-Oscillator-Oscillator_SMD_11.md","copied","copied_to_category"
"C:\KICAD_SCRAPE\markdown_10k_clean\gitlab.com-kicad-libraries-kicad-footprints-tree-master-Oscillator-Oscillator_SMD_12.md","gitlab.com-kicad-libraries-kicad-footprints-tree-master-Oscillator-Oscillator_SMD_12.md","markdown_10k_clean","https://gitlab.com/kicad/libraries/kicad-footprints/-/tree/master/Oscillator/Oscillator_SMD_12","https://gitlab.com/kicad/libraries/kicad-footprints/-/tree/master/Oscillator/Oscillator_SMD_12","url_003214","source_url","91_rejected_low_value","91_rejected_low_value\url_003214--gitlab.com-kicad-libraries-kicad-footprints-tree-master-Oscillator-Oscillator_SMD_12.md","copied","copied_to_category"
"C:\KICAD_SCRAPE\markdown_10k_clean\gitlab.com-kicad-libraries-kicad-footprints-tree-master-Oscillator-Oscillator_SMD_2.md","gitlab.com-kicad-libraries-kicad-footprints-tree-master-Oscillator-Oscillator_SMD_2.md","markdown_10k_clean","https://gitlab.com/kicad/libraries/kicad-footprints/-/tree/master/Oscillator/Oscillator_SMD_2","https://gitlab.com/kicad/libraries/kicad-footprints/-/tree/master/Oscillator/Oscillator_SMD_2","url_003215","source_url","91_rejected_low_value","91_rejected_low_value\url_003215--gitlab.com-kicad-libraries-kicad-footprints-tree-master-Oscillator-Oscillator_SMD_2.md","copied","copied_to_category"
"C:\KICAD_SCRAPE\markdown_10k_clean\gitlab.com-kicad-libraries-kicad-footprints-tree-master-Oscillator-Oscillator_SMD_3.md","gitlab.com-kicad-libraries-kicad-footprints-tree-master-Oscillator-Oscillator_SMD_3.md","markdown_10k_clean","https://gitlab.com/kicad/libraries/kicad-footprints/-/tree/master/Oscillator/Oscillator_SMD_3","https://gitlab.com/kicad/libraries/kicad-footprints/-/tree/master/Oscillator/Oscillator_SMD_3","url_003216","source_url","91_rejected_low_value","91_rejected_low_value\url_003216--gitlab.com-kicad-libraries-kicad-footprints-tree-master-Oscillator-Oscillator_SMD_3.md","copied","copied_to_category"
"C:\KICAD_SCRAPE\markdown_10k_clean\gitlab.com-kicad-libraries-kicad-footprints-tree-master-Oscillator-Oscillator_SMD_4.md","gitlab.com-kicad-libraries-kicad-footprints-tree-master-Oscillator-Oscillator_SMD_4.md","markdown_10k_clean","https://gitlab.com/kicad/libraries/kicad-footprints/-/tree/master/Oscillator/Oscillator_SMD_4","https://gitlab.com/kicad/libraries/kicad-footprints/-/tree/master/Oscillator/Oscillator_SMD_4","url_003217","source_url","91_rejected_low_value","91_rejected_low_value\url_003217--gitlab.com-kicad-libraries-kicad-footprints-tree-master-Oscillator-Oscillator_SMD_4.md","copied","copied_to_category"
"C:\KICAD_SCRAPE\markdown_10k_clean\gitlab.com-kicad-libraries-kicad-footprints-tree-master-Oscillator-Oscillator_SMD_5.md","gitlab.com-kicad-libraries-kicad-footprints-tree-master-Oscillator-Oscillator_SMD_5.md","markdown_10k_clean","https://gitlab.com/kicad/libraries/kicad-footprints/-/tree/master/Oscillator/Oscillator_SMD_5","https://gitlab.com/kicad/libraries/kicad-footprints/-/tree/master/Oscillator/Oscillator_SMD_5","url_003218","source_url","91_rejected_low_value","91_rejected_low_value\url_003218--gitlab.com-kicad-libraries-kicad-footprints-tree-master-Oscillator-Oscillator_SMD_5.md","copied","copied_to_category"
"C:\KICAD_SCRAPE\markdown_10k_clean\gitlab.com-kicad-libraries-kicad-footprints-tree-master-Oscillator-Oscillator_SMD_6.md","gitlab.com-kicad-libraries-kicad-footprints-tree-master-Oscillator-Oscillator_SMD_6.md","markdown_10k_clean","https://gitlab.com/kicad/libraries/kicad-footprints/-/tree/master/Oscillator/Oscillator_SMD_6","https://gitlab.com/kicad/libraries/kicad-footprints/-/tree/master/Oscillator/Oscillator_SMD_6","url_003219","source_url","91_rejected_low_value","91_rejected_low_value\url_003219--gitlab.com-kicad-libraries-kicad-footprints-tree-master-Oscillator-Oscillator_SMD_6.md","copied","copied_to_category"
"C:\KICAD_SCRAPE\markdown_10k_clean\gitlab.com-kicad-libraries-kicad-footprints-tree-master-Oscillator-Oscillator_SMD_7.md","gitlab.com-kicad-libraries-kicad-footprints-tree-master-Oscillator-Oscillator_SMD_7.md","markdown_10k_clean","https://gitlab.com/kicad/libraries/kicad-footprints/-/tree/master/Oscillator/Oscillator_SMD_7","https://gitlab.com/kicad/libraries/kicad-footprints/-/tree/master/Oscillator/Oscillator_SMD_7","url_003220","source_url","91_rejected_low_value","91_rejected_low_value\url_003220--gitlab.com-kicad-libraries-kicad-footprints-tree-master-Oscillator-Oscillator_SMD_7.md","copied","copied_to_category"
"C:\KICAD_SCRAPE\markdown_10k_clean\gitlab.com-kicad-libraries-kicad-footprints-tree-master-Oscillator-Oscillator_SMD_8.md","gitlab.com-kicad-libraries-kicad-footprints-tree-master-Oscillator-Oscillator_SMD_8.md","markdown_10k_clean","https://gitlab.com/kicad/libraries/kicad-footprints/-/tree/master/Oscillator/Oscillator_SMD_8","https://gitlab.com/kicad/libraries/kicad-footprints/-/tree/master/Oscillator/Oscillator_SMD_8","url_003221","source_url","91_rejected_low_value","91_rejected_low_value\url_003221--gitlab.com-kicad-libraries-kicad-footprints-tree-master-Oscillator-Oscillator_SMD_8.md","copied","copied_to_category"
"C:\KICAD_SCRAPE\markdown_10k_clean\gitlab.com-kicad-libraries-kicad-footprints-tree-master-Oscillator-Oscillator_SMD_9.md","gitlab.com-kicad-libraries-kicad-footprints-tree-master-Oscillator-Oscillator_SMD_9.md","markdown_10k_clean","https://gitlab.com/kicad/libraries/kicad-footprints/-/tree/master/Oscillator/Oscillator_SMD_9","https://gitlab.com/kicad/libraries/kicad-footprints/-/tree/master/Oscillator/Oscillator_SMD_9","url_003222","source_url","91_rejected_low_value","91_rejected_low_value\url_003222--gitlab.com-kicad-libraries-kicad-footprints-tree-master-Oscillator-Oscillator_SMD_9.md","copied","copied_to_category"
"C:\KICAD_SCRAPE\markdown_10k_clean\gitlab.com-kicad-libraries-kicad-footprints-tree-master-Potentiometer-Potentiometer_SMD_1.md","gitlab.com-kicad-libraries-kicad-footprints-tree-master-Potentiometer-Potentiometer_SMD_1.md","markdown_10k_clean","https://gitlab.com/kicad/libraries/kicad-footprints/-/tree/master/Potentiometer/Potentiometer_SMD_1","https://gitlab.com/kicad/libraries/kicad-footprints/-/tree/master/Potentiometer/Potentiometer_SMD_1","url_003230","source_url","91_rejected_low_value","91_rejected_low_value\url_003230--gitlab.com-kicad-libraries-kicad-footprints-tree-master-Potentiometer-Potentiometer_SMD_1.md","copied","copied_to_category"
"C:\KICAD_SCRAPE\markdown_10k_clean\gitlab.com-kicad-libraries-kicad-footprints-tree-master-Potentiometer-Potentiometer_SMD_10.md","gitlab.com-kicad-libraries-kicad-footprints-tree-master-Potentiometer-Potentiometer_SMD_10.md","markdown_10k_clean","https://gitlab.com/kicad/libraries/kicad-footprints/-/tree/master/Potentiometer/Potentiometer_SMD_10","https://gitlab.com/kicad/libraries/kicad-footprints/-/tree/master/Potentiometer/Potentiometer_SMD_10","url_003231","source_url","91_rejected_low_value","91_rejected_low_value\url_003231--gitlab.com-kicad-libraries-kicad-footprints-tree-master-Potentiometer-Potentiometer_SMD_10.md","copied","copied_to_category"
"C:\KICAD_SCRAPE\markdown_10k_clean\gitlab.com-kicad-libraries-kicad-footprints-tree-master-Potentiometer-Potentiometer_SMD_11.md","gitlab.com-kicad-libraries-kicad-footprints-tree-master-Potentiometer-Potentiometer_SMD_11.md","markdown_10k_clean","https://gitlab.com/kicad/libraries/kicad-footprints/-/tree/master/Potentiometer/Potentiometer_SMD_11","https://gitlab.com/kicad/libraries/kicad-footprints/-/tree/master/Potentiometer/Potentiometer_SMD_11","url_003232","source_url","91_rejected_low_value","91_rejected_low_value\url_003232--gitlab.com-kicad-libraries-kicad-footprints-tree-master-Potentiometer-Potentiometer_SMD_11.md","copied","copied_to_category"
"C:\KICAD_SCRAPE\markdown_10k_clean\gitlab.com-kicad-libraries-kicad-footprints-tree-master-Potentiometer-Potentiometer_SMD_12.md","gitlab.com-kicad-libraries-kicad-footprints-tree-master-Potentiometer-Potentiometer_SMD_12.md","markdown_10k_clean","https://gitlab.com/kicad/libraries/kicad-footprints/-/tree/master/Potentiometer/Potentiometer_SMD_12","https://gitlab.com/kicad/libraries/kicad-footprints/-/tree/master/Potentiometer/Potentiometer_SMD_12","url_003233","source_url","91_rejected_low_value","91_rejected_low_value\url_003233--gitlab.com-kicad-libraries-kicad-footprints-tree-master-Potentiometer-Potentiometer_SMD_12.md","copied","copied_to_category"
"C:\KICAD_SCRAPE\markdown_10k_clean\gitlab.com-kicad-libraries-kicad-footprints-tree-master-Potentiometer-Potentiometer_SMD_2.md","gitlab.com-kicad-libraries-kicad-footprints-tree-master-Potentiometer-Potentiometer_SMD_2.md","markdown_10k_clean","https://gitlab.com/kicad/libraries/kicad-footprints/-/tree/master/Potentiometer/Potentiometer_SMD_2","https://gitlab.com/kicad/libraries/kicad-footprints/-/tree/master/Potentiometer/Potentiometer_SMD_2","url_003234","source_url","91_rejected_low_value","91_rejected_low_value\url_003234--gitlab.com-kicad-libraries-kicad-footprints-tree-master-Potentiometer-Potentiometer_SMD_2.md","copied","copied_to_category"
"C:\KICAD_SCRAPE\markdown_10k_clean\gitlab.com-kicad-libraries-kicad-footprints-tree-master-Potentiometer-Potentiometer_SMD_3.md","gitlab.com-kicad-libraries-kicad-footprints-tree-master-Potentiometer-Potentiometer_SMD_3.md","markdown_10k_clean","https://gitlab.com/kicad/libraries/kicad-footprints/-/tree/master/Potentiometer/Potentiometer_SMD_3","https://gitlab.com/kicad/libraries/kicad-footprints/-/tree/master/Potentiometer/Potentiometer_SMD_3","url_003235","source_url","91_rejected_low_value","91_rejected_low_value\url_003235--gitlab.com-kicad-libraries-kicad-footprints-tree-master-Potentiometer-Potentiometer_SMD_3.md","copied","copied_to_category"
"C:\KICAD_SCRAPE\markdown_10k_clean\gitlab.com-kicad-libraries-kicad-footprints-tree-master-Potentiometer-Potentiometer_SMD_4.md","gitlab.com-kicad-libraries-kicad-footprints-tree-master-Potentiometer-Potentiometer_SMD_4.md","markdown_10k_clean","https://gitlab.com/kicad/libraries/kicad-footprints/-/tree/master/Potentiometer/Potentiometer_SMD_4","https://gitlab.com/kicad/libraries/kicad-footprints/-/tree/master/Potentiometer/Potentiometer_SMD_4","url_003236","source_url","91_rejected_low_value","91_rejected_low_value\url_003236--gitlab.com-kicad-libraries-kicad-footprints-tree-master-Potentiometer-Potentiometer_SMD_4.md","copied","copied_to_category"
"C:\KICAD_SCRAPE\markdown_10k_clean\gitlab.com-kicad-libraries-kicad-footprints-tree-master-Potentiometer-Potentiometer_SMD_5.md","gitlab.com-kicad-libraries-kicad-footprints-tree-master-Potentiometer-Potentiometer_SMD_5.md","markdown_10k_clean","https://gitlab.com/kicad/libraries/kicad-footprints/-/tree/master/Potentiometer/Potentiometer_SMD_5","https://gitlab.com/kicad/libraries/kicad-footprints/-/tree/master/Potentiometer/Potentiometer_SMD_5","url_003237","source_url","91_rejected_low_value","91_rejected_low_value\url_003237--gitlab.com-kicad-libraries-kicad-footprints-tree-master-Potentiometer-Potentiometer_SMD_5.md","copied","copied_to_category"
"C:\KICAD_SCRAPE\markdown_10k_clean\gitlab.com-kicad-libraries-kicad-footprints-tree-master-Potentiometer-Potentiometer_SMD_6.md","gitlab.com-kicad-libraries-kicad-footprints-tree-master-Potentiometer-Potentiometer_SMD_6.md","markdown_10k_clean","https://gitlab.com/kicad/libraries/kicad-footprints/-/tree/master/Potentiometer/Potentiometer_SMD_6","https://gitlab.com/kicad/libraries/kicad-footprints/-/tree/master/Potentiometer/Potentiometer_SMD_6","url_003238","source_url","91_rejected_low_value","91_rejected_low_value\url_003238--gitlab.com-kicad-libraries-kicad-footprints-tree-master-Potentiometer-Potentiometer_SMD_6.md","copied","copied_to_category"
"C:\KICAD_SCRAPE\markdown_10k_clean\gitlab.com-kicad-libraries-kicad-footprints-tree-master-Potentiometer-Potentiometer_SMD_7.md","gitlab.com-kicad-libraries-kicad-footprints-tree-master-Potentiometer-Potentiometer_SMD_7.md","markdown_10k_clean","https://gitlab.com/kicad/libraries/kicad-footprints/-/tree/master/Potentiometer/Potentiometer_SMD_7","https://gitlab.com/kicad/libraries/kicad-footprints/-/tree/master/Potentiometer/Potentiometer_SMD_7","url_003239","source_url","91_rejected_low_value","91_rejected_low_value\url_003239--gitlab.com-kicad-libraries-kicad-footprints-tree-master-Potentiometer-Potentiometer_SMD_7.md","copied","copied_to_category"
"C:\KICAD_SCRAPE\markdown_10k_clean\gitlab.com-kicad-libraries-kicad-footprints-tree-master-Potentiometer-Potentiometer_SMD_8.md","gitlab.com-kicad-libraries-kicad-footprints-tree-master-Potentiometer-Potentiometer_SMD_8.md","markdown_10k_clean","https://gitlab.com/kicad/libraries/kicad-footprints/-/tree/master/Potentiometer/Potentiometer_SMD_8","https://gitlab.com/kicad/libraries/kicad-footprints/-/tree/master/Potentiometer/Potentiometer_SMD_8","url_003240","source_url","91_rejected_low_value","91_rejected_low_value\url_003240--gitlab.com-kicad-libraries-kicad-footprints-tree-master-Potentiometer-Potentiometer_SMD_8.md","copied","copied_to_category"
"C:\KICAD_SCRAPE\markdown_10k_clean\gitlab.com-kicad-libraries-kicad-footprints-tree-master-Potentiometer-Potentiometer_SMD_9.md","gitlab.com-kicad-libraries-kicad-footprints-tree-master-Potentiometer-Potentiometer_SMD_9.md","markdown_10k_clean","https://gitlab.com/kicad/libraries/kicad-footprints/-/tree/master/Potentiometer/Potentiometer_SMD_9","https://gitlab.com/kicad/libraries/kicad-footprints/-/tree/master/Potentiometer/Potentiometer_SMD_9","url_003241","source_url","91_rejected_low_value","91_rejected_low_value\url_003241--gitlab.com-kicad-libraries-kicad-footprints-tree-master-Potentiometer-Potentiometer_SMD_9.md","copied","copied_to_category"
"C:\KICAD_SCRAPE\markdown_10k_clean\gitlab.com-kicad-libraries-kicad-footprints-tree-master-Relay-Relay_SMD_1.md","gitlab.com-kicad-libraries-kicad-footprints-tree-master-Relay-Relay_SMD_1.md","markdown_10k_clean","https://gitlab.com/kicad/libraries/kicad-footprints/-/tree/master/Relay/Relay_SMD_1","https://gitlab.com/kicad/libraries/kicad-footprints/-/tree/master/Relay/Relay_SMD_1","url_003242","source_url","91_rejected_low_value","91_rejected_low_value\url_003242--gitlab.com-kicad-libraries-kicad-footprints-tree-master-Relay-Relay_SMD_1.md","copied","copied_to_category"
"C:\KICAD_SCRAPE\markdown_10k_clean\gitlab.com-kicad-libraries-kicad-footprints-tree-master-Relay-Relay_SMD_10.md","gitlab.com-kicad-libraries-kicad-footprints-tree-master-Relay-Relay_SMD_10.md","markdown_10k_clean","https://gitlab.com/kicad/libraries/kicad-footprints/-/tree/master/Relay/Relay_SMD_10","https://gitlab.com/kicad/libraries/kicad-footprints/-/tree/master/Relay/Relay_SMD_10","url_003243","source_url","91_rejected_low_value","91_rejected_low_value\url_003243--gitlab.com-kicad-libraries-kicad-footprints-tree-master-Relay-Relay_SMD_10.md","copied","copied_to_category"
"C:\KICAD_SCRAPE\markdown_10k_clean\gitlab.com-kicad-libraries-kicad-footprints-tree-master-Relay-Relay_SMD_11.md","gitlab.com-kicad-libraries-kicad-footprints-tree-master-Relay-Relay_SMD_11.md","markdown_10k_clean","https://gitlab.com/kicad/libraries/kicad-footprints/-/tree/master/Relay/Relay_SMD_11","https://gitlab.com/kicad/libraries/kicad-footprints/-/tree/master/Relay/Relay_SMD_11","url_003244","source_url","91_rejected_low_value","91_rejected_low_value\url_003244--gitlab.com-kicad-libraries-kicad-footprints-tree-master-Relay-Relay_SMD_11.md","copied","copied_to_category"
"C:\KICAD_SCRAPE\markdown_10k_clean\gitlab.com-kicad-libraries-kicad-footprints-tree-master-Relay-Relay_SMD_12.md","gitlab.com-kicad-libraries-kicad-footprints-tree-master-Relay-Relay_SMD_12.md","markdown_10k_clean","https://gitlab.com/kicad/libraries/kicad-footprints/-/tree/master/Relay/Relay_SMD_12","https://gitlab.com/kicad/libraries/kicad-footprints/-/tree/master/Relay/Relay_SMD_12","url_003245","source_url","91_rejected_low_value","91_rejected_low_value\url_003245--gitlab.com-kicad-libraries-kicad-footprints-tree-master-Relay-Relay_SMD_12.md","copied","copied_to_category"
"C:\KICAD_SCRAPE\markdown_10k_clean\gitlab.com-kicad-libraries-kicad-footprints-tree-master-Relay-Relay_SMD_2.md","gitlab.com-kicad-libraries-kicad-footprints-tree-master-Relay-Relay_SMD_2.md","markdown_10k_clean","https://gitlab.com/kicad/libraries/kicad-footprints/-/tree/master/Relay/Relay_SMD_2","https://gitlab.com/kicad/libraries/kicad-footprints/-/tree/master/Relay/Relay_SMD_2","url_003246","source_url","91_rejected_low_value","91_rejected_low_value\url_003246--gitlab.com-kicad-libraries-kicad-footprints-tree-master-Relay-Relay_SMD_2.md","copied","copied_to_category"
"C:\KICAD_SCRAPE\markdown_10k_clean\gitlab.com-kicad-libraries-kicad-footprints-tree-master-Relay-Relay_SMD_3.md","gitlab.com-kicad-libraries-kicad-footprints-tree-master-Relay-Relay_SMD_3.md","markdown_10k_clean","https://gitlab.com/kicad/libraries/kicad-footprints/-/tree/master/Relay/Relay_SMD_3","https://gitlab.com/kicad/libraries/kicad-footprints/-/tree/master/Relay/Relay_SMD_3","url_003247","source_url","91_rejected_low_value","91_rejected_low_value\url_003247--gitlab.com-kicad-libraries-kicad-footprints-tree-master-Relay-Relay_SMD_3.md","copied","copied_to_category"
"C:\KICAD_SCRAPE\markdown_10k_clean\gitlab.com-kicad-libraries-kicad-footprints-tree-master-Relay-Relay_SMD_4.md","gitlab.com-kicad-libraries-kicad-footprints-tree-master-Relay-Relay_SMD_4.md","markdown_10k_clean","https://gitlab.com/kicad/libraries/kicad-footprints/-/tree/master/Relay/Relay_SMD_4","https://gitlab.com/kicad/libraries/kicad-footprints/-/tree/master/Relay/Relay_SMD_4","url_003248","source_url","91_rejected_low_value","91_rejected_low_value\url_003248--gitlab.com-kicad-libraries-kicad-footprints-tree-master-Relay-Relay_SMD_4.md","copied","copied_to_category"
"C:\KICAD_SCRAPE\markdown_10k_clean\gitlab.com-kicad-libraries-kicad-footprints-tree-master-Relay-Relay_SMD_5.md","gitlab.com-kicad-libraries-kicad-footprints-tree-master-Relay-Relay_SMD_5.md","markdown_10k_clean","https://gitlab.com/kicad/libraries/kicad-footprints/-/tree/master/Relay/Relay_SMD_5","https://gitlab.com/kicad/libraries/kicad-footprints/-/tree/master/Relay/Relay_SMD_5","url_003249","source_url","91_rejected_low_value","91_rejected_low_value\url_003249--gitlab.com-kicad-libraries-kicad-footprints-tree-master-Relay-Relay_SMD_5.md","copied","copied_to_category"
"C:\KICAD_SCRAPE\markdown_10k_clean\gitlab.com-kicad-libraries-kicad-footprints-tree-master-Relay-Relay_SMD_6.md","gitlab.com-kicad-libraries-kicad-footprints-tree-master-Relay-Relay_SMD_6.md","markdown_10k_clean","https://gitlab.com/kicad/libraries/kicad-footprints/-/tree/master/Relay/Relay_SMD_6","https://gitlab.com/kicad/libraries/kicad-footprints/-/tree/master/Relay/Relay_SMD_6","url_003250","source_url","91_rejected_low_value","91_rejected_low_value\url_003250--gitlab.com-kicad-libraries-kicad-footprints-tree-master-Relay-Relay_SMD_6.md","copied","copied_to_category"
"C:\KICAD_SCRAPE\markdown_10k_clean\gitlab.com-kicad-libraries-kicad-footprints-tree-master-Relay-Relay_SMD_7.md","gitlab.com-kicad-libraries-kicad-footprints-tree-master-Relay-Relay_SMD_7.md","markdown_10k_clean","https://gitlab.com/kicad/libraries/kicad-footprints/-/tree/master/Relay/Relay_SMD_7","https://gitlab.com/kicad/libraries/kicad-footprints/-/tree/master/Relay/Relay_SMD_7","url_003251","source_url","91_rejected_low_value","91_rejected_low_value\url_003251--gitlab.com-kicad-libraries-kicad-footprints-tree-master-Relay-Relay_SMD_7.md","copied","copied_to_category"
"C:\KICAD_SCRAPE\markdown_10k_clean\gitlab.com-kicad-libraries-kicad-footprints-tree-master-Relay-Relay_SMD_8.md","gitlab.com-kicad-libraries-kicad-footprints-tree-master-Relay-Relay_SMD_8.md","markdown_10k_clean","https://gitlab.com/kicad/libraries/kicad-footprints/-/tree/master/Relay/Relay_SMD_8","https://gitlab.com/kicad/libraries/kicad-footprints/-/tree/master/Relay/Relay_SMD_8","url_003252","source_url","91_rejected_low_value","91_rejected_low_value\url_003252--gitlab.com-kicad-libraries-kicad-footprints-tree-master-Relay-Relay_SMD_8.md","copied","copied_to_category"
"C:\KICAD_SCRAPE\markdown_10k_clean\gitlab.com-kicad-libraries-kicad-footprints-tree-master-Relay-Relay_SMD_9.md","gitlab.com-kicad-libraries-kicad-footprints-tree-master-Relay-Relay_SMD_9.md","markdown_10k_clean","https://gitlab.com/kicad/libraries/kicad-footprints/-/tree/master/Relay/Relay_SMD_9","https://gitlab.com/kicad/libraries/kicad-footprints/-/tree/master/Relay/Relay_SMD_9","url_003253","source_url","91_rejected_low_value","91_rejected_low_value\url_003253--gitlab.com-kicad-libraries-kicad-footprints-tree-master-Relay-Relay_SMD_9.md","copied","copied_to_category"
"C:\KICAD_SCRAPE\markdown_10k_clean\gitlab.com-kicad-libraries-kicad-footprints-tree-master-Resistor_SMD-R1.md","gitlab.com-kicad-libraries-kicad-footprints-tree-master-Resistor_SMD-R1.md","markdown_10k_clean","https://gitlab.com/kicad/libraries/kicad-footprints/-/tree/master/Resistor_SMD/R1","https://gitlab.com/kicad/libraries/kicad-footprints/-/tree/master/Resistor_SMD/R1","url_003254","source_url","91_rejected_low_value","91_rejected_low_value\url_003254--gitlab.com-kicad-libraries-kicad-footprints-tree-master-Resistor_SMD-R1.md","copied","copied_to_category"
"C:\KICAD_SCRAPE\markdown_10k_clean\gitlab.com-kicad-libraries-kicad-footprints-tree-master-Resistor_SMD-R10.md","gitlab.com-kicad-libraries-kicad-footprints-tree-master-Resistor_SMD-R10.md","markdown_10k_clean","https://gitlab.com/kicad/libraries/kicad-footprints/-/tree/master/Resistor_SMD/R10","https://gitlab.com/kicad/libraries/kicad-footprints/-/tree/master/Resistor_SMD/R10","url_003255","source_url","91_rejected_low_value","91_rejected_low_value\url_003255--gitlab.com-kicad-libraries-kicad-footprints-tree-master-Resistor_SMD-R10.md","copied","copied_to_category"
"C:\KICAD_SCRAPE\markdown_10k_clean\gitlab.com-kicad-libraries-kicad-footprints-tree-master-Resistor_SMD-R100.md","gitlab.com-kicad-libraries-kicad-footprints-tree-master-Resistor_SMD-R100.md","markdown_10k_clean","https://gitlab.com/kicad/libraries/kicad-footprints/-/tree/master/Resistor_SMD/R100","https://gitlab.com/kicad/libraries/kicad-footprints/-/tree/master/Resistor_SMD/R100","url_003256","source_url","91_rejected_low_value","91_rejected_low_value\url_003256--gitlab.com-kicad-libraries-kicad-footprints-tree-master-Resistor_SMD-R100.md","copied","copied_to_category"
"C:\KICAD_SCRAPE\markdown_10k_clean\gitlab.com-kicad-libraries-kicad-footprints-tree-master-Resistor_SMD-R11.md","gitlab.com-kicad-libraries-kicad-footprints-tree-master-Resistor_SMD-R11.md","markdown_10k_clean","https://gitlab.com/kicad/libraries/kicad-footprints/-/tree/master/Resistor_SMD/R11","https://gitlab.com/kicad/libraries/kicad-footprints/-/tree/master/Resistor_SMD/R11","url_003257","source_url","91_rejected_low_value","91_rejected_low_value\url_003257--gitlab.com-kicad-libraries-kicad-footprints-tree-master-Resistor_SMD-R11.md","copied","copied_to_category"
"C:\KICAD_SCRAPE\markdown_10k_clean\gitlab.com-kicad-libraries-kicad-footprints-tree-master-Resistor_SMD-R12.md","gitlab.com-kicad-libraries-kicad-footprints-tree-master-Resistor_SMD-R12.md","markdown_10k_clean","https://gitlab.com/kicad/libraries/kicad-footprints/-/tree/master/Resistor_SMD/R12","https://gitlab.com/kicad/libraries/kicad-footprints/-/tree/master/Resistor_SMD/R12","url_003258","source_url","91_rejected_low_value","91_rejected_low_value\url_003258--gitlab.com-kicad-libraries-kicad-footprints-tree-master-Resistor_SMD-R12.md","copied","copied_to_category"
"C:\KICAD_SCRAPE\markdown_10k_clean\gitlab.com-kicad-libraries-kicad-footprints-tree-master-Resistor_SMD-R13.md","gitlab.com-kicad-libraries-kicad-footprints-tree-master-Resistor_SMD-R13.md","markdown_10k_clean","https://gitlab.com/kicad/libraries/kicad-footprints/-/tree/master/Resistor_SMD/R13","https://gitlab.com/kicad/libraries/kicad-footprints/-/tree/master/Resistor_SMD/R13","url_003259","source_url","91_rejected_low_value","91_rejected_low_value\url_003259--gitlab.com-kicad-libraries-kicad-footprints-tree-master-Resistor_SMD-R13.md","copied","copied_to_category"
"C:\KICAD_SCRAPE\markdown_10k_clean\gitlab.com-kicad-libraries-kicad-footprints-tree-master-Resistor_SMD-R14.md","gitlab.com-kicad-libraries-kicad-footprints-tree-master-Resistor_SMD-R14.md","markdown_10k_clean","https://gitlab.com/kicad/libraries/kicad-footprints/-/tree/master/Resistor_SMD/R14","https://gitlab.com/kicad/libraries/kicad-footprints/-/tree/master/Resistor_SMD/R14","url_003260","source_url","91_rejected_low_value","91_rejected_low_value\url_003260--gitlab.com-kicad-libraries-kicad-footprints-tree-master-Resistor_SMD-R14.md","copied","copied_to_category"
"C:\KICAD_SCRAPE\markdown_10k_clean\gitlab.com-kicad-libraries-kicad-footprints-tree-master-Resistor_SMD-R15.md","gitlab.com-kicad-libraries-kicad-footprints-tree-master-Resistor_SMD-R15.md","markdown_10k_clean","https://gitlab.com/kicad/libraries/kicad-footprints/-/tree/master/Resistor_SMD/R15","https://gitlab.com/kicad/libraries/kicad-footprints/-/tree/master/Resistor_SMD/R15","url_003261","source_url","91_rejected_low_value","91_rejected_low_value\url_003261--gitlab.com-kicad-libraries-kicad-footprints-tree-master-Resistor_SMD-R15.md","copied","copied_to_category"
"C:\KICAD_SCRAPE\markdown_10k_clean\gitlab.com-kicad-libraries-kicad-footprints-tree-master-Resistor_SMD-R16.md","gitlab.com-kicad-libraries-kicad-footprints-tree-master-Resistor_SMD-R16.md","markdown_10k_clean","https://gitlab.com/kicad/libraries/kicad-footprints/-/tree/master/Resistor_SMD/R16","https://gitlab.com/kicad/libraries/kicad-footprints/-/tree/master/Resistor_SMD/R16","url_003262","source_url","91_rejected_low_value","91_rejected_low_value\url_003262--gitlab.com-kicad-libraries-kicad-footprints-tree-master-Resistor_SMD-R16.md","copied","copied_to_category"
"C:\KICAD_SCRAPE\markdown_10k_clean\gitlab.com-kicad-libraries-kicad-footprints-tree-master-Resistor_SMD-R17.md","gitlab.com-kicad-libraries-kicad-footprints-tree-master-Resistor_SMD-R17.md","markdown_10k_clean","https://gitlab.com/kicad/libraries/kicad-footprints/-/tree/master/Resistor_SMD/R17","https://gitlab.com/kicad/libraries/kicad-footprints/-/tree/master/Resistor_SMD/R17","url_003263","source_url","91_rejected_low_value","91_rejected_low_value\url_003263--gitlab.com-kicad-libraries-kicad-footprints-tree-master-Resistor_SMD-R17.md","copied","copied_to_category"
"C:\KICAD_SCRAPE\markdown_10k_clean\gitlab.com-kicad-libraries-kicad-footprints-tree-master-Resistor_SMD-R18.md","gitlab.com-kicad-libraries-kicad-footprints-tree-master-Resistor_SMD-R18.md","markdown_10k_clean","https://gitlab.com/kicad/libraries/kicad-footprints/-/tree/master/Resistor_SMD/R18","https://gitlab.com/kicad/libraries/kicad-footprints/-/tree/master/Resistor_SMD/R18","url_003264","source_url","91_rejected_low_value","91_rejected_low_value\url_003264--gitlab.com-kicad-libraries-kicad-footprints-tree-master-Resistor_SMD-R18.md","copied","copied_to_category"
"C:\KICAD_SCRAPE\markdown_10k_clean\gitlab.com-kicad-libraries-kicad-footprints-tree-master-Resistor_SMD-R19.md","gitlab.com-kicad-libraries-kicad-footprints-tree-master-Resistor_SMD-R19.md","markdown_10k_clean","https://gitlab.com/kicad/libraries/kicad-footprints/-/tree/master/Resistor_SMD/R19","https://gitlab.com/kicad/libraries/kicad-footprints/-/tree/master/Resistor_SMD/R19","url_003265","source_url","91_rejected_low_value","91_rejected_low_value\url_003265--gitlab.com-kicad-libraries-kicad-footprints-tree-master-Resistor_SMD-R19.md","copied","copied_to_category"
"C:\KICAD_SCRAPE\markdown_10k_clean\gitlab.com-kicad-libraries-kicad-footprints-tree-master-Resistor_SMD-R2.md","gitlab.com-kicad-libraries-kicad-footprints-tree-master-Resistor_SMD-R2.md","markdown_10k_clean","https://gitlab.com/kicad/libraries/kicad-footprints/-/tree/master/Resistor_SMD/R2","https://gitlab.com/kicad/libraries/kicad-footprints/-/tree/master/Resistor_SMD/R2","url_003266","source_url","91_rejected_low_value","91_rejected_low_value\url_003266--gitlab.com-kicad-libraries-kicad-footprints-tree-master-Resistor_SMD-R2.md","copied","copied_to_category"
"C:\KICAD_SCRAPE\markdown_10k_clean\gitlab.com-kicad-libraries-kicad-footprints-tree-master-Resistor_SMD-R20.md","gitlab.com-kicad-libraries-kicad-footprints-tree-master-Resistor_SMD-R20.md","markdown_10k_clean","https://gitlab.com/kicad/libraries/kicad-footprints/-/tree/master/Resistor_SMD/R20","https://gitlab.com/kicad/libraries/kicad-footprints/-/tree/master/Resistor_SMD/R20","url_003267","source_url","91_rejected_low_value","91_rejected_low_value\url_003267--gitlab.com-kicad-libraries-kicad-footprints-tree-master-Resistor_SMD-R20.md","copied","copied_to_category"
"C:\KICAD_SCRAPE\markdown_10k_clean\gitlab.com-kicad-libraries-kicad-footprints-tree-master-Resistor_SMD-R21.md","gitlab.com-kicad-libraries-kicad-footprints-tree-master-Resistor_SMD-R21.md","markdown_10k_clean","https://gitlab.com/kicad/libraries/kicad-footprints/-/tree/master/Resistor_SMD/R21","https://gitlab.com/kicad/libraries/kicad-footprints/-/tree/master/Resistor_SMD/R21","url_003268","source_url","91_rejected_low_value","91_rejected_low_value\url_003268--gitlab.com-kicad-libraries-kicad-footprints-tree-master-Resistor_SMD-R21.md","copied","copied_to_category"
"C:\KICAD_SCRAPE\markdown_10k_clean\gitlab.com-kicad-libraries-kicad-footprints-tree-master-Resistor_SMD-R22.md","gitlab.com-kicad-libraries-kicad-footprints-tree-master-Resistor_SMD-R22.md","markdown_10k_clean","https://gitlab.com/kicad/libraries/kicad-footprints/-/tree/master/Resistor_SMD/R22","https://gitlab.com/kicad/libraries/kicad-footprints/-/tree/master/Resistor_SMD/R22","url_003269","source_url","91_rejected_low_value","91_rejected_low_value\url_003269--gitlab.com-kicad-libraries-kicad-footprints-tree-master-Resistor_SMD-R22.md","copied","copied_to_category"
"C:\KICAD_SCRAPE\markdown_10k_clean\gitlab.com-kicad-libraries-kicad-footprints-tree-master-Resistor_SMD-R23.md","gitlab.com-kicad-libraries-kicad-footprints-tree-master-Resistor_SMD-R23.md","markdown_10k_clean","https://gitlab.com/kicad/libraries/kicad-footprints/-/tree/master/Resistor_SMD/R23","https://gitlab.com/kicad/libraries/kicad-footprints/-/tree/master/Resistor_SMD/R23","url_003270","source_url","91_rejected_low_value","91_rejected_low_value\url_003270--gitlab.com-kicad-libraries-kicad-footprints-tree-master-Resistor_SMD-R23.md","copied","copied_to_category"
"C:\KICAD_SCRAPE\markdown_10k_clean\gitlab.com-kicad-libraries-kicad-footprints-tree-master-Resistor_SMD-R24.md","gitlab.com-kicad-libraries-kicad-footprints-tree-master-Resistor_SMD-R24.md","markdown_10k_clean","https://gitlab.com/kicad/libraries/kicad-footprints/-/tree/master/Resistor_SMD/R24","https://gitlab.com/kicad/libraries/kicad-footprints/-/tree/master/Resistor_SMD/R24","url_003271","source_url","91_rejected_low_value","91_rejected_low_value\url_003271--gitlab.com-kicad-libraries-kicad-footprints-tree-master-Resistor_SMD-R24.md","copied","copied_to_category"
"C:\KICAD_SCRAPE\markdown_10k_clean\gitlab.com-kicad-libraries-kicad-footprints-tree-master-Resistor_SMD-R25.md","gitlab.com-kicad-libraries-kicad-footprints-tree-master-Resistor_SMD-R25.md","markdown_10k_clean","https://gitlab.com/kicad/libraries/kicad-footprints/-/tree/master/Resistor_SMD/R25","https://gitlab.com/kicad/libraries/kicad-footprints/-/tree/master/Resistor_SMD/R25","url_003272","source_url","91_rejected_low_value","91_rejected_low_value\url_003272--gitlab.com-kicad-libraries-kicad-footprints-tree-master-Resistor_SMD-R25.md","copied","copied_to_category"
"C:\KICAD_SCRAPE\markdown_10k_clean\gitlab.com-kicad-libraries-kicad-footprints-tree-master-Resistor_SMD-R26.md","gitlab.com-kicad-libraries-kicad-footprints-tree-master-Resistor_SMD-R26.md","markdown_10k_clean","https://gitlab.com/kicad/libraries/kicad-footprints/-/tree/master/Resistor_SMD/R26","https://gitlab.com/kicad/libraries/kicad-footprints/-/tree/master/Resistor_SMD/R26","url_003273","source_url","91_rejected_low_value","91_rejected_low_value\url_003273--gitlab.com-kicad-libraries-kicad-footprints-tree-master-Resistor_SMD-R26.md","copied","copied_to_category"
"C:\KICAD_SCRAPE\markdown_10k_clean\gitlab.com-kicad-libraries-kicad-footprints-tree-master-Resistor_SMD-R27.md","gitlab.com-kicad-libraries-kicad-footprints-tree-master-Resistor_SMD-R27.md","markdown_10k_clean","https://gitlab.com/kicad/libraries/kicad-footprints/-/tree/master/Resistor_SMD/R27","https://gitlab.com/kicad/libraries/kicad-footprints/-/tree/master/Resistor_SMD/R27","url_003274","source_url","91_rejected_low_value","91_rejected_low_value\url_003274--gitlab.com-kicad-libraries-kicad-footprints-tree-master-Resistor_SMD-R27.md","copied","copied_to_category"
"C:\KICAD_SCRAPE\markdown_10k_clean\gitlab.com-kicad-libraries-kicad-footprints-tree-master-Resistor_SMD-R28.md","gitlab.com-kicad-libraries-kicad-footprints-tree-master-Resistor_SMD-R28.md","markdown_10k_clean","https://gitlab.com/kicad/libraries/kicad-footprints/-/tree/master/Resistor_SMD/R28","https://gitlab.com/kicad/libraries/kicad-footprints/-/tree/master/Resistor_SMD/R28","url_003275","source_url","91_rejected_low_value","91_rejected_low_value\url_003275--gitlab.com-kicad-libraries-kicad-footprints-tree-master-Resistor_SMD-R28.md","copied","copied_to_category"
"C:\KICAD_SCRAPE\markdown_10k_clean\gitlab.com-kicad-libraries-kicad-footprints-tree-master-Resistor_SMD-R29.md","gitlab.com-kicad-libraries-kicad-footprints-tree-master-Resistor_SMD-R29.md","markdown_10k_clean","https://gitlab.com/kicad/libraries/kicad-footprints/-/tree/master/Resistor_SMD/R29","https://gitlab.com/kicad/libraries/kicad-footprints/-/tree/master/Resistor_SMD/R29","url_003276","source_url","91_rejected_low_value","91_rejected_low_value\url_003276--gitlab.com-kicad-libraries-kicad-footprints-tree-master-Resistor_SMD-R29.md","copied","copied_to_category"
"C:\KICAD_SCRAPE\markdown_10k_clean\gitlab.com-kicad-libraries-kicad-footprints-tree-master-Resistor_SMD-R3.md","gitlab.com-kicad-libraries-kicad-footprints-tree-master-Resistor_SMD-R3.md","markdown_10k_clean","https://gitlab.com/kicad/libraries/kicad-footprints/-/tree/master/Resistor_SMD/R3","https://gitlab.com/kicad/libraries/kicad-footprints/-/tree/master/Resistor_SMD/R3","url_003277","source_url","91_rejected_low_value","91_rejected_low_value\url_003277--gitlab.com-kicad-libraries-kicad-footprints-tree-master-Resistor_SMD-R3.md","copied","copied_to_category"
"C:\KICAD_SCRAPE\markdown_10k_clean\gitlab.com-kicad-libraries-kicad-footprints-tree-master-Resistor_SMD-R30.md","gitlab.com-kicad-libraries-kicad-footprints-tree-master-Resistor_SMD-R30.md","markdown_10k_clean","https://gitlab.com/kicad/libraries/kicad-footprints/-/tree/master/Resistor_SMD/R30","https://gitlab.com/kicad/libraries/kicad-footprints/-/tree/master/Resistor_SMD/R30","url_003278","source_url","91_rejected_low_value","91_rejected_low_value\url_003278--gitlab.com-kicad-libraries-kicad-footprints-tree-master-Resistor_SMD-R30.md","copied","copied_to_category"
"C:\KICAD_SCRAPE\markdown_10k_clean\gitlab.com-kicad-libraries-kicad-footprints-tree-master-Resistor_SMD-R31.md","gitlab.com-kicad-libraries-kicad-footprints-tree-master-Resistor_SMD-R31.md","markdown_10k_clean","https://gitlab.com/kicad/libraries/kicad-footprints/-/tree/master/Resistor_SMD/R31","https://gitlab.com/kicad/libraries/kicad-footprints/-/tree/master/Resistor_SMD/R31","url_003279","source_url","91_rejected_low_value","91_rejected_low_value\url_003279--gitlab.com-kicad-libraries-kicad-footprints-tree-master-Resistor_SMD-R31.md","copied","copied_to_category"
"C:\KICAD_SCRAPE\markdown_10k_clean\gitlab.com-kicad-libraries-kicad-footprints-tree-master-Resistor_SMD-R32.md","gitlab.com-kicad-libraries-kicad-footprints-tree-master-Resistor_SMD-R32.md","markdown_10k_clean","https://gitlab.com/kicad/libraries/kicad-footprints/-/tree/master/Resistor_SMD/R32","https://gitlab.com/kicad/libraries/kicad-footprints/-/tree/master/Resistor_SMD/R32","url_003280","source_url","91_rejected_low_value","91_rejected_low_value\url_003280--gitlab.com-kicad-libraries-kicad-footprints-tree-master-Resistor_SMD-R32.md","copied","copied_to_category"
"C:\KICAD_SCRAPE\markdown_10k_clean\gitlab.com-kicad-libraries-kicad-footprints-tree-master-Resistor_SMD-R33.md","gitlab.com-kicad-libraries-kicad-footprints-tree-master-Resistor_SMD-R33.md","markdown_10k_clean","https://gitlab.com/kicad/libraries/kicad-footprints/-/tree/master/Resistor_SMD/R33","https://gitlab.com/kicad/libraries/kicad-footprints/-/tree/master/Resistor_SMD/R33","url_003281","source_url","91_rejected_low_value","91_rejected_low_value\url_003281--gitlab.com-kicad-libraries-kicad-footprints-tree-master-Resistor_SMD-R33.md","copied","copied_to_category"
"C:\KICAD_SCRAPE\markdown_10k_clean\gitlab.com-kicad-libraries-kicad-footprints-tree-master-Resistor_SMD-R34.md","gitlab.com-kicad-libraries-kicad-footprints-tree-master-Resistor_SMD-R34.md","markdown_10k_clean","https://gitlab.com/kicad/libraries/kicad-footprints/-/tree/master/Resistor_SMD/R34","https://gitlab.com/kicad/libraries/kicad-footprints/-/tree/master/Resistor_SMD/R34","url_003282","source_url","91_rejected_low_value","91_rejected_low_value\url_003282--gitlab.com-kicad-libraries-kicad-footprints-tree-master-Resistor_SMD-R34.md","copied","copied_to_category"
"C:\KICAD_SCRAPE\markdown_10k_clean\gitlab.com-kicad-libraries-kicad-footprints-tree-master-Resistor_SMD-R35.md","gitlab.com-kicad-libraries-kicad-footprints-tree-master-Resistor_SMD-R35.md","markdown_10k_clean","https://gitlab.com/kicad/libraries/kicad-footprints/-/tree/master/Resistor_SMD/R35","https://gitlab.com/kicad/libraries/kicad-footprints/-/tree/master/Resistor_SMD/R35","url_003283","source_url","91_rejected_low_value","91_rejected_low_value\url_003283--gitlab.com-kicad-libraries-kicad-footprints-tree-master-Resistor_SMD-R35.md","copied","copied_to_category"
"C:\KICAD_SCRAPE\markdown_10k_clean\gitlab.com-kicad-libraries-kicad-footprints-tree-master-Resistor_SMD-R36.md","gitlab.com-kicad-libraries-kicad-footprints-tree-master-Resistor_SMD-R36.md","markdown_10k_clean","https://gitlab.com/kicad/libraries/kicad-footprints/-/tree/master/Resistor_SMD/R36","https://gitlab.com/kicad/libraries/kicad-footprints/-/tree/master/Resistor_SMD/R36","url_003284","source_url","91_rejected_low_value","91_rejected_low_value\url_003284--gitlab.com-kicad-libraries-kicad-footprints-tree-master-Resistor_SMD-R36.md","copied","copied_to_category"
"C:\KICAD_SCRAPE\markdown_10k_clean\gitlab.com-kicad-libraries-kicad-footprints-tree-master-Resistor_SMD-R37.md","gitlab.com-kicad-libraries-kicad-footprints-tree-master-Resistor_SMD-R37.md","markdown_10k_clean","https://gitlab.com/kicad/libraries/kicad-footprints/-/tree/master/Resistor_SMD/R37","https://gitlab.com/kicad/libraries/kicad-footprints/-/tree/master/Resistor_SMD/R37","url_003285","source_url","91_rejected_low_value","91_rejected_low_value\url_003285--gitlab.com-kicad-libraries-kicad-footprints-tree-master-Resistor_SMD-R37.md","copied","copied_to_category"
"C:\KICAD_SCRAPE\markdown_10k_clean\gitlab.com-kicad-libraries-kicad-footprints-tree-master-Resistor_SMD-R38.md","gitlab.com-kicad-libraries-kicad-footprints-tree-master-Resistor_SMD-R38.md","markdown_10k_clean","https://gitlab.com/kicad/libraries/kicad-footprints/-/tree/master/Resistor_SMD/R38","https://gitlab.com/kicad/libraries/kicad-footprints/-/tree/master/Resistor_SMD/R38","url_003286","source_url","91_rejected_low_value","91_rejected_low_value\url_003286--gitlab.com-kicad-libraries-kicad-footprints-tree-master-Resistor_SMD-R38.md","copied","copied_to_category"
"C:\KICAD_SCRAPE\markdown_10k_clean\gitlab.com-kicad-libraries-kicad-footprints-tree-master-Resistor_SMD-R39.md","gitlab.com-kicad-libraries-kicad-footprints-tree-master-Resistor_SMD-R39.md","markdown_10k_clean","https://gitlab.com/kicad/libraries/kicad-footprints/-/tree/master/Resistor_SMD/R39","https://gitlab.com/kicad/libraries/kicad-footprints/-/tree/master/Resistor_SMD/R39","url_003287","source_url","91_rejected_low_value","91_rejected_low_value\url_003287--gitlab.com-kicad-libraries-kicad-footprints-tree-master-Resistor_SMD-R39.md","copied","copied_to_category"
"C:\KICAD_SCRAPE\markdown_10k_clean\gitlab.com-kicad-libraries-kicad-footprints-tree-master-Resistor_SMD-R4.md","gitlab.com-kicad-libraries-kicad-footprints-tree-master-Resistor_SMD-R4.md","markdown_10k_clean","https://gitlab.com/kicad/libraries/kicad-footprints/-/tree/master/Resistor_SMD/R4","https://gitlab.com/kicad/libraries/kicad-footprints/-/tree/master/Resistor_SMD/R4","url_003288","source_url","91_rejected_low_value","91_rejected_low_value\url_003288--gitlab.com-kicad-libraries-kicad-footprints-tree-master-Resistor_SMD-R4.md","copied","copied_to_category"
"C:\KICAD_SCRAPE\markdown_10k_clean\gitlab.com-kicad-libraries-kicad-footprints-tree-master-Resistor_SMD-R40.md","gitlab.com-kicad-libraries-kicad-footprints-tree-master-Resistor_SMD-R40.md","markdown_10k_clean","https://gitlab.com/kicad/libraries/kicad-footprints/-/tree/master/Resistor_SMD/R40","https://gitlab.com/kicad/libraries/kicad-footprints/-/tree/master/Resistor_SMD/R40","url_003289","source_url","91_rejected_low_value","91_rejected_low_value\url_003289--gitlab.com-kicad-libraries-kicad-footprints-tree-master-Resistor_SMD-R40.md","copied","copied_to_category"
"C:\KICAD_SCRAPE\markdown_10k_clean\gitlab.com-kicad-libraries-kicad-footprints-tree-master-Resistor_SMD-R41.md","gitlab.com-kicad-libraries-kicad-footprints-tree-master-Resistor_SMD-R41.md","markdown_10k_clean","https://gitlab.com/kicad/libraries/kicad-footprints/-/tree/master/Resistor_SMD/R41","https://gitlab.com/kicad/libraries/kicad-footprints/-/tree/master/Resistor_SMD/R41","url_003290","source_url","91_rejected_low_value","91_rejected_low_value\url_003290--gitlab.com-kicad-libraries-kicad-footprints-tree-master-Resistor_SMD-R41.md","copied","copied_to_category"
"C:\KICAD_SCRAPE\markdown_10k_clean\gitlab.com-kicad-libraries-kicad-footprints-tree-master-Resistor_SMD-R42.md","gitlab.com-kicad-libraries-kicad-footprints-tree-master-Resistor_SMD-R42.md","markdown_10k_clean","https://gitlab.com/kicad/libraries/kicad-footprints/-/tree/master/Resistor_SMD/R42","https://gitlab.com/kicad/libraries/kicad-footprints/-/tree/master/Resistor_SMD/R42","url_003291","source_url","91_rejected_low_value","91_rejected_low_value\url_003291--gitlab.com-kicad-libraries-kicad-footprints-tree-master-Resistor_SMD-R42.md","copied","copied_to_category"
"C:\KICAD_SCRAPE\markdown_10k_clean\gitlab.com-kicad-libraries-kicad-footprints-tree-master-Resistor_SMD-R43.md","gitlab.com-kicad-libraries-kicad-footprints-tree-master-Resistor_SMD-R43.md","markdown_10k_clean","https://gitlab.com/kicad/libraries/kicad-footprints/-/tree/master/Resistor_SMD/R43","https://gitlab.com/kicad/libraries/kicad-footprints/-/tree/master/Resistor_SMD/R43","url_003292","source_url","91_rejected_low_value","91_rejected_low_value\url_003292--gitlab.com-kicad-libraries-kicad-footprints-tree-master-Resistor_SMD-R43.md","copied","copied_to_category"
"C:\KICAD_SCRAPE\markdown_10k_clean\gitlab.com-kicad-libraries-kicad-footprints-tree-master-Resistor_SMD-R44.md","gitlab.com-kicad-libraries-kicad-footprints-tree-master-Resistor_SMD-R44.md","markdown_10k_clean","https://gitlab.com/kicad/libraries/kicad-footprints/-/tree/master/Resistor_SMD/R44","https://gitlab.com/kicad/libraries/kicad-footprints/-/tree/master/Resistor_SMD/R44","url_003293","source_url","91_rejected_low_value","91_rejected_low_value\url_003293--gitlab.com-kicad-libraries-kicad-footprints-tree-master-Resistor_SMD-R44.md","copied","copied_to_category"
"C:\KICAD_SCRAPE\markdown_10k_clean\gitlab.com-kicad-libraries-kicad-footprints-tree-master-Resistor_SMD-R45.md","gitlab.com-kicad-libraries-kicad-footprints-tree-master-Resistor_SMD-R45.md","markdown_10k_clean","https://gitlab.com/kicad/libraries/kicad-footprints/-/tree/master/Resistor_SMD/R45","https://gitlab.com/kicad/libraries/kicad-footprints/-/tree/master/Resistor_SMD/R45","url_003294","source_url","91_rejected_low_value","91_rejected_low_value\url_003294--gitlab.com-kicad-libraries-kicad-footprints-tree-master-Resistor_SMD-R45.md","copied","copied_to_category"
"C:\KICAD_SCRAPE\markdown_10k_clean\gitlab.com-kicad-libraries-kicad-footprints-tree-master-Resistor_SMD-R46.md","gitlab.com-kicad-libraries-kicad-footprints-tree-master-Resistor_SMD-R46.md","markdown_10k_clean","https://gitlab.com/kicad/libraries/kicad-footprints/-/tree/master/Resistor_SMD/R46","https://gitlab.com/kicad/libraries/kicad-footprints/-/tree/master/Resistor_SMD/R46","url_003295","source_url","91_rejected_low_value","91_rejected_low_value\url_003295--gitlab.com-kicad-libraries-kicad-footprints-tree-master-Resistor_SMD-R46.md","copied","copied_to_category"
"C:\KICAD_SCRAPE\markdown_10k_clean\gitlab.com-kicad-libraries-kicad-footprints-tree-master-Resistor_SMD-R47.md","gitlab.com-kicad-libraries-kicad-footprints-tree-master-Resistor_SMD-R47.md","markdown_10k_clean","https://gitlab.com/kicad/libraries/kicad-footprints/-/tree/master/Resistor_SMD/R47","https://gitlab.com/kicad/libraries/kicad-footprints/-/tree/master/Resistor_SMD/R47","url_003296","source_url","91_rejected_low_value","91_rejected_low_value\url_003296--gitlab.com-kicad-libraries-kicad-footprints-tree-master-Resistor_SMD-R47.md","copied","copied_to_category"
"C:\KICAD_SCRAPE\markdown_10k_clean\gitlab.com-kicad-libraries-kicad-footprints-tree-master-Resistor_SMD-R48.md","gitlab.com-kicad-libraries-kicad-footprints-tree-master-Resistor_SMD-R48.md","markdown_10k_clean","https://gitlab.com/kicad/libraries/kicad-footprints/-/tree/master/Resistor_SMD/R48","https://gitlab.com/kicad/libraries/kicad-footprints/-/tree/master/Resistor_SMD/R48","url_003297","source_url","91_rejected_low_value","91_rejected_low_value\url_003297--gitlab.com-kicad-libraries-kicad-footprints-tree-master-Resistor_SMD-R48.md","copied","copied_to_category"
"C:\KICAD_SCRAPE\markdown_10k_clean\gitlab.com-kicad-libraries-kicad-footprints-tree-master-Resistor_SMD-R49.md","gitlab.com-kicad-libraries-kicad-footprints-tree-master-Resistor_SMD-R49.md","markdown_10k_clean","https://gitlab.com/kicad/libraries/kicad-footprints/-/tree/master/Resistor_SMD/R49","https://gitlab.com/kicad/libraries/kicad-footprints/-/tree/master/Resistor_SMD/R49","url_003298","source_url","91_rejected_low_value","91_rejected_low_value\url_003298--gitlab.com-kicad-libraries-kicad-footprints-tree-master-Resistor_SMD-R49.md","copied","copied_to_category"
"C:\KICAD_SCRAPE\markdown_10k_clean\gitlab.com-kicad-libraries-kicad-footprints-tree-master-Resistor_SMD-R5.md","gitlab.com-kicad-libraries-kicad-footprints-tree-master-Resistor_SMD-R5.md","markdown_10k_clean","https://gitlab.com/kicad/libraries/kicad-footprints/-/tree/master/Resistor_SMD/R5","https://gitlab.com/kicad/libraries/kicad-footprints/-/tree/master/Resistor_SMD/R5","url_003299","source_url","91_rejected_low_value","91_rejected_low_value\url_003299--gitlab.com-kicad-libraries-kicad-footprints-tree-master-Resistor_SMD-R5.md","copied","copied_to_category"
"C:\KICAD_SCRAPE\markdown_10k_clean\gitlab.com-kicad-libraries-kicad-footprints-tree-master-Resistor_SMD-R50.md","gitlab.com-kicad-libraries-kicad-footprints-tree-master-Resistor_SMD-R50.md","markdown_10k_clean","https://gitlab.com/kicad/libraries/kicad-footprints/-/tree/master/Resistor_SMD/R50","https://gitlab.com/kicad/libraries/kicad-footprints/-/tree/master/Resistor_SMD/R50","url_003300","source_url","91_rejected_low_value","91_rejected_low_value\url_003300--gitlab.com-kicad-libraries-kicad-footprints-tree-master-Resistor_SMD-R50.md","copied","copied_to_category"
"C:\KICAD_SCRAPE\markdown_10k_clean\gitlab.com-kicad-libraries-kicad-footprints-tree-master-Resistor_SMD-R51.md","gitlab.com-kicad-libraries-kicad-footprints-tree-master-Resistor_SMD-R51.md","markdown_10k_clean","https://gitlab.com/kicad/libraries/kicad-footprints/-/tree/master/Resistor_SMD/R51","https://gitlab.com/kicad/libraries/kicad-footprints/-/tree/master/Resistor_SMD/R51","url_003301","source_url","91_rejected_low_value","91_rejected_low_value\url_003301--gitlab.com-kicad-libraries-kicad-footprints-tree-master-Resistor_SMD-R51.md","copied","copied_to_category"
"C:\KICAD_SCRAPE\markdown_10k_clean\gitlab.com-kicad-libraries-kicad-footprints-tree-master-Resistor_SMD-R52.md","gitlab.com-kicad-libraries-kicad-footprints-tree-master-Resistor_SMD-R52.md","markdown_10k_clean","https://gitlab.com/kicad/libraries/kicad-footprints/-/tree/master/Resistor_SMD/R52","https://gitlab.com/kicad/libraries/kicad-footprints/-/tree/master/Resistor_SMD/R52","url_003302","source_url","91_rejected_low_value","91_rejected_low_value\url_003302--gitlab.com-kicad-libraries-kicad-footprints-tree-master-Resistor_SMD-R52.md","copied","copied_to_category"
"C:\KICAD_SCRAPE\markdown_10k_clean\gitlab.com-kicad-libraries-kicad-footprints-tree-master-Resistor_SMD-R53.md","gitlab.com-kicad-libraries-kicad-footprints-tree-master-Resistor_SMD-R53.md","markdown_10k_clean","https://gitlab.com/kicad/libraries/kicad-footprints/-/tree/master/Resistor_SMD/R53","https://gitlab.com/kicad/libraries/kicad-footprints/-/tree/master/Resistor_SMD/R53","url_003303","source_url","91_rejected_low_value","91_rejected_low_value\url_003303--gitlab.com-kicad-libraries-kicad-footprints-tree-master-Resistor_SMD-R53.md","copied","copied_to_category"
"C:\KICAD_SCRAPE\markdown_10k_clean\gitlab.com-kicad-libraries-kicad-footprints-tree-master-Resistor_SMD-R54.md","gitlab.com-kicad-libraries-kicad-footprints-tree-master-Resistor_SMD-R54.md","markdown_10k_clean","https://gitlab.com/kicad/libraries/kicad-footprints/-/tree/master/Resistor_SMD/R54","https://gitlab.com/kicad/libraries/kicad-footprints/-/tree/master/Resistor_SMD/R54","url_003304","source_url","91_rejected_low_value","91_rejected_low_value\url_003304--gitlab.com-kicad-libraries-kicad-footprints-tree-master-Resistor_SMD-R54.md","copied","copied_to_category"
"C:\KICAD_SCRAPE\markdown_10k_clean\gitlab.com-kicad-libraries-kicad-footprints-tree-master-Resistor_SMD-R55.md","gitlab.com-kicad-libraries-kicad-footprints-tree-master-Resistor_SMD-R55.md","markdown_10k_clean","https://gitlab.com/kicad/libraries/kicad-footprints/-/tree/master/Resistor_SMD/R55","https://gitlab.com/kicad/libraries/kicad-footprints/-/tree/master/Resistor_SMD/R55","url_003305","source_url","91_rejected_low_value","91_rejected_low_value\url_003305--gitlab.com-kicad-libraries-kicad-footprints-tree-master-Resistor_SMD-R55.md","copied","copied_to_category"
"C:\KICAD_SCRAPE\markdown_10k_clean\gitlab.com-kicad-libraries-kicad-footprints-tree-master-Resistor_SMD-R56.md","gitlab.com-kicad-libraries-kicad-footprints-tree-master-Resistor_SMD-R56.md","markdown_10k_clean","https://gitlab.com/kicad/libraries/kicad-footprints/-/tree/master/Resistor_SMD/R56","https://gitlab.com/kicad/libraries/kicad-footprints/-/tree/master/Resistor_SMD/R56","url_003306","source_url","91_rejected_low_value","91_rejected_low_value\url_003306--gitlab.com-kicad-libraries-kicad-footprints-tree-master-Resistor_SMD-R56.md","copied","copied_to_category"
"C:\KICAD_SCRAPE\markdown_10k_clean\gitlab.com-kicad-libraries-kicad-footprints-tree-master-Resistor_SMD-R57.md","gitlab.com-kicad-libraries-kicad-footprints-tree-master-Resistor_SMD-R57.md","markdown_10k_clean","https://gitlab.com/kicad/libraries/kicad-footprints/-/tree/master/Resistor_SMD/R57","https://gitlab.com/kicad/libraries/kicad-footprints/-/tree/master/Resistor_SMD/R57","url_003307","source_url","91_rejected_low_value","91_rejected_low_value\url_003307--gitlab.com-kicad-libraries-kicad-footprints-tree-master-Resistor_SMD-R57.md","copied","copied_to_category"
"C:\KICAD_SCRAPE\markdown_10k_clean\gitlab.com-kicad-libraries-kicad-footprints-tree-master-Resistor_SMD-R58.md","gitlab.com-kicad-libraries-kicad-footprints-tree-master-Resistor_SMD-R58.md","markdown_10k_clean","https://gitlab.com/kicad/libraries/kicad-footprints/-/tree/master/Resistor_SMD/R58","https://gitlab.com/kicad/libraries/kicad-footprints/-/tree/master/Resistor_SMD/R58","url_003308","source_url","91_rejected_low_value","91_rejected_low_value\url_003308--gitlab.com-kicad-libraries-kicad-footprints-tree-master-Resistor_SMD-R58.md","copied","copied_to_category"
"C:\KICAD_SCRAPE\markdown_10k_clean\gitlab.com-kicad-libraries-kicad-footprints-tree-master-Resistor_SMD-R59.md","gitlab.com-kicad-libraries-kicad-footprints-tree-master-Resistor_SMD-R59.md","markdown_10k_clean","https://gitlab.com/kicad/libraries/kicad-footprints/-/tree/master/Resistor_SMD/R59","https://gitlab.com/kicad/libraries/kicad-footprints/-/tree/master/Resistor_SMD/R59","url_003309","source_url","91_rejected_low_value","91_rejected_low_value\url_003309--gitlab.com-kicad-libraries-kicad-footprints-tree-master-Resistor_SMD-R59.md","copied","copied_to_category"
"C:\KICAD_SCRAPE\markdown_10k_clean\gitlab.com-kicad-libraries-kicad-footprints-tree-master-Resistor_SMD-R6.md","gitlab.com-kicad-libraries-kicad-footprints-tree-master-Resistor_SMD-R6.md","markdown_10k_clean","https://gitlab.com/kicad/libraries/kicad-footprints/-/tree/master/Resistor_SMD/R6","https://gitlab.com/kicad/libraries/kicad-footprints/-/tree/master/Resistor_SMD/R6","url_003310","source_url","91_rejected_low_value","91_rejected_low_value\url_003310--gitlab.com-kicad-libraries-kicad-footprints-tree-master-Resistor_SMD-R6.md","copied","copied_to_category"
"C:\KICAD_SCRAPE\markdown_10k_clean\gitlab.com-kicad-libraries-kicad-footprints-tree-master-Resistor_SMD-R60.md","gitlab.com-kicad-libraries-kicad-footprints-tree-master-Resistor_SMD-R60.md","markdown_10k_clean","https://gitlab.com/kicad/libraries/kicad-footprints/-/tree/master/Resistor_SMD/R60","https://gitlab.com/kicad/libraries/kicad-footprints/-/tree/master/Resistor_SMD/R60","url_003311","source_url","91_rejected_low_value","91_rejected_low_value\url_003311--gitlab.com-kicad-libraries-kicad-footprints-tree-master-Resistor_SMD-R60.md","copied","copied_to_category"
"C:\KICAD_SCRAPE\markdown_10k_clean\gitlab.com-kicad-libraries-kicad-footprints-tree-master-Resistor_SMD-R61.md","gitlab.com-kicad-libraries-kicad-footprints-tree-master-Resistor_SMD-R61.md","markdown_10k_clean","https://gitlab.com/kicad/libraries/kicad-footprints/-/tree/master/Resistor_SMD/R61","https://gitlab.com/kicad/libraries/kicad-footprints/-/tree/master/Resistor_SMD/R61","url_003312","source_url","91_rejected_low_value","91_rejected_low_value\url_003312--gitlab.com-kicad-libraries-kicad-footprints-tree-master-Resistor_SMD-R61.md","copied","copied_to_category"
"C:\KICAD_SCRAPE\markdown_10k_clean\gitlab.com-kicad-libraries-kicad-footprints-tree-master-Resistor_SMD-R62.md","gitlab.com-kicad-libraries-kicad-footprints-tree-master-Resistor_SMD-R62.md","markdown_10k_clean","https://gitlab.com/kicad/libraries/kicad-footprints/-/tree/master/Resistor_SMD/R62","https://gitlab.com/kicad/libraries/kicad-footprints/-/tree/master/Resistor_SMD/R62","url_003313","source_url","91_rejected_low_value","91_rejected_low_value\url_003313--gitlab.com-kicad-libraries-kicad-footprints-tree-master-Resistor_SMD-R62.md","copied","copied_to_category"
"C:\KICAD_SCRAPE\markdown_10k_clean\gitlab.com-kicad-libraries-kicad-footprints-tree-master-Resistor_SMD-R63.md","gitlab.com-kicad-libraries-kicad-footprints-tree-master-Resistor_SMD-R63.md","markdown_10k_clean","https://gitlab.com/kicad/libraries/kicad-footprints/-/tree/master/Resistor_SMD/R63","https://gitlab.com/kicad/libraries/kicad-footprints/-/tree/master/Resistor_SMD/R63","url_003314","source_url","91_rejected_low_value","91_rejected_low_value\url_003314--gitlab.com-kicad-libraries-kicad-footprints-tree-master-Resistor_SMD-R63.md","copied","copied_to_category"
"C:\KICAD_SCRAPE\markdown_10k_clean\gitlab.com-kicad-libraries-kicad-footprints-tree-master-Resistor_SMD-R64.md","gitlab.com-kicad-libraries-kicad-footprints-tree-master-Resistor_SMD-R64.md","markdown_10k_clean","https://gitlab.com/kicad/libraries/kicad-footprints/-/tree/master/Resistor_SMD/R64","https://gitlab.com/kicad/libraries/kicad-footprints/-/tree/master/Resistor_SMD/R64","url_003315","source_url","91_rejected_low_value","91_rejected_low_value\url_003315--gitlab.com-kicad-libraries-kicad-footprints-tree-master-Resistor_SMD-R64.md","copied","copied_to_category"
"C:\KICAD_SCRAPE\markdown_10k_clean\gitlab.com-kicad-libraries-kicad-footprints-tree-master-Resistor_SMD-R65.md","gitlab.com-kicad-libraries-kicad-footprints-tree-master-Resistor_SMD-R65.md","markdown_10k_clean","https://gitlab.com/kicad/libraries/kicad-footprints/-/tree/master/Resistor_SMD/R65","https://gitlab.com/kicad/libraries/kicad-footprints/-/tree/master/Resistor_SMD/R65","url_003316","source_url","91_rejected_low_value","91_rejected_low_value\url_003316--gitlab.com-kicad-libraries-kicad-footprints-tree-master-Resistor_SMD-R65.md","copied","copied_to_category"
"C:\KICAD_SCRAPE\markdown_10k_clean\gitlab.com-kicad-libraries-kicad-footprints-tree-master-Resistor_SMD-R66.md","gitlab.com-kicad-libraries-kicad-footprints-tree-master-Resistor_SMD-R66.md","markdown_10k_clean","https://gitlab.com/kicad/libraries/kicad-footprints/-/tree/master/Resistor_SMD/R66","https://gitlab.com/kicad/libraries/kicad-footprints/-/tree/master/Resistor_SMD/R66","url_003317","source_url","91_rejected_low_value","91_rejected_low_value\url_003317--gitlab.com-kicad-libraries-kicad-footprints-tree-master-Resistor_SMD-R66.md","copied","copied_to_category"
"C:\KICAD_SCRAPE\markdown_10k_clean\gitlab.com-kicad-libraries-kicad-footprints-tree-master-Resistor_SMD-R67.md","gitlab.com-kicad-libraries-kicad-footprints-tree-master-Resistor_SMD-R67.md","markdown_10k_clean","https://gitlab.com/kicad/libraries/kicad-footprints/-/tree/master/Resistor_SMD/R67","https://gitlab.com/kicad/libraries/kicad-footprints/-/tree/master/Resistor_SMD/R67","url_003318","source_url","91_rejected_low_value","91_rejected_low_value\url_003318--gitlab.com-kicad-libraries-kicad-footprints-tree-master-Resistor_SMD-R67.md","copied","copied_to_category"
"C:\KICAD_SCRAPE\markdown_10k_clean\gitlab.com-kicad-libraries-kicad-footprints-tree-master-Resistor_SMD-R68.md","gitlab.com-kicad-libraries-kicad-footprints-tree-master-Resistor_SMD-R68.md","markdown_10k_clean","https://gitlab.com/kicad/libraries/kicad-footprints/-/tree/master/Resistor_SMD/R68","https://gitlab.com/kicad/libraries/kicad-footprints/-/tree/master/Resistor_SMD/R68","url_003319","source_url","91_rejected_low_value","91_rejected_low_value\url_003319--gitlab.com-kicad-libraries-kicad-footprints-tree-master-Resistor_SMD-R68.md","copied","copied_to_category"
"C:\KICAD_SCRAPE\markdown_10k_clean\gitlab.com-kicad-libraries-kicad-footprints-tree-master-Resistor_SMD-R69.md","gitlab.com-kicad-libraries-kicad-footprints-tree-master-Resistor_SMD-R69.md","markdown_10k_clean","https://gitlab.com/kicad/libraries/kicad-footprints/-/tree/master/Resistor_SMD/R69","https://gitlab.com/kicad/libraries/kicad-footprints/-/tree/master/Resistor_SMD/R69","url_003320","source_url","91_rejected_low_value","91_rejected_low_value\url_003320--gitlab.com-kicad-libraries-kicad-footprints-tree-master-Resistor_SMD-R69.md","copied","copied_to_category"
"C:\KICAD_SCRAPE\markdown_10k_clean\gitlab.com-kicad-libraries-kicad-footprints-tree-master-Resistor_SMD-R7.md","gitlab.com-kicad-libraries-kicad-footprints-tree-master-Resistor_SMD-R7.md","markdown_10k_clean","https://gitlab.com/kicad/libraries/kicad-footprints/-/tree/master/Resistor_SMD/R7","https://gitlab.com/kicad/libraries/kicad-footprints/-/tree/master/Resistor_SMD/R7","url_003321","source_url","91_rejected_low_value","91_rejected_low_value\url_003321--gitlab.com-kicad-libraries-kicad-footprints-tree-master-Resistor_SMD-R7.md","copied","copied_to_category"
"C:\KICAD_SCRAPE\markdown_10k_clean\gitlab.com-kicad-libraries-kicad-footprints-tree-master-Resistor_SMD-R70.md","gitlab.com-kicad-libraries-kicad-footprints-tree-master-Resistor_SMD-R70.md","markdown_10k_clean","https://gitlab.com/kicad/libraries/kicad-footprints/-/tree/master/Resistor_SMD/R70","https://gitlab.com/kicad/libraries/kicad-footprints/-/tree/master/Resistor_SMD/R70","url_003322","source_url","91_rejected_low_value","91_rejected_low_value\url_003322--gitlab.com-kicad-libraries-kicad-footprints-tree-master-Resistor_SMD-R70.md","copied","copied_to_category"
"C:\KICAD_SCRAPE\markdown_10k_clean\gitlab.com-kicad-libraries-kicad-footprints-tree-master-Resistor_SMD-R71.md","gitlab.com-kicad-libraries-kicad-footprints-tree-master-Resistor_SMD-R71.md","markdown_10k_clean","https://gitlab.com/kicad/libraries/kicad-footprints/-/tree/master/Resistor_SMD/R71","https://gitlab.com/kicad/libraries/kicad-footprints/-/tree/master/Resistor_SMD/R71","url_003323","source_url","91_rejected_low_value","91_rejected_low_value\url_003323--gitlab.com-kicad-libraries-kicad-footprints-tree-master-Resistor_SMD-R71.md","copied","copied_to_category"
"C:\KICAD_SCRAPE\markdown_10k_clean\gitlab.com-kicad-libraries-kicad-footprints-tree-master-Resistor_SMD-R72.md","gitlab.com-kicad-libraries-kicad-footprints-tree-master-Resistor_SMD-R72.md","markdown_10k_clean","https://gitlab.com/kicad/libraries/kicad-footprints/-/tree/master/Resistor_SMD/R72","https://gitlab.com/kicad/libraries/kicad-footprints/-/tree/master/Resistor_SMD/R72","url_003324","source_url","91_rejected_low_value","91_rejected_low_value\url_003324--gitlab.com-kicad-libraries-kicad-footprints-tree-master-Resistor_SMD-R72.md","copied","copied_to_category"
"C:\KICAD_SCRAPE\markdown_10k_clean\gitlab.com-kicad-libraries-kicad-footprints-tree-master-Resistor_SMD-R73.md","gitlab.com-kicad-libraries-kicad-footprints-tree-master-Resistor_SMD-R73.md","markdown_10k_clean","https://gitlab.com/kicad/libraries/kicad-footprints/-/tree/master/Resistor_SMD/R73","https://gitlab.com/kicad/libraries/kicad-footprints/-/tree/master/Resistor_SMD/R73","url_003325","source_url","91_rejected_low_value","91_rejected_low_value\url_003325--gitlab.com-kicad-libraries-kicad-footprints-tree-master-Resistor_SMD-R73.md","copied","copied_to_category"
"C:\KICAD_SCRAPE\markdown_10k_clean\gitlab.com-kicad-libraries-kicad-footprints-tree-master-Resistor_SMD-R74.md","gitlab.com-kicad-libraries-kicad-footprints-tree-master-Resistor_SMD-R74.md","markdown_10k_clean","https://gitlab.com/kicad/libraries/kicad-footprints/-/tree/master/Resistor_SMD/R74","https://gitlab.com/kicad/libraries/kicad-footprints/-/tree/master/Resistor_SMD/R74","url_003326","source_url","91_rejected_low_value","91_rejected_low_value\url_003326--gitlab.com-kicad-libraries-kicad-footprints-tree-master-Resistor_SMD-R74.md","copied","copied_to_category"
"C:\KICAD_SCRAPE\markdown_10k_clean\gitlab.com-kicad-libraries-kicad-footprints-tree-master-Resistor_SMD-R75.md","gitlab.com-kicad-libraries-kicad-footprints-tree-master-Resistor_SMD-R75.md","markdown_10k_clean","https://gitlab.com/kicad/libraries/kicad-footprints/-/tree/master/Resistor_SMD/R75","https://gitlab.com/kicad/libraries/kicad-footprints/-/tree/master/Resistor_SMD/R75","url_003327","source_url","91_rejected_low_value","91_rejected_low_value\url_003327--gitlab.com-kicad-libraries-kicad-footprints-tree-master-Resistor_SMD-R75.md","copied","copied_to_category"
"C:\KICAD_SCRAPE\markdown_10k_clean\gitlab.com-kicad-libraries-kicad-footprints-tree-master-Resistor_SMD-R76.md","gitlab.com-kicad-libraries-kicad-footprints-tree-master-Resistor_SMD-R76.md","markdown_10k_clean","https://gitlab.com/kicad/libraries/kicad-footprints/-/tree/master/Resistor_SMD/R76","https://gitlab.com/kicad/libraries/kicad-footprints/-/tree/master/Resistor_SMD/R76","url_003328","source_url","91_rejected_low_value","91_rejected_low_value\url_003328--gitlab.com-kicad-libraries-kicad-footprints-tree-master-Resistor_SMD-R76.md","copied","copied_to_category"
"C:\KICAD_SCRAPE\markdown_10k_clean\gitlab.com-kicad-libraries-kicad-footprints-tree-master-Resistor_SMD-R77.md","gitlab.com-kicad-libraries-kicad-footprints-tree-master-Resistor_SMD-R77.md","markdown_10k_clean","https://gitlab.com/kicad/libraries/kicad-footprints/-/tree/master/Resistor_SMD/R77","https://gitlab.com/kicad/libraries/kicad-footprints/-/tree/master/Resistor_SMD/R77","url_003329","source_url","91_rejected_low_value","91_rejected_low_value\url_003329--gitlab.com-kicad-libraries-kicad-footprints-tree-master-Resistor_SMD-R77.md","copied","copied_to_category"
"C:\KICAD_SCRAPE\markdown_10k_clean\gitlab.com-kicad-libraries-kicad-footprints-tree-master-Resistor_SMD-R78.md","gitlab.com-kicad-libraries-kicad-footprints-tree-master-Resistor_SMD-R78.md","markdown_10k_clean","https://gitlab.com/kicad/libraries/kicad-footprints/-/tree/master/Resistor_SMD/R78","https://gitlab.com/kicad/libraries/kicad-footprints/-/tree/master/Resistor_SMD/R78","url_003330","source_url","91_rejected_low_value","91_rejected_low_value\url_003330--gitlab.com-kicad-libraries-kicad-footprints-tree-master-Resistor_SMD-R78.md","copied","copied_to_category"
"C:\KICAD_SCRAPE\markdown_10k_clean\gitlab.com-kicad-libraries-kicad-footprints-tree-master-Resistor_SMD-R79.md","gitlab.com-kicad-libraries-kicad-footprints-tree-master-Resistor_SMD-R79.md","markdown_10k_clean","https://gitlab.com/kicad/libraries/kicad-footprints/-/tree/master/Resistor_SMD/R79","https://gitlab.com/kicad/libraries/kicad-footprints/-/tree/master/Resistor_SMD/R79","url_003331","source_url","91_rejected_low_value","91_rejected_low_value\url_003331--gitlab.com-kicad-libraries-kicad-footprints-tree-master-Resistor_SMD-R79.md","copied","copied_to_category"
"C:\KICAD_SCRAPE\markdown_10k_clean\gitlab.com-kicad-libraries-kicad-footprints-tree-master-Resistor_SMD-R8.md","gitlab.com-kicad-libraries-kicad-footprints-tree-master-Resistor_SMD-R8.md","markdown_10k_clean","https://gitlab.com/kicad/libraries/kicad-footprints/-/tree/master/Resistor_SMD/R8","https://gitlab.com/kicad/libraries/kicad-footprints/-/tree/master/Resistor_SMD/R8","url_003332","source_url","91_rejected_low_value","91_rejected_low_value\url_003332--gitlab.com-kicad-libraries-kicad-footprints-tree-master-Resistor_SMD-R8.md","copied","copied_to_category"
"C:\KICAD_SCRAPE\markdown_10k_clean\gitlab.com-kicad-libraries-kicad-footprints-tree-master-Resistor_SMD-R80.md","gitlab.com-kicad-libraries-kicad-footprints-tree-master-Resistor_SMD-R80.md","markdown_10k_clean","https://gitlab.com/kicad/libraries/kicad-footprints/-/tree/master/Resistor_SMD/R80","https://gitlab.com/kicad/libraries/kicad-footprints/-/tree/master/Resistor_SMD/R80","url_003333","source_url","91_rejected_low_value","91_rejected_low_value\url_003333--gitlab.com-kicad-libraries-kicad-footprints-tree-master-Resistor_SMD-R80.md","copied","copied_to_category"
"C:\KICAD_SCRAPE\markdown_10k_clean\gitlab.com-kicad-libraries-kicad-footprints-tree-master-Resistor_SMD-R81.md","gitlab.com-kicad-libraries-kicad-footprints-tree-master-Resistor_SMD-R81.md","markdown_10k_clean","https://gitlab.com/kicad/libraries/kicad-footprints/-/tree/master/Resistor_SMD/R81","https://gitlab.com/kicad/libraries/kicad-footprints/-/tree/master/Resistor_SMD/R81","url_003334","source_url","91_rejected_low_value","91_rejected_low_value\url_003334--gitlab.com-kicad-libraries-kicad-footprints-tree-master-Resistor_SMD-R81.md","copied","copied_to_category"
"C:\KICAD_SCRAPE\markdown_10k_clean\gitlab.com-kicad-libraries-kicad-footprints-tree-master-Resistor_SMD-R82.md","gitlab.com-kicad-libraries-kicad-footprints-tree-master-Resistor_SMD-R82.md","markdown_10k_clean","https://gitlab.com/kicad/libraries/kicad-footprints/-/tree/master/Resistor_SMD/R82","https://gitlab.com/kicad/libraries/kicad-footprints/-/tree/master/Resistor_SMD/R82","url_003335","source_url","91_rejected_low_value","91_rejected_low_value\url_003335--gitlab.com-kicad-libraries-kicad-footprints-tree-master-Resistor_SMD-R82.md","copied","copied_to_category"
"C:\KICAD_SCRAPE\markdown_10k_clean\gitlab.com-kicad-libraries-kicad-footprints-tree-master-Resistor_SMD-R83.md","gitlab.com-kicad-libraries-kicad-footprints-tree-master-Resistor_SMD-R83.md","markdown_10k_clean","https://gitlab.com/kicad/libraries/kicad-footprints/-/tree/master/Resistor_SMD/R83","https://gitlab.com/kicad/libraries/kicad-footprints/-/tree/master/Resistor_SMD/R83","url_003336","source_url","91_rejected_low_value","91_rejected_low_value\url_003336--gitlab.com-kicad-libraries-kicad-footprints-tree-master-Resistor_SMD-R83.md","copied","copied_to_category"
"C:\KICAD_SCRAPE\markdown_10k_clean\gitlab.com-kicad-libraries-kicad-footprints-tree-master-Resistor_SMD-R84.md","gitlab.com-kicad-libraries-kicad-footprints-tree-master-Resistor_SMD-R84.md","markdown_10k_clean","https://gitlab.com/kicad/libraries/kicad-footprints/-/tree/master/Resistor_SMD/R84","https://gitlab.com/kicad/libraries/kicad-footprints/-/tree/master/Resistor_SMD/R84","url_003337","source_url","91_rejected_low_value","91_rejected_low_value\url_003337--gitlab.com-kicad-libraries-kicad-footprints-tree-master-Resistor_SMD-R84.md","copied","copied_to_category"
"C:\KICAD_SCRAPE\markdown_10k_clean\gitlab.com-kicad-libraries-kicad-footprints-tree-master-Resistor_SMD-R85.md","gitlab.com-kicad-libraries-kicad-footprints-tree-master-Resistor_SMD-R85.md","markdown_10k_clean","https://gitlab.com/kicad/libraries/kicad-footprints/-/tree/master/Resistor_SMD/R85","https://gitlab.com/kicad/libraries/kicad-footprints/-/tree/master/Resistor_SMD/R85","url_003338","source_url","91_rejected_low_value","91_rejected_low_value\url_003338--gitlab.com-kicad-libraries-kicad-footprints-tree-master-Resistor_SMD-R85.md","copied","copied_to_category"
"C:\KICAD_SCRAPE\markdown_10k_clean\gitlab.com-kicad-libraries-kicad-footprints-tree-master-Resistor_SMD-R86.md","gitlab.com-kicad-libraries-kicad-footprints-tree-master-Resistor_SMD-R86.md","markdown_10k_clean","https://gitlab.com/kicad/libraries/kicad-footprints/-/tree/master/Resistor_SMD/R86","https://gitlab.com/kicad/libraries/kicad-footprints/-/tree/master/Resistor_SMD/R86","url_003339","source_url","91_rejected_low_value","91_rejected_low_value\url_003339--gitlab.com-kicad-libraries-kicad-footprints-tree-master-Resistor_SMD-R86.md","copied","copied_to_category"
"C:\KICAD_SCRAPE\markdown_10k_clean\gitlab.com-kicad-libraries-kicad-footprints-tree-master-Resistor_SMD-R87.md","gitlab.com-kicad-libraries-kicad-footprints-tree-master-Resistor_SMD-R87.md","markdown_10k_clean","https://gitlab.com/kicad/libraries/kicad-footprints/-/tree/master/Resistor_SMD/R87","https://gitlab.com/kicad/libraries/kicad-footprints/-/tree/master/Resistor_SMD/R87","url_003340","source_url","91_rejected_low_value","91_rejected_low_value\url_003340--gitlab.com-kicad-libraries-kicad-footprints-tree-master-Resistor_SMD-R87.md","copied","copied_to_category"
"C:\KICAD_SCRAPE\markdown_10k_clean\gitlab.com-kicad-libraries-kicad-footprints-tree-master-Resistor_SMD-R88.md","gitlab.com-kicad-libraries-kicad-footprints-tree-master-Resistor_SMD-R88.md","markdown_10k_clean","https://gitlab.com/kicad/libraries/kicad-footprints/-/tree/master/Resistor_SMD/R88","https://gitlab.com/kicad/libraries/kicad-footprints/-/tree/master/Resistor_SMD/R88","url_003341","source_url","91_rejected_low_value","91_rejected_low_value\url_003341--gitlab.com-kicad-libraries-kicad-footprints-tree-master-Resistor_SMD-R88.md","copied","copied_to_category"
"C:\KICAD_SCRAPE\markdown_10k_clean\gitlab.com-kicad-libraries-kicad-footprints-tree-master-Resistor_SMD-R89.md","gitlab.com-kicad-libraries-kicad-footprints-tree-master-Resistor_SMD-R89.md","markdown_10k_clean","https://gitlab.com/kicad/libraries/kicad-footprints/-/tree/master/Resistor_SMD/R89","https://gitlab.com/kicad/libraries/kicad-footprints/-/tree/master/Resistor_SMD/R89","url_003342","source_url","91_rejected_low_value","91_rejected_low_value\url_003342--gitlab.com-kicad-libraries-kicad-footprints-tree-master-Resistor_SMD-R89.md","copied","copied_to_category"
"C:\KICAD_SCRAPE\markdown_10k_clean\gitlab.com-kicad-libraries-kicad-footprints-tree-master-Resistor_SMD-R9.md","gitlab.com-kicad-libraries-kicad-footprints-tree-master-Resistor_SMD-R9.md","markdown_10k_clean","https://gitlab.com/kicad/libraries/kicad-footprints/-/tree/master/Resistor_SMD/R9","https://gitlab.com/kicad/libraries/kicad-footprints/-/tree/master/Resistor_SMD/R9","url_003343","source_url","91_rejected_low_value","91_rejected_low_value\url_003343--gitlab.com-kicad-libraries-kicad-footprints-tree-master-Resistor_SMD-R9.md","copied","copied_to_category"
"C:\KICAD_SCRAPE\markdown_10k_clean\gitlab.com-kicad-libraries-kicad-footprints-tree-master-Resistor_SMD-R90.md","gitlab.com-kicad-libraries-kicad-footprints-tree-master-Resistor_SMD-R90.md","markdown_10k_clean","https://gitlab.com/kicad/libraries/kicad-footprints/-/tree/master/Resistor_SMD/R90","https://gitlab.com/kicad/libraries/kicad-footprints/-/tree/master/Resistor_SMD/R90","url_003344","source_url","91_rejected_low_value","91_rejected_low_value\url_003344--gitlab.com-kicad-libraries-kicad-footprints-tree-master-Resistor_SMD-R90.md","copied","copied_to_category"
"C:\KICAD_SCRAPE\markdown_10k_clean\gitlab.com-kicad-libraries-kicad-footprints-tree-master-Resistor_SMD-R91.md","gitlab.com-kicad-libraries-kicad-footprints-tree-master-Resistor_SMD-R91.md","markdown_10k_clean","https://gitlab.com/kicad/libraries/kicad-footprints/-/tree/master/Resistor_SMD/R91","https://gitlab.com/kicad/libraries/kicad-footprints/-/tree/master/Resistor_SMD/R91","url_003345","source_url","91_rejected_low_value","91_rejected_low_value\url_003345--gitlab.com-kicad-libraries-kicad-footprints-tree-master-Resistor_SMD-R91.md","copied","copied_to_category"
"C:\KICAD_SCRAPE\markdown_10k_clean\gitlab.com-kicad-libraries-kicad-footprints-tree-master-Resistor_SMD-R92.md","gitlab.com-kicad-libraries-kicad-footprints-tree-master-Resistor_SMD-R92.md","markdown_10k_clean","https://gitlab.com/kicad/libraries/kicad-footprints/-/tree/master/Resistor_SMD/R92","https://gitlab.com/kicad/libraries/kicad-footprints/-/tree/master/Resistor_SMD/R92","url_003346","source_url","91_rejected_low_value","91_rejected_low_value\url_003346--gitlab.com-kicad-libraries-kicad-footprints-tree-master-Resistor_SMD-R92.md","copied","copied_to_category"
"C:\KICAD_SCRAPE\markdown_10k_clean\gitlab.com-kicad-libraries-kicad-footprints-tree-master-Resistor_SMD-R93.md","gitlab.com-kicad-libraries-kicad-footprints-tree-master-Resistor_SMD-R93.md","markdown_10k_clean","https://gitlab.com/kicad/libraries/kicad-footprints/-/tree/master/Resistor_SMD/R93","https://gitlab.com/kicad/libraries/kicad-footprints/-/tree/master/Resistor_SMD/R93","url_003347","source_url","91_rejected_low_value","91_rejected_low_value\url_003347--gitlab.com-kicad-libraries-kicad-footprints-tree-master-Resistor_SMD-R93.md","copied","copied_to_category"
"C:\KICAD_SCRAPE\markdown_10k_clean\gitlab.com-kicad-libraries-kicad-footprints-tree-master-Resistor_SMD-R94.md","gitlab.com-kicad-libraries-kicad-footprints-tree-master-Resistor_SMD-R94.md","markdown_10k_clean","https://gitlab.com/kicad/libraries/kicad-footprints/-/tree/master/Resistor_SMD/R94","https://gitlab.com/kicad/libraries/kicad-footprints/-/tree/master/Resistor_SMD/R94","url_003348","source_url","91_rejected_low_value","91_rejected_low_value\url_003348--gitlab.com-kicad-libraries-kicad-footprints-tree-master-Resistor_SMD-R94.md","copied","copied_to_category"
"C:\KICAD_SCRAPE\markdown_10k_clean\gitlab.com-kicad-libraries-kicad-footprints-tree-master-Resistor_SMD-R95.md","gitlab.com-kicad-libraries-kicad-footprints-tree-master-Resistor_SMD-R95.md","markdown_10k_clean","https://gitlab.com/kicad/libraries/kicad-footprints/-/tree/master/Resistor_SMD/R95","https://gitlab.com/kicad/libraries/kicad-footprints/-/tree/master/Resistor_SMD/R95","url_003349","source_url","91_rejected_low_value","91_rejected_low_value\url_003349--gitlab.com-kicad-libraries-kicad-footprints-tree-master-Resistor_SMD-R95.md","copied","copied_to_category"
"C:\KICAD_SCRAPE\markdown_10k_clean\gitlab.com-kicad-libraries-kicad-footprints-tree-master-Resistor_SMD-R96.md","gitlab.com-kicad-libraries-kicad-footprints-tree-master-Resistor_SMD-R96.md","markdown_10k_clean","https://gitlab.com/kicad/libraries/kicad-footprints/-/tree/master/Resistor_SMD/R96","https://gitlab.com/kicad/libraries/kicad-footprints/-/tree/master/Resistor_SMD/R96","url_003350","source_url","91_rejected_low_value","91_rejected_low_value\url_003350--gitlab.com-kicad-libraries-kicad-footprints-tree-master-Resistor_SMD-R96.md","copied","copied_to_category"
"C:\KICAD_SCRAPE\markdown_10k_clean\gitlab.com-kicad-libraries-kicad-footprints-tree-master-Resistor_SMD-R97.md","gitlab.com-kicad-libraries-kicad-footprints-tree-master-Resistor_SMD-R97.md","markdown_10k_clean","https://gitlab.com/kicad/libraries/kicad-footprints/-/tree/master/Resistor_SMD/R97","https://gitlab.com/kicad/libraries/kicad-footprints/-/tree/master/Resistor_SMD/R97","url_003351","source_url","91_rejected_low_value","91_rejected_low_value\url_003351--gitlab.com-kicad-libraries-kicad-footprints-tree-master-Resistor_SMD-R97.md","copied","copied_to_category"
"C:\KICAD_SCRAPE\markdown_10k_clean\gitlab.com-kicad-libraries-kicad-footprints-tree-master-Resistor_SMD-R98.md","gitlab.com-kicad-libraries-kicad-footprints-tree-master-Resistor_SMD-R98.md","markdown_10k_clean","https://gitlab.com/kicad/libraries/kicad-footprints/-/tree/master/Resistor_SMD/R98","https://gitlab.com/kicad/libraries/kicad-footprints/-/tree/master/Resistor_SMD/R98","url_003352","source_url","91_rejected_low_value","91_rejected_low_value\url_003352--gitlab.com-kicad-libraries-kicad-footprints-tree-master-Resistor_SMD-R98.md","copied","copied_to_category"
"C:\KICAD_SCRAPE\markdown_10k_clean\gitlab.com-kicad-libraries-kicad-footprints-tree-master-Resistor_SMD-R99.md","gitlab.com-kicad-libraries-kicad-footprints-tree-master-Resistor_SMD-R99.md","markdown_10k_clean","https://gitlab.com/kicad/libraries/kicad-footprints/-/tree/master/Resistor_SMD/R99","https://gitlab.com/kicad/libraries/kicad-footprints/-/tree/master/Resistor_SMD/R99","url_003353","source_url","91_rejected_low_value","91_rejected_low_value\url_003353--gitlab.com-kicad-libraries-kicad-footprints-tree-master-Resistor_SMD-R99.md","copied","copied_to_category"
"C:\KICAD_SCRAPE\markdown_10k_clean\gitlab.com-kicad-libraries-kicad-footprints-tree-master-Resonator-Resonator_SMD_1.md","gitlab.com-kicad-libraries-kicad-footprints-tree-master-Resonator-Resonator_SMD_1.md","markdown_10k_clean","https://gitlab.com/kicad/libraries/kicad-footprints/-/tree/master/Resonator/Resonator_SMD_1","https://gitlab.com/kicad/libraries/kicad-footprints/-/tree/master/Resonator/Resonator_SMD_1","url_003354","source_url","91_rejected_low_value","91_rejected_low_value\url_003354--gitlab.com-kicad-libraries-kicad-footprints-tree-master-Resonator-Resonator_SMD_1.md","copied","copied_to_category"
"C:\KICAD_SCRAPE\markdown_10k_clean\gitlab.com-kicad-libraries-kicad-footprints-tree-master-Resonator-Resonator_SMD_10.md","gitlab.com-kicad-libraries-kicad-footprints-tree-master-Resonator-Resonator_SMD_10.md","markdown_10k_clean","https://gitlab.com/kicad/libraries/kicad-footprints/-/tree/master/Resonator/Resonator_SMD_10","https://gitlab.com/kicad/libraries/kicad-footprints/-/tree/master/Resonator/Resonator_SMD_10","url_003355","source_url","91_rejected_low_value","91_rejected_low_value\url_003355--gitlab.com-kicad-libraries-kicad-footprints-tree-master-Resonator-Resonator_SMD_10.md","copied","copied_to_category"
"C:\KICAD_SCRAPE\markdown_10k_clean\gitlab.com-kicad-libraries-kicad-footprints-tree-master-Resonator-Resonator_SMD_11.md","gitlab.com-kicad-libraries-kicad-footprints-tree-master-Resonator-Resonator_SMD_11.md","markdown_10k_clean","https://gitlab.com/kicad/libraries/kicad-footprints/-/tree/master/Resonator/Resonator_SMD_11","https://gitlab.com/kicad/libraries/kicad-footprints/-/tree/master/Resonator/Resonator_SMD_11","url_003356","source_url","91_rejected_low_value","91_rejected_low_value\url_003356--gitlab.com-kicad-libraries-kicad-footprints-tree-master-Resonator-Resonator_SMD_11.md","copied","copied_to_category"
"C:\KICAD_SCRAPE\markdown_10k_clean\gitlab.com-kicad-libraries-kicad-footprints-tree-master-Resonator-Resonator_SMD_12.md","gitlab.com-kicad-libraries-kicad-footprints-tree-master-Resonator-Resonator_SMD_12.md","markdown_10k_clean","https://gitlab.com/kicad/libraries/kicad-footprints/-/tree/master/Resonator/Resonator_SMD_12","https://gitlab.com/kicad/libraries/kicad-footprints/-/tree/master/Resonator/Resonator_SMD_12","url_003357","source_url","91_rejected_low_value","91_rejected_low_value\url_003357--gitlab.com-kicad-libraries-kicad-footprints-tree-master-Resonator-Resonator_SMD_12.md","copied","copied_to_category"
"C:\KICAD_SCRAPE\markdown_10k_clean\gitlab.com-kicad-libraries-kicad-footprints-tree-master-Resonator-Resonator_SMD_2.md","gitlab.com-kicad-libraries-kicad-footprints-tree-master-Resonator-Resonator_SMD_2.md","markdown_10k_clean","https://gitlab.com/kicad/libraries/kicad-footprints/-/tree/master/Resonator/Resonator_SMD_2","https://gitlab.com/kicad/libraries/kicad-footprints/-/tree/master/Resonator/Resonator_SMD_2","url_003358","source_url","91_rejected_low_value","91_rejected_low_value\url_003358--gitlab.com-kicad-libraries-kicad-footprints-tree-master-Resonator-Resonator_SMD_2.md","copied","copied_to_category"
"C:\KICAD_SCRAPE\markdown_10k_clean\gitlab.com-kicad-libraries-kicad-footprints-tree-master-Resonator-Resonator_SMD_3.md","gitlab.com-kicad-libraries-kicad-footprints-tree-master-Resonator-Resonator_SMD_3.md","markdown_10k_clean","https://gitlab.com/kicad/libraries/kicad-footprints/-/tree/master/Resonator/Resonator_SMD_3","https://gitlab.com/kicad/libraries/kicad-footprints/-/tree/master/Resonator/Resonator_SMD_3","url_003359","source_url","91_rejected_low_value","91_rejected_low_value\url_003359--gitlab.com-kicad-libraries-kicad-footprints-tree-master-Resonator-Resonator_SMD_3.md","copied","copied_to_category"
"C:\KICAD_SCRAPE\markdown_10k_clean\gitlab.com-kicad-libraries-kicad-footprints-tree-master-Resonator-Resonator_SMD_4.md","gitlab.com-kicad-libraries-kicad-footprints-tree-master-Resonator-Resonator_SMD_4.md","markdown_10k_clean","https://gitlab.com/kicad/libraries/kicad-footprints/-/tree/master/Resonator/Resonator_SMD_4","https://gitlab.com/kicad/libraries/kicad-footprints/-/tree/master/Resonator/Resonator_SMD_4","url_003360","source_url","91_rejected_low_value","91_rejected_low_value\url_003360--gitlab.com-kicad-libraries-kicad-footprints-tree-master-Resonator-Resonator_SMD_4.md","copied","copied_to_category"
"C:\KICAD_SCRAPE\markdown_10k_clean\gitlab.com-kicad-libraries-kicad-footprints-tree-master-Resonator-Resonator_SMD_5.md","gitlab.com-kicad-libraries-kicad-footprints-tree-master-Resonator-Resonator_SMD_5.md","markdown_10k_clean","https://gitlab.com/kicad/libraries/kicad-footprints/-/tree/master/Resonator/Resonator_SMD_5","https://gitlab.com/kicad/libraries/kicad-footprints/-/tree/master/Resonator/Resonator_SMD_5","url_003361","source_url","91_rejected_low_value","91_rejected_low_value\url_003361--gitlab.com-kicad-libraries-kicad-footprints-tree-master-Resonator-Resonator_SMD_5.md","copied","copied_to_category"
"C:\KICAD_SCRAPE\markdown_10k_clean\gitlab.com-kicad-libraries-kicad-footprints-tree-master-Resonator-Resonator_SMD_6.md","gitlab.com-kicad-libraries-kicad-footprints-tree-master-Resonator-Resonator_SMD_6.md","markdown_10k_clean","https://gitlab.com/kicad/libraries/kicad-footprints/-/tree/master/Resonator/Resonator_SMD_6","https://gitlab.com/kicad/libraries/kicad-footprints/-/tree/master/Resonator/Resonator_SMD_6","url_003362","source_url","91_rejected_low_value","91_rejected_low_value\url_003362--gitlab.com-kicad-libraries-kicad-footprints-tree-master-Resonator-Resonator_SMD_6.md","copied","copied_to_category"
"C:\KICAD_SCRAPE\markdown_10k_clean\gitlab.com-kicad-libraries-kicad-footprints-tree-master-Resonator-Resonator_SMD_7.md","gitlab.com-kicad-libraries-kicad-footprints-tree-master-Resonator-Resonator_SMD_7.md","markdown_10k_clean","https://gitlab.com/kicad/libraries/kicad-footprints/-/tree/master/Resonator/Resonator_SMD_7","https://gitlab.com/kicad/libraries/kicad-footprints/-/tree/master/Resonator/Resonator_SMD_7","url_003363","source_url","91_rejected_low_value","91_rejected_low_value\url_003363--gitlab.com-kicad-libraries-kicad-footprints-tree-master-Resonator-Resonator_SMD_7.md","copied","copied_to_category"
"C:\KICAD_SCRAPE\markdown_10k_clean\gitlab.com-kicad-libraries-kicad-footprints-tree-master-Resonator-Resonator_SMD_8.md","gitlab.com-kicad-libraries-kicad-footprints-tree-master-Resonator-Resonator_SMD_8.md","markdown_10k_clean","https://gitlab.com/kicad/libraries/kicad-footprints/-/tree/master/Resonator/Resonator_SMD_8","https://gitlab.com/kicad/libraries/kicad-footprints/-/tree/master/Resonator/Resonator_SMD_8","url_003364","source_url","91_rejected_low_value","91_rejected_low_value\url_003364--gitlab.com-kicad-libraries-kicad-footprints-tree-master-Resonator-Resonator_SMD_8.md","copied","copied_to_category"
"C:\KICAD_SCRAPE\markdown_10k_clean\gitlab.com-kicad-libraries-kicad-footprints-tree-master-Resonator-Resonator_SMD_9.md","gitlab.com-kicad-libraries-kicad-footprints-tree-master-Resonator-Resonator_SMD_9.md","markdown_10k_clean","https://gitlab.com/kicad/libraries/kicad-footprints/-/tree/master/Resonator/Resonator_SMD_9","https://gitlab.com/kicad/libraries/kicad-footprints/-/tree/master/Resonator/Resonator_SMD_9","url_003365","source_url","91_rejected_low_value","91_rejected_low_value\url_003365--gitlab.com-kicad-libraries-kicad-footprints-tree-master-Resonator-Resonator_SMD_9.md","copied","copied_to_category"
"C:\KICAD_SCRAPE\markdown_10k_clean\gitlab.com-kicad-libraries-kicad-footprints-tree-master-Sensor-Sensor_SMD_1.md","gitlab.com-kicad-libraries-kicad-footprints-tree-master-Sensor-Sensor_SMD_1.md","markdown_10k_clean","https://gitlab.com/kicad/libraries/kicad-footprints/-/tree/master/Sensor/Sensor_SMD_1","https://gitlab.com/kicad/libraries/kicad-footprints/-/tree/master/Sensor/Sensor_SMD_1","url_003367","source_url","91_rejected_low_value","91_rejected_low_value\url_003367--gitlab.com-kicad-libraries-kicad-footprints-tree-master-Sensor-Sensor_SMD_1.md","copied","copied_to_category"
"C:\KICAD_SCRAPE\markdown_10k_clean\gitlab.com-kicad-libraries-kicad-footprints-tree-master-Sensor-Sensor_SMD_10.md","gitlab.com-kicad-libraries-kicad-footprints-tree-master-Sensor-Sensor_SMD_10.md","markdown_10k_clean","https://gitlab.com/kicad/libraries/kicad-footprints/-/tree/master/Sensor/Sensor_SMD_10","https://gitlab.com/kicad/libraries/kicad-footprints/-/tree/master/Sensor/Sensor_SMD_10","url_003368","source_url","91_rejected_low_value","91_rejected_low_value\url_003368--gitlab.com-kicad-libraries-kicad-footprints-tree-master-Sensor-Sensor_SMD_10.md","copied","copied_to_category"
"C:\KICAD_SCRAPE\markdown_10k_clean\gitlab.com-kicad-libraries-kicad-footprints-tree-master-Sensor-Sensor_SMD_11.md","gitlab.com-kicad-libraries-kicad-footprints-tree-master-Sensor-Sensor_SMD_11.md","markdown_10k_clean","https://gitlab.com/kicad/libraries/kicad-footprints/-/tree/master/Sensor/Sensor_SMD_11","https://gitlab.com/kicad/libraries/kicad-footprints/-/tree/master/Sensor/Sensor_SMD_11","url_003369","source_url","91_rejected_low_value","91_rejected_low_value\url_003369--gitlab.com-kicad-libraries-kicad-footprints-tree-master-Sensor-Sensor_SMD_11.md","copied","copied_to_category"
"C:\KICAD_SCRAPE\markdown_10k_clean\gitlab.com-kicad-libraries-kicad-footprints-tree-master-Sensor-Sensor_SMD_12.md","gitlab.com-kicad-libraries-kicad-footprints-tree-master-Sensor-Sensor_SMD_12.md","markdown_10k_clean","https://gitlab.com/kicad/libraries/kicad-footprints/-/tree/master/Sensor/Sensor_SMD_12","https://gitlab.com/kicad/libraries/kicad-footprints/-/tree/master/Sensor/Sensor_SMD_12","url_003370","source_url","91_rejected_low_value","91_rejected_low_value\url_003370--gitlab.com-kicad-libraries-kicad-footprints-tree-master-Sensor-Sensor_SMD_12.md","copied","copied_to_category"
"C:\KICAD_SCRAPE\markdown_10k_clean\gitlab.com-kicad-libraries-kicad-footprints-tree-master-Sensor-Sensor_SMD_2.md","gitlab.com-kicad-libraries-kicad-footprints-tree-master-Sensor-Sensor_SMD_2.md","markdown_10k_clean","https://gitlab.com/kicad/libraries/kicad-footprints/-/tree/master/Sensor/Sensor_SMD_2","https://gitlab.com/kicad/libraries/kicad-footprints/-/tree/master/Sensor/Sensor_SMD_2","url_003371","source_url","91_rejected_low_value","91_rejected_low_value\url_003371--gitlab.com-kicad-libraries-kicad-footprints-tree-master-Sensor-Sensor_SMD_2.md","copied","copied_to_category"
"C:\KICAD_SCRAPE\markdown_10k_clean\gitlab.com-kicad-libraries-kicad-footprints-tree-master-Sensor-Sensor_SMD_3.md","gitlab.com-kicad-libraries-kicad-footprints-tree-master-Sensor-Sensor_SMD_3.md","markdown_10k_clean","https://gitlab.com/kicad/libraries/kicad-footprints/-/tree/master/Sensor/Sensor_SMD_3","https://gitlab.com/kicad/libraries/kicad-footprints/-/tree/master/Sensor/Sensor_SMD_3","url_003372","source_url","91_rejected_low_value","91_rejected_low_value\url_003372--gitlab.com-kicad-libraries-kicad-footprints-tree-master-Sensor-Sensor_SMD_3.md","copied","copied_to_category"
"C:\KICAD_SCRAPE\markdown_10k_clean\gitlab.com-kicad-libraries-kicad-footprints-tree-master-Sensor-Sensor_SMD_4.md","gitlab.com-kicad-libraries-kicad-footprints-tree-master-Sensor-Sensor_SMD_4.md","markdown_10k_clean","https://gitlab.com/kicad/libraries/kicad-footprints/-/tree/master/Sensor/Sensor_SMD_4","https://gitlab.com/kicad/libraries/kicad-footprints/-/tree/master/Sensor/Sensor_SMD_4","url_003373","source_url","91_rejected_low_value","91_rejected_low_value\url_003373--gitlab.com-kicad-libraries-kicad-footprints-tree-master-Sensor-Sensor_SMD_4.md","copied","copied_to_category"
"C:\KICAD_SCRAPE\markdown_10k_clean\gitlab.com-kicad-libraries-kicad-footprints-tree-master-Sensor-Sensor_SMD_5.md","gitlab.com-kicad-libraries-kicad-footprints-tree-master-Sensor-Sensor_SMD_5.md","markdown_10k_clean","https://gitlab.com/kicad/libraries/kicad-footprints/-/tree/master/Sensor/Sensor_SMD_5","https://gitlab.com/kicad/libraries/kicad-footprints/-/tree/master/Sensor/Sensor_SMD_5","url_003374","source_url","91_rejected_low_value","91_rejected_low_value\url_003374--gitlab.com-kicad-libraries-kicad-footprints-tree-master-Sensor-Sensor_SMD_5.md","copied","copied_to_category"
"C:\KICAD_SCRAPE\markdown_10k_clean\gitlab.com-kicad-libraries-kicad-footprints-tree-master-Sensor-Sensor_SMD_6.md","gitlab.com-kicad-libraries-kicad-footprints-tree-master-Sensor-Sensor_SMD_6.md","markdown_10k_clean","https://gitlab.com/kicad/libraries/kicad-footprints/-/tree/master/Sensor/Sensor_SMD_6","https://gitlab.com/kicad/libraries/kicad-footprints/-/tree/master/Sensor/Sensor_SMD_6","url_003375","source_url","91_rejected_low_value","91_rejected_low_value\url_003375--gitlab.com-kicad-libraries-kicad-footprints-tree-master-Sensor-Sensor_SMD_6.md","copied","copied_to_category"
"C:\KICAD_SCRAPE\markdown_10k_clean\gitlab.com-kicad-libraries-kicad-footprints-tree-master-Sensor-Sensor_SMD_7.md","gitlab.com-kicad-libraries-kicad-footprints-tree-master-Sensor-Sensor_SMD_7.md","markdown_10k_clean","https://gitlab.com/kicad/libraries/kicad-footprints/-/tree/master/Sensor/Sensor_SMD_7","https://gitlab.com/kicad/libraries/kicad-footprints/-/tree/master/Sensor/Sensor_SMD_7","url_003376","source_url","91_rejected_low_value","91_rejected_low_value\url_003376--gitlab.com-kicad-libraries-kicad-footprints-tree-master-Sensor-Sensor_SMD_7.md","copied","copied_to_category"
"C:\KICAD_SCRAPE\markdown_10k_clean\gitlab.com-kicad-libraries-kicad-footprints-tree-master-Sensor-Sensor_SMD_8.md","gitlab.com-kicad-libraries-kicad-footprints-tree-master-Sensor-Sensor_SMD_8.md","markdown_10k_clean","https://gitlab.com/kicad/libraries/kicad-footprints/-/tree/master/Sensor/Sensor_SMD_8","https://gitlab.com/kicad/libraries/kicad-footprints/-/tree/master/Sensor/Sensor_SMD_8","url_003377","source_url","91_rejected_low_value","91_rejected_low_value\url_003377--gitlab.com-kicad-libraries-kicad-footprints-tree-master-Sensor-Sensor_SMD_8.md","copied","copied_to_category"
"C:\KICAD_SCRAPE\markdown_10k_clean\gitlab.com-kicad-libraries-kicad-footprints-tree-master-Sensor-Sensor_SMD_9.md","gitlab.com-kicad-libraries-kicad-footprints-tree-master-Sensor-Sensor_SMD_9.md","markdown_10k_clean","https://gitlab.com/kicad/libraries/kicad-footprints/-/tree/master/Sensor/Sensor_SMD_9","https://gitlab.com/kicad/libraries/kicad-footprints/-/tree/master/Sensor/Sensor_SMD_9","url_003378","source_url","91_rejected_low_value","91_rejected_low_value\url_003378--gitlab.com-kicad-libraries-kicad-footprints-tree-master-Sensor-Sensor_SMD_9.md","copied","copied_to_category"
"C:\KICAD_SCRAPE\markdown_10k_clean\gitlab.com-kicad-libraries-kicad-footprints-tree-master-Speaker-Speaker_SMD_1.md","gitlab.com-kicad-libraries-kicad-footprints-tree-master-Speaker-Speaker_SMD_1.md","markdown_10k_clean","https://gitlab.com/kicad/libraries/kicad-footprints/-/tree/master/Speaker/Speaker_SMD_1","https://gitlab.com/kicad/libraries/kicad-footprints/-/tree/master/Speaker/Speaker_SMD_1","url_003379","source_url","91_rejected_low_value","91_rejected_low_value\url_003379--gitlab.com-kicad-libraries-kicad-footprints-tree-master-Speaker-Speaker_SMD_1.md","copied","copied_to_category"
"C:\KICAD_SCRAPE\markdown_10k_clean\gitlab.com-kicad-libraries-kicad-footprints-tree-master-Speaker-Speaker_SMD_10.md","gitlab.com-kicad-libraries-kicad-footprints-tree-master-Speaker-Speaker_SMD_10.md","markdown_10k_clean","https://gitlab.com/kicad/libraries/kicad-footprints/-/tree/master/Speaker/Speaker_SMD_10","https://gitlab.com/kicad/libraries/kicad-footprints/-/tree/master/Speaker/Speaker_SMD_10","url_003380","source_url","91_rejected_low_value","91_rejected_low_value\url_003380--gitlab.com-kicad-libraries-kicad-footprints-tree-master-Speaker-Speaker_SMD_10.md","copied","copied_to_category"
"C:\KICAD_SCRAPE\markdown_10k_clean\gitlab.com-kicad-libraries-kicad-footprints-tree-master-Speaker-Speaker_SMD_11.md","gitlab.com-kicad-libraries-kicad-footprints-tree-master-Speaker-Speaker_SMD_11.md","markdown_10k_clean","https://gitlab.com/kicad/libraries/kicad-footprints/-/tree/master/Speaker/Speaker_SMD_11","https://gitlab.com/kicad/libraries/kicad-footprints/-/tree/master/Speaker/Speaker_SMD_11","url_003381","source_url","91_rejected_low_value","91_rejected_low_value\url_003381--gitlab.com-kicad-libraries-kicad-footprints-tree-master-Speaker-Speaker_SMD_11.md","copied","copied_to_category"
"C:\KICAD_SCRAPE\markdown_10k_clean\gitlab.com-kicad-libraries-kicad-footprints-tree-master-Speaker-Speaker_SMD_12.md","gitlab.com-kicad-libraries-kicad-footprints-tree-master-Speaker-Speaker_SMD_12.md","markdown_10k_clean","https://gitlab.com/kicad/libraries/kicad-footprints/-/tree/master/Speaker/Speaker_SMD_12","https://gitlab.com/kicad/libraries/kicad-footprints/-/tree/master/Speaker/Speaker_SMD_12","url_003382","source_url","91_rejected_low_value","91_rejected_low_value\url_003382--gitlab.com-kicad-libraries-kicad-footprints-tree-master-Speaker-Speaker_SMD_12.md","copied","copied_to_category"
"C:\KICAD_SCRAPE\markdown_10k_clean\gitlab.com-kicad-libraries-kicad-footprints-tree-master-Speaker-Speaker_SMD_2.md","gitlab.com-kicad-libraries-kicad-footprints-tree-master-Speaker-Speaker_SMD_2.md","markdown_10k_clean","https://gitlab.com/kicad/libraries/kicad-footprints/-/tree/master/Speaker/Speaker_SMD_2","https://gitlab.com/kicad/libraries/kicad-footprints/-/tree/master/Speaker/Speaker_SMD_2","url_003383","source_url","91_rejected_low_value","91_rejected_low_value\url_003383--gitlab.com-kicad-libraries-kicad-footprints-tree-master-Speaker-Speaker_SMD_2.md","copied","copied_to_category"
"C:\KICAD_SCRAPE\markdown_10k_clean\gitlab.com-kicad-libraries-kicad-footprints-tree-master-Speaker-Speaker_SMD_3.md","gitlab.com-kicad-libraries-kicad-footprints-tree-master-Speaker-Speaker_SMD_3.md","markdown_10k_clean","https://gitlab.com/kicad/libraries/kicad-footprints/-/tree/master/Speaker/Speaker_SMD_3","https://gitlab.com/kicad/libraries/kicad-footprints/-/tree/master/Speaker/Speaker_SMD_3","url_003384","source_url","91_rejected_low_value","91_rejected_low_value\url_003384--gitlab.com-kicad-libraries-kicad-footprints-tree-master-Speaker-Speaker_SMD_3.md","copied","copied_to_category"
"C:\KICAD_SCRAPE\markdown_10k_clean\gitlab.com-kicad-libraries-kicad-footprints-tree-master-Speaker-Speaker_SMD_4.md","gitlab.com-kicad-libraries-kicad-footprints-tree-master-Speaker-Speaker_SMD_4.md","markdown_10k_clean","https://gitlab.com/kicad/libraries/kicad-footprints/-/tree/master/Speaker/Speaker_SMD_4","https://gitlab.com/kicad/libraries/kicad-footprints/-/tree/master/Speaker/Speaker_SMD_4","url_003385","source_url","91_rejected_low_value","91_rejected_low_value\url_003385--gitlab.com-kicad-libraries-kicad-footprints-tree-master-Speaker-Speaker_SMD_4.md","copied","copied_to_category"
"C:\KICAD_SCRAPE\markdown_10k_clean\gitlab.com-kicad-libraries-kicad-footprints-tree-master-Speaker-Speaker_SMD_5.md","gitlab.com-kicad-libraries-kicad-footprints-tree-master-Speaker-Speaker_SMD_5.md","markdown_10k_clean","https://gitlab.com/kicad/libraries/kicad-footprints/-/tree/master/Speaker/Speaker_SMD_5","https://gitlab.com/kicad/libraries/kicad-footprints/-/tree/master/Speaker/Speaker_SMD_5","url_003386","source_url","91_rejected_low_value","91_rejected_low_value\url_003386--gitlab.com-kicad-libraries-kicad-footprints-tree-master-Speaker-Speaker_SMD_5.md","copied","copied_to_category"
"C:\KICAD_SCRAPE\markdown_10k_clean\gitlab.com-kicad-libraries-kicad-footprints-tree-master-Speaker-Speaker_SMD_6.md","gitlab.com-kicad-libraries-kicad-footprints-tree-master-Speaker-Speaker_SMD_6.md","markdown_10k_clean","https://gitlab.com/kicad/libraries/kicad-footprints/-/tree/master/Speaker/Speaker_SMD_6","https://gitlab.com/kicad/libraries/kicad-footprints/-/tree/master/Speaker/Speaker_SMD_6","url_003387","source_url","91_rejected_low_value","91_rejected_low_value\url_003387--gitlab.com-kicad-libraries-kicad-footprints-tree-master-Speaker-Speaker_SMD_6.md","copied","copied_to_category"
"C:\KICAD_SCRAPE\markdown_10k_clean\gitlab.com-kicad-libraries-kicad-footprints-tree-master-Speaker-Speaker_SMD_7.md","gitlab.com-kicad-libraries-kicad-footprints-tree-master-Speaker-Speaker_SMD_7.md","markdown_10k_clean","https://gitlab.com/kicad/libraries/kicad-footprints/-/tree/master/Speaker/Speaker_SMD_7","https://gitlab.com/kicad/libraries/kicad-footprints/-/tree/master/Speaker/Speaker_SMD_7","url_003388","source_url","91_rejected_low_value","91_rejected_low_value\url_003388--gitlab.com-kicad-libraries-kicad-footprints-tree-master-Speaker-Speaker_SMD_7.md","copied","copied_to_category"
"C:\KICAD_SCRAPE\markdown_10k_clean\gitlab.com-kicad-libraries-kicad-footprints-tree-master-Speaker-Speaker_SMD_8.md","gitlab.com-kicad-libraries-kicad-footprints-tree-master-Speaker-Speaker_SMD_8.md","markdown_10k_clean","https://gitlab.com/kicad/libraries/kicad-footprints/-/tree/master/Speaker/Speaker_SMD_8","https://gitlab.com/kicad/libraries/kicad-footprints/-/tree/master/Speaker/Speaker_SMD_8","url_003389","source_url","91_rejected_low_value","91_rejected_low_value\url_003389--gitlab.com-kicad-libraries-kicad-footprints-tree-master-Speaker-Speaker_SMD_8.md","copied","copied_to_category"
"C:\KICAD_SCRAPE\markdown_10k_clean\gitlab.com-kicad-libraries-kicad-footprints-tree-master-Speaker-Speaker_SMD_9.md","gitlab.com-kicad-libraries-kicad-footprints-tree-master-Speaker-Speaker_SMD_9.md","markdown_10k_clean","https://gitlab.com/kicad/libraries/kicad-footprints/-/tree/master/Speaker/Speaker_SMD_9","https://gitlab.com/kicad/libraries/kicad-footprints/-/tree/master/Speaker/Speaker_SMD_9","url_003390","source_url","91_rejected_low_value","91_rejected_low_value\url_003390--gitlab.com-kicad-libraries-kicad-footprints-tree-master-Speaker-Speaker_SMD_9.md","copied","copied_to_category"
"C:\KICAD_SCRAPE\markdown_10k_clean\gitlab.com-kicad-libraries-kicad-footprints-tree-master-Switch-Switch_SMD_1.md","gitlab.com-kicad-libraries-kicad-footprints-tree-master-Switch-Switch_SMD_1.md","markdown_10k_clean","https://gitlab.com/kicad/libraries/kicad-footprints/-/tree/master/Switch/Switch_SMD_1","https://gitlab.com/kicad/libraries/kicad-footprints/-/tree/master/Switch/Switch_SMD_1","url_003391","source_url","91_rejected_low_value","91_rejected_low_value\url_003391--gitlab.com-kicad-libraries-kicad-footprints-tree-master-Switch-Switch_SMD_1.md","copied","copied_to_category"
"C:\KICAD_SCRAPE\markdown_10k_clean\gitlab.com-kicad-libraries-kicad-footprints-tree-master-Switch-Switch_SMD_10.md","gitlab.com-kicad-libraries-kicad-footprints-tree-master-Switch-Switch_SMD_10.md","markdown_10k_clean","https://gitlab.com/kicad/libraries/kicad-footprints/-/tree/master/Switch/Switch_SMD_10","https://gitlab.com/kicad/libraries/kicad-footprints/-/tree/master/Switch/Switch_SMD_10","url_003392","source_url","91_rejected_low_value","91_rejected_low_value\url_003392--gitlab.com-kicad-libraries-kicad-footprints-tree-master-Switch-Switch_SMD_10.md","copied","copied_to_category"
"C:\KICAD_SCRAPE\markdown_10k_clean\gitlab.com-kicad-libraries-kicad-footprints-tree-master-Switch-Switch_SMD_11.md","gitlab.com-kicad-libraries-kicad-footprints-tree-master-Switch-Switch_SMD_11.md","markdown_10k_clean","https://gitlab.com/kicad/libraries/kicad-footprints/-/tree/master/Switch/Switch_SMD_11","https://gitlab.com/kicad/libraries/kicad-footprints/-/tree/master/Switch/Switch_SMD_11","url_003393","source_url","91_rejected_low_value","91_rejected_low_value\url_003393--gitlab.com-kicad-libraries-kicad-footprints-tree-master-Switch-Switch_SMD_11.md","copied","copied_to_category"
"C:\KICAD_SCRAPE\markdown_10k_clean\gitlab.com-kicad-libraries-kicad-footprints-tree-master-Switch-Switch_SMD_12.md","gitlab.com-kicad-libraries-kicad-footprints-tree-master-Switch-Switch_SMD_12.md","markdown_10k_clean","https://gitlab.com/kicad/libraries/kicad-footprints/-/tree/master/Switch/Switch_SMD_12","https://gitlab.com/kicad/libraries/kicad-footprints/-/tree/master/Switch/Switch_SMD_12","url_003394","source_url","91_rejected_low_value","91_rejected_low_value\url_003394--gitlab.com-kicad-libraries-kicad-footprints-tree-master-Switch-Switch_SMD_12.md","copied","copied_to_category"
"C:\KICAD_SCRAPE\markdown_10k_clean\gitlab.com-kicad-libraries-kicad-footprints-tree-master-Switch-Switch_SMD_2.md","gitlab.com-kicad-libraries-kicad-footprints-tree-master-Switch-Switch_SMD_2.md","markdown_10k_clean","https://gitlab.com/kicad/libraries/kicad-footprints/-/tree/master/Switch/Switch_SMD_2","https://gitlab.com/kicad/libraries/kicad-footprints/-/tree/master/Switch/Switch_SMD_2","url_003395","source_url","91_rejected_low_value","91_rejected_low_value\url_003395--gitlab.com-kicad-libraries-kicad-footprints-tree-master-Switch-Switch_SMD_2.md","copied","copied_to_category"
"C:\KICAD_SCRAPE\markdown_10k_clean\gitlab.com-kicad-libraries-kicad-footprints-tree-master-Switch-Switch_SMD_3.md","gitlab.com-kicad-libraries-kicad-footprints-tree-master-Switch-Switch_SMD_3.md","markdown_10k_clean","https://gitlab.com/kicad/libraries/kicad-footprints/-/tree/master/Switch/Switch_SMD_3","https://gitlab.com/kicad/libraries/kicad-footprints/-/tree/master/Switch/Switch_SMD_3","url_003396","source_url","91_rejected_low_value","91_rejected_low_value\url_003396--gitlab.com-kicad-libraries-kicad-footprints-tree-master-Switch-Switch_SMD_3.md","copied","copied_to_category"
"C:\KICAD_SCRAPE\markdown_10k_clean\gitlab.com-kicad-libraries-kicad-footprints-tree-master-Switch-Switch_SMD_4.md","gitlab.com-kicad-libraries-kicad-footprints-tree-master-Switch-Switch_SMD_4.md","markdown_10k_clean","https://gitlab.com/kicad/libraries/kicad-footprints/-/tree/master/Switch/Switch_SMD_4","https://gitlab.com/kicad/libraries/kicad-footprints/-/tree/master/Switch/Switch_SMD_4","url_003397","source_url","91_rejected_low_value","91_rejected_low_value\url_003397--gitlab.com-kicad-libraries-kicad-footprints-tree-master-Switch-Switch_SMD_4.md","copied","copied_to_category"
"C:\KICAD_SCRAPE\markdown_10k_clean\gitlab.com-kicad-libraries-kicad-footprints-tree-master-Switch-Switch_SMD_5.md","gitlab.com-kicad-libraries-kicad-footprints-tree-master-Switch-Switch_SMD_5.md","markdown_10k_clean","https://gitlab.com/kicad/libraries/kicad-footprints/-/tree/master/Switch/Switch_SMD_5","https://gitlab.com/kicad/libraries/kicad-footprints/-/tree/master/Switch/Switch_SMD_5","url_003398","source_url","91_rejected_low_value","91_rejected_low_value\url_003398--gitlab.com-kicad-libraries-kicad-footprints-tree-master-Switch-Switch_SMD_5.md","copied","copied_to_category"
"C:\KICAD_SCRAPE\markdown_10k_clean\gitlab.com-kicad-libraries-kicad-footprints-tree-master-Switch-Switch_SMD_6.md","gitlab.com-kicad-libraries-kicad-footprints-tree-master-Switch-Switch_SMD_6.md","markdown_10k_clean","https://gitlab.com/kicad/libraries/kicad-footprints/-/tree/master/Switch/Switch_SMD_6","https://gitlab.com/kicad/libraries/kicad-footprints/-/tree/master/Switch/Switch_SMD_6","url_003399","source_url","91_rejected_low_value","91_rejected_low_value\url_003399--gitlab.com-kicad-libraries-kicad-footprints-tree-master-Switch-Switch_SMD_6.md","copied","copied_to_category"
"C:\KICAD_SCRAPE\markdown_10k_clean\gitlab.com-kicad-libraries-kicad-footprints-tree-master-Switch-Switch_SMD_7.md","gitlab.com-kicad-libraries-kicad-footprints-tree-master-Switch-Switch_SMD_7.md","markdown_10k_clean","https://gitlab.com/kicad/libraries/kicad-footprints/-/tree/master/Switch/Switch_SMD_7","https://gitlab.com/kicad/libraries/kicad-footprints/-/tree/master/Switch/Switch_SMD_7","url_003400","source_url","91_rejected_low_value","91_rejected_low_value\url_003400--gitlab.com-kicad-libraries-kicad-footprints-tree-master-Switch-Switch_SMD_7.md","copied","copied_to_category"
"C:\KICAD_SCRAPE\markdown_10k_clean\gitlab.com-kicad-libraries-kicad-footprints-tree-master-Switch-Switch_SMD_8.md","gitlab.com-kicad-libraries-kicad-footprints-tree-master-Switch-Switch_SMD_8.md","markdown_10k_clean","https://gitlab.com/kicad/libraries/kicad-footprints/-/tree/master/Switch/Switch_SMD_8","https://gitlab.com/kicad/libraries/kicad-footprints/-/tree/master/Switch/Switch_SMD_8","url_003401","source_url","91_rejected_low_value","91_rejected_low_value\url_003401--gitlab.com-kicad-libraries-kicad-footprints-tree-master-Switch-Switch_SMD_8.md","copied","copied_to_category"
"C:\KICAD_SCRAPE\markdown_10k_clean\gitlab.com-kicad-libraries-kicad-footprints-tree-master-Switch-Switch_SMD_9.md","gitlab.com-kicad-libraries-kicad-footprints-tree-master-Switch-Switch_SMD_9.md","markdown_10k_clean","https://gitlab.com/kicad/libraries/kicad-footprints/-/tree/master/Switch/Switch_SMD_9","https://gitlab.com/kicad/libraries/kicad-footprints/-/tree/master/Switch/Switch_SMD_9","url_003402","source_url","91_rejected_low_value","91_rejected_low_value\url_003402--gitlab.com-kicad-libraries-kicad-footprints-tree-master-Switch-Switch_SMD_9.md","copied","copied_to_category"
"C:\KICAD_SCRAPE\markdown_10k_clean\gitlab.com-kicad-libraries-kicad-footprints-tree-master-Thermistor-Thermistor_SMD_1.md","gitlab.com-kicad-libraries-kicad-footprints-tree-master-Thermistor-Thermistor_SMD_1.md","markdown_10k_clean","https://gitlab.com/kicad/libraries/kicad-footprints/-/tree/master/Thermistor/Thermistor_SMD_1","https://gitlab.com/kicad/libraries/kicad-footprints/-/tree/master/Thermistor/Thermistor_SMD_1","url_003403","source_url","91_rejected_low_value","91_rejected_low_value\url_003403--gitlab.com-kicad-libraries-kicad-footprints-tree-master-Thermistor-Thermistor_SMD_1.md","copied","copied_to_category"
"C:\KICAD_SCRAPE\markdown_10k_clean\gitlab.com-kicad-libraries-kicad-footprints-tree-master-Thermistor-Thermistor_SMD_10.md","gitlab.com-kicad-libraries-kicad-footprints-tree-master-Thermistor-Thermistor_SMD_10.md","markdown_10k_clean","https://gitlab.com/kicad/libraries/kicad-footprints/-/tree/master/Thermistor/Thermistor_SMD_10","https://gitlab.com/kicad/libraries/kicad-footprints/-/tree/master/Thermistor/Thermistor_SMD_10","url_003404","source_url","91_rejected_low_value","91_rejected_low_value\url_003404--gitlab.com-kicad-libraries-kicad-footprints-tree-master-Thermistor-Thermistor_SMD_10.md","copied","copied_to_category"
"C:\KICAD_SCRAPE\markdown_10k_clean\gitlab.com-kicad-libraries-kicad-footprints-tree-master-Thermistor-Thermistor_SMD_11.md","gitlab.com-kicad-libraries-kicad-footprints-tree-master-Thermistor-Thermistor_SMD_11.md","markdown_10k_clean","https://gitlab.com/kicad/libraries/kicad-footprints/-/tree/master/Thermistor/Thermistor_SMD_11","https://gitlab.com/kicad/libraries/kicad-footprints/-/tree/master/Thermistor/Thermistor_SMD_11","url_003405","source_url","91_rejected_low_value","91_rejected_low_value\url_003405--gitlab.com-kicad-libraries-kicad-footprints-tree-master-Thermistor-Thermistor_SMD_11.md","copied","copied_to_category"
"C:\KICAD_SCRAPE\markdown_10k_clean\gitlab.com-kicad-libraries-kicad-footprints-tree-master-Thermistor-Thermistor_SMD_12.md","gitlab.com-kicad-libraries-kicad-footprints-tree-master-Thermistor-Thermistor_SMD_12.md","markdown_10k_clean","https://gitlab.com/kicad/libraries/kicad-footprints/-/tree/master/Thermistor/Thermistor_SMD_12","https://gitlab.com/kicad/libraries/kicad-footprints/-/tree/master/Thermistor/Thermistor_SMD_12","url_003406","source_url","91_rejected_low_value","91_rejected_low_value\url_003406--gitlab.com-kicad-libraries-kicad-footprints-tree-master-Thermistor-Thermistor_SMD_12.md","copied","copied_to_category"
"C:\KICAD_SCRAPE\markdown_10k_clean\gitlab.com-kicad-libraries-kicad-footprints-tree-master-Thermistor-Thermistor_SMD_2.md","gitlab.com-kicad-libraries-kicad-footprints-tree-master-Thermistor-Thermistor_SMD_2.md","markdown_10k_clean","https://gitlab.com/kicad/libraries/kicad-footprints/-/tree/master/Thermistor/Thermistor_SMD_2","https://gitlab.com/kicad/libraries/kicad-footprints/-/tree/master/Thermistor/Thermistor_SMD_2","url_003407","source_url","91_rejected_low_value","91_rejected_low_value\url_003407--gitlab.com-kicad-libraries-kicad-footprints-tree-master-Thermistor-Thermistor_SMD_2.md","copied","copied_to_category"
"C:\KICAD_SCRAPE\markdown_10k_clean\gitlab.com-kicad-libraries-kicad-footprints-tree-master-Thermistor-Thermistor_SMD_3.md","gitlab.com-kicad-libraries-kicad-footprints-tree-master-Thermistor-Thermistor_SMD_3.md","markdown_10k_clean","https://gitlab.com/kicad/libraries/kicad-footprints/-/tree/master/Thermistor/Thermistor_SMD_3","https://gitlab.com/kicad/libraries/kicad-footprints/-/tree/master/Thermistor/Thermistor_SMD_3","url_003408","source_url","91_rejected_low_value","91_rejected_low_value\url_003408--gitlab.com-kicad-libraries-kicad-footprints-tree-master-Thermistor-Thermistor_SMD_3.md","copied","copied_to_category"
"C:\KICAD_SCRAPE\markdown_10k_clean\gitlab.com-kicad-libraries-kicad-footprints-tree-master-Thermistor-Thermistor_SMD_4.md","gitlab.com-kicad-libraries-kicad-footprints-tree-master-Thermistor-Thermistor_SMD_4.md","markdown_10k_clean","https://gitlab.com/kicad/libraries/kicad-footprints/-/tree/master/Thermistor/Thermistor_SMD_4","https://gitlab.com/kicad/libraries/kicad-footprints/-/tree/master/Thermistor/Thermistor_SMD_4","url_003409","source_url","91_rejected_low_value","91_rejected_low_value\url_003409--gitlab.com-kicad-libraries-kicad-footprints-tree-master-Thermistor-Thermistor_SMD_4.md","copied","copied_to_category"
"C:\KICAD_SCRAPE\markdown_10k_clean\gitlab.com-kicad-libraries-kicad-footprints-tree-master-Thermistor-Thermistor_SMD_5.md","gitlab.com-kicad-libraries-kicad-footprints-tree-master-Thermistor-Thermistor_SMD_5.md","markdown_10k_clean","https://gitlab.com/kicad/libraries/kicad-footprints/-/tree/master/Thermistor/Thermistor_SMD_5","https://gitlab.com/kicad/libraries/kicad-footprints/-/tree/master/Thermistor/Thermistor_SMD_5","url_003410","source_url","91_rejected_low_value","91_rejected_low_value\url_003410--gitlab.com-kicad-libraries-kicad-footprints-tree-master-Thermistor-Thermistor_SMD_5.md","copied","copied_to_category"
"C:\KICAD_SCRAPE\markdown_10k_clean\gitlab.com-kicad-libraries-kicad-footprints-tree-master-Thermistor-Thermistor_SMD_6.md","gitlab.com-kicad-libraries-kicad-footprints-tree-master-Thermistor-Thermistor_SMD_6.md","markdown_10k_clean","https://gitlab.com/kicad/libraries/kicad-footprints/-/tree/master/Thermistor/Thermistor_SMD_6","https://gitlab.com/kicad/libraries/kicad-footprints/-/tree/master/Thermistor/Thermistor_SMD_6","url_003411","source_url","91_rejected_low_value","91_rejected_low_value\url_003411--gitlab.com-kicad-libraries-kicad-footprints-tree-master-Thermistor-Thermistor_SMD_6.md","copied","copied_to_category"
"C:\KICAD_SCRAPE\markdown_10k_clean\gitlab.com-kicad-libraries-kicad-footprints-tree-master-Thermistor-Thermistor_SMD_7.md","gitlab.com-kicad-libraries-kicad-footprints-tree-master-Thermistor-Thermistor_SMD_7.md","markdown_10k_clean","https://gitlab.com/kicad/libraries/kicad-footprints/-/tree/master/Thermistor/Thermistor_SMD_7","https://gitlab.com/kicad/libraries/kicad-footprints/-/tree/master/Thermistor/Thermistor_SMD_7","url_003412","source_url","91_rejected_low_value","91_rejected_low_value\url_003412--gitlab.com-kicad-libraries-kicad-footprints-tree-master-Thermistor-Thermistor_SMD_7.md","copied","copied_to_category"
"C:\KICAD_SCRAPE\markdown_10k_clean\gitlab.com-kicad-libraries-kicad-footprints-tree-master-Thermistor-Thermistor_SMD_8.md","gitlab.com-kicad-libraries-kicad-footprints-tree-master-Thermistor-Thermistor_SMD_8.md","markdown_10k_clean","https://gitlab.com/kicad/libraries/kicad-footprints/-/tree/master/Thermistor/Thermistor_SMD_8","https://gitlab.com/kicad/libraries/kicad-footprints/-/tree/master/Thermistor/Thermistor_SMD_8","url_003413","source_url","91_rejected_low_value","91_rejected_low_value\url_003413--gitlab.com-kicad-libraries-kicad-footprints-tree-master-Thermistor-Thermistor_SMD_8.md","copied","copied_to_category"
"C:\KICAD_SCRAPE\markdown_10k_clean\gitlab.com-kicad-libraries-kicad-footprints-tree-master-Thermistor-Thermistor_SMD_9.md","gitlab.com-kicad-libraries-kicad-footprints-tree-master-Thermistor-Thermistor_SMD_9.md","markdown_10k_clean","https://gitlab.com/kicad/libraries/kicad-footprints/-/tree/master/Thermistor/Thermistor_SMD_9","https://gitlab.com/kicad/libraries/kicad-footprints/-/tree/master/Thermistor/Thermistor_SMD_9","url_003414","source_url","91_rejected_low_value","91_rejected_low_value\url_003414--gitlab.com-kicad-libraries-kicad-footprints-tree-master-Thermistor-Thermistor_SMD_9.md","copied","copied_to_category"
"C:\KICAD_SCRAPE\markdown_10k_clean\gitlab.com-kicad-libraries-kicad-footprints-tree-master-Transceiver-Transceiver_SMD_1.md","gitlab.com-kicad-libraries-kicad-footprints-tree-master-Transceiver-Transceiver_SMD_1.md","markdown_10k_clean","https://gitlab.com/kicad/libraries/kicad-footprints/-/tree/master/Transceiver/Transceiver_SMD_1","https://gitlab.com/kicad/libraries/kicad-footprints/-/tree/master/Transceiver/Transceiver_SMD_1","url_003415","source_url","91_rejected_low_value","91_rejected_low_value\url_003415--gitlab.com-kicad-libraries-kicad-footprints-tree-master-Transceiver-Transceiver_SMD_1.md","copied","copied_to_category"
"C:\KICAD_SCRAPE\markdown_10k_clean\gitlab.com-kicad-libraries-kicad-footprints-tree-master-Transceiver-Transceiver_SMD_10.md","gitlab.com-kicad-libraries-kicad-footprints-tree-master-Transceiver-Transceiver_SMD_10.md","markdown_10k_clean","https://gitlab.com/kicad/libraries/kicad-footprints/-/tree/master/Transceiver/Transceiver_SMD_10","https://gitlab.com/kicad/libraries/kicad-footprints/-/tree/master/Transceiver/Transceiver_SMD_10","url_003416","source_url","91_rejected_low_value","91_rejected_low_value\url_003416--gitlab.com-kicad-libraries-kicad-footprints-tree-master-Transceiver-Transceiver_SMD_10.md","copied","copied_to_category"
"C:\KICAD_SCRAPE\markdown_10k_clean\gitlab.com-kicad-libraries-kicad-footprints-tree-master-Transceiver-Transceiver_SMD_11.md","gitlab.com-kicad-libraries-kicad-footprints-tree-master-Transceiver-Transceiver_SMD_11.md","markdown_10k_clean","https://gitlab.com/kicad/libraries/kicad-footprints/-/tree/master/Transceiver/Transceiver_SMD_11","https://gitlab.com/kicad/libraries/kicad-footprints/-/tree/master/Transceiver/Transceiver_SMD_11","url_003417","source_url","91_rejected_low_value","91_rejected_low_value\url_003417--gitlab.com-kicad-libraries-kicad-footprints-tree-master-Transceiver-Transceiver_SMD_11.md","copied","copied_to_category"
"C:\KICAD_SCRAPE\markdown_10k_clean\gitlab.com-kicad-libraries-kicad-footprints-tree-master-Transceiver-Transceiver_SMD_12.md","gitlab.com-kicad-libraries-kicad-footprints-tree-master-Transceiver-Transceiver_SMD_12.md","markdown_10k_clean","https://gitlab.com/kicad/libraries/kicad-footprints/-/tree/master/Transceiver/Transceiver_SMD_12","https://gitlab.com/kicad/libraries/kicad-footprints/-/tree/master/Transceiver/Transceiver_SMD_12","url_003418","source_url","91_rejected_low_value","91_rejected_low_value\url_003418--gitlab.com-kicad-libraries-kicad-footprints-tree-master-Transceiver-Transceiver_SMD_12.md","copied","copied_to_category"
"C:\KICAD_SCRAPE\markdown_10k_clean\gitlab.com-kicad-libraries-kicad-footprints-tree-master-Transceiver-Transceiver_SMD_2.md","gitlab.com-kicad-libraries-kicad-footprints-tree-master-Transceiver-Transceiver_SMD_2.md","markdown_10k_clean","https://gitlab.com/kicad/libraries/kicad-footprints/-/tree/master/Transceiver/Transceiver_SMD_2","https://gitlab.com/kicad/libraries/kicad-footprints/-/tree/master/Transceiver/Transceiver_SMD_2","url_003419","source_url","91_rejected_low_value","91_rejected_low_value\url_003419--gitlab.com-kicad-libraries-kicad-footprints-tree-master-Transceiver-Transceiver_SMD_2.md","copied","copied_to_category"
"C:\KICAD_SCRAPE\markdown_10k_clean\gitlab.com-kicad-libraries-kicad-footprints-tree-master-Transceiver-Transceiver_SMD_3.md","gitlab.com-kicad-libraries-kicad-footprints-tree-master-Transceiver-Transceiver_SMD_3.md","markdown_10k_clean","https://gitlab.com/kicad/libraries/kicad-footprints/-/tree/master/Transceiver/Transceiver_SMD_3","https://gitlab.com/kicad/libraries/kicad-footprints/-/tree/master/Transceiver/Transceiver_SMD_3","url_003420","source_url","91_rejected_low_value","91_rejected_low_value\url_003420--gitlab.com-kicad-libraries-kicad-footprints-tree-master-Transceiver-Transceiver_SMD_3.md","copied","copied_to_category"
"C:\KICAD_SCRAPE\markdown_10k_clean\gitlab.com-kicad-libraries-kicad-footprints-tree-master-Transceiver-Transceiver_SMD_4.md","gitlab.com-kicad-libraries-kicad-footprints-tree-master-Transceiver-Transceiver_SMD_4.md","markdown_10k_clean","https://gitlab.com/kicad/libraries/kicad-footprints/-/tree/master/Transceiver/Transceiver_SMD_4","https://gitlab.com/kicad/libraries/kicad-footprints/-/tree/master/Transceiver/Transceiver_SMD_4","url_003421","source_url","91_rejected_low_value","91_rejected_low_value\url_003421--gitlab.com-kicad-libraries-kicad-footprints-tree-master-Transceiver-Transceiver_SMD_4.md","copied","copied_to_category"
"C:\KICAD_SCRAPE\markdown_10k_clean\gitlab.com-kicad-libraries-kicad-footprints-tree-master-Transceiver-Transceiver_SMD_5.md","gitlab.com-kicad-libraries-kicad-footprints-tree-master-Transceiver-Transceiver_SMD_5.md","markdown_10k_clean","https://gitlab.com/kicad/libraries/kicad-footprints/-/tree/master/Transceiver/Transceiver_SMD_5","https://gitlab.com/kicad/libraries/kicad-footprints/-/tree/master/Transceiver/Transceiver_SMD_5","url_003422","source_url","91_rejected_low_value","91_rejected_low_value\url_003422--gitlab.com-kicad-libraries-kicad-footprints-tree-master-Transceiver-Transceiver_SMD_5.md","copied","copied_to_category"
"C:\KICAD_SCRAPE\markdown_10k_clean\gitlab.com-kicad-libraries-kicad-footprints-tree-master-Transceiver-Transceiver_SMD_6.md","gitlab.com-kicad-libraries-kicad-footprints-tree-master-Transceiver-Transceiver_SMD_6.md","markdown_10k_clean","https://gitlab.com/kicad/libraries/kicad-footprints/-/tree/master/Transceiver/Transceiver_SMD_6","https://gitlab.com/kicad/libraries/kicad-footprints/-/tree/master/Transceiver/Transceiver_SMD_6","url_003423","source_url","91_rejected_low_value","91_rejected_low_value\url_003423--gitlab.com-kicad-libraries-kicad-footprints-tree-master-Transceiver-Transceiver_SMD_6.md","copied","copied_to_category"
"C:\KICAD_SCRAPE\markdown_10k_clean\gitlab.com-kicad-libraries-kicad-footprints-tree-master-Transceiver-Transceiver_SMD_7.md","gitlab.com-kicad-libraries-kicad-footprints-tree-master-Transceiver-Transceiver_SMD_7.md","markdown_10k_clean","https://gitlab.com/kicad/libraries/kicad-footprints/-/tree/master/Transceiver/Transceiver_SMD_7","https://gitlab.com/kicad/libraries/kicad-footprints/-/tree/master/Transceiver/Transceiver_SMD_7","url_003424","source_url","91_rejected_low_value","91_rejected_low_value\url_003424--gitlab.com-kicad-libraries-kicad-footprints-tree-master-Transceiver-Transceiver_SMD_7.md","copied","copied_to_category"
"C:\KICAD_SCRAPE\markdown_10k_clean\gitlab.com-kicad-libraries-kicad-footprints-tree-master-Transceiver-Transceiver_SMD_8.md","gitlab.com-kicad-libraries-kicad-footprints-tree-master-Transceiver-Transceiver_SMD_8.md","markdown_10k_clean","https://gitlab.com/kicad/libraries/kicad-footprints/-/tree/master/Transceiver/Transceiver_SMD_8","https://gitlab.com/kicad/libraries/kicad-footprints/-/tree/master/Transceiver/Transceiver_SMD_8","url_003425","source_url","91_rejected_low_value","91_rejected_low_value\url_003425--gitlab.com-kicad-libraries-kicad-footprints-tree-master-Transceiver-Transceiver_SMD_8.md","copied","copied_to_category"
"C:\KICAD_SCRAPE\markdown_10k_clean\gitlab.com-kicad-libraries-kicad-footprints-tree-master-Transceiver-Transceiver_SMD_9.md","gitlab.com-kicad-libraries-kicad-footprints-tree-master-Transceiver-Transceiver_SMD_9.md","markdown_10k_clean","https://gitlab.com/kicad/libraries/kicad-footprints/-/tree/master/Transceiver/Transceiver_SMD_9","https://gitlab.com/kicad/libraries/kicad-footprints/-/tree/master/Transceiver/Transceiver_SMD_9","url_003426","source_url","91_rejected_low_value","91_rejected_low_value\url_003426--gitlab.com-kicad-libraries-kicad-footprints-tree-master-Transceiver-Transceiver_SMD_9.md","copied","copied_to_category"
"C:\KICAD_SCRAPE\markdown_10k_clean\gitlab.com-kicad-libraries-kicad-footprints-tree-master-Transistor-Transistor_SMD_1.md","gitlab.com-kicad-libraries-kicad-footprints-tree-master-Transistor-Transistor_SMD_1.md","markdown_10k_clean","https://gitlab.com/kicad/libraries/kicad-footprints/-/tree/master/Transistor/Transistor_SMD_1","https://gitlab.com/kicad/libraries/kicad-footprints/-/tree/master/Transistor/Transistor_SMD_1","url_003427","source_url","91_rejected_low_value","91_rejected_low_value\url_003427--gitlab.com-kicad-libraries-kicad-footprints-tree-master-Transistor-Transistor_SMD_1.md","copied","copied_to_category"
"C:\KICAD_SCRAPE\markdown_10k_clean\gitlab.com-kicad-libraries-kicad-footprints-tree-master-Transistor-Transistor_SMD_10.md","gitlab.com-kicad-libraries-kicad-footprints-tree-master-Transistor-Transistor_SMD_10.md","markdown_10k_clean","https://gitlab.com/kicad/libraries/kicad-footprints/-/tree/master/Transistor/Transistor_SMD_10","https://gitlab.com/kicad/libraries/kicad-footprints/-/tree/master/Transistor/Transistor_SMD_10","url_003428","source_url","91_rejected_low_value","91_rejected_low_value\url_003428--gitlab.com-kicad-libraries-kicad-footprints-tree-master-Transistor-Transistor_SMD_10.md","copied","copied_to_category"
"C:\KICAD_SCRAPE\markdown_10k_clean\gitlab.com-kicad-libraries-kicad-footprints-tree-master-Transistor-Transistor_SMD_11.md","gitlab.com-kicad-libraries-kicad-footprints-tree-master-Transistor-Transistor_SMD_11.md","markdown_10k_clean","https://gitlab.com/kicad/libraries/kicad-footprints/-/tree/master/Transistor/Transistor_SMD_11","https://gitlab.com/kicad/libraries/kicad-footprints/-/tree/master/Transistor/Transistor_SMD_11","url_003429","source_url","91_rejected_low_value","91_rejected_low_value\url_003429--gitlab.com-kicad-libraries-kicad-footprints-tree-master-Transistor-Transistor_SMD_11.md","copied","copied_to_category"
"C:\KICAD_SCRAPE\markdown_10k_clean\gitlab.com-kicad-libraries-kicad-footprints-tree-master-Transistor-Transistor_SMD_12.md","gitlab.com-kicad-libraries-kicad-footprints-tree-master-Transistor-Transistor_SMD_12.md","markdown_10k_clean","https://gitlab.com/kicad/libraries/kicad-footprints/-/tree/master/Transistor/Transistor_SMD_12","https://gitlab.com/kicad/libraries/kicad-footprints/-/tree/master/Transistor/Transistor_SMD_12","url_003430","source_url","91_rejected_low_value","91_rejected_low_value\url_003430--gitlab.com-kicad-libraries-kicad-footprints-tree-master-Transistor-Transistor_SMD_12.md","copied","copied_to_category"
"C:\KICAD_SCRAPE\markdown_10k_clean\gitlab.com-kicad-libraries-kicad-footprints-tree-master-Transistor-Transistor_SMD_2.md","gitlab.com-kicad-libraries-kicad-footprints-tree-master-Transistor-Transistor_SMD_2.md","markdown_10k_clean","https://gitlab.com/kicad/libraries/kicad-footprints/-/tree/master/Transistor/Transistor_SMD_2","https://gitlab.com/kicad/libraries/kicad-footprints/-/tree/master/Transistor/Transistor_SMD_2","url_003431","source_url","91_rejected_low_value","91_rejected_low_value\url_003431--gitlab.com-kicad-libraries-kicad-footprints-tree-master-Transistor-Transistor_SMD_2.md","copied","copied_to_category"
"C:\KICAD_SCRAPE\markdown_10k_clean\gitlab.com-kicad-libraries-kicad-footprints-tree-master-Transistor-Transistor_SMD_3.md","gitlab.com-kicad-libraries-kicad-footprints-tree-master-Transistor-Transistor_SMD_3.md","markdown_10k_clean","https://gitlab.com/kicad/libraries/kicad-footprints/-/tree/master/Transistor/Transistor_SMD_3","https://gitlab.com/kicad/libraries/kicad-footprints/-/tree/master/Transistor/Transistor_SMD_3","url_003432","source_url","91_rejected_low_value","91_rejected_low_value\url_003432--gitlab.com-kicad-libraries-kicad-footprints-tree-master-Transistor-Transistor_SMD_3.md","copied","copied_to_category"
"C:\KICAD_SCRAPE\markdown_10k_clean\gitlab.com-kicad-libraries-kicad-footprints-tree-master-Transistor-Transistor_SMD_4.md","gitlab.com-kicad-libraries-kicad-footprints-tree-master-Transistor-Transistor_SMD_4.md","markdown_10k_clean","https://gitlab.com/kicad/libraries/kicad-footprints/-/tree/master/Transistor/Transistor_SMD_4","https://gitlab.com/kicad/libraries/kicad-footprints/-/tree/master/Transistor/Transistor_SMD_4","url_003433","source_url","91_rejected_low_value","91_rejected_low_value\url_003433--gitlab.com-kicad-libraries-kicad-footprints-tree-master-Transistor-Transistor_SMD_4.md","copied","copied_to_category"
"C:\KICAD_SCRAPE\markdown_10k_clean\gitlab.com-kicad-libraries-kicad-footprints-tree-master-Transistor-Transistor_SMD_5.md","gitlab.com-kicad-libraries-kicad-footprints-tree-master-Transistor-Transistor_SMD_5.md","markdown_10k_clean","https://gitlab.com/kicad/libraries/kicad-footprints/-/tree/master/Transistor/Transistor_SMD_5","https://gitlab.com/kicad/libraries/kicad-footprints/-/tree/master/Transistor/Transistor_SMD_5","url_003434","source_url","91_rejected_low_value","91_rejected_low_value\url_003434--gitlab.com-kicad-libraries-kicad-footprints-tree-master-Transistor-Transistor_SMD_5.md","copied","copied_to_category"
"C:\KICAD_SCRAPE\markdown_10k_clean\gitlab.com-kicad-libraries-kicad-footprints-tree-master-Transistor-Transistor_SMD_6.md","gitlab.com-kicad-libraries-kicad-footprints-tree-master-Transistor-Transistor_SMD_6.md","markdown_10k_clean","https://gitlab.com/kicad/libraries/kicad-footprints/-/tree/master/Transistor/Transistor_SMD_6","https://gitlab.com/kicad/libraries/kicad-footprints/-/tree/master/Transistor/Transistor_SMD_6","url_003435","source_url","91_rejected_low_value","91_rejected_low_value\url_003435--gitlab.com-kicad-libraries-kicad-footprints-tree-master-Transistor-Transistor_SMD_6.md","copied","copied_to_category"
"C:\KICAD_SCRAPE\markdown_10k_clean\gitlab.com-kicad-libraries-kicad-footprints-tree-master-Transistor-Transistor_SMD_7.md","gitlab.com-kicad-libraries-kicad-footprints-tree-master-Transistor-Transistor_SMD_7.md","markdown_10k_clean","https://gitlab.com/kicad/libraries/kicad-footprints/-/tree/master/Transistor/Transistor_SMD_7","https://gitlab.com/kicad/libraries/kicad-footprints/-/tree/master/Transistor/Transistor_SMD_7","url_003436","source_url","91_rejected_low_value","91_rejected_low_value\url_003436--gitlab.com-kicad-libraries-kicad-footprints-tree-master-Transistor-Transistor_SMD_7.md","copied","copied_to_category"
"C:\KICAD_SCRAPE\markdown_10k_clean\gitlab.com-kicad-libraries-kicad-footprints-tree-master-Transistor-Transistor_SMD_8.md","gitlab.com-kicad-libraries-kicad-footprints-tree-master-Transistor-Transistor_SMD_8.md","markdown_10k_clean","https://gitlab.com/kicad/libraries/kicad-footprints/-/tree/master/Transistor/Transistor_SMD_8","https://gitlab.com/kicad/libraries/kicad-footprints/-/tree/master/Transistor/Transistor_SMD_8","url_003437","source_url","91_rejected_low_value","91_rejected_low_value\url_003437--gitlab.com-kicad-libraries-kicad-footprints-tree-master-Transistor-Transistor_SMD_8.md","copied","copied_to_category"
"C:\KICAD_SCRAPE\markdown_10k_clean\gitlab.com-kicad-libraries-kicad-footprints-tree-master-Transistor-Transistor_SMD_9.md","gitlab.com-kicad-libraries-kicad-footprints-tree-master-Transistor-Transistor_SMD_9.md","markdown_10k_clean","https://gitlab.com/kicad/libraries/kicad-footprints/-/tree/master/Transistor/Transistor_SMD_9","https://gitlab.com/kicad/libraries/kicad-footprints/-/tree/master/Transistor/Transistor_SMD_9","url_003438","source_url","91_rejected_low_value","91_rejected_low_value\url_003438--gitlab.com-kicad-libraries-kicad-footprints-tree-master-Transistor-Transistor_SMD_9.md","copied","copied_to_category"
"C:\KICAD_SCRAPE\markdown_10k_clean\gitlab.com-kicad-libraries-kicad-footprints-tree-master-Varistor-Varistor_SMD_1.md","gitlab.com-kicad-libraries-kicad-footprints-tree-master-Varistor-Varistor_SMD_1.md","markdown_10k_clean","https://gitlab.com/kicad/libraries/kicad-footprints/-/tree/master/Varistor/Varistor_SMD_1","https://gitlab.com/kicad/libraries/kicad-footprints/-/tree/master/Varistor/Varistor_SMD_1","url_003439","source_url","91_rejected_low_value","91_rejected_low_value\url_003439--gitlab.com-kicad-libraries-kicad-footprints-tree-master-Varistor-Varistor_SMD_1.md","copied","copied_to_category"
"C:\KICAD_SCRAPE\markdown_10k_clean\gitlab.com-kicad-libraries-kicad-footprints-tree-master-Varistor-Varistor_SMD_10.md","gitlab.com-kicad-libraries-kicad-footprints-tree-master-Varistor-Varistor_SMD_10.md","markdown_10k_clean","https://gitlab.com/kicad/libraries/kicad-footprints/-/tree/master/Varistor/Varistor_SMD_10","https://gitlab.com/kicad/libraries/kicad-footprints/-/tree/master/Varistor/Varistor_SMD_10","url_003440","source_url","91_rejected_low_value","91_rejected_low_value\url_003440--gitlab.com-kicad-libraries-kicad-footprints-tree-master-Varistor-Varistor_SMD_10.md","copied","copied_to_category"
"C:\KICAD_SCRAPE\markdown_10k_clean\gitlab.com-kicad-libraries-kicad-footprints-tree-master-Varistor-Varistor_SMD_11.md","gitlab.com-kicad-libraries-kicad-footprints-tree-master-Varistor-Varistor_SMD_11.md","markdown_10k_clean","https://gitlab.com/kicad/libraries/kicad-footprints/-/tree/master/Varistor/Varistor_SMD_11","https://gitlab.com/kicad/libraries/kicad-footprints/-/tree/master/Varistor/Varistor_SMD_11","url_003441","source_url","91_rejected_low_value","91_rejected_low_value\url_003441--gitlab.com-kicad-libraries-kicad-footprints-tree-master-Varistor-Varistor_SMD_11.md","copied","copied_to_category"
"C:\KICAD_SCRAPE\markdown_10k_clean\gitlab.com-kicad-libraries-kicad-footprints-tree-master-Varistor-Varistor_SMD_12.md","gitlab.com-kicad-libraries-kicad-footprints-tree-master-Varistor-Varistor_SMD_12.md","markdown_10k_clean","https://gitlab.com/kicad/libraries/kicad-footprints/-/tree/master/Varistor/Varistor_SMD_12","https://gitlab.com/kicad/libraries/kicad-footprints/-/tree/master/Varistor/Varistor_SMD_12","url_003442","source_url","91_rejected_low_value","91_rejected_low_value\url_003442--gitlab.com-kicad-libraries-kicad-footprints-tree-master-Varistor-Varistor_SMD_12.md","copied","copied_to_category"
"C:\KICAD_SCRAPE\markdown_10k_clean\gitlab.com-kicad-libraries-kicad-footprints-tree-master-Varistor-Varistor_SMD_2.md","gitlab.com-kicad-libraries-kicad-footprints-tree-master-Varistor-Varistor_SMD_2.md","markdown_10k_clean","https://gitlab.com/kicad/libraries/kicad-footprints/-/tree/master/Varistor/Varistor_SMD_2","https://gitlab.com/kicad/libraries/kicad-footprints/-/tree/master/Varistor/Varistor_SMD_2","url_003443","source_url","91_rejected_low_value","91_rejected_low_value\url_003443--gitlab.com-kicad-libraries-kicad-footprints-tree-master-Varistor-Varistor_SMD_2.md","copied","copied_to_category"
"C:\KICAD_SCRAPE\markdown_10k_clean\gitlab.com-kicad-libraries-kicad-footprints-tree-master-Varistor-Varistor_SMD_3.md","gitlab.com-kicad-libraries-kicad-footprints-tree-master-Varistor-Varistor_SMD_3.md","markdown_10k_clean","https://gitlab.com/kicad/libraries/kicad-footprints/-/tree/master/Varistor/Varistor_SMD_3","https://gitlab.com/kicad/libraries/kicad-footprints/-/tree/master/Varistor/Varistor_SMD_3","url_003444","source_url","91_rejected_low_value","91_rejected_low_value\url_003444--gitlab.com-kicad-libraries-kicad-footprints-tree-master-Varistor-Varistor_SMD_3.md","copied","copied_to_category"
"C:\KICAD_SCRAPE\markdown_10k_clean\gitlab.com-kicad-libraries-kicad-footprints-tree-master-Varistor-Varistor_SMD_4.md","gitlab.com-kicad-libraries-kicad-footprints-tree-master-Varistor-Varistor_SMD_4.md","markdown_10k_clean","https://gitlab.com/kicad/libraries/kicad-footprints/-/tree/master/Varistor/Varistor_SMD_4","https://gitlab.com/kicad/libraries/kicad-footprints/-/tree/master/Varistor/Varistor_SMD_4","url_003445","source_url","91_rejected_low_value","91_rejected_low_value\url_003445--gitlab.com-kicad-libraries-kicad-footprints-tree-master-Varistor-Varistor_SMD_4.md","copied","copied_to_category"
"C:\KICAD_SCRAPE\markdown_10k_clean\gitlab.com-kicad-libraries-kicad-footprints-tree-master-Varistor-Varistor_SMD_5.md","gitlab.com-kicad-libraries-kicad-footprints-tree-master-Varistor-Varistor_SMD_5.md","markdown_10k_clean","https://gitlab.com/kicad/libraries/kicad-footprints/-/tree/master/Varistor/Varistor_SMD_5","https://gitlab.com/kicad/libraries/kicad-footprints/-/tree/master/Varistor/Varistor_SMD_5","url_003446","source_url","91_rejected_low_value","91_rejected_low_value\url_003446--gitlab.com-kicad-libraries-kicad-footprints-tree-master-Varistor-Varistor_SMD_5.md","copied","copied_to_category"
"C:\KICAD_SCRAPE\markdown_10k_clean\gitlab.com-kicad-libraries-kicad-footprints-tree-master-Varistor-Varistor_SMD_6.md","gitlab.com-kicad-libraries-kicad-footprints-tree-master-Varistor-Varistor_SMD_6.md","markdown_10k_clean","https://gitlab.com/kicad/libraries/kicad-footprints/-/tree/master/Varistor/Varistor_SMD_6","https://gitlab.com/kicad/libraries/kicad-footprints/-/tree/master/Varistor/Varistor_SMD_6","url_003447","source_url","91_rejected_low_value","91_rejected_low_value\url_003447--gitlab.com-kicad-libraries-kicad-footprints-tree-master-Varistor-Varistor_SMD_6.md","copied","copied_to_category"
"C:\KICAD_SCRAPE\markdown_10k_clean\gitlab.com-kicad-libraries-kicad-footprints-tree-master-Varistor-Varistor_SMD_7.md","gitlab.com-kicad-libraries-kicad-footprints-tree-master-Varistor-Varistor_SMD_7.md","markdown_10k_clean","https://gitlab.com/kicad/libraries/kicad-footprints/-/tree/master/Varistor/Varistor_SMD_7","https://gitlab.com/kicad/libraries/kicad-footprints/-/tree/master/Varistor/Varistor_SMD_7","url_003448","source_url","91_rejected_low_value","91_rejected_low_value\url_003448--gitlab.com-kicad-libraries-kicad-footprints-tree-master-Varistor-Varistor_SMD_7.md","copied","copied_to_category"
"C:\KICAD_SCRAPE\markdown_10k_clean\gitlab.com-kicad-libraries-kicad-footprints-tree-master-Varistor-Varistor_SMD_8.md","gitlab.com-kicad-libraries-kicad-footprints-tree-master-Varistor-Varistor_SMD_8.md","markdown_10k_clean","https://gitlab.com/kicad/libraries/kicad-footprints/-/tree/master/Varistor/Varistor_SMD_8","https://gitlab.com/kicad/libraries/kicad-footprints/-/tree/master/Varistor/Varistor_SMD_8","url_003449","source_url","91_rejected_low_value","91_rejected_low_value\url_003449--gitlab.com-kicad-libraries-kicad-footprints-tree-master-Varistor-Varistor_SMD_8.md","copied","copied_to_category"
"C:\KICAD_SCRAPE\markdown_10k_clean\gitlab.com-kicad-libraries-kicad-footprints-tree-master-Varistor-Varistor_SMD_9.md","gitlab.com-kicad-libraries-kicad-footprints-tree-master-Varistor-Varistor_SMD_9.md","markdown_10k_clean","https://gitlab.com/kicad/libraries/kicad-footprints/-/tree/master/Varistor/Varistor_SMD_9","https://gitlab.com/kicad/libraries/kicad-footprints/-/tree/master/Varistor/Varistor_SMD_9","url_003450","source_url","91_rejected_low_value","91_rejected_low_value\url_003450--gitlab.com-kicad-libraries-kicad-footprints-tree-master-Varistor-Varistor_SMD_9.md","copied","copied_to_category"
"C:\KICAD_SCRAPE\markdown_10k_clean\gitlab.com-kicad-libraries-kicad-footprints-tree-master-Zener-Zener_SMD_1.md","gitlab.com-kicad-libraries-kicad-footprints-tree-master-Zener-Zener_SMD_1.md","markdown_10k_clean","https://gitlab.com/kicad/libraries/kicad-footprints/-/tree/master/Zener/Zener_SMD_1","https://gitlab.com/kicad/libraries/kicad-footprints/-/tree/master/Zener/Zener_SMD_1","url_003451","source_url","91_rejected_low_value","91_rejected_low_value\url_003451--gitlab.com-kicad-libraries-kicad-footprints-tree-master-Zener-Zener_SMD_1.md","copied","copied_to_category"
"C:\KICAD_SCRAPE\markdown_10k_clean\gitlab.com-kicad-libraries-kicad-footprints-tree-master-Zener-Zener_SMD_10.md","gitlab.com-kicad-libraries-kicad-footprints-tree-master-Zener-Zener_SMD_10.md","markdown_10k_clean","https://gitlab.com/kicad/libraries/kicad-footprints/-/tree/master/Zener/Zener_SMD_10","https://gitlab.com/kicad/libraries/kicad-footprints/-/tree/master/Zener/Zener_SMD_10","url_003452","source_url","91_rejected_low_value","91_rejected_low_value\url_003452--gitlab.com-kicad-libraries-kicad-footprints-tree-master-Zener-Zener_SMD_10.md","copied","copied_to_category"
"C:\KICAD_SCRAPE\markdown_10k_clean\gitlab.com-kicad-libraries-kicad-footprints-tree-master-Zener-Zener_SMD_11.md","gitlab.com-kicad-libraries-kicad-footprints-tree-master-Zener-Zener_SMD_11.md","markdown_10k_clean","https://gitlab.com/kicad/libraries/kicad-footprints/-/tree/master/Zener/Zener_SMD_11","https://gitlab.com/kicad/libraries/kicad-footprints/-/tree/master/Zener/Zener_SMD_11","url_003453","source_url","91_rejected_low_value","91_rejected_low_value\url_003453--gitlab.com-kicad-libraries-kicad-footprints-tree-master-Zener-Zener_SMD_11.md","copied","copied_to_category"
"C:\KICAD_SCRAPE\markdown_10k_clean\gitlab.com-kicad-libraries-kicad-footprints-tree-master-Zener-Zener_SMD_12.md","gitlab.com-kicad-libraries-kicad-footprints-tree-master-Zener-Zener_SMD_12.md","markdown_10k_clean","https://gitlab.com/kicad/libraries/kicad-footprints/-/tree/master/Zener/Zener_SMD_12","https://gitlab.com/kicad/libraries/kicad-footprints/-/tree/master/Zener/Zener_SMD_12","url_003454","source_url","91_rejected_low_value","91_rejected_low_value\url_003454--gitlab.com-kicad-libraries-kicad-footprints-tree-master-Zener-Zener_SMD_12.md","copied","copied_to_category"
"C:\KICAD_SCRAPE\markdown_10k_clean\gitlab.com-kicad-libraries-kicad-footprints-tree-master-Zener-Zener_SMD_2.md","gitlab.com-kicad-libraries-kicad-footprints-tree-master-Zener-Zener_SMD_2.md","markdown_10k_clean","https://gitlab.com/kicad/libraries/kicad-footprints/-/tree/master/Zener/Zener_SMD_2","https://gitlab.com/kicad/libraries/kicad-footprints/-/tree/master/Zener/Zener_SMD_2","url_003455","source_url","91_rejected_low_value","91_rejected_low_value\url_003455--gitlab.com-kicad-libraries-kicad-footprints-tree-master-Zener-Zener_SMD_2.md","copied","copied_to_category"
"C:\KICAD_SCRAPE\markdown_10k_clean\gitlab.com-kicad-libraries-kicad-footprints-tree-master-Zener-Zener_SMD_3.md","gitlab.com-kicad-libraries-kicad-footprints-tree-master-Zener-Zener_SMD_3.md","markdown_10k_clean","https://gitlab.com/kicad/libraries/kicad-footprints/-/tree/master/Zener/Zener_SMD_3","https://gitlab.com/kicad/libraries/kicad-footprints/-/tree/master/Zener/Zener_SMD_3","url_003456","source_url","91_rejected_low_value","91_rejected_low_value\url_003456--gitlab.com-kicad-libraries-kicad-footprints-tree-master-Zener-Zener_SMD_3.md","copied","copied_to_category"
"C:\KICAD_SCRAPE\markdown_10k_clean\gitlab.com-kicad-libraries-kicad-footprints-tree-master-Zener-Zener_SMD_4.md","gitlab.com-kicad-libraries-kicad-footprints-tree-master-Zener-Zener_SMD_4.md","markdown_10k_clean","https://gitlab.com/kicad/libraries/kicad-footprints/-/tree/master/Zener/Zener_SMD_4","https://gitlab.com/kicad/libraries/kicad-footprints/-/tree/master/Zener/Zener_SMD_4","url_003457","source_url","91_rejected_low_value","91_rejected_low_value\url_003457--gitlab.com-kicad-libraries-kicad-footprints-tree-master-Zener-Zener_SMD_4.md","copied","copied_to_category"
"C:\KICAD_SCRAPE\markdown_10k_clean\gitlab.com-kicad-libraries-kicad-footprints-tree-master-Zener-Zener_SMD_5.md","gitlab.com-kicad-libraries-kicad-footprints-tree-master-Zener-Zener_SMD_5.md","markdown_10k_clean","https://gitlab.com/kicad/libraries/kicad-footprints/-/tree/master/Zener/Zener_SMD_5","https://gitlab.com/kicad/libraries/kicad-footprints/-/tree/master/Zener/Zener_SMD_5","url_003458","source_url","91_rejected_low_value","91_rejected_low_value\url_003458--gitlab.com-kicad-libraries-kicad-footprints-tree-master-Zener-Zener_SMD_5.md","copied","copied_to_category"
"C:\KICAD_SCRAPE\markdown_10k_clean\gitlab.com-kicad-libraries-kicad-footprints-tree-master-Zener-Zener_SMD_6.md","gitlab.com-kicad-libraries-kicad-footprints-tree-master-Zener-Zener_SMD_6.md","markdown_10k_clean","https://gitlab.com/kicad/libraries/kicad-footprints/-/tree/master/Zener/Zener_SMD_6","https://gitlab.com/kicad/libraries/kicad-footprints/-/tree/master/Zener/Zener_SMD_6","url_003459","source_url","91_rejected_low_value","91_rejected_low_value\url_003459--gitlab.com-kicad-libraries-kicad-footprints-tree-master-Zener-Zener_SMD_6.md","copied","copied_to_category"
"C:\KICAD_SCRAPE\markdown_10k_clean\gitlab.com-kicad-libraries-kicad-footprints-tree-master-Zener-Zener_SMD_7.md","gitlab.com-kicad-libraries-kicad-footprints-tree-master-Zener-Zener_SMD_7.md","markdown_10k_clean","https://gitlab.com/kicad/libraries/kicad-footprints/-/tree/master/Zener/Zener_SMD_7","https://gitlab.com/kicad/libraries/kicad-footprints/-/tree/master/Zener/Zener_SMD_7","url_003460","source_url","91_rejected_low_value","91_rejected_low_value\url_003460--gitlab.com-kicad-libraries-kicad-footprints-tree-master-Zener-Zener_SMD_7.md","copied","copied_to_category"
"C:\KICAD_SCRAPE\markdown_10k_clean\gitlab.com-kicad-libraries-kicad-footprints-tree-master-Zener-Zener_SMD_8.md","gitlab.com-kicad-libraries-kicad-footprints-tree-master-Zener-Zener_SMD_8.md","markdown_10k_clean","https://gitlab.com/kicad/libraries/kicad-footprints/-/tree/master/Zener/Zener_SMD_8","https://gitlab.com/kicad/libraries/kicad-footprints/-/tree/master/Zener/Zener_SMD_8","url_003461","source_url","91_rejected_low_value","91_rejected_low_value\url_003461--gitlab.com-kicad-libraries-kicad-footprints-tree-master-Zener-Zener_SMD_8.md","copied","copied_to_category"
"C:\KICAD_SCRAPE\markdown_10k_clean\gitlab.com-kicad-libraries-kicad-footprints-tree-master-Zener-Zener_SMD_9.md","gitlab.com-kicad-libraries-kicad-footprints-tree-master-Zener-Zener_SMD_9.md","markdown_10k_clean","https://gitlab.com/kicad/libraries/kicad-footprints/-/tree/master/Zener/Zener_SMD_9","https://gitlab.com/kicad/libraries/kicad-footprints/-/tree/master/Zener/Zener_SMD_9","url_003462","source_url","91_rejected_low_value","91_rejected_low_value\url_003462--gitlab.com-kicad-libraries-kicad-footprints-tree-master-Zener-Zener_SMD_9.md","copied","copied_to_category"
"C:\KICAD_SCRAPE\markdown_10k_clean\hackaday.com-2021-01-32-some-post-32.md","hackaday.com-2021-01-32-some-post-32.md","markdown_10k_clean","https://hackaday.com/2021/01/32/some-post-32","https://hackaday.com/2021/01/32/some-post-32","url_003762","source_url","91_rejected_low_value","91_rejected_low_value\url_003762--hackaday.com-2021-01-32-some-post-32.md","copied","copied_to_category"
"C:\KICAD_SCRAPE\markdown_10k_clean\hackaday.com-2021-01-33-some-post-33.md","hackaday.com-2021-01-33-some-post-33.md","markdown_10k_clean","https://hackaday.com/2021/01/33/some-post-33","https://hackaday.com/2021/01/33/some-post-33","url_003773","source_url","91_rejected_low_value","91_rejected_low_value\url_003773--hackaday.com-2021-01-33-some-post-33.md","copied","copied_to_category"
"C:\KICAD_SCRAPE\markdown_10k_clean\hackaday.com-2021-01-34-some-post-34.md","hackaday.com-2021-01-34-some-post-34.md","markdown_10k_clean","https://hackaday.com/2021/01/34/some-post-34","https://hackaday.com/2021/01/34/some-post-34","url_003784","source_url","91_rejected_low_value","91_rejected_low_value\url_003784--hackaday.com-2021-01-34-some-post-34.md","copied","copied_to_category"
"C:\KICAD_SCRAPE\markdown_10k_clean\hackaday.com-2021-01-35-some-post-35.md","hackaday.com-2021-01-35-some-post-35.md","markdown_10k_clean","https://hackaday.com/2021/01/35/some-post-35","https://hackaday.com/2021/01/35/some-post-35","url_003795","source_url","91_rejected_low_value","91_rejected_low_value\url_003795--hackaday.com-2021-01-35-some-post-35.md","copied","copied_to_category"
"C:\KICAD_SCRAPE\markdown_10k_clean\hackaday.com-2021-01-36-some-post-36.md","hackaday.com-2021-01-36-some-post-36.md","markdown_10k_clean","https://hackaday.com/2021/01/36/some-post-36","https://hackaday.com/2021/01/36/some-post-36","url_003806","source_url","91_rejected_low_value","91_rejected_low_value\url_003806--hackaday.com-2021-01-36-some-post-36.md","copied","copied_to_category"
"C:\KICAD_SCRAPE\markdown_10k_clean\hackaday.com-2021-01-37-some-post-37.md","hackaday.com-2021-01-37-some-post-37.md","markdown_10k_clean","https://hackaday.com/2021/01/37/some-post-37","https://hackaday.com/2021/01/37/some-post-37","url_003817","source_url","91_rejected_low_value","91_rejected_low_value\url_003817--hackaday.com-2021-01-37-some-post-37.md","copied","copied_to_category"
"C:\KICAD_SCRAPE\markdown_10k_clean\hackaday.com-2021-01-38-some-post-38.md","hackaday.com-2021-01-38-some-post-38.md","markdown_10k_clean","https://hackaday.com/2021/01/38/some-post-38","https://hackaday.com/2021/01/38/some-post-38","url_003828","source_url","91_rejected_low_value","91_rejected_low_value\url_003828--hackaday.com-2021-01-38-some-post-38.md","copied","copied_to_category"
"C:\KICAD_SCRAPE\markdown_10k_clean\hackaday.com-2021-01-39-some-post-39.md","hackaday.com-2021-01-39-some-post-39.md","markdown_10k_clean","https://hackaday.com/2021/01/39/some-post-39","https://hackaday.com/2021/01/39/some-post-39","url_003839","source_url","91_rejected_low_value","91_rejected_low_value\url_003839--hackaday.com-2021-01-39-some-post-39.md","copied","copied_to_category"
"C:\KICAD_SCRAPE\markdown_10k_clean\hackaday.com-2021-01-40-some-post-40.md","hackaday.com-2021-01-40-some-post-40.md","markdown_10k_clean","https://hackaday.com/2021/01/40/some-post-40","https://hackaday.com/2021/01/40/some-post-40","url_003851","source_url","91_rejected_low_value","91_rejected_low_value\url_003851--hackaday.com-2021-01-40-some-post-40.md","copied","copied_to_category"
"C:\KICAD_SCRAPE\markdown_10k_clean\hackaday.com-2021-01-41-some-post-41.md","hackaday.com-2021-01-41-some-post-41.md","markdown_10k_clean","https://hackaday.com/2021/01/41/some-post-41","https://hackaday.com/2021/01/41/some-post-41","url_003862","source_url","91_rejected_low_value","91_rejected_low_value\url_003862--hackaday.com-2021-01-41-some-post-41.md","copied","copied_to_category"
"C:\KICAD_SCRAPE\markdown_10k_clean\hackaday.com-2021-01-42-some-post-42.md","hackaday.com-2021-01-42-some-post-42.md","markdown_10k_clean","https://hackaday.com/2021/01/42/some-post-42","https://hackaday.com/2021/01/42/some-post-42","url_003873","source_url","91_rejected_low_value","91_rejected_low_value\url_003873--hackaday.com-2021-01-42-some-post-42.md","copied","copied_to_category"
"C:\KICAD_SCRAPE\markdown_10k_clean\hackaday.com-2021-01-43-some-post-43.md","hackaday.com-2021-01-43-some-post-43.md","markdown_10k_clean","https://hackaday.com/2021/01/43/some-post-43","https://hackaday.com/2021/01/43/some-post-43","url_003884","source_url","91_rejected_low_value","91_rejected_low_value\url_003884--hackaday.com-2021-01-43-some-post-43.md","copied","copied_to_category"
"C:\KICAD_SCRAPE\markdown_10k_clean\hackaday.com-2021-01-44-some-post-44.md","hackaday.com-2021-01-44-some-post-44.md","markdown_10k_clean","https://hackaday.com/2021/01/44/some-post-44","https://hackaday.com/2021/01/44/some-post-44","url_003895","source_url","91_rejected_low_value","91_rejected_low_value\url_003895--hackaday.com-2021-01-44-some-post-44.md","copied","copied_to_category"
"C:\KICAD_SCRAPE\markdown_10k_clean\hackaday.com-2021-01-45-some-post-45.md","hackaday.com-2021-01-45-some-post-45.md","markdown_10k_clean","https://hackaday.com/2021/01/45/some-post-45","https://hackaday.com/2021/01/45/some-post-45","url_003906","source_url","91_rejected_low_value","91_rejected_low_value\url_003906--hackaday.com-2021-01-45-some-post-45.md","copied","copied_to_category"
"C:\KICAD_SCRAPE\markdown_10k_clean\hackaday.com-2021-01-46-some-post-46.md","hackaday.com-2021-01-46-some-post-46.md","markdown_10k_clean","https://hackaday.com/2021/01/46/some-post-46","https://hackaday.com/2021/01/46/some-post-46","url_003917","source_url","91_rejected_low_value","91_rejected_low_value\url_003917--hackaday.com-2021-01-46-some-post-46.md","copied","copied_to_category"
"C:\KICAD_SCRAPE\markdown_10k_clean\hackaday.com-2021-01-47-some-post-47.md","hackaday.com-2021-01-47-some-post-47.md","markdown_10k_clean","https://hackaday.com/2021/01/47/some-post-47","https://hackaday.com/2021/01/47/some-post-47","url_003928","source_url","91_rejected_low_value","91_rejected_low_value\url_003928--hackaday.com-2021-01-47-some-post-47.md","copied","copied_to_category"
"C:\KICAD_SCRAPE\markdown_10k_clean\hackaday.com-2021-01-48-some-post-48.md","hackaday.com-2021-01-48-some-post-48.md","markdown_10k_clean","https://hackaday.com/2021/01/48/some-post-48","https://hackaday.com/2021/01/48/some-post-48","url_003939","source_url","91_rejected_low_value","91_rejected_low_value\url_003939--hackaday.com-2021-01-48-some-post-48.md","copied","copied_to_category"
"C:\KICAD_SCRAPE\markdown_10k_clean\hackaday.com-2021-01-49-some-post-49.md","hackaday.com-2021-01-49-some-post-49.md","markdown_10k_clean","https://hackaday.com/2021/01/49/some-post-49","https://hackaday.com/2021/01/49/some-post-49","url_003950","source_url","91_rejected_low_value","91_rejected_low_value\url_003950--hackaday.com-2021-01-49-some-post-49.md","copied","copied_to_category"
"C:\KICAD_SCRAPE\markdown_10k_clean\hackaday.com-2021-01-50-some-post-50.md","hackaday.com-2021-01-50-some-post-50.md","markdown_10k_clean","https://hackaday.com/2021/01/50/some-post-50","https://hackaday.com/2021/01/50/some-post-50","url_003962","source_url","91_rejected_low_value","91_rejected_low_value\url_003962--hackaday.com-2021-01-50-some-post-50.md","copied","copied_to_category"
"C:\KICAD_SCRAPE\markdown_10k_clean\hackaday.com-2021-01-51-some-post-51.md","hackaday.com-2021-01-51-some-post-51.md","markdown_10k_clean","https://hackaday.com/2021/01/51/some-post-51","https://hackaday.com/2021/01/51/some-post-51","url_003964","source_url","91_rejected_low_value","91_rejected_low_value\url_003964--hackaday.com-2021-01-51-some-post-51.md","copied","copied_to_category"
"C:\KICAD_SCRAPE\markdown_10k_clean\hackaday.com-2021-01-52-some-post-52.md","hackaday.com-2021-01-52-some-post-52.md","markdown_10k_clean","https://hackaday.com/2021/01/52/some-post-52","https://hackaday.com/2021/01/52/some-post-52","url_003965","source_url","91_rejected_low_value","91_rejected_low_value\url_003965--hackaday.com-2021-01-52-some-post-52.md","copied","copied_to_category"
"C:\KICAD_SCRAPE\markdown_10k_clean\hackaday.com-2021-01-53-some-post-53.md","hackaday.com-2021-01-53-some-post-53.md","markdown_10k_clean","https://hackaday.com/2021/01/53/some-post-53","https://hackaday.com/2021/01/53/some-post-53","url_003966","source_url","91_rejected_low_value","91_rejected_low_value\url_003966--hackaday.com-2021-01-53-some-post-53.md","copied","copied_to_category"
"C:\KICAD_SCRAPE\markdown_10k_clean\hackaday.com-2021-01-54-some-post-54.md","hackaday.com-2021-01-54-some-post-54.md","markdown_10k_clean","https://hackaday.com/2021/01/54/some-post-54","https://hackaday.com/2021/01/54/some-post-54","url_003967","source_url","91_rejected_low_value","91_rejected_low_value\url_003967--hackaday.com-2021-01-54-some-post-54.md","copied","copied_to_category"
"C:\KICAD_SCRAPE\markdown_10k_clean\hackaday.com-2021-01-55-some-post-55.md","hackaday.com-2021-01-55-some-post-55.md","markdown_10k_clean","https://hackaday.com/2021/01/55/some-post-55","https://hackaday.com/2021/01/55/some-post-55","url_003968","source_url","91_rejected_low_value","91_rejected_low_value\url_003968--hackaday.com-2021-01-55-some-post-55.md","copied","copied_to_category"
"C:\KICAD_SCRAPE\markdown_10k_clean\hackaday.com-2021-01-56-some-post-56.md","hackaday.com-2021-01-56-some-post-56.md","markdown_10k_clean","https://hackaday.com/2021/01/56/some-post-56","https://hackaday.com/2021/01/56/some-post-56","url_003969","source_url","91_rejected_low_value","91_rejected_low_value\url_003969--hackaday.com-2021-01-56-some-post-56.md","copied","copied_to_category"
"C:\KICAD_SCRAPE\markdown_10k_clean\hackaday.com-2021-01-57-some-post-57.md","hackaday.com-2021-01-57-some-post-57.md","markdown_10k_clean","https://hackaday.com/2021/01/57/some-post-57","https://hackaday.com/2021/01/57/some-post-57","url_003970","source_url","91_rejected_low_value","91_rejected_low_value\url_003970--hackaday.com-2021-01-57-some-post-57.md","copied","copied_to_category"
"C:\KICAD_SCRAPE\markdown_10k_clean\hackaday.com-2021-01-58-some-post-58.md","hackaday.com-2021-01-58-some-post-58.md","markdown_10k_clean","https://hackaday.com/2021/01/58/some-post-58","https://hackaday.com/2021/01/58/some-post-58","url_003971","source_url","91_rejected_low_value","91_rejected_low_value\url_003971--hackaday.com-2021-01-58-some-post-58.md","copied","copied_to_category"
"C:\KICAD_SCRAPE\markdown_10k_clean\hackaday.com-2021-01-59-some-post-59.md","hackaday.com-2021-01-59-some-post-59.md","markdown_10k_clean","https://hackaday.com/2021/01/59/some-post-59","https://hackaday.com/2021/01/59/some-post-59","url_003972","source_url","91_rejected_low_value","91_rejected_low_value\url_003972--hackaday.com-2021-01-59-some-post-59.md","copied","copied_to_category"
"C:\KICAD_SCRAPE\markdown_10k_clean\hackaday.com-2021-01-60-some-post-60.md","hackaday.com-2021-01-60-some-post-60.md","markdown_10k_clean","https://hackaday.com/2021/01/60/some-post-60","https://hackaday.com/2021/01/60/some-post-60","url_003974","source_url","91_rejected_low_value","91_rejected_low_value\url_003974--hackaday.com-2021-01-60-some-post-60.md","copied","copied_to_category"
"C:\KICAD_SCRAPE\markdown_10k_clean\hackaday.com-2021-01-61-some-post-61.md","hackaday.com-2021-01-61-some-post-61.md","markdown_10k_clean","https://hackaday.com/2021/01/61/some-post-61","https://hackaday.com/2021/01/61/some-post-61","url_003975","source_url","91_rejected_low_value","91_rejected_low_value\url_003975--hackaday.com-2021-01-61-some-post-61.md","copied","copied_to_category"
"C:\KICAD_SCRAPE\markdown_10k_clean\hackaday.com-2021-01-62-some-post-62.md","hackaday.com-2021-01-62-some-post-62.md","markdown_10k_clean","https://hackaday.com/2021/01/62/some-post-62","https://hackaday.com/2021/01/62/some-post-62","url_003976","source_url","91_rejected_low_value","91_rejected_low_value\url_003976--hackaday.com-2021-01-62-some-post-62.md","copied","copied_to_category"
"C:\KICAD_SCRAPE\markdown_10k_clean\hackaday.com-2021-01-63-some-post-63.md","hackaday.com-2021-01-63-some-post-63.md","markdown_10k_clean","https://hackaday.com/2021/01/63/some-post-63","https://hackaday.com/2021/01/63/some-post-63","url_003977","source_url","91_rejected_low_value","91_rejected_low_value\url_003977--hackaday.com-2021-01-63-some-post-63.md","copied","copied_to_category"
"C:\KICAD_SCRAPE\markdown_10k_clean\hackaday.com-2021-01-64-some-post-64.md","hackaday.com-2021-01-64-some-post-64.md","markdown_10k_clean","https://hackaday.com/2021/01/64/some-post-64","https://hackaday.com/2021/01/64/some-post-64","url_003978","source_url","91_rejected_low_value","91_rejected_low_value\url_003978--hackaday.com-2021-01-64-some-post-64.md","copied","copied_to_category"
"C:\KICAD_SCRAPE\markdown_10k_clean\hackaday.com-2021-01-65-some-post-65.md","hackaday.com-2021-01-65-some-post-65.md","markdown_10k_clean","https://hackaday.com/2021/01/65/some-post-65","https://hackaday.com/2021/01/65/some-post-65","url_003979","source_url","91_rejected_low_value","91_rejected_low_value\url_003979--hackaday.com-2021-01-65-some-post-65.md","copied","copied_to_category"
"C:\KICAD_SCRAPE\markdown_10k_clean\hackaday.com-2021-01-66-some-post-66.md","hackaday.com-2021-01-66-some-post-66.md","markdown_10k_clean","https://hackaday.com/2021/01/66/some-post-66","https://hackaday.com/2021/01/66/some-post-66","url_003980","source_url","91_rejected_low_value","91_rejected_low_value\url_003980--hackaday.com-2021-01-66-some-post-66.md","copied","copied_to_category"
"C:\KICAD_SCRAPE\markdown_10k_clean\hackaday.com-2021-01-67-some-post-67.md","hackaday.com-2021-01-67-some-post-67.md","markdown_10k_clean","https://hackaday.com/2021/01/67/some-post-67","https://hackaday.com/2021/01/67/some-post-67","url_003981","source_url","91_rejected_low_value","91_rejected_low_value\url_003981--hackaday.com-2021-01-67-some-post-67.md","copied","copied_to_category"
"C:\KICAD_SCRAPE\markdown_10k_clean\hackaday.com-2021-01-68-some-post-68.md","hackaday.com-2021-01-68-some-post-68.md","markdown_10k_clean","https://hackaday.com/2021/01/68/some-post-68","https://hackaday.com/2021/01/68/some-post-68","url_003982","source_url","91_rejected_low_value","91_rejected_low_value\url_003982--hackaday.com-2021-01-68-some-post-68.md","copied","copied_to_category"
"C:\KICAD_SCRAPE\markdown_10k_clean\hackaday.com-2021-01-69-some-post-69.md","hackaday.com-2021-01-69-some-post-69.md","markdown_10k_clean","https://hackaday.com/2021/01/69/some-post-69","https://hackaday.com/2021/01/69/some-post-69","url_003983","source_url","91_rejected_low_value","91_rejected_low_value\url_003983--hackaday.com-2021-01-69-some-post-69.md","copied","copied_to_category"
"C:\KICAD_SCRAPE\markdown_10k_clean\hackaday.com-2021-01-70-some-post-70.md","hackaday.com-2021-01-70-some-post-70.md","markdown_10k_clean","https://hackaday.com/2021/01/70/some-post-70","https://hackaday.com/2021/01/70/some-post-70","url_003985","source_url","91_rejected_low_value","91_rejected_low_value\url_003985--hackaday.com-2021-01-70-some-post-70.md","copied","copied_to_category"
"C:\KICAD_SCRAPE\markdown_10k_clean\hackaday.com-2021-01-71-some-post-71.md","hackaday.com-2021-01-71-some-post-71.md","markdown_10k_clean","https://hackaday.com/2021/01/71/some-post-71","https://hackaday.com/2021/01/71/some-post-71","url_003986","source_url","91_rejected_low_value","91_rejected_low_value\url_003986--hackaday.com-2021-01-71-some-post-71.md","copied","copied_to_category"
"C:\KICAD_SCRAPE\markdown_10k_clean\hackaday.com-2021-01-72-some-post-72.md","hackaday.com-2021-01-72-some-post-72.md","markdown_10k_clean","https://hackaday.com/2021/01/72/some-post-72","https://hackaday.com/2021/01/72/some-post-72","url_003987","source_url","91_rejected_low_value","91_rejected_low_value\url_003987--hackaday.com-2021-01-72-some-post-72.md","copied","copied_to_category"
"C:\KICAD_SCRAPE\markdown_10k_clean\hackaday.com-2021-01-73-some-post-73.md","hackaday.com-2021-01-73-some-post-73.md","markdown_10k_clean","https://hackaday.com/2021/01/73/some-post-73","https://hackaday.com/2021/01/73/some-post-73","url_003988","source_url","91_rejected_low_value","91_rejected_low_value\url_003988--hackaday.com-2021-01-73-some-post-73.md","copied","copied_to_category"
"C:\KICAD_SCRAPE\markdown_10k_clean\hackaday.com-2021-01-74-some-post-74.md","hackaday.com-2021-01-74-some-post-74.md","markdown_10k_clean","https://hackaday.com/2021/01/74/some-post-74","https://hackaday.com/2021/01/74/some-post-74","url_003989","source_url","91_rejected_low_value","91_rejected_low_value\url_003989--hackaday.com-2021-01-74-some-post-74.md","copied","copied_to_category"
"C:\KICAD_SCRAPE\markdown_10k_clean\hackaday.com-2021-01-75-some-post-75.md","hackaday.com-2021-01-75-some-post-75.md","markdown_10k_clean","https://hackaday.com/2021/01/75/some-post-75","https://hackaday.com/2021/01/75/some-post-75","url_003990","source_url","91_rejected_low_value","91_rejected_low_value\url_003990--hackaday.com-2021-01-75-some-post-75.md","copied","copied_to_category"
"C:\KICAD_SCRAPE\markdown_10k_clean\hackaday.com-2021-01-76-some-post-76.md","hackaday.com-2021-01-76-some-post-76.md","markdown_10k_clean","https://hackaday.com/2021/01/76/some-post-76","https://hackaday.com/2021/01/76/some-post-76","url_003991","source_url","91_rejected_low_value","91_rejected_low_value\url_003991--hackaday.com-2021-01-76-some-post-76.md","copied","copied_to_category"
"C:\KICAD_SCRAPE\markdown_10k_clean\hackaday.com-2021-01-77-some-post-77.md","hackaday.com-2021-01-77-some-post-77.md","markdown_10k_clean","https://hackaday.com/2021/01/77/some-post-77","https://hackaday.com/2021/01/77/some-post-77","url_003992","source_url","91_rejected_low_value","91_rejected_low_value\url_003992--hackaday.com-2021-01-77-some-post-77.md","copied","copied_to_category"
"C:\KICAD_SCRAPE\markdown_10k_clean\hackaday.com-2021-01-78-some-post-78.md","hackaday.com-2021-01-78-some-post-78.md","markdown_10k_clean","https://hackaday.com/2021/01/78/some-post-78","https://hackaday.com/2021/01/78/some-post-78","url_003993","source_url","91_rejected_low_value","91_rejected_low_value\url_003993--hackaday.com-2021-01-78-some-post-78.md","copied","copied_to_category"
"C:\KICAD_SCRAPE\markdown_10k_clean\hackaday.com-2021-01-79-some-post-79.md","hackaday.com-2021-01-79-some-post-79.md","markdown_10k_clean","https://hackaday.com/2021/01/79/some-post-79","https://hackaday.com/2021/01/79/some-post-79","url_003994","source_url","91_rejected_low_value","91_rejected_low_value\url_003994--hackaday.com-2021-01-79-some-post-79.md","copied","copied_to_category"
"C:\KICAD_SCRAPE\markdown_10k_clean\hackaday.com-2021-01-80-some-post-80.md","hackaday.com-2021-01-80-some-post-80.md","markdown_10k_clean","https://hackaday.com/2021/01/80/some-post-80","https://hackaday.com/2021/01/80/some-post-80","url_003996","source_url","91_rejected_low_value","91_rejected_low_value\url_003996--hackaday.com-2021-01-80-some-post-80.md","copied","copied_to_category"
"C:\KICAD_SCRAPE\markdown_10k_clean\hackaday.com-2021-01-81-some-post-81.md","hackaday.com-2021-01-81-some-post-81.md","markdown_10k_clean","https://hackaday.com/2021/01/81/some-post-81","https://hackaday.com/2021/01/81/some-post-81","url_003997","source_url","91_rejected_low_value","91_rejected_low_value\url_003997--hackaday.com-2021-01-81-some-post-81.md","copied","copied_to_category"
"C:\KICAD_SCRAPE\markdown_10k_clean\hackaday.com-2021-01-82-some-post-82.md","hackaday.com-2021-01-82-some-post-82.md","markdown_10k_clean","https://hackaday.com/2021/01/82/some-post-82","https://hackaday.com/2021/01/82/some-post-82","url_003998","source_url","91_rejected_low_value","91_rejected_low_value\url_003998--hackaday.com-2021-01-82-some-post-82.md","copied","copied_to_category"
"C:\KICAD_SCRAPE\markdown_10k_clean\hackaday.com-2021-01-83-some-post-83.md","hackaday.com-2021-01-83-some-post-83.md","markdown_10k_clean","https://hackaday.com/2021/01/83/some-post-83","https://hackaday.com/2021/01/83/some-post-83","url_003999","source_url","91_rejected_low_value","91_rejected_low_value\url_003999--hackaday.com-2021-01-83-some-post-83.md","copied","copied_to_category"
"C:\KICAD_SCRAPE\markdown_10k_clean\hackaday.com-2021-01-84-some-post-84.md","hackaday.com-2021-01-84-some-post-84.md","markdown_10k_clean","https://hackaday.com/2021/01/84/some-post-84","https://hackaday.com/2021/01/84/some-post-84","url_004000","source_url","91_rejected_low_value","91_rejected_low_value\url_004000--hackaday.com-2021-01-84-some-post-84.md","copied","copied_to_category"
"C:\KICAD_SCRAPE\markdown_10k_clean\hackaday.com-2021-01-85-some-post-85.md","hackaday.com-2021-01-85-some-post-85.md","markdown_10k_clean","https://hackaday.com/2021/01/85/some-post-85","https://hackaday.com/2021/01/85/some-post-85","url_004001","source_url","91_rejected_low_value","91_rejected_low_value\url_004001--hackaday.com-2021-01-85-some-post-85.md","copied","copied_to_category"
"C:\KICAD_SCRAPE\markdown_10k_clean\hackaday.com-2021-01-86-some-post-86.md","hackaday.com-2021-01-86-some-post-86.md","markdown_10k_clean","https://hackaday.com/2021/01/86/some-post-86","https://hackaday.com/2021/01/86/some-post-86","url_004002","source_url","91_rejected_low_value","91_rejected_low_value\url_004002--hackaday.com-2021-01-86-some-post-86.md","copied","copied_to_category"
"C:\KICAD_SCRAPE\markdown_10k_clean\hackaday.com-2021-01-87-some-post-87.md","hackaday.com-2021-01-87-some-post-87.md","markdown_10k_clean","https://hackaday.com/2021/01/87/some-post-87","https://hackaday.com/2021/01/87/some-post-87","url_004003","source_url","91_rejected_low_value","91_rejected_low_value\url_004003--hackaday.com-2021-01-87-some-post-87.md","copied","copied_to_category"
"C:\KICAD_SCRAPE\markdown_10k_clean\hackaday.com-2021-01-88-some-post-88.md","hackaday.com-2021-01-88-some-post-88.md","markdown_10k_clean","https://hackaday.com/2021/01/88/some-post-88","https://hackaday.com/2021/01/88/some-post-88","url_004004","source_url","91_rejected_low_value","91_rejected_low_value\url_004004--hackaday.com-2021-01-88-some-post-88.md","copied","copied_to_category"
"C:\KICAD_SCRAPE\markdown_10k_clean\hackaday.com-2021-01-89-some-post-89.md","hackaday.com-2021-01-89-some-post-89.md","markdown_10k_clean","https://hackaday.com/2021/01/89/some-post-89","https://hackaday.com/2021/01/89/some-post-89","url_004005","source_url","91_rejected_low_value","91_rejected_low_value\url_004005--hackaday.com-2021-01-89-some-post-89.md","copied","copied_to_category"
"C:\KICAD_SCRAPE\markdown_10k_clean\hackaday.com-2021-01-90-some-post-90.md","hackaday.com-2021-01-90-some-post-90.md","markdown_10k_clean","https://hackaday.com/2021/01/90/some-post-90","https://hackaday.com/2021/01/90/some-post-90","url_004007","source_url","91_rejected_low_value","91_rejected_low_value\url_004007--hackaday.com-2021-01-90-some-post-90.md","copied","copied_to_category"
"C:\KICAD_SCRAPE\markdown_10k_clean\hackaday.com-2021-01-91-some-post-91.md","hackaday.com-2021-01-91-some-post-91.md","markdown_10k_clean","https://hackaday.com/2021/01/91/some-post-91","https://hackaday.com/2021/01/91/some-post-91","url_004008","source_url","91_rejected_low_value","91_rejected_low_value\url_004008--hackaday.com-2021-01-91-some-post-91.md","copied","copied_to_category"
"C:\KICAD_SCRAPE\markdown_10k_clean\hackaday.com-2021-01-92-some-post-92.md","hackaday.com-2021-01-92-some-post-92.md","markdown_10k_clean","https://hackaday.com/2021/01/92/some-post-92","https://hackaday.com/2021/01/92/some-post-92","url_004009","source_url","91_rejected_low_value","91_rejected_low_value\url_004009--hackaday.com-2021-01-92-some-post-92.md","copied","copied_to_category"
"C:\KICAD_SCRAPE\markdown_10k_clean\hackaday.com-2021-01-93-some-post-93.md","hackaday.com-2021-01-93-some-post-93.md","markdown_10k_clean","https://hackaday.com/2021/01/93/some-post-93","https://hackaday.com/2021/01/93/some-post-93","url_004010","source_url","91_rejected_low_value","91_rejected_low_value\url_004010--hackaday.com-2021-01-93-some-post-93.md","copied","copied_to_category"
"C:\KICAD_SCRAPE\markdown_10k_clean\hackaday.com-2021-01-94-some-post-94.md","hackaday.com-2021-01-94-some-post-94.md","markdown_10k_clean","https://hackaday.com/2021/01/94/some-post-94","https://hackaday.com/2021/01/94/some-post-94","url_004011","source_url","91_rejected_low_value","91_rejected_low_value\url_004011--hackaday.com-2021-01-94-some-post-94.md","copied","copied_to_category"
"C:\KICAD_SCRAPE\markdown_10k_clean\hackaday.com-2021-01-95-some-post-95.md","hackaday.com-2021-01-95-some-post-95.md","markdown_10k_clean","https://hackaday.com/2021/01/95/some-post-95","https://hackaday.com/2021/01/95/some-post-95","url_004012","source_url","91_rejected_low_value","91_rejected_low_value\url_004012--hackaday.com-2021-01-95-some-post-95.md","copied","copied_to_category"
"C:\KICAD_SCRAPE\markdown_10k_clean\hackaday.com-2021-01-96-some-post-96.md","hackaday.com-2021-01-96-some-post-96.md","markdown_10k_clean","https://hackaday.com/2021/01/96/some-post-96","https://hackaday.com/2021/01/96/some-post-96","url_004013","source_url","91_rejected_low_value","91_rejected_low_value\url_004013--hackaday.com-2021-01-96-some-post-96.md","copied","copied_to_category"
"C:\KICAD_SCRAPE\markdown_10k_clean\hackaday.com-2021-01-97-some-post-97.md","hackaday.com-2021-01-97-some-post-97.md","markdown_10k_clean","https://hackaday.com/2021/01/97/some-post-97","https://hackaday.com/2021/01/97/some-post-97","url_004014","source_url","91_rejected_low_value","91_rejected_low_value\url_004014--hackaday.com-2021-01-97-some-post-97.md","copied","copied_to_category"
"C:\KICAD_SCRAPE\markdown_10k_clean\hackaday.com-2021-01-98-some-post-98.md","hackaday.com-2021-01-98-some-post-98.md","markdown_10k_clean","https://hackaday.com/2021/01/98/some-post-98","https://hackaday.com/2021/01/98/some-post-98","url_004015","source_url","91_rejected_low_value","91_rejected_low_value\url_004015--hackaday.com-2021-01-98-some-post-98.md","copied","copied_to_category"
"C:\KICAD_SCRAPE\markdown_10k_clean\hackaday.com-2021-01-99-some-post-99.md","hackaday.com-2021-01-99-some-post-99.md","markdown_10k_clean","https://hackaday.com/2021/01/99/some-post-99","https://hackaday.com/2021/01/99/some-post-99","url_004016","source_url","91_rejected_low_value","91_rejected_low_value\url_004016--hackaday.com-2021-01-99-some-post-99.md","copied","copied_to_category"
"C:\KICAD_SCRAPE\markdown_10k_clean\hackaday.com-2023-03-32-project-32.md","hackaday.com-2023-03-32-project-32.md","markdown_10k_clean","https://hackaday.com/2023/03/32/project-32","https://hackaday.com/2023/03/32/project-32","url_004262","source_url","91_rejected_low_value","91_rejected_low_value\url_004262--hackaday.com-2023-03-32-project-32.md","copied","copied_to_category"
"C:\KICAD_SCRAPE\markdown_10k_clean\hackaday.com-2023-03-33-project-33.md","hackaday.com-2023-03-33-project-33.md","markdown_10k_clean","https://hackaday.com/2023/03/33/project-33","https://hackaday.com/2023/03/33/project-33","url_004273","source_url","91_rejected_low_value","91_rejected_low_value\url_004273--hackaday.com-2023-03-33-project-33.md","copied","copied_to_category"
"C:\KICAD_SCRAPE\markdown_10k_clean\hackaday.com-2023-03-34-project-34.md","hackaday.com-2023-03-34-project-34.md","markdown_10k_clean","https://hackaday.com/2023/03/34/project-34","https://hackaday.com/2023/03/34/project-34","url_004284","source_url","91_rejected_low_value","91_rejected_low_value\url_004284--hackaday.com-2023-03-34-project-34.md","copied","copied_to_category"
"C:\KICAD_SCRAPE\markdown_10k_clean\hackaday.com-2023-03-35-project-35.md","hackaday.com-2023-03-35-project-35.md","markdown_10k_clean","https://hackaday.com/2023/03/35/project-35","https://hackaday.com/2023/03/35/project-35","url_004295","source_url","91_rejected_low_value","91_rejected_low_value\url_004295--hackaday.com-2023-03-35-project-35.md","copied","copied_to_category"
"C:\KICAD_SCRAPE\markdown_10k_clean\hackaday.com-2023-03-36-project-36.md","hackaday.com-2023-03-36-project-36.md","markdown_10k_clean","https://hackaday.com/2023/03/36/project-36","https://hackaday.com/2023/03/36/project-36","url_004306","source_url","91_rejected_low_value","91_rejected_low_value\url_004306--hackaday.com-2023-03-36-project-36.md","copied","copied_to_category"
"C:\KICAD_SCRAPE\markdown_10k_clean\hackaday.com-2023-03-37-project-37.md","hackaday.com-2023-03-37-project-37.md","markdown_10k_clean","https://hackaday.com/2023/03/37/project-37","https://hackaday.com/2023/03/37/project-37","url_004317","source_url","91_rejected_low_value","91_rejected_low_value\url_004317--hackaday.com-2023-03-37-project-37.md","copied","copied_to_category"
"C:\KICAD_SCRAPE\markdown_10k_clean\hackaday.com-2023-03-38-project-38.md","hackaday.com-2023-03-38-project-38.md","markdown_10k_clean","https://hackaday.com/2023/03/38/project-38","https://hackaday.com/2023/03/38/project-38","url_004328","source_url","91_rejected_low_value","91_rejected_low_value\url_004328--hackaday.com-2023-03-38-project-38.md","copied","copied_to_category"
"C:\KICAD_SCRAPE\markdown_10k_clean\hackaday.com-2023-03-39-project-39.md","hackaday.com-2023-03-39-project-39.md","markdown_10k_clean","https://hackaday.com/2023/03/39/project-39","https://hackaday.com/2023/03/39/project-39","url_004339","source_url","91_rejected_low_value","91_rejected_low_value\url_004339--hackaday.com-2023-03-39-project-39.md","copied","copied_to_category"
"C:\KICAD_SCRAPE\markdown_10k_clean\hackaday.com-2023-03-40-project-40.md","hackaday.com-2023-03-40-project-40.md","markdown_10k_clean","https://hackaday.com/2023/03/40/project-40","https://hackaday.com/2023/03/40/project-40","url_004351","source_url","91_rejected_low_value","91_rejected_low_value\url_004351--hackaday.com-2023-03-40-project-40.md","copied","copied_to_category"
"C:\KICAD_SCRAPE\markdown_10k_clean\hackaday.com-2023-03-41-project-41.md","hackaday.com-2023-03-41-project-41.md","markdown_10k_clean","https://hackaday.com/2023/03/41/project-41","https://hackaday.com/2023/03/41/project-41","url_004362","source_url","91_rejected_low_value","91_rejected_low_value\url_004362--hackaday.com-2023-03-41-project-41.md","copied","copied_to_category"
"C:\KICAD_SCRAPE\markdown_10k_clean\hackaday.com-2023-03-42-project-42.md","hackaday.com-2023-03-42-project-42.md","markdown_10k_clean","https://hackaday.com/2023/03/42/project-42","https://hackaday.com/2023/03/42/project-42","url_004373","source_url","91_rejected_low_value","91_rejected_low_value\url_004373--hackaday.com-2023-03-42-project-42.md","copied","copied_to_category"
"C:\KICAD_SCRAPE\markdown_10k_clean\hackaday.com-2023-03-43-project-43.md","hackaday.com-2023-03-43-project-43.md","markdown_10k_clean","https://hackaday.com/2023/03/43/project-43","https://hackaday.com/2023/03/43/project-43","url_004384","source_url","91_rejected_low_value","91_rejected_low_value\url_004384--hackaday.com-2023-03-43-project-43.md","copied","copied_to_category"
"C:\KICAD_SCRAPE\markdown_10k_clean\hackaday.com-2023-03-44-project-44.md","hackaday.com-2023-03-44-project-44.md","markdown_10k_clean","https://hackaday.com/2023/03/44/project-44","https://hackaday.com/2023/03/44/project-44","url_004395","source_url","91_rejected_low_value","91_rejected_low_value\url_004395--hackaday.com-2023-03-44-project-44.md","copied","copied_to_category"
"C:\KICAD_SCRAPE\markdown_10k_clean\hackaday.com-2023-03-45-project-45.md","hackaday.com-2023-03-45-project-45.md","markdown_10k_clean","https://hackaday.com/2023/03/45/project-45","https://hackaday.com/2023/03/45/project-45","url_004406","source_url","91_rejected_low_value","91_rejected_low_value\url_004406--hackaday.com-2023-03-45-project-45.md","copied","copied_to_category"
"C:\KICAD_SCRAPE\markdown_10k_clean\hackaday.com-2023-03-46-project-46.md","hackaday.com-2023-03-46-project-46.md","markdown_10k_clean","https://hackaday.com/2023/03/46/project-46","https://hackaday.com/2023/03/46/project-46","url_004417","source_url","91_rejected_low_value","91_rejected_low_value\url_004417--hackaday.com-2023-03-46-project-46.md","copied","copied_to_category"
"C:\KICAD_SCRAPE\markdown_10k_clean\hackaday.com-2023-03-47-project-47.md","hackaday.com-2023-03-47-project-47.md","markdown_10k_clean","https://hackaday.com/2023/03/47/project-47","https://hackaday.com/2023/03/47/project-47","url_004428","source_url","91_rejected_low_value","91_rejected_low_value\url_004428--hackaday.com-2023-03-47-project-47.md","copied","copied_to_category"
"C:\KICAD_SCRAPE\markdown_10k_clean\hackaday.com-2023-03-48-project-48.md","hackaday.com-2023-03-48-project-48.md","markdown_10k_clean","https://hackaday.com/2023/03/48/project-48","https://hackaday.com/2023/03/48/project-48","url_004439","source_url","91_rejected_low_value","91_rejected_low_value\url_004439--hackaday.com-2023-03-48-project-48.md","copied","copied_to_category"
"C:\KICAD_SCRAPE\markdown_10k_clean\hackaday.com-2023-03-49-project-49.md","hackaday.com-2023-03-49-project-49.md","markdown_10k_clean","https://hackaday.com/2023/03/49/project-49","https://hackaday.com/2023/03/49/project-49","url_004450","source_url","91_rejected_low_value","91_rejected_low_value\url_004450--hackaday.com-2023-03-49-project-49.md","copied","copied_to_category"
"C:\KICAD_SCRAPE\markdown_10k_clean\hackaday.com-2023-03-50-project-50.md","hackaday.com-2023-03-50-project-50.md","markdown_10k_clean","https://hackaday.com/2023/03/50/project-50","https://hackaday.com/2023/03/50/project-50","url_004462","source_url","91_rejected_low_value","91_rejected_low_value\url_004462--hackaday.com-2023-03-50-project-50.md","copied","copied_to_category"
"C:\KICAD_SCRAPE\markdown_10k_clean\hackaday.com-2023-03-51-project-51.md","hackaday.com-2023-03-51-project-51.md","markdown_10k_clean","https://hackaday.com/2023/03/51/project-51","https://hackaday.com/2023/03/51/project-51","url_004464","source_url","91_rejected_low_value","91_rejected_low_value\url_004464--hackaday.com-2023-03-51-project-51.md","copied","copied_to_category"
"C:\KICAD_SCRAPE\markdown_10k_clean\hackaday.com-2023-03-52-project-52.md","hackaday.com-2023-03-52-project-52.md","markdown_10k_clean","https://hackaday.com/2023/03/52/project-52","https://hackaday.com/2023/03/52/project-52","url_004465","source_url","91_rejected_low_value","91_rejected_low_value\url_004465--hackaday.com-2023-03-52-project-52.md","copied","copied_to_category"
"C:\KICAD_SCRAPE\markdown_10k_clean\hackaday.com-2023-03-53-project-53.md","hackaday.com-2023-03-53-project-53.md","markdown_10k_clean","https://hackaday.com/2023/03/53/project-53","https://hackaday.com/2023/03/53/project-53","url_004466","source_url","91_rejected_low_value","91_rejected_low_value\url_004466--hackaday.com-2023-03-53-project-53.md","copied","copied_to_category"
"C:\KICAD_SCRAPE\markdown_10k_clean\hackaday.com-2023-03-54-project-54.md","hackaday.com-2023-03-54-project-54.md","markdown_10k_clean","https://hackaday.com/2023/03/54/project-54","https://hackaday.com/2023/03/54/project-54","url_004467","source_url","91_rejected_low_value","91_rejected_low_value\url_004467--hackaday.com-2023-03-54-project-54.md","copied","copied_to_category"
"C:\KICAD_SCRAPE\markdown_10k_clean\hackaday.com-2023-03-55-project-55.md","hackaday.com-2023-03-55-project-55.md","markdown_10k_clean","https://hackaday.com/2023/03/55/project-55","https://hackaday.com/2023/03/55/project-55","url_004468","source_url","91_rejected_low_value","91_rejected_low_value\url_004468--hackaday.com-2023-03-55-project-55.md","copied","copied_to_category"
"C:\KICAD_SCRAPE\markdown_10k_clean\hackaday.com-2023-03-56-project-56.md","hackaday.com-2023-03-56-project-56.md","markdown_10k_clean","https://hackaday.com/2023/03/56/project-56","https://hackaday.com/2023/03/56/project-56","url_004469","source_url","91_rejected_low_value","91_rejected_low_value\url_004469--hackaday.com-2023-03-56-project-56.md","copied","copied_to_category"
"C:\KICAD_SCRAPE\markdown_10k_clean\hackaday.com-2023-03-57-project-57.md","hackaday.com-2023-03-57-project-57.md","markdown_10k_clean","https://hackaday.com/2023/03/57/project-57","https://hackaday.com/2023/03/57/project-57","url_004470","source_url","91_rejected_low_value","91_rejected_low_value\url_004470--hackaday.com-2023-03-57-project-57.md","copied","copied_to_category"
"C:\KICAD_SCRAPE\markdown_10k_clean\hackaday.com-2023-03-58-project-58.md","hackaday.com-2023-03-58-project-58.md","markdown_10k_clean","https://hackaday.com/2023/03/58/project-58","https://hackaday.com/2023/03/58/project-58","url_004471","source_url","91_rejected_low_value","91_rejected_low_value\url_004471--hackaday.com-2023-03-58-project-58.md","copied","copied_to_category"
"C:\KICAD_SCRAPE\markdown_10k_clean\hackaday.com-2023-03-59-project-59.md","hackaday.com-2023-03-59-project-59.md","markdown_10k_clean","https://hackaday.com/2023/03/59/project-59","https://hackaday.com/2023/03/59/project-59","url_004472","source_url","91_rejected_low_value","91_rejected_low_value\url_004472--hackaday.com-2023-03-59-project-59.md","copied","copied_to_category"
"C:\KICAD_SCRAPE\markdown_10k_clean\hackaday.com-2023-03-60-project-60.md","hackaday.com-2023-03-60-project-60.md","markdown_10k_clean","https://hackaday.com/2023/03/60/project-60","https://hackaday.com/2023/03/60/project-60","url_004474","source_url","91_rejected_low_value","91_rejected_low_value\url_004474--hackaday.com-2023-03-60-project-60.md","copied","copied_to_category"
"C:\KICAD_SCRAPE\markdown_10k_clean\hackaday.com-2023-03-61-project-61.md","hackaday.com-2023-03-61-project-61.md","markdown_10k_clean","https://hackaday.com/2023/03/61/project-61","https://hackaday.com/2023/03/61/project-61","url_004475","source_url","91_rejected_low_value","91_rejected_low_value\url_004475--hackaday.com-2023-03-61-project-61.md","copied","copied_to_category"
"C:\KICAD_SCRAPE\markdown_10k_clean\hackaday.com-2023-03-62-project-62.md","hackaday.com-2023-03-62-project-62.md","markdown_10k_clean","https://hackaday.com/2023/03/62/project-62","https://hackaday.com/2023/03/62/project-62","url_004476","source_url","91_rejected_low_value","91_rejected_low_value\url_004476--hackaday.com-2023-03-62-project-62.md","copied","copied_to_category"
"C:\KICAD_SCRAPE\markdown_10k_clean\hackaday.com-2023-03-63-project-63.md","hackaday.com-2023-03-63-project-63.md","markdown_10k_clean","https://hackaday.com/2023/03/63/project-63","https://hackaday.com/2023/03/63/project-63","url_004477","source_url","91_rejected_low_value","91_rejected_low_value\url_004477--hackaday.com-2023-03-63-project-63.md","copied","copied_to_category"
"C:\KICAD_SCRAPE\markdown_10k_clean\hackaday.com-2023-03-64-project-64.md","hackaday.com-2023-03-64-project-64.md","markdown_10k_clean","https://hackaday.com/2023/03/64/project-64","https://hackaday.com/2023/03/64/project-64","url_004478","source_url","91_rejected_low_value","91_rejected_low_value\url_004478--hackaday.com-2023-03-64-project-64.md","copied","copied_to_category"
"C:\KICAD_SCRAPE\markdown_10k_clean\hackaday.com-2023-03-65-project-65.md","hackaday.com-2023-03-65-project-65.md","markdown_10k_clean","https://hackaday.com/2023/03/65/project-65","https://hackaday.com/2023/03/65/project-65","url_004479","source_url","91_rejected_low_value","91_rejected_low_value\url_004479--hackaday.com-2023-03-65-project-65.md","copied","copied_to_category"
"C:\KICAD_SCRAPE\markdown_10k_clean\hackaday.com-2023-03-66-project-66.md","hackaday.com-2023-03-66-project-66.md","markdown_10k_clean","https://hackaday.com/2023/03/66/project-66","https://hackaday.com/2023/03/66/project-66","url_004480","source_url","91_rejected_low_value","91_rejected_low_value\url_004480--hackaday.com-2023-03-66-project-66.md","copied","copied_to_category"
"C:\KICAD_SCRAPE\markdown_10k_clean\hackaday.com-2023-03-67-project-67.md","hackaday.com-2023-03-67-project-67.md","markdown_10k_clean","https://hackaday.com/2023/03/67/project-67","https://hackaday.com/2023/03/67/project-67","url_004481","source_url","91_rejected_low_value","91_rejected_low_value\url_004481--hackaday.com-2023-03-67-project-67.md","copied","copied_to_category"
"C:\KICAD_SCRAPE\markdown_10k_clean\hackaday.com-2023-03-68-project-68.md","hackaday.com-2023-03-68-project-68.md","markdown_10k_clean","https://hackaday.com/2023/03/68/project-68","https://hackaday.com/2023/03/68/project-68","url_004482","source_url","91_rejected_low_value","91_rejected_low_value\url_004482--hackaday.com-2023-03-68-project-68.md","copied","copied_to_category"
"C:\KICAD_SCRAPE\markdown_10k_clean\hackaday.com-2023-03-69-project-69.md","hackaday.com-2023-03-69-project-69.md","markdown_10k_clean","https://hackaday.com/2023/03/69/project-69","https://hackaday.com/2023/03/69/project-69","url_004483","source_url","91_rejected_low_value","91_rejected_low_value\url_004483--hackaday.com-2023-03-69-project-69.md","copied","copied_to_category"
"C:\KICAD_SCRAPE\markdown_10k_clean\hackaday.com-2023-03-70-project-70.md","hackaday.com-2023-03-70-project-70.md","markdown_10k_clean","https://hackaday.com/2023/03/70/project-70","https://hackaday.com/2023/03/70/project-70","url_004485","source_url","91_rejected_low_value","91_rejected_low_value\url_004485--hackaday.com-2023-03-70-project-70.md","copied","copied_to_category"
"C:\KICAD_SCRAPE\markdown_10k_clean\hackaday.com-2023-03-71-project-71.md","hackaday.com-2023-03-71-project-71.md","markdown_10k_clean","https://hackaday.com/2023/03/71/project-71","https://hackaday.com/2023/03/71/project-71","url_004486","source_url","91_rejected_low_value","91_rejected_low_value\url_004486--hackaday.com-2023-03-71-project-71.md","copied","copied_to_category"
"C:\KICAD_SCRAPE\markdown_10k_clean\hackaday.com-2023-03-72-project-72.md","hackaday.com-2023-03-72-project-72.md","markdown_10k_clean","https://hackaday.com/2023/03/72/project-72","https://hackaday.com/2023/03/72/project-72","url_004487","source_url","91_rejected_low_value","91_rejected_low_value\url_004487--hackaday.com-2023-03-72-project-72.md","copied","copied_to_category"
"C:\KICAD_SCRAPE\markdown_10k_clean\hackaday.com-2023-03-73-project-73.md","hackaday.com-2023-03-73-project-73.md","markdown_10k_clean","https://hackaday.com/2023/03/73/project-73","https://hackaday.com/2023/03/73/project-73","url_004488","source_url","91_rejected_low_value","91_rejected_low_value\url_004488--hackaday.com-2023-03-73-project-73.md","copied","copied_to_category"
"C:\KICAD_SCRAPE\markdown_10k_clean\hackaday.com-2023-03-74-project-74.md","hackaday.com-2023-03-74-project-74.md","markdown_10k_clean","https://hackaday.com/2023/03/74/project-74","https://hackaday.com/2023/03/74/project-74","url_004489","source_url","91_rejected_low_value","91_rejected_low_value\url_004489--hackaday.com-2023-03-74-project-74.md","copied","copied_to_category"
"C:\KICAD_SCRAPE\markdown_10k_clean\hackaday.com-2023-03-75-project-75.md","hackaday.com-2023-03-75-project-75.md","markdown_10k_clean","https://hackaday.com/2023/03/75/project-75","https://hackaday.com/2023/03/75/project-75","url_004490","source_url","91_rejected_low_value","91_rejected_low_value\url_004490--hackaday.com-2023-03-75-project-75.md","copied","copied_to_category"
"C:\KICAD_SCRAPE\markdown_10k_clean\hackaday.com-2023-03-76-project-76.md","hackaday.com-2023-03-76-project-76.md","markdown_10k_clean","https://hackaday.com/2023/03/76/project-76","https://hackaday.com/2023/03/76/project-76","url_004491","source_url","91_rejected_low_value","91_rejected_low_value\url_004491--hackaday.com-2023-03-76-project-76.md","copied","copied_to_category"
"C:\KICAD_SCRAPE\markdown_10k_clean\hackaday.com-2023-03-77-project-77.md","hackaday.com-2023-03-77-project-77.md","markdown_10k_clean","https://hackaday.com/2023/03/77/project-77","https://hackaday.com/2023/03/77/project-77","url_004492","source_url","91_rejected_low_value","91_rejected_low_value\url_004492--hackaday.com-2023-03-77-project-77.md","copied","copied_to_category"
"C:\KICAD_SCRAPE\markdown_10k_clean\hackaday.com-2023-03-78-project-78.md","hackaday.com-2023-03-78-project-78.md","markdown_10k_clean","https://hackaday.com/2023/03/78/project-78","https://hackaday.com/2023/03/78/project-78","url_004493","source_url","91_rejected_low_value","91_rejected_low_value\url_004493--hackaday.com-2023-03-78-project-78.md","copied","copied_to_category"
"C:\KICAD_SCRAPE\markdown_10k_clean\hackaday.com-2023-03-79-project-79.md","hackaday.com-2023-03-79-project-79.md","markdown_10k_clean","https://hackaday.com/2023/03/79/project-79","https://hackaday.com/2023/03/79/project-79","url_004494","source_url","91_rejected_low_value","91_rejected_low_value\url_004494--hackaday.com-2023-03-79-project-79.md","copied","copied_to_category"
"C:\KICAD_SCRAPE\markdown_10k_clean\hackaday.com-2023-03-80-project-80.md","hackaday.com-2023-03-80-project-80.md","markdown_10k_clean","https://hackaday.com/2023/03/80/project-80","https://hackaday.com/2023/03/80/project-80","url_004496","source_url","91_rejected_low_value","91_rejected_low_value\url_004496--hackaday.com-2023-03-80-project-80.md","copied","copied_to_category"
"C:\KICAD_SCRAPE\markdown_10k_clean\hackaday.com-2023-03-81-project-81.md","hackaday.com-2023-03-81-project-81.md","markdown_10k_clean","https://hackaday.com/2023/03/81/project-81","https://hackaday.com/2023/03/81/project-81","url_004497","source_url","91_rejected_low_value","91_rejected_low_value\url_004497--hackaday.com-2023-03-81-project-81.md","copied","copied_to_category"
"C:\KICAD_SCRAPE\markdown_10k_clean\hackaday.com-2023-03-82-project-82.md","hackaday.com-2023-03-82-project-82.md","markdown_10k_clean","https://hackaday.com/2023/03/82/project-82","https://hackaday.com/2023/03/82/project-82","url_004498","source_url","91_rejected_low_value","91_rejected_low_value\url_004498--hackaday.com-2023-03-82-project-82.md","copied","copied_to_category"
"C:\KICAD_SCRAPE\markdown_10k_clean\hackaday.com-2023-03-83-project-83.md","hackaday.com-2023-03-83-project-83.md","markdown_10k_clean","https://hackaday.com/2023/03/83/project-83","https://hackaday.com/2023/03/83/project-83","url_004499","source_url","91_rejected_low_value","91_rejected_low_value\url_004499--hackaday.com-2023-03-83-project-83.md","copied","copied_to_category"
"C:\KICAD_SCRAPE\markdown_10k_clean\hackaday.com-2023-03-84-project-84.md","hackaday.com-2023-03-84-project-84.md","markdown_10k_clean","https://hackaday.com/2023/03/84/project-84","https://hackaday.com/2023/03/84/project-84","url_004500","source_url","91_rejected_low_value","91_rejected_low_value\url_004500--hackaday.com-2023-03-84-project-84.md","copied","copied_to_category"
"C:\KICAD_SCRAPE\markdown_10k_clean\hackaday.com-2023-03-85-project-85.md","hackaday.com-2023-03-85-project-85.md","markdown_10k_clean","https://hackaday.com/2023/03/85/project-85","https://hackaday.com/2023/03/85/project-85","url_004501","source_url","91_rejected_low_value","91_rejected_low_value\url_004501--hackaday.com-2023-03-85-project-85.md","copied","copied_to_category"
"C:\KICAD_SCRAPE\markdown_10k_clean\hackaday.com-2023-03-86-project-86.md","hackaday.com-2023-03-86-project-86.md","markdown_10k_clean","https://hackaday.com/2023/03/86/project-86","https://hackaday.com/2023/03/86/project-86","url_004502","source_url","91_rejected_low_value","91_rejected_low_value\url_004502--hackaday.com-2023-03-86-project-86.md","copied","copied_to_category"
"C:\KICAD_SCRAPE\markdown_10k_clean\hackaday.com-2023-03-87-project-87.md","hackaday.com-2023-03-87-project-87.md","markdown_10k_clean","https://hackaday.com/2023/03/87/project-87","https://hackaday.com/2023/03/87/project-87","url_004503","source_url","91_rejected_low_value","91_rejected_low_value\url_004503--hackaday.com-2023-03-87-project-87.md","copied","copied_to_category"
"C:\KICAD_SCRAPE\markdown_10k_clean\hackaday.com-2023-03-88-project-88.md","hackaday.com-2023-03-88-project-88.md","markdown_10k_clean","https://hackaday.com/2023/03/88/project-88","https://hackaday.com/2023/03/88/project-88","url_004504","source_url","91_rejected_low_value","91_rejected_low_value\url_004504--hackaday.com-2023-03-88-project-88.md","copied","copied_to_category"
"C:\KICAD_SCRAPE\markdown_10k_clean\hackaday.com-2023-03-89-project-89.md","hackaday.com-2023-03-89-project-89.md","markdown_10k_clean","https://hackaday.com/2023/03/89/project-89","https://hackaday.com/2023/03/89/project-89","url_004505","source_url","91_rejected_low_value","91_rejected_low_value\url_004505--hackaday.com-2023-03-89-project-89.md","copied","copied_to_category"
"C:\KICAD_SCRAPE\markdown_10k_clean\hackaday.com-2023-03-90-project-90.md","hackaday.com-2023-03-90-project-90.md","markdown_10k_clean","https://hackaday.com/2023/03/90/project-90","https://hackaday.com/2023/03/90/project-90","url_004507","source_url","91_rejected_low_value","91_rejected_low_value\url_004507--hackaday.com-2023-03-90-project-90.md","copied","copied_to_category"
"C:\KICAD_SCRAPE\markdown_10k_clean\hackaday.com-2023-03-91-project-91.md","hackaday.com-2023-03-91-project-91.md","markdown_10k_clean","https://hackaday.com/2023/03/91/project-91","https://hackaday.com/2023/03/91/project-91","url_004508","source_url","91_rejected_low_value","91_rejected_low_value\url_004508--hackaday.com-2023-03-91-project-91.md","copied","copied_to_category"
"C:\KICAD_SCRAPE\markdown_10k_clean\hackaday.com-2023-03-92-project-92.md","hackaday.com-2023-03-92-project-92.md","markdown_10k_clean","https://hackaday.com/2023/03/92/project-92","https://hackaday.com/2023/03/92/project-92","url_004509","source_url","91_rejected_low_value","91_rejected_low_value\url_004509--hackaday.com-2023-03-92-project-92.md","copied","copied_to_category"
"C:\KICAD_SCRAPE\markdown_10k_clean\hackaday.com-2023-03-93-project-93.md","hackaday.com-2023-03-93-project-93.md","markdown_10k_clean","https://hackaday.com/2023/03/93/project-93","https://hackaday.com/2023/03/93/project-93","url_004510","source_url","91_rejected_low_value","91_rejected_low_value\url_004510--hackaday.com-2023-03-93-project-93.md","copied","copied_to_category"
"C:\KICAD_SCRAPE\markdown_10k_clean\hackaday.com-2023-03-94-project-94.md","hackaday.com-2023-03-94-project-94.md","markdown_10k_clean","https://hackaday.com/2023/03/94/project-94","https://hackaday.com/2023/03/94/project-94","url_004511","source_url","91_rejected_low_value","91_rejected_low_value\url_004511--hackaday.com-2023-03-94-project-94.md","copied","copied_to_category"
"C:\KICAD_SCRAPE\markdown_10k_clean\hackaday.com-2023-03-95-project-95.md","hackaday.com-2023-03-95-project-95.md","markdown_10k_clean","https://hackaday.com/2023/03/95/project-95","https://hackaday.com/2023/03/95/project-95","url_004512","source_url","91_rejected_low_value","91_rejected_low_value\url_004512--hackaday.com-2023-03-95-project-95.md","copied","copied_to_category"
"C:\KICAD_SCRAPE\markdown_10k_clean\hackaday.com-2023-03-96-project-96.md","hackaday.com-2023-03-96-project-96.md","markdown_10k_clean","https://hackaday.com/2023/03/96/project-96","https://hackaday.com/2023/03/96/project-96","url_004513","source_url","91_rejected_low_value","91_rejected_low_value\url_004513--hackaday.com-2023-03-96-project-96.md","copied","copied_to_category"
"C:\KICAD_SCRAPE\markdown_10k_clean\hackaday.com-2023-03-97-project-97.md","hackaday.com-2023-03-97-project-97.md","markdown_10k_clean","https://hackaday.com/2023/03/97/project-97","https://hackaday.com/2023/03/97/project-97","url_004514","source_url","91_rejected_low_value","91_rejected_low_value\url_004514--hackaday.com-2023-03-97-project-97.md","copied","copied_to_category"
"C:\KICAD_SCRAPE\markdown_10k_clean\hackaday.com-2023-03-98-project-98.md","hackaday.com-2023-03-98-project-98.md","markdown_10k_clean","https://hackaday.com/2023/03/98/project-98","https://hackaday.com/2023/03/98/project-98","url_004515","source_url","91_rejected_low_value","91_rejected_low_value\url_004515--hackaday.com-2023-03-98-project-98.md","copied","copied_to_category"
"C:\KICAD_SCRAPE\markdown_10k_clean\hackaday.com-2023-03-99-project-99.md","hackaday.com-2023-03-99-project-99.md","markdown_10k_clean","https://hackaday.com/2023/03/99/project-99","https://hackaday.com/2023/03/99/project-99","url_004516","source_url","91_rejected_low_value","91_rejected_low_value\url_004516--hackaday.com-2023-03-99-project-99.md","copied","copied_to_category"
"C:\KICAD_SCRAPE\markdown_url2_clean\4pcb.com-pcb-capabilities.html.md","4pcb.com-pcb-capabilities.html.md","markdown_url2_clean","https://www.4pcb.com/pcb-capabilities.html","https://www.4pcb.com/pcb-capabilities.html","url_005857","source_url","11_calculators_ipc_reference","11_calculators_ipc_reference\url_005857--4pcb.com-pcb-capabilities.html.md","copied","copied_to_category"
"C:\KICAD_SCRAPE\markdown_url2_clean\4pcb.com-pcb-design-checklist.html.md","4pcb.com-pcb-design-checklist.html.md","markdown_url2_clean","https://www.4pcb.com/pcb-design-checklist.html","https://www.4pcb.com/pcb-design-checklist.html","url_005858","source_url","11_calculators_ipc_reference","11_calculators_ipc_reference\url_005858--4pcb.com-pcb-design-checklist.html.md","copied","copied_to_category"
"C:\KICAD_SCRAPE\markdown_url2_clean\4pcb.com-pcb-design-guidelines.md","4pcb.com-pcb-design-guidelines.md","markdown_url2_clean","https://www.4pcb.com/pcb-design-guidelines/","https://www.4pcb.com/pcb-design-guidelines","url_005859","source_url","11_calculators_ipc_reference","11_calculators_ipc_reference\url_005859--4pcb.com-pcb-design-guidelines.md","copied","copied_to_category"
"C:\KICAD_SCRAPE\markdown_url2_clean\4pcb.com-printed-circuit-board-stackups.html.md","4pcb.com-printed-circuit-board-stackups.html.md","markdown_url2_clean","https://www.4pcb.com/printed-circuit-board-stackups.html","https://www.4pcb.com/printed-circuit-board-stackups.html","url_005860","source_url","11_calculators_ipc_reference","11_calculators_ipc_reference\url_005860--4pcb.com-printed-circuit-board-stackups.html.md","copied","copied_to_category"
"C:\KICAD_SCRAPE\markdown_url2_clean\4pcb.com-trace-width-calculator.html.md","4pcb.com-trace-width-calculator.html.md","markdown_url2_clean","https://www.4pcb.com/trace-width-calculator.html","https://www.4pcb.com/trace-width-calculator.html","url_005861","source_url","11_calculators_ipc_reference","11_calculators_ipc_reference\url_005861--4pcb.com-trace-width-calculator.html.md","copied","copied_to_category"
"C:\KICAD_SCRAPE\markdown_url2_clean\app.ultralibrarian.com-content-help-kicad-6_0.htm.md","app.ultralibrarian.com-content-help-kicad-6_0.htm.md","markdown_url2_clean","https://app.ultralibrarian.com/content/help/kicad-6_0.htm","https://app.ultralibrarian.com/content/help/kicad-6_0.htm","url_000003","source_url","91_rejected_low_value","91_rejected_low_value\url_000003--app.ultralibrarian.com-content-help-kicad-6_0.htm.md","copied","copied_to_category"
"C:\KICAD_SCRAPE\markdown_url2_clean\autodesk.com-products-fusion-360-blog-differential-pair-routing.md","autodesk.com-products-fusion-360-blog-differential-pair-routing.md","markdown_url2_clean","https://www.autodesk.com/products/fusion-360/blog/differential-pair-routing/","https://www.autodesk.com/products/fusion-360/blog/differential-pair-routing","url_006096","source_url","91_rejected_low_value","91_rejected_low_value\url_006096--autodesk.com-products-fusion-360-blog-differential-pair-routing.md","copied","copied_to_category"
"C:\KICAD_SCRAPE\markdown_url2_clean\autodesk.com-products-fusion-360-blog-high-speed-pcb-design.md","autodesk.com-products-fusion-360-blog-high-speed-pcb-design.md","markdown_url2_clean","https://www.autodesk.com/products/fusion-360/blog/high-speed-pcb-design/","https://www.autodesk.com/products/fusion-360/blog/high-speed-pcb-design","url_006097","source_url","11_calculators_ipc_reference","11_calculators_ipc_reference\url_006097--autodesk.com-products-fusion-360-blog-high-speed-pcb-design.md","copied","copied_to_category"
"C:\KICAD_SCRAPE\markdown_url2_clean\bourns.com-products-circuit-protection-multifuse-pptc-resettable-fuses.md","bourns.com-products-circuit-protection-multifuse-pptc-resettable-fuses.md","markdown_url2_clean","https://www.bourns.com/products/circuit-protection/multifuse-pptc-resettable-fuses","https://www.bourns.com/products/circuit-protection/multifuse-pptc-resettable-fuses","url_006103","source_url","91_rejected_low_value","91_rejected_low_value\url_006103--bourns.com-products-circuit-protection-multifuse-pptc-resettable-fuses.md","copied","copied_to_category"
"C:\KICAD_SCRAPE\markdown_url2_clean\bourns.com-products-diodes-esd-protection-diodes.md","bourns.com-products-diodes-esd-protection-diodes.md","markdown_url2_clean","https://www.bourns.com/products/diodes/esd-protection-diodes","https://www.bourns.com/products/diodes/esd-protection-diodes","url_006104","source_url","91_rejected_low_value","91_rejected_low_value\url_006104--bourns.com-products-diodes-esd-protection-diodes.md","copied","copied_to_category"
"C:\KICAD_SCRAPE\markdown_url2_clean\dev-docs.kicad.org-en-addons-index.html.md","dev-docs.kicad.org-en-addons-index.html.md","markdown_url2_clean","https://dev-docs.kicad.org/en/addons/index.html","https://dev-docs.kicad.org/en/addons/index.html","url_000010","source_url","02_kicad_python_api","02_kicad_python_api\url_000010--dev-docs.kicad.org-en-addons-index.html.md","copied","copied_to_category"
"C:\KICAD_SCRAPE\markdown_url2_clean\dev-docs.kicad.org-en-apis-and-binding-index.html.md","dev-docs.kicad.org-en-apis-and-binding-index.html.md","markdown_url2_clean","https://dev-docs.kicad.org/en/apis-and-binding/index.html","https://dev-docs.kicad.org/en/apis-and-binding/index.html","url_000011","source_url","02_kicad_python_api","02_kicad_python_api\url_000011--dev-docs.kicad.org-en-apis-and-binding-index.html.md","copied","copied_to_category"
"C:\KICAD_SCRAPE\markdown_url2_clean\dev-docs.kicad.org-en-apis-and-binding-ipc-api-for-addon-developers-index.html.md","dev-docs.kicad.org-en-apis-and-binding-ipc-api-for-addon-developers-index.html.md","markdown_url2_clean","https://dev-docs.kicad.org/en/apis-and-binding/ipc-api/for-addon-developers/index.html","https://dev-docs.kicad.org/en/apis-and-binding/ipc-api/for-addon-developers/index.html","url_000012","source_url","02_kicad_python_api","02_kicad_python_api\url_000012--dev-docs.kicad.org-en-apis-and-binding-ipc-api-for-addon-developers-index.html.md","copied","copied_to_category"
"C:\KICAD_SCRAPE\markdown_url2_clean\dev-docs.kicad.org-en-apis-and-binding-ipc-api-for-kicad-developers-index.html.md","dev-docs.kicad.org-en-apis-and-binding-ipc-api-for-kicad-developers-index.html.md","markdown_url2_clean","https://dev-docs.kicad.org/en/apis-and-binding/ipc-api/for-kicad-developers/index.html","https://dev-docs.kicad.org/en/apis-and-binding/ipc-api/for-kicad-developers/index.html","url_000013","source_url","02_kicad_python_api","02_kicad_python_api\url_000013--dev-docs.kicad.org-en-apis-and-binding-ipc-api-for-kicad-developers-index.html.md","copied","copied_to_category"
"C:\KICAD_SCRAPE\markdown_url2_clean\dev-docs.kicad.org-en-apis-and-binding-ipc-api-index.html.md","dev-docs.kicad.org-en-apis-and-binding-ipc-api-index.html.md","markdown_url2_clean","https://dev-docs.kicad.org/en/apis-and-binding/ipc-api/index.html","https://dev-docs.kicad.org/en/apis-and-binding/ipc-api/index.html","url_000014","source_url","02_kicad_python_api","02_kicad_python_api\url_000014--dev-docs.kicad.org-en-apis-and-binding-ipc-api-index.html.md","copied","copied_to_category"
"C:\KICAD_SCRAPE\markdown_url2_clean\dev-docs.kicad.org-en-apis-and-binding-pcbnew-index.html.md","dev-docs.kicad.org-en-apis-and-binding-pcbnew-index.html.md","markdown_url2_clean","https://dev-docs.kicad.org/en/apis-and-binding/pcbnew/index.html","https://dev-docs.kicad.org/en/apis-and-binding/pcbnew/index.html","url_000015","source_url","02_kicad_python_api","02_kicad_python_api\url_000015--dev-docs.kicad.org-en-apis-and-binding-pcbnew-index.html.md","copied","copied_to_category"
"C:\KICAD_SCRAPE\markdown_url2_clean\dev-docs.kicad.org-en-contribute-index.html.md","dev-docs.kicad.org-en-contribute-index.html.md","markdown_url2_clean","https://dev-docs.kicad.org/en/contribute/index.html","https://dev-docs.kicad.org/en/contribute/index.html","url_000016","source_url","91_rejected_low_value","91_rejected_low_value\url_000016--dev-docs.kicad.org-en-contribute-index.html.md","copied","copied_to_category"
"C:\KICAD_SCRAPE\markdown_url2_clean\dev-docs.kicad.org-en-file-formats-sexpr-footprint-index.html.md","dev-docs.kicad.org-en-file-formats-sexpr-footprint-index.html.md","markdown_url2_clean","https://dev-docs.kicad.org/en/file-formats/sexpr-footprint/index.html","https://dev-docs.kicad.org/en/file-formats/sexpr-footprint/index.html","url_000017","source_url","02_kicad_python_api","02_kicad_python_api\url_000017--dev-docs.kicad.org-en-file-formats-sexpr-footprint-index.html.md","copied","copied_to_category"
"C:\KICAD_SCRAPE\markdown_url2_clean\dev-docs.kicad.org-en-file-formats-sexpr-intro-index.html.md","dev-docs.kicad.org-en-file-formats-sexpr-intro-index.html.md","markdown_url2_clean","https://dev-docs.kicad.org/en/file-formats/sexpr-intro/index.html","https://dev-docs.kicad.org/en/file-formats/sexpr-intro/index.html","url_000018","source_url","03_kicad_file_formats","03_kicad_file_formats\url_000018--dev-docs.kicad.org-en-file-formats-sexpr-intro-index.html.md","copied","copied_to_category"
"C:\KICAD_SCRAPE\markdown_url2_clean\dev-docs.kicad.org-en-file-formats-sexpr-pcb-index.html.md","dev-docs.kicad.org-en-file-formats-sexpr-pcb-index.html.md","markdown_url2_clean","https://dev-docs.kicad.org/en/file-formats/sexpr-pcb/index.html","https://dev-docs.kicad.org/en/file-formats/sexpr-pcb/index.html","url_000019","source_url","03_kicad_file_formats","03_kicad_file_formats\url_000019--dev-docs.kicad.org-en-file-formats-sexpr-pcb-index.html.md","copied","copied_to_category"
"C:\KICAD_SCRAPE\markdown_url2_clean\dev-docs.kicad.org-en-file-formats-sexpr-schematic-index.html.md","dev-docs.kicad.org-en-file-formats-sexpr-schematic-index.html.md","markdown_url2_clean","https://dev-docs.kicad.org/en/file-formats/sexpr-schematic/index.html","https://dev-docs.kicad.org/en/file-formats/sexpr-schematic/index.html","url_000020","source_url","03_kicad_file_formats","03_kicad_file_formats\url_000020--dev-docs.kicad.org-en-file-formats-sexpr-schematic-index.html.md","copied","copied_to_category"
"C:\KICAD_SCRAPE\markdown_url2_clean\developer.sony.com-spresense-development-guides-introduction_en.html.md","developer.sony.com-spresense-development-guides-introduction_en.html.md","markdown_url2_clean","https://developer.sony.com/spresense/development-guides/introduction_en.html","https://developer.sony.com/spresense/development-guides/introduction_en.html","url_000021","source_url","91_rejected_low_value","91_rejected_low_value\url_000021--developer.sony.com-spresense-development-guides-introduction_en.html.md","copied","copied_to_category"
"C:\KICAD_SCRAPE\markdown_url2_clean\docs.arduino.cc-hardware-giga-r1-wifi.md","docs.arduino.cc-hardware-giga-r1-wifi.md","markdown_url2_clean","https://docs.arduino.cc/hardware/giga-r1-wifi/","https://docs.arduino.cc/hardware/giga-r1-wifi","url_000022","source_url","91_rejected_low_value","91_rejected_low_value\url_000022--docs.arduino.cc-hardware-giga-r1-wifi.md","copied","copied_to_category"
"C:\KICAD_SCRAPE\markdown_url2_clean\docs.arduino.cc-hardware-nano-esp32.md","docs.arduino.cc-hardware-nano-esp32.md","markdown_url2_clean","https://docs.arduino.cc/hardware/nano-esp32/","https://docs.arduino.cc/hardware/nano-esp32","url_000023","source_url","91_rejected_low_value","91_rejected_low_value\url_000023--docs.arduino.cc-hardware-nano-esp32.md","copied","copied_to_category"
"C:\KICAD_SCRAPE\markdown_url2_clean\docs.arduino.cc-hardware-nano-rp2040-connect.md","docs.arduino.cc-hardware-nano-rp2040-connect.md","markdown_url2_clean","https://docs.arduino.cc/hardware/nano-rp2040-connect/","https://docs.arduino.cc/hardware/nano-rp2040-connect","url_000024","source_url","91_rejected_low_value","91_rejected_low_value\url_000024--docs.arduino.cc-hardware-nano-rp2040-connect.md","copied","copied_to_category"
"C:\KICAD_SCRAPE\markdown_url2_clean\docs.arduino.cc-hardware-portenta-h7.md","docs.arduino.cc-hardware-portenta-h7.md","markdown_url2_clean","https://docs.arduino.cc/hardware/portenta-h7/","https://docs.arduino.cc/hardware/portenta-h7","url_000025","source_url","91_rejected_low_value","91_rejected_low_value\url_000025--docs.arduino.cc-hardware-portenta-h7.md","copied","copied_to_category"
"C:\KICAD_SCRAPE\markdown_url2_clean\docs.arduino.cc-hardware-uno-r4-wifi.md","docs.arduino.cc-hardware-uno-r4-wifi.md","markdown_url2_clean","https://docs.arduino.cc/hardware/uno-r4-wifi/","https://docs.arduino.cc/hardware/uno-r4-wifi","url_000026","source_url","91_rejected_low_value","91_rejected_low_value\url_000026--docs.arduino.cc-hardware-uno-r4-wifi.md","copied","copied_to_category"
"C:\KICAD_SCRAPE\markdown_url2_clean\docs.easyeda.com-en-Import-Import-KiCAD.md","docs.easyeda.com-en-Import-Import-KiCAD.md","markdown_url2_clean","https://docs.easyeda.com/en/Import/Import-KiCAD/","https://docs.easyeda.com/en/Import/Import-KiCAD","url_000027","source_url","13_vendor_parts_cad_models","13_vendor_parts_cad_models\url_000027--docs.easyeda.com-en-Import-Import-KiCAD.md","copied","copied_to_category"
"C:\KICAD_SCRAPE\markdown_url2_clean\docs.espressif.com-projects-esp-dev-kits-en-latest-esp32s3-esp32-s3-usb-otg-user_guide.html.md","docs.espressif.com-projects-esp-dev-kits-en-latest-esp32s3-esp32-s3-usb-otg-user_guide.html.md","markdown_url2_clean","https://docs.espressif.com/projects/esp-dev-kits/en/latest/esp32s3/esp32-s3-usb-otg/user_guide.html","https://docs.espressif.com/projects/esp-dev-kits/en/latest/esp32s3/esp32-s3-usb-otg/user_guide.html","url_000029","source_url","05_esp32_espressif","05_esp32_espressif\url_000029--docs.espressif.com-projects-esp-dev-kits-en-latest-esp32s3-esp32-s3-usb-otg-user_guide.html.md","copied","copied_to_category"
"C:\KICAD_SCRAPE\markdown_url2_clean\docs.espressif.com-projects-esp-hardware-design-guidelines-en-latest-esp32c2-index.html.md","docs.espressif.com-projects-esp-hardware-design-guidelines-en-latest-esp32c2-index.html.md","markdown_url2_clean","https://docs.espressif.com/projects/esp-hardware-design-guidelines/en/latest/esp32c2/index.html","https://docs.espressif.com/projects/esp-hardware-design-guidelines/en/latest/esp32c2/index.html","url_000031","source_url","05_esp32_espressif","05_esp32_espressif\url_000031--docs.espressif.com-projects-esp-hardware-design-guidelines-en-latest-esp32c2-index.html.md","copied","copied_to_category"
"C:\KICAD_SCRAPE\markdown_url2_clean\docs.espressif.com-projects-esp-hardware-design-guidelines-en-latest-esp32c3-index.html.md","docs.espressif.com-projects-esp-hardware-design-guidelines-en-latest-esp32c3-index.html.md","markdown_url2_clean","https://docs.espressif.com/projects/esp-hardware-design-guidelines/en/latest/esp32c3/index.html","https://docs.espressif.com/projects/esp-hardware-design-guidelines/en/latest/esp32c3/index.html","url_000032","source_url","05_esp32_espressif","05_esp32_espressif\url_000032--docs.espressif.com-projects-esp-hardware-design-guidelines-en-latest-esp32c3-index.html.md","copied","copied_to_category"
"C:\KICAD_SCRAPE\markdown_url2_clean\docs.espressif.com-projects-esp-hardware-design-guidelines-en-latest-esp32c5-index.html.md","docs.espressif.com-projects-esp-hardware-design-guidelines-en-latest-esp32c5-index.html.md","markdown_url2_clean","https://docs.espressif.com/projects/esp-hardware-design-guidelines/en/latest/esp32c5/index.html","https://docs.espressif.com/projects/esp-hardware-design-guidelines/en/latest/esp32c5/index.html","url_000033","source_url","05_esp32_espressif","05_esp32_espressif\url_000033--docs.espressif.com-projects-esp-hardware-design-guidelines-en-latest-esp32c5-index.html.md","copied","copied_to_category"
"C:\KICAD_SCRAPE\markdown_url2_clean\docs.espressif.com-projects-esp-hardware-design-guidelines-en-latest-esp32c6-index.html.md","docs.espressif.com-projects-esp-hardware-design-guidelines-en-latest-esp32c6-index.html.md","markdown_url2_clean","https://docs.espressif.com/projects/esp-hardware-design-guidelines/en/latest/esp32c6/index.html","https://docs.espressif.com/projects/esp-hardware-design-guidelines/en/latest/esp32c6/index.html","url_000034","source_url","05_esp32_espressif","05_esp32_espressif\url_000034--docs.espressif.com-projects-esp-hardware-design-guidelines-en-latest-esp32c6-index.html.md","copied","copied_to_category"
"C:\KICAD_SCRAPE\markdown_url2_clean\docs.espressif.com-projects-esp-hardware-design-guidelines-en-latest-esp32h2-index.html.md","docs.espressif.com-projects-esp-hardware-design-guidelines-en-latest-esp32h2-index.html.md","markdown_url2_clean","https://docs.espressif.com/projects/esp-hardware-design-guidelines/en/latest/esp32h2/index.html","https://docs.espressif.com/projects/esp-hardware-design-guidelines/en/latest/esp32h2/index.html","url_000035","source_url","05_esp32_espressif","05_esp32_espressif\url_000035--docs.espressif.com-projects-esp-hardware-design-guidelines-en-latest-esp32h2-index.html.md","copied","copied_to_category"
"C:\KICAD_SCRAPE\markdown_url2_clean\docs.espressif.com-projects-esp-hardware-design-guidelines-en-latest-esp32-index.html.md","docs.espressif.com-projects-esp-hardware-design-guidelines-en-latest-esp32-index.html.md","markdown_url2_clean","https://docs.espressif.com/projects/esp-hardware-design-guidelines/en/latest/esp32/index.html","https://docs.espressif.com/projects/esp-hardware-design-guidelines/en/latest/esp32/index.html","url_000030","source_url","05_esp32_espressif","05_esp32_espressif\url_000030--docs.espressif.com-projects-esp-hardware-design-guidelines-en-latest-esp32-index.html.md","copied","copied_to_category"
"C:\KICAD_SCRAPE\markdown_url2_clean\docs.espressif.com-projects-esp-hardware-design-guidelines-en-latest-esp32p4-index.html.md","docs.espressif.com-projects-esp-hardware-design-guidelines-en-latest-esp32p4-index.html.md","markdown_url2_clean","https://docs.espressif.com/projects/esp-hardware-design-guidelines/en/latest/esp32p4/index.html","https://docs.espressif.com/projects/esp-hardware-design-guidelines/en/latest/esp32p4/index.html","url_000036","source_url","05_esp32_espressif","05_esp32_espressif\url_000036--docs.espressif.com-projects-esp-hardware-design-guidelines-en-latest-esp32p4-index.html.md","copied","copied_to_category"
"C:\KICAD_SCRAPE\markdown_url2_clean\docs.espressif.com-projects-esp-hardware-design-guidelines-en-latest-esp32s2-index.html.md","docs.espressif.com-projects-esp-hardware-design-guidelines-en-latest-esp32s2-index.html.md","markdown_url2_clean","https://docs.espressif.com/projects/esp-hardware-design-guidelines/en/latest/esp32s2/index.html","https://docs.espressif.com/projects/esp-hardware-design-guidelines/en/latest/esp32s2/index.html","url_000037","source_url","05_esp32_espressif","05_esp32_espressif\url_000037--docs.espressif.com-projects-esp-hardware-design-guidelines-en-latest-esp32s2-index.html.md","copied","copied_to_category"
"C:\KICAD_SCRAPE\markdown_url2_clean\docs.espressif.com-projects-esp-hardware-design-guidelines-en-latest-esp32s3-download-guidelines.html.md","docs.espressif.com-projects-esp-hardware-design-guidelines-en-latest-esp32s3-download-guidelines.html.md","markdown_url2_clean","https://docs.espressif.com/projects/esp-hardware-design-guidelines/en/latest/esp32s3/download-guidelines.html","https://docs.espressif.com/projects/esp-hardware-design-guidelines/en/latest/esp32s3/download-guidelines.html","url_000039","source_url","05_esp32_espressif","05_esp32_espressif\url_000039--docs.espressif.com-projects-esp-hardware-design-guidelines-en-latest-esp32s3-download-guidelines.html.md","copied","copied_to_category"
"C:\KICAD_SCRAPE\markdown_url2_clean\docs.espressif.com-projects-esp-hardware-design-guidelines-en-latest-esp32s3-index.html.md","docs.espressif.com-projects-esp-hardware-design-guidelines-en-latest-esp32s3-index.html.md","markdown_url2_clean","https://docs.espressif.com/projects/esp-hardware-design-guidelines/en/latest/esp32s3/index.html","https://docs.espressif.com/projects/esp-hardware-design-guidelines/en/latest/esp32s3/index.html","url_000040","source_url","05_esp32_espressif","05_esp32_espressif\url_000040--docs.espressif.com-projects-esp-hardware-design-guidelines-en-latest-esp32s3-index.html.md","copied","copied_to_category"
"C:\KICAD_SCRAPE\markdown_url2_clean\docs.espressif.com-projects-esp-hardware-design-guidelines-en-latest-esp32s3-pcb-layout-design.html.md","docs.espressif.com-projects-esp-hardware-design-guidelines-en-latest-esp32s3-pcb-layout-design.html.md","markdown_url2_clean","https://docs.espressif.com/projects/esp-hardware-design-guidelines/en/latest/esp32s3/pcb-layout-design.html","https://docs.espressif.com/projects/esp-hardware-design-guidelines/en/latest/esp32s3/pcb-layout-design.html","url_000041","source_url","05_esp32_espressif","05_esp32_espressif\url_000041--docs.espressif.com-projects-esp-hardware-design-guidelines-en-latest-esp32s3-pcb-layout-design.html.md","copied","copied_to_category"
"C:\KICAD_SCRAPE\markdown_url2_clean\docs.espressif.com-projects-esp-hardware-design-guidelines-en-latest-esp32s3-product-overview.html.md","docs.espressif.com-projects-esp-hardware-design-guidelines-en-latest-esp32s3-product-overview.html.md","markdown_url2_clean","https://docs.espressif.com/projects/esp-hardware-design-guidelines/en/latest/esp32s3/product-overview.html","https://docs.espressif.com/projects/esp-hardware-design-guidelines/en/latest/esp32s3/product-overview.html","url_000042","source_url","05_esp32_espressif","05_esp32_espressif\url_000042--docs.espressif.com-projects-esp-hardware-design-guidelines-en-latest-esp32s3-product-overview.html.md","copied","copied_to_category"
"C:\KICAD_SCRAPE\markdown_url2_clean\docs.espressif.com-projects-esp-hardware-design-guidelines-en-latest-esp32s3-schematic-checklist.html.md","docs.espressif.com-projects-esp-hardware-design-guidelines-en-latest-esp32s3-schematic-checklist.html.md","markdown_url2_clean","https://docs.espressif.com/projects/esp-hardware-design-guidelines/en/latest/esp32s3/schematic-checklist.html","https://docs.espressif.com/projects/esp-hardware-design-guidelines/en/latest/esp32s3/schematic-checklist.html","url_000043","source_url","05_esp32_espressif","05_esp32_espressif\url_000043--docs.espressif.com-projects-esp-hardware-design-guidelines-en-latest-esp32s3-schematic-checklist.html.md","copied","copied_to_category"
"C:\KICAD_SCRAPE\markdown_url2_clean\docs.espressif.com-projects-esp-hardware-design-guidelines-en-latest-esp32s3-search.html.md","docs.espressif.com-projects-esp-hardware-design-guidelines-en-latest-esp32s3-search.html.md","markdown_url2_clean","https://docs.espressif.com/projects/esp-hardware-design-guidelines/en/latest/esp32s3/search.html?q=usb","https://docs.espressif.com/projects/esp-hardware-design-guidelines/en/latest/esp32s3/search.html?q=usb","url_000050","source_url","91_rejected_low_value","91_rejected_low_value\url_000050--docs.espressif.com-projects-esp-hardware-design-guidelines-en-latest-esp32s3-search.html.md","copied","copied_to_category"
"C:\KICAD_SCRAPE\markdown_url2_clean\docs.espressif.com-projects-esp-hardware-design-guidelines-en-latest-index.html.md","docs.espressif.com-projects-esp-hardware-design-guidelines-en-latest-index.html.md","markdown_url2_clean","https://docs.espressif.com/projects/esp-hardware-design-guidelines/en/latest/index.html","https://docs.espressif.com/projects/esp-hardware-design-guidelines/en/latest/index.html","url_000051","source_url","05_esp32_espressif","05_esp32_espressif\url_000051--docs.espressif.com-projects-esp-hardware-design-guidelines-en-latest-index.html.md","copied","copied_to_category"
"C:\KICAD_SCRAPE\markdown_url2_clean\docs.espressif.com-projects-esp-idf-en-latest-esp32-api-reference-index.html.md","docs.espressif.com-projects-esp-idf-en-latest-esp32-api-reference-index.html.md","markdown_url2_clean","https://docs.espressif.com/projects/esp-idf/en/latest/esp32/api-reference/index.html","https://docs.espressif.com/projects/esp-idf/en/latest/esp32/api-reference/index.html","url_000052","source_url","05_esp32_espressif","05_esp32_espressif\url_000052--docs.espressif.com-projects-esp-idf-en-latest-esp32-api-reference-index.html.md","copied","copied_to_category"
"C:\KICAD_SCRAPE\markdown_url2_clean\docs.espressif.com-projects-esp-idf-en-latest-esp32s3-api-guides-esp-wifi-mesh.html.md","docs.espressif.com-projects-esp-idf-en-latest-esp32s3-api-guides-esp-wifi-mesh.html.md","markdown_url2_clean","https://docs.espressif.com/projects/esp-idf/en/latest/esp32s3/api-guides/esp-wifi-mesh.html","https://docs.espressif.com/projects/esp-idf/en/latest/esp32s3/api-guides/esp-wifi-mesh.html","url_000055","source_url","05_esp32_espressif","05_esp32_espressif\url_000055--docs.espressif.com-projects-esp-idf-en-latest-esp32s3-api-guides-esp-wifi-mesh.html.md","copied","copied_to_category"
"C:\KICAD_SCRAPE\markdown_url2_clean\docs.espressif.com-projects-esp-idf-en-latest-esp32s3-api-guides-flash_psram_config.html.md","docs.espressif.com-projects-esp-idf-en-latest-esp32s3-api-guides-flash_psram_config.html.md","markdown_url2_clean","https://docs.espressif.com/projects/esp-idf/en/latest/esp32s3/api-guides/flash_psram_config.html","https://docs.espressif.com/projects/esp-idf/en/latest/esp32s3/api-guides/flash_psram_config.html","url_000056","source_url","05_esp32_espressif","05_esp32_espressif\url_000056--docs.espressif.com-projects-esp-idf-en-latest-esp32s3-api-guides-flash_psram_config.html.md","copied","copied_to_category"
"C:\KICAD_SCRAPE\markdown_url2_clean\docs.espressif.com-projects-esp-idf-en-latest-esp32s3-api-guides-jtag-debugging-index.html.md","docs.espressif.com-projects-esp-idf-en-latest-esp32s3-api-guides-jtag-debugging-index.html.md","markdown_url2_clean","https://docs.espressif.com/projects/esp-idf/en/latest/esp32s3/api-guides/jtag-debugging/index.html","https://docs.espressif.com/projects/esp-idf/en/latest/esp32s3/api-guides/jtag-debugging/index.html","url_000057","source_url","05_esp32_espressif","05_esp32_espressif\url_000057--docs.espressif.com-projects-esp-idf-en-latest-esp32s3-api-guides-jtag-debugging-index.html.md","copied","copied_to_category"
"C:\KICAD_SCRAPE\markdown_url2_clean\docs.espressif.com-projects-esp-idf-en-latest-esp32s3-api-guides-usb-otg-console.html.md","docs.espressif.com-projects-esp-idf-en-latest-esp32s3-api-guides-usb-otg-console.html.md","markdown_url2_clean","https://docs.espressif.com/projects/esp-idf/en/latest/esp32s3/api-guides/usb-otg-console.html","https://docs.espressif.com/projects/esp-idf/en/latest/esp32s3/api-guides/usb-otg-console.html","url_000059","source_url","05_esp32_espressif","05_esp32_espressif\url_000059--docs.espressif.com-projects-esp-idf-en-latest-esp32s3-api-guides-usb-otg-console.html.md","copied","copied_to_category"
"C:\KICAD_SCRAPE\markdown_url2_clean\docs.espressif.com-projects-esp-idf-en-latest-esp32s3-api-guides-wifi.html.md","docs.espressif.com-projects-esp-idf-en-latest-esp32s3-api-guides-wifi.html.md","markdown_url2_clean","https://docs.espressif.com/projects/esp-idf/en/latest/esp32s3/api-guides/wifi.html","https://docs.espressif.com/projects/esp-idf/en/latest/esp32s3/api-guides/wifi.html","url_000060","source_url","91_rejected_low_value","91_rejected_low_value\url_000060--docs.espressif.com-projects-esp-idf-en-latest-esp32s3-api-guides-wifi.html.md","copied","copied_to_category"
"C:\KICAD_SCRAPE\markdown_url2_clean\docs.espressif.com-projects-esp-idf-en-latest-esp32s3-api-reference-peripherals-adc_oneshot.html.md","docs.espressif.com-projects-esp-idf-en-latest-esp32s3-api-reference-peripherals-adc_oneshot.html.md","markdown_url2_clean","https://docs.espressif.com/projects/esp-idf/en/latest/esp32s3/api-reference/peripherals/adc_oneshot.html","https://docs.espressif.com/projects/esp-idf/en/latest/esp32s3/api-reference/peripherals/adc_oneshot.html","url_000061","source_url","91_rejected_low_value","91_rejected_low_value\url_000061--docs.espressif.com-projects-esp-idf-en-latest-esp32s3-api-reference-peripherals-adc_oneshot.html.md","copied","copied_to_category"
"C:\KICAD_SCRAPE\markdown_url2_clean\docs.espressif.com-projects-esp-idf-en-latest-esp32s3-api-reference-peripherals-gpio.html.md","docs.espressif.com-projects-esp-idf-en-latest-esp32s3-api-reference-peripherals-gpio.html.md","markdown_url2_clean","https://docs.espressif.com/projects/esp-idf/en/latest/esp32s3/api-reference/peripherals/gpio.html","https://docs.espressif.com/projects/esp-idf/en/latest/esp32s3/api-reference/peripherals/gpio.html","url_000062","source_url","05_esp32_espressif","05_esp32_espressif\url_000062--docs.espressif.com-projects-esp-idf-en-latest-esp32s3-api-reference-peripherals-gpio.html.md","copied","copied_to_category"
"C:\KICAD_SCRAPE\markdown_url2_clean\docs.espressif.com-projects-esp-idf-en-latest-esp32s3-api-reference-peripherals-i2c.html.md","docs.espressif.com-projects-esp-idf-en-latest-esp32s3-api-reference-peripherals-i2c.html.md","markdown_url2_clean","https://docs.espressif.com/projects/esp-idf/en/latest/esp32s3/api-reference/peripherals/i2c.html","https://docs.espressif.com/projects/esp-idf/en/latest/esp32s3/api-reference/peripherals/i2c.html","url_000063","source_url","05_esp32_espressif","05_esp32_espressif\url_000063--docs.espressif.com-projects-esp-idf-en-latest-esp32s3-api-reference-peripherals-i2c.html.md","copied","copied_to_category"
"C:\KICAD_SCRAPE\markdown_url2_clean\docs.espressif.com-projects-esp-idf-en-latest-esp32s3-api-reference-peripherals-ledc.html.md","docs.espressif.com-projects-esp-idf-en-latest-esp32s3-api-reference-peripherals-ledc.html.md","markdown_url2_clean","https://docs.espressif.com/projects/esp-idf/en/latest/esp32s3/api-reference/peripherals/ledc.html","https://docs.espressif.com/projects/esp-idf/en/latest/esp32s3/api-reference/peripherals/ledc.html","url_000064","source_url","05_esp32_espressif","05_esp32_espressif\url_000064--docs.espressif.com-projects-esp-idf-en-latest-esp32s3-api-reference-peripherals-ledc.html.md","copied","copied_to_category"
"C:\KICAD_SCRAPE\markdown_url2_clean\docs.espressif.com-projects-esp-idf-en-latest-esp32s3-api-reference-peripherals-rmt.html.md","docs.espressif.com-projects-esp-idf-en-latest-esp32s3-api-reference-peripherals-rmt.html.md","markdown_url2_clean","https://docs.espressif.com/projects/esp-idf/en/latest/esp32s3/api-reference/peripherals/rmt.html","https://docs.espressif.com/projects/esp-idf/en/latest/esp32s3/api-reference/peripherals/rmt.html","url_000065","source_url","05_esp32_espressif","05_esp32_espressif\url_000065--docs.espressif.com-projects-esp-idf-en-latest-esp32s3-api-reference-peripherals-rmt.html.md","copied","copied_to_category"
"C:\KICAD_SCRAPE\markdown_url2_clean\docs.espressif.com-projects-esp-idf-en-latest-esp32s3-api-reference-peripherals-spi_master.html.md","docs.espressif.com-projects-esp-idf-en-latest-esp32s3-api-reference-peripherals-spi_master.html.md","markdown_url2_clean","https://docs.espressif.com/projects/esp-idf/en/latest/esp32s3/api-reference/peripherals/spi_master.html","https://docs.espressif.com/projects/esp-idf/en/latest/esp32s3/api-reference/peripherals/spi_master.html","url_000066","source_url","05_esp32_espressif","05_esp32_espressif\url_000066--docs.espressif.com-projects-esp-idf-en-latest-esp32s3-api-reference-peripherals-spi_master.html.md","copied","copied_to_category"
"C:\KICAD_SCRAPE\markdown_url2_clean\docs.espressif.com-projects-esp-idf-en-latest-esp32s3-api-reference-peripherals-twai.html.md","docs.espressif.com-projects-esp-idf-en-latest-esp32s3-api-reference-peripherals-twai.html.md","markdown_url2_clean","https://docs.espressif.com/projects/esp-idf/en/latest/esp32s3/api-reference/peripherals/twai.html","https://docs.espressif.com/projects/esp-idf/en/latest/esp32s3/api-reference/peripherals/twai.html","url_000067","source_url","05_esp32_espressif","05_esp32_espressif\url_000067--docs.espressif.com-projects-esp-idf-en-latest-esp32s3-api-reference-peripherals-twai.html.md","copied","copied_to_category"
"C:\KICAD_SCRAPE\markdown_url2_clean\docs.espressif.com-projects-esp-idf-en-latest-esp32s3-api-reference-peripherals-uart.html.md","docs.espressif.com-projects-esp-idf-en-latest-esp32s3-api-reference-peripherals-uart.html.md","markdown_url2_clean","https://docs.espressif.com/projects/esp-idf/en/latest/esp32s3/api-reference/peripherals/uart.html","https://docs.espressif.com/projects/esp-idf/en/latest/esp32s3/api-reference/peripherals/uart.html","url_000068","source_url","05_esp32_espressif","05_esp32_espressif\url_000068--docs.espressif.com-projects-esp-idf-en-latest-esp32s3-api-reference-peripherals-uart.html.md","copied","copied_to_category"
"C:\KICAD_SCRAPE\markdown_url2_clean\docs.espressif.com-projects-esp-idf-en-latest-esp32s3-api-reference-peripherals-usb_device.html.md","docs.espressif.com-projects-esp-idf-en-latest-esp32s3-api-reference-peripherals-usb_device.html.md","markdown_url2_clean","https://docs.espressif.com/projects/esp-idf/en/latest/esp32s3/api-reference/peripherals/usb_device.html","https://docs.espressif.com/projects/esp-idf/en/latest/esp32s3/api-reference/peripherals/usb_device.html","url_000069","source_url","91_rejected_low_value","91_rejected_low_value\url_000069--docs.espressif.com-projects-esp-idf-en-latest-esp32s3-api-reference-peripherals-usb_device.html.md","copied","copied_to_category"
"C:\KICAD_SCRAPE\markdown_url2_clean\docs.espressif.com-projects-esp-idf-en-latest-esp32s3-api-reference-system-efuse.html.md","docs.espressif.com-projects-esp-idf-en-latest-esp32s3-api-reference-system-efuse.html.md","markdown_url2_clean","https://docs.espressif.com/projects/esp-idf/en/latest/esp32s3/api-reference/system/efuse.html","https://docs.espressif.com/projects/esp-idf/en/latest/esp32s3/api-reference/system/efuse.html","url_000070","source_url","05_esp32_espressif","05_esp32_espressif\url_000070--docs.espressif.com-projects-esp-idf-en-latest-esp32s3-api-reference-system-efuse.html.md","copied","copied_to_category"
"C:\KICAD_SCRAPE\markdown_url2_clean\docs.espressif.com-projects-esp-idf-en-latest-esp32s3-api-reference-system-sleep_modes.html.md","docs.espressif.com-projects-esp-idf-en-latest-esp32s3-api-reference-system-sleep_modes.html.md","markdown_url2_clean","https://docs.espressif.com/projects/esp-idf/en/latest/esp32s3/api-reference/system/sleep_modes.html","https://docs.espressif.com/projects/esp-idf/en/latest/esp32s3/api-reference/system/sleep_modes.html","url_000071","source_url","05_esp32_espressif","05_esp32_espressif\url_000071--docs.espressif.com-projects-esp-idf-en-latest-esp32s3-api-reference-system-sleep_modes.html.md","copied","copied_to_category"
"C:\KICAD_SCRAPE\markdown_url2_clean\docs.espressif.com-projects-esp-idf-en-latest-esp32s3-hw-reference-esp32s3-user-guide-devkitc-1.html.md","docs.espressif.com-projects-esp-idf-en-latest-esp32s3-hw-reference-esp32s3-user-guide-devkitc-1.html.md","markdown_url2_clean","https://docs.espressif.com/projects/esp-idf/en/latest/esp32s3/hw-reference/esp32s3/user-guide-devkitc-1.html","https://docs.espressif.com/projects/esp-idf/en/latest/esp32s3/hw-reference/esp32s3/user-guide-devkitc-1.html","url_000072","source_url","05_esp32_espressif","05_esp32_espressif\url_000072--docs.espressif.com-projects-esp-idf-en-latest-esp32s3-hw-reference-esp32s3-user-guide-devkitc-1.html.md","copied","copied_to_category"
"C:\KICAD_SCRAPE\markdown_url2_clean\docs.espressif.com-projects-esp-idf-en-latest-esp32s3-hw-reference-index.html.md","docs.espressif.com-projects-esp-idf-en-latest-esp32s3-hw-reference-index.html.md","markdown_url2_clean","https://docs.espressif.com/projects/esp-idf/en/latest/esp32s3/hw-reference/index.html","https://docs.espressif.com/projects/esp-idf/en/latest/esp32s3/hw-reference/index.html","url_000074","source_url","05_esp32_espressif","05_esp32_espressif\url_000074--docs.espressif.com-projects-esp-idf-en-latest-esp32s3-hw-reference-index.html.md","copied","copied_to_category"
"C:\KICAD_SCRAPE\markdown_url2_clean\docs.espressif.com-projects-esp-idf-en-latest-esp32s3-index.html.md","docs.espressif.com-projects-esp-idf-en-latest-esp32s3-index.html.md","markdown_url2_clean","https://docs.espressif.com/projects/esp-idf/en/latest/esp32s3/index.html","https://docs.espressif.com/projects/esp-idf/en/latest/esp32s3/index.html","url_000075","source_url","05_esp32_espressif","05_esp32_espressif\url_000075--docs.espressif.com-projects-esp-idf-en-latest-esp32s3-index.html.md","copied","copied_to_category"
"C:\KICAD_SCRAPE\markdown_url2_clean\docs.espressif.com-projects-esp-iot-solution-en-latest-usb-usb_overview-usb_overview.html.md","docs.espressif.com-projects-esp-iot-solution-en-latest-usb-usb_overview-usb_overview.html.md","markdown_url2_clean","https://docs.espressif.com/projects/esp-iot-solution/en/latest/usb/usb_overview/usb_overview.html","https://docs.espressif.com/projects/esp-iot-solution/en/latest/usb/usb_overview/usb_overview.html","url_000076","source_url","91_rejected_low_value","91_rejected_low_value\url_000076--docs.espressif.com-projects-esp-iot-solution-en-latest-usb-usb_overview-usb_overview.html.md","copied","copied_to_category"
"C:\KICAD_SCRAPE\markdown_url2_clean\docs.espressif.com-projects-esptool-en-latest-esp32s3-index.html.md","docs.espressif.com-projects-esptool-en-latest-esp32s3-index.html.md","markdown_url2_clean","https://docs.espressif.com/projects/esptool/en/latest/esp32s3/index.html","https://docs.espressif.com/projects/esptool/en/latest/esp32s3/index.html","url_000077","source_url","05_esp32_espressif","05_esp32_espressif\url_000077--docs.espressif.com-projects-esptool-en-latest-esp32s3-index.html.md","copied","copied_to_category"
"C:\KICAD_SCRAPE\markdown_url2_clean\docs.kicad.org-9.0-en-cli-cli.html.md","docs.kicad.org-9.0-en-cli-cli.html.md","markdown_url2_clean","https://docs.kicad.org/9.0/en/cli/cli.html","https://docs.kicad.org/9.0/en/cli/cli.html","url_000718","source_url","03_kicad_file_formats","03_kicad_file_formats\url_000718--docs.kicad.org-9.0-en-cli-cli.html.md","copied","copied_to_category"
"C:\KICAD_SCRAPE\markdown_url2_clean\docs.kicad.org-9.0-en-eeschema-eeschema.html.md","docs.kicad.org-9.0-en-eeschema-eeschema.html.md","markdown_url2_clean","https://docs.kicad.org/9.0/en/eeschema/eeschema.html","https://docs.kicad.org/9.0/en/eeschema/eeschema.html","url_000720","source_url","91_rejected_low_value","91_rejected_low_value\url_000720--docs.kicad.org-9.0-en-eeschema-eeschema.html.md","copied","copied_to_category"
"C:\KICAD_SCRAPE\markdown_url2_clean\docs.kicad.org-9.0-en-gerbview-gerbview.html.md","docs.kicad.org-9.0-en-gerbview-gerbview.html.md","markdown_url2_clean","https://docs.kicad.org/9.0/en/gerbview/gerbview.html","https://docs.kicad.org/9.0/en/gerbview/gerbview.html","url_000722","source_url","01_kicad_core","01_kicad_core\url_000722--docs.kicad.org-9.0-en-gerbview-gerbview.html.md","copied","copied_to_category"
"C:\KICAD_SCRAPE\markdown_url2_clean\docs.kicad.org-9.0-en-getting_started_in_kicad-getting_started_in_kicad.html.md","docs.kicad.org-9.0-en-getting_started_in_kicad-getting_started_in_kicad.html.md","markdown_url2_clean","https://docs.kicad.org/9.0/en/getting_started_in_kicad/getting_started_in_kicad.html","https://docs.kicad.org/9.0/en/getting_started_in_kicad/getting_started_in_kicad.html","url_000723","source_url","01_kicad_core","01_kicad_core\url_000723--docs.kicad.org-9.0-en-getting_started_in_kicad-getting_started_in_kicad.html.md","copied","copied_to_category"
"C:\KICAD_SCRAPE\markdown_url2_clean\docs.kicad.org-9.0-en-kicad-kicad.html.md","docs.kicad.org-9.0-en-kicad-kicad.html.md","markdown_url2_clean","https://docs.kicad.org/9.0/en/kicad/kicad.html","https://docs.kicad.org/9.0/en/kicad/kicad.html","url_000727","source_url","01_kicad_core","01_kicad_core\url_000727--docs.kicad.org-9.0-en-kicad-kicad.html.md","copied","copied_to_category"
"C:\KICAD_SCRAPE\markdown_url2_clean\docs.kicad.org-9.0-en-pcb_calculator-pcb_calculator.html.md","docs.kicad.org-9.0-en-pcb_calculator-pcb_calculator.html.md","markdown_url2_clean","https://docs.kicad.org/9.0/en/pcb_calculator/pcb_calculator.html","https://docs.kicad.org/9.0/en/pcb_calculator/pcb_calculator.html","url_000729","source_url","01_kicad_core","01_kicad_core\url_000729--docs.kicad.org-9.0-en-pcb_calculator-pcb_calculator.html.md","copied","copied_to_category"
"C:\KICAD_SCRAPE\markdown_url2_clean\docs.kicad.org-9.0-en-pcbnew-pcbnew.html.md","docs.kicad.org-9.0-en-pcbnew-pcbnew.html.md","markdown_url2_clean","https://docs.kicad.org/9.0/en/pcbnew/pcbnew.html","https://docs.kicad.org/9.0/en/pcbnew/pcbnew.html","url_000731","source_url","91_rejected_low_value","91_rejected_low_value\url_000731--docs.kicad.org-9.0-en-pcbnew-pcbnew.html.md","copied","copied_to_category"
"C:\KICAD_SCRAPE\markdown_url2_clean\docs.kicad.org-9.0-en-pl_editor-pl_editor.html.md","docs.kicad.org-9.0-en-pl_editor-pl_editor.html.md","markdown_url2_clean","https://docs.kicad.org/9.0/en/pl_editor/pl_editor.html","https://docs.kicad.org/9.0/en/pl_editor/pl_editor.html","url_000732","source_url","01_kicad_core","01_kicad_core\url_000732--docs.kicad.org-9.0-en-pl_editor-pl_editor.html.md","copied","copied_to_category"
"C:\KICAD_SCRAPE\markdown_url2_clean\docs.kicad.org-doxygen-python-9.0.md","docs.kicad.org-doxygen-python-9.0.md","markdown_url2_clean","https://docs.kicad.org/doxygen-python-9.0/","https://docs.kicad.org/doxygen-python-9.0","url_000950","source_url","91_rejected_low_value","91_rejected_low_value\url_000950--docs.kicad.org-doxygen-python-9.0.md","copied","copied_to_category"
"C:\KICAD_SCRAPE\markdown_url2_clean\docs.kicad.org-doxygen-python-9.0-classpcbnew_1_1BOARD.html.md","docs.kicad.org-doxygen-python-9.0-classpcbnew_1_1BOARD.html.md","markdown_url2_clean","https://docs.kicad.org/doxygen-python-9.0/classpcbnew_1_1BOARD.html","https://docs.kicad.org/doxygen-python-9.0/classpcbnew_1_1BOARD.html","url_000951","source_url","02_kicad_python_api","02_kicad_python_api\url_000951--docs.kicad.org-doxygen-python-9.0-classpcbnew_1_1BOARD.html.md","copied","copied_to_category"
"C:\KICAD_SCRAPE\markdown_url2_clean\docs.kicad.org-doxygen-python-9.0-classpcbnew_1_1BOARD__DESIGN__SETTINGS.html.md","docs.kicad.org-doxygen-python-9.0-classpcbnew_1_1BOARD__DESIGN__SETTINGS.html.md","markdown_url2_clean","https://docs.kicad.org/doxygen-python-9.0/classpcbnew_1_1BOARD__DESIGN__SETTINGS.html","https://docs.kicad.org/doxygen-python-9.0/classpcbnew_1_1BOARD__DESIGN__SETTINGS.html","url_000952","source_url","02_kicad_python_api","02_kicad_python_api\url_000952--docs.kicad.org-doxygen-python-9.0-classpcbnew_1_1BOARD__DESIGN__SETTINGS.html.md","copied","copied_to_category"
"C:\KICAD_SCRAPE\markdown_url2_clean\docs.kicad.org-doxygen-python-9.0-classpcbnew_1_1EDA__ANGLE.html.md","docs.kicad.org-doxygen-python-9.0-classpcbnew_1_1EDA__ANGLE.html.md","markdown_url2_clean","https://docs.kicad.org/doxygen-python-9.0/classpcbnew_1_1EDA__ANGLE.html","https://docs.kicad.org/doxygen-python-9.0/classpcbnew_1_1EDA__ANGLE.html","url_000953","source_url","02_kicad_python_api","02_kicad_python_api\url_000953--docs.kicad.org-doxygen-python-9.0-classpcbnew_1_1EDA__ANGLE.html.md","copied","copied_to_category"
"C:\KICAD_SCRAPE\markdown_url2_clean\docs.kicad.org-doxygen-python-9.0-classpcbnew_1_1FOOTPRINT.html.md","docs.kicad.org-doxygen-python-9.0-classpcbnew_1_1FOOTPRINT.html.md","markdown_url2_clean","https://docs.kicad.org/doxygen-python-9.0/classpcbnew_1_1FOOTPRINT.html","https://docs.kicad.org/doxygen-python-9.0/classpcbnew_1_1FOOTPRINT.html","url_000954","source_url","02_kicad_python_api","02_kicad_python_api\url_000954--docs.kicad.org-doxygen-python-9.0-classpcbnew_1_1FOOTPRINT.html.md","copied","copied_to_category"
"C:\KICAD_SCRAPE\markdown_url2_clean\docs.kicad.org-doxygen-python-9.0-classpcbnew_1_1NETINFO__ITEM.html.md","docs.kicad.org-doxygen-python-9.0-classpcbnew_1_1NETINFO__ITEM.html.md","markdown_url2_clean","https://docs.kicad.org/doxygen-python-9.0/classpcbnew_1_1NETINFO__ITEM.html","https://docs.kicad.org/doxygen-python-9.0/classpcbnew_1_1NETINFO__ITEM.html","url_000955","source_url","02_kicad_python_api","02_kicad_python_api\url_000955--docs.kicad.org-doxygen-python-9.0-classpcbnew_1_1NETINFO__ITEM.html.md","copied","copied_to_category"
"C:\KICAD_SCRAPE\markdown_url2_clean\docs.kicad.org-doxygen-python-9.0-classpcbnew_1_1PAD.html.md","docs.kicad.org-doxygen-python-9.0-classpcbnew_1_1PAD.html.md","markdown_url2_clean","https://docs.kicad.org/doxygen-python-9.0/classpcbnew_1_1PAD.html","https://docs.kicad.org/doxygen-python-9.0/classpcbnew_1_1PAD.html","url_000956","source_url","02_kicad_python_api","02_kicad_python_api\url_000956--docs.kicad.org-doxygen-python-9.0-classpcbnew_1_1PAD.html.md","copied","copied_to_category"
"C:\KICAD_SCRAPE\markdown_url2_clean\docs.kicad.org-doxygen-python-9.0-classpcbnew_1_1PCB__GROUP.html.md","docs.kicad.org-doxygen-python-9.0-classpcbnew_1_1PCB__GROUP.html.md","markdown_url2_clean","https://docs.kicad.org/doxygen-python-9.0/classpcbnew_1_1PCB__GROUP.html","https://docs.kicad.org/doxygen-python-9.0/classpcbnew_1_1PCB__GROUP.html","url_000957","source_url","02_kicad_python_api","02_kicad_python_api\url_000957--docs.kicad.org-doxygen-python-9.0-classpcbnew_1_1PCB__GROUP.html.md","copied","copied_to_category"
"C:\KICAD_SCRAPE\markdown_url2_clean\docs.kicad.org-doxygen-python-9.0-classpcbnew_1_1PCB__SHAPE.html.md","docs.kicad.org-doxygen-python-9.0-classpcbnew_1_1PCB__SHAPE.html.md","markdown_url2_clean","https://docs.kicad.org/doxygen-python-9.0/classpcbnew_1_1PCB__SHAPE.html","https://docs.kicad.org/doxygen-python-9.0/classpcbnew_1_1PCB__SHAPE.html","url_000958","source_url","02_kicad_python_api","02_kicad_python_api\url_000958--docs.kicad.org-doxygen-python-9.0-classpcbnew_1_1PCB__SHAPE.html.md","copied","copied_to_category"
"C:\KICAD_SCRAPE\markdown_url2_clean\docs.kicad.org-doxygen-python-9.0-classpcbnew_1_1PCB__TRACK.html.md","docs.kicad.org-doxygen-python-9.0-classpcbnew_1_1PCB__TRACK.html.md","markdown_url2_clean","https://docs.kicad.org/doxygen-python-9.0/classpcbnew_1_1PCB__TRACK.html","https://docs.kicad.org/doxygen-python-9.0/classpcbnew_1_1PCB__TRACK.html","url_000959","source_url","02_kicad_python_api","02_kicad_python_api\url_000959--docs.kicad.org-doxygen-python-9.0-classpcbnew_1_1PCB__TRACK.html.md","copied","copied_to_category"
"C:\KICAD_SCRAPE\markdown_url2_clean\docs.kicad.org-doxygen-python-9.0-classpcbnew_1_1PCB__VIA.html.md","docs.kicad.org-doxygen-python-9.0-classpcbnew_1_1PCB__VIA.html.md","markdown_url2_clean","https://docs.kicad.org/doxygen-python-9.0/classpcbnew_1_1PCB__VIA.html","https://docs.kicad.org/doxygen-python-9.0/classpcbnew_1_1PCB__VIA.html","url_000960","source_url","02_kicad_python_api","02_kicad_python_api\url_000960--docs.kicad.org-doxygen-python-9.0-classpcbnew_1_1PCB__VIA.html.md","copied","copied_to_category"
"C:\KICAD_SCRAPE\markdown_url2_clean\docs.kicad.org-doxygen-python-9.0-classpcbnew_1_1VECTOR2I.html.md","docs.kicad.org-doxygen-python-9.0-classpcbnew_1_1VECTOR2I.html.md","markdown_url2_clean","https://docs.kicad.org/doxygen-python-9.0/classpcbnew_1_1VECTOR2I.html","https://docs.kicad.org/doxygen-python-9.0/classpcbnew_1_1VECTOR2I.html","url_000961","source_url","02_kicad_python_api","02_kicad_python_api\url_000961--docs.kicad.org-doxygen-python-9.0-classpcbnew_1_1VECTOR2I.html.md","copied","copied_to_category"
"C:\KICAD_SCRAPE\markdown_url2_clean\docs.kicad.org-doxygen-python-9.0-classpcbnew_1_1ZONE.html.md","docs.kicad.org-doxygen-python-9.0-classpcbnew_1_1ZONE.html.md","markdown_url2_clean","https://docs.kicad.org/doxygen-python-9.0/classpcbnew_1_1ZONE.html","https://docs.kicad.org/doxygen-python-9.0/classpcbnew_1_1ZONE.html","url_000962","source_url","02_kicad_python_api","02_kicad_python_api\url_000962--docs.kicad.org-doxygen-python-9.0-classpcbnew_1_1ZONE.html.md","copied","copied_to_category"
"C:\KICAD_SCRAPE\markdown_url2_clean\docs.kicad.org-kicad-python-main-kicad.html.md","docs.kicad.org-kicad-python-main-kicad.html.md","markdown_url2_clean","https://docs.kicad.org/kicad-python-main/kicad.html","https://docs.kicad.org/kicad-python-main/kicad.html","url_000963","source_url","02_kicad_python_api","02_kicad_python_api\url_000963--docs.kicad.org-kicad-python-main-kicad.html.md","copied","copied_to_category"
"C:\KICAD_SCRAPE\markdown_url2_clean\docs.nordicsemi.com-index.md","docs.nordicsemi.com-index.md","markdown_url2_clean","https://docs.nordicsemi.com/","https://docs.nordicsemi.com/","url_001055","source_url","06_microcontrollers","06_microcontrollers\url_001055--docs.nordicsemi.com-index.md","copied","copied_to_category"
"C:\KICAD_SCRAPE\markdown_url2_clean\docs.oshpark.com-design-tools-altium-designer.md","docs.oshpark.com-design-tools-altium-designer.md","markdown_url2_clean","https://docs.oshpark.com/design-tools/altium-designer/","https://docs.oshpark.com/design-tools/altium-designer","url_001056","source_url","10_dfm_fabrication_assembly","10_dfm_fabrication_assembly\url_001056--docs.oshpark.com-design-tools-altium-designer.md","copied","copied_to_category"
"C:\KICAD_SCRAPE\markdown_url2_clean\docs.oshpark.com-design-tools-eagle.md","docs.oshpark.com-design-tools-eagle.md","markdown_url2_clean","https://docs.oshpark.com/design-tools/eagle/","https://docs.oshpark.com/design-tools/eagle","url_001057","source_url","10_dfm_fabrication_assembly","10_dfm_fabrication_assembly\url_001057--docs.oshpark.com-design-tools-eagle.md","copied","copied_to_category"
"C:\KICAD_SCRAPE\markdown_url2_clean\docs.oshpark.com-design-tools-gerbv.md","docs.oshpark.com-design-tools-gerbv.md","markdown_url2_clean","https://docs.oshpark.com/design-tools/gerbv/","https://docs.oshpark.com/design-tools/gerbv","url_001059","source_url","10_dfm_fabrication_assembly","10_dfm_fabrication_assembly\url_001059--docs.oshpark.com-design-tools-gerbv.md","copied","copied_to_category"
"C:\KICAD_SCRAPE\markdown_url2_clean\docs.oshpark.com-design-tools-kicad.md","docs.oshpark.com-design-tools-kicad.md","markdown_url2_clean","https://docs.oshpark.com/design-tools/kicad/","https://docs.oshpark.com/design-tools/kicad","url_001060","source_url","01_kicad_core","01_kicad_core\url_001060--docs.oshpark.com-design-tools-kicad.md","copied","copied_to_category"
"C:\KICAD_SCRAPE\markdown_url2_clean\docs.oshpark.com-services-afterdark.md","docs.oshpark.com-services-afterdark.md","markdown_url2_clean","https://docs.oshpark.com/services/afterdark/","https://docs.oshpark.com/services/afterdark","url_001061","source_url","11_calculators_ipc_reference","11_calculators_ipc_reference\url_001061--docs.oshpark.com-services-afterdark.md","copied","copied_to_category"
"C:\KICAD_SCRAPE\markdown_url2_clean\docs.oshpark.com-services-flex.md","docs.oshpark.com-services-flex.md","markdown_url2_clean","https://docs.oshpark.com/services/flex/","https://docs.oshpark.com/services/flex","url_001062","source_url","11_calculators_ipc_reference","11_calculators_ipc_reference\url_001062--docs.oshpark.com-services-flex.md","copied","copied_to_category"
"C:\KICAD_SCRAPE\markdown_url2_clean\docs.oshpark.com-services-four-layer.md","docs.oshpark.com-services-four-layer.md","markdown_url2_clean","https://docs.oshpark.com/services/four-layer/","https://docs.oshpark.com/services/four-layer","url_001063","source_url","11_calculators_ipc_reference","11_calculators_ipc_reference\url_001063--docs.oshpark.com-services-four-layer.md","copied","copied_to_category"
"C:\KICAD_SCRAPE\markdown_url2_clean\docs.oshpark.com-services-two-layer.md","docs.oshpark.com-services-two-layer.md","markdown_url2_clean","https://docs.oshpark.com/services/two-layer/","https://docs.oshpark.com/services/two-layer","url_001064","source_url","11_calculators_ipc_reference","11_calculators_ipc_reference\url_001064--docs.oshpark.com-services-two-layer.md","copied","copied_to_category"
"C:\KICAD_SCRAPE\markdown_url2_clean\docs.oshpark.com-troubleshooting.md","docs.oshpark.com-troubleshooting.md","markdown_url2_clean","https://docs.oshpark.com/troubleshooting/","https://docs.oshpark.com/troubleshooting","url_001065","source_url","09_pcb_layout_grounding_emi_si","09_pcb_layout_grounding_emi_si\url_001065--docs.oshpark.com-troubleshooting.md","copied","copied_to_category"
"C:\KICAD_SCRAPE\markdown_url2_clean\docs.sparkfun.com-SparkFun_Thing_Plus_ESP32-S3.md","docs.sparkfun.com-SparkFun_Thing_Plus_ESP32-S3.md","markdown_url2_clean","https://docs.sparkfun.com/SparkFun_Thing_Plus_ESP32-S3/","https://docs.sparkfun.com/SparkFun_Thing_Plus_ESP32-S3","url_001068","source_url","91_rejected_low_value","91_rejected_low_value\url_001068--docs.sparkfun.com-SparkFun_Thing_Plus_ESP32-S3.md","copied","copied_to_category"
"C:\KICAD_SCRAPE\markdown_url2_clean\easyeda.com-index.md","easyeda.com-index.md","markdown_url2_clean","https://easyeda.com/","https://easyeda.com/","url_001069","source_url","91_rejected_low_value","91_rejected_low_value\url_001069--easyeda.com-index.md","copied","copied_to_category"
"C:\KICAD_SCRAPE\markdown_url2_clean\ee-training.dk-index.md","ee-training.dk-index.md","markdown_url2_clean","https://www.ee-training.dk/","https://www.ee-training.dk/","url_006321","source_url","91_rejected_low_value","91_rejected_low_value\url_006321--ee-training.dk-index.md","copied","copied_to_category"
"C:\KICAD_SCRAPE\markdown_url2_clean\eevblog.com-forum-beginners.md","eevblog.com-forum-beginners.md","markdown_url2_clean","https://www.eevblog.com/forum/beginners/","https://www.eevblog.com/forum/beginners","url_006322","source_url","91_rejected_low_value","91_rejected_low_value\url_006322--eevblog.com-forum-beginners.md","copied","copied_to_category"
"C:\KICAD_SCRAPE\markdown_url2_clean\eevblog.com-forum-beginners-ground-plane-question.md","eevblog.com-forum-beginners-ground-plane-question.md","markdown_url2_clean","https://www.eevblog.com/forum/beginners/ground-plane-question/","https://www.eevblog.com/forum/beginners/ground-plane-question","url_006323","source_url","91_rejected_low_value","91_rejected_low_value\url_006323--eevblog.com-forum-beginners-ground-plane-question.md","copied","copied_to_category"
"C:\KICAD_SCRAPE\markdown_url2_clean\eevblog.com-forum-beginners-pcb-layout-review.md","eevblog.com-forum-beginners-pcb-layout-review.md","markdown_url2_clean","https://www.eevblog.com/forum/beginners/pcb-layout-review/","https://www.eevblog.com/forum/beginners/pcb-layout-review","url_006324","source_url","91_rejected_low_value","91_rejected_low_value\url_006324--eevblog.com-forum-beginners-pcb-layout-review.md","copied","copied_to_category"
"C:\KICAD_SCRAPE\markdown_url2_clean\eevblog.com-forum-eda.md","eevblog.com-forum-eda.md","markdown_url2_clean","https://www.eevblog.com/forum/eda/","https://www.eevblog.com/forum/eda","url_006325","source_url","91_rejected_low_value","91_rejected_low_value\url_006325--eevblog.com-forum-eda.md","copied","copied_to_category"
"C:\KICAD_SCRAPE\markdown_url2_clean\eevblog.com-forum-eda-kicad-6-kicad-7-kicad-8-kicad-9.md","eevblog.com-forum-eda-kicad-6-kicad-7-kicad-8-kicad-9.md","markdown_url2_clean","https://www.eevblog.com/forum/eda/kicad-6-kicad-7-kicad-8-kicad-9/","https://www.eevblog.com/forum/eda/kicad-6-kicad-7-kicad-8-kicad-9","url_006326","source_url","91_rejected_low_value","91_rejected_low_value\url_006326--eevblog.com-forum-eda-kicad-6-kicad-7-kicad-8-kicad-9.md","copied","copied_to_category"
"C:\KICAD_SCRAPE\markdown_url2_clean\eevblog.com-forum-projects.md","eevblog.com-forum-projects.md","markdown_url2_clean","https://www.eevblog.com/forum/projects/","https://www.eevblog.com/forum/projects","url_006327","source_url","91_rejected_low_value","91_rejected_low_value\url_006327--eevblog.com-forum-projects.md","copied","copied_to_category"
"C:\KICAD_SCRAPE\markdown_url2_clean\eevblog.com-forum-projects-buck-converter-layout-review.md","eevblog.com-forum-projects-buck-converter-layout-review.md","markdown_url2_clean","https://www.eevblog.com/forum/projects/buck-converter-layout-review/","https://www.eevblog.com/forum/projects/buck-converter-layout-review","url_006728","source_url","91_rejected_low_value","91_rejected_low_value\url_006728--eevblog.com-forum-projects-buck-converter-layout-review.md","copied","copied_to_category"
"C:\KICAD_SCRAPE\markdown_url2_clean\eevblog.com-forum-projects-buck-converter-noise.md","eevblog.com-forum-projects-buck-converter-noise.md","markdown_url2_clean","https://www.eevblog.com/forum/projects/buck-converter-noise/","https://www.eevblog.com/forum/projects/buck-converter-noise","url_006729","source_url","91_rejected_low_value","91_rejected_low_value\url_006729--eevblog.com-forum-projects-buck-converter-noise.md","copied","copied_to_category"
"C:\KICAD_SCRAPE\markdown_url2_clean\eevblog.com-forum-projects-esp32-antenna-layout.md","eevblog.com-forum-projects-esp32-antenna-layout.md","markdown_url2_clean","https://www.eevblog.com/forum/projects/esp32-antenna-layout/","https://www.eevblog.com/forum/projects/esp32-antenna-layout","url_006730","source_url","91_rejected_low_value","91_rejected_low_value\url_006730--eevblog.com-forum-projects-esp32-antenna-layout.md","copied","copied_to_category"
"C:\KICAD_SCRAPE\markdown_url2_clean\eevblog.com-forum-projects-esp32-pcb-layout-review.md","eevblog.com-forum-projects-esp32-pcb-layout-review.md","markdown_url2_clean","https://www.eevblog.com/forum/projects/esp32-pcb-layout-review/","https://www.eevblog.com/forum/projects/esp32-pcb-layout-review","url_006731","source_url","91_rejected_low_value","91_rejected_low_value\url_006731--eevblog.com-forum-projects-esp32-pcb-layout-review.md","copied","copied_to_category"
"C:\KICAD_SCRAPE\markdown_url2_clean\eevblog.com-forum-projects-pcb-layout-review.md","eevblog.com-forum-projects-pcb-layout-review.md","markdown_url2_clean","https://www.eevblog.com/forum/projects/pcb-layout-review/","https://www.eevblog.com/forum/projects/pcb-layout-review","url_006732","source_url","91_rejected_low_value","91_rejected_low_value\url_006732--eevblog.com-forum-projects-pcb-layout-review.md","copied","copied_to_category"
"C:\KICAD_SCRAPE\markdown_url2_clean\eevblog.com-forum-projects-rf-layout-review.md","eevblog.com-forum-projects-rf-layout-review.md","markdown_url2_clean","https://www.eevblog.com/forum/projects/rf-layout-review/","https://www.eevblog.com/forum/projects/rf-layout-review","url_006733","source_url","91_rejected_low_value","91_rejected_low_value\url_006733--eevblog.com-forum-projects-rf-layout-review.md","copied","copied_to_category"
"C:\KICAD_SCRAPE\markdown_url2_clean\eevblog.com-forum-projects-schematic-and-pcb-review.md","eevblog.com-forum-projects-schematic-and-pcb-review.md","markdown_url2_clean","https://www.eevblog.com/forum/projects/schematic-and-pcb-review/","https://www.eevblog.com/forum/projects/schematic-and-pcb-review","url_006734","source_url","91_rejected_low_value","91_rejected_low_value\url_006734--eevblog.com-forum-projects-schematic-and-pcb-review.md","copied","copied_to_category"
"C:\KICAD_SCRAPE\markdown_url2_clean\eevblog.com-forum-projects-usb-c-design-review.md","eevblog.com-forum-projects-usb-c-design-review.md","markdown_url2_clean","https://www.eevblog.com/forum/projects/usb-c-design-review/","https://www.eevblog.com/forum/projects/usb-c-design-review","url_006735","source_url","91_rejected_low_value","91_rejected_low_value\url_006735--eevblog.com-forum-projects-usb-c-design-review.md","copied","copied_to_category"
"C:\KICAD_SCRAPE\markdown_url2_clean\electronicdesign.com-technologies-power-article-21144363-power-supply-layout-and-emi.md","electronicdesign.com-technologies-power-article-21144363-power-supply-layout-and-emi.md","markdown_url2_clean","https://www.electronicdesign.com/technologies/power/article/21144363/power-supply-layout-and-emi","https://www.electronicdesign.com/technologies/power/article/21144363/power-supply-layout-and-emi","url_006736","source_url","91_rejected_low_value","91_rejected_low_value\url_006736--electronicdesign.com-technologies-power-article-21144363-power-supply-layout-and-emi.md","copied","copied_to_category"
"C:\KICAD_SCRAPE\markdown_url2_clean\electronics.stackexchange.com-questions-tagged-antenna.md","electronics.stackexchange.com-questions-tagged-antenna.md","markdown_url2_clean","https://electronics.stackexchange.com/questions/tagged/antenna","https://electronics.stackexchange.com/questions/tagged/antenna","url_001670","source_url","91_rejected_low_value","91_rejected_low_value\url_001670--electronics.stackexchange.com-questions-tagged-antenna.md","copied","copied_to_category"
"C:\KICAD_SCRAPE\markdown_url2_clean\electronics.stackexchange.com-questions-tagged-buck.md","electronics.stackexchange.com-questions-tagged-buck.md","markdown_url2_clean","https://electronics.stackexchange.com/questions/tagged/buck","https://electronics.stackexchange.com/questions/tagged/buck","url_001671","source_url","91_rejected_low_value","91_rejected_low_value\url_001671--electronics.stackexchange.com-questions-tagged-buck.md","copied","copied_to_category"
"C:\KICAD_SCRAPE\markdown_url2_clean\electronics.stackexchange.com-questions-tagged-dc-dc-converter.md","electronics.stackexchange.com-questions-tagged-dc-dc-converter.md","markdown_url2_clean","https://electronics.stackexchange.com/questions/tagged/dc-dc-converter","https://electronics.stackexchange.com/questions/tagged/dc-dc-converter","url_001672","source_url","91_rejected_low_value","91_rejected_low_value\url_001672--electronics.stackexchange.com-questions-tagged-dc-dc-converter.md","copied","copied_to_category"
"C:\KICAD_SCRAPE\markdown_url2_clean\electronics.stackexchange.com-questions-tagged-decoupling.md","electronics.stackexchange.com-questions-tagged-decoupling.md","markdown_url2_clean","https://electronics.stackexchange.com/questions/tagged/decoupling","https://electronics.stackexchange.com/questions/tagged/decoupling","url_001673","source_url","91_rejected_low_value","91_rejected_low_value\url_001673--electronics.stackexchange.com-questions-tagged-decoupling.md","copied","copied_to_category"
"C:\KICAD_SCRAPE\markdown_url2_clean\electronics.stackexchange.com-questions-tagged-differential.md","electronics.stackexchange.com-questions-tagged-differential.md","markdown_url2_clean","https://electronics.stackexchange.com/questions/tagged/differential","https://electronics.stackexchange.com/questions/tagged/differential","url_001674","source_url","91_rejected_low_value","91_rejected_low_value\url_001674--electronics.stackexchange.com-questions-tagged-differential.md","copied","copied_to_category"
"C:\KICAD_SCRAPE\markdown_url2_clean\electronics.stackexchange.com-questions-tagged-emc.md","electronics.stackexchange.com-questions-tagged-emc.md","markdown_url2_clean","https://electronics.stackexchange.com/questions/tagged/emc","https://electronics.stackexchange.com/questions/tagged/emc","url_001675","source_url","91_rejected_low_value","91_rejected_low_value\url_001675--electronics.stackexchange.com-questions-tagged-emc.md","copied","copied_to_category"
"C:\KICAD_SCRAPE\markdown_url2_clean\electronics.stackexchange.com-questions-tagged-emi.md","electronics.stackexchange.com-questions-tagged-emi.md","markdown_url2_clean","https://electronics.stackexchange.com/questions/tagged/emi","https://electronics.stackexchange.com/questions/tagged/emi","url_001676","source_url","91_rejected_low_value","91_rejected_low_value\url_001676--electronics.stackexchange.com-questions-tagged-emi.md","copied","copied_to_category"
"C:\KICAD_SCRAPE\markdown_url2_clean\electronics.stackexchange.com-questions-tagged-esd.md","electronics.stackexchange.com-questions-tagged-esd.md","markdown_url2_clean","https://electronics.stackexchange.com/questions/tagged/esd","https://electronics.stackexchange.com/questions/tagged/esd","url_001677","source_url","91_rejected_low_value","91_rejected_low_value\url_001677--electronics.stackexchange.com-questions-tagged-esd.md","copied","copied_to_category"
"C:\KICAD_SCRAPE\markdown_url2_clean\electronics.stackexchange.com-questions-tagged-esp32.md","electronics.stackexchange.com-questions-tagged-esp32.md","markdown_url2_clean","https://electronics.stackexchange.com/questions/tagged/esp32","https://electronics.stackexchange.com/questions/tagged/esp32","url_001678","source_url","91_rejected_low_value","91_rejected_low_value\url_001678--electronics.stackexchange.com-questions-tagged-esp32.md","copied","copied_to_category"
"C:\KICAD_SCRAPE\markdown_url2_clean\electronics.stackexchange.com-questions-tagged-grounding.md","electronics.stackexchange.com-questions-tagged-grounding.md","markdown_url2_clean","https://electronics.stackexchange.com/questions/tagged/grounding","https://electronics.stackexchange.com/questions/tagged/grounding","url_001679","source_url","91_rejected_low_value","91_rejected_low_value\url_001679--electronics.stackexchange.com-questions-tagged-grounding.md","copied","copied_to_category"
"C:\KICAD_SCRAPE\markdown_url2_clean\electronics.stackexchange.com-questions-tagged-ground-plane.md","electronics.stackexchange.com-questions-tagged-ground-plane.md","markdown_url2_clean","https://electronics.stackexchange.com/questions/tagged/ground-plane","https://electronics.stackexchange.com/questions/tagged/ground-plane","url_001680","source_url","91_rejected_low_value","91_rejected_low_value\url_001680--electronics.stackexchange.com-questions-tagged-ground-plane.md","copied","copied_to_category"
"C:\KICAD_SCRAPE\markdown_url2_clean\electronics.stackexchange.com-questions-tagged-kicad.md","electronics.stackexchange.com-questions-tagged-kicad.md","markdown_url2_clean","https://electronics.stackexchange.com/questions/tagged/kicad","https://electronics.stackexchange.com/questions/tagged/kicad","url_001681","source_url","91_rejected_low_value","91_rejected_low_value\url_001681--electronics.stackexchange.com-questions-tagged-kicad.md","copied","copied_to_category"
"C:\KICAD_SCRAPE\markdown_url2_clean\electronics.stackexchange.com-questions-tagged-pcb.md","electronics.stackexchange.com-questions-tagged-pcb.md","markdown_url2_clean","https://electronics.stackexchange.com/questions/tagged/pcb","https://electronics.stackexchange.com/questions/tagged/pcb","url_001682","source_url","91_rejected_low_value","91_rejected_low_value\url_001682--electronics.stackexchange.com-questions-tagged-pcb.md","copied","copied_to_category"
"C:\KICAD_SCRAPE\markdown_url2_clean\electronics.stackexchange.com-questions-tagged-pcb-design.md","electronics.stackexchange.com-questions-tagged-pcb-design.md","markdown_url2_clean","https://electronics.stackexchange.com/questions/tagged/pcb-design","https://electronics.stackexchange.com/questions/tagged/pcb-design","url_001683","source_url","91_rejected_low_value","91_rejected_low_value\url_001683--electronics.stackexchange.com-questions-tagged-pcb-design.md","copied","copied_to_category"
"C:\KICAD_SCRAPE\markdown_url2_clean\electronics.stackexchange.com-questions-tagged-pcb-layout.md","electronics.stackexchange.com-questions-tagged-pcb-layout.md","markdown_url2_clean","https://electronics.stackexchange.com/questions/tagged/pcb-layout","https://electronics.stackexchange.com/questions/tagged/pcb-layout","url_001684","source_url","91_rejected_low_value","91_rejected_low_value\url_001684--electronics.stackexchange.com-questions-tagged-pcb-layout.md","copied","copied_to_category"
"C:\KICAD_SCRAPE\markdown_url2_clean\electronics.stackexchange.com-questions-tagged-rf.md","electronics.stackexchange.com-questions-tagged-rf.md","markdown_url2_clean","https://electronics.stackexchange.com/questions/tagged/rf","https://electronics.stackexchange.com/questions/tagged/rf","url_001685","source_url","91_rejected_low_value","91_rejected_low_value\url_001685--electronics.stackexchange.com-questions-tagged-rf.md","copied","copied_to_category"
"C:\KICAD_SCRAPE\markdown_url2_clean\electronics.stackexchange.com-questions-tagged-signal-integrity.md","electronics.stackexchange.com-questions-tagged-signal-integrity.md","markdown_url2_clean","https://electronics.stackexchange.com/questions/tagged/signal-integrity","https://electronics.stackexchange.com/questions/tagged/signal-integrity","url_001686","source_url","91_rejected_low_value","91_rejected_low_value\url_001686--electronics.stackexchange.com-questions-tagged-signal-integrity.md","copied","copied_to_category"
"C:\KICAD_SCRAPE\markdown_url2_clean\electronics.stackexchange.com-questions-tagged-switching-regulator.md","electronics.stackexchange.com-questions-tagged-switching-regulator.md","markdown_url2_clean","https://electronics.stackexchange.com/questions/tagged/switching-regulator","https://electronics.stackexchange.com/questions/tagged/switching-regulator","url_001687","source_url","91_rejected_low_value","91_rejected_low_value\url_001687--electronics.stackexchange.com-questions-tagged-switching-regulator.md","copied","copied_to_category"
"C:\KICAD_SCRAPE\markdown_url2_clean\electronics.stackexchange.com-questions-tagged-usb.md","electronics.stackexchange.com-questions-tagged-usb.md","markdown_url2_clean","https://electronics.stackexchange.com/questions/tagged/usb","https://electronics.stackexchange.com/questions/tagged/usb","url_001688","source_url","91_rejected_low_value","91_rejected_low_value\url_001688--electronics.stackexchange.com-questions-tagged-usb.md","copied","copied_to_category"
"C:\KICAD_SCRAPE\markdown_url2_clean\electronics.stackexchange.com-questions-tagged-usb-c.md","electronics.stackexchange.com-questions-tagged-usb-c.md","markdown_url2_clean","https://electronics.stackexchange.com/questions/tagged/usb-c","https://electronics.stackexchange.com/questions/tagged/usb-c","url_001689","source_url","91_rejected_low_value","91_rejected_low_value\url_001689--electronics.stackexchange.com-questions-tagged-usb-c.md","copied","copied_to_category"
"C:\KICAD_SCRAPE\markdown_url2_clean\electronics.stackexchange.com-questions-tagged-wifi.md","electronics.stackexchange.com-questions-tagged-wifi.md","markdown_url2_clean","https://electronics.stackexchange.com/questions/tagged/wifi","https://electronics.stackexchange.com/questions/tagged/wifi","url_001690","source_url","91_rejected_low_value","91_rejected_low_value\url_001690--electronics.stackexchange.com-questions-tagged-wifi.md","copied","copied_to_category"
"C:\KICAD_SCRAPE\markdown_url2_clean\electronics.stackexchange.com-search.md","electronics.stackexchange.com-search.md","markdown_url2_clean","https://electronics.stackexchange.com/search?q=USB+C+PCB+layout+ESD","https://electronics.stackexchange.com/search?q=USB%2BC%2BPCB%2Blayout%2BESD","url_001695","source_url","91_rejected_low_value","91_rejected_low_value\url_001695--electronics.stackexchange.com-search.md","copied","copied_to_category"
"C:\KICAD_SCRAPE\markdown_url2_clean\en.bouffalolab.com-product.md","en.bouffalolab.com-product.md","markdown_url2_clean","https://en.bouffalolab.com/product/?type=detail&id=6","https://en.bouffalolab.com/product?id=6&type=detail","url_001697","source_url","09_pcb_layout_grounding_emi_si","09_pcb_layout_grounding_emi_si\url_001697--en.bouffalolab.com-product.md","copied","copied_to_category"
"C:\KICAD_SCRAPE\markdown_url2_clean\esp32.com-search.php.md","esp32.com-search.php.md","markdown_url2_clean","https://esp32.com/search.php?keywords=ESP32-S3+USB+layout","https://esp32.com/search.php?keywords=ESP32-S3%2BUSB%2Blayout","url_001700","source_url","91_rejected_low_value","91_rejected_low_value\url_001700--esp32.com-search.php.md","copied","copied_to_category"
"C:\KICAD_SCRAPE\markdown_url2_clean\esp32.com-viewforum.php.md","esp32.com-viewforum.php.md","markdown_url2_clean","https://esp32.com/viewforum.php?f=2","https://esp32.com/viewforum.php?f=2","url_001703","source_url","91_rejected_low_value","91_rejected_low_value\url_001703--esp32.com-viewforum.php.md","copied","copied_to_category"
"C:\KICAD_SCRAPE\markdown_url2_clean\espressif.com-en-products-devkits-esp32-c3-devkitm-1.md","espressif.com-en-products-devkits-esp32-c3-devkitm-1.md","markdown_url2_clean","https://www.espressif.com/en/products/devkits/esp32-c3-devkitm-1","https://www.espressif.com/en/products/devkits/esp32-c3-devkitm-1","url_006839","source_url","05_esp32_espressif","05_esp32_espressif\url_006839--espressif.com-en-products-devkits-esp32-c3-devkitm-1.md","copied","copied_to_category"
"C:\KICAD_SCRAPE\markdown_url2_clean\espressif.com-en-products-devkits-esp32-c6-devkitc-1.md","espressif.com-en-products-devkits-esp32-c6-devkitc-1.md","markdown_url2_clean","https://www.espressif.com/en/products/devkits/esp32-c6-devkitc-1","https://www.espressif.com/en/products/devkits/esp32-c6-devkitc-1","url_006840","source_url","05_esp32_espressif","05_esp32_espressif\url_006840--espressif.com-en-products-devkits-esp32-c6-devkitc-1.md","copied","copied_to_category"
"C:\KICAD_SCRAPE\markdown_url2_clean\espressif.com-en-products-devkits-esp32-devkitc.md","espressif.com-en-products-devkits-esp32-devkitc.md","markdown_url2_clean","https://www.espressif.com/en/products/devkits/esp32-devkitc","https://www.espressif.com/en/products/devkits/esp32-devkitc","url_006841","source_url","05_esp32_espressif","05_esp32_espressif\url_006841--espressif.com-en-products-devkits-esp32-devkitc.md","copied","copied_to_category"
"C:\KICAD_SCRAPE\markdown_url2_clean\espressif.com-en-products-devkits-esp32-p4-function-ev-board.md","espressif.com-en-products-devkits-esp32-p4-function-ev-board.md","markdown_url2_clean","https://www.espressif.com/en/products/devkits/esp32-p4-function-ev-board","https://www.espressif.com/en/products/devkits/esp32-p4-function-ev-board","url_006842","source_url","05_esp32_espressif","05_esp32_espressif\url_006842--espressif.com-en-products-devkits-esp32-p4-function-ev-board.md","copied","copied_to_category"
"C:\KICAD_SCRAPE\markdown_url2_clean\espressif.com-en-products-devkits-esp32-s3-devkitc-1.md","espressif.com-en-products-devkits-esp32-s3-devkitc-1.md","markdown_url2_clean","https://www.espressif.com/en/products/devkits/esp32-s3-devkitc-1","https://www.espressif.com/en/products/devkits/esp32-s3-devkitc-1","url_006843","source_url","05_esp32_espressif","05_esp32_espressif\url_006843--espressif.com-en-products-devkits-esp32-s3-devkitc-1.md","copied","copied_to_category"
"C:\KICAD_SCRAPE\markdown_url2_clean\espressif.com-en-products-modules.md","espressif.com-en-products-modules.md","markdown_url2_clean","https://www.espressif.com/en/products/modules","https://www.espressif.com/en/products/modules","url_006844","source_url","05_esp32_espressif","05_esp32_espressif\url_006844--espressif.com-en-products-modules.md","copied","copied_to_category"
"C:\KICAD_SCRAPE\markdown_url2_clean\espressif.com-en-products-modules-esp32-c2-mini-1.md","espressif.com-en-products-modules-esp32-c2-mini-1.md","markdown_url2_clean","https://www.espressif.com/en/products/modules/esp32-c2-mini-1","https://www.espressif.com/en/products/modules/esp32-c2-mini-1","url_006845","source_url","05_esp32_espressif","05_esp32_espressif\url_006845--espressif.com-en-products-modules-esp32-c2-mini-1.md","copied","copied_to_category"
"C:\KICAD_SCRAPE\markdown_url2_clean\espressif.com-en-products-modules-esp32-c3-mini-1.md","espressif.com-en-products-modules-esp32-c3-mini-1.md","markdown_url2_clean","https://www.espressif.com/en/products/modules/esp32-c3-mini-1","https://www.espressif.com/en/products/modules/esp32-c3-mini-1","url_006846","source_url","05_esp32_espressif","05_esp32_espressif\url_006846--espressif.com-en-products-modules-esp32-c3-mini-1.md","copied","copied_to_category"
"C:\KICAD_SCRAPE\markdown_url2_clean\espressif.com-en-products-modules-esp32-c3-wroom-02.md","espressif.com-en-products-modules-esp32-c3-wroom-02.md","markdown_url2_clean","https://www.espressif.com/en/products/modules/esp32-c3-wroom-02","https://www.espressif.com/en/products/modules/esp32-c3-wroom-02","url_006847","source_url","05_esp32_espressif","05_esp32_espressif\url_006847--espressif.com-en-products-modules-esp32-c3-wroom-02.md","copied","copied_to_category"
"C:\KICAD_SCRAPE\markdown_url2_clean\espressif.com-en-products-modules-esp32-c5-wroom-1.md","espressif.com-en-products-modules-esp32-c5-wroom-1.md","markdown_url2_clean","https://www.espressif.com/en/products/modules/esp32-c5-wroom-1","https://www.espressif.com/en/products/modules/esp32-c5-wroom-1","url_006848","source_url","05_esp32_espressif","05_esp32_espressif\url_006848--espressif.com-en-products-modules-esp32-c5-wroom-1.md","copied","copied_to_category"
"C:\KICAD_SCRAPE\markdown_url2_clean\espressif.com-en-products-modules-esp32-c6-mini-1.md","espressif.com-en-products-modules-esp32-c6-mini-1.md","markdown_url2_clean","https://www.espressif.com/en/products/modules/esp32-c6-mini-1","https://www.espressif.com/en/products/modules/esp32-c6-mini-1","url_006849","source_url","05_esp32_espressif","05_esp32_espressif\url_006849--espressif.com-en-products-modules-esp32-c6-mini-1.md","copied","copied_to_category"
"C:\KICAD_SCRAPE\markdown_url2_clean\espressif.com-en-products-modules-esp32-c6-wroom-1.md","espressif.com-en-products-modules-esp32-c6-wroom-1.md","markdown_url2_clean","https://www.espressif.com/en/products/modules/esp32-c6-wroom-1","https://www.espressif.com/en/products/modules/esp32-c6-wroom-1","url_006850","source_url","05_esp32_espressif","05_esp32_espressif\url_006850--espressif.com-en-products-modules-esp32-c6-wroom-1.md","copied","copied_to_category"
"C:\KICAD_SCRAPE\markdown_url2_clean\espressif.com-en-products-modules-esp32-h2-mini-1.md","espressif.com-en-products-modules-esp32-h2-mini-1.md","markdown_url2_clean","https://www.espressif.com/en/products/modules/esp32-h2-mini-1","https://www.espressif.com/en/products/modules/esp32-h2-mini-1","url_006851","source_url","05_esp32_espressif","05_esp32_espressif\url_006851--espressif.com-en-products-modules-esp32-h2-mini-1.md","copied","copied_to_category"
"C:\KICAD_SCRAPE\markdown_url2_clean\espressif.com-en-products-modules-esp32-s2-wroom.md","espressif.com-en-products-modules-esp32-s2-wroom.md","markdown_url2_clean","https://www.espressif.com/en/products/modules/esp32-s2-wroom","https://www.espressif.com/en/products/modules/esp32-s2-wroom","url_006852","source_url","05_esp32_espressif","05_esp32_espressif\url_006852--espressif.com-en-products-modules-esp32-s2-wroom.md","copied","copied_to_category"
"C:\KICAD_SCRAPE\markdown_url2_clean\espressif.com-en-products-modules-esp32-s2-wrover.md","espressif.com-en-products-modules-esp32-s2-wrover.md","markdown_url2_clean","https://www.espressif.com/en/products/modules/esp32-s2-wrover","https://www.espressif.com/en/products/modules/esp32-s2-wrover","url_006853","source_url","05_esp32_espressif","05_esp32_espressif\url_006853--espressif.com-en-products-modules-esp32-s2-wrover.md","copied","copied_to_category"
"C:\KICAD_SCRAPE\markdown_url2_clean\espressif.com-en-products-modules-esp32-s3-mini-1.md","espressif.com-en-products-modules-esp32-s3-mini-1.md","markdown_url2_clean","https://www.espressif.com/en/products/modules/esp32-s3-mini-1","https://www.espressif.com/en/products/modules/esp32-s3-mini-1","url_006854","source_url","05_esp32_espressif","05_esp32_espressif\url_006854--espressif.com-en-products-modules-esp32-s3-mini-1.md","copied","copied_to_category"
"C:\KICAD_SCRAPE\markdown_url2_clean\espressif.com-en-products-modules-esp32-s3-wroom-1.md","espressif.com-en-products-modules-esp32-s3-wroom-1.md","markdown_url2_clean","https://www.espressif.com/en/products/modules/esp32-s3-wroom-1","https://www.espressif.com/en/products/modules/esp32-s3-wroom-1","url_006855","source_url","05_esp32_espressif","05_esp32_espressif\url_006855--espressif.com-en-products-modules-esp32-s3-wroom-1.md","copied","copied_to_category"
"C:\KICAD_SCRAPE\markdown_url2_clean\espressif.com-en-products-modules-esp32-s3-wroom-2.md","espressif.com-en-products-modules-esp32-s3-wroom-2.md","markdown_url2_clean","https://www.espressif.com/en/products/modules/esp32-s3-wroom-2","https://www.espressif.com/en/products/modules/esp32-s3-wroom-2","url_006856","source_url","05_esp32_espressif","05_esp32_espressif\url_006856--espressif.com-en-products-modules-esp32-s3-wroom-2.md","copied","copied_to_category"
"C:\KICAD_SCRAPE\markdown_url2_clean\espressif.com-en-products-modules-esp32-s3-wrover.md","espressif.com-en-products-modules-esp32-s3-wrover.md","markdown_url2_clean","https://www.espressif.com/en/products/modules/esp32-s3-wrover","https://www.espressif.com/en/products/modules/esp32-s3-wrover","url_006857","source_url","05_esp32_espressif","05_esp32_espressif\url_006857--espressif.com-en-products-modules-esp32-s3-wrover.md","copied","copied_to_category"
"C:\KICAD_SCRAPE\markdown_url2_clean\espressif.com-en-products-modules-esp32-wroom-32.md","espressif.com-en-products-modules-esp32-wroom-32.md","markdown_url2_clean","https://www.espressif.com/en/products/modules/esp32-wroom-32","https://www.espressif.com/en/products/modules/esp32-wroom-32","url_006858","source_url","05_esp32_espressif","05_esp32_espressif\url_006858--espressif.com-en-products-modules-esp32-wroom-32.md","copied","copied_to_category"
"C:\KICAD_SCRAPE\markdown_url2_clean\espressif.com-en-products-modules-esp32-wrover.md","espressif.com-en-products-modules-esp32-wrover.md","markdown_url2_clean","https://www.espressif.com/en/products/modules/esp32-wrover","https://www.espressif.com/en/products/modules/esp32-wrover","url_006859","source_url","05_esp32_espressif","05_esp32_espressif\url_006859--espressif.com-en-products-modules-esp32-wrover.md","copied","copied_to_category"
"C:\KICAD_SCRAPE\markdown_url2_clean\espressif.com-en-products-socs.md","espressif.com-en-products-socs.md","markdown_url2_clean","https://www.espressif.com/en/products/socs","https://www.espressif.com/en/products/socs","url_006860","source_url","05_esp32_espressif","05_esp32_espressif\url_006860--espressif.com-en-products-socs.md","copied","copied_to_category"
"C:\KICAD_SCRAPE\markdown_url2_clean\espressif.com-en-products-socs-esp32.md","espressif.com-en-products-socs-esp32.md","markdown_url2_clean","https://www.espressif.com/en/products/socs/esp32","https://www.espressif.com/en/products/socs/esp32","url_006861","source_url","05_esp32_espressif","05_esp32_espressif\url_006861--espressif.com-en-products-socs-esp32.md","copied","copied_to_category"
"C:\KICAD_SCRAPE\markdown_url2_clean\espressif.com-en-products-socs-esp32-c2.md","espressif.com-en-products-socs-esp32-c2.md","markdown_url2_clean","https://www.espressif.com/en/products/socs/esp32-c2","https://www.espressif.com/en/products/socs/esp32-c2","url_006862","source_url","05_esp32_espressif","05_esp32_espressif\url_006862--espressif.com-en-products-socs-esp32-c2.md","copied","copied_to_category"
"C:\KICAD_SCRAPE\markdown_url2_clean\espressif.com-en-products-socs-esp32-c3.md","espressif.com-en-products-socs-esp32-c3.md","markdown_url2_clean","https://www.espressif.com/en/products/socs/esp32-c3","https://www.espressif.com/en/products/socs/esp32-c3","url_006863","source_url","05_esp32_espressif","05_esp32_espressif\url_006863--espressif.com-en-products-socs-esp32-c3.md","copied","copied_to_category"
"C:\KICAD_SCRAPE\markdown_url2_clean\espressif.com-en-products-socs-esp32-c5.md","espressif.com-en-products-socs-esp32-c5.md","markdown_url2_clean","https://www.espressif.com/en/products/socs/esp32-c5","https://www.espressif.com/en/products/socs/esp32-c5","url_006864","source_url","05_esp32_espressif","05_esp32_espressif\url_006864--espressif.com-en-products-socs-esp32-c5.md","copied","copied_to_category"
"C:\KICAD_SCRAPE\markdown_url2_clean\espressif.com-en-products-socs-esp32-c6.md","espressif.com-en-products-socs-esp32-c6.md","markdown_url2_clean","https://www.espressif.com/en/products/socs/esp32-c6","https://www.espressif.com/en/products/socs/esp32-c6","url_006865","source_url","05_esp32_espressif","05_esp32_espressif\url_006865--espressif.com-en-products-socs-esp32-c6.md","copied","copied_to_category"
"C:\KICAD_SCRAPE\markdown_url2_clean\espressif.com-en-products-socs-esp32-c61.md","espressif.com-en-products-socs-esp32-c61.md","markdown_url2_clean","https://www.espressif.com/en/products/socs/esp32-c61","https://www.espressif.com/en/products/socs/esp32-c61","url_006866","source_url","05_esp32_espressif","05_esp32_espressif\url_006866--espressif.com-en-products-socs-esp32-c61.md","copied","copied_to_category"
"C:\KICAD_SCRAPE\markdown_url2_clean\espressif.com-en-products-socs-esp32-h2.md","espressif.com-en-products-socs-esp32-h2.md","markdown_url2_clean","https://www.espressif.com/en/products/socs/esp32-h2","https://www.espressif.com/en/products/socs/esp32-h2","url_006867","source_url","05_esp32_espressif","05_esp32_espressif\url_006867--espressif.com-en-products-socs-esp32-h2.md","copied","copied_to_category"
"C:\KICAD_SCRAPE\markdown_url2_clean\espressif.com-en-products-socs-esp32-p4.md","espressif.com-en-products-socs-esp32-p4.md","markdown_url2_clean","https://www.espressif.com/en/products/socs/esp32-p4","https://www.espressif.com/en/products/socs/esp32-p4","url_006868","source_url","05_esp32_espressif","05_esp32_espressif\url_006868--espressif.com-en-products-socs-esp32-p4.md","copied","copied_to_category"
"C:\KICAD_SCRAPE\markdown_url2_clean\espressif.com-en-products-socs-esp32-s2.md","espressif.com-en-products-socs-esp32-s2.md","markdown_url2_clean","https://www.espressif.com/en/products/socs/esp32-s2","https://www.espressif.com/en/products/socs/esp32-s2","url_006869","source_url","05_esp32_espressif","05_esp32_espressif\url_006869--espressif.com-en-products-socs-esp32-s2.md","copied","copied_to_category"
"C:\KICAD_SCRAPE\markdown_url2_clean\espressif.com-en-products-socs-esp32-s3.md","espressif.com-en-products-socs-esp32-s3.md","markdown_url2_clean","https://www.espressif.com/en/products/socs/esp32-s3","https://www.espressif.com/en/products/socs/esp32-s3","url_006870","source_url","05_esp32_espressif","05_esp32_espressif\url_006870--espressif.com-en-products-socs-esp32-s3.md","copied","copied_to_category"
"C:\KICAD_SCRAPE\markdown_url2_clean\espressif.com-en-support-documents-technical-documents.md","espressif.com-en-support-documents-technical-documents.md","markdown_url2_clean","https://www.espressif.com/en/support/documents/technical-documents","https://www.espressif.com/en/support/documents/technical-documents","url_006871","source_url","05_esp32_espressif","05_esp32_espressif\url_006871--espressif.com-en-support-documents-technical-documents.md","copied","copied_to_category"
"C:\KICAD_SCRAPE\markdown_url2_clean\espressif.com-en-support-download-documents.md","espressif.com-en-support-download-documents.md","markdown_url2_clean","https://www.espressif.com/en/support/download/documents?keys=usb","https://www.espressif.com/en/support/download/documents?keys=usb","url_006876","source_url","05_esp32_espressif","05_esp32_espressif\url_006876--espressif.com-en-support-download-documents.md","copied","copied_to_category"
"C:\KICAD_SCRAPE\markdown_url2_clean\espressif.com-en-support-download-documents-modules.md","espressif.com-en-support-download-documents-modules.md","markdown_url2_clean","https://www.espressif.com/en/support/download/documents/modules","https://www.espressif.com/en/support/download/documents/modules","url_006872","source_url","05_esp32_espressif","05_esp32_espressif\url_006872--espressif.com-en-support-download-documents-modules.md","copied","copied_to_category"
"C:\KICAD_SCRAPE\markdown_url2_clean\espressif.com-en-support-download-documents-other.md","espressif.com-en-support-download-documents-other.md","markdown_url2_clean","https://www.espressif.com/en/support/download/documents/other","https://www.espressif.com/en/support/download/documents/other","url_006873","source_url","05_esp32_espressif","05_esp32_espressif\url_006873--espressif.com-en-support-download-documents-other.md","copied","copied_to_category"
"C:\KICAD_SCRAPE\markdown_url2_clean\eurocircuits.com-technical-guidelines-panel-guidelines.md","eurocircuits.com-technical-guidelines-panel-guidelines.md","markdown_url2_clean","https://www.eurocircuits.com/technical-guidelines/panel-guidelines/","https://www.eurocircuits.com/technical-guidelines/panel-guidelines","url_006901","source_url","10_dfm_fabrication_assembly","10_dfm_fabrication_assembly\url_006901--eurocircuits.com-technical-guidelines-panel-guidelines.md","copied","copied_to_category"
"C:\KICAD_SCRAPE\markdown_url2_clean\eurocircuits.com-technical-guidelines-pcb-design-guidelines.md","eurocircuits.com-technical-guidelines-pcb-design-guidelines.md","markdown_url2_clean","https://www.eurocircuits.com/technical-guidelines/pcb-design-guidelines/","https://www.eurocircuits.com/technical-guidelines/pcb-design-guidelines","url_006903","source_url","09_pcb_layout_grounding_emi_si","09_pcb_layout_grounding_emi_si\url_006903--eurocircuits.com-technical-guidelines-pcb-design-guidelines.md","copied","copied_to_category"
"C:\KICAD_SCRAPE\markdown_url2_clean\eurocircuits.com-technical-guidelines-via-filling.md","eurocircuits.com-technical-guidelines-via-filling.md","markdown_url2_clean","https://www.eurocircuits.com/technical-guidelines/via-filling/","https://www.eurocircuits.com/technical-guidelines/via-filling","url_006905","source_url","11_calculators_ipc_reference","11_calculators_ipc_reference\url_006905--eurocircuits.com-technical-guidelines-via-filling.md","copied","copied_to_category"
"C:\KICAD_SCRAPE\markdown_url2_clean\fastturnpcbs.com-blog-usb-type-c-pcb-design-guide.md","fastturnpcbs.com-blog-usb-type-c-pcb-design-guide.md","markdown_url2_clean","https://www.fastturnpcbs.com/blog/usb-type-c-pcb-design-guide/","https://www.fastturnpcbs.com/blog/usb-type-c-pcb-design-guide","url_006906","source_url","91_rejected_low_value","91_rejected_low_value\url_006906--fastturnpcbs.com-blog-usb-type-c-pcb-design-guide.md","copied","copied_to_category"
"C:\KICAD_SCRAPE\markdown_url2_clean\fedevel.com-blog.md","fedevel.com-blog.md","markdown_url2_clean","https://www.fedevel.com/blog?category=PCB%20Layout","https://www.fedevel.com/blog?category=PCB%20Layout","url_006910","source_url","91_rejected_low_value","91_rejected_low_value\url_006910--fedevel.com-blog.md","copied","copied_to_category"
"C:\KICAD_SCRAPE\markdown_url2_clean\fedevel.com-courses-learn-to-design-your-own-boards.md","fedevel.com-courses-learn-to-design-your-own-boards.md","markdown_url2_clean","https://www.fedevel.com/courses/learn-to-design-your-own-boards","https://www.fedevel.com/courses/learn-to-design-your-own-boards","url_006911","source_url","91_rejected_low_value","91_rejected_low_value\url_006911--fedevel.com-courses-learn-to-design-your-own-boards.md","copied","copied_to_category"
"C:\KICAD_SCRAPE\markdown_url2_clean\fedevel.com-forum.md","fedevel.com-forum.md","markdown_url2_clean","https://www.fedevel.com/forum","https://www.fedevel.com/forum","url_006912","source_url","91_rejected_low_value","91_rejected_low_value\url_006912--fedevel.com-forum.md","copied","copied_to_category"
"C:\KICAD_SCRAPE\markdown_url2_clean\fedevel.com-index.md","fedevel.com-index.md","markdown_url2_clean","https://www.fedevel.com/","https://www.fedevel.com/","url_006907","source_url","91_rejected_low_value","91_rejected_low_value\url_006907--fedevel.com-index.md","copied","copied_to_category"
"C:\KICAD_SCRAPE\markdown_url2_clean\forum.kicad.info-c-development-16.md","forum.kicad.info-c-development-16.md","markdown_url2_clean","https://forum.kicad.info/c/development/16","https://forum.kicad.info/c/development/16","url_001983","source_url","91_rejected_low_value","91_rejected_low_value\url_001983--forum.kicad.info-c-development-16.md","copied","copied_to_category"
"C:\KICAD_SCRAPE\markdown_url2_clean\forum.kicad.info-c-footprints-symbols-11.md","forum.kicad.info-c-footprints-symbols-11.md","markdown_url2_clean","https://forum.kicad.info/c/footprints-symbols/11","https://forum.kicad.info/c/footprints-symbols/11","url_001984","source_url","91_rejected_low_value","91_rejected_low_value\url_001984--forum.kicad.info-c-footprints-symbols-11.md","copied","copied_to_category"
"C:\KICAD_SCRAPE\markdown_url2_clean\forum.kicad.info-c-layout-6.md","forum.kicad.info-c-layout-6.md","markdown_url2_clean","https://forum.kicad.info/c/layout/6","https://forum.kicad.info/c/layout/6","url_001985","source_url","91_rejected_low_value","91_rejected_low_value\url_001985--forum.kicad.info-c-layout-6.md","copied","copied_to_category"
"C:\KICAD_SCRAPE\markdown_url2_clean\forum.kicad.info-c-pcbnew-20.md","forum.kicad.info-c-pcbnew-20.md","markdown_url2_clean","https://forum.kicad.info/c/pcbnew/20","https://forum.kicad.info/c/pcbnew/20","url_001986","source_url","91_rejected_low_value","91_rejected_low_value\url_001986--forum.kicad.info-c-pcbnew-20.md","copied","copied_to_category"
"C:\KICAD_SCRAPE\markdown_url2_clean\forum.kicad.info-c-software-13.md","forum.kicad.info-c-software-13.md","markdown_url2_clean","https://forum.kicad.info/c/software/13","https://forum.kicad.info/c/software/13","url_001987","source_url","91_rejected_low_value","91_rejected_low_value\url_001987--forum.kicad.info-c-software-13.md","copied","copied_to_category"
"C:\KICAD_SCRAPE\markdown_url2_clean\forum.kicad.info-index.md","forum.kicad.info-index.md","markdown_url2_clean","https://forum.kicad.info/","https://forum.kicad.info/","url_001982","source_url","91_rejected_low_value","91_rejected_low_value\url_001982--forum.kicad.info-index.md","copied","copied_to_category"
"C:\KICAD_SCRAPE\markdown_url2_clean\forum.kicad.info-search.md","forum.kicad.info-search.md","markdown_url2_clean","https://forum.kicad.info/search?q=zone%20refill%20drc","https://forum.kicad.info/search?q=zone%20refill%20drc","url_001996","source_url","91_rejected_low_value","91_rejected_low_value\url_001996--forum.kicad.info-search.md","copied","copied_to_category"
"C:\KICAD_SCRAPE\markdown_url2_clean\forum.kicad.info-t-custom-design-rules-examples-43987.md","forum.kicad.info-t-custom-design-rules-examples-43987.md","markdown_url2_clean","https://forum.kicad.info/t/custom-design-rules-examples/43987","https://forum.kicad.info/t/custom-design-rules-examples/43987","url_001997","source_url","12_forums_peer_review","12_forums_peer_review\url_001997--forum.kicad.info-t-custom-design-rules-examples-43987.md","copied","copied_to_category"
"C:\KICAD_SCRAPE\markdown_url2_clean\forum.kicad.info-t-kicad-9-0-python-api-ipc-api-57236.md","forum.kicad.info-t-kicad-9-0-python-api-ipc-api-57236.md","markdown_url2_clean","https://forum.kicad.info/t/kicad-9-0-python-api-ipc-api/57236","https://forum.kicad.info/t/kicad-9-0-python-api-ipc-api/57236","url_001998","source_url","91_rejected_low_value","91_rejected_low_value\url_001998--forum.kicad.info-t-kicad-9-0-python-api-ipc-api-57236.md","copied","copied_to_category"
"C:\KICAD_SCRAPE\markdown_url2_clean\gigadevice.com-product-mcu-high-performance-mcus-gd32f4xx-series.md","gigadevice.com-product-mcu-high-performance-mcus-gd32f4xx-series.md","markdown_url2_clean","https://www.gigadevice.com/product/mcu/high-performance-mcus/gd32f4xx-series/","https://www.gigadevice.com/product/mcu/high-performance-mcus/gd32f4xx-series","url_007014","source_url","10_dfm_fabrication_assembly","10_dfm_fabrication_assembly\url_007014--gigadevice.com-product-mcu-high-performance-mcus-gd32f4xx-series.md","copied","copied_to_category"
"C:\KICAD_SCRAPE\markdown_url2_clean\gigadevice.com-products-microcontrollers-gd32.md","gigadevice.com-products-microcontrollers-gd32.md","markdown_url2_clean","https://www.gigadevice.com/products/microcontrollers/gd32/","https://www.gigadevice.com/products/microcontrollers/gd32","url_007016","source_url","06_microcontrollers","06_microcontrollers\url_007016--gigadevice.com-products-microcontrollers-gd32.md","copied","copied_to_category"
"C:\KICAD_SCRAPE\markdown_url2_clean\github.com-atopile-kicad-python.md","github.com-atopile-kicad-python.md","markdown_url2_clean","https://github.com/atopile/kicad-python","https://github.com/atopile/kicad-python","url_002902","source_url","91_rejected_low_value","91_rejected_low_value\url_002902--github.com-atopile-kicad-python.md","copied","copied_to_category"
"C:\KICAD_SCRAPE\markdown_url2_clean\github.com-Digi-Key-digikey-kicad-library.md","github.com-Digi-Key-digikey-kicad-library.md","markdown_url2_clean","https://github.com/Digi-Key/digikey-kicad-library","https://github.com/Digi-Key/digikey-kicad-library","url_002903","source_url","91_rejected_low_value","91_rejected_low_value\url_002903--github.com-Digi-Key-digikey-kicad-library.md","copied","copied_to_category"
"C:\KICAD_SCRAPE\markdown_url2_clean\github.com-espressif-esp-dev-kits.md","github.com-espressif-esp-dev-kits.md","markdown_url2_clean","https://github.com/espressif/esp-dev-kits","https://github.com/espressif/esp-dev-kits","url_002904","source_url","91_rejected_low_value","91_rejected_low_value\url_002904--github.com-espressif-esp-dev-kits.md","copied","copied_to_category"
"C:\KICAD_SCRAPE\markdown_url2_clean\github.com-espressif-esp-dev-kits-tree-master-docs.md","github.com-espressif-esp-dev-kits-tree-master-docs.md","markdown_url2_clean","https://github.com/espressif/esp-dev-kits/tree/master/docs","https://github.com/espressif/esp-dev-kits/tree/master/docs","url_002905","source_url","91_rejected_low_value","91_rejected_low_value\url_002905--github.com-espressif-esp-dev-kits-tree-master-docs.md","copied","copied_to_category"
"C:\KICAD_SCRAPE\markdown_url2_clean\github.com-espressif-esp-hardware-design-guidelines.md","github.com-espressif-esp-hardware-design-guidelines.md","markdown_url2_clean","https://github.com/espressif/esp-hardware-design-guidelines","https://github.com/espressif/esp-hardware-design-guidelines","url_002908","source_url","91_rejected_low_value","91_rejected_low_value\url_002908--github.com-espressif-esp-hardware-design-guidelines.md","copied","copied_to_category"
"C:\KICAD_SCRAPE\markdown_url2_clean\github.com-espressif-esp-idf.md","github.com-espressif-esp-idf.md","markdown_url2_clean","https://github.com/espressif/esp-idf","https://github.com/espressif/esp-idf","url_002909","source_url","91_rejected_low_value","91_rejected_low_value\url_002909--github.com-espressif-esp-idf.md","copied","copied_to_category"
"C:\KICAD_SCRAPE\markdown_url2_clean\github.com-espressif-esp-idf-tree-master-examples-peripherals-uart.md","github.com-espressif-esp-idf-tree-master-examples-peripherals-uart.md","markdown_url2_clean","https://github.com/espressif/esp-idf/tree/master/examples/peripherals/uart","https://github.com/espressif/esp-idf/tree/master/examples/peripherals/uart","url_002910","source_url","91_rejected_low_value","91_rejected_low_value\url_002910--github.com-espressif-esp-idf-tree-master-examples-peripherals-uart.md","copied","copied_to_category"
"C:\KICAD_SCRAPE\markdown_url2_clean\github.com-espressif-esp-idf-tree-master-examples-peripherals-usb-device.md","github.com-espressif-esp-idf-tree-master-examples-peripherals-usb-device.md","markdown_url2_clean","https://github.com/espressif/esp-idf/tree/master/examples/peripherals/usb/device","https://github.com/espressif/esp-idf/tree/master/examples/peripherals/usb/device","url_002911","source_url","91_rejected_low_value","91_rejected_low_value\url_002911--github.com-espressif-esp-idf-tree-master-examples-peripherals-usb-device.md","copied","copied_to_category"
"C:\KICAD_SCRAPE\markdown_url2_clean\github.com-espressif-esp-idf-tree-master-examples-system-deep_sleep.md","github.com-espressif-esp-idf-tree-master-examples-system-deep_sleep.md","markdown_url2_clean","https://github.com/espressif/esp-idf/tree/master/examples/system/deep_sleep","https://github.com/espressif/esp-idf/tree/master/examples/system/deep_sleep","url_002912","source_url","91_rejected_low_value","91_rejected_low_value\url_002912--github.com-espressif-esp-idf-tree-master-examples-system-deep_sleep.md","copied","copied_to_category"
"C:\KICAD_SCRAPE\markdown_url2_clean\github.com-espressif-esp-idf-tree-master-examples-wifi.md","github.com-espressif-esp-idf-tree-master-examples-wifi.md","markdown_url2_clean","https://github.com/espressif/esp-idf/tree/master/examples/wifi","https://github.com/espressif/esp-idf/tree/master/examples/wifi","url_002913","source_url","91_rejected_low_value","91_rejected_low_value\url_002913--github.com-espressif-esp-idf-tree-master-examples-wifi.md","copied","copied_to_category"
"C:\KICAD_SCRAPE\markdown_url2_clean\github.com-KiCad-kicad-source-mirror.md","github.com-KiCad-kicad-source-mirror.md","markdown_url2_clean","https://github.com/KiCad/kicad-source-mirror","https://github.com/KiCad/kicad-source-mirror","url_002914","source_url","91_rejected_low_value","91_rejected_low_value\url_002914--github.com-KiCad-kicad-source-mirror.md","copied","copied_to_category"
"C:\KICAD_SCRAPE\markdown_url2_clean\github.com-KiCad-kicad-source-mirror-tree-master-pcbnew.md","github.com-KiCad-kicad-source-mirror-tree-master-pcbnew.md","markdown_url2_clean","https://github.com/KiCad/kicad-source-mirror/tree/master/pcbnew","https://github.com/KiCad/kicad-source-mirror/tree/master/pcbnew","url_002915","source_url","91_rejected_low_value","91_rejected_low_value\url_002915--github.com-KiCad-kicad-source-mirror-tree-master-pcbnew.md","copied","copied_to_category"
"C:\KICAD_SCRAPE\markdown_url2_clean\github.com-KiCad-kicad-source-mirror-tree-master-pcbnew-python.md","github.com-KiCad-kicad-source-mirror-tree-master-pcbnew-python.md","markdown_url2_clean","https://github.com/KiCad/kicad-source-mirror/tree/master/pcbnew/python","https://github.com/KiCad/kicad-source-mirror/tree/master/pcbnew/python","url_002916","source_url","91_rejected_low_value","91_rejected_low_value\url_002916--github.com-KiCad-kicad-source-mirror-tree-master-pcbnew-python.md","copied","copied_to_category"
"C:\KICAD_SCRAPE\markdown_url2_clean\gitlab.com-api-v4-projects-kicad-2Flibraries-2Fkicad-footprints-repository-tree.md","gitlab.com-api-v4-projects-kicad-2Flibraries-2Fkicad-footprints-repository-tree.md","markdown_url2_clean","https://gitlab.com/api/v4/projects/kicad%2Flibraries%2Fkicad-footprints/repository/tree?ref=master&recursive=true","https://gitlab.com/api/v4/projects/kicad%2Flibraries%2Fkicad-footprints/repository/tree?recursive=true&ref=master","url_002917","source_url","04_kicad_libraries_symbols_footprints","04_kicad_libraries_symbols_footprints\url_002917--gitlab.com-api-v4-projects-kicad-2Flibraries-2Fkicad-footprints-repository-tree.md","copied","copied_to_category"
"C:\KICAD_SCRAPE\markdown_url2_clean\gitlab.com-api-v4-projects-kicad-2Flibraries-2Fkicad-packages3D-repository-tree.md","gitlab.com-api-v4-projects-kicad-2Flibraries-2Fkicad-packages3D-repository-tree.md","markdown_url2_clean","https://gitlab.com/api/v4/projects/kicad%2Flibraries%2Fkicad-packages3D/repository/tree?ref=master&recursive=true","https://gitlab.com/api/v4/projects/kicad%2Flibraries%2Fkicad-packages3D/repository/tree?recursive=true&ref=master","url_002918","source_url","04_kicad_libraries_symbols_footprints","04_kicad_libraries_symbols_footprints\url_002918--gitlab.com-api-v4-projects-kicad-2Flibraries-2Fkicad-packages3D-repository-tree.md","copied","copied_to_category"
"C:\KICAD_SCRAPE\markdown_url2_clean\gitlab.com-api-v4-projects-kicad-2Flibraries-2Fkicad-symbols-repository-tree.md","gitlab.com-api-v4-projects-kicad-2Flibraries-2Fkicad-symbols-repository-tree.md","markdown_url2_clean","https://gitlab.com/api/v4/projects/kicad%2Flibraries%2Fkicad-symbols/repository/tree?ref=master&recursive=true","https://gitlab.com/api/v4/projects/kicad%2Flibraries%2Fkicad-symbols/repository/tree?recursive=true&ref=master","url_002919","source_url","04_kicad_libraries_symbols_footprints","04_kicad_libraries_symbols_footprints\url_002919--gitlab.com-api-v4-projects-kicad-2Flibraries-2Fkicad-symbols-repository-tree.md","copied","copied_to_category"
"C:\KICAD_SCRAPE\markdown_url2_clean\gitlab.com-kicad-code-kicad.md","gitlab.com-kicad-code-kicad.md","markdown_url2_clean","https://gitlab.com/kicad/code/kicad","https://gitlab.com/kicad/code/kicad","url_002920","source_url","91_rejected_low_value","91_rejected_low_value\url_002920--gitlab.com-kicad-code-kicad.md","copied","copied_to_category"
"C:\KICAD_SCRAPE\markdown_url2_clean\gitlab.com-kicad-code-kicad-issues.md","gitlab.com-kicad-code-kicad-issues.md","markdown_url2_clean","https://gitlab.com/kicad/code/kicad/-/issues/?search=router","https://gitlab.com/kicad/code/kicad/-/issues?search=router","url_002924","source_url","91_rejected_low_value","91_rejected_low_value\url_002924--gitlab.com-kicad-code-kicad-issues.md","copied","copied_to_category"
"C:\KICAD_SCRAPE\markdown_url2_clean\gitlab.com-kicad-code-kicad-python-blob-main-README.md.md","gitlab.com-kicad-code-kicad-python-blob-main-README.md.md","markdown_url2_clean","https://gitlab.com/kicad/code/kicad-python/-/blob/main/README.md","https://gitlab.com/kicad/code/kicad-python/-/blob/main/README.md","url_002929","source_url","91_rejected_low_value","91_rejected_low_value\url_002929--gitlab.com-kicad-code-kicad-python-blob-main-README.md.md","copied","copied_to_category"
"C:\KICAD_SCRAPE\markdown_url2_clean\gitlab.com-kicad-code-kicad-python-issues.md","gitlab.com-kicad-code-kicad-python-issues.md","markdown_url2_clean","https://gitlab.com/kicad/code/kicad-python/-/issues","https://gitlab.com/kicad/code/kicad-python/-/issues","url_002930","source_url","91_rejected_low_value","91_rejected_low_value\url_002930--gitlab.com-kicad-code-kicad-python-issues.md","copied","copied_to_category"
"C:\KICAD_SCRAPE\markdown_url2_clean\gitlab.com-kicad-code-kicad-python-tree-main.md","gitlab.com-kicad-code-kicad-python-tree-main.md","markdown_url2_clean","https://gitlab.com/kicad/code/kicad-python/-/tree/main","https://gitlab.com/kicad/code/kicad-python/-/tree/main","url_002931","source_url","91_rejected_low_value","91_rejected_low_value\url_002931--gitlab.com-kicad-code-kicad-python-tree-main.md","copied","copied_to_category"
"C:\KICAD_SCRAPE\markdown_url2_clean\gitlab.com-kicad-code-kicad-tree-master-pcbnew.md","gitlab.com-kicad-code-kicad-tree-master-pcbnew.md","markdown_url2_clean","https://gitlab.com/kicad/code/kicad/-/tree/master/pcbnew","https://gitlab.com/kicad/code/kicad/-/tree/master/pcbnew","url_002925","source_url","91_rejected_low_value","91_rejected_low_value\url_002925--gitlab.com-kicad-code-kicad-tree-master-pcbnew.md","copied","copied_to_category"
"C:\KICAD_SCRAPE\markdown_url2_clean\gitlab.com-kicad-code-kicad-tree-master-pcbnew-swig.md","gitlab.com-kicad-code-kicad-tree-master-pcbnew-swig.md","markdown_url2_clean","https://gitlab.com/kicad/code/kicad/-/tree/master/pcbnew/swig","https://gitlab.com/kicad/code/kicad/-/tree/master/pcbnew/swig","url_002926","source_url","91_rejected_low_value","91_rejected_low_value\url_002926--gitlab.com-kicad-code-kicad-tree-master-pcbnew-swig.md","copied","copied_to_category"
"C:\KICAD_SCRAPE\markdown_url2_clean\gitlab.com-kicad-code-kicad-tree-master-qa.md","gitlab.com-kicad-code-kicad-tree-master-qa.md","markdown_url2_clean","https://gitlab.com/kicad/code/kicad/-/tree/master/qa","https://gitlab.com/kicad/code/kicad/-/tree/master/qa","url_002927","source_url","91_rejected_low_value","91_rejected_low_value\url_002927--gitlab.com-kicad-code-kicad-tree-master-qa.md","copied","copied_to_category"
"C:\KICAD_SCRAPE\markdown_url2_clean\gitlab.com-kicad-code-kicad-tree-master-tools.md","gitlab.com-kicad-code-kicad-tree-master-tools.md","markdown_url2_clean","https://gitlab.com/kicad/code/kicad/-/tree/master/tools","https://gitlab.com/kicad/code/kicad/-/tree/master/tools","url_002928","source_url","91_rejected_low_value","91_rejected_low_value\url_002928--gitlab.com-kicad-code-kicad-tree-master-tools.md","copied","copied_to_category"
"C:\KICAD_SCRAPE\markdown_url2_clean\gitlab.com-kicad-libraries.md","gitlab.com-kicad-libraries.md","markdown_url2_clean","https://gitlab.com/kicad/libraries","https://gitlab.com/kicad/libraries","url_002932","source_url","04_kicad_libraries_symbols_footprints","04_kicad_libraries_symbols_footprints\url_002932--gitlab.com-kicad-libraries.md","copied","copied_to_category"
"C:\KICAD_SCRAPE\markdown_url2_clean\gitlab.com-kicad-libraries-kicad-footprints.md","gitlab.com-kicad-libraries-kicad-footprints.md","markdown_url2_clean","https://gitlab.com/kicad/libraries/kicad-footprints","https://gitlab.com/kicad/libraries/kicad-footprints","url_002933","source_url","04_kicad_libraries_symbols_footprints","04_kicad_libraries_symbols_footprints\url_002933--gitlab.com-kicad-libraries-kicad-footprints.md","copied","copied_to_category"
"C:\KICAD_SCRAPE\markdown_url2_clean\gitlab.com-kicad-libraries-kicad-footprints-tree-master-Module.pretty.md","gitlab.com-kicad-libraries-kicad-footprints-tree-master-Module.pretty.md","markdown_url2_clean","https://gitlab.com/kicad/libraries/kicad-footprints/-/tree/master/Module.pretty","https://gitlab.com/kicad/libraries/kicad-footprints/-/tree/master/Module.pretty","url_003210","source_url","91_rejected_low_value","91_rejected_low_value\url_003210--gitlab.com-kicad-libraries-kicad-footprints-tree-master-Module.pretty.md","copied","copied_to_category"
"C:\KICAD_SCRAPE\markdown_url2_clean\gitlab.com-kicad-libraries-kicad-footprints-tree-master-Package_BGA.pretty.md","gitlab.com-kicad-libraries-kicad-footprints-tree-master-Package_BGA.pretty.md","markdown_url2_clean","https://gitlab.com/kicad/libraries/kicad-footprints/-/tree/master/Package_BGA.pretty","https://gitlab.com/kicad/libraries/kicad-footprints/-/tree/master/Package_BGA.pretty","url_003223","source_url","91_rejected_low_value","91_rejected_low_value\url_003223--gitlab.com-kicad-libraries-kicad-footprints-tree-master-Package_BGA.pretty.md","copied","copied_to_category"
"C:\KICAD_SCRAPE\markdown_url2_clean\gitlab.com-kicad-libraries-kicad-footprints-tree-master-Package_CSP.pretty.md","gitlab.com-kicad-libraries-kicad-footprints-tree-master-Package_CSP.pretty.md","markdown_url2_clean","https://gitlab.com/kicad/libraries/kicad-footprints/-/tree/master/Package_CSP.pretty","https://gitlab.com/kicad/libraries/kicad-footprints/-/tree/master/Package_CSP.pretty","url_003224","source_url","91_rejected_low_value","91_rejected_low_value\url_003224--gitlab.com-kicad-libraries-kicad-footprints-tree-master-Package_CSP.pretty.md","copied","copied_to_category"
"C:\KICAD_SCRAPE\markdown_url2_clean\gitlab.com-kicad-libraries-kicad-footprints-tree-master-Package_DFN_QFN.pretty.md","gitlab.com-kicad-libraries-kicad-footprints-tree-master-Package_DFN_QFN.pretty.md","markdown_url2_clean","https://gitlab.com/kicad/libraries/kicad-footprints/-/tree/master/Package_DFN_QFN.pretty","https://gitlab.com/kicad/libraries/kicad-footprints/-/tree/master/Package_DFN_QFN.pretty","url_003225","source_url","91_rejected_low_value","91_rejected_low_value\url_003225--gitlab.com-kicad-libraries-kicad-footprints-tree-master-Package_DFN_QFN.pretty.md","copied","copied_to_category"
"C:\KICAD_SCRAPE\markdown_url2_clean\gitlab.com-kicad-libraries-kicad-footprints-tree-master-Package_LGA.pretty.md","gitlab.com-kicad-libraries-kicad-footprints-tree-master-Package_LGA.pretty.md","markdown_url2_clean","https://gitlab.com/kicad/libraries/kicad-footprints/-/tree/master/Package_LGA.pretty","https://gitlab.com/kicad/libraries/kicad-footprints/-/tree/master/Package_LGA.pretty","url_003226","source_url","91_rejected_low_value","91_rejected_low_value\url_003226--gitlab.com-kicad-libraries-kicad-footprints-tree-master-Package_LGA.pretty.md","copied","copied_to_category"
"C:\KICAD_SCRAPE\markdown_url2_clean\gitlab.com-kicad-libraries-kicad-footprints-tree-master-Package_QFP.pretty.md","gitlab.com-kicad-libraries-kicad-footprints-tree-master-Package_QFP.pretty.md","markdown_url2_clean","https://gitlab.com/kicad/libraries/kicad-footprints/-/tree/master/Package_QFP.pretty","https://gitlab.com/kicad/libraries/kicad-footprints/-/tree/master/Package_QFP.pretty","url_003227","source_url","91_rejected_low_value","91_rejected_low_value\url_003227--gitlab.com-kicad-libraries-kicad-footprints-tree-master-Package_QFP.pretty.md","copied","copied_to_category"
"C:\KICAD_SCRAPE\markdown_url2_clean\gitlab.com-kicad-libraries-kicad-footprints-tree-master-Package_SO.pretty.md","gitlab.com-kicad-libraries-kicad-footprints-tree-master-Package_SO.pretty.md","markdown_url2_clean","https://gitlab.com/kicad/libraries/kicad-footprints/-/tree/master/Package_SO.pretty","https://gitlab.com/kicad/libraries/kicad-footprints/-/tree/master/Package_SO.pretty","url_003228","source_url","91_rejected_low_value","91_rejected_low_value\url_003228--gitlab.com-kicad-libraries-kicad-footprints-tree-master-Package_SO.pretty.md","copied","copied_to_category"
"C:\KICAD_SCRAPE\markdown_url2_clean\gitlab.com-kicad-libraries-kicad-footprints-tree-master-Package_TO_SOT_SMD.pretty.md","gitlab.com-kicad-libraries-kicad-footprints-tree-master-Package_TO_SOT_SMD.pretty.md","markdown_url2_clean","https://gitlab.com/kicad/libraries/kicad-footprints/-/tree/master/Package_TO_SOT_SMD.pretty","https://gitlab.com/kicad/libraries/kicad-footprints/-/tree/master/Package_TO_SOT_SMD.pretty","url_003229","source_url","91_rejected_low_value","91_rejected_low_value\url_003229--gitlab.com-kicad-libraries-kicad-footprints-tree-master-Package_TO_SOT_SMD.pretty.md","copied","copied_to_category"
"C:\KICAD_SCRAPE\markdown_url2_clean\gitlab.com-kicad-libraries-kicad-footprints-tree-master-RF_Module.pretty.md","gitlab.com-kicad-libraries-kicad-footprints-tree-master-RF_Module.pretty.md","markdown_url2_clean","https://gitlab.com/kicad/libraries/kicad-footprints/-/tree/master/RF_Module.pretty","https://gitlab.com/kicad/libraries/kicad-footprints/-/tree/master/RF_Module.pretty","url_003366","source_url","91_rejected_low_value","91_rejected_low_value\url_003366--gitlab.com-kicad-libraries-kicad-footprints-tree-master-RF_Module.pretty.md","copied","copied_to_category"
"C:\KICAD_SCRAPE\markdown_url2_clean\gitlab.com-kicad-libraries-kicad-library-utils.md","gitlab.com-kicad-libraries-kicad-library-utils.md","markdown_url2_clean","https://gitlab.com/kicad/libraries/kicad-library-utils","https://gitlab.com/kicad/libraries/kicad-library-utils","url_003463","source_url","04_kicad_libraries_symbols_footprints","04_kicad_libraries_symbols_footprints\url_003463--gitlab.com-kicad-libraries-kicad-library-utils.md","copied","copied_to_category"
"C:\KICAD_SCRAPE\markdown_url2_clean\gitlab.com-kicad-libraries-kicad-library-utils-tree-master-klc-check.md","gitlab.com-kicad-libraries-kicad-library-utils-tree-master-klc-check.md","markdown_url2_clean","https://gitlab.com/kicad/libraries/kicad-library-utils/-/tree/master/klc-check","https://gitlab.com/kicad/libraries/kicad-library-utils/-/tree/master/klc-check","url_003464","source_url","91_rejected_low_value","91_rejected_low_value\url_003464--gitlab.com-kicad-libraries-kicad-library-utils-tree-master-klc-check.md","copied","copied_to_category"
"C:\KICAD_SCRAPE\markdown_url2_clean\gitlab.com-kicad-libraries-kicad-packages3D.md","gitlab.com-kicad-libraries-kicad-packages3D.md","markdown_url2_clean","https://gitlab.com/kicad/libraries/kicad-packages3D","https://gitlab.com/kicad/libraries/kicad-packages3D","url_003465","source_url","04_kicad_libraries_symbols_footprints","04_kicad_libraries_symbols_footprints\url_003465--gitlab.com-kicad-libraries-kicad-packages3D.md","copied","copied_to_category"
"C:\KICAD_SCRAPE\markdown_url2_clean\gitlab.com-kicad-libraries-kicad-packages3D-source.md","gitlab.com-kicad-libraries-kicad-packages3D-source.md","markdown_url2_clean","https://gitlab.com/kicad/libraries/kicad-packages3D-source","https://gitlab.com/kicad/libraries/kicad-packages3D-source","url_003466","source_url","04_kicad_libraries_symbols_footprints","04_kicad_libraries_symbols_footprints\url_003466--gitlab.com-kicad-libraries-kicad-packages3D-source.md","copied","copied_to_category"
"C:\KICAD_SCRAPE\markdown_url2_clean\gitlab.com-kicad-libraries-kicad-symbols.md","gitlab.com-kicad-libraries-kicad-symbols.md","markdown_url2_clean","https://gitlab.com/kicad/libraries/kicad-symbols","https://gitlab.com/kicad/libraries/kicad-symbols","url_003467","source_url","04_kicad_libraries_symbols_footprints","04_kicad_libraries_symbols_footprints\url_003467--gitlab.com-kicad-libraries-kicad-symbols.md","copied","copied_to_category"
"C:\KICAD_SCRAPE\markdown_url2_clean\gitlab.com-kicad-libraries-kicad-symbols-blob-master-Connector.kicad_sym.md","gitlab.com-kicad-libraries-kicad-symbols-blob-master-Connector.kicad_sym.md","markdown_url2_clean","https://gitlab.com/kicad/libraries/kicad-symbols/-/blob/master/Connector.kicad_sym","https://gitlab.com/kicad/libraries/kicad-symbols/-/blob/master/Connector.kicad_sym","url_003468","source_url","91_rejected_low_value","91_rejected_low_value\url_003468--gitlab.com-kicad-libraries-kicad-symbols-blob-master-Connector.kicad_sym.md","copied","copied_to_category"
"C:\KICAD_SCRAPE\markdown_url2_clean\gitlab.com-kicad-libraries-kicad-symbols-blob-master-Connector_Generic.kicad_sym.md","gitlab.com-kicad-libraries-kicad-symbols-blob-master-Connector_Generic.kicad_sym.md","markdown_url2_clean","https://gitlab.com/kicad/libraries/kicad-symbols/-/blob/master/Connector_Generic.kicad_sym","https://gitlab.com/kicad/libraries/kicad-symbols/-/blob/master/Connector_Generic.kicad_sym","url_003469","source_url","91_rejected_low_value","91_rejected_low_value\url_003469--gitlab.com-kicad-libraries-kicad-symbols-blob-master-Connector_Generic.kicad_sym.md","copied","copied_to_category"
"C:\KICAD_SCRAPE\markdown_url2_clean\gitlab.com-kicad-libraries-kicad-symbols-blob-master-Device.kicad_sym.md","gitlab.com-kicad-libraries-kicad-symbols-blob-master-Device.kicad_sym.md","markdown_url2_clean","https://gitlab.com/kicad/libraries/kicad-symbols/-/blob/master/Device.kicad_sym","https://gitlab.com/kicad/libraries/kicad-symbols/-/blob/master/Device.kicad_sym","url_003470","source_url","91_rejected_low_value","91_rejected_low_value\url_003470--gitlab.com-kicad-libraries-kicad-symbols-blob-master-Device.kicad_sym.md","copied","copied_to_category"
"C:\KICAD_SCRAPE\markdown_url2_clean\gitlab.com-kicad-libraries-kicad-symbols-blob-master-Interface_USB.kicad_sym.md","gitlab.com-kicad-libraries-kicad-symbols-blob-master-Interface_USB.kicad_sym.md","markdown_url2_clean","https://gitlab.com/kicad/libraries/kicad-symbols/-/blob/master/Interface_USB.kicad_sym","https://gitlab.com/kicad/libraries/kicad-symbols/-/blob/master/Interface_USB.kicad_sym","url_003471","source_url","91_rejected_low_value","91_rejected_low_value\url_003471--gitlab.com-kicad-libraries-kicad-symbols-blob-master-Interface_USB.kicad_sym.md","copied","copied_to_category"
"C:\KICAD_SCRAPE\markdown_url2_clean\gitlab.com-kicad-libraries-kicad-symbols-blob-master-MCU_Espressif.kicad_sym.md","gitlab.com-kicad-libraries-kicad-symbols-blob-master-MCU_Espressif.kicad_sym.md","markdown_url2_clean","https://gitlab.com/kicad/libraries/kicad-symbols/-/blob/master/MCU_Espressif.kicad_sym","https://gitlab.com/kicad/libraries/kicad-symbols/-/blob/master/MCU_Espressif.kicad_sym","url_003472","source_url","91_rejected_low_value","91_rejected_low_value\url_003472--gitlab.com-kicad-libraries-kicad-symbols-blob-master-MCU_Espressif.kicad_sym.md","copied","copied_to_category"
"C:\KICAD_SCRAPE\markdown_url2_clean\gitlab.com-kicad-libraries-kicad-symbols-blob-master-MCU_Microchip_ATmega.kicad_sym.md","gitlab.com-kicad-libraries-kicad-symbols-blob-master-MCU_Microchip_ATmega.kicad_sym.md","markdown_url2_clean","https://gitlab.com/kicad/libraries/kicad-symbols/-/blob/master/MCU_Microchip_ATmega.kicad_sym","https://gitlab.com/kicad/libraries/kicad-symbols/-/blob/master/MCU_Microchip_ATmega.kicad_sym","url_003473","source_url","91_rejected_low_value","91_rejected_low_value\url_003473--gitlab.com-kicad-libraries-kicad-symbols-blob-master-MCU_Microchip_ATmega.kicad_sym.md","copied","copied_to_category"
"C:\KICAD_SCRAPE\markdown_url2_clean\gitlab.com-kicad-libraries-kicad-symbols-blob-master-MCU_Microchip_ATtiny.kicad_sym.md","gitlab.com-kicad-libraries-kicad-symbols-blob-master-MCU_Microchip_ATtiny.kicad_sym.md","markdown_url2_clean","https://gitlab.com/kicad/libraries/kicad-symbols/-/blob/master/MCU_Microchip_ATtiny.kicad_sym","https://gitlab.com/kicad/libraries/kicad-symbols/-/blob/master/MCU_Microchip_ATtiny.kicad_sym","url_003474","source_url","91_rejected_low_value","91_rejected_low_value\url_003474--gitlab.com-kicad-libraries-kicad-symbols-blob-master-MCU_Microchip_ATtiny.kicad_sym.md","copied","copied_to_category"
"C:\KICAD_SCRAPE\markdown_url2_clean\gitlab.com-kicad-libraries-kicad-symbols-blob-master-MCU_Microchip_dsPIC33.kicad_sym.md","gitlab.com-kicad-libraries-kicad-symbols-blob-master-MCU_Microchip_dsPIC33.kicad_sym.md","markdown_url2_clean","https://gitlab.com/kicad/libraries/kicad-symbols/-/blob/master/MCU_Microchip_dsPIC33.kicad_sym","https://gitlab.com/kicad/libraries/kicad-symbols/-/blob/master/MCU_Microchip_dsPIC33.kicad_sym","url_003475","source_url","91_rejected_low_value","91_rejected_low_value\url_003475--gitlab.com-kicad-libraries-kicad-symbols-blob-master-MCU_Microchip_dsPIC33.kicad_sym.md","copied","copied_to_category"
"C:\KICAD_SCRAPE\markdown_url2_clean\gitlab.com-kicad-libraries-kicad-symbols-blob-master-MCU_Microchip_PIC10.kicad_sym.md","gitlab.com-kicad-libraries-kicad-symbols-blob-master-MCU_Microchip_PIC10.kicad_sym.md","markdown_url2_clean","https://gitlab.com/kicad/libraries/kicad-symbols/-/blob/master/MCU_Microchip_PIC10.kicad_sym","https://gitlab.com/kicad/libraries/kicad-symbols/-/blob/master/MCU_Microchip_PIC10.kicad_sym","url_003476","source_url","91_rejected_low_value","91_rejected_low_value\url_003476--gitlab.com-kicad-libraries-kicad-symbols-blob-master-MCU_Microchip_PIC10.kicad_sym.md","copied","copied_to_category"
"C:\KICAD_SCRAPE\markdown_url2_clean\gitlab.com-kicad-libraries-kicad-symbols-blob-master-MCU_Microchip_PIC12.kicad_sym.md","gitlab.com-kicad-libraries-kicad-symbols-blob-master-MCU_Microchip_PIC12.kicad_sym.md","markdown_url2_clean","https://gitlab.com/kicad/libraries/kicad-symbols/-/blob/master/MCU_Microchip_PIC12.kicad_sym","https://gitlab.com/kicad/libraries/kicad-symbols/-/blob/master/MCU_Microchip_PIC12.kicad_sym","url_003477","source_url","91_rejected_low_value","91_rejected_low_value\url_003477--gitlab.com-kicad-libraries-kicad-symbols-blob-master-MCU_Microchip_PIC12.kicad_sym.md","copied","copied_to_category"
"C:\KICAD_SCRAPE\markdown_url2_clean\gitlab.com-kicad-libraries-kicad-symbols-blob-master-MCU_Microchip_PIC16.kicad_sym.md","gitlab.com-kicad-libraries-kicad-symbols-blob-master-MCU_Microchip_PIC16.kicad_sym.md","markdown_url2_clean","https://gitlab.com/kicad/libraries/kicad-symbols/-/blob/master/MCU_Microchip_PIC16.kicad_sym","https://gitlab.com/kicad/libraries/kicad-symbols/-/blob/master/MCU_Microchip_PIC16.kicad_sym","url_003478","source_url","91_rejected_low_value","91_rejected_low_value\url_003478--gitlab.com-kicad-libraries-kicad-symbols-blob-master-MCU_Microchip_PIC16.kicad_sym.md","copied","copied_to_category"
"C:\KICAD_SCRAPE\markdown_url2_clean\gitlab.com-kicad-libraries-kicad-symbols-blob-master-MCU_Microchip_PIC18.kicad_sym.md","gitlab.com-kicad-libraries-kicad-symbols-blob-master-MCU_Microchip_PIC18.kicad_sym.md","markdown_url2_clean","https://gitlab.com/kicad/libraries/kicad-symbols/-/blob/master/MCU_Microchip_PIC18.kicad_sym","https://gitlab.com/kicad/libraries/kicad-symbols/-/blob/master/MCU_Microchip_PIC18.kicad_sym","url_003479","source_url","91_rejected_low_value","91_rejected_low_value\url_003479--gitlab.com-kicad-libraries-kicad-symbols-blob-master-MCU_Microchip_PIC18.kicad_sym.md","copied","copied_to_category"
"C:\KICAD_SCRAPE\markdown_url2_clean\gitlab.com-kicad-libraries-kicad-symbols-blob-master-MCU_Microchip_PIC24.kicad_sym.md","gitlab.com-kicad-libraries-kicad-symbols-blob-master-MCU_Microchip_PIC24.kicad_sym.md","markdown_url2_clean","https://gitlab.com/kicad/libraries/kicad-symbols/-/blob/master/MCU_Microchip_PIC24.kicad_sym","https://gitlab.com/kicad/libraries/kicad-symbols/-/blob/master/MCU_Microchip_PIC24.kicad_sym","url_003480","source_url","91_rejected_low_value","91_rejected_low_value\url_003480--gitlab.com-kicad-libraries-kicad-symbols-blob-master-MCU_Microchip_PIC24.kicad_sym.md","copied","copied_to_category"
"C:\KICAD_SCRAPE\markdown_url2_clean\gitlab.com-kicad-libraries-kicad-symbols-blob-master-MCU_Microchip_PIC32.kicad_sym.md","gitlab.com-kicad-libraries-kicad-symbols-blob-master-MCU_Microchip_PIC32.kicad_sym.md","markdown_url2_clean","https://gitlab.com/kicad/libraries/kicad-symbols/-/blob/master/MCU_Microchip_PIC32.kicad_sym","https://gitlab.com/kicad/libraries/kicad-symbols/-/blob/master/MCU_Microchip_PIC32.kicad_sym","url_003481","source_url","91_rejected_low_value","91_rejected_low_value\url_003481--gitlab.com-kicad-libraries-kicad-symbols-blob-master-MCU_Microchip_PIC32.kicad_sym.md","copied","copied_to_category"
"C:\KICAD_SCRAPE\markdown_url2_clean\gitlab.com-kicad-libraries-kicad-symbols-blob-master-MCU_Microchip_SAMD.kicad_sym.md","gitlab.com-kicad-libraries-kicad-symbols-blob-master-MCU_Microchip_SAMD.kicad_sym.md","markdown_url2_clean","https://gitlab.com/kicad/libraries/kicad-symbols/-/blob/master/MCU_Microchip_SAMD.kicad_sym","https://gitlab.com/kicad/libraries/kicad-symbols/-/blob/master/MCU_Microchip_SAMD.kicad_sym","url_003482","source_url","91_rejected_low_value","91_rejected_low_value\url_003482--gitlab.com-kicad-libraries-kicad-symbols-blob-master-MCU_Microchip_SAMD.kicad_sym.md","copied","copied_to_category"
"C:\KICAD_SCRAPE\markdown_url2_clean\gitlab.com-kicad-libraries-kicad-symbols-blob-master-MCU_Microchip_SAME.kicad_sym.md","gitlab.com-kicad-libraries-kicad-symbols-blob-master-MCU_Microchip_SAME.kicad_sym.md","markdown_url2_clean","https://gitlab.com/kicad/libraries/kicad-symbols/-/blob/master/MCU_Microchip_SAME.kicad_sym","https://gitlab.com/kicad/libraries/kicad-symbols/-/blob/master/MCU_Microchip_SAME.kicad_sym","url_003483","source_url","91_rejected_low_value","91_rejected_low_value\url_003483--gitlab.com-kicad-libraries-kicad-symbols-blob-master-MCU_Microchip_SAME.kicad_sym.md","copied","copied_to_category"
"C:\KICAD_SCRAPE\markdown_url2_clean\gitlab.com-kicad-libraries-kicad-symbols-blob-master-MCU_Microchip_SAML.kicad_sym.md","gitlab.com-kicad-libraries-kicad-symbols-blob-master-MCU_Microchip_SAML.kicad_sym.md","markdown_url2_clean","https://gitlab.com/kicad/libraries/kicad-symbols/-/blob/master/MCU_Microchip_SAML.kicad_sym","https://gitlab.com/kicad/libraries/kicad-symbols/-/blob/master/MCU_Microchip_SAML.kicad_sym","url_003484","source_url","91_rejected_low_value","91_rejected_low_value\url_003484--gitlab.com-kicad-libraries-kicad-symbols-blob-master-MCU_Microchip_SAML.kicad_sym.md","copied","copied_to_category"
"C:\KICAD_SCRAPE\markdown_url2_clean\gitlab.com-kicad-libraries-kicad-symbols-blob-master-MCU_Microchip_SAMV.kicad_sym.md","gitlab.com-kicad-libraries-kicad-symbols-blob-master-MCU_Microchip_SAMV.kicad_sym.md","markdown_url2_clean","https://gitlab.com/kicad/libraries/kicad-symbols/-/blob/master/MCU_Microchip_SAMV.kicad_sym","https://gitlab.com/kicad/libraries/kicad-symbols/-/blob/master/MCU_Microchip_SAMV.kicad_sym","url_003485","source_url","91_rejected_low_value","91_rejected_low_value\url_003485--gitlab.com-kicad-libraries-kicad-symbols-blob-master-MCU_Microchip_SAMV.kicad_sym.md","copied","copied_to_category"
"C:\KICAD_SCRAPE\markdown_url2_clean\gitlab.com-kicad-libraries-kicad-symbols-blob-master-MCU_Module.kicad_sym.md","gitlab.com-kicad-libraries-kicad-symbols-blob-master-MCU_Module.kicad_sym.md","markdown_url2_clean","https://gitlab.com/kicad/libraries/kicad-symbols/-/blob/master/MCU_Module.kicad_sym","https://gitlab.com/kicad/libraries/kicad-symbols/-/blob/master/MCU_Module.kicad_sym","url_003486","source_url","91_rejected_low_value","91_rejected_low_value\url_003486--gitlab.com-kicad-libraries-kicad-symbols-blob-master-MCU_Module.kicad_sym.md","copied","copied_to_category"
"C:\KICAD_SCRAPE\markdown_url2_clean\gitlab.com-kicad-libraries-kicad-symbols-blob-master-MCU_Nordic.kicad_sym.md","gitlab.com-kicad-libraries-kicad-symbols-blob-master-MCU_Nordic.kicad_sym.md","markdown_url2_clean","https://gitlab.com/kicad/libraries/kicad-symbols/-/blob/master/MCU_Nordic.kicad_sym","https://gitlab.com/kicad/libraries/kicad-symbols/-/blob/master/MCU_Nordic.kicad_sym","url_003487","source_url","91_rejected_low_value","91_rejected_low_value\url_003487--gitlab.com-kicad-libraries-kicad-symbols-blob-master-MCU_Nordic.kicad_sym.md","copied","copied_to_category"
"C:\KICAD_SCRAPE\markdown_url2_clean\gitlab.com-kicad-libraries-kicad-symbols-blob-master-MCU_NXP_Kinetis.kicad_sym.md","gitlab.com-kicad-libraries-kicad-symbols-blob-master-MCU_NXP_Kinetis.kicad_sym.md","markdown_url2_clean","https://gitlab.com/kicad/libraries/kicad-symbols/-/blob/master/MCU_NXP_Kinetis.kicad_sym","https://gitlab.com/kicad/libraries/kicad-symbols/-/blob/master/MCU_NXP_Kinetis.kicad_sym","url_003488","source_url","91_rejected_low_value","91_rejected_low_value\url_003488--gitlab.com-kicad-libraries-kicad-symbols-blob-master-MCU_NXP_Kinetis.kicad_sym.md","copied","copied_to_category"
"C:\KICAD_SCRAPE\markdown_url2_clean\gitlab.com-kicad-libraries-kicad-symbols-blob-master-MCU_NXP_LPC.kicad_sym.md","gitlab.com-kicad-libraries-kicad-symbols-blob-master-MCU_NXP_LPC.kicad_sym.md","markdown_url2_clean","https://gitlab.com/kicad/libraries/kicad-symbols/-/blob/master/MCU_NXP_LPC.kicad_sym","https://gitlab.com/kicad/libraries/kicad-symbols/-/blob/master/MCU_NXP_LPC.kicad_sym","url_003489","source_url","91_rejected_low_value","91_rejected_low_value\url_003489--gitlab.com-kicad-libraries-kicad-symbols-blob-master-MCU_NXP_LPC.kicad_sym.md","copied","copied_to_category"
"C:\KICAD_SCRAPE\markdown_url2_clean\gitlab.com-kicad-libraries-kicad-symbols-blob-master-MCU_RaspberryPi_and_Boards.kicad_sym.md","gitlab.com-kicad-libraries-kicad-symbols-blob-master-MCU_RaspberryPi_and_Boards.kicad_sym.md","markdown_url2_clean","https://gitlab.com/kicad/libraries/kicad-symbols/-/blob/master/MCU_RaspberryPi_and_Boards.kicad_sym","https://gitlab.com/kicad/libraries/kicad-symbols/-/blob/master/MCU_RaspberryPi_and_Boards.kicad_sym","url_003490","source_url","91_rejected_low_value","91_rejected_low_value\url_003490--gitlab.com-kicad-libraries-kicad-symbols-blob-master-MCU_RaspberryPi_and_Boards.kicad_sym.md","copied","copied_to_category"
"C:\KICAD_SCRAPE\markdown_url2_clean\gitlab.com-kicad-libraries-kicad-symbols-blob-master-MCU_SiliconLabs.kicad_sym.md","gitlab.com-kicad-libraries-kicad-symbols-blob-master-MCU_SiliconLabs.kicad_sym.md","markdown_url2_clean","https://gitlab.com/kicad/libraries/kicad-symbols/-/blob/master/MCU_SiliconLabs.kicad_sym","https://gitlab.com/kicad/libraries/kicad-symbols/-/blob/master/MCU_SiliconLabs.kicad_sym","url_003491","source_url","91_rejected_low_value","91_rejected_low_value\url_003491--gitlab.com-kicad-libraries-kicad-symbols-blob-master-MCU_SiliconLabs.kicad_sym.md","copied","copied_to_category"
"C:\KICAD_SCRAPE\markdown_url2_clean\gitlab.com-kicad-libraries-kicad-symbols-blob-master-MCU_ST_STM32C0.kicad_sym.md","gitlab.com-kicad-libraries-kicad-symbols-blob-master-MCU_ST_STM32C0.kicad_sym.md","markdown_url2_clean","https://gitlab.com/kicad/libraries/kicad-symbols/-/blob/master/MCU_ST_STM32C0.kicad_sym","https://gitlab.com/kicad/libraries/kicad-symbols/-/blob/master/MCU_ST_STM32C0.kicad_sym","url_003492","source_url","91_rejected_low_value","91_rejected_low_value\url_003492--gitlab.com-kicad-libraries-kicad-symbols-blob-master-MCU_ST_STM32C0.kicad_sym.md","copied","copied_to_category"
"C:\KICAD_SCRAPE\markdown_url2_clean\gitlab.com-kicad-libraries-kicad-symbols-blob-master-MCU_ST_STM32F0.kicad_sym.md","gitlab.com-kicad-libraries-kicad-symbols-blob-master-MCU_ST_STM32F0.kicad_sym.md","markdown_url2_clean","https://gitlab.com/kicad/libraries/kicad-symbols/-/blob/master/MCU_ST_STM32F0.kicad_sym","https://gitlab.com/kicad/libraries/kicad-symbols/-/blob/master/MCU_ST_STM32F0.kicad_sym","url_003493","source_url","91_rejected_low_value","91_rejected_low_value\url_003493--gitlab.com-kicad-libraries-kicad-symbols-blob-master-MCU_ST_STM32F0.kicad_sym.md","copied","copied_to_category"
"C:\KICAD_SCRAPE\markdown_url2_clean\gitlab.com-kicad-libraries-kicad-symbols-blob-master-MCU_ST_STM32F1.kicad_sym.md","gitlab.com-kicad-libraries-kicad-symbols-blob-master-MCU_ST_STM32F1.kicad_sym.md","markdown_url2_clean","https://gitlab.com/kicad/libraries/kicad-symbols/-/blob/master/MCU_ST_STM32F1.kicad_sym","https://gitlab.com/kicad/libraries/kicad-symbols/-/blob/master/MCU_ST_STM32F1.kicad_sym","url_003494","source_url","91_rejected_low_value","91_rejected_low_value\url_003494--gitlab.com-kicad-libraries-kicad-symbols-blob-master-MCU_ST_STM32F1.kicad_sym.md","copied","copied_to_category"
"C:\KICAD_SCRAPE\markdown_url2_clean\gitlab.com-kicad-libraries-kicad-symbols-blob-master-MCU_ST_STM32F2.kicad_sym.md","gitlab.com-kicad-libraries-kicad-symbols-blob-master-MCU_ST_STM32F2.kicad_sym.md","markdown_url2_clean","https://gitlab.com/kicad/libraries/kicad-symbols/-/blob/master/MCU_ST_STM32F2.kicad_sym","https://gitlab.com/kicad/libraries/kicad-symbols/-/blob/master/MCU_ST_STM32F2.kicad_sym","url_003495","source_url","91_rejected_low_value","91_rejected_low_value\url_003495--gitlab.com-kicad-libraries-kicad-symbols-blob-master-MCU_ST_STM32F2.kicad_sym.md","copied","copied_to_category"
"C:\KICAD_SCRAPE\markdown_url2_clean\gitlab.com-kicad-libraries-kicad-symbols-blob-master-MCU_ST_STM32F3.kicad_sym.md","gitlab.com-kicad-libraries-kicad-symbols-blob-master-MCU_ST_STM32F3.kicad_sym.md","markdown_url2_clean","https://gitlab.com/kicad/libraries/kicad-symbols/-/blob/master/MCU_ST_STM32F3.kicad_sym","https://gitlab.com/kicad/libraries/kicad-symbols/-/blob/master/MCU_ST_STM32F3.kicad_sym","url_003496","source_url","91_rejected_low_value","91_rejected_low_value\url_003496--gitlab.com-kicad-libraries-kicad-symbols-blob-master-MCU_ST_STM32F3.kicad_sym.md","copied","copied_to_category"
"C:\KICAD_SCRAPE\markdown_url2_clean\gitlab.com-kicad-libraries-kicad-symbols-blob-master-MCU_ST_STM32F4.kicad_sym.md","gitlab.com-kicad-libraries-kicad-symbols-blob-master-MCU_ST_STM32F4.kicad_sym.md","markdown_url2_clean","https://gitlab.com/kicad/libraries/kicad-symbols/-/blob/master/MCU_ST_STM32F4.kicad_sym","https://gitlab.com/kicad/libraries/kicad-symbols/-/blob/master/MCU_ST_STM32F4.kicad_sym","url_003497","source_url","91_rejected_low_value","91_rejected_low_value\url_003497--gitlab.com-kicad-libraries-kicad-symbols-blob-master-MCU_ST_STM32F4.kicad_sym.md","copied","copied_to_category"
"C:\KICAD_SCRAPE\markdown_url2_clean\gitlab.com-kicad-libraries-kicad-symbols-blob-master-MCU_ST_STM32F7.kicad_sym.md","gitlab.com-kicad-libraries-kicad-symbols-blob-master-MCU_ST_STM32F7.kicad_sym.md","markdown_url2_clean","https://gitlab.com/kicad/libraries/kicad-symbols/-/blob/master/MCU_ST_STM32F7.kicad_sym","https://gitlab.com/kicad/libraries/kicad-symbols/-/blob/master/MCU_ST_STM32F7.kicad_sym","url_003498","source_url","91_rejected_low_value","91_rejected_low_value\url_003498--gitlab.com-kicad-libraries-kicad-symbols-blob-master-MCU_ST_STM32F7.kicad_sym.md","copied","copied_to_category"
"C:\KICAD_SCRAPE\markdown_url2_clean\gitlab.com-kicad-libraries-kicad-symbols-blob-master-MCU_ST_STM32G0.kicad_sym.md","gitlab.com-kicad-libraries-kicad-symbols-blob-master-MCU_ST_STM32G0.kicad_sym.md","markdown_url2_clean","https://gitlab.com/kicad/libraries/kicad-symbols/-/blob/master/MCU_ST_STM32G0.kicad_sym","https://gitlab.com/kicad/libraries/kicad-symbols/-/blob/master/MCU_ST_STM32G0.kicad_sym","url_003499","source_url","91_rejected_low_value","91_rejected_low_value\url_003499--gitlab.com-kicad-libraries-kicad-symbols-blob-master-MCU_ST_STM32G0.kicad_sym.md","copied","copied_to_category"
"C:\KICAD_SCRAPE\markdown_url2_clean\gitlab.com-kicad-libraries-kicad-symbols-blob-master-MCU_ST_STM32G4.kicad_sym.md","gitlab.com-kicad-libraries-kicad-symbols-blob-master-MCU_ST_STM32G4.kicad_sym.md","markdown_url2_clean","https://gitlab.com/kicad/libraries/kicad-symbols/-/blob/master/MCU_ST_STM32G4.kicad_sym","https://gitlab.com/kicad/libraries/kicad-symbols/-/blob/master/MCU_ST_STM32G4.kicad_sym","url_003500","source_url","91_rejected_low_value","91_rejected_low_value\url_003500--gitlab.com-kicad-libraries-kicad-symbols-blob-master-MCU_ST_STM32G4.kicad_sym.md","copied","copied_to_category"
"C:\KICAD_SCRAPE\markdown_url2_clean\gitlab.com-kicad-libraries-kicad-symbols-blob-master-MCU_ST_STM32H5.kicad_sym.md","gitlab.com-kicad-libraries-kicad-symbols-blob-master-MCU_ST_STM32H5.kicad_sym.md","markdown_url2_clean","https://gitlab.com/kicad/libraries/kicad-symbols/-/blob/master/MCU_ST_STM32H5.kicad_sym","https://gitlab.com/kicad/libraries/kicad-symbols/-/blob/master/MCU_ST_STM32H5.kicad_sym","url_003501","source_url","91_rejected_low_value","91_rejected_low_value\url_003501--gitlab.com-kicad-libraries-kicad-symbols-blob-master-MCU_ST_STM32H5.kicad_sym.md","copied","copied_to_category"
"C:\KICAD_SCRAPE\markdown_url2_clean\gitlab.com-kicad-libraries-kicad-symbols-blob-master-MCU_ST_STM32H7.kicad_sym.md","gitlab.com-kicad-libraries-kicad-symbols-blob-master-MCU_ST_STM32H7.kicad_sym.md","markdown_url2_clean","https://gitlab.com/kicad/libraries/kicad-symbols/-/blob/master/MCU_ST_STM32H7.kicad_sym","https://gitlab.com/kicad/libraries/kicad-symbols/-/blob/master/MCU_ST_STM32H7.kicad_sym","url_003502","source_url","91_rejected_low_value","91_rejected_low_value\url_003502--gitlab.com-kicad-libraries-kicad-symbols-blob-master-MCU_ST_STM32H7.kicad_sym.md","copied","copied_to_category"
"C:\KICAD_SCRAPE\markdown_url2_clean\gitlab.com-kicad-libraries-kicad-symbols-blob-master-MCU_ST_STM32L0.kicad_sym.md","gitlab.com-kicad-libraries-kicad-symbols-blob-master-MCU_ST_STM32L0.kicad_sym.md","markdown_url2_clean","https://gitlab.com/kicad/libraries/kicad-symbols/-/blob/master/MCU_ST_STM32L0.kicad_sym","https://gitlab.com/kicad/libraries/kicad-symbols/-/blob/master/MCU_ST_STM32L0.kicad_sym","url_003503","source_url","91_rejected_low_value","91_rejected_low_value\url_003503--gitlab.com-kicad-libraries-kicad-symbols-blob-master-MCU_ST_STM32L0.kicad_sym.md","copied","copied_to_category"
"C:\KICAD_SCRAPE\markdown_url2_clean\gitlab.com-kicad-libraries-kicad-symbols-blob-master-MCU_ST_STM32L1.kicad_sym.md","gitlab.com-kicad-libraries-kicad-symbols-blob-master-MCU_ST_STM32L1.kicad_sym.md","markdown_url2_clean","https://gitlab.com/kicad/libraries/kicad-symbols/-/blob/master/MCU_ST_STM32L1.kicad_sym","https://gitlab.com/kicad/libraries/kicad-symbols/-/blob/master/MCU_ST_STM32L1.kicad_sym","url_003504","source_url","91_rejected_low_value","91_rejected_low_value\url_003504--gitlab.com-kicad-libraries-kicad-symbols-blob-master-MCU_ST_STM32L1.kicad_sym.md","copied","copied_to_category"
"C:\KICAD_SCRAPE\markdown_url2_clean\gitlab.com-kicad-libraries-kicad-symbols-blob-master-MCU_ST_STM32L4.kicad_sym.md","gitlab.com-kicad-libraries-kicad-symbols-blob-master-MCU_ST_STM32L4.kicad_sym.md","markdown_url2_clean","https://gitlab.com/kicad/libraries/kicad-symbols/-/blob/master/MCU_ST_STM32L4.kicad_sym","https://gitlab.com/kicad/libraries/kicad-symbols/-/blob/master/MCU_ST_STM32L4.kicad_sym","url_003505","source_url","91_rejected_low_value","91_rejected_low_value\url_003505--gitlab.com-kicad-libraries-kicad-symbols-blob-master-MCU_ST_STM32L4.kicad_sym.md","copied","copied_to_category"
"C:\KICAD_SCRAPE\markdown_url2_clean\gitlab.com-kicad-libraries-kicad-symbols-blob-master-MCU_ST_STM32L5.kicad_sym.md","gitlab.com-kicad-libraries-kicad-symbols-blob-master-MCU_ST_STM32L5.kicad_sym.md","markdown_url2_clean","https://gitlab.com/kicad/libraries/kicad-symbols/-/blob/master/MCU_ST_STM32L5.kicad_sym","https://gitlab.com/kicad/libraries/kicad-symbols/-/blob/master/MCU_ST_STM32L5.kicad_sym","url_003506","source_url","91_rejected_low_value","91_rejected_low_value\url_003506--gitlab.com-kicad-libraries-kicad-symbols-blob-master-MCU_ST_STM32L5.kicad_sym.md","copied","copied_to_category"
"C:\KICAD_SCRAPE\markdown_url2_clean\gitlab.com-kicad-libraries-kicad-symbols-blob-master-MCU_ST_STM32U0.kicad_sym.md","gitlab.com-kicad-libraries-kicad-symbols-blob-master-MCU_ST_STM32U0.kicad_sym.md","markdown_url2_clean","https://gitlab.com/kicad/libraries/kicad-symbols/-/blob/master/MCU_ST_STM32U0.kicad_sym","https://gitlab.com/kicad/libraries/kicad-symbols/-/blob/master/MCU_ST_STM32U0.kicad_sym","url_003507","source_url","91_rejected_low_value","91_rejected_low_value\url_003507--gitlab.com-kicad-libraries-kicad-symbols-blob-master-MCU_ST_STM32U0.kicad_sym.md","copied","copied_to_category"
"C:\KICAD_SCRAPE\markdown_url2_clean\gitlab.com-kicad-libraries-kicad-symbols-blob-master-MCU_ST_STM32U5.kicad_sym.md","gitlab.com-kicad-libraries-kicad-symbols-blob-master-MCU_ST_STM32U5.kicad_sym.md","markdown_url2_clean","https://gitlab.com/kicad/libraries/kicad-symbols/-/blob/master/MCU_ST_STM32U5.kicad_sym","https://gitlab.com/kicad/libraries/kicad-symbols/-/blob/master/MCU_ST_STM32U5.kicad_sym","url_003508","source_url","91_rejected_low_value","91_rejected_low_value\url_003508--gitlab.com-kicad-libraries-kicad-symbols-blob-master-MCU_ST_STM32U5.kicad_sym.md","copied","copied_to_category"
"C:\KICAD_SCRAPE\markdown_url2_clean\gitlab.com-kicad-libraries-kicad-symbols-blob-master-MCU_ST_STM32WB.kicad_sym.md","gitlab.com-kicad-libraries-kicad-symbols-blob-master-MCU_ST_STM32WB.kicad_sym.md","markdown_url2_clean","https://gitlab.com/kicad/libraries/kicad-symbols/-/blob/master/MCU_ST_STM32WB.kicad_sym","https://gitlab.com/kicad/libraries/kicad-symbols/-/blob/master/MCU_ST_STM32WB.kicad_sym","url_003509","source_url","91_rejected_low_value","91_rejected_low_value\url_003509--gitlab.com-kicad-libraries-kicad-symbols-blob-master-MCU_ST_STM32WB.kicad_sym.md","copied","copied_to_category"
"C:\KICAD_SCRAPE\markdown_url2_clean\gitlab.com-kicad-libraries-kicad-symbols-blob-master-MCU_ST_STM32WL.kicad_sym.md","gitlab.com-kicad-libraries-kicad-symbols-blob-master-MCU_ST_STM32WL.kicad_sym.md","markdown_url2_clean","https://gitlab.com/kicad/libraries/kicad-symbols/-/blob/master/MCU_ST_STM32WL.kicad_sym","https://gitlab.com/kicad/libraries/kicad-symbols/-/blob/master/MCU_ST_STM32WL.kicad_sym","url_003510","source_url","91_rejected_low_value","91_rejected_low_value\url_003510--gitlab.com-kicad-libraries-kicad-symbols-blob-master-MCU_ST_STM32WL.kicad_sym.md","copied","copied_to_category"
"C:\KICAD_SCRAPE\markdown_url2_clean\gitlab.com-kicad-libraries-kicad-symbols-blob-master-MCU_Texas.kicad_sym.md","gitlab.com-kicad-libraries-kicad-symbols-blob-master-MCU_Texas.kicad_sym.md","markdown_url2_clean","https://gitlab.com/kicad/libraries/kicad-symbols/-/blob/master/MCU_Texas.kicad_sym","https://gitlab.com/kicad/libraries/kicad-symbols/-/blob/master/MCU_Texas.kicad_sym","url_003511","source_url","91_rejected_low_value","91_rejected_low_value\url_003511--gitlab.com-kicad-libraries-kicad-symbols-blob-master-MCU_Texas.kicad_sym.md","copied","copied_to_category"
"C:\KICAD_SCRAPE\markdown_url2_clean\gitlab.com-kicad-libraries-kicad-symbols-blob-master-Power_Management.kicad_sym.md","gitlab.com-kicad-libraries-kicad-symbols-blob-master-Power_Management.kicad_sym.md","markdown_url2_clean","https://gitlab.com/kicad/libraries/kicad-symbols/-/blob/master/Power_Management.kicad_sym","https://gitlab.com/kicad/libraries/kicad-symbols/-/blob/master/Power_Management.kicad_sym","url_003512","source_url","91_rejected_low_value","91_rejected_low_value\url_003512--gitlab.com-kicad-libraries-kicad-symbols-blob-master-Power_Management.kicad_sym.md","copied","copied_to_category"
"C:\KICAD_SCRAPE\markdown_url2_clean\gitlab.com-kicad-libraries-kicad-symbols-blob-master-Regulator_Switching.kicad_sym.md","gitlab.com-kicad-libraries-kicad-symbols-blob-master-Regulator_Switching.kicad_sym.md","markdown_url2_clean","https://gitlab.com/kicad/libraries/kicad-symbols/-/blob/master/Regulator_Switching.kicad_sym","https://gitlab.com/kicad/libraries/kicad-symbols/-/blob/master/Regulator_Switching.kicad_sym","url_003513","source_url","91_rejected_low_value","91_rejected_low_value\url_003513--gitlab.com-kicad-libraries-kicad-symbols-blob-master-Regulator_Switching.kicad_sym.md","copied","copied_to_category"
"C:\KICAD_SCRAPE\markdown_url2_clean\gitlab.com-kicad-libraries-kicad-symbols-blob-master-RF_Module.kicad_sym.md","gitlab.com-kicad-libraries-kicad-symbols-blob-master-RF_Module.kicad_sym.md","markdown_url2_clean","https://gitlab.com/kicad/libraries/kicad-symbols/-/blob/master/RF_Module.kicad_sym","https://gitlab.com/kicad/libraries/kicad-symbols/-/blob/master/RF_Module.kicad_sym","url_003514","source_url","91_rejected_low_value","91_rejected_low_value\url_003514--gitlab.com-kicad-libraries-kicad-symbols-blob-master-RF_Module.kicad_sym.md","copied","copied_to_category"
"C:\KICAD_SCRAPE\markdown_url2_clean\gitlab.com-kicad-libraries-kicad-templates.md","gitlab.com-kicad-libraries-kicad-templates.md","markdown_url2_clean","https://gitlab.com/kicad/libraries/kicad-templates","https://gitlab.com/kicad/libraries/kicad-templates","url_003515","source_url","04_kicad_libraries_symbols_footprints","04_kicad_libraries_symbols_footprints\url_003515--gitlab.com-kicad-libraries-kicad-templates.md","copied","copied_to_category"
"C:\KICAD_SCRAPE\markdown_url2_clean\hackaday.com-tag-antenna.md","hackaday.com-tag-antenna.md","markdown_url2_clean","https://hackaday.com/tag/antenna/","https://hackaday.com/tag/antenna","url_004517","source_url","91_rejected_low_value","91_rejected_low_value\url_004517--hackaday.com-tag-antenna.md","copied","copied_to_category"
"C:\KICAD_SCRAPE\markdown_url2_clean\hackaday.com-tag-buck-converter.md","hackaday.com-tag-buck-converter.md","markdown_url2_clean","https://hackaday.com/tag/buck-converter/","https://hackaday.com/tag/buck-converter","url_004518","source_url","91_rejected_low_value","91_rejected_low_value\url_004518--hackaday.com-tag-buck-converter.md","copied","copied_to_category"
"C:\KICAD_SCRAPE\markdown_url2_clean\hackaday.com-tag-esd.md","hackaday.com-tag-esd.md","markdown_url2_clean","https://hackaday.com/tag/esd/","https://hackaday.com/tag/esd","url_004519","source_url","91_rejected_low_value","91_rejected_low_value\url_004519--hackaday.com-tag-esd.md","copied","copied_to_category"
"C:\KICAD_SCRAPE\markdown_url2_clean\hackaday.com-tag-esp32-s3.md","hackaday.com-tag-esp32-s3.md","markdown_url2_clean","https://hackaday.com/tag/esp32-s3/","https://hackaday.com/tag/esp32-s3","url_004520","source_url","91_rejected_low_value","91_rejected_low_value\url_004520--hackaday.com-tag-esp32-s3.md","copied","copied_to_category"
"C:\KICAD_SCRAPE\markdown_url2_clean\hackaday.com-tag-kicad.md","hackaday.com-tag-kicad.md","markdown_url2_clean","https://hackaday.com/tag/kicad/","https://hackaday.com/tag/kicad","url_004521","source_url","91_rejected_low_value","91_rejected_low_value\url_004521--hackaday.com-tag-kicad.md","copied","copied_to_category"
"C:\KICAD_SCRAPE\markdown_url2_clean\hackaday.com-tag-pcb-design.md","hackaday.com-tag-pcb-design.md","markdown_url2_clean","https://hackaday.com/tag/pcb-design/","https://hackaday.com/tag/pcb-design","url_004522","source_url","91_rejected_low_value","91_rejected_low_value\url_004522--hackaday.com-tag-pcb-design.md","copied","copied_to_category"
"C:\KICAD_SCRAPE\markdown_url2_clean\hackaday.com-tag-pcb-layout.md","hackaday.com-tag-pcb-layout.md","markdown_url2_clean","https://hackaday.com/tag/pcb-layout/","https://hackaday.com/tag/pcb-layout","url_004523","source_url","91_rejected_low_value","91_rejected_low_value\url_004523--hackaday.com-tag-pcb-layout.md","copied","copied_to_category"
"C:\KICAD_SCRAPE\markdown_url2_clean\hackaday.com-tag-power-supply.md","hackaday.com-tag-power-supply.md","markdown_url2_clean","https://hackaday.com/tag/power-supply/","https://hackaday.com/tag/power-supply","url_004524","source_url","91_rejected_low_value","91_rejected_low_value\url_004524--hackaday.com-tag-power-supply.md","copied","copied_to_category"
"C:\KICAD_SCRAPE\markdown_url2_clean\hackaday.com-tag-usb-c.md","hackaday.com-tag-usb-c.md","markdown_url2_clean","https://hackaday.com/tag/usb-c/","https://hackaday.com/tag/usb-c","url_004525","source_url","91_rejected_low_value","91_rejected_low_value\url_004525--hackaday.com-tag-usb-c.md","copied","copied_to_category"
"C:\KICAD_SCRAPE\markdown_url2_clean\hirose.com-product-series-CX.md","hirose.com-product-series-CX.md","markdown_url2_clean","https://www.hirose.com/product/series/CX","https://www.hirose.com/product/series/CX","url_007017","source_url","13_vendor_parts_cad_models","13_vendor_parts_cad_models\url_007017--hirose.com-product-series-CX.md","copied","copied_to_category"
"C:\KICAD_SCRAPE\markdown_url2_clean\infineon.com-cms-en-product-evaluation-boards-cy4533.md","infineon.com-cms-en-product-evaluation-boards-cy4533.md","markdown_url2_clean","https://www.infineon.com/cms/en/product/evaluation-boards/cy4533/","https://www.infineon.com/cms/en/product/evaluation-boards/cy4533","url_007019","source_url","91_rejected_low_value","91_rejected_low_value\url_007019--infineon.com-cms-en-product-evaluation-boards-cy4533.md","copied","copied_to_category"
"C:\KICAD_SCRAPE\markdown_url2_clean\infineon.com-cms-en-product-microcontroller.md","infineon.com-cms-en-product-microcontroller.md","markdown_url2_clean","https://www.infineon.com/cms/en/product/microcontroller/","https://www.infineon.com/cms/en/product/microcontroller","url_007020","source_url","91_rejected_low_value","91_rejected_low_value\url_007020--infineon.com-cms-en-product-microcontroller.md","copied","copied_to_category"
"C:\KICAD_SCRAPE\markdown_url2_clean\infineon.com-cms-en-product-microcontroller-32-bit-psoc-arm-cortex-microcontroller.md","infineon.com-cms-en-product-microcontroller-32-bit-psoc-arm-cortex-microcontroller.md","markdown_url2_clean","https://www.infineon.com/cms/en/product/microcontroller/32-bit-psoc-arm-cortex-microcontroller/","https://www.infineon.com/cms/en/product/microcontroller/32-bit-psoc-arm-cortex-microcontroller","url_007021","source_url","91_rejected_low_value","91_rejected_low_value\url_007021--infineon.com-cms-en-product-microcontroller-32-bit-psoc-arm-cortex-microcontroller.md","copied","copied_to_category"
"C:\KICAD_SCRAPE\markdown_url2_clean\infineon.com-cms-en-product-microcontroller-32-bit-tricore-microcontroller.md","infineon.com-cms-en-product-microcontroller-32-bit-tricore-microcontroller.md","markdown_url2_clean","https://www.infineon.com/cms/en/product/microcontroller/32-bit-tricore-microcontroller/","https://www.infineon.com/cms/en/product/microcontroller/32-bit-tricore-microcontroller","url_007022","source_url","91_rejected_low_value","91_rejected_low_value\url_007022--infineon.com-cms-en-product-microcontroller-32-bit-tricore-microcontroller.md","copied","copied_to_category"
"C:\KICAD_SCRAPE\markdown_url2_clean\infineon.com-cms-en-product-packages.md","infineon.com-cms-en-product-packages.md","markdown_url2_clean","https://www.infineon.com/cms/en/product/packages/","https://www.infineon.com/cms/en/product/packages","url_007025","source_url","91_rejected_low_value","91_rejected_low_value\url_007025--infineon.com-cms-en-product-packages.md","copied","copied_to_category"
"C:\KICAD_SCRAPE\markdown_url2_clean\infineon.com-cms-en-product-power-dc-dc-converters.md","infineon.com-cms-en-product-power-dc-dc-converters.md","markdown_url2_clean","https://www.infineon.com/cms/en/product/power/dc-dc-converters/","https://www.infineon.com/cms/en/product/power/dc-dc-converters","url_007026","source_url","91_rejected_low_value","91_rejected_low_value\url_007026--infineon.com-cms-en-product-power-dc-dc-converters.md","copied","copied_to_category"
"C:\KICAD_SCRAPE\markdown_url2_clean\intel.com-content-www-us-en-content-details-613768-high-speed-usb-platform-design-guidelines.html.md","intel.com-content-www-us-en-content-details-613768-high-speed-usb-platform-design-guidelines.html.md","markdown_url2_clean","https://www.intel.com/content/www/us/en/content-details/613768/high-speed-usb-platform-design-guidelines.html","https://www.intel.com/content/www/us/en/content-details/613768/high-speed-usb-platform-design-guidelines.html","url_007029","source_url","91_rejected_low_value","91_rejected_low_value\url_007029--intel.com-content-www-us-en-content-details-613768-high-speed-usb-platform-design-guidelines.html.md","copied","copied_to_category"
"C:\KICAD_SCRAPE\markdown_url2_clean\jlcpcb.com-blog-pcb-design-rules-best-practices.md","jlcpcb.com-blog-pcb-design-rules-best-practices.md","markdown_url2_clean","https://jlcpcb.com/blog/pcb-design-rules-best-practices","https://jlcpcb.com/blog/pcb-design-rules-best-practices","url_004526","source_url","07_usb_c_high_speed_esd","07_usb_c_high_speed_esd\url_004526--jlcpcb.com-blog-pcb-design-rules-best-practices.md","copied","copied_to_category"
"C:\KICAD_SCRAPE\markdown_url2_clean\jlcpcb.com-capabilities-pcb-capabilities.md","jlcpcb.com-capabilities-pcb-capabilities.md","markdown_url2_clean","https://jlcpcb.com/capabilities/pcb-capabilities","https://jlcpcb.com/capabilities/pcb-capabilities","url_004527","source_url","10_dfm_fabrication_assembly","10_dfm_fabrication_assembly\url_004527--jlcpcb.com-capabilities-pcb-capabilities.md","copied","copied_to_category"
"C:\KICAD_SCRAPE\markdown_url2_clean\jlcpcb.com-help-article-castellated-holes.md","jlcpcb.com-help-article-castellated-holes.md","markdown_url2_clean","https://jlcpcb.com/help/article/castellated-holes","https://jlcpcb.com/help/article/castellated-holes","url_004528","source_url","09_pcb_layout_grounding_emi_si","09_pcb_layout_grounding_emi_si\url_004528--jlcpcb.com-help-article-castellated-holes.md","copied","copied_to_category"
"C:\KICAD_SCRAPE\markdown_url2_clean\jlcpcb.com-help-article-controlled-impedance-calculator.md","jlcpcb.com-help-article-controlled-impedance-calculator.md","markdown_url2_clean","https://jlcpcb.com/help/article/controlled-impedance-calculator","https://jlcpcb.com/help/article/controlled-impedance-calculator","url_004529","source_url","11_calculators_ipc_reference","11_calculators_ipc_reference\url_004529--jlcpcb.com-help-article-controlled-impedance-calculator.md","copied","copied_to_category"
"C:\KICAD_SCRAPE\markdown_url2_clean\jlcpcb.com-help-article-controlled-impedance-pcb.md","jlcpcb.com-help-article-controlled-impedance-pcb.md","markdown_url2_clean","https://jlcpcb.com/help/article/controlled-impedance-pcb","https://jlcpcb.com/help/article/controlled-impedance-pcb","url_004530","source_url","11_calculators_ipc_reference","11_calculators_ipc_reference\url_004530--jlcpcb.com-help-article-controlled-impedance-pcb.md","copied","copied_to_category"
"C:\KICAD_SCRAPE\markdown_url2_clean\jlcpcb.com-help-article-gerber-file-requirements.md","jlcpcb.com-help-article-gerber-file-requirements.md","markdown_url2_clean","https://jlcpcb.com/help/article/gerber-file-requirements","https://jlcpcb.com/help/article/gerber-file-requirements","url_004531","source_url","09_pcb_layout_grounding_emi_si","09_pcb_layout_grounding_emi_si\url_004531--jlcpcb.com-help-article-gerber-file-requirements.md","copied","copied_to_category"
"C:\KICAD_SCRAPE\markdown_url2_clean\jlcpcb.com-help-article-impedance-control-requirements.md","jlcpcb.com-help-article-impedance-control-requirements.md","markdown_url2_clean","https://jlcpcb.com/help/article/impedance-control-requirements","https://jlcpcb.com/help/article/impedance-control-requirements","url_004532","source_url","11_calculators_ipc_reference","11_calculators_ipc_reference\url_004532--jlcpcb.com-help-article-impedance-control-requirements.md","copied","copied_to_category"
"C:\KICAD_SCRAPE\markdown_url2_clean\jlcpcb.com-help-article-kicad-export-gerber.md","jlcpcb.com-help-article-kicad-export-gerber.md","markdown_url2_clean","https://jlcpcb.com/help/article/kicad-export-gerber","https://jlcpcb.com/help/article/kicad-export-gerber","url_004533","source_url","09_pcb_layout_grounding_emi_si","09_pcb_layout_grounding_emi_si\url_004533--jlcpcb.com-help-article-kicad-export-gerber.md","copied","copied_to_category"
"C:\KICAD_SCRAPE\markdown_url2_clean\jlcpcb.com-help-article-minimum-annular-ring.md","jlcpcb.com-help-article-minimum-annular-ring.md","markdown_url2_clean","https://jlcpcb.com/help/article/minimum-annular-ring","https://jlcpcb.com/help/article/minimum-annular-ring","url_004534","source_url","09_pcb_layout_grounding_emi_si","09_pcb_layout_grounding_emi_si\url_004534--jlcpcb.com-help-article-minimum-annular-ring.md","copied","copied_to_category"
"C:\KICAD_SCRAPE\markdown_url2_clean\jlcpcb.com-help-article-minimum-hole-size.md","jlcpcb.com-help-article-minimum-hole-size.md","markdown_url2_clean","https://jlcpcb.com/help/article/minimum-hole-size","https://jlcpcb.com/help/article/minimum-hole-size","url_004535","source_url","09_pcb_layout_grounding_emi_si","09_pcb_layout_grounding_emi_si\url_004535--jlcpcb.com-help-article-minimum-hole-size.md","copied","copied_to_category"
"C:\KICAD_SCRAPE\markdown_url2_clean\jlcpcb.com-help-article-multilayer-pcb-stackup.md","jlcpcb.com-help-article-multilayer-pcb-stackup.md","markdown_url2_clean","https://jlcpcb.com/help/article/multilayer-pcb-stackup","https://jlcpcb.com/help/article/multilayer-pcb-stackup","url_004536","source_url","09_pcb_layout_grounding_emi_si","09_pcb_layout_grounding_emi_si\url_004536--jlcpcb.com-help-article-multilayer-pcb-stackup.md","copied","copied_to_category"
"C:\KICAD_SCRAPE\markdown_url2_clean\jlcpcb.com-help-article-pcb-assembly-capabilities.md","jlcpcb.com-help-article-pcb-assembly-capabilities.md","markdown_url2_clean","https://jlcpcb.com/help/article/pcb-assembly-capabilities","https://jlcpcb.com/help/article/pcb-assembly-capabilities","url_004537","source_url","09_pcb_layout_grounding_emi_si","09_pcb_layout_grounding_emi_si\url_004537--jlcpcb.com-help-article-pcb-assembly-capabilities.md","copied","copied_to_category"
"C:\KICAD_SCRAPE\markdown_url2_clean\jlcpcb.com-help-article-pcb-assembly-design-requirements.md","jlcpcb.com-help-article-pcb-assembly-design-requirements.md","markdown_url2_clean","https://jlcpcb.com/help/article/pcb-assembly-design-requirements","https://jlcpcb.com/help/article/pcb-assembly-design-requirements","url_004538","source_url","09_pcb_layout_grounding_emi_si","09_pcb_layout_grounding_emi_si\url_004538--jlcpcb.com-help-article-pcb-assembly-design-requirements.md","copied","copied_to_category"
"C:\KICAD_SCRAPE\markdown_url2_clean\jlcpcb.com-help-article-pcb-assembly-faq.md","jlcpcb.com-help-article-pcb-assembly-faq.md","markdown_url2_clean","https://jlcpcb.com/help/article/pcb-assembly-faq","https://jlcpcb.com/help/article/pcb-assembly-faq","url_004539","source_url","09_pcb_layout_grounding_emi_si","09_pcb_layout_grounding_emi_si\url_004539--jlcpcb.com-help-article-pcb-assembly-faq.md","copied","copied_to_category"
"C:\KICAD_SCRAPE\markdown_url2_clean\jlcpcb.com-help-article-pcb-design-guidelines.md","jlcpcb.com-help-article-pcb-design-guidelines.md","markdown_url2_clean","https://jlcpcb.com/help/article/pcb-design-guidelines","https://jlcpcb.com/help/article/pcb-design-guidelines","url_004540","source_url","09_pcb_layout_grounding_emi_si","09_pcb_layout_grounding_emi_si\url_004540--jlcpcb.com-help-article-pcb-design-guidelines.md","copied","copied_to_category"
"C:\KICAD_SCRAPE\markdown_url2_clean\jlcpcb.com-help-article-pcb-edge-plating.md","jlcpcb.com-help-article-pcb-edge-plating.md","markdown_url2_clean","https://jlcpcb.com/help/article/pcb-edge-plating","https://jlcpcb.com/help/article/pcb-edge-plating","url_004541","source_url","09_pcb_layout_grounding_emi_si","09_pcb_layout_grounding_emi_si\url_004541--jlcpcb.com-help-article-pcb-edge-plating.md","copied","copied_to_category"
"C:\KICAD_SCRAPE\markdown_url2_clean\jlcpcb.com-help-article-pcb-panelization.md","jlcpcb.com-help-article-pcb-panelization.md","markdown_url2_clean","https://jlcpcb.com/help/article/pcb-panelization","https://jlcpcb.com/help/article/pcb-panelization","url_004542","source_url","10_dfm_fabrication_assembly","10_dfm_fabrication_assembly\url_004542--jlcpcb.com-help-article-pcb-panelization.md","copied","copied_to_category"
"C:\KICAD_SCRAPE\markdown_url2_clean\jlcpcb.com-help-article-pcb-stackup.md","jlcpcb.com-help-article-pcb-stackup.md","markdown_url2_clean","https://jlcpcb.com/help/article/pcb-stackup","https://jlcpcb.com/help/article/pcb-stackup","url_004543","source_url","09_pcb_layout_grounding_emi_si","09_pcb_layout_grounding_emi_si\url_004543--jlcpcb.com-help-article-pcb-stackup.md","copied","copied_to_category"
"C:\KICAD_SCRAPE\markdown_url2_clean\jlcpcb.com-help-article-pcb-via-covering.md","jlcpcb.com-help-article-pcb-via-covering.md","markdown_url2_clean","https://jlcpcb.com/help/article/pcb-via-covering","https://jlcpcb.com/help/article/pcb-via-covering","url_004544","source_url","09_pcb_layout_grounding_emi_si","09_pcb_layout_grounding_emi_si\url_004544--jlcpcb.com-help-article-pcb-via-covering.md","copied","copied_to_category"
"C:\KICAD_SCRAPE\markdown_url2_clean\jlcpcb.com-help-article-silkscreen-requirements.md","jlcpcb.com-help-article-silkscreen-requirements.md","markdown_url2_clean","https://jlcpcb.com/help/article/silkscreen-requirements","https://jlcpcb.com/help/article/silkscreen-requirements","url_004545","source_url","09_pcb_layout_grounding_emi_si","09_pcb_layout_grounding_emi_si\url_004545--jlcpcb.com-help-article-silkscreen-requirements.md","copied","copied_to_category"
"C:\KICAD_SCRAPE\markdown_url2_clean\jlcpcb.com-help-article-smt-assembly-design-rules.md","jlcpcb.com-help-article-smt-assembly-design-rules.md","markdown_url2_clean","https://jlcpcb.com/help/article/smt-assembly-design-rules","https://jlcpcb.com/help/article/smt-assembly-design-rules","url_004546","source_url","10_dfm_fabrication_assembly","10_dfm_fabrication_assembly\url_004546--jlcpcb.com-help-article-smt-assembly-design-rules.md","copied","copied_to_category"
"C:\KICAD_SCRAPE\markdown_url2_clean\jlcpcb.com-help-article-soldermask-expansion.md","jlcpcb.com-help-article-soldermask-expansion.md","markdown_url2_clean","https://jlcpcb.com/help/article/soldermask-expansion","https://jlcpcb.com/help/article/soldermask-expansion","url_004547","source_url","09_pcb_layout_grounding_emi_si","09_pcb_layout_grounding_emi_si\url_004547--jlcpcb.com-help-article-soldermask-expansion.md","copied","copied_to_category"
"C:\KICAD_SCRAPE\markdown_url2_clean\jlcpcb.com-help-article-via-in-pad.md","jlcpcb.com-help-article-via-in-pad.md","markdown_url2_clean","https://jlcpcb.com/help/article/via-in-pad","https://jlcpcb.com/help/article/via-in-pad","url_004548","source_url","09_pcb_layout_grounding_emi_si","09_pcb_layout_grounding_emi_si\url_004548--jlcpcb.com-help-article-via-in-pad.md","copied","copied_to_category"
"C:\KICAD_SCRAPE\markdown_url2_clean\jlcpcb.com-parts.md","jlcpcb.com-parts.md","markdown_url2_clean","https://jlcpcb.com/parts","https://jlcpcb.com/parts","url_004549","source_url","09_pcb_layout_grounding_emi_si","09_pcb_layout_grounding_emi_si\url_004549--jlcpcb.com-parts.md","copied","copied_to_category"
"C:\KICAD_SCRAPE\markdown_url2_clean\jlcpcb.com-parts-componentSearch.md","jlcpcb.com-parts-componentSearch.md","markdown_url2_clean","https://jlcpcb.com/parts/componentSearch","https://jlcpcb.com/parts/componentSearch","url_004550","source_url","91_rejected_low_value","91_rejected_low_value\url_004550--jlcpcb.com-parts-componentSearch.md","copied","copied_to_category"
"C:\KICAD_SCRAPE\markdown_url2_clean\jlcpcb.com-pcb-assembly.md","jlcpcb.com-pcb-assembly.md","markdown_url2_clean","https://jlcpcb.com/pcb-assembly","https://jlcpcb.com/pcb-assembly","url_004551","source_url","10_dfm_fabrication_assembly","10_dfm_fabrication_assembly\url_004551--jlcpcb.com-pcb-assembly.md","copied","copied_to_category"
"C:\KICAD_SCRAPE\markdown_url2_clean\kicad.org-libraries-contribute.md","kicad.org-libraries-contribute.md","markdown_url2_clean","https://www.kicad.org/libraries/contribute/","https://www.kicad.org/libraries/contribute","url_007036","source_url","01_kicad_core","01_kicad_core\url_007036--kicad.org-libraries-contribute.md","copied","copied_to_category"
"C:\KICAD_SCRAPE\markdown_url2_clean\kicad.org-libraries-download.md","kicad.org-libraries-download.md","markdown_url2_clean","https://www.kicad.org/libraries/download/","https://www.kicad.org/libraries/download","url_007037","source_url","01_kicad_core","01_kicad_core\url_007037--kicad.org-libraries-download.md","copied","copied_to_category"
"C:\KICAD_SCRAPE\markdown_url2_clean\kicad.org-libraries-klc.md","kicad.org-libraries-klc.md","markdown_url2_clean","https://www.kicad.org/libraries/klc/","https://www.kicad.org/libraries/klc","url_007038","source_url","04_kicad_libraries_symbols_footprints","04_kicad_libraries_symbols_footprints\url_007038--kicad.org-libraries-klc.md","copied","copied_to_category"
"C:\KICAD_SCRAPE\markdown_url2_clean\kicad.org-libraries-third_party.md","kicad.org-libraries-third_party.md","markdown_url2_clean","https://www.kicad.org/libraries/third_party/","https://www.kicad.org/libraries/third_party","url_007039","source_url","01_kicad_core","01_kicad_core\url_007039--kicad.org-libraries-third_party.md","copied","copied_to_category"
"C:\KICAD_SCRAPE\markdown_url2_clean\klc.kicad.org-footprint.md","klc.kicad.org-footprint.md","markdown_url2_clean","https://klc.kicad.org/footprint/","https://klc.kicad.org/footprint","url_004552","source_url","04_kicad_libraries_symbols_footprints","04_kicad_libraries_symbols_footprints\url_004552--klc.kicad.org-footprint.md","copied","copied_to_category"
"C:\KICAD_SCRAPE\markdown_url2_clean\klc.kicad.org-model.md","klc.kicad.org-model.md","markdown_url2_clean","https://klc.kicad.org/model/","https://klc.kicad.org/model","url_004553","source_url","04_kicad_libraries_symbols_footprints","04_kicad_libraries_symbols_footprints\url_004553--klc.kicad.org-model.md","copied","copied_to_category"
"C:\KICAD_SCRAPE\markdown_url2_clean\klc.kicad.org-symbol.md","klc.kicad.org-symbol.md","markdown_url2_clean","https://klc.kicad.org/symbol/","https://klc.kicad.org/symbol","url_004554","source_url","04_kicad_libraries_symbols_footprints","04_kicad_libraries_symbols_footprints\url_004554--klc.kicad.org-symbol.md","copied","copied_to_category"
"C:\KICAD_SCRAPE\markdown_url2_clean\lcsc.com-index.md","lcsc.com-index.md","markdown_url2_clean","https://www.lcsc.com/","https://www.lcsc.com/","url_007040","source_url","13_vendor_parts_cad_models","13_vendor_parts_cad_models\url_007040--lcsc.com-index.md","copied","copied_to_category"
"C:\KICAD_SCRAPE\markdown_url2_clean\lcsc.com-products-Microcontrollers-MCU-MPU-SOC_480.html.md","lcsc.com-products-Microcontrollers-MCU-MPU-SOC_480.html.md","markdown_url2_clean","https://www.lcsc.com/products/Microcontrollers-MCU-MPU-SOC_480.html","https://www.lcsc.com/products/Microcontrollers-MCU-MPU-SOC_480.html","url_007041","source_url","13_vendor_parts_cad_models","13_vendor_parts_cad_models\url_007041--lcsc.com-products-Microcontrollers-MCU-MPU-SOC_480.html.md","copied","copied_to_category"
"C:\KICAD_SCRAPE\markdown_url2_clean\learn.adafruit.com-adafruit-feather-rp2040-pico.md","learn.adafruit.com-adafruit-feather-rp2040-pico.md","markdown_url2_clean","https://learn.adafruit.com/adafruit-feather-rp2040-pico","https://learn.adafruit.com/adafruit-feather-rp2040-pico","url_004556","source_url","91_rejected_low_value","91_rejected_low_value\url_004556--learn.adafruit.com-adafruit-feather-rp2040-pico.md","copied","copied_to_category"
"C:\KICAD_SCRAPE\markdown_url2_clean\learn.adafruit.com-adafruit-guide-excellent-soldering.md","learn.adafruit.com-adafruit-guide-excellent-soldering.md","markdown_url2_clean","https://learn.adafruit.com/adafruit-guide-excellent-soldering","https://learn.adafruit.com/adafruit-guide-excellent-soldering","url_004557","source_url","15_video_reference_index","15_video_reference_index\url_004557--learn.adafruit.com-adafruit-guide-excellent-soldering.md","copied","copied_to_category"
"C:\KICAD_SCRAPE\markdown_url2_clean\learn.adafruit.com-adafruit-qt-py-esp32-s3.md","learn.adafruit.com-adafruit-qt-py-esp32-s3.md","markdown_url2_clean","https://learn.adafruit.com/adafruit-qt-py-esp32-s3","https://learn.adafruit.com/adafruit-qt-py-esp32-s3","url_004558","source_url","05_esp32_espressif","05_esp32_espressif\url_004558--learn.adafruit.com-adafruit-qt-py-esp32-s3.md","copied","copied_to_category"
"C:\KICAD_SCRAPE\markdown_url2_clean\learn.sparkfun.com-tutorials-designing-pcbs-advanced-smd-all.md","learn.sparkfun.com-tutorials-designing-pcbs-advanced-smd-all.md","markdown_url2_clean","https://learn.sparkfun.com/tutorials/designing-pcbs-advanced-smd/all","https://learn.sparkfun.com/tutorials/designing-pcbs-advanced-smd/all","url_004559","source_url","91_rejected_low_value","91_rejected_low_value\url_004559--learn.sparkfun.com-tutorials-designing-pcbs-advanced-smd-all.md","copied","copied_to_category"
"C:\KICAD_SCRAPE\markdown_url2_clean\learn.sparkfun.com-tutorials-how-to-read-a-schematic-all.md","learn.sparkfun.com-tutorials-how-to-read-a-schematic-all.md","markdown_url2_clean","https://learn.sparkfun.com/tutorials/how-to-read-a-schematic/all","https://learn.sparkfun.com/tutorials/how-to-read-a-schematic/all","url_004560","source_url","91_rejected_low_value","91_rejected_low_value\url_004560--learn.sparkfun.com-tutorials-how-to-read-a-schematic-all.md","copied","copied_to_category"
"C:\KICAD_SCRAPE\markdown_url2_clean\learn.sparkfun.com-tutorials-pcb-basics-all.md","learn.sparkfun.com-tutorials-pcb-basics-all.md","markdown_url2_clean","https://learn.sparkfun.com/tutorials/pcb-basics/all","https://learn.sparkfun.com/tutorials/pcb-basics/all","url_004561","source_url","91_rejected_low_value","91_rejected_low_value\url_004561--learn.sparkfun.com-tutorials-pcb-basics-all.md","copied","copied_to_category"
"C:\KICAD_SCRAPE\markdown_url2_clean\monolithicpower.com-en-learning-resources-an-introduction-to-buck-regulators.md","monolithicpower.com-en-learning-resources-an-introduction-to-buck-regulators.md","markdown_url2_clean","https://www.monolithicpower.com/en/learning/resources/an-introduction-to-buck-regulators","https://www.monolithicpower.com/en/learning/resources/an-introduction-to-buck-regulators","url_007958","source_url","08_power_buck_regulators","08_power_buck_regulators\url_007958--monolithicpower.com-en-learning-resources-an-introduction-to-buck-regulators.md","copied","copied_to_category"
"C:\KICAD_SCRAPE\markdown_url2_clean\monolithicpower.com-en-learning-resources-how-to-design-a-buck-converter.md","monolithicpower.com-en-learning-resources-how-to-design-a-buck-converter.md","markdown_url2_clean","https://www.monolithicpower.com/en/learning/resources/how-to-design-a-buck-converter","https://www.monolithicpower.com/en/learning/resources/how-to-design-a-buck-converter","url_007959","source_url","08_power_buck_regulators","08_power_buck_regulators\url_007959--monolithicpower.com-en-learning-resources-how-to-design-a-buck-converter.md","copied","copied_to_category"
"C:\KICAD_SCRAPE\markdown_url2_clean\monolithicpower.com-en-learning-resources-how-to-select-inductors-for-buck-converters.md","monolithicpower.com-en-learning-resources-how-to-select-inductors-for-buck-converters.md","markdown_url2_clean","https://www.monolithicpower.com/en/learning/resources/how-to-select-inductors-for-buck-converters","https://www.monolithicpower.com/en/learning/resources/how-to-select-inductors-for-buck-converters","url_007960","source_url","08_power_buck_regulators","08_power_buck_regulators\url_007960--monolithicpower.com-en-learning-resources-how-to-select-inductors-for-buck-converters.md","copied","copied_to_category"
"C:\KICAD_SCRAPE\markdown_url2_clean\monolithicpower.com-en-learning-resources-layout-guidelines-for-step-down-converters.md","monolithicpower.com-en-learning-resources-layout-guidelines-for-step-down-converters.md","markdown_url2_clean","https://www.monolithicpower.com/en/learning/resources/layout-guidelines-for-step-down-converters","https://www.monolithicpower.com/en/learning/resources/layout-guidelines-for-step-down-converters","url_007961","source_url","08_power_buck_regulators","08_power_buck_regulators\url_007961--monolithicpower.com-en-learning-resources-layout-guidelines-for-step-down-converters.md","copied","copied_to_category"
"C:\KICAD_SCRAPE\markdown_url2_clean\monolithicpower.com-en-learning-resources-pcb-layout-for-emi-reduction.md","monolithicpower.com-en-learning-resources-pcb-layout-for-emi-reduction.md","markdown_url2_clean","https://www.monolithicpower.com/en/learning/resources/pcb-layout-for-emi-reduction","https://www.monolithicpower.com/en/learning/resources/pcb-layout-for-emi-reduction","url_007962","source_url","08_power_buck_regulators","08_power_buck_regulators\url_007962--monolithicpower.com-en-learning-resources-pcb-layout-for-emi-reduction.md","copied","copied_to_category"
"C:\KICAD_SCRAPE\markdown_url2_clean\monolithicpower.com-en-learning-resources-pcb-layout-guidelines-for-switching-power-supplies.md","monolithicpower.com-en-learning-resources-pcb-layout-guidelines-for-switching-power-supplies.md","markdown_url2_clean","https://www.monolithicpower.com/en/learning/resources/pcb-layout-guidelines-for-switching-power-supplies","https://www.monolithicpower.com/en/learning/resources/pcb-layout-guidelines-for-switching-power-supplies","url_007963","source_url","08_power_buck_regulators","08_power_buck_regulators\url_007963--monolithicpower.com-en-learning-resources-pcb-layout-guidelines-for-switching-power-supplies.md","copied","copied_to_category"
"C:\KICAD_SCRAPE\markdown_url2_clean\monolithicpower.com-en-learning-resources-power-supply-layout-and-emi.md","monolithicpower.com-en-learning-resources-power-supply-layout-and-emi.md","markdown_url2_clean","https://www.monolithicpower.com/en/learning/resources/power-supply-layout-and-emi","https://www.monolithicpower.com/en/learning/resources/power-supply-layout-and-emi","url_007964","source_url","08_power_buck_regulators","08_power_buck_regulators\url_007964--monolithicpower.com-en-learning-resources-power-supply-layout-and-emi.md","copied","copied_to_category"
"C:\KICAD_SCRAPE\markdown_url2_clean\monolithicpower.com-en-learning-resources-understanding-switching-regulator-loop-compensation.md","monolithicpower.com-en-learning-resources-understanding-switching-regulator-loop-compensation.md","markdown_url2_clean","https://www.monolithicpower.com/en/learning/resources/understanding-switching-regulator-loop-compensation","https://www.monolithicpower.com/en/learning/resources/understanding-switching-regulator-loop-compensation","url_007965","source_url","08_power_buck_regulators","08_power_buck_regulators\url_007965--monolithicpower.com-en-learning-resources-understanding-switching-regulator-loop-compensation.md","copied","copied_to_category"
"C:\KICAD_SCRAPE\markdown_url2_clean\monolithicpower.com-en-mp1584.html.md","monolithicpower.com-en-mp1584.html.md","markdown_url2_clean","https://www.monolithicpower.com/en/mp1584.html","https://www.monolithicpower.com/en/mp1584.html","url_007966","source_url","91_rejected_low_value","91_rejected_low_value\url_007966--monolithicpower.com-en-mp1584.html.md","copied","copied_to_category"
"C:\KICAD_SCRAPE\markdown_url2_clean\monolithicpower.com-en-mp2145.html.md","monolithicpower.com-en-mp2145.html.md","markdown_url2_clean","https://www.monolithicpower.com/en/mp2145.html","https://www.monolithicpower.com/en/mp2145.html","url_007967","source_url","91_rejected_low_value","91_rejected_low_value\url_007967--monolithicpower.com-en-mp2145.html.md","copied","copied_to_category"
"C:\KICAD_SCRAPE\markdown_url2_clean\monolithicpower.com-en-mp2315.html.md","monolithicpower.com-en-mp2315.html.md","markdown_url2_clean","https://www.monolithicpower.com/en/mp2315.html","https://www.monolithicpower.com/en/mp2315.html","url_007968","source_url","91_rejected_low_value","91_rejected_low_value\url_007968--monolithicpower.com-en-mp2315.html.md","copied","copied_to_category"
"C:\KICAD_SCRAPE\markdown_url2_clean\monolithicpower.com-en-mpm3610.html.md","monolithicpower.com-en-mpm3610.html.md","markdown_url2_clean","https://www.monolithicpower.com/en/mpm3610.html","https://www.monolithicpower.com/en/mpm3610.html","url_007969","source_url","91_rejected_low_value","91_rejected_low_value\url_007969--monolithicpower.com-en-mpm3610.html.md","copied","copied_to_category"
"C:\KICAD_SCRAPE\markdown_url2_clean\monolithicpower.com-en-products-power-management-dc-dc-converters-step-down-buck-converters.html.md","monolithicpower.com-en-products-power-management-dc-dc-converters-step-down-buck-converters.html.md","markdown_url2_clean","https://www.monolithicpower.com/en/products/power-management/dc-dc-converters/step-down-buck-converters.html","https://www.monolithicpower.com/en/products/power-management/dc-dc-converters/step-down-buck-converters.html","url_007970","source_url","08_power_buck_regulators","08_power_buck_regulators\url_007970--monolithicpower.com-en-products-power-management-dc-dc-converters-step-down-buck-converters.html.md","copied","copied_to_category"
"C:\KICAD_SCRAPE\markdown_url2_clean\monolithicpower.com-en-support-design-tools.html.md","monolithicpower.com-en-support-design-tools.html.md","markdown_url2_clean","https://www.monolithicpower.com/en/support/design-tools.html","https://www.monolithicpower.com/en/support/design-tools.html","url_007971","source_url","08_power_buck_regulators","08_power_buck_regulators\url_007971--monolithicpower.com-en-support-design-tools.html.md","copied","copied_to_category"
"C:\KICAD_SCRAPE\markdown_url2_clean\mouser.com-c-semiconductors-embedded-processors-controllers-microcontrollers-mcu.md","mouser.com-c-semiconductors-embedded-processors-controllers-microcontrollers-mcu.md","markdown_url2_clean","https://www.mouser.com/c/semiconductors/embedded-processors-controllers/microcontrollers-mcu/","https://www.mouser.com/c/semiconductors/embedded-processors-controllers/microcontrollers-mcu","url_007972","source_url","13_vendor_parts_cad_models","13_vendor_parts_cad_models\url_007972--mouser.com-c-semiconductors-embedded-processors-controllers-microcontrollers-mcu.md","copied","copied_to_category"
"C:\KICAD_SCRAPE\markdown_url2_clean\mouser.com-c-semiconductors-embedded-processors-controllers-wireless-rf-system-on-a-chip-soc.md","mouser.com-c-semiconductors-embedded-processors-controllers-wireless-rf-system-on-a-chip-soc.md","markdown_url2_clean","https://www.mouser.com/c/semiconductors/embedded-processors-controllers/wireless-rf-system-on-a-chip-soc/","https://www.mouser.com/c/semiconductors/embedded-processors-controllers/wireless-rf-system-on-a-chip-soc","url_007973","source_url","13_vendor_parts_cad_models","13_vendor_parts_cad_models\url_007973--mouser.com-c-semiconductors-embedded-processors-controllers-wireless-rf-system-on-a-chip-soc.md","copied","copied_to_category"
"C:\KICAD_SCRAPE\markdown_url2_clean\mouser.com-electronic-cad-symbols-models.md","mouser.com-electronic-cad-symbols-models.md","markdown_url2_clean","https://www.mouser.com/electronic-cad-symbols-models/","https://www.mouser.com/electronic-cad-symbols-models","url_007974","source_url","13_vendor_parts_cad_models","13_vendor_parts_cad_models\url_007974--mouser.com-electronic-cad-symbols-models.md","copied","copied_to_category"
"C:\KICAD_SCRAPE\markdown_url2_clean\mouser.com-technical-resources.md","mouser.com-technical-resources.md","markdown_url2_clean","https://www.mouser.com/technical-resources/","https://www.mouser.com/technical-resources","url_007975","source_url","13_vendor_parts_cad_models","13_vendor_parts_cad_models\url_007975--mouser.com-technical-resources.md","copied","copied_to_category"
"C:\KICAD_SCRAPE\markdown_url2_clean\murata.com-en-us-products-emc-emifil-knowhow-basic.md","murata.com-en-us-products-emc-emifil-knowhow-basic.md","markdown_url2_clean","https://www.murata.com/en-us/products/emc/emifil/knowhow/basic","https://www.murata.com/en-us/products/emc/emifil/knowhow/basic","url_007977","source_url","11_calculators_ipc_reference","11_calculators_ipc_reference\url_007977--murata.com-en-us-products-emc-emifil-knowhow-basic.md","copied","copied_to_category"
"C:\KICAD_SCRAPE\markdown_url2_clean\nexar.com-api.md","nexar.com-api.md","markdown_url2_clean","https://nexar.com/api","https://nexar.com/api","url_004562","source_url","13_vendor_parts_cad_models","13_vendor_parts_cad_models\url_004562--nexar.com-api.md","copied","copied_to_category"
"C:\KICAD_SCRAPE\markdown_url2_clean\octopart.com-documentation-style-guide.md","octopart.com-documentation-style-guide.md","markdown_url2_clean","https://octopart.com/documentation/style-guide","https://octopart.com/documentation/style-guide","url_004565","source_url","13_vendor_parts_cad_models","13_vendor_parts_cad_models\url_004565--octopart.com-documentation-style-guide.md","copied","copied_to_category"
"C:\KICAD_SCRAPE\markdown_url2_clean\octopart.com-faq-downloading-and-installing-cad-models.md","octopart.com-faq-downloading-and-installing-cad-models.md","markdown_url2_clean","https://octopart.com/faq/downloading-and-installing-cad-models","https://octopart.com/faq/downloading-and-installing-cad-models","url_004566","source_url","91_rejected_low_value","91_rejected_low_value\url_004566--octopart.com-faq-downloading-and-installing-cad-models.md","copied","copied_to_category"
"C:\KICAD_SCRAPE\markdown_url2_clean\octopart.com-index.md","octopart.com-index.md","markdown_url2_clean","https://octopart.com/","https://octopart.com/","url_004563","source_url","91_rejected_low_value","91_rejected_low_value\url_004563--octopart.com-index.md","copied","copied_to_category"
"C:\KICAD_SCRAPE\markdown_url2_clean\omnicalculator.com-other-pcb-trace-width.md","omnicalculator.com-other-pcb-trace-width.md","markdown_url2_clean","https://www.omnicalculator.com/other/pcb-trace-width","https://www.omnicalculator.com/other/pcb-trace-width","url_008205","source_url","91_rejected_low_value","91_rejected_low_value\url_008205--omnicalculator.com-other-pcb-trace-width.md","copied","copied_to_category"
"C:\KICAD_SCRAPE\markdown_url2_clean\pasternack.com-t-calculator-microstrip.aspx.md","pasternack.com-t-calculator-microstrip.aspx.md","markdown_url2_clean","https://www.pasternack.com/t-calculator-microstrip.aspx","https://www.pasternack.com/t-calculator-microstrip.aspx","url_008214","source_url","91_rejected_low_value","91_rejected_low_value\url_008214--pasternack.com-t-calculator-microstrip.aspx.md","copied","copied_to_category"
"C:\KICAD_SCRAPE\markdown_url2_clean\pcblibraries.com-index.md","pcblibraries.com-index.md","markdown_url2_clean","https://www.pcblibraries.com/","https://www.pcblibraries.com/","url_008215","source_url","13_vendor_parts_cad_models","13_vendor_parts_cad_models\url_008215--pcblibraries.com-index.md","copied","copied_to_category"
"C:\KICAD_SCRAPE\markdown_url2_clean\pcblibraries.com-library-expert.md","pcblibraries.com-library-expert.md","markdown_url2_clean","https://www.pcblibraries.com/library-expert/","https://www.pcblibraries.com/library-expert","url_008216","source_url","13_vendor_parts_cad_models","13_vendor_parts_cad_models\url_008216--pcblibraries.com-library-expert.md","copied","copied_to_category"
"C:\KICAD_SCRAPE\markdown_url2_clean\pcblibraries.com-pcb-footprint-expert.md","pcblibraries.com-pcb-footprint-expert.md","markdown_url2_clean","https://www.pcblibraries.com/pcb-footprint-expert/","https://www.pcblibraries.com/pcb-footprint-expert","url_008217","source_url","13_vendor_parts_cad_models","13_vendor_parts_cad_models\url_008217--pcblibraries.com-pcb-footprint-expert.md","copied","copied_to_category"
"C:\KICAD_SCRAPE\markdown_url2_clean\pcbway.com-blog-PCB_Design_Layout-USB_Type_C_PCB_Design_Guidelines_Layout_and_Routing_Best_Practices_55bc0c39.html.md","pcbway.com-blog-PCB_Design_Layout-USB_Type_C_PCB_Design_Guidelines_Layout_and_Routing_Best_Practices_55bc0c39.html.md","markdown_url2_clean","https://www.pcbway.com/blog/PCB_Design_Layout/USB_Type_C_PCB_Design_Guidelines_Layout_and_Routing_Best_Practices_55bc0c39.html","https://www.pcbway.com/blog/PCB_Design_Layout/USB_Type_C_PCB_Design_Guidelines_Layout_and_Routing_Best_Practices_55bc0c39.html","url_008218","source_url","05_esp32_espressif","05_esp32_espressif\url_008218--pcbway.com-blog-PCB_Design_Layout-USB_Type_C_PCB_Design_Guidelines_Layout_and_Routing_Best_Practices_55bc0c39..md","copied","copied_to_category"
"C:\KICAD_SCRAPE\markdown_url2_clean\pcbway.com-capabilities.html.md","pcbway.com-capabilities.html.md","markdown_url2_clean","https://www.pcbway.com/capabilities.html","https://www.pcbway.com/capabilities.html","url_008219","source_url","10_dfm_fabrication_assembly","10_dfm_fabrication_assembly\url_008219--pcbway.com-capabilities.html.md","copied","copied_to_category"
"C:\KICAD_SCRAPE\markdown_url2_clean\pcbway.com-pcb_prototype-PCB_Assembly.html.md","pcbway.com-pcb_prototype-PCB_Assembly.html.md","markdown_url2_clean","https://www.pcbway.com/pcb_prototype/PCB_Assembly.html","https://www.pcbway.com/pcb_prototype/PCB_Assembly.html","url_008230","source_url","91_rejected_low_value","91_rejected_low_value\url_008230--pcbway.com-pcb_prototype-PCB_Assembly.html.md","copied","copied_to_category"
"C:\KICAD_SCRAPE\markdown_url2_clean\pcbway.com-pcb_prototype-PCB_Capabilities.html.md","pcbway.com-pcb_prototype-PCB_Capabilities.html.md","markdown_url2_clean","https://www.pcbway.com/pcb_prototype/PCB_Capabilities.html","https://www.pcbway.com/pcb_prototype/PCB_Capabilities.html","url_008231","source_url","91_rejected_low_value","91_rejected_low_value\url_008231--pcbway.com-pcb_prototype-PCB_Capabilities.html.md","copied","copied_to_category"
"C:\KICAD_SCRAPE\markdown_url2_clean\pcbway.com-pcb_prototype-PCB_Design_Rule_Check.html.md","pcbway.com-pcb_prototype-PCB_Design_Rule_Check.html.md","markdown_url2_clean","https://www.pcbway.com/pcb_prototype/PCB_Design_Rule_Check.html","https://www.pcbway.com/pcb_prototype/PCB_Design_Rule_Check.html","url_008232","source_url","10_dfm_fabrication_assembly","10_dfm_fabrication_assembly\url_008232--pcbway.com-pcb_prototype-PCB_Design_Rule_Check.html.md","copied","copied_to_category"
"C:\KICAD_SCRAPE\markdown_url2_clean\pcbway.com-pcb_prototype-PCB_Impedance_Control.html.md","pcbway.com-pcb_prototype-PCB_Impedance_Control.html.md","markdown_url2_clean","https://www.pcbway.com/pcb_prototype/PCB_Impedance_Control.html","https://www.pcbway.com/pcb_prototype/PCB_Impedance_Control.html","url_008233","source_url","91_rejected_low_value","91_rejected_low_value\url_008233--pcbway.com-pcb_prototype-PCB_Impedance_Control.html.md","copied","copied_to_category"
"C:\KICAD_SCRAPE\markdown_url2_clean\prodocs.easyeda.com-en-import-export-import-kicad.md","prodocs.easyeda.com-en-import-export-import-kicad.md","markdown_url2_clean","https://prodocs.easyeda.com/en/import-export/import-kicad/","https://prodocs.easyeda.com/en/import-export/import-kicad","url_004567","source_url","13_vendor_parts_cad_models","13_vendor_parts_cad_models\url_004567--prodocs.easyeda.com-en-import-export-import-kicad.md","copied","copied_to_category"
"C:\KICAD_SCRAPE\markdown_url2_clean\protoexpress.com-blog-best-high-speed-pcb-routing-practices.md","protoexpress.com-blog-best-high-speed-pcb-routing-practices.md","markdown_url2_clean","https://www.protoexpress.com/blog/best-high-speed-pcb-routing-practices/","https://www.protoexpress.com/blog/best-high-speed-pcb-routing-practices","url_008235","source_url","11_calculators_ipc_reference","11_calculators_ipc_reference\url_008235--protoexpress.com-blog-best-high-speed-pcb-routing-practices.md","copied","copied_to_category"
"C:\KICAD_SCRAPE\markdown_url2_clean\protoexpress.com-blog-decoupling-capacitor-placement.md","protoexpress.com-blog-decoupling-capacitor-placement.md","markdown_url2_clean","https://www.protoexpress.com/blog/decoupling-capacitor-placement/","https://www.protoexpress.com/blog/decoupling-capacitor-placement","url_008236","source_url","11_calculators_ipc_reference","11_calculators_ipc_reference\url_008236--protoexpress.com-blog-decoupling-capacitor-placement.md","copied","copied_to_category"
"C:\KICAD_SCRAPE\markdown_url2_clean\protoexpress.com-blog-high-speed-pcb-design.md","protoexpress.com-blog-high-speed-pcb-design.md","markdown_url2_clean","https://www.protoexpress.com/blog/high-speed-pcb-design/","https://www.protoexpress.com/blog/high-speed-pcb-design","url_008239","source_url","11_calculators_ipc_reference","11_calculators_ipc_reference\url_008239--protoexpress.com-blog-high-speed-pcb-design.md","copied","copied_to_category"
"C:\KICAD_SCRAPE\markdown_url2_clean\protoexpress.com-kb-dfm-rules.md","protoexpress.com-kb-dfm-rules.md","markdown_url2_clean","https://www.protoexpress.com/kb/dfm-rules/","https://www.protoexpress.com/kb/dfm-rules","url_008245","source_url","11_calculators_ipc_reference","11_calculators_ipc_reference\url_008245--protoexpress.com-kb-dfm-rules.md","copied","copied_to_category"
"C:\KICAD_SCRAPE\markdown_url2_clean\protoexpress.com-pcb-design-guides.md","protoexpress.com-pcb-design-guides.md","markdown_url2_clean","https://www.protoexpress.com/pcb-design-guides/","https://www.protoexpress.com/pcb-design-guides","url_008246","source_url","11_calculators_ipc_reference","11_calculators_ipc_reference\url_008246--protoexpress.com-pcb-design-guides.md","copied","copied_to_category"
"C:\KICAD_SCRAPE\markdown_url2_clean\reddit.com-r-AskElectronics.md","reddit.com-r-AskElectronics.md","markdown_url2_clean","https://www.reddit.com/r/AskElectronics/","https://www.reddit.com/r/AskElectronics","url_008250","source_url","12_forums_peer_review","12_forums_peer_review\url_008250--reddit.com-r-AskElectronics.md","copied","copied_to_category"
"C:\KICAD_SCRAPE\markdown_url2_clean\reddit.com-r-AskElectronics-search.md","reddit.com-r-AskElectronics-search.md","markdown_url2_clean","https://www.reddit.com/r/AskElectronics/search/?q=USB-C%20PCB%20ESD&restrict_sr=1","https://www.reddit.com/r/AskElectronics/search?q=USB-C%20PCB%20ESD&restrict_sr=1","url_008254","source_url","91_rejected_low_value","91_rejected_low_value\url_008254--reddit.com-r-AskElectronics-search.md","copied","copied_to_category"
"C:\KICAD_SCRAPE\markdown_url2_clean\reddit.com-r-ElectricalEngineering.md","reddit.com-r-ElectricalEngineering.md","markdown_url2_clean","https://www.reddit.com/r/ElectricalEngineering/","https://www.reddit.com/r/ElectricalEngineering","url_008255","source_url","12_forums_peer_review","12_forums_peer_review\url_008255--reddit.com-r-ElectricalEngineering.md","copied","copied_to_category"
"C:\KICAD_SCRAPE\markdown_url2_clean\reddit.com-r-ElectricalEngineering-search.md","reddit.com-r-ElectricalEngineering-search.md","markdown_url2_clean","https://www.reddit.com/r/ElectricalEngineering/search/?q=PCB%20ground%20via%20stitching&restrict_sr=1","https://www.reddit.com/r/ElectricalEngineering/search?q=PCB%20ground%20via%20stitching&restrict_sr=1","url_008256","source_url","91_rejected_low_value","91_rejected_low_value\url_008256--reddit.com-r-ElectricalEngineering-search.md","copied","copied_to_category"
"C:\KICAD_SCRAPE\markdown_url2_clean\reddit.com-r-embedded.md","reddit.com-r-embedded.md","markdown_url2_clean","https://www.reddit.com/r/embedded/","https://www.reddit.com/r/embedded","url_008257","source_url","12_forums_peer_review","12_forums_peer_review\url_008257--reddit.com-r-embedded.md","copied","copied_to_category"
"C:\KICAD_SCRAPE\markdown_url2_clean\reddit.com-r-embedded-search.md","reddit.com-r-embedded-search.md","markdown_url2_clean","https://www.reddit.com/r/embedded/search/?q=ESP32-S3%20hardware%20design&restrict_sr=1","https://www.reddit.com/r/embedded/search?q=ESP32-S3%20hardware%20design&restrict_sr=1","url_008258","source_url","91_rejected_low_value","91_rejected_low_value\url_008258--reddit.com-r-embedded-search.md","copied","copied_to_category"
"C:\KICAD_SCRAPE\markdown_url2_clean\reddit.com-r-esp32.md","reddit.com-r-esp32.md","markdown_url2_clean","https://www.reddit.com/r/esp32/","https://www.reddit.com/r/esp32","url_008259","source_url","12_forums_peer_review","12_forums_peer_review\url_008259--reddit.com-r-esp32.md","copied","copied_to_category"
"C:\KICAD_SCRAPE\markdown_url2_clean\reddit.com-r-esp32-search.md","reddit.com-r-esp32-search.md","markdown_url2_clean","https://www.reddit.com/r/esp32/search/?q=ESP32-S3%20USB%20C&restrict_sr=1","https://www.reddit.com/r/esp32/search?q=ESP32-S3%20USB%20C&restrict_sr=1","url_008261","source_url","91_rejected_low_value","91_rejected_low_value\url_008261--reddit.com-r-esp32-search.md","copied","copied_to_category"
"C:\KICAD_SCRAPE\markdown_url2_clean\reddit.com-r-KiCad.md","reddit.com-r-KiCad.md","markdown_url2_clean","https://www.reddit.com/r/KiCad/","https://www.reddit.com/r/KiCad","url_008262","source_url","12_forums_peer_review","12_forums_peer_review\url_008262--reddit.com-r-KiCad.md","copied","copied_to_category"
"C:\KICAD_SCRAPE\markdown_url2_clean\reddit.com-r-KiCad-search.md","reddit.com-r-KiCad-search.md","markdown_url2_clean","https://www.reddit.com/r/KiCad/search/?q=zone%20refill&restrict_sr=1","https://www.reddit.com/r/KiCad/search?q=zone%20refill&restrict_sr=1","url_008267","source_url","91_rejected_low_value","91_rejected_low_value\url_008267--reddit.com-r-KiCad-search.md","copied","copied_to_category"
"C:\KICAD_SCRAPE\markdown_url2_clean\reddit.com-r-PCB.md","reddit.com-r-PCB.md","markdown_url2_clean","https://www.reddit.com/r/PCB/","https://www.reddit.com/r/PCB","url_008268","source_url","12_forums_peer_review","12_forums_peer_review\url_008268--reddit.com-r-PCB.md","copied","copied_to_category"
"C:\KICAD_SCRAPE\markdown_url2_clean\reddit.com-r-PrintedCircuitBoard.md","reddit.com-r-PrintedCircuitBoard.md","markdown_url2_clean","https://www.reddit.com/r/PrintedCircuitBoard/","https://www.reddit.com/r/PrintedCircuitBoard","url_008269","source_url","12_forums_peer_review","12_forums_peer_review\url_008269--reddit.com-r-PrintedCircuitBoard.md","copied","copied_to_category"
"C:\KICAD_SCRAPE\markdown_url2_clean\reddit.com-r-PrintedCircuitBoard-search.md","reddit.com-r-PrintedCircuitBoard-search.md","markdown_url2_clean","https://www.reddit.com/r/PrintedCircuitBoard/search/?q=USB-C%20layout&restrict_sr=1","https://www.reddit.com/r/PrintedCircuitBoard/search?q=USB-C%20layout&restrict_sr=1","url_008276","source_url","91_rejected_low_value","91_rejected_low_value\url_008276--reddit.com-r-PrintedCircuitBoard-search.md","copied","copied_to_category"
"C:\KICAD_SCRAPE\markdown_url2_clean\renesas.com-en-products-microcontrollers-microprocessors-ra-cortex-m-mcus.md","renesas.com-en-products-microcontrollers-microprocessors-ra-cortex-m-mcus.md","markdown_url2_clean","https://www.renesas.com/en/products/microcontrollers-microprocessors/ra-cortex-m-mcus","https://www.renesas.com/en/products/microcontrollers-microprocessors/ra-cortex-m-mcus","url_008277","source_url","06_microcontrollers","06_microcontrollers\url_008277--renesas.com-en-products-microcontrollers-microprocessors-ra-cortex-m-mcus.md","copied","copied_to_category"
"C:\KICAD_SCRAPE\markdown_url2_clean\renesas.com-en-products-microcontrollers-microprocessors-rl78-low-power-8-16-bit-mcus.md","renesas.com-en-products-microcontrollers-microprocessors-rl78-low-power-8-16-bit-mcus.md","markdown_url2_clean","https://www.renesas.com/en/products/microcontrollers-microprocessors/rl78-low-power-8-16-bit-mcus","https://www.renesas.com/en/products/microcontrollers-microprocessors/rl78-low-power-8-16-bit-mcus","url_008280","source_url","07_usb_c_high_speed_esd","07_usb_c_high_speed_esd\url_008280--renesas.com-en-products-microcontrollers-microprocessors-rl78-low-power-8-16-bit-mcus.md","copied","copied_to_category"
"C:\KICAD_SCRAPE\markdown_url2_clean\renesas.com-en-products-microcontrollers-microprocessors-rx-32-bit-performance-efficiency-mcus.md","renesas.com-en-products-microcontrollers-microprocessors-rx-32-bit-performance-efficiency-mcus.md","markdown_url2_clean","https://www.renesas.com/en/products/microcontrollers-microprocessors/rx-32-bit-performance-efficiency-mcus","https://www.renesas.com/en/products/microcontrollers-microprocessors/rx-32-bit-performance-efficiency-mcus","url_008281","source_url","06_microcontrollers","06_microcontrollers\url_008281--renesas.com-en-products-microcontrollers-microprocessors-rx-32-bit-performance-efficiency-mcus.md","copied","copied_to_category"
"C:\KICAD_SCRAPE\markdown_url2_clean\renesas.com-en-support-package-information.md","renesas.com-en-support-package-information.md","markdown_url2_clean","https://www.renesas.com/en/support/package-information","https://www.renesas.com/en/support/package-information","url_008282","source_url","06_microcontrollers","06_microcontrollers\url_008282--renesas.com-en-support-package-information.md","copied","copied_to_category"
"C:\KICAD_SCRAPE\markdown_url2_clean\resources.altium.com-p-pcb-layout-guidelines.md","resources.altium.com-p-pcb-layout-guidelines.md","markdown_url2_clean","https://resources.altium.com/p/pcb-layout-guidelines","https://resources.altium.com/p/pcb-layout-guidelines","url_004579","source_url","91_rejected_low_value","91_rejected_low_value\url_004579--resources.altium.com-p-pcb-layout-guidelines.md","copied","copied_to_category"
"C:\KICAD_SCRAPE\markdown_url2_clean\resources.pcb.cadence.com-blog-2024-optimizing-for-pcb-trace-thickness-vs-current-capacity.md","resources.pcb.cadence.com-blog-2024-optimizing-for-pcb-trace-thickness-vs-current-capacity.md","markdown_url2_clean","https://resources.pcb.cadence.com/blog/2024-optimizing-for-pcb-trace-thickness-vs-current-capacity","https://resources.pcb.cadence.com/blog/2024-optimizing-for-pcb-trace-thickness-vs-current-capacity","url_004599","source_url","91_rejected_low_value","91_rejected_low_value\url_004599--resources.pcb.cadence.com-blog-2024-optimizing-for-pcb-trace-thickness-vs-current-capacity.md","copied","copied_to_category"
"C:\KICAD_SCRAPE\markdown_url2_clean\richtek.com-Design-20Support-Technical-20Document-AN003.md","richtek.com-Design-20Support-Technical-20Document-AN003.md","markdown_url2_clean","https://www.richtek.com/Design%20Support/Technical%20Document/AN003","https://www.richtek.com/Design%20Support/Technical%20Document/AN003","url_008383","source_url","91_rejected_low_value","91_rejected_low_value\url_008383--richtek.com-Design-20Support-Technical-20Document-AN003.md","copied","copied_to_category"
"C:\KICAD_SCRAPE\markdown_url2_clean\richtek.com-Design-20Support-Technical-20Document-AN004.md","richtek.com-Design-20Support-Technical-20Document-AN004.md","markdown_url2_clean","https://www.richtek.com/Design%20Support/Technical%20Document/AN004","https://www.richtek.com/Design%20Support/Technical%20Document/AN004","url_008384","source_url","07_usb_c_high_speed_esd","07_usb_c_high_speed_esd\url_008384--richtek.com-Design-20Support-Technical-20Document-AN004.md","copied","copied_to_category"
"C:\KICAD_SCRAPE\markdown_url2_clean\richtek.com-Design-20Support-Technical-20Document-AN005.md","richtek.com-Design-20Support-Technical-20Document-AN005.md","markdown_url2_clean","https://www.richtek.com/Design%20Support/Technical%20Document/AN005","https://www.richtek.com/Design%20Support/Technical%20Document/AN005","url_008385","source_url","07_usb_c_high_speed_esd","07_usb_c_high_speed_esd\url_008385--richtek.com-Design-20Support-Technical-20Document-AN005.md","copied","copied_to_category"
"C:\KICAD_SCRAPE\markdown_url2_clean\richtek.com-Design-20Support-Technical-20Document-AN006.md","richtek.com-Design-20Support-Technical-20Document-AN006.md","markdown_url2_clean","https://www.richtek.com/Design%20Support/Technical%20Document/AN006","https://www.richtek.com/Design%20Support/Technical%20Document/AN006","url_008386","source_url","07_usb_c_high_speed_esd","07_usb_c_high_speed_esd\url_008386--richtek.com-Design-20Support-Technical-20Document-AN006.md","copied","copied_to_category"
"C:\KICAD_SCRAPE\markdown_url2_clean\richtek.com-Design-20Support-Technical-20Document-AN025.md","richtek.com-Design-20Support-Technical-20Document-AN025.md","markdown_url2_clean","https://www.richtek.com/Design%20Support/Technical%20Document/AN025","https://www.richtek.com/Design%20Support/Technical%20Document/AN025","url_008387","source_url","07_usb_c_high_speed_esd","07_usb_c_high_speed_esd\url_008387--richtek.com-Design-20Support-Technical-20Document-AN025.md","copied","copied_to_category"
"C:\KICAD_SCRAPE\markdown_url2_clean\richtek.com-Design-20Support-Technical-20Document-AN045.md","richtek.com-Design-20Support-Technical-20Document-AN045.md","markdown_url2_clean","https://www.richtek.com/Design%20Support/Technical%20Document/AN045","https://www.richtek.com/Design%20Support/Technical%20Document/AN045","url_008388","source_url","11_calculators_ipc_reference","11_calculators_ipc_reference\url_008388--richtek.com-Design-20Support-Technical-20Document-AN045.md","copied","copied_to_category"
"C:\KICAD_SCRAPE\markdown_url2_clean\sameskydevices.com-product-connectors-usb-connectors-usb-type-c.md","sameskydevices.com-product-connectors-usb-connectors-usb-type-c.md","markdown_url2_clean","https://www.sameskydevices.com/product/connectors/usb-connectors/usb-type-c","https://www.sameskydevices.com/product/connectors/usb-connectors/usb-type-c","url_008393","source_url","13_vendor_parts_cad_models","13_vendor_parts_cad_models\url_008393--sameskydevices.com-product-connectors-usb-connectors-usb-type-c.md","copied","copied_to_category"
"C:\KICAD_SCRAPE\markdown_url2_clean\saturnpcb.com-saturn-pcb-toolkit.md","saturnpcb.com-saturn-pcb-toolkit.md","markdown_url2_clean","https://saturnpcb.com/saturn-pcb-toolkit/","https://saturnpcb.com/saturn-pcb-toolkit","url_004600","source_url","91_rejected_low_value","91_rejected_low_value\url_004600--saturnpcb.com-saturn-pcb-toolkit.md","copied","copied_to_category"
"C:\KICAD_SCRAPE\markdown_url2_clean\signalintegrityjournal.com-index.md","signalintegrityjournal.com-index.md","markdown_url2_clean","https://www.signalintegrityjournal.com/","https://www.signalintegrityjournal.com/","url_008394","source_url","91_rejected_low_value","91_rejected_low_value\url_008394--signalintegrityjournal.com-index.md","copied","copied_to_category"
"C:\KICAD_SCRAPE\markdown_url2_clean\silabs.com-mcu-32-bit-efm32-gecko.md","silabs.com-mcu-32-bit-efm32-gecko.md","markdown_url2_clean","https://www.silabs.com/mcu/32-bit/efm32-gecko","https://www.silabs.com/mcu/32-bit/efm32-gecko","url_008403","source_url","07_usb_c_high_speed_esd","07_usb_c_high_speed_esd\url_008403--silabs.com-mcu-32-bit-efm32-gecko.md","copied","copied_to_category"
"C:\KICAD_SCRAPE\markdown_url2_clean\silabs.com-wireless-bluetooth-efr32bg22-series-2-socs.md","silabs.com-wireless-bluetooth-efr32bg22-series-2-socs.md","markdown_url2_clean","https://www.silabs.com/wireless/bluetooth/efr32bg22-series-2-socs","https://www.silabs.com/wireless/bluetooth/efr32bg22-series-2-socs","url_008505","source_url","07_usb_c_high_speed_esd","07_usb_c_high_speed_esd\url_008505--silabs.com-wireless-bluetooth-efr32bg22-series-2-socs.md","copied","copied_to_category"
"C:\KICAD_SCRAPE\markdown_url2_clean\silabs.com-wireless-wi-fi-rs9116-wi-fi-ncp-socs.md","silabs.com-wireless-wi-fi-rs9116-wi-fi-ncp-socs.md","markdown_url2_clean","https://www.silabs.com/wireless/wi-fi/rs9116-wi-fi-ncp-socs","https://www.silabs.com/wireless/wi-fi/rs9116-wi-fi-ncp-socs","url_008507","source_url","07_usb_c_high_speed_esd","07_usb_c_high_speed_esd\url_008507--silabs.com-wireless-wi-fi-rs9116-wi-fi-ncp-socs.md","copied","copied_to_category"
"C:\KICAD_SCRAPE\markdown_url2_clean\snapeda.com-about-import.md","snapeda.com-about-import.md","markdown_url2_clean","https://www.snapeda.com/about/import/","https://www.snapeda.com/about/import","url_008510","source_url","13_vendor_parts_cad_models","13_vendor_parts_cad_models\url_008510--snapeda.com-about-import.md","copied","copied_to_category"
"C:\KICAD_SCRAPE\markdown_url2_clean\snapeda.com-index.md","snapeda.com-index.md","markdown_url2_clean","https://www.snapeda.com/","https://www.snapeda.com/","url_008508","source_url","91_rejected_low_value","91_rejected_low_value\url_008508--snapeda.com-index.md","copied","copied_to_category"
"C:\KICAD_SCRAPE\markdown_url2_clean\snapeda.com-kicad.md","snapeda.com-kicad.md","markdown_url2_clean","https://www.snapeda.com/kicad","https://www.snapeda.com/kicad","url_008511","source_url","91_rejected_low_value","91_rejected_low_value\url_008511--snapeda.com-kicad.md","copied","copied_to_category"
"C:\KICAD_SCRAPE\markdown_url2_clean\snapeda.com-search.md","snapeda.com-search.md","markdown_url2_clean","https://www.snapeda.com/search/?q=STM32WL55JC","https://www.snapeda.com/search?q=STM32WL55JC","url_008536","source_url","91_rejected_low_value","91_rejected_low_value\url_008536--snapeda.com-search.md","copied","copied_to_category"
"C:\KICAD_SCRAPE\markdown_url2_clean\sunstone.com-pcb-capabilities.md","sunstone.com-pcb-capabilities.md","markdown_url2_clean","https://www.sunstone.com/pcb-capabilities","https://www.sunstone.com/pcb-capabilities","url_009652","source_url","91_rejected_low_value","91_rejected_low_value\url_009652--sunstone.com-pcb-capabilities.md","copied","copied_to_category"
"C:\KICAD_SCRAPE\markdown_url2_clean\supplyframe.com-samacsys.md","supplyframe.com-samacsys.md","markdown_url2_clean","https://supplyframe.com/samacsys","https://supplyframe.com/samacsys","url_004601","source_url","13_vendor_parts_cad_models","13_vendor_parts_cad_models\url_004601--supplyframe.com-samacsys.md","copied","copied_to_category"
"C:\KICAD_SCRAPE\markdown_url2_clean\ti.com-interface-circuit-protection-overview.html.md","ti.com-interface-circuit-protection-overview.html.md","markdown_url2_clean","https://www.ti.com/interface/circuit-protection/overview.html","https://www.ti.com/interface/circuit-protection/overview.html","url_009654","source_url","07_usb_c_high_speed_esd","07_usb_c_high_speed_esd\url_009654--ti.com-interface-circuit-protection-overview.html.md","copied","copied_to_category"
"C:\KICAD_SCRAPE\markdown_url2_clean\ti.com-interface-usb-overview.html.md","ti.com-interface-usb-overview.html.md","markdown_url2_clean","https://www.ti.com/interface/usb/overview.html","https://www.ti.com/interface/usb/overview.html","url_009655","source_url","07_usb_c_high_speed_esd","07_usb_c_high_speed_esd\url_009655--ti.com-interface-usb-overview.html.md","copied","copied_to_category"
"C:\KICAD_SCRAPE\markdown_url2_clean\ti.com-lit-pdf-slla414.md","ti.com-lit-pdf-slla414.md","markdown_url2_clean","https://www.ti.com/lit/pdf/slla414","https://www.ti.com/lit/pdf/slla414","url_009919","source_url","91_rejected_low_value","91_rejected_low_value\url_009919--ti.com-lit-pdf-slla414.md","copied","copied_to_category"
"C:\KICAD_SCRAPE\markdown_url2_clean\ti.com-lit-pdf-sllu149.md","ti.com-lit-pdf-sllu149.md","markdown_url2_clean","https://www.ti.com/lit/pdf/sllu149","https://www.ti.com/lit/pdf/sllu149","url_009920","source_url","91_rejected_low_value","91_rejected_low_value\url_009920--ti.com-lit-pdf-sllu149.md","copied","copied_to_category"
"C:\KICAD_SCRAPE\markdown_url2_clean\ti.com-lit-pdf-spraar7.md","ti.com-lit-pdf-spraar7.md","markdown_url2_clean","https://www.ti.com/lit/pdf/spraar7","https://www.ti.com/lit/pdf/spraar7","url_009921","source_url","91_rejected_low_value","91_rejected_low_value\url_009921--ti.com-lit-pdf-spraar7.md","copied","copied_to_category"
"C:\KICAD_SCRAPE\markdown_url2_clean\ti.com-microcontrollers-mcus-processors-c2000-real-time-control-mcus-overview.html.md","ti.com-microcontrollers-mcus-processors-c2000-real-time-control-mcus-overview.html.md","markdown_url2_clean","https://www.ti.com/microcontrollers-mcus-processors/c2000-real-time-control-mcus/overview.html","https://www.ti.com/microcontrollers-mcus-processors/c2000-real-time-control-mcus/overview.html","url_009922","source_url","08_power_buck_regulators","08_power_buck_regulators\url_009922--ti.com-microcontrollers-mcus-processors-c2000-real-time-control-mcus-overview.html.md","copied","copied_to_category"
"C:\KICAD_SCRAPE\markdown_url2_clean\ti.com-microcontrollers-mcus-processors-microcontrollers-overview.html.md","ti.com-microcontrollers-mcus-processors-microcontrollers-overview.html.md","markdown_url2_clean","https://www.ti.com/microcontrollers-mcus-processors/microcontrollers/overview.html","https://www.ti.com/microcontrollers-mcus-processors/microcontrollers/overview.html","url_009923","source_url","08_power_buck_regulators","08_power_buck_regulators\url_009923--ti.com-microcontrollers-mcus-processors-microcontrollers-overview.html.md","copied","copied_to_category"
"C:\KICAD_SCRAPE\markdown_url2_clean\ti.com-microcontrollers-mcus-processors-msp430-microcontrollers-overview.html.md","ti.com-microcontrollers-mcus-processors-msp430-microcontrollers-overview.html.md","markdown_url2_clean","https://www.ti.com/microcontrollers-mcus-processors/msp430-microcontrollers/overview.html","https://www.ti.com/microcontrollers-mcus-processors/msp430-microcontrollers/overview.html","url_009924","source_url","08_power_buck_regulators","08_power_buck_regulators\url_009924--ti.com-microcontrollers-mcus-processors-msp430-microcontrollers-overview.html.md","copied","copied_to_category"
"C:\KICAD_SCRAPE\markdown_url2_clean\ti.com-packaging-docs-searchtipackages.tsp.md","ti.com-packaging-docs-searchtipackages.tsp.md","markdown_url2_clean","https://www.ti.com/packaging/docs/searchtipackages.tsp","https://www.ti.com/packaging/docs/searchtipackages.tsp","url_009926","source_url","91_rejected_low_value","91_rejected_low_value\url_009926--ti.com-packaging-docs-searchtipackages.tsp.md","copied","copied_to_category"
"C:\KICAD_SCRAPE\markdown_url2_clean\ti.com-product-CC2642R.md","ti.com-product-CC2642R.md","markdown_url2_clean","https://www.ti.com/product/CC2642R","https://www.ti.com/product/CC2642R","url_009928","source_url","91_rejected_low_value","91_rejected_low_value\url_009928--ti.com-product-CC2642R.md","copied","copied_to_category"
"C:\KICAD_SCRAPE\markdown_url2_clean\ti.com-product-CC2652R.md","ti.com-product-CC2652R.md","markdown_url2_clean","https://www.ti.com/product/CC2652R","https://www.ti.com/product/CC2652R","url_009929","source_url","91_rejected_low_value","91_rejected_low_value\url_009929--ti.com-product-CC2652R.md","copied","copied_to_category"
"C:\KICAD_SCRAPE\markdown_url2_clean\ti.com-product-MSP430FR2355.md","ti.com-product-MSP430FR2355.md","markdown_url2_clean","https://www.ti.com/product/MSP430FR2355","https://www.ti.com/product/MSP430FR2355","url_009930","source_url","91_rejected_low_value","91_rejected_low_value\url_009930--ti.com-product-MSP430FR2355.md","copied","copied_to_category"
"C:\KICAD_SCRAPE\markdown_url2_clean\ti.com-product-MSP430FR5994.md","ti.com-product-MSP430FR5994.md","markdown_url2_clean","https://www.ti.com/product/MSP430FR5994","https://www.ti.com/product/MSP430FR5994","url_009931","source_url","91_rejected_low_value","91_rejected_low_value\url_009931--ti.com-product-MSP430FR5994.md","copied","copied_to_category"
"C:\KICAD_SCRAPE\markdown_url2_clean\ti.com-product-MSP430G2553.md","ti.com-product-MSP430G2553.md","markdown_url2_clean","https://www.ti.com/product/MSP430G2553","https://www.ti.com/product/MSP430G2553","url_010032","source_url","91_rejected_low_value","91_rejected_low_value\url_010032--ti.com-product-MSP430G2553.md","copied","copied_to_category"
"C:\KICAD_SCRAPE\markdown_url2_clean\ti.com-product-TMS320F280049C.md","ti.com-product-TMS320F280049C.md","markdown_url2_clean","https://www.ti.com/product/TMS320F280049C","https://www.ti.com/product/TMS320F280049C","url_010033","source_url","91_rejected_low_value","91_rejected_low_value\url_010033--ti.com-product-TMS320F280049C.md","copied","copied_to_category"
"C:\KICAD_SCRAPE\markdown_url2_clean\ti.com-product-TMS320F28379D.md","ti.com-product-TMS320F28379D.md","markdown_url2_clean","https://www.ti.com/product/TMS320F28379D","https://www.ti.com/product/TMS320F28379D","url_010034","source_url","91_rejected_low_value","91_rejected_low_value\url_010034--ti.com-product-TMS320F28379D.md","copied","copied_to_category"
"C:\KICAD_SCRAPE\markdown_url2_clean\ti.com-product-TPS54202.md","ti.com-product-TPS54202.md","markdown_url2_clean","https://www.ti.com/product/TPS54202","https://www.ti.com/product/TPS54202","url_010035","source_url","91_rejected_low_value","91_rejected_low_value\url_010035--ti.com-product-TPS54202.md","copied","copied_to_category"
"C:\KICAD_SCRAPE\markdown_url2_clean\ti.com-product-TPS54302.md","ti.com-product-TPS54302.md","markdown_url2_clean","https://www.ti.com/product/TPS54302","https://www.ti.com/product/TPS54302","url_010036","source_url","91_rejected_low_value","91_rejected_low_value\url_010036--ti.com-product-TPS54302.md","copied","copied_to_category"
"C:\KICAD_SCRAPE\markdown_url2_clean\ti.com-product-TPS562201.md","ti.com-product-TPS562201.md","markdown_url2_clean","https://www.ti.com/product/TPS562201","https://www.ti.com/product/TPS562201","url_010037","source_url","91_rejected_low_value","91_rejected_low_value\url_010037--ti.com-product-TPS562201.md","copied","copied_to_category"
"C:\KICAD_SCRAPE\markdown_url2_clean\ti.com-product-TPS563201.md","ti.com-product-TPS563201.md","markdown_url2_clean","https://www.ti.com/product/TPS563201","https://www.ti.com/product/TPS563201","url_010038","source_url","91_rejected_low_value","91_rejected_low_value\url_010038--ti.com-product-TPS563201.md","copied","copied_to_category"
"C:\KICAD_SCRAPE\markdown_url2_clean\ti.com-product-TPS62177.md","ti.com-product-TPS62177.md","markdown_url2_clean","https://www.ti.com/product/TPS62177","https://www.ti.com/product/TPS62177","url_010039","source_url","91_rejected_low_value","91_rejected_low_value\url_010039--ti.com-product-TPS62177.md","copied","copied_to_category"
"C:\KICAD_SCRAPE\markdown_url2_clean\ti.com-product-TPS62827.md","ti.com-product-TPS62827.md","markdown_url2_clean","https://www.ti.com/product/TPS62827","https://www.ti.com/product/TPS62827","url_010040","source_url","91_rejected_low_value","91_rejected_low_value\url_010040--ti.com-product-TPS62827.md","copied","copied_to_category"
"C:\KICAD_SCRAPE\markdown_url2_clean\ti.com-product-TPS62840.md","ti.com-product-TPS62840.md","markdown_url2_clean","https://www.ti.com/product/TPS62840","https://www.ti.com/product/TPS62840","url_010041","source_url","91_rejected_low_value","91_rejected_low_value\url_010041--ti.com-product-TPS62840.md","copied","copied_to_category"
"C:\KICAD_SCRAPE\markdown_url2_clean\ti.com-product-TPS62933.md","ti.com-product-TPS62933.md","markdown_url2_clean","https://www.ti.com/product/TPS62933","https://www.ti.com/product/TPS62933","url_010042","source_url","91_rejected_low_value","91_rejected_low_value\url_010042--ti.com-product-TPS62933.md","copied","copied_to_category"
"C:\KICAD_SCRAPE\markdown_url2_clean\ti.com-tool-TPS54202EVM-716.md","ti.com-tool-TPS54202EVM-716.md","markdown_url2_clean","https://www.ti.com/tool/TPS54202EVM-716","https://www.ti.com/tool/TPS54202EVM-716","url_010043","source_url","91_rejected_low_value","91_rejected_low_value\url_010043--ti.com-tool-TPS54202EVM-716.md","copied","copied_to_category"
"C:\KICAD_SCRAPE\markdown_url2_clean\ti.com-tool-TPS54302EVM-716.md","ti.com-tool-TPS54302EVM-716.md","markdown_url2_clean","https://www.ti.com/tool/TPS54302EVM-716","https://www.ti.com/tool/TPS54302EVM-716","url_010044","source_url","91_rejected_low_value","91_rejected_low_value\url_010044--ti.com-tool-TPS54302EVM-716.md","copied","copied_to_category"
"C:\KICAD_SCRAPE\markdown_url2_clean\ti.com-tool-WEBENCH-POWER-DESIGNER.md","ti.com-tool-WEBENCH-POWER-DESIGNER.md","markdown_url2_clean","https://www.ti.com/tool/WEBENCH-POWER-DESIGNER","https://www.ti.com/tool/WEBENCH-POWER-DESIGNER","url_010047","source_url","91_rejected_low_value","91_rejected_low_value\url_010047--ti.com-tool-WEBENCH-POWER-DESIGNER.md","copied","copied_to_category"
"C:\KICAD_SCRAPE\markdown_url2_clean\ultralibrarian.com-cad-vendors-kicad.md","ultralibrarian.com-cad-vendors-kicad.md","markdown_url2_clean","https://www.ultralibrarian.com/cad-vendors/kicad/","https://www.ultralibrarian.com/cad-vendors/kicad","url_010049","source_url","91_rejected_low_value","91_rejected_low_value\url_010049--ultralibrarian.com-cad-vendors-kicad.md","copied","copied_to_category"
"C:\KICAD_SCRAPE\markdown_url2_clean\ultralibrarian.com-index.md","ultralibrarian.com-index.md","markdown_url2_clean","https://www.ultralibrarian.com/","https://www.ultralibrarian.com/","url_010048","source_url","91_rejected_low_value","91_rejected_low_value\url_010048--ultralibrarian.com-index.md","copied","copied_to_category"
"C:\KICAD_SCRAPE\markdown_url2_clean\usb.org-document-library-usb-20-cable-and-connector-class-document.md","usb.org-document-library-usb-20-cable-and-connector-class-document.md","markdown_url2_clean","https://www.usb.org/document-library/usb-20-cable-and-connector-class-document","https://www.usb.org/document-library/usb-20-cable-and-connector-class-document","url_010050","source_url","07_usb_c_high_speed_esd","07_usb_c_high_speed_esd\url_010050--usb.org-document-library-usb-20-cable-and-connector-class-document.md","copied","copied_to_category"
"C:\KICAD_SCRAPE\markdown_url2_clean\usb.org-document-library-usb-20-specification.md","usb.org-document-library-usb-20-specification.md","markdown_url2_clean","https://www.usb.org/document-library/usb-20-specification","https://www.usb.org/document-library/usb-20-specification","url_010055","source_url","07_usb_c_high_speed_esd","07_usb_c_high_speed_esd\url_010055--usb.org-document-library-usb-20-specification.md","copied","copied_to_category"
"C:\KICAD_SCRAPE\markdown_url2_clean\usb.org-document-library-usb-power-delivery.md","usb.org-document-library-usb-power-delivery.md","markdown_url2_clean","https://www.usb.org/document-library/usb-power-delivery","https://www.usb.org/document-library/usb-power-delivery","url_010057","source_url","07_usb_c_high_speed_esd","07_usb_c_high_speed_esd\url_010057--usb.org-document-library-usb-power-delivery.md","copied","copied_to_category"
"C:\KICAD_SCRAPE\markdown_url2_clean\usb.org-document-library-usb-type-cr-connectors-and-cable-assemblies-compliance-document-rev-21b.md","usb.org-document-library-usb-type-cr-connectors-and-cable-assemblies-compliance-document-rev-21b.md","markdown_url2_clean","https://www.usb.org/document-library/usb-type-cr-connectors-and-cable-assemblies-compliance-document-rev-21b","https://www.usb.org/document-library/usb-type-cr-connectors-and-cable-assemblies-compliance-document-rev-21b","url_010060","source_url","07_usb_c_high_speed_esd","07_usb_c_high_speed_esd\url_010060--usb.org-document-library-usb-type-cr-connectors-and-cable-assemblies-compliance-document-rev-21b.md","copied","copied_to_category"
"C:\KICAD_SCRAPE\markdown_url2_clean\usb.org-documents.md","usb.org-documents.md","markdown_url2_clean","https://www.usb.org/documents","https://www.usb.org/documents","url_010061","source_url","91_rejected_low_value","91_rejected_low_value\url_010061--usb.org-documents.md","copied","copied_to_category"
"C:\KICAD_SCRAPE\markdown_url2_clean\usb.org-usb-charger-pd.md","usb.org-usb-charger-pd.md","markdown_url2_clean","https://www.usb.org/usb-charger-pd","https://www.usb.org/usb-charger-pd","url_010063","source_url","91_rejected_low_value","91_rejected_low_value\url_010063--usb.org-usb-charger-pd.md","copied","copied_to_category"
"C:\KICAD_SCRAPE\markdown_url2_clean\usb.org-usb-type-cr-cable-and-connector-specification.md","usb.org-usb-type-cr-cable-and-connector-specification.md","markdown_url2_clean","https://www.usb.org/usb-type-cr-cable-and-connector-specification","https://www.usb.org/usb-type-cr-cable-and-connector-specification","url_010064","source_url","07_usb_c_high_speed_esd","07_usb_c_high_speed_esd\url_010064--usb.org-usb-type-cr-cable-and-connector-specification.md","copied","copied_to_category"
"C:\KICAD_SCRAPE\markdown_url2_clean\wch-ic.com-products-CH32V003.html.md","wch-ic.com-products-CH32V003.html.md","markdown_url2_clean","https://www.wch-ic.com/products/CH32V003.html","https://www.wch-ic.com/products/CH32V003.html","url_010065","source_url","91_rejected_low_value","91_rejected_low_value\url_010065--wch-ic.com-products-CH32V003.html.md","copied","copied_to_category"
"C:\KICAD_SCRAPE\markdown_url2_clean\wch-ic.com-products-CH32V203.html.md","wch-ic.com-products-CH32V203.html.md","markdown_url2_clean","https://www.wch-ic.com/products/CH32V203.html","https://www.wch-ic.com/products/CH32V203.html","url_010066","source_url","91_rejected_low_value","91_rejected_low_value\url_010066--wch-ic.com-products-CH32V203.html.md","copied","copied_to_category"
"C:\KICAD_SCRAPE\markdown_url2_clean\wch-ic.com-products-CH32V307.html.md","wch-ic.com-products-CH32V307.html.md","markdown_url2_clean","https://www.wch-ic.com/products/CH32V307.html","https://www.wch-ic.com/products/CH32V307.html","url_010067","source_url","91_rejected_low_value","91_rejected_low_value\url_010067--wch-ic.com-products-CH32V307.html.md","copied","copied_to_category"
"C:\KICAD_SCRAPE\markdown_url2_clean\wch-ic.com-products-CH32X035.html.md","wch-ic.com-products-CH32X035.html.md","markdown_url2_clean","https://www.wch-ic.com/products/CH32X035.html","https://www.wch-ic.com/products/CH32X035.html","url_010068","source_url","91_rejected_low_value","91_rejected_low_value\url_010068--wch-ic.com-products-CH32X035.html.md","copied","copied_to_category"
"C:\KICAD_SCRAPE\markdown_url2_clean\we-online.com-en-components-products-WE-TVSP.md","we-online.com-en-components-products-WE-TVSP.md","markdown_url2_clean","https://www.we-online.com/en/components/products/WE-TVSP","https://www.we-online.com/en/components/products/WE-TVSP","url_010069","source_url","91_rejected_low_value","91_rejected_low_value\url_010069--we-online.com-en-components-products-WE-TVSP.md","copied","copied_to_category"
"C:\KICAD_SCRAPE\markdown_url2_clean\we-online.com-en-support-knowledge-application-notes.md","we-online.com-en-support-knowledge-application-notes.md","markdown_url2_clean","https://www.we-online.com/en/support/knowledge/application-notes?search=USB","https://www.we-online.com/en/support/knowledge/application-notes?search=USB","url_010071","source_url","91_rejected_low_value","91_rejected_low_value\url_010071--we-online.com-en-support-knowledge-application-notes.md","copied","copied_to_category"
"C:\KICAD_SCRAPE\markdown_url2_clean\youtube.com-AltiumAcademy-videos.md","youtube.com-AltiumAcademy-videos.md","markdown_url2_clean","https://www.youtube.com/@AltiumAcademy/videos","https://www.youtube.com/@AltiumAcademy/videos","url_010072","source_url","15_video_reference_index","15_video_reference_index\url_010072--youtube.com-AltiumAcademy-videos.md","copied","copied_to_category"
"C:\KICAD_SCRAPE\markdown_url2_clean\youtube.com-AndreasSpiess-videos.md","youtube.com-AndreasSpiess-videos.md","markdown_url2_clean","https://www.youtube.com/@AndreasSpiess/videos","https://www.youtube.com/@AndreasSpiess/videos","url_010073","source_url","15_video_reference_index","15_video_reference_index\url_010073--youtube.com-AndreasSpiess-videos.md","copied","copied_to_category"
"C:\KICAD_SCRAPE\markdown_url2_clean\youtube.com-atomic14-videos.md","youtube.com-atomic14-videos.md","markdown_url2_clean","https://www.youtube.com/@atomic14/videos","https://www.youtube.com/@atomic14/videos","url_010074","source_url","15_video_reference_index","15_video_reference_index\url_010074--youtube.com-atomic14-videos.md","copied","copied_to_category"
"C:\KICAD_SCRAPE\markdown_url2_clean\youtube.com-ContextualElectronics-videos.md","youtube.com-ContextualElectronics-videos.md","markdown_url2_clean","https://www.youtube.com/@ContextualElectronics/videos","https://www.youtube.com/@ContextualElectronics/videos","url_010075","source_url","15_video_reference_index","15_video_reference_index\url_010075--youtube.com-ContextualElectronics-videos.md","copied","copied_to_category"
"C:\KICAD_SCRAPE\markdown_url2_clean\youtube.com-EEVblog-videos.md","youtube.com-EEVblog-videos.md","markdown_url2_clean","https://www.youtube.com/@EEVblog/videos","https://www.youtube.com/@EEVblog/videos","url_010076","source_url","15_video_reference_index","15_video_reference_index\url_010076--youtube.com-EEVblog-videos.md","copied","copied_to_category"
"C:\KICAD_SCRAPE\markdown_url2_clean\youtube.com-GreatScottLab-videos.md","youtube.com-GreatScottLab-videos.md","markdown_url2_clean","https://www.youtube.com/@GreatScottLab/videos","https://www.youtube.com/@GreatScottLab/videos","url_010077","source_url","15_video_reference_index","15_video_reference_index\url_010077--youtube.com-GreatScottLab-videos.md","copied","copied_to_category"
"C:\KICAD_SCRAPE\markdown_url2_clean\youtube.com-PhilsLab.md","youtube.com-PhilsLab.md","markdown_url2_clean","https://www.youtube.com/@PhilsLab","https://www.youtube.com/@PhilsLab","url_010078","source_url","15_video_reference_index","15_video_reference_index\url_010078--youtube.com-PhilsLab.md","copied","copied_to_category"
"C:\KICAD_SCRAPE\markdown_url2_clean\youtube.com-RobertFeranec.md","youtube.com-RobertFeranec.md","markdown_url2_clean","https://www.youtube.com/@RobertFeranec","https://www.youtube.com/@RobertFeranec","url_010079","source_url","15_video_reference_index","15_video_reference_index\url_010079--youtube.com-RobertFeranec.md","copied","copied_to_category"
"C:\KICAD_SCRAPE\markdown_url2_clean\youtube.com-RobertFeranec-videos.md","youtube.com-RobertFeranec-videos.md","markdown_url2_clean","https://www.youtube.com/@RobertFeranec/videos","https://www.youtube.com/@RobertFeranec/videos","url_010080","source_url","15_video_reference_index","15_video_reference_index\url_010080--youtube.com-RobertFeranec-videos.md","copied","copied_to_category"
