"original_path","final_path","filesize_bytes","original_category","final_category","moved_to_rejected","raw_html_removed","possible_navigation_noise","word_count","remaining_raw_html_tag_count","content_quality","cleaning_notes","url_index_ids"
"01_kicad_core\url_000722--docs.kicad.org-9.0-en-gerbview-gerbview.html.md","01_kicad_core\url_000722--docs.kicad.org-9.0-en-gerbview-gerbview.html.md","10099","01_kicad_core","01_kicad_core","False","True","True","775","15","medium","removed_junk_div_or_span_blocks; stripped_div_tags; stripped_span_tags; collapsed_blank_lines","url_000722"
"01_kicad_core\url_000723--docs.kicad.org-9.0-en-getting_started_in_kicad-getting_started_in_kicad.html.md","01_kicad_core\url_000723--docs.kicad.org-9.0-en-getting_started_in_kicad-getting_started_in_kicad.html.md","70055","01_kicad_core","01_kicad_core","False","True","True","9789","0","medium","removed_junk_div_or_span_blocks; stripped_div_tags; stripped_span_tags; removed_junk_lines=26; collapsed_blank_lines","url_000723"
"01_kicad_core\url_000727--docs.kicad.org-9.0-en-kicad-kicad.html.md","01_kicad_core\url_000727--docs.kicad.org-9.0-en-kicad-kicad.html.md","66891","01_kicad_core","01_kicad_core","False","False","True","8701","9","medium","removed_junk_lines=48; collapsed_blank_lines","url_000727"
"01_kicad_core\url_000729--docs.kicad.org-9.0-en-pcb_calculator-pcb_calculator.html.md","01_kicad_core\url_000729--docs.kicad.org-9.0-en-pcb_calculator-pcb_calculator.html.md","10886","01_kicad_core","01_kicad_core","False","True","True","1133","0","medium","removed_junk_div_or_span_blocks; stripped_div_tags; stripped_span_tags; collapsed_blank_lines","url_000729"
"01_kicad_core\url_000732--docs.kicad.org-9.0-en-pl_editor-pl_editor.html.md","01_kicad_core\url_000732--docs.kicad.org-9.0-en-pl_editor-pl_editor.html.md","22962","01_kicad_core","01_kicad_core","False","True","True","2923","70","medium","removed_junk_div_or_span_blocks; stripped_div_tags; stripped_span_tags; removed_junk_lines=34; collapsed_blank_lines","url_000732"
"01_kicad_core\url_001060--docs.oshpark.com-design-tools-kicad.md","01_kicad_core\url_001060--docs.oshpark.com-design-tools-kicad.md","4278","01_kicad_core","01_kicad_core","False","True","True","388","1","medium","removed_style_blocks; removed_junk_div_or_span_blocks; stripped_div_tags; stripped_span_tags; removed_junk_lines=7; collapsed_blank_lines","url_001060"
"01_kicad_core\url_007036--kicad.org-libraries-contribute.md","01_kicad_core\url_007036--kicad.org-libraries-contribute.md","2952","01_kicad_core","01_kicad_core","False","False","True","193","0","medium","removed_junk_lines=1; collapsed_blank_lines","url_007036"
"01_kicad_core\url_007037--kicad.org-libraries-download.md","01_kicad_core\url_007037--kicad.org-libraries-download.md","2946","01_kicad_core","01_kicad_core","False","False","True","193","0","medium","removed_junk_lines=1; collapsed_blank_lines","url_007037"
"01_kicad_core\url_007039--kicad.org-libraries-third_party.md","01_kicad_core\url_007039--kicad.org-libraries-third_party.md","2955","01_kicad_core","01_kicad_core","False","False","True","193","0","medium","removed_junk_lines=1; collapsed_blank_lines","url_007039"
"02_kicad_python_api\url_000010--dev-docs.kicad.org-en-addons-index.html.md","02_kicad_python_api\url_000010--dev-docs.kicad.org-en-addons-index.html.md","20872","02_kicad_python_api","02_kicad_python_api","False","False","True","3004","0","medium","removed_junk_lines=12; collapsed_blank_lines","url_000010"
"02_kicad_python_api\url_000011--dev-docs.kicad.org-en-apis-and-binding-index.html.md","02_kicad_python_api\url_000011--dev-docs.kicad.org-en-apis-and-binding-index.html.md","2526","02_kicad_python_api","02_kicad_python_api","False","True","False","255","0","high","stripped_div_tags; collapsed_blank_lines","url_000011"
"02_kicad_python_api\url_000012--dev-docs.kicad.org-en-apis-and-binding-ipc-api-for-addon-developers-index.html.md","02_kicad_python_api\url_000012--dev-docs.kicad.org-en-apis-and-binding-ipc-api-for-addon-developers-index.html.md","10035","02_kicad_python_api","02_kicad_python_api","False","False","True","1461","0","medium","removed_junk_lines=1; collapsed_blank_lines","url_000012"
"02_kicad_python_api\url_000013--dev-docs.kicad.org-en-apis-and-binding-ipc-api-for-kicad-developers-index.html.md","02_kicad_python_api\url_000013--dev-docs.kicad.org-en-apis-and-binding-ipc-api-for-kicad-developers-index.html.md","14329","02_kicad_python_api","02_kicad_python_api","False","False","True","2163","0","medium","removed_junk_lines=3; collapsed_blank_lines","url_000013"
"02_kicad_python_api\url_000014--dev-docs.kicad.org-en-apis-and-binding-ipc-api-index.html.md","02_kicad_python_api\url_000014--dev-docs.kicad.org-en-apis-and-binding-ipc-api-index.html.md","4520","02_kicad_python_api","02_kicad_python_api","False","False","False","580","0","high","collapsed_blank_lines","url_000014"
"02_kicad_python_api\url_000015--dev-docs.kicad.org-en-apis-and-binding-pcbnew-index.html.md","02_kicad_python_api\url_000015--dev-docs.kicad.org-en-apis-and-binding-pcbnew-index.html.md","9580","02_kicad_python_api","02_kicad_python_api","False","True","True","1224","0","medium","stripped_div_tags; removed_junk_lines=5; collapsed_blank_lines","url_000015"
"02_kicad_python_api\url_000017--dev-docs.kicad.org-en-file-formats-sexpr-footprint-index.html.md","02_kicad_python_api\url_000017--dev-docs.kicad.org-en-file-formats-sexpr-footprint-index.html.md","6862","02_kicad_python_api","02_kicad_python_api","False","False","True","252","0","medium","removed_junk_lines=10; collapsed_blank_lines","url_000017"
"02_kicad_python_api\url_000951--docs.kicad.org-doxygen-python-9.0-classpcbnew_1_1BOARD.html.md","02_kicad_python_api\url_000951--docs.kicad.org-doxygen-python-9.0-classpcbnew_1_1BOARD.html.md","73483","02_kicad_python_api","02_kicad_python_api","False","False","True","2213","0","medium","removed_junk_lines=363; collapsed_blank_lines","url_000951"
"02_kicad_python_api\url_000952--docs.kicad.org-doxygen-python-9.0-classpcbnew_1_1BOARD__DESIGN__SETTINGS.html.md","02_kicad_python_api\url_000952--docs.kicad.org-doxygen-python-9.0-classpcbnew_1_1BOARD__DESIGN__SETTINGS.html.md","41291","02_kicad_python_api","02_kicad_python_api","False","False","True","1407","0","medium","removed_junk_lines=207; collapsed_blank_lines","url_000952"
"02_kicad_python_api\url_000953--docs.kicad.org-doxygen-python-9.0-classpcbnew_1_1EDA__ANGLE.html.md","02_kicad_python_api\url_000953--docs.kicad.org-doxygen-python-9.0-classpcbnew_1_1EDA__ANGLE.html.md","12380","02_kicad_python_api","02_kicad_python_api","False","False","True","496","0","medium","removed_junk_lines=99; collapsed_blank_lines","url_000953"
"02_kicad_python_api\url_000954--docs.kicad.org-doxygen-python-9.0-classpcbnew_1_1FOOTPRINT.html.md","02_kicad_python_api\url_000954--docs.kicad.org-doxygen-python-9.0-classpcbnew_1_1FOOTPRINT.html.md","76745","02_kicad_python_api","02_kicad_python_api","False","False","True","2243","0","medium","removed_junk_lines=388; collapsed_blank_lines","url_000954"
"02_kicad_python_api\url_000955--docs.kicad.org-doxygen-python-9.0-classpcbnew_1_1NETINFO__ITEM.html.md","02_kicad_python_api\url_000955--docs.kicad.org-doxygen-python-9.0-classpcbnew_1_1NETINFO__ITEM.html.md","10617","02_kicad_python_api","02_kicad_python_api","False","False","True","333","0","medium","removed_junk_lines=35; collapsed_blank_lines","url_000955"
"02_kicad_python_api\url_000956--docs.kicad.org-doxygen-python-9.0-classpcbnew_1_1PAD.html.md","02_kicad_python_api\url_000956--docs.kicad.org-doxygen-python-9.0-classpcbnew_1_1PAD.html.md","64998","02_kicad_python_api","02_kicad_python_api","False","False","True","2029","0","medium","removed_junk_lines=375; collapsed_blank_lines","url_000956"
"02_kicad_python_api\url_000957--docs.kicad.org-doxygen-python-9.0-classpcbnew_1_1PCB__GROUP.html.md","02_kicad_python_api\url_000957--docs.kicad.org-doxygen-python-9.0-classpcbnew_1_1PCB__GROUP.html.md","11816","02_kicad_python_api","02_kicad_python_api","False","False","True","366","0","medium","removed_junk_lines=40; collapsed_blank_lines","url_000957"
"02_kicad_python_api\url_000958--docs.kicad.org-doxygen-python-9.0-classpcbnew_1_1PCB__SHAPE.html.md","02_kicad_python_api\url_000958--docs.kicad.org-doxygen-python-9.0-classpcbnew_1_1PCB__SHAPE.html.md","14376","02_kicad_python_api","02_kicad_python_api","False","False","True","401","0","medium","removed_junk_lines=35; collapsed_blank_lines","url_000958"
"02_kicad_python_api\url_000959--docs.kicad.org-doxygen-python-9.0-classpcbnew_1_1PCB__TRACK.html.md","02_kicad_python_api\url_000959--docs.kicad.org-doxygen-python-9.0-classpcbnew_1_1PCB__TRACK.html.md","20126","02_kicad_python_api","02_kicad_python_api","False","False","True","611","0","medium","removed_junk_lines=74; collapsed_blank_lines","url_000959"
"02_kicad_python_api\url_000960--docs.kicad.org-doxygen-python-9.0-classpcbnew_1_1PCB__VIA.html.md","02_kicad_python_api\url_000960--docs.kicad.org-doxygen-python-9.0-classpcbnew_1_1PCB__VIA.html.md","26447","02_kicad_python_api","02_kicad_python_api","False","False","True","771","0","medium","removed_junk_lines=86; collapsed_blank_lines","url_000960"
"02_kicad_python_api\url_000961--docs.kicad.org-doxygen-python-9.0-classpcbnew_1_1VECTOR2I.html.md","02_kicad_python_api\url_000961--docs.kicad.org-doxygen-python-9.0-classpcbnew_1_1VECTOR2I.html.md","15779","02_kicad_python_api","02_kicad_python_api","False","False","True","520","0","medium","removed_junk_lines=85; collapsed_blank_lines","url_000961"
"02_kicad_python_api\url_000962--docs.kicad.org-doxygen-python-9.0-classpcbnew_1_1ZONE.html.md","02_kicad_python_api\url_000962--docs.kicad.org-doxygen-python-9.0-classpcbnew_1_1ZONE.html.md","60047","02_kicad_python_api","02_kicad_python_api","False","False","True","1703","0","medium","removed_junk_lines=263; collapsed_blank_lines","url_000962"
"02_kicad_python_api\url_000963--docs.kicad.org-kicad-python-main-kicad.html.md","02_kicad_python_api\url_000963--docs.kicad.org-kicad-python-main-kicad.html.md","32382","02_kicad_python_api","02_kicad_python_api","False","True","True","1546","0","medium","removed_embedded_data_images; removed_junk_lines=33; collapsed_blank_lines","url_000963"
"03_kicad_file_formats\url_000018--dev-docs.kicad.org-en-file-formats-sexpr-intro-index.html.md","03_kicad_file_formats\url_000018--dev-docs.kicad.org-en-file-formats-sexpr-intro-index.html.md","50327","03_kicad_file_formats","03_kicad_file_formats","False","False","True","5873","0","medium","removed_junk_lines=190; collapsed_blank_lines","url_000018"
"03_kicad_file_formats\url_000019--dev-docs.kicad.org-en-file-formats-sexpr-pcb-index.html.md","03_kicad_file_formats\url_000019--dev-docs.kicad.org-en-file-formats-sexpr-pcb-index.html.md","15779","03_kicad_file_formats","03_kicad_file_formats","False","False","True","1483","0","medium","removed_junk_lines=44; collapsed_blank_lines","url_000019"
"03_kicad_file_formats\url_000020--dev-docs.kicad.org-en-file-formats-sexpr-schematic-index.html.md","03_kicad_file_formats\url_000020--dev-docs.kicad.org-en-file-formats-sexpr-schematic-index.html.md","21308","03_kicad_file_formats","03_kicad_file_formats","False","False","True","1705","0","medium","removed_junk_lines=55; collapsed_blank_lines","url_000020"
"03_kicad_file_formats\url_000718--docs.kicad.org-9.0-en-cli-cli.html.md","03_kicad_file_formats\url_000718--docs.kicad.org-9.0-en-cli-cli.html.md","76906","03_kicad_file_formats","03_kicad_file_formats","False","False","True","10740","0","medium","removed_junk_lines=348; collapsed_blank_lines","url_000718"
"04_kicad_libraries_symbols_footprints\url_002917--gitlab.com-api-v4-projects-kicad-2Flibraries-2Fkicad-footprints-repository-tree.md","04_kicad_libraries_symbols_footprints\url_002917--gitlab.com-api-v4-projects-kicad-2Flibraries-2Fkicad-footprints-repository-tree.md","3873","04_kicad_libraries_symbols_footprints","04_kicad_libraries_symbols_footprints","False","False","False","280","0","high","collapsed_blank_lines","url_002917"
"04_kicad_libraries_symbols_footprints\url_002918--gitlab.com-api-v4-projects-kicad-2Flibraries-2Fkicad-packages3D-repository-tree.md","04_kicad_libraries_symbols_footprints\url_002918--gitlab.com-api-v4-projects-kicad-2Flibraries-2Fkicad-packages3D-repository-tree.md","3893","04_kicad_libraries_symbols_footprints","04_kicad_libraries_symbols_footprints","False","False","False","276","0","high","collapsed_blank_lines","url_002918"
"04_kicad_libraries_symbols_footprints\url_002919--gitlab.com-api-v4-projects-kicad-2Flibraries-2Fkicad-symbols-repository-tree.md","04_kicad_libraries_symbols_footprints\url_002919--gitlab.com-api-v4-projects-kicad-2Flibraries-2Fkicad-symbols-repository-tree.md","4003","04_kicad_libraries_symbols_footprints","04_kicad_libraries_symbols_footprints","False","False","False","308","0","high","collapsed_blank_lines","url_002919"
"04_kicad_libraries_symbols_footprints\url_002932--gitlab.com-kicad-libraries.md","91_rejected_low_value\url_002932--gitlab.com-kicad-libraries.md","1230","04_kicad_libraries_symbols_footprints","91_rejected_low_value","True","True","True","7","0","junk","removed_embedded_data_images; collapsed_blank_lines; moved_to_rejected_after_cleaning","url_002932"
"04_kicad_libraries_symbols_footprints\url_002933--gitlab.com-kicad-libraries-kicad-footprints.md","91_rejected_low_value\url_002933--gitlab.com-kicad-libraries-kicad-footprints.md","2009","04_kicad_libraries_symbols_footprints","91_rejected_low_value","True","True","True","18","0","junk","removed_embedded_data_images; collapsed_blank_lines; moved_to_rejected_after_cleaning","url_002933"
"04_kicad_libraries_symbols_footprints\url_003463--gitlab.com-kicad-libraries-kicad-library-utils.md","91_rejected_low_value\url_003463--gitlab.com-kicad-libraries-kicad-library-utils.md","1679","04_kicad_libraries_symbols_footprints","91_rejected_low_value","True","True","True","21","0","junk","removed_embedded_data_images; collapsed_blank_lines; moved_to_rejected_after_cleaning","url_003463"
"04_kicad_libraries_symbols_footprints\url_003465--gitlab.com-kicad-libraries-kicad-packages3D.md","91_rejected_low_value\url_003465--gitlab.com-kicad-libraries-kicad-packages3D.md","1884","04_kicad_libraries_symbols_footprints","91_rejected_low_value","True","True","True","22","0","junk","removed_embedded_data_images; collapsed_blank_lines; moved_to_rejected_after_cleaning","url_003465"
"04_kicad_libraries_symbols_footprints\url_003466--gitlab.com-kicad-libraries-kicad-packages3D-source.md","91_rejected_low_value\url_003466--gitlab.com-kicad-libraries-kicad-packages3D-source.md","1824","04_kicad_libraries_symbols_footprints","91_rejected_low_value","True","True","True","20","0","junk","removed_embedded_data_images; collapsed_blank_lines; moved_to_rejected_after_cleaning","url_003466"
"04_kicad_libraries_symbols_footprints\url_003467--gitlab.com-kicad-libraries-kicad-symbols.md","91_rejected_low_value\url_003467--gitlab.com-kicad-libraries-kicad-symbols.md","1975","04_kicad_libraries_symbols_footprints","91_rejected_low_value","True","True","True","17","0","junk","removed_embedded_data_images; collapsed_blank_lines; moved_to_rejected_after_cleaning","url_003467"
"04_kicad_libraries_symbols_footprints\url_003515--gitlab.com-kicad-libraries-kicad-templates.md","91_rejected_low_value\url_003515--gitlab.com-kicad-libraries-kicad-templates.md","1848","04_kicad_libraries_symbols_footprints","91_rejected_low_value","True","True","True","17","0","junk","removed_embedded_data_images; collapsed_blank_lines; moved_to_rejected_after_cleaning","url_003515"
"04_kicad_libraries_symbols_footprints\url_004552--klc.kicad.org-footprint.md","91_rejected_low_value\url_004552--klc.kicad.org-footprint.md","1260","04_kicad_libraries_symbols_footprints","91_rejected_low_value","True","False","False","7","0","junk","collapsed_blank_lines; moved_to_rejected_after_cleaning","url_004552"
"04_kicad_libraries_symbols_footprints\url_004553--klc.kicad.org-model.md","91_rejected_low_value\url_004553--klc.kicad.org-model.md","1263","04_kicad_libraries_symbols_footprints","91_rejected_low_value","True","False","False","7","0","junk","collapsed_blank_lines; moved_to_rejected_after_cleaning","url_004553"
"04_kicad_libraries_symbols_footprints\url_004554--klc.kicad.org-symbol.md","91_rejected_low_value\url_004554--klc.kicad.org-symbol.md","1232","04_kicad_libraries_symbols_footprints","91_rejected_low_value","True","False","False","7","0","junk","collapsed_blank_lines; moved_to_rejected_after_cleaning","url_004554"
"04_kicad_libraries_symbols_footprints\url_007038--kicad.org-libraries-klc.md","04_kicad_libraries_symbols_footprints\url_007038--kicad.org-libraries-klc.md","37098","04_kicad_libraries_symbols_footprints","04_kicad_libraries_symbols_footprints","False","False","True","4737","0","medium","removed_junk_lines=14; collapsed_blank_lines","url_007038"
"05_esp32_espressif\url_000029--docs.espressif.com-projects-esp-dev-kits-en-latest-esp32s3-esp32-s3-usb-otg-user_guide.html.md","05_esp32_espressif\url_000029--docs.espressif.com-projects-esp-dev-kits-en-latest-esp32s3-esp32-s3-usb-otg-user_guide.html.md","16243","05_esp32_espressif","05_esp32_espressif","False","False","True","2022","0","medium","removed_permalink_links; removed_junk_lines=14; collapsed_blank_lines","url_000029"
"05_esp32_espressif\url_000030--docs.espressif.com-projects-esp-hardware-design-guidelines-en-latest-esp32-index.html.md","05_esp32_espressif\url_000030--docs.espressif.com-projects-esp-hardware-design-guidelines-en-latest-esp32-index.html.md","2178","05_esp32_espressif","05_esp32_espressif","False","False","False","72","0","low","collapsed_blank_lines","url_000030"
"05_esp32_espressif\url_000031--docs.espressif.com-projects-esp-hardware-design-guidelines-en-latest-esp32c2-index.html.md","05_esp32_espressif\url_000031--docs.espressif.com-projects-esp-hardware-design-guidelines-en-latest-esp32c2-index.html.md","2336","05_esp32_espressif","05_esp32_espressif","False","False","False","99","0","low","collapsed_blank_lines","url_000031"
"05_esp32_espressif\url_000032--docs.espressif.com-projects-esp-hardware-design-guidelines-en-latest-esp32c3-index.html.md","05_esp32_espressif\url_000032--docs.espressif.com-projects-esp-hardware-design-guidelines-en-latest-esp32c3-index.html.md","2163","05_esp32_espressif","05_esp32_espressif","False","False","False","72","0","low","collapsed_blank_lines","url_000032"
"05_esp32_espressif\url_000033--docs.espressif.com-projects-esp-hardware-design-guidelines-en-latest-esp32c5-index.html.md","05_esp32_espressif\url_000033--docs.espressif.com-projects-esp-hardware-design-guidelines-en-latest-esp32c5-index.html.md","2163","05_esp32_espressif","05_esp32_espressif","False","False","False","72","0","low","collapsed_blank_lines","url_000033"
"05_esp32_espressif\url_000034--docs.espressif.com-projects-esp-hardware-design-guidelines-en-latest-esp32c6-index.html.md","05_esp32_espressif\url_000034--docs.espressif.com-projects-esp-hardware-design-guidelines-en-latest-esp32c6-index.html.md","2163","05_esp32_espressif","05_esp32_espressif","False","False","False","72","0","low","collapsed_blank_lines","url_000034"
"05_esp32_espressif\url_000035--docs.espressif.com-projects-esp-hardware-design-guidelines-en-latest-esp32h2-index.html.md","05_esp32_espressif\url_000035--docs.espressif.com-projects-esp-hardware-design-guidelines-en-latest-esp32h2-index.html.md","2163","05_esp32_espressif","05_esp32_espressif","False","False","False","72","0","low","collapsed_blank_lines","url_000035"
"05_esp32_espressif\url_000036--docs.espressif.com-projects-esp-hardware-design-guidelines-en-latest-esp32p4-index.html.md","05_esp32_espressif\url_000036--docs.espressif.com-projects-esp-hardware-design-guidelines-en-latest-esp32p4-index.html.md","2059","05_esp32_espressif","05_esp32_espressif","False","False","False","70","0","low","collapsed_blank_lines","url_000036"
"05_esp32_espressif\url_000037--docs.espressif.com-projects-esp-hardware-design-guidelines-en-latest-esp32s2-index.html.md","05_esp32_espressif\url_000037--docs.espressif.com-projects-esp-hardware-design-guidelines-en-latest-esp32s2-index.html.md","2163","05_esp32_espressif","05_esp32_espressif","False","False","False","72","0","low","collapsed_blank_lines","url_000037"
"05_esp32_espressif\url_000039--docs.espressif.com-projects-esp-hardware-design-guidelines-en-latest-esp32s3-download-guidelines.html.md","05_esp32_espressif\url_000039--docs.espressif.com-projects-esp-hardware-design-guidelines-en-latest-esp32s3-download-guidelines.html.md","4105","05_esp32_espressif","05_esp32_espressif","False","False","False","402","0","high","collapsed_blank_lines","url_000039"
"05_esp32_espressif\url_000040--docs.espressif.com-projects-esp-hardware-design-guidelines-en-latest-esp32s3-index.html.md","05_esp32_espressif\url_000040--docs.espressif.com-projects-esp-hardware-design-guidelines-en-latest-esp32s3-index.html.md","2163","05_esp32_espressif","05_esp32_espressif","False","False","False","72","0","low","collapsed_blank_lines","url_000040"
"05_esp32_espressif\url_000041--docs.espressif.com-projects-esp-hardware-design-guidelines-en-latest-esp32s3-pcb-layout-design.html.md","05_esp32_espressif\url_000041--docs.espressif.com-projects-esp-hardware-design-guidelines-en-latest-esp32s3-pcb-layout-design.html.md","26463","05_esp32_espressif","05_esp32_espressif","False","True","True","4206","14","medium","removed_junk_div_or_span_blocks; stripped_div_tags; stripped_span_tags; removed_junk_lines=14; collapsed_blank_lines","url_000041"
"05_esp32_espressif\url_000042--docs.espressif.com-projects-esp-hardware-design-guidelines-en-latest-esp32s3-product-overview.html.md","05_esp32_espressif\url_000042--docs.espressif.com-projects-esp-hardware-design-guidelines-en-latest-esp32s3-product-overview.html.md","2471","05_esp32_espressif","05_esp32_espressif","False","False","False","179","0","medium","collapsed_blank_lines","url_000042"
"05_esp32_espressif\url_000043--docs.espressif.com-projects-esp-hardware-design-guidelines-en-latest-esp32s3-schematic-checklist.html.md","05_esp32_espressif\url_000043--docs.espressif.com-projects-esp-hardware-design-guidelines-en-latest-esp32s3-schematic-checklist.html.md","45614","05_esp32_espressif","05_esp32_espressif","False","True","True","6387","9","medium","removed_junk_div_or_span_blocks; stripped_div_tags; stripped_span_tags; removed_junk_lines=59; collapsed_blank_lines","url_000043"
"05_esp32_espressif\url_000051--docs.espressif.com-projects-esp-hardware-design-guidelines-en-latest-index.html.md","05_esp32_espressif\url_000051--docs.espressif.com-projects-esp-hardware-design-guidelines-en-latest-index.html.md","2160","05_esp32_espressif","05_esp32_espressif","False","False","False","72","0","low","collapsed_blank_lines","url_000051"
"05_esp32_espressif\url_000052--docs.espressif.com-projects-esp-idf-en-latest-esp32-api-reference-index.html.md","91_rejected_low_value\url_000052--docs.espressif.com-projects-esp-idf-en-latest-esp32-api-reference-index.html.md","8896","05_esp32_espressif","91_rejected_low_value","True","True","True","53","0","junk","removed_embedded_data_images; removed_permalink_links; collapsed_blank_lines; moved_to_rejected_after_cleaning","url_000052"
"05_esp32_espressif\url_000055--docs.espressif.com-projects-esp-idf-en-latest-esp32s3-api-guides-esp-wifi-mesh.html.md","05_esp32_espressif\url_000055--docs.espressif.com-projects-esp-idf-en-latest-esp32s3-api-guides-esp-wifi-mesh.html.md","60045","05_esp32_espressif","05_esp32_espressif","False","True","True","8607","0","medium","removed_embedded_data_images; removed_permalink_links; removed_junk_lines=21; collapsed_blank_lines","url_000055"
"05_esp32_espressif\url_000056--docs.espressif.com-projects-esp-idf-en-latest-esp32s3-api-guides-flash_psram_config.html.md","05_esp32_espressif\url_000056--docs.espressif.com-projects-esp-idf-en-latest-esp32s3-api-guides-flash_psram_config.html.md","10405","05_esp32_espressif","05_esp32_espressif","False","True","True","1180","0","medium","removed_embedded_data_images; removed_permalink_links; removed_junk_lines=6; collapsed_blank_lines","url_000056"
"05_esp32_espressif\url_000057--docs.espressif.com-projects-esp-idf-en-latest-esp32s3-api-guides-jtag-debugging-index.html.md","05_esp32_espressif\url_000057--docs.espressif.com-projects-esp-idf-en-latest-esp32s3-api-guides-jtag-debugging-index.html.md","21756","05_esp32_espressif","05_esp32_espressif","False","True","True","2211","0","medium","removed_embedded_data_images; removed_permalink_links; removed_junk_lines=17; collapsed_blank_lines","url_000057"
"05_esp32_espressif\url_000059--docs.espressif.com-projects-esp-idf-en-latest-esp32s3-api-guides-usb-otg-console.html.md","05_esp32_espressif\url_000059--docs.espressif.com-projects-esp-idf-en-latest-esp32s3-api-guides-usb-otg-console.html.md","9259","05_esp32_espressif","05_esp32_espressif","False","True","True","1199","0","medium","removed_embedded_data_images; removed_permalink_links; collapsed_blank_lines","url_000059"
"05_esp32_espressif\url_000062--docs.espressif.com-projects-esp-idf-en-latest-esp32s3-api-reference-peripherals-gpio.html.md","05_esp32_espressif\url_000062--docs.espressif.com-projects-esp-idf-en-latest-esp32s3-api-reference-peripherals-gpio.html.md","65183","05_esp32_espressif","05_esp32_espressif","False","True","True","6136","0","medium","removed_embedded_data_images; removed_permalink_links; removed_junk_lines=497; collapsed_blank_lines","url_000062"
"05_esp32_espressif\url_000063--docs.espressif.com-projects-esp-idf-en-latest-esp32s3-api-reference-peripherals-i2c.html.md","05_esp32_espressif\url_000063--docs.espressif.com-projects-esp-idf-en-latest-esp32s3-api-reference-peripherals-i2c.html.md","85367","05_esp32_espressif","05_esp32_espressif","False","True","True","8228","0","medium","removed_embedded_data_images; removed_permalink_links; removed_junk_lines=342; collapsed_blank_lines","url_000063"
"05_esp32_espressif\url_000064--docs.espressif.com-projects-esp-idf-en-latest-esp32s3-api-reference-peripherals-ledc.html.md","05_esp32_espressif\url_000064--docs.espressif.com-projects-esp-idf-en-latest-esp32s3-api-reference-peripherals-ledc.html.md","59656","05_esp32_espressif","05_esp32_espressif","False","True","True","5962","0","medium","removed_embedded_data_images; removed_permalink_links; removed_junk_lines=257; collapsed_blank_lines","url_000064"
"05_esp32_espressif\url_000065--docs.espressif.com-projects-esp-idf-en-latest-esp32s3-api-reference-peripherals-rmt.html.md","05_esp32_espressif\url_000065--docs.espressif.com-projects-esp-idf-en-latest-esp32s3-api-reference-peripherals-rmt.html.md","111849","05_esp32_espressif","05_esp32_espressif","False","True","True","11094","0","medium","removed_embedded_data_images; removed_permalink_links; removed_junk_lines=299; collapsed_blank_lines","url_000065"
"05_esp32_espressif\url_000066--docs.espressif.com-projects-esp-idf-en-latest-esp32s3-api-reference-peripherals-spi_master.html.md","05_esp32_espressif\url_000066--docs.espressif.com-projects-esp-idf-en-latest-esp32s3-api-reference-peripherals-spi_master.html.md","80302","05_esp32_espressif","05_esp32_espressif","False","True","True","8334","0","medium","removed_embedded_data_images; removed_permalink_links; removed_junk_lines=241; collapsed_blank_lines","url_000066"
"05_esp32_espressif\url_000067--docs.espressif.com-projects-esp-idf-en-latest-esp32s3-api-reference-peripherals-twai.html.md","05_esp32_espressif\url_000067--docs.espressif.com-projects-esp-idf-en-latest-esp32s3-api-reference-peripherals-twai.html.md","61940","05_esp32_espressif","05_esp32_espressif","False","True","True","5901","0","medium","removed_embedded_data_images; removed_permalink_links; removed_junk_lines=285; collapsed_blank_lines","url_000067"
"05_esp32_espressif\url_000068--docs.espressif.com-projects-esp-idf-en-latest-esp32s3-api-reference-peripherals-uart.html.md","05_esp32_espressif\url_000068--docs.espressif.com-projects-esp-idf-en-latest-esp32s3-api-reference-peripherals-uart.html.md","86854","05_esp32_espressif","05_esp32_espressif","False","True","True","8260","0","medium","removed_embedded_data_images; removed_permalink_links; removed_junk_lines=451; collapsed_blank_lines","url_000068"
"05_esp32_espressif\url_000070--docs.espressif.com-projects-esp-idf-en-latest-esp32s3-api-reference-system-efuse.html.md","05_esp32_espressif\url_000070--docs.espressif.com-projects-esp-idf-en-latest-esp32s3-api-reference-system-efuse.html.md","110157","05_esp32_espressif","05_esp32_espressif","False","True","True","12297","0","medium","removed_embedded_data_images; removed_permalink_links; removed_junk_lines=314; collapsed_blank_lines","url_000070"
"05_esp32_espressif\url_000071--docs.espressif.com-projects-esp-idf-en-latest-esp32s3-api-reference-system-sleep_modes.html.md","05_esp32_espressif\url_000071--docs.espressif.com-projects-esp-idf-en-latest-esp32s3-api-reference-system-sleep_modes.html.md","68475","05_esp32_espressif","05_esp32_espressif","False","True","True","7902","0","medium","removed_embedded_data_images; removed_permalink_links; removed_junk_lines=212; collapsed_blank_lines","url_000071"
"05_esp32_espressif\url_000072--docs.espressif.com-projects-esp-idf-en-latest-esp32s3-hw-reference-esp32s3-user-guide-devkitc-1.html.md","05_esp32_espressif\url_000072--docs.espressif.com-projects-esp-idf-en-latest-esp32s3-hw-reference-esp32s3-user-guide-devkitc-1.html.md","1923","05_esp32_espressif","05_esp32_espressif","False","False","False","102","0","low","removed_permalink_links; collapsed_blank_lines","url_000072"
"05_esp32_espressif\url_000074--docs.espressif.com-projects-esp-idf-en-latest-esp32s3-hw-reference-index.html.md","91_rejected_low_value\url_000074--docs.espressif.com-projects-esp-idf-en-latest-esp32s3-hw-reference-index.html.md","2883","05_esp32_espressif","91_rejected_low_value","True","True","True","53","0","junk","removed_embedded_data_images; removed_permalink_links; collapsed_blank_lines; moved_to_rejected_after_cleaning","url_000074"
"05_esp32_espressif\url_000075--docs.espressif.com-projects-esp-idf-en-latest-esp32s3-index.html.md","05_esp32_espressif\url_000075--docs.espressif.com-projects-esp-idf-en-latest-esp32s3-index.html.md","2500","05_esp32_espressif","05_esp32_espressif","False","True","True","110","0","low","removed_embedded_data_images; removed_permalink_links; collapsed_blank_lines","url_000075"
"05_esp32_espressif\url_000077--docs.espressif.com-projects-esptool-en-latest-esp32s3-index.html.md","05_esp32_espressif\url_000077--docs.espressif.com-projects-esptool-en-latest-esp32s3-index.html.md","5161","05_esp32_espressif","05_esp32_espressif","False","False","False","458","0","high","removed_permalink_links; collapsed_blank_lines","url_000077"
"05_esp32_espressif\url_004558--learn.adafruit.com-adafruit-qt-py-esp32-s3.md","05_esp32_espressif\url_004558--learn.adafruit.com-adafruit-qt-py-esp32-s3.md","18222","05_esp32_espressif","05_esp32_espressif","False","True","True","937","0","medium","removed_embedded_data_images; removed_junk_lines=24; collapsed_blank_lines","url_004558"
"05_esp32_espressif\url_006839--espressif.com-en-products-devkits-esp32-c3-devkitm-1.md","05_esp32_espressif\url_006839--espressif.com-en-products-devkits-esp32-c3-devkitm-1.md","20178","05_esp32_espressif","05_esp32_espressif","False","True","True","406","0","medium","removed_embedded_data_images; removed_junk_lines=44; collapsed_blank_lines","url_006839"
"05_esp32_espressif\url_006840--espressif.com-en-products-devkits-esp32-c6-devkitc-1.md","05_esp32_espressif\url_006840--espressif.com-en-products-devkits-esp32-c6-devkitc-1.md","20178","05_esp32_espressif","05_esp32_espressif","False","True","True","406","0","medium","removed_embedded_data_images; removed_junk_lines=44; collapsed_blank_lines","url_006840"
"05_esp32_espressif\url_006841--espressif.com-en-products-devkits-esp32-devkitc.md","05_esp32_espressif\url_006841--espressif.com-en-products-devkits-esp32-devkitc.md","22075","05_esp32_espressif","05_esp32_espressif","False","True","True","560","0","medium","removed_embedded_data_images; removed_junk_lines=7; collapsed_blank_lines","url_006841"
"05_esp32_espressif\url_006842--espressif.com-en-products-devkits-esp32-p4-function-ev-board.md","05_esp32_espressif\url_006842--espressif.com-en-products-devkits-esp32-p4-function-ev-board.md","20258","05_esp32_espressif","05_esp32_espressif","False","True","True","406","0","medium","removed_embedded_data_images; removed_junk_lines=44; collapsed_blank_lines","url_006842"
"05_esp32_espressif\url_006843--espressif.com-en-products-devkits-esp32-s3-devkitc-1.md","05_esp32_espressif\url_006843--espressif.com-en-products-devkits-esp32-s3-devkitc-1.md","20178","05_esp32_espressif","05_esp32_espressif","False","True","True","406","0","medium","removed_embedded_data_images; removed_junk_lines=44; collapsed_blank_lines","url_006843"
"05_esp32_espressif\url_006844--espressif.com-en-products-modules.md","05_esp32_espressif\url_006844--espressif.com-en-products-modules.md","26559","05_esp32_espressif","05_esp32_espressif","False","True","True","1463","0","medium","removed_embedded_data_images; removed_junk_lines=28; collapsed_blank_lines","url_006844"
"05_esp32_espressif\url_006845--espressif.com-en-products-modules-esp32-c2-mini-1.md","05_esp32_espressif\url_006845--espressif.com-en-products-modules-esp32-c2-mini-1.md","26144","05_esp32_espressif","05_esp32_espressif","False","True","True","1390","0","medium","removed_embedded_data_images; removed_junk_lines=28; collapsed_blank_lines","url_006845"
"05_esp32_espressif\url_006846--espressif.com-en-products-modules-esp32-c3-mini-1.md","05_esp32_espressif\url_006846--espressif.com-en-products-modules-esp32-c3-mini-1.md","26144","05_esp32_espressif","05_esp32_espressif","False","True","True","1390","0","medium","removed_embedded_data_images; removed_junk_lines=28; collapsed_blank_lines","url_006846"
"05_esp32_espressif\url_006847--espressif.com-en-products-modules-esp32-c3-wroom-02.md","05_esp32_espressif\url_006847--espressif.com-en-products-modules-esp32-c3-wroom-02.md","26164","05_esp32_espressif","05_esp32_espressif","False","True","True","1390","0","medium","removed_embedded_data_images; removed_junk_lines=28; collapsed_blank_lines","url_006847"
"05_esp32_espressif\url_006848--espressif.com-en-products-modules-esp32-c5-wroom-1.md","05_esp32_espressif\url_006848--espressif.com-en-products-modules-esp32-c5-wroom-1.md","26154","05_esp32_espressif","05_esp32_espressif","False","True","True","1390","0","medium","removed_embedded_data_images; removed_junk_lines=28; collapsed_blank_lines","url_006848"
"05_esp32_espressif\url_006849--espressif.com-en-products-modules-esp32-c6-mini-1.md","05_esp32_espressif\url_006849--espressif.com-en-products-modules-esp32-c6-mini-1.md","26144","05_esp32_espressif","05_esp32_espressif","False","True","True","1390","0","medium","removed_embedded_data_images; removed_junk_lines=28; collapsed_blank_lines","url_006849"
"05_esp32_espressif\url_006850--espressif.com-en-products-modules-esp32-c6-wroom-1.md","05_esp32_espressif\url_006850--espressif.com-en-products-modules-esp32-c6-wroom-1.md","26154","05_esp32_espressif","05_esp32_espressif","False","True","True","1390","0","medium","removed_embedded_data_images; removed_junk_lines=28; collapsed_blank_lines","url_006850"
"05_esp32_espressif\url_006851--espressif.com-en-products-modules-esp32-h2-mini-1.md","05_esp32_espressif\url_006851--espressif.com-en-products-modules-esp32-h2-mini-1.md","26144","05_esp32_espressif","05_esp32_espressif","False","True","True","1390","0","medium","removed_embedded_data_images; removed_junk_lines=28; collapsed_blank_lines","url_006851"
"05_esp32_espressif\url_006852--espressif.com-en-products-modules-esp32-s2-wroom.md","05_esp32_espressif\url_006852--espressif.com-en-products-modules-esp32-s2-wroom.md","26134","05_esp32_espressif","05_esp32_espressif","False","True","True","1390","0","medium","removed_embedded_data_images; removed_junk_lines=28; collapsed_blank_lines","url_006852"
"05_esp32_espressif\url_006853--espressif.com-en-products-modules-esp32-s2-wrover.md","05_esp32_espressif\url_006853--espressif.com-en-products-modules-esp32-s2-wrover.md","26144","05_esp32_espressif","05_esp32_espressif","False","True","True","1390","0","medium","removed_embedded_data_images; removed_junk_lines=28; collapsed_blank_lines","url_006853"
"05_esp32_espressif\url_006854--espressif.com-en-products-modules-esp32-s3-mini-1.md","05_esp32_espressif\url_006854--espressif.com-en-products-modules-esp32-s3-mini-1.md","26144","05_esp32_espressif","05_esp32_espressif","False","True","True","1390","0","medium","removed_embedded_data_images; removed_junk_lines=28; collapsed_blank_lines","url_006854"
"05_esp32_espressif\url_006855--espressif.com-en-products-modules-esp32-s3-wroom-1.md","05_esp32_espressif\url_006855--espressif.com-en-products-modules-esp32-s3-wroom-1.md","26154","05_esp32_espressif","05_esp32_espressif","False","True","True","1390","0","medium","removed_embedded_data_images; removed_junk_lines=28; collapsed_blank_lines","url_006855"
"05_esp32_espressif\url_006856--espressif.com-en-products-modules-esp32-s3-wroom-2.md","05_esp32_espressif\url_006856--espressif.com-en-products-modules-esp32-s3-wroom-2.md","26154","05_esp32_espressif","05_esp32_espressif","False","True","True","1390","0","medium","removed_embedded_data_images; removed_junk_lines=28; collapsed_blank_lines","url_006856"
"05_esp32_espressif\url_006857--espressif.com-en-products-modules-esp32-s3-wrover.md","05_esp32_espressif\url_006857--espressif.com-en-products-modules-esp32-s3-wrover.md","26144","05_esp32_espressif","05_esp32_espressif","False","True","True","1390","0","medium","removed_embedded_data_images; removed_junk_lines=28; collapsed_blank_lines","url_006857"
"05_esp32_espressif\url_006858--espressif.com-en-products-modules-esp32-wroom-32.md","05_esp32_espressif\url_006858--espressif.com-en-products-modules-esp32-wroom-32.md","26134","05_esp32_espressif","05_esp32_espressif","False","True","True","1390","0","medium","removed_embedded_data_images; removed_junk_lines=28; collapsed_blank_lines","url_006858"
"05_esp32_espressif\url_006859--espressif.com-en-products-modules-esp32-wrover.md","05_esp32_espressif\url_006859--espressif.com-en-products-modules-esp32-wrover.md","26114","05_esp32_espressif","05_esp32_espressif","False","True","True","1390","0","medium","removed_embedded_data_images; removed_junk_lines=28; collapsed_blank_lines","url_006859"
"05_esp32_espressif\url_006860--espressif.com-en-products-socs.md","05_esp32_espressif\url_006860--espressif.com-en-products-socs.md","27905","05_esp32_espressif","05_esp32_espressif","False","True","True","1683","0","medium","removed_embedded_data_images; removed_junk_lines=25; collapsed_blank_lines","url_006860"
"05_esp32_espressif\url_006861--espressif.com-en-products-socs-esp32.md","05_esp32_espressif\url_006861--espressif.com-en-products-socs-esp32.md","24930","05_esp32_espressif","05_esp32_espressif","False","True","True","686","0","medium","removed_embedded_data_images; removed_junk_lines=7; collapsed_blank_lines","url_006861"
"05_esp32_espressif\url_006862--espressif.com-en-products-socs-esp32-c2.md","05_esp32_espressif\url_006862--espressif.com-en-products-socs-esp32-c2.md","23112","05_esp32_espressif","05_esp32_espressif","False","True","True","688","0","medium","removed_embedded_data_images; removed_junk_lines=7; collapsed_blank_lines","url_006862"
"05_esp32_espressif\url_006863--espressif.com-en-products-socs-esp32-c3.md","05_esp32_espressif\url_006863--espressif.com-en-products-socs-esp32-c3.md","23065","05_esp32_espressif","05_esp32_espressif","False","True","True","536","0","medium","removed_embedded_data_images; removed_junk_lines=7; collapsed_blank_lines","url_006863"
"05_esp32_espressif\url_006864--espressif.com-en-products-socs-esp32-c5.md","05_esp32_espressif\url_006864--espressif.com-en-products-socs-esp32-c5.md","23038","05_esp32_espressif","05_esp32_espressif","False","True","True","735","0","medium","removed_embedded_data_images; removed_junk_lines=7; collapsed_blank_lines","url_006864"
"05_esp32_espressif\url_006865--espressif.com-en-products-socs-esp32-c6.md","05_esp32_espressif\url_006865--espressif.com-en-products-socs-esp32-c6.md","23311","05_esp32_espressif","05_esp32_espressif","False","True","True","785","0","medium","removed_embedded_data_images; removed_junk_lines=7; collapsed_blank_lines","url_006865"
"05_esp32_espressif\url_006866--espressif.com-en-products-socs-esp32-c61.md","05_esp32_espressif\url_006866--espressif.com-en-products-socs-esp32-c61.md","22639","05_esp32_espressif","05_esp32_espressif","False","True","True","625","0","medium","removed_embedded_data_images; removed_junk_lines=7; collapsed_blank_lines","url_006866"
"05_esp32_espressif\url_006867--espressif.com-en-products-socs-esp32-h2.md","05_esp32_espressif\url_006867--espressif.com-en-products-socs-esp32-h2.md","22545","05_esp32_espressif","05_esp32_espressif","False","True","True","535","0","medium","removed_embedded_data_images; removed_junk_lines=7; collapsed_blank_lines","url_006867"
"05_esp32_espressif\url_006868--espressif.com-en-products-socs-esp32-p4.md","05_esp32_espressif\url_006868--espressif.com-en-products-socs-esp32-p4.md","27124","05_esp32_espressif","05_esp32_espressif","False","True","True","1301","0","medium","removed_embedded_data_images; removed_junk_lines=10; collapsed_blank_lines","url_006868"
"05_esp32_espressif\url_006869--espressif.com-en-products-socs-esp32-s2.md","05_esp32_espressif\url_006869--espressif.com-en-products-socs-esp32-s2.md","23199","05_esp32_espressif","05_esp32_espressif","False","True","True","601","0","medium","removed_embedded_data_images; removed_junk_lines=7; collapsed_blank_lines","url_006869"
"05_esp32_espressif\url_006870--espressif.com-en-products-socs-esp32-s3.md","05_esp32_espressif\url_006870--espressif.com-en-products-socs-esp32-s3.md","22847","05_esp32_espressif","05_esp32_espressif","False","True","True","572","0","medium","removed_embedded_data_images; removed_junk_lines=7; collapsed_blank_lines","url_006870"
"05_esp32_espressif\url_006871--espressif.com-en-support-documents-technical-documents.md","05_esp32_espressif\url_006871--espressif.com-en-support-documents-technical-documents.md","21817","05_esp32_espressif","05_esp32_espressif","False","True","True","592","0","medium","removed_embedded_data_images; removed_junk_lines=13; collapsed_blank_lines","url_006871"
"05_esp32_espressif\url_006872--espressif.com-en-support-download-documents-modules.md","05_esp32_espressif\url_006872--espressif.com-en-support-download-documents-modules.md","32066","05_esp32_espressif","05_esp32_espressif","False","True","True","357","0","medium","removed_embedded_data_images; removed_junk_lines=60; collapsed_blank_lines","url_006872"
"05_esp32_espressif\url_006873--espressif.com-en-support-download-documents-other.md","05_esp32_espressif\url_006873--espressif.com-en-support-download-documents-other.md","30562","05_esp32_espressif","05_esp32_espressif","False","True","True","178","0","medium","removed_embedded_data_images; removed_junk_lines=60; collapsed_blank_lines","url_006873"
"05_esp32_espressif\url_006876--espressif.com-en-support-download-documents.md","05_esp32_espressif\url_006876--espressif.com-en-support-download-documents.md","29854","05_esp32_espressif","05_esp32_espressif","False","True","True","104","0","low","removed_embedded_data_images; removed_junk_lines=54; collapsed_blank_lines","url_006876"
"05_esp32_espressif\url_006877--espressif.com-sites-default-files-documentation-esp32_datasheet_en.pdf.pdf.md","05_esp32_espressif\url_006877--espressif.com-sites-default-files-documentation-esp32_datasheet_en.pdf.pdf.md","120733","05_esp32_espressif","05_esp32_espressif","False","False","True","21635","0","medium","removed_junk_lines=514","url_006877"
"05_esp32_espressif\url_006879--espressif.com-sites-default-files-documentation-esp32_technical_reference_manual_en.pdf.pdf.md","05_esp32_espressif\url_006879--espressif.com-sites-default-files-documentation-esp32_technical_reference_manual_en.pdf.pdf.md","981680","05_esp32_espressif","05_esp32_espressif","False","False","True","179576","0","medium","removed_junk_lines=15569","url_006879"
"05_esp32_espressif\url_006880--espressif.com-sites-default-files-documentation-esp32-c3_datasheet_en.pdf.pdf.md","05_esp32_espressif\url_006880--espressif.com-sites-default-files-documentation-esp32-c3_datasheet_en.pdf.pdf.md","108954","05_esp32_espressif","05_esp32_espressif","False","False","True","18368","0","medium","removed_junk_lines=437","url_006880"
"05_esp32_espressif\url_006881--espressif.com-sites-default-files-documentation-esp32-c3_technical_reference_manual_en.pdf.pdf.md","05_esp32_espressif\url_006881--espressif.com-sites-default-files-documentation-esp32-c3_technical_reference_manual_en.pdf.pdf.md","1052931","05_esp32_espressif","05_esp32_espressif","False","False","True","191897","0","medium","removed_junk_lines=15566","url_006881"
"05_esp32_espressif\url_006882--espressif.com-sites-default-files-documentation-esp32-c3-mini-1_datasheet_en.pdf.pdf.md","05_esp32_espressif\url_006882--espressif.com-sites-default-files-documentation-esp32-c3-mini-1_datasheet_en.pdf.pdf.md","60222","05_esp32_espressif","05_esp32_espressif","False","False","True","10064","0","medium","removed_junk_lines=610","url_006882"
"05_esp32_espressif\url_006883--espressif.com-sites-default-files-documentation-esp32-c3-wroom-02_datasheet_en.pdf.pdf.md","05_esp32_espressif\url_006883--espressif.com-sites-default-files-documentation-esp32-c3-wroom-02_datasheet_en.pdf.pdf.md","59063","05_esp32_espressif","05_esp32_espressif","False","False","True","9838","0","medium","removed_junk_lines=531","url_006883"
"05_esp32_espressif\url_006884--espressif.com-sites-default-files-documentation-esp32-c6_datasheet_en.pdf.pdf.md","05_esp32_espressif\url_006884--espressif.com-sites-default-files-documentation-esp32-c6_datasheet_en.pdf.pdf.md","132322","05_esp32_espressif","05_esp32_espressif","False","False","True","22771","0","medium","removed_junk_lines=488","url_006884"
"05_esp32_espressif\url_006885--espressif.com-sites-default-files-documentation-esp32-c6_technical_reference_manual_en.pdf.pdf.md","05_esp32_espressif\url_006885--espressif.com-sites-default-files-documentation-esp32-c6_technical_reference_manual_en.pdf.pdf.md","1490807","05_esp32_espressif","05_esp32_espressif","False","False","True","268398","0","medium","removed_junk_lines=28928","url_006885"
"05_esp32_espressif\url_006886--espressif.com-sites-default-files-documentation-esp32-c6-mini-1_mini-1u_datasheet_en.pdf.pdf.md","05_esp32_espressif\url_006886--espressif.com-sites-default-files-documentation-esp32-c6-mini-1_mini-1u_datasheet_en.pdf.pdf.md","66382","05_esp32_espressif","05_esp32_espressif","False","False","True","11061","0","medium","removed_junk_lines=1026","url_006886"
"05_esp32_espressif\url_006887--espressif.com-sites-default-files-documentation-esp32-c6-wroom-1_wroom-1u_datasheet_en.pdf.pdf.md","05_esp32_espressif\url_006887--espressif.com-sites-default-files-documentation-esp32-c6-wroom-1_wroom-1u_datasheet_en.pdf.pdf.md","66172","05_esp32_espressif","05_esp32_espressif","False","False","True","11007","0","medium","removed_junk_lines=958","url_006887"
"05_esp32_espressif\url_006888--espressif.com-sites-default-files-documentation-esp32-s2_datasheet_en.pdf.pdf.md","05_esp32_espressif\url_006888--espressif.com-sites-default-files-documentation-esp32-s2_datasheet_en.pdf.pdf.md","105744","05_esp32_espressif","05_esp32_espressif","False","False","True","18639","0","medium","removed_junk_lines=286","url_006888"
"05_esp32_espressif\url_006889--espressif.com-sites-default-files-documentation-esp32-s2_technical_reference_manual_en.pdf.pdf.md","05_esp32_espressif\url_006889--espressif.com-sites-default-files-documentation-esp32-s2_technical_reference_manual_en.pdf.pdf.md","1027086","05_esp32_espressif","05_esp32_espressif","False","False","True","189369","0","medium","removed_junk_lines=17253","url_006889"
"05_esp32_espressif\url_006890--espressif.com-sites-default-files-documentation-esp32-s3_datasheet_en.pdf.pdf.md","05_esp32_espressif\url_006890--espressif.com-sites-default-files-documentation-esp32-s3_datasheet_en.pdf.pdf.md","142456","05_esp32_espressif","05_esp32_espressif","False","False","True","24737","0","medium","removed_junk_lines=568","url_006890"
"05_esp32_espressif\url_006892--espressif.com-sites-default-files-documentation-esp32-s3_technical_reference_manual_en.pdf.pdf.md","05_esp32_espressif\url_006892--espressif.com-sites-default-files-documentation-esp32-s3_technical_reference_manual_en.pdf.pdf.md","1611031","05_esp32_espressif","05_esp32_espressif","False","False","True","299243","0","medium","removed_junk_lines=27177","url_006892"
"05_esp32_espressif\url_006893--espressif.com-sites-default-files-documentation-esp32-s3-mini-1_mini-1u_datasheet_en.pdf.pdf.md","05_esp32_espressif\url_006893--espressif.com-sites-default-files-documentation-esp32-s3-mini-1_mini-1u_datasheet_en.pdf.pdf.md","72572","05_esp32_espressif","05_esp32_espressif","False","False","True","12336","0","medium","removed_junk_lines=827","url_006893"
"05_esp32_espressif\url_006894--espressif.com-sites-default-files-documentation-esp32-s3-wroom-1_wroom-1u_datasheet_en.pdf.pdf.md","05_esp32_espressif\url_006894--espressif.com-sites-default-files-documentation-esp32-s3-wroom-1_wroom-1u_datasheet_en.pdf.pdf.md","74589","05_esp32_espressif","05_esp32_espressif","False","False","True","12688","0","medium","removed_junk_lines=792","url_006894"
"05_esp32_espressif\url_008218--pcbway.com-blog-PCB_Design_Layout-USB_Type_C_PCB_Design_Guidelines_Layout_and_Routing_Best_Practices_55bc0c39..md","05_esp32_espressif\url_008218--pcbway.com-blog-PCB_Design_Layout-USB_Type_C_PCB_Design_Guidelines_Layout_and_Routing_Best_Practices_55bc0c39..md","13948","05_esp32_espressif","05_esp32_espressif","False","True","True","1737","1","medium","removed_style_blocks; removed_junk_div_or_span_blocks; stripped_div_tags; stripped_span_tags; removed_junk_lines=19; collapsed_blank_lines","url_008218"
"05_esp32_espressif\url_010081--documentation.espressif.com-esp32-s3-wroom-1_wroom-1u_datasheet_en.pdf.pdf.md","05_esp32_espressif\url_010081--documentation.espressif.com-esp32-s3-wroom-1_wroom-1u_datasheet_en.pdf.pdf.md","74491","05_esp32_espressif","05_esp32_espressif","False","False","True","12688","0","medium","removed_junk_lines=792","url_010081"
"06_microcontrollers\url_000008--datasheets.raspberrypi.com-rp2040-rp2040-datasheet.pdf.pdf.md","06_microcontrollers\url_000008--datasheets.raspberrypi.com-rp2040-rp2040-datasheet.pdf.pdf.md","1059821","06_microcontrollers","06_microcontrollers","False","False","True","175828","0","medium","removed_junk_lines=10661; collapsed_blank_lines","url_000008"
"06_microcontrollers\url_000009--datasheets.raspberrypi.com-rp2350-rp2350-datasheet.pdf.pdf.md","06_microcontrollers\url_000009--datasheets.raspberrypi.com-rp2350-rp2350-datasheet.pdf.pdf.md","2079285","06_microcontrollers","06_microcontrollers","False","False","True","342264","7","medium","removed_junk_lines=26187; collapsed_blank_lines","url_000009"
"06_microcontrollers\url_001055--docs.nordicsemi.com-index.md","91_rejected_low_value\url_001055--docs.nordicsemi.com-index.md","891","06_microcontrollers","91_rejected_low_value","True","True","True","2","0","junk","removed_embedded_data_images; removed_junk_lines=44; collapsed_blank_lines; moved_to_rejected_after_cleaning","url_001055"
"06_microcontrollers\url_004605--ww1.microchip.com-downloads-aemDocuments-documents-OTH-ApplicationNotes-ApplicationNotes-00002053A.pdf.pdf.md","06_microcontrollers\url_004605--ww1.microchip.com-downloads-aemDocuments-documents-OTH-ApplicationNotes-ApplicationNotes-00002053A.pdf.pdf.md","24186","06_microcontrollers","06_microcontrollers","False","False","True","3672","0","medium","removed_junk_lines=34","url_004605"
"06_microcontrollers\url_004647--ww1.microchip.com-downloads-en-AppNotes-AN140.pdf.pdf.md","06_microcontrollers\url_004647--ww1.microchip.com-downloads-en-AppNotes-AN140.pdf.pdf.md","10293","06_microcontrollers","06_microcontrollers","False","False","True","1517","0","medium","removed_junk_lines=15","url_004647"
"06_microcontrollers\url_004649--ww1.microchip.com-downloads-en-AppNotes-AN142.pdf.pdf.md","06_microcontrollers\url_004649--ww1.microchip.com-downloads-en-AppNotes-AN142.pdf.pdf.md","22545","06_microcontrollers","06_microcontrollers","False","False","True","3840","0","medium","removed_junk_lines=53","url_004649"
"06_microcontrollers\url_004721--ww1.microchip.com-downloads-en-AppNotes-AN214.pdf.pdf.md","06_microcontrollers\url_004721--ww1.microchip.com-downloads-en-AppNotes-AN214.pdf.pdf.md","21608","06_microcontrollers","06_microcontrollers","False","False","True","3727","0","medium","removed_junk_lines=120; collapsed_blank_lines","url_004721"
"06_microcontrollers\url_007016--gigadevice.com-products-microcontrollers-gd32.md","06_microcontrollers\url_007016--gigadevice.com-products-microcontrollers-gd32.md","12617","06_microcontrollers","06_microcontrollers","False","False","True","1037","0","medium","removed_junk_lines=70; collapsed_blank_lines","url_007016"
"06_microcontrollers\url_008277--renesas.com-en-products-microcontrollers-microprocessors-ra-cortex-m-mcus.md","06_microcontrollers\url_008277--renesas.com-en-products-microcontrollers-microprocessors-ra-cortex-m-mcus.md","23642","06_microcontrollers","06_microcontrollers","False","True","True","1836","0","medium","removed_embedded_data_images; removed_junk_lines=11; collapsed_blank_lines","url_008277"
"06_microcontrollers\url_008281--renesas.com-en-products-microcontrollers-microprocessors-rx-32-bit-performance-efficiency-mcus.md","06_microcontrollers\url_008281--renesas.com-en-products-microcontrollers-microprocessors-rx-32-bit-performance-efficiency-mcus.md","21495","06_microcontrollers","06_microcontrollers","False","True","True","1470","0","medium","removed_embedded_data_images; removed_junk_lines=3; collapsed_blank_lines","url_008281"
"06_microcontrollers\url_008282--renesas.com-en-support-package-information.md","06_microcontrollers\url_008282--renesas.com-en-support-package-information.md","4525","06_microcontrollers","06_microcontrollers","False","False","True","521","0","medium","removed_junk_lines=6; collapsed_blank_lines","url_008282"
"06_microcontrollers\url_008398--silabs.com-documents-public-application-notes-AN0054.pdf.pdf.md","06_microcontrollers\url_008398--silabs.com-documents-public-application-notes-AN0054.pdf.pdf.md","28756","06_microcontrollers","06_microcontrollers","False","False","True","3902","0","medium","removed_junk_lines=23","url_008398"
"06_microcontrollers\url_008401--silabs.com-documents-public-application-notes-an203.pdf.pdf.md","06_microcontrollers\url_008401--silabs.com-documents-public-application-notes-an203.pdf.pdf.md","55304","06_microcontrollers","06_microcontrollers","False","False","True","8523","0","medium","removed_junk_lines=146","url_008401"
"06_microcontrollers\url_010084--silabs.com-documents-public-application-notes-an0046-efm32-usb-hardware-design-guidelines.pdf.pdf.md","06_microcontrollers\url_010084--silabs.com-documents-public-application-notes-an0046-efm32-usb-hardware-design-guidelines.pdf.pdf.md","32888","06_microcontrollers","06_microcontrollers","False","False","True","5422","0","medium","removed_junk_lines=164","url_010084"
"07_usb_c_high_speed_esd\url_004526--jlcpcb.com-blog-pcb-design-rules-best-practices.md","07_usb_c_high_speed_esd\url_004526--jlcpcb.com-blog-pcb-design-rules-best-practices.md","42071","07_usb_c_high_speed_esd","07_usb_c_high_speed_esd","False","True","True","6022","14","medium","removed_junk_div_or_span_blocks; stripped_div_tags; stripped_span_tags; removed_junk_lines=25; collapsed_blank_lines","url_004526"
"07_usb_c_high_speed_esd\url_008280--renesas.com-en-products-microcontrollers-microprocessors-rl78-low-power-8-16-bit-mcus.md","07_usb_c_high_speed_esd\url_008280--renesas.com-en-products-microcontrollers-microprocessors-rl78-low-power-8-16-bit-mcus.md","22963","07_usb_c_high_speed_esd","07_usb_c_high_speed_esd","False","True","True","1856","0","medium","removed_embedded_data_images; removed_junk_lines=4; collapsed_blank_lines","url_008280"
"07_usb_c_high_speed_esd\url_008384--richtek.com-Design-20Support-Technical-20Document-AN004.md","07_usb_c_high_speed_esd\url_008384--richtek.com-Design-20Support-Technical-20Document-AN004.md","19391","07_usb_c_high_speed_esd","07_usb_c_high_speed_esd","False","False","True","1699","0","medium","removed_junk_lines=31; collapsed_blank_lines","url_008384"
"07_usb_c_high_speed_esd\url_008385--richtek.com-Design-20Support-Technical-20Document-AN005.md","07_usb_c_high_speed_esd\url_008385--richtek.com-Design-20Support-Technical-20Document-AN005.md","21302","07_usb_c_high_speed_esd","07_usb_c_high_speed_esd","False","False","True","1536","0","medium","removed_junk_lines=27; collapsed_blank_lines","url_008385"
"07_usb_c_high_speed_esd\url_008386--richtek.com-Design-20Support-Technical-20Document-AN006.md","07_usb_c_high_speed_esd\url_008386--richtek.com-Design-20Support-Technical-20Document-AN006.md","28065","07_usb_c_high_speed_esd","07_usb_c_high_speed_esd","False","False","True","2691","0","medium","removed_junk_lines=35; collapsed_blank_lines","url_008386"
"07_usb_c_high_speed_esd\url_008387--richtek.com-Design-20Support-Technical-20Document-AN025.md","07_usb_c_high_speed_esd\url_008387--richtek.com-Design-20Support-Technical-20Document-AN025.md","24467","07_usb_c_high_speed_esd","07_usb_c_high_speed_esd","False","False","True","2069","0","medium","removed_junk_lines=24; collapsed_blank_lines","url_008387"
"07_usb_c_high_speed_esd\url_008403--silabs.com-mcu-32-bit-efm32-gecko.md","07_usb_c_high_speed_esd\url_008403--silabs.com-mcu-32-bit-efm32-gecko.md","17104","07_usb_c_high_speed_esd","07_usb_c_high_speed_esd","False","False","True","633","0","medium","removed_junk_lines=1186; collapsed_blank_lines","url_008403"
"07_usb_c_high_speed_esd\url_008505--silabs.com-wireless-bluetooth-efr32bg22-series-2-socs.md","07_usb_c_high_speed_esd\url_008505--silabs.com-wireless-bluetooth-efr32bg22-series-2-socs.md","28174","07_usb_c_high_speed_esd","07_usb_c_high_speed_esd","False","False","True","2017","0","medium","removed_junk_lines=293; collapsed_blank_lines","url_008505"
"07_usb_c_high_speed_esd\url_008507--silabs.com-wireless-wi-fi-rs9116-wi-fi-ncp-socs.md","07_usb_c_high_speed_esd\url_008507--silabs.com-wireless-wi-fi-rs9116-wi-fi-ncp-socs.md","16249","07_usb_c_high_speed_esd","07_usb_c_high_speed_esd","False","False","True","860","0","medium","removed_junk_lines=32; collapsed_blank_lines","url_008507"
"07_usb_c_high_speed_esd\url_009654--ti.com-interface-circuit-protection-overview.html.md","07_usb_c_high_speed_esd\url_009654--ti.com-interface-circuit-protection-overview.html.md","11792","07_usb_c_high_speed_esd","07_usb_c_high_speed_esd","False","False","False","163","0","medium","collapsed_blank_lines","url_009654"
"07_usb_c_high_speed_esd\url_009655--ti.com-interface-usb-overview.html.md","07_usb_c_high_speed_esd\url_009655--ti.com-interface-usb-overview.html.md","15239","07_usb_c_high_speed_esd","07_usb_c_high_speed_esd","False","False","True","523","0","medium","removed_junk_lines=9; collapsed_blank_lines","url_009655"
"07_usb_c_high_speed_esd\url_009659--ti.com-lit-an-scaa106-scaa106.pdf.pdf.md","07_usb_c_high_speed_esd\url_009659--ti.com-lit-an-scaa106-scaa106.pdf.pdf.md","21880","07_usb_c_high_speed_esd","07_usb_c_high_speed_esd","False","False","True","3135","0","medium","removed_junk_lines=531","url_009659"
"07_usb_c_high_speed_esd\url_009667--ti.com-lit-an-slla431-slla431.pdf.pdf.md","07_usb_c_high_speed_esd\url_009667--ti.com-lit-an-slla431-slla431.pdf.pdf.md","22471","07_usb_c_high_speed_esd","07_usb_c_high_speed_esd","False","False","True","3960","0","medium","removed_junk_lines=231","url_009667"
"07_usb_c_high_speed_esd\url_009899--ti.com-lit-an-szza016-szza016.pdf.pdf.md","07_usb_c_high_speed_esd\url_009899--ti.com-lit-an-szza016-szza016.pdf.pdf.md","52037","07_usb_c_high_speed_esd","07_usb_c_high_speed_esd","False","False","True","7893","0","medium","removed_junk_lines=314","url_009899"
"07_usb_c_high_speed_esd\url_009900--ti.com-lit-an-szza017-szza017.pdf.pdf.md","07_usb_c_high_speed_esd\url_009900--ti.com-lit-an-szza017-szza017.pdf.pdf.md","19721","07_usb_c_high_speed_esd","07_usb_c_high_speed_esd","False","False","True","2732","0","medium","removed_junk_lines=3","url_009900"
"07_usb_c_high_speed_esd\url_009901--ti.com-lit-an-szza026-szza026.pdf.pdf.md","07_usb_c_high_speed_esd\url_009901--ti.com-lit-an-szza026-szza026.pdf.pdf.md","36158","07_usb_c_high_speed_esd","07_usb_c_high_speed_esd","False","False","True","4947","0","medium","removed_junk_lines=201","url_009901"
"07_usb_c_high_speed_esd\url_010050--usb.org-document-library-usb-20-cable-and-connector-class-document.md","07_usb_c_high_speed_esd\url_010050--usb.org-document-library-usb-20-cable-and-connector-class-document.md","2869","07_usb_c_high_speed_esd","07_usb_c_high_speed_esd","False","False","False","278","0","high","collapsed_blank_lines","url_010050"
"07_usb_c_high_speed_esd\url_010055--usb.org-document-library-usb-20-specification.md","07_usb_c_high_speed_esd\url_010055--usb.org-document-library-usb-20-specification.md","4558","07_usb_c_high_speed_esd","07_usb_c_high_speed_esd","False","False","False","643","0","high","collapsed_blank_lines","url_010055"
"07_usb_c_high_speed_esd\url_010057--usb.org-document-library-usb-power-delivery.md","07_usb_c_high_speed_esd\url_010057--usb.org-document-library-usb-power-delivery.md","1405","07_usb_c_high_speed_esd","07_usb_c_high_speed_esd","False","False","False","60","0","low","collapsed_blank_lines","url_010057"
"07_usb_c_high_speed_esd\url_010060--usb.org-document-library-usb-type-cr-connectors-and-cable-assemblies-compliance-document-rev-21b.md","07_usb_c_high_speed_esd\url_010060--usb.org-document-library-usb-type-cr-connectors-and-cable-assemblies-compliance-document-rev-21b.md","3498","07_usb_c_high_speed_esd","07_usb_c_high_speed_esd","False","False","False","342","0","high","collapsed_blank_lines","url_010060"
"07_usb_c_high_speed_esd\url_010064--usb.org-usb-type-cr-cable-and-connector-specification.md","07_usb_c_high_speed_esd\url_010064--usb.org-usb-type-cr-cable-and-connector-specification.md","4565","07_usb_c_high_speed_esd","07_usb_c_high_speed_esd","False","True","True","514","0","medium","stripped_div_tags; stripped_span_tags; removed_junk_lines=1; collapsed_blank_lines","url_010064"
"07_usb_c_high_speed_esd\url_010103--we-online.com-components-media-o150133v410-20ANP007d-20EN.pdf.pdf.md","07_usb_c_high_speed_esd\url_010103--we-online.com-components-media-o150133v410-20ANP007d-20EN.pdf.pdf.md","32758","07_usb_c_high_speed_esd","07_usb_c_high_speed_esd","False","False","True","5165","0","medium","removed_junk_lines=68; collapsed_blank_lines","url_010103"
"08_power_buck_regulators\url_007958--monolithicpower.com-en-learning-resources-an-introduction-to-buck-regulators.md","91_rejected_low_value\url_007958--monolithicpower.com-en-learning-resources-an-introduction-to-buck-regulators.md","1262","08_power_buck_regulators","91_rejected_low_value","True","False","True","36","0","junk","removed_junk_lines=2; collapsed_blank_lines; moved_to_rejected_after_cleaning","url_007958"
"08_power_buck_regulators\url_007959--monolithicpower.com-en-learning-resources-how-to-design-a-buck-converter.md","91_rejected_low_value\url_007959--monolithicpower.com-en-learning-resources-how-to-design-a-buck-converter.md","1301","08_power_buck_regulators","91_rejected_low_value","True","True","True","36","0","junk","stripped_div_tags; stripped_span_tags; removed_junk_lines=2; collapsed_blank_lines; moved_to_rejected_after_cleaning","url_007959"
"08_power_buck_regulators\url_007960--monolithicpower.com-en-learning-resources-how-to-select-inductors-for-buck-converters.md","91_rejected_low_value\url_007960--monolithicpower.com-en-learning-resources-how-to-select-inductors-for-buck-converters.md","1298","08_power_buck_regulators","91_rejected_low_value","True","False","True","36","0","junk","removed_junk_lines=2; collapsed_blank_lines; moved_to_rejected_after_cleaning","url_007960"
"08_power_buck_regulators\url_007961--monolithicpower.com-en-learning-resources-layout-guidelines-for-step-down-converters.md","91_rejected_low_value\url_007961--monolithicpower.com-en-learning-resources-layout-guidelines-for-step-down-converters.md","1349","08_power_buck_regulators","91_rejected_low_value","True","True","True","36","0","junk","stripped_div_tags; stripped_span_tags; removed_junk_lines=2; collapsed_blank_lines; moved_to_rejected_after_cleaning","url_007961"
"08_power_buck_regulators\url_007962--monolithicpower.com-en-learning-resources-pcb-layout-for-emi-reduction.md","91_rejected_low_value\url_007962--monolithicpower.com-en-learning-resources-pcb-layout-for-emi-reduction.md","1238","08_power_buck_regulators","91_rejected_low_value","True","False","True","36","0","junk","removed_junk_lines=2; collapsed_blank_lines; moved_to_rejected_after_cleaning","url_007962"
"08_power_buck_regulators\url_007963--monolithicpower.com-en-learning-resources-pcb-layout-guidelines-for-switching-power-supplies.md","91_rejected_low_value\url_007963--monolithicpower.com-en-learning-resources-pcb-layout-guidelines-for-switching-power-supplies.md","1381","08_power_buck_regulators","91_rejected_low_value","True","True","True","36","0","junk","stripped_div_tags; stripped_span_tags; removed_junk_lines=2; collapsed_blank_lines; moved_to_rejected_after_cleaning","url_007963"
"08_power_buck_regulators\url_007964--monolithicpower.com-en-learning-resources-power-supply-layout-and-emi.md","91_rejected_low_value\url_007964--monolithicpower.com-en-learning-resources-power-supply-layout-and-emi.md","1234","08_power_buck_regulators","91_rejected_low_value","True","False","True","36","0","junk","removed_junk_lines=2; collapsed_blank_lines; moved_to_rejected_after_cleaning","url_007964"
"08_power_buck_regulators\url_007965--monolithicpower.com-en-learning-resources-understanding-switching-regulator-loop-compensation.md","91_rejected_low_value\url_007965--monolithicpower.com-en-learning-resources-understanding-switching-regulator-loop-compensation.md","1330","08_power_buck_regulators","91_rejected_low_value","True","False","True","36","0","junk","removed_junk_lines=2; collapsed_blank_lines; moved_to_rejected_after_cleaning","url_007965"
"08_power_buck_regulators\url_007970--monolithicpower.com-en-products-power-management-dc-dc-converters-step-down-buck-converters.html.md","91_rejected_low_value\url_007970--monolithicpower.com-en-products-power-management-dc-dc-converters-step-down-buck-converters.html.md","1342","08_power_buck_regulators","91_rejected_low_value","True","False","True","36","0","junk","removed_junk_lines=2; collapsed_blank_lines; moved_to_rejected_after_cleaning","url_007970"
"08_power_buck_regulators\url_007971--monolithicpower.com-en-support-design-tools.html.md","91_rejected_low_value\url_007971--monolithicpower.com-en-support-design-tools.html.md","1150","08_power_buck_regulators","91_rejected_low_value","True","False","True","36","0","junk","removed_junk_lines=2; collapsed_blank_lines; moved_to_rejected_after_cleaning","url_007971"
"08_power_buck_regulators\url_009656--ti.com-lit-an-scaa045-scaa045.pdf.pdf.md","08_power_buck_regulators\url_009656--ti.com-lit-an-scaa045-scaa045.pdf.pdf.md","32521","08_power_buck_regulators","08_power_buck_regulators","False","False","True","4577","0","medium","removed_junk_lines=57","url_009656"
"08_power_buck_regulators\url_009657--ti.com-lit-an-scaa053-scaa053.pdf.pdf.md","08_power_buck_regulators\url_009657--ti.com-lit-an-scaa053-scaa053.pdf.pdf.md","16637","08_power_buck_regulators","08_power_buck_regulators","False","False","True","2329","0","medium","removed_junk_lines=32","url_009657"
"08_power_buck_regulators\url_009658--ti.com-lit-an-scaa082-scaa082.pdf.pdf.md","08_power_buck_regulators\url_009658--ti.com-lit-an-scaa082-scaa082.pdf.pdf.md","44442","08_power_buck_regulators","08_power_buck_regulators","False","False","True","6760","0","medium","removed_junk_lines=91","url_009658"
"08_power_buck_regulators\url_009662--ti.com-lit-an-slla070-slla070.pdf.pdf.md","08_power_buck_regulators\url_009662--ti.com-lit-an-slla070-slla070.pdf.pdf.md","55959","08_power_buck_regulators","08_power_buck_regulators","False","False","True","8098","0","medium","removed_junk_lines=266","url_009662"
"08_power_buck_regulators\url_009664--ti.com-lit-an-slla118-slla118.pdf.pdf.md","08_power_buck_regulators\url_009664--ti.com-lit-an-slla118-slla118.pdf.pdf.md","5482","08_power_buck_regulators","08_power_buck_regulators","False","False","False","686","0","high",,"url_009664"
"08_power_buck_regulators\url_009665--ti.com-lit-an-slla176-slla176.pdf.pdf.md","08_power_buck_regulators\url_009665--ti.com-lit-an-slla176-slla176.pdf.pdf.md","5951","08_power_buck_regulators","08_power_buck_regulators","False","False","True","694","0","medium","removed_junk_lines=213; collapsed_blank_lines","url_009665"
"08_power_buck_regulators\url_009666--ti.com-lit-an-slla422-slla422.pdf.pdf.md","08_power_buck_regulators\url_009666--ti.com-lit-an-slla422-slla422.pdf.pdf.md","19087","08_power_buck_regulators","08_power_buck_regulators","False","False","True","2630","0","medium","removed_junk_lines=24","url_009666"
"08_power_buck_regulators\url_009669--ti.com-lit-an-slla457-slla457.pdf.pdf.md","08_power_buck_regulators\url_009669--ti.com-lit-an-slla457-slla457.pdf.pdf.md","10739","08_power_buck_regulators","08_power_buck_regulators","False","False","False","1581","0","high",,"url_009669"
"08_power_buck_regulators\url_009670--ti.com-lit-an-slla457a-slla457a.pdf.pdf.md","08_power_buck_regulators\url_009670--ti.com-lit-an-slla457a-slla457a.pdf.pdf.md","10749","08_power_buck_regulators","08_power_buck_regulators","False","False","False","1581","0","high",,"url_009670"
"08_power_buck_regulators\url_009671--ti.com-lit-an-slla511-slla511.pdf.pdf.md","08_power_buck_regulators\url_009671--ti.com-lit-an-slla511-slla511.pdf.pdf.md","19653","08_power_buck_regulators","08_power_buck_regulators","False","False","True","2917","0","medium","removed_junk_lines=95","url_009671"
"08_power_buck_regulators\url_009730--ti.com-lit-an-slva057-slva057.pdf.pdf.md","08_power_buck_regulators\url_009730--ti.com-lit-an-slva057-slva057.pdf.pdf.md","67248","08_power_buck_regulators","08_power_buck_regulators","False","False","True","10003","0","medium","removed_junk_lines=284","url_009730"
"08_power_buck_regulators\url_009753--ti.com-lit-an-slva079-slva079.pdf.pdf.md","08_power_buck_regulators\url_009753--ti.com-lit-an-slva079-slva079.pdf.pdf.md","25131","08_power_buck_regulators","08_power_buck_regulators","False","False","True","3341","0","medium","removed_junk_lines=142","url_009753"
"08_power_buck_regulators\url_009780--ti.com-lit-an-slva105-slva105.pdf.pdf.md","08_power_buck_regulators\url_009780--ti.com-lit-an-slva105-slva105.pdf.pdf.md","26542","08_power_buck_regulators","08_power_buck_regulators","False","False","True","3721","0","medium","removed_junk_lines=59","url_009780"
"08_power_buck_regulators\url_009787--ti.com-lit-an-slva111-slva111.pdf.pdf.md","08_power_buck_regulators\url_009787--ti.com-lit-an-slva111-slva111.pdf.pdf.md","26735","08_power_buck_regulators","08_power_buck_regulators","False","False","True","3770","0","medium","removed_junk_lines=59","url_009787"
"08_power_buck_regulators\url_009795--ti.com-lit-an-slva118-slva118.pdf.pdf.md","08_power_buck_regulators\url_009795--ti.com-lit-an-slva118-slva118.pdf.pdf.md","54414","08_power_buck_regulators","08_power_buck_regulators","False","False","True","8363","0","medium","removed_junk_lines=32","url_009795"
"08_power_buck_regulators\url_009836--ti.com-lit-an-slva157-slva157.pdf.pdf.md","08_power_buck_regulators\url_009836--ti.com-lit-an-slva157-slva157.pdf.pdf.md","14519","08_power_buck_regulators","08_power_buck_regulators","False","False","True","2053","0","medium","removed_junk_lines=8; collapsed_blank_lines","url_009836"
"08_power_buck_regulators\url_009864--ti.com-lit-an-slva183-slva183.pdf.pdf.md","08_power_buck_regulators\url_009864--ti.com-lit-an-slva183-slva183.pdf.pdf.md","10429","08_power_buck_regulators","08_power_buck_regulators","False","False","True","1459","0","medium","removed_junk_lines=14","url_009864"
"08_power_buck_regulators\url_009882--ti.com-lit-an-slva372-slva372.pdf.pdf.md","08_power_buck_regulators\url_009882--ti.com-lit-an-slva372-slva372.pdf.pdf.md","19236","08_power_buck_regulators","08_power_buck_regulators","False","False","True","2641","0","medium","removed_junk_lines=98","url_009882"
"08_power_buck_regulators\url_009883--ti.com-lit-an-slva390-slva390.pdf.pdf.md","08_power_buck_regulators\url_009883--ti.com-lit-an-slva390-slva390.pdf.pdf.md","13741","08_power_buck_regulators","08_power_buck_regulators","False","False","True","1930","0","medium","removed_junk_lines=50","url_009883"
"08_power_buck_regulators\url_009884--ti.com-lit-an-slva462-slva462.pdf.pdf.md","08_power_buck_regulators\url_009884--ti.com-lit-an-slva462-slva462.pdf.pdf.md","16520","08_power_buck_regulators","08_power_buck_regulators","False","False","True","2457","0","medium","removed_junk_lines=14","url_009884"
"08_power_buck_regulators\url_009885--ti.com-lit-an-slva477-slva477.pdf.pdf.md","08_power_buck_regulators\url_009885--ti.com-lit-an-slva477-slva477.pdf.pdf.md","21369","08_power_buck_regulators","08_power_buck_regulators","False","False","True","3196","0","medium","removed_junk_lines=81","url_009885"
"08_power_buck_regulators\url_009886--ti.com-lit-an-slva630-slva630.pdf.pdf.md","08_power_buck_regulators\url_009886--ti.com-lit-an-slva630-slva630.pdf.pdf.md","33993","08_power_buck_regulators","08_power_buck_regulators","False","False","True","5128","0","medium","removed_junk_lines=85","url_009886"
"08_power_buck_regulators\url_009887--ti.com-lit-an-slva680-slva680.pdf.pdf.md","08_power_buck_regulators\url_009887--ti.com-lit-an-slva680-slva680.pdf.pdf.md","27620","08_power_buck_regulators","08_power_buck_regulators","False","False","True","4112","0","medium","removed_junk_lines=51","url_009887"
"08_power_buck_regulators\url_009888--ti.com-lit-an-slva689-slva689.pdf.pdf.md","08_power_buck_regulators\url_009888--ti.com-lit-an-slva689-slva689.pdf.pdf.md","11686","08_power_buck_regulators","08_power_buck_regulators","False","False","True","1644","0","medium","removed_junk_lines=27","url_009888"
"08_power_buck_regulators\url_009889--ti.com-lit-an-slva721-slva721.pdf.pdf.md","08_power_buck_regulators\url_009889--ti.com-lit-an-slva721-slva721.pdf.pdf.md","21253","08_power_buck_regulators","08_power_buck_regulators","False","False","True","3282","0","medium","removed_junk_lines=72","url_009889"
"08_power_buck_regulators\url_009890--ti.com-lit-an-slva970-slva970.pdf.pdf.md","08_power_buck_regulators\url_009890--ti.com-lit-an-slva970-slva970.pdf.pdf.md","27761","08_power_buck_regulators","08_power_buck_regulators","False","False","True","4192","0","medium","removed_junk_lines=140","url_009890"
"08_power_buck_regulators\url_009891--ti.com-lit-an-slyp173-slyp173.pdf.pdf.md","08_power_buck_regulators\url_009891--ti.com-lit-an-slyp173-slyp173.pdf.pdf.md","49201","08_power_buck_regulators","08_power_buck_regulators","False","False","True","7824","0","medium","removed_junk_lines=343","url_009891"
"08_power_buck_regulators\url_009892--ti.com-lit-an-snva681-snva681.pdf.pdf.md","08_power_buck_regulators\url_009892--ti.com-lit-an-snva681-snva681.pdf.pdf.md","21388","08_power_buck_regulators","08_power_buck_regulators","False","False","True","3075","0","medium","removed_junk_lines=35","url_009892"
"08_power_buck_regulators\url_009893--ti.com-lit-an-snva718-snva718.pdf.pdf.md","08_power_buck_regulators\url_009893--ti.com-lit-an-snva718-snva718.pdf.pdf.md","26316","08_power_buck_regulators","08_power_buck_regulators","False","False","True","3920","0","medium","removed_junk_lines=120","url_009893"
"08_power_buck_regulators\url_009894--ti.com-lit-an-snva773-snva773.pdf.pdf.md","08_power_buck_regulators\url_009894--ti.com-lit-an-snva773-snva773.pdf.pdf.md","13204","08_power_buck_regulators","08_power_buck_regulators","False","False","True","1871","0","medium","removed_junk_lines=24","url_009894"
"08_power_buck_regulators\url_009895--ti.com-lit-an-snva803-snva803.pdf.pdf.md","08_power_buck_regulators\url_009895--ti.com-lit-an-snva803-snva803.pdf.pdf.md","10600","08_power_buck_regulators","08_power_buck_regulators","False","False","True","1468","0","medium","removed_junk_lines=76","url_009895"
"08_power_buck_regulators\url_009896--ti.com-lit-an-snva849-snva849.pdf.pdf.md","08_power_buck_regulators\url_009896--ti.com-lit-an-snva849-snva849.pdf.pdf.md","12092","08_power_buck_regulators","08_power_buck_regulators","False","False","True","1683","0","medium","removed_junk_lines=32","url_009896"
"08_power_buck_regulators\url_009897--ti.com-lit-an-snva878-snva878.pdf.pdf.md","08_power_buck_regulators\url_009897--ti.com-lit-an-snva878-snva878.pdf.pdf.md","29033","08_power_buck_regulators","08_power_buck_regulators","False","False","True","4184","0","medium","removed_junk_lines=56","url_009897"
"08_power_buck_regulators\url_009902--ti.com-lit-an-szza027-szza027.pdf.pdf.md","08_power_buck_regulators\url_009902--ti.com-lit-an-szza027-szza027.pdf.pdf.md","31775","08_power_buck_regulators","08_power_buck_regulators","False","False","True","4031","0","medium","removed_junk_lines=17","url_009902"
"08_power_buck_regulators\url_009903--ti.com-lit-ds-symlink-tpd1e10b06.pdf.pdf.md","08_power_buck_regulators\url_009903--ti.com-lit-ds-symlink-tpd1e10b06.pdf.pdf.md","36904","08_power_buck_regulators","08_power_buck_regulators","False","False","True","5530","0","medium","removed_junk_lines=327","url_009903"
"08_power_buck_regulators\url_009904--ti.com-lit-ds-symlink-tpd2e2u06.pdf.pdf.md","08_power_buck_regulators\url_009904--ti.com-lit-ds-symlink-tpd2e2u06.pdf.pdf.md","28561","08_power_buck_regulators","08_power_buck_regulators","False","False","True","4398","0","medium","removed_junk_lines=208","url_009904"
"08_power_buck_regulators\url_009905--ti.com-lit-ds-symlink-tpd4e02b04.pdf.pdf.md","08_power_buck_regulators\url_009905--ti.com-lit-ds-symlink-tpd4e02b04.pdf.pdf.md","30435","08_power_buck_regulators","08_power_buck_regulators","False","False","True","4667","0","medium","removed_junk_lines=279","url_009905"
"08_power_buck_regulators\url_009906--ti.com-lit-ds-symlink-tpd4e110.pdf.pdf.md","08_power_buck_regulators\url_009906--ti.com-lit-ds-symlink-tpd4e110.pdf.pdf.md","26525","08_power_buck_regulators","08_power_buck_regulators","False","False","True","3910","0","medium","removed_junk_lines=117; collapsed_blank_lines","url_009906"
"08_power_buck_regulators\url_009907--ti.com-lit-ds-symlink-tpd4e1u06.pdf.pdf.md","08_power_buck_regulators\url_009907--ti.com-lit-ds-symlink-tpd4e1u06.pdf.pdf.md","29898","08_power_buck_regulators","08_power_buck_regulators","False","False","True","4512","0","medium","removed_junk_lines=250","url_009907"
"08_power_buck_regulators\url_009908--ti.com-lit-ds-symlink-tpd6e004.pdf.pdf.md","08_power_buck_regulators\url_009908--ti.com-lit-ds-symlink-tpd6e004.pdf.pdf.md","27438","08_power_buck_regulators","08_power_buck_regulators","False","False","True","4083","0","medium","removed_junk_lines=128","url_009908"
"08_power_buck_regulators\url_009909--ti.com-lit-ds-symlink-tpd6e05u06.pdf.pdf.md","08_power_buck_regulators\url_009909--ti.com-lit-ds-symlink-tpd6e05u06.pdf.pdf.md","40870","08_power_buck_regulators","08_power_buck_regulators","False","False","True","6402","0","medium","removed_junk_lines=509","url_009909"
"08_power_buck_regulators\url_009910--ti.com-lit-ds-symlink-tps54202.pdf.pdf.md","08_power_buck_regulators\url_009910--ti.com-lit-ds-symlink-tps54202.pdf.pdf.md","53475","08_power_buck_regulators","08_power_buck_regulators","False","False","True","8224","0","medium","removed_junk_lines=302","url_009910"
"08_power_buck_regulators\url_009911--ti.com-lit-ds-symlink-tps54302.pdf.pdf.md","08_power_buck_regulators\url_009911--ti.com-lit-ds-symlink-tps54302.pdf.pdf.md","54136","08_power_buck_regulators","08_power_buck_regulators","False","False","True","8375","0","medium","removed_junk_lines=347","url_009911"
"08_power_buck_regulators\url_009912--ti.com-lit-ds-symlink-tps562201.pdf.pdf.md","08_power_buck_regulators\url_009912--ti.com-lit-ds-symlink-tps562201.pdf.pdf.md","46949","08_power_buck_regulators","08_power_buck_regulators","False","False","True","7377","0","medium","removed_junk_lines=468","url_009912"
"08_power_buck_regulators\url_009913--ti.com-lit-ds-symlink-tps563201.pdf.pdf.md","08_power_buck_regulators\url_009913--ti.com-lit-ds-symlink-tps563201.pdf.pdf.md","46766","08_power_buck_regulators","08_power_buck_regulators","False","False","True","7343","0","medium","removed_junk_lines=456","url_009913"
"08_power_buck_regulators\url_009914--ti.com-lit-ds-symlink-tps62177.pdf.pdf.md","08_power_buck_regulators\url_009914--ti.com-lit-ds-symlink-tps62177.pdf.pdf.md","57241","08_power_buck_regulators","08_power_buck_regulators","False","False","True","8836","0","medium","removed_junk_lines=749","url_009914"
"08_power_buck_regulators\url_009915--ti.com-lit-ds-symlink-tps62180.pdf.pdf.md","08_power_buck_regulators\url_009915--ti.com-lit-ds-symlink-tps62180.pdf.pdf.md","59351","08_power_buck_regulators","08_power_buck_regulators","False","False","True","9377","0","medium","removed_junk_lines=519","url_009915"
"08_power_buck_regulators\url_009916--ti.com-lit-ds-symlink-tps62827.pdf.pdf.md","08_power_buck_regulators\url_009916--ti.com-lit-ds-symlink-tps62827.pdf.pdf.md","55827","08_power_buck_regulators","08_power_buck_regulators","False","False","True","8789","0","medium","removed_junk_lines=690","url_009916"
"08_power_buck_regulators\url_009917--ti.com-lit-ds-symlink-tps62840.pdf.pdf.md","08_power_buck_regulators\url_009917--ti.com-lit-ds-symlink-tps62840.pdf.pdf.md","61936","08_power_buck_regulators","08_power_buck_regulators","False","False","True","10162","0","medium","removed_junk_lines=1287; collapsed_blank_lines","url_009917"
"08_power_buck_regulators\url_009918--ti.com-lit-ds-symlink-tps62933.pdf.pdf.md","08_power_buck_regulators\url_009918--ti.com-lit-ds-symlink-tps62933.pdf.pdf.md","94799","08_power_buck_regulators","08_power_buck_regulators","False","False","True","15353","0","medium","removed_junk_lines=866","url_009918"
"08_power_buck_regulators\url_009922--ti.com-microcontrollers-mcus-processors-c2000-real-time-control-mcus-overview.html.md","08_power_buck_regulators\url_009922--ti.com-microcontrollers-mcus-processors-c2000-real-time-control-mcus-overview.html.md","14313","08_power_buck_regulators","08_power_buck_regulators","False","False","True","702","0","medium","removed_junk_lines=14; collapsed_blank_lines","url_009922"
"08_power_buck_regulators\url_009923--ti.com-microcontrollers-mcus-processors-microcontrollers-overview.html.md","08_power_buck_regulators\url_009923--ti.com-microcontrollers-mcus-processors-microcontrollers-overview.html.md","11664","08_power_buck_regulators","08_power_buck_regulators","False","False","True","585","0","medium","removed_junk_lines=10; collapsed_blank_lines","url_009923"
"08_power_buck_regulators\url_009924--ti.com-microcontrollers-mcus-processors-msp430-microcontrollers-overview.html.md","08_power_buck_regulators\url_009924--ti.com-microcontrollers-mcus-processors-msp430-microcontrollers-overview.html.md","14298","08_power_buck_regulators","08_power_buck_regulators","False","False","True","702","0","medium","removed_junk_lines=14; collapsed_blank_lines","url_009924"
"08_power_buck_regulators\url_010082--fscdn.rohm.com-en-products-databook-applinote-ic-power-switching_regulator-converter_pcb_layout_appli-e.pdf.pdf.md","08_power_buck_regulators\url_010082--fscdn.rohm.com-en-products-databook-applinote-ic-power-switching_regulator-converter_pcb_layout_appli-e.pdf.pdf.md","26692","08_power_buck_regulators","08_power_buck_regulators","False","False","True","3896","0","medium","removed_junk_lines=499","url_010082"
"08_power_buck_regulators\url_010083--onsemi.com-pub-Collateral-TND6222-D.PDF.pdf.md","08_power_buck_regulators\url_010083--onsemi.com-pub-Collateral-TND6222-D.PDF.pdf.md","15909","08_power_buck_regulators","08_power_buck_regulators","False","False","True","2263","0","medium","removed_junk_lines=11","url_010083"
"08_power_buck_regulators\url_010085--ti.com-lit-an-scaa048-scaa048.pdf.pdf.md","08_power_buck_regulators\url_010085--ti.com-lit-an-scaa048-scaa048.pdf.pdf.md","16600","08_power_buck_regulators","08_power_buck_regulators","False","False","True","2330","0","medium","removed_junk_lines=12","url_010085"
"08_power_buck_regulators\url_010086--ti.com-lit-an-scaa082a-scaa082a.pdf.pdf.md","08_power_buck_regulators\url_010086--ti.com-lit-an-scaa082a-scaa082a.pdf.pdf.md","44452","08_power_buck_regulators","08_power_buck_regulators","False","False","True","6760","0","medium","removed_junk_lines=91","url_010086"
"08_power_buck_regulators\url_010087--ti.com-lit-an-slla368-slla368.pdf.pdf.md","08_power_buck_regulators\url_010087--ti.com-lit-an-slla368-slla368.pdf.pdf.md","29836","08_power_buck_regulators","08_power_buck_regulators","False","False","True","4348","0","medium","removed_junk_lines=130","url_010087"
"08_power_buck_regulators\url_010088--ti.com-lit-an-slva054-slva054.pdf.pdf.md","08_power_buck_regulators\url_010088--ti.com-lit-an-slva054-slva054.pdf.pdf.md","3735","08_power_buck_regulators","08_power_buck_regulators","False","False","False","421","0","high",,"url_010088"
"08_power_buck_regulators\url_010089--ti.com-lit-an-slva773-slva773.pdf.pdf.md","08_power_buck_regulators\url_010089--ti.com-lit-an-slva773-slva773.pdf.pdf.md","14976","08_power_buck_regulators","08_power_buck_regulators","False","False","True","2280","0","medium","removed_junk_lines=26","url_010089"
"08_power_buck_regulators\url_010090--ti.com-lit-an-slva959-slva959.pdf.pdf.md","08_power_buck_regulators\url_010090--ti.com-lit-an-slva959-slva959.pdf.pdf.md","62393","08_power_buck_regulators","08_power_buck_regulators","False","False","True","8853","0","medium","removed_junk_lines=201","url_010090"
"08_power_buck_regulators\url_010091--ti.com-lit-an-slvae09-slvae09.pdf.pdf.md","08_power_buck_regulators\url_010091--ti.com-lit-an-slvae09-slvae09.pdf.pdf.md","24969","08_power_buck_regulators","08_power_buck_regulators","False","False","True","3866","0","medium","removed_junk_lines=90","url_010091"
"08_power_buck_regulators\url_010092--ti.com-lit-an-slvaeq9-slvaeq9.pdf.pdf.md","08_power_buck_regulators\url_010092--ti.com-lit-an-slvaeq9-slvaeq9.pdf.pdf.md","25866","08_power_buck_regulators","08_power_buck_regulators","False","False","True","3761","0","medium","removed_junk_lines=121","url_010092"
"08_power_buck_regulators\url_010093--ti.com-lit-an-slvaew7-slvaew7.pdf.pdf.md","08_power_buck_regulators\url_010093--ti.com-lit-an-slvaew7-slvaew7.pdf.pdf.md","27667","08_power_buck_regulators","08_power_buck_regulators","False","False","True","4131","0","medium","removed_junk_lines=144","url_010093"
"08_power_buck_regulators\url_010094--ti.com-lit-an-slvaf66-slvaf66.pdf.pdf.md","08_power_buck_regulators\url_010094--ti.com-lit-an-slvaf66-slvaf66.pdf.pdf.md","66935","08_power_buck_regulators","08_power_buck_regulators","False","False","True","10186","0","medium","removed_junk_lines=377","url_010094"
"08_power_buck_regulators\url_010095--ti.com-lit-an-snva021c-snva021c.pdf.pdf.md","08_power_buck_regulators\url_010095--ti.com-lit-an-snva021c-snva021c.pdf.pdf.md","15054","08_power_buck_regulators","08_power_buck_regulators","False","False","True","2040","0","medium","removed_junk_lines=8","url_010095"
"08_power_buck_regulators\url_010096--ti.com-lit-an-szza009-szza009.pdf.pdf.md","08_power_buck_regulators\url_010096--ti.com-lit-an-szza009-szza009.pdf.pdf.md","61514","08_power_buck_regulators","08_power_buck_regulators","False","False","True","9014","0","medium","removed_junk_lines=11","url_010096"
"08_power_buck_regulators\url_010097--ti.com-lit-ds-symlink-lm2596.pdf.pdf.md","08_power_buck_regulators\url_010097--ti.com-lit-ds-symlink-lm2596.pdf.pdf.md","95807","08_power_buck_regulators","08_power_buck_regulators","False","False","True","15479","0","medium","removed_junk_lines=380; collapsed_blank_lines","url_010097"
"08_power_buck_regulators\url_010098--ti.com-lit-ds-symlink-tpd2eusb30.pdf.pdf.md","08_power_buck_regulators\url_010098--ti.com-lit-ds-symlink-tpd2eusb30.pdf.pdf.md","34745","08_power_buck_regulators","08_power_buck_regulators","False","False","True","5249","0","medium","removed_junk_lines=231; collapsed_blank_lines","url_010098"
"08_power_buck_regulators\url_010099--ti.com-lit-ds-symlink-tpd4e05u06.pdf.pdf.md","08_power_buck_regulators\url_010099--ti.com-lit-ds-symlink-tpd4e05u06.pdf.pdf.md","40870","08_power_buck_regulators","08_power_buck_regulators","False","False","True","6402","0","medium","removed_junk_lines=509","url_010099"
"08_power_buck_regulators\url_010100--ti.com-lit-ds-symlink-tps62130.pdf.pdf.md","08_power_buck_regulators\url_010100--ti.com-lit-ds-symlink-tps62130.pdf.pdf.md","76901","08_power_buck_regulators","08_power_buck_regulators","False","False","True","12638","0","medium","removed_junk_lines=937; collapsed_blank_lines","url_010100"
"08_power_buck_regulators\url_010101--ti.com-lit-ds-symlink-tps62135.pdf.pdf.md","08_power_buck_regulators\url_010101--ti.com-lit-ds-symlink-tps62135.pdf.pdf.md","73255","08_power_buck_regulators","08_power_buck_regulators","False","False","True","12056","0","medium","removed_junk_lines=1202","url_010101"
"08_power_buck_regulators\url_010102--ti.com-lit-ds-symlink-tps62913.pdf.pdf.md","08_power_buck_regulators\url_010102--ti.com-lit-ds-symlink-tps62913.pdf.pdf.md","69772","08_power_buck_regulators","08_power_buck_regulators","False","False","True","12043","0","medium","removed_junk_lines=299","url_010102"
"09_pcb_layout_grounding_emi_si\url_000005--assets.nexperia.com-documents-application-note-AN90011.pdf.pdf.md","09_pcb_layout_grounding_emi_si\url_000005--assets.nexperia.com-documents-application-note-AN90011.pdf.pdf.md","49230","09_pcb_layout_grounding_emi_si","09_pcb_layout_grounding_emi_si","False","False","True","7934","0","medium","removed_junk_lines=476","url_000005"
"09_pcb_layout_grounding_emi_si\url_001065--docs.oshpark.com-troubleshooting.md","91_rejected_low_value\url_001065--docs.oshpark.com-troubleshooting.md","2760","09_pcb_layout_grounding_emi_si","91_rejected_low_value","True","False","True","75","0","junk","removed_junk_lines=5; collapsed_blank_lines; moved_to_rejected_after_cleaning","url_001065"
"09_pcb_layout_grounding_emi_si\url_001697--en.bouffalolab.com-product.md","09_pcb_layout_grounding_emi_si\url_001697--en.bouffalolab.com-product.md","6663","09_pcb_layout_grounding_emi_si","09_pcb_layout_grounding_emi_si","False","False","True","595","0","medium","removed_junk_lines=4; collapsed_blank_lines","url_001697"
"09_pcb_layout_grounding_emi_si\url_004528--jlcpcb.com-help-article-castellated-holes.md","09_pcb_layout_grounding_emi_si\url_004528--jlcpcb.com-help-article-castellated-holes.md","1961","09_pcb_layout_grounding_emi_si","09_pcb_layout_grounding_emi_si","False","False","True","120","0","medium","removed_junk_lines=2; collapsed_blank_lines","url_004528"
"09_pcb_layout_grounding_emi_si\url_004531--jlcpcb.com-help-article-gerber-file-requirements.md","09_pcb_layout_grounding_emi_si\url_004531--jlcpcb.com-help-article-gerber-file-requirements.md","1982","09_pcb_layout_grounding_emi_si","09_pcb_layout_grounding_emi_si","False","False","True","120","0","medium","removed_junk_lines=2; collapsed_blank_lines","url_004531"
"09_pcb_layout_grounding_emi_si\url_004533--jlcpcb.com-help-article-kicad-export-gerber.md","09_pcb_layout_grounding_emi_si\url_004533--jlcpcb.com-help-article-kicad-export-gerber.md","1967","09_pcb_layout_grounding_emi_si","09_pcb_layout_grounding_emi_si","False","False","True","120","0","medium","removed_junk_lines=2; collapsed_blank_lines","url_004533"
"09_pcb_layout_grounding_emi_si\url_004534--jlcpcb.com-help-article-minimum-annular-ring.md","09_pcb_layout_grounding_emi_si\url_004534--jlcpcb.com-help-article-minimum-annular-ring.md","1970","09_pcb_layout_grounding_emi_si","09_pcb_layout_grounding_emi_si","False","False","True","120","0","medium","removed_junk_lines=2; collapsed_blank_lines","url_004534"
"09_pcb_layout_grounding_emi_si\url_004535--jlcpcb.com-help-article-minimum-hole-size.md","09_pcb_layout_grounding_emi_si\url_004535--jlcpcb.com-help-article-minimum-hole-size.md","1961","09_pcb_layout_grounding_emi_si","09_pcb_layout_grounding_emi_si","False","False","True","120","0","medium","removed_junk_lines=2; collapsed_blank_lines","url_004535"
"09_pcb_layout_grounding_emi_si\url_004536--jlcpcb.com-help-article-multilayer-pcb-stackup.md","09_pcb_layout_grounding_emi_si\url_004536--jlcpcb.com-help-article-multilayer-pcb-stackup.md","1976","09_pcb_layout_grounding_emi_si","09_pcb_layout_grounding_emi_si","False","False","True","120","0","medium","removed_junk_lines=2; collapsed_blank_lines","url_004536"
"09_pcb_layout_grounding_emi_si\url_004537--jlcpcb.com-help-article-pcb-assembly-capabilities.md","09_pcb_layout_grounding_emi_si\url_004537--jlcpcb.com-help-article-pcb-assembly-capabilities.md","2003","09_pcb_layout_grounding_emi_si","09_pcb_layout_grounding_emi_si","False","True","True","122","0","medium","removed_junk_div_or_span_blocks; stripped_div_tags; stripped_span_tags; removed_junk_lines=2; collapsed_blank_lines","url_004537"
"09_pcb_layout_grounding_emi_si\url_004538--jlcpcb.com-help-article-pcb-assembly-design-requirements.md","09_pcb_layout_grounding_emi_si\url_004538--jlcpcb.com-help-article-pcb-assembly-design-requirements.md","2024","09_pcb_layout_grounding_emi_si","09_pcb_layout_grounding_emi_si","False","True","True","122","0","medium","removed_junk_div_or_span_blocks; stripped_div_tags; stripped_span_tags; removed_junk_lines=2; collapsed_blank_lines","url_004538"
"09_pcb_layout_grounding_emi_si\url_004539--jlcpcb.com-help-article-pcb-assembly-faq.md","09_pcb_layout_grounding_emi_si\url_004539--jlcpcb.com-help-article-pcb-assembly-faq.md","1958","09_pcb_layout_grounding_emi_si","09_pcb_layout_grounding_emi_si","False","False","True","120","0","medium","removed_junk_lines=2; collapsed_blank_lines","url_004539"
"09_pcb_layout_grounding_emi_si\url_004540--jlcpcb.com-help-article-pcb-design-guidelines.md","09_pcb_layout_grounding_emi_si\url_004540--jlcpcb.com-help-article-pcb-design-guidelines.md","1991","09_pcb_layout_grounding_emi_si","09_pcb_layout_grounding_emi_si","False","True","True","122","0","medium","removed_junk_div_or_span_blocks; stripped_div_tags; stripped_span_tags; removed_junk_lines=2; collapsed_blank_lines","url_004540"
"09_pcb_layout_grounding_emi_si\url_004541--jlcpcb.com-help-article-pcb-edge-plating.md","09_pcb_layout_grounding_emi_si\url_004541--jlcpcb.com-help-article-pcb-edge-plating.md","1958","09_pcb_layout_grounding_emi_si","09_pcb_layout_grounding_emi_si","False","False","True","120","0","medium","removed_junk_lines=2; collapsed_blank_lines","url_004541"
"09_pcb_layout_grounding_emi_si\url_004543--jlcpcb.com-help-article-pcb-stackup.md","09_pcb_layout_grounding_emi_si\url_004543--jlcpcb.com-help-article-pcb-stackup.md","1943","09_pcb_layout_grounding_emi_si","09_pcb_layout_grounding_emi_si","False","False","True","120","0","medium","removed_junk_lines=2; collapsed_blank_lines","url_004543"
"09_pcb_layout_grounding_emi_si\url_004544--jlcpcb.com-help-article-pcb-via-covering.md","09_pcb_layout_grounding_emi_si\url_004544--jlcpcb.com-help-article-pcb-via-covering.md","12287","09_pcb_layout_grounding_emi_si","09_pcb_layout_grounding_emi_si","False","True","True","1723","83","medium","removed_junk_div_or_span_blocks; stripped_div_tags; stripped_span_tags; removed_junk_lines=55; collapsed_blank_lines","url_004544"
"09_pcb_layout_grounding_emi_si\url_004545--jlcpcb.com-help-article-silkscreen-requirements.md","09_pcb_layout_grounding_emi_si\url_004545--jlcpcb.com-help-article-silkscreen-requirements.md","1979","09_pcb_layout_grounding_emi_si","09_pcb_layout_grounding_emi_si","False","False","True","120","0","medium","removed_junk_lines=2; collapsed_blank_lines","url_004545"
"09_pcb_layout_grounding_emi_si\url_004547--jlcpcb.com-help-article-soldermask-expansion.md","09_pcb_layout_grounding_emi_si\url_004547--jlcpcb.com-help-article-soldermask-expansion.md","1970","09_pcb_layout_grounding_emi_si","09_pcb_layout_grounding_emi_si","False","False","True","120","0","medium","removed_junk_lines=2; collapsed_blank_lines","url_004547"
"09_pcb_layout_grounding_emi_si\url_004548--jlcpcb.com-help-article-via-in-pad.md","09_pcb_layout_grounding_emi_si\url_004548--jlcpcb.com-help-article-via-in-pad.md","1940","09_pcb_layout_grounding_emi_si","09_pcb_layout_grounding_emi_si","False","False","True","120","0","medium","removed_junk_lines=2; collapsed_blank_lines","url_004548"
"09_pcb_layout_grounding_emi_si\url_004549--jlcpcb.com-parts.md","09_pcb_layout_grounding_emi_si\url_004549--jlcpcb.com-parts.md","3943","09_pcb_layout_grounding_emi_si","09_pcb_layout_grounding_emi_si","False","True","True","271","0","medium","removed_embedded_data_images; removed_junk_lines=2; collapsed_blank_lines","url_004549"
"09_pcb_layout_grounding_emi_si\url_006903--eurocircuits.com-technical-guidelines-pcb-design-guidelines.md","09_pcb_layout_grounding_emi_si\url_006903--eurocircuits.com-technical-guidelines-pcb-design-guidelines.md","19996","09_pcb_layout_grounding_emi_si","09_pcb_layout_grounding_emi_si","False","True","True","1893","38","medium","removed_junk_div_or_span_blocks; stripped_div_tags; stripped_span_tags; removed_embedded_data_images; removed_junk_lines=25; collapsed_blank_lines","url_006903"
"10_dfm_fabrication_assembly\url_001056--docs.oshpark.com-design-tools-altium-designer.md","10_dfm_fabrication_assembly\url_001056--docs.oshpark.com-design-tools-altium-designer.md","6795","10_dfm_fabrication_assembly","10_dfm_fabrication_assembly","False","False","True","559","0","medium","removed_junk_lines=8; collapsed_blank_lines","url_001056"
"10_dfm_fabrication_assembly\url_001057--docs.oshpark.com-design-tools-eagle.md","10_dfm_fabrication_assembly\url_001057--docs.oshpark.com-design-tools-eagle.md","9828","10_dfm_fabrication_assembly","10_dfm_fabrication_assembly","False","False","True","1110","0","medium","removed_junk_lines=8; collapsed_blank_lines","url_001057"
"10_dfm_fabrication_assembly\url_001059--docs.oshpark.com-design-tools-gerbv.md","10_dfm_fabrication_assembly\url_001059--docs.oshpark.com-design-tools-gerbv.md","5179","10_dfm_fabrication_assembly","10_dfm_fabrication_assembly","False","True","True","492","1","medium","removed_style_blocks; removed_junk_div_or_span_blocks; stripped_div_tags; stripped_span_tags; removed_junk_lines=7; collapsed_blank_lines","url_001059"
"10_dfm_fabrication_assembly\url_004527--jlcpcb.com-capabilities-pcb-capabilities.md","10_dfm_fabrication_assembly\url_004527--jlcpcb.com-capabilities-pcb-capabilities.md","2450","10_dfm_fabrication_assembly","10_dfm_fabrication_assembly","False","True","True","262","8","medium","removed_junk_div_or_span_blocks; stripped_div_tags; removed_embedded_data_images; removed_junk_lines=164; collapsed_blank_lines","url_004527"
"10_dfm_fabrication_assembly\url_004542--jlcpcb.com-help-article-pcb-panelization.md","10_dfm_fabrication_assembly\url_004542--jlcpcb.com-help-article-pcb-panelization.md","5575","10_dfm_fabrication_assembly","10_dfm_fabrication_assembly","False","False","True","710","0","medium","removed_junk_lines=18; collapsed_blank_lines","url_004542"
"10_dfm_fabrication_assembly\url_004546--jlcpcb.com-help-article-smt-assembly-design-rules.md","10_dfm_fabrication_assembly\url_004546--jlcpcb.com-help-article-smt-assembly-design-rules.md","3949","10_dfm_fabrication_assembly","10_dfm_fabrication_assembly","False","True","True","329","0","medium","removed_embedded_data_images; collapsed_blank_lines","url_004546"
"10_dfm_fabrication_assembly\url_004551--jlcpcb.com-pcb-assembly.md","10_dfm_fabrication_assembly\url_004551--jlcpcb.com-pcb-assembly.md","3871","10_dfm_fabrication_assembly","10_dfm_fabrication_assembly","False","True","True","329","0","medium","removed_embedded_data_images; collapsed_blank_lines","url_004551"
"10_dfm_fabrication_assembly\url_006901--eurocircuits.com-technical-guidelines-panel-guidelines.md","10_dfm_fabrication_assembly\url_006901--eurocircuits.com-technical-guidelines-panel-guidelines.md","9053","10_dfm_fabrication_assembly","10_dfm_fabrication_assembly","False","True","True","544","0","medium","removed_embedded_data_images; removed_junk_lines=8; collapsed_blank_lines","url_006901"
"10_dfm_fabrication_assembly\url_007014--gigadevice.com-product-mcu-high-performance-mcus-gd32f4xx-series.md","10_dfm_fabrication_assembly\url_007014--gigadevice.com-product-mcu-high-performance-mcus-gd32f4xx-series.md","8495","10_dfm_fabrication_assembly","10_dfm_fabrication_assembly","False","False","True","986","0","medium","removed_junk_lines=787; collapsed_blank_lines","url_007014"
"10_dfm_fabrication_assembly\url_008219--pcbway.com-capabilities.html.md","10_dfm_fabrication_assembly\url_008219--pcbway.com-capabilities.html.md","59480","10_dfm_fabrication_assembly","10_dfm_fabrication_assembly","False","True","True","8828","1147","medium","removed_style_blocks; removed_junk_div_or_span_blocks; stripped_div_tags; stripped_span_tags; removed_junk_lines=566; collapsed_blank_lines","url_008219"
"10_dfm_fabrication_assembly\url_008232--pcbway.com-pcb_prototype-PCB_Design_Rule_Check.html.md","10_dfm_fabrication_assembly\url_008232--pcbway.com-pcb_prototype-PCB_Design_Rule_Check.html.md","46492","10_dfm_fabrication_assembly","10_dfm_fabrication_assembly","False","True","True","6617","21","medium","removed_style_blocks; removed_junk_div_or_span_blocks; stripped_div_tags; stripped_span_tags; removed_junk_lines=9; collapsed_blank_lines","url_008232"
"11_calculators_ipc_reference\url_001061--docs.oshpark.com-services-afterdark.md","11_calculators_ipc_reference\url_001061--docs.oshpark.com-services-afterdark.md","4490","11_calculators_ipc_reference","11_calculators_ipc_reference","False","False","True","339","0","medium","removed_junk_lines=5; collapsed_blank_lines","url_001061"
"11_calculators_ipc_reference\url_001062--docs.oshpark.com-services-flex.md","11_calculators_ipc_reference\url_001062--docs.oshpark.com-services-flex.md","8244","11_calculators_ipc_reference","11_calculators_ipc_reference","False","False","True","880","0","medium","removed_junk_lines=8; collapsed_blank_lines","url_001062"
"11_calculators_ipc_reference\url_001063--docs.oshpark.com-services-four-layer.md","11_calculators_ipc_reference\url_001063--docs.oshpark.com-services-four-layer.md","11770","11_calculators_ipc_reference","11_calculators_ipc_reference","False","True","True","1444","186","medium","removed_style_blocks; removed_junk_div_or_span_blocks; stripped_div_tags; stripped_span_tags; removed_junk_lines=199; collapsed_blank_lines","url_001063"
"11_calculators_ipc_reference\url_001064--docs.oshpark.com-services-two-layer.md","11_calculators_ipc_reference\url_001064--docs.oshpark.com-services-two-layer.md","7350","11_calculators_ipc_reference","11_calculators_ipc_reference","False","True","True","795","128","medium","removed_style_blocks; removed_junk_div_or_span_blocks; stripped_div_tags; stripped_span_tags; removed_junk_lines=75; collapsed_blank_lines","url_001064"
"11_calculators_ipc_reference\url_004529--jlcpcb.com-help-article-controlled-impedance-calculator.md","11_calculators_ipc_reference\url_004529--jlcpcb.com-help-article-controlled-impedance-calculator.md","2001","11_calculators_ipc_reference","11_calculators_ipc_reference","False","False","True","120","0","medium","removed_junk_lines=2; collapsed_blank_lines","url_004529"
"11_calculators_ipc_reference\url_004530--jlcpcb.com-help-article-controlled-impedance-pcb.md","11_calculators_ipc_reference\url_004530--jlcpcb.com-help-article-controlled-impedance-pcb.md","1998","11_calculators_ipc_reference","11_calculators_ipc_reference","False","True","True","122","0","medium","removed_junk_div_or_span_blocks; stripped_div_tags; stripped_span_tags; removed_junk_lines=2; collapsed_blank_lines","url_004530"
"11_calculators_ipc_reference\url_004532--jlcpcb.com-help-article-impedance-control-requirements.md","11_calculators_ipc_reference\url_004532--jlcpcb.com-help-article-impedance-control-requirements.md","1998","11_calculators_ipc_reference","11_calculators_ipc_reference","False","False","True","120","0","medium","removed_junk_lines=2; collapsed_blank_lines","url_004532"
"11_calculators_ipc_reference\url_005857--4pcb.com-pcb-capabilities.html.md","11_calculators_ipc_reference\url_005857--4pcb.com-pcb-capabilities.html.md","5382","11_calculators_ipc_reference","11_calculators_ipc_reference","False","False","True","584","0","medium","removed_junk_lines=1809; collapsed_blank_lines","url_005857"
"11_calculators_ipc_reference\url_005858--4pcb.com-pcb-design-checklist.html.md","11_calculators_ipc_reference\url_005858--4pcb.com-pcb-design-checklist.html.md","12865","11_calculators_ipc_reference","11_calculators_ipc_reference","False","False","True","866","0","medium","removed_junk_lines=13; collapsed_blank_lines","url_005858"
"11_calculators_ipc_reference\url_005859--4pcb.com-pcb-design-guidelines.md","11_calculators_ipc_reference\url_005859--4pcb.com-pcb-design-guidelines.md","17902","11_calculators_ipc_reference","11_calculators_ipc_reference","False","True","True","2228","28","medium","removed_junk_div_or_span_blocks; stripped_div_tags; stripped_span_tags; removed_junk_lines=18; collapsed_blank_lines","url_005859"
"11_calculators_ipc_reference\url_005860--4pcb.com-printed-circuit-board-stackups.html.md","11_calculators_ipc_reference\url_005860--4pcb.com-printed-circuit-board-stackups.html.md","12905","11_calculators_ipc_reference","11_calculators_ipc_reference","False","False","True","866","0","medium","removed_junk_lines=13; collapsed_blank_lines","url_005860"
"11_calculators_ipc_reference\url_005861--4pcb.com-trace-width-calculator.html.md","11_calculators_ipc_reference\url_005861--4pcb.com-trace-width-calculator.html.md","6553","11_calculators_ipc_reference","11_calculators_ipc_reference","False","True","True","776","0","medium","removed_junk_div_or_span_blocks; stripped_div_tags; stripped_span_tags; collapsed_blank_lines","url_005861"
"11_calculators_ipc_reference\url_006097--autodesk.com-products-fusion-360-blog-high-speed-pcb-design.md","11_calculators_ipc_reference\url_006097--autodesk.com-products-fusion-360-blog-high-speed-pcb-design.md","15647","11_calculators_ipc_reference","11_calculators_ipc_reference","False","True","True","1993","0","medium","removed_embedded_data_images; removed_junk_lines=4; collapsed_blank_lines","url_006097"
"11_calculators_ipc_reference\url_006905--eurocircuits.com-technical-guidelines-via-filling.md","11_calculators_ipc_reference\url_006905--eurocircuits.com-technical-guidelines-via-filling.md","19657","11_calculators_ipc_reference","11_calculators_ipc_reference","False","True","True","1580","0","medium","removed_embedded_data_images; removed_junk_lines=38; collapsed_blank_lines","url_006905"
"11_calculators_ipc_reference\url_007977--murata.com-en-us-products-emc-emifil-knowhow-basic.md","11_calculators_ipc_reference\url_007977--murata.com-en-us-products-emc-emifil-knowhow-basic.md","12797","11_calculators_ipc_reference","11_calculators_ipc_reference","False","True","True","1284","0","medium","removed_embedded_data_images; removed_junk_lines=3; collapsed_blank_lines","url_007977"
"11_calculators_ipc_reference\url_008235--protoexpress.com-blog-best-high-speed-pcb-routing-practices.md","11_calculators_ipc_reference\url_008235--protoexpress.com-blog-best-high-speed-pcb-routing-practices.md","84580","11_calculators_ipc_reference","11_calculators_ipc_reference","False","True","True","12273","101","medium","removed_junk_div_or_span_blocks; stripped_div_tags; stripped_span_tags; removed_junk_lines=50; collapsed_blank_lines","url_008235"
"11_calculators_ipc_reference\url_008236--protoexpress.com-blog-decoupling-capacitor-placement.md","11_calculators_ipc_reference\url_008236--protoexpress.com-blog-decoupling-capacitor-placement.md","51024","11_calculators_ipc_reference","11_calculators_ipc_reference","False","True","True","4483","0","medium","removed_embedded_data_images; removed_junk_lines=15; collapsed_blank_lines","url_008236"
"11_calculators_ipc_reference\url_008239--protoexpress.com-blog-high-speed-pcb-design.md","11_calculators_ipc_reference\url_008239--protoexpress.com-blog-high-speed-pcb-design.md","26002","11_calculators_ipc_reference","11_calculators_ipc_reference","False","True","True","1545","0","medium","removed_embedded_data_images; removed_junk_lines=14; collapsed_blank_lines","url_008239"
"11_calculators_ipc_reference\url_008245--protoexpress.com-kb-dfm-rules.md","11_calculators_ipc_reference\url_008245--protoexpress.com-kb-dfm-rules.md","71072","11_calculators_ipc_reference","11_calculators_ipc_reference","False","True","True","10739","124","medium","removed_style_blocks; removed_junk_div_or_span_blocks; stripped_div_tags; stripped_span_tags; removed_junk_lines=126; collapsed_blank_lines","url_008245"
"11_calculators_ipc_reference\url_008246--protoexpress.com-pcb-design-guides.md","11_calculators_ipc_reference\url_008246--protoexpress.com-pcb-design-guides.md","68663","11_calculators_ipc_reference","11_calculators_ipc_reference","False","True","True","2989","123","medium","removed_junk_div_or_span_blocks; stripped_div_tags; stripped_span_tags; removed_junk_lines=33; collapsed_blank_lines","url_008246"
"11_calculators_ipc_reference\url_008388--richtek.com-Design-20Support-Technical-20Document-AN045.md","11_calculators_ipc_reference\url_008388--richtek.com-Design-20Support-Technical-20Document-AN045.md","57350","11_calculators_ipc_reference","11_calculators_ipc_reference","False","False","True","6897","0","medium","removed_junk_lines=71; collapsed_blank_lines","url_008388"
"12_forums_peer_review\url_001997--forum.kicad.info-t-custom-design-rules-examples-43987.md","12_forums_peer_review\url_001997--forum.kicad.info-t-custom-design-rules-examples-43987.md","16243","12_forums_peer_review","12_forums_peer_review","False","True","True","2409","13","medium","stripped_div_tags; stripped_span_tags; removed_junk_lines=8; collapsed_blank_lines","url_001997"
"12_forums_peer_review\url_008250--reddit.com-r-AskElectronics.md","91_rejected_low_value\url_008250--reddit.com-r-AskElectronics.md","868","12_forums_peer_review","91_rejected_low_value","True","True","True","0","0","junk","stripped_div_tags; removed_embedded_data_images; collapsed_blank_lines; moved_to_rejected_after_cleaning","url_008250"
"12_forums_peer_review\url_008255--reddit.com-r-ElectricalEngineering.md","91_rejected_low_value\url_008255--reddit.com-r-ElectricalEngineering.md","896","12_forums_peer_review","91_rejected_low_value","True","True","True","0","0","junk","stripped_div_tags; removed_embedded_data_images; collapsed_blank_lines; moved_to_rejected_after_cleaning","url_008255"
"12_forums_peer_review\url_008257--reddit.com-r-embedded.md","91_rejected_low_value\url_008257--reddit.com-r-embedded.md","844","12_forums_peer_review","91_rejected_low_value","True","True","True","0","0","junk","stripped_div_tags; removed_embedded_data_images; collapsed_blank_lines; moved_to_rejected_after_cleaning","url_008257"
"12_forums_peer_review\url_008259--reddit.com-r-esp32.md","91_rejected_low_value\url_008259--reddit.com-r-esp32.md","832","12_forums_peer_review","91_rejected_low_value","True","True","True","0","0","junk","stripped_div_tags; removed_embedded_data_images; collapsed_blank_lines; moved_to_rejected_after_cleaning","url_008259"
"12_forums_peer_review\url_008262--reddit.com-r-KiCad.md","91_rejected_low_value\url_008262--reddit.com-r-KiCad.md","832","12_forums_peer_review","91_rejected_low_value","True","True","True","0","0","junk","stripped_div_tags; removed_embedded_data_images; collapsed_blank_lines; moved_to_rejected_after_cleaning","url_008262"
"12_forums_peer_review\url_008268--reddit.com-r-PCB.md","91_rejected_low_value\url_008268--reddit.com-r-PCB.md","824","12_forums_peer_review","91_rejected_low_value","True","True","True","0","0","junk","stripped_div_tags; removed_embedded_data_images; collapsed_blank_lines; moved_to_rejected_after_cleaning","url_008268"
"12_forums_peer_review\url_008269--reddit.com-r-PrintedCircuitBoard.md","91_rejected_low_value\url_008269--reddit.com-r-PrintedCircuitBoard.md","888","12_forums_peer_review","91_rejected_low_value","True","True","True","0","0","junk","stripped_div_tags; removed_embedded_data_images; collapsed_blank_lines; moved_to_rejected_after_cleaning","url_008269"
"13_vendor_parts_cad_models\url_000027--docs.easyeda.com-en-Import-Import-KiCAD.md","13_vendor_parts_cad_models\url_000027--docs.easyeda.com-en-Import-Import-KiCAD.md","2105","13_vendor_parts_cad_models","13_vendor_parts_cad_models","False","False","False","201","0","medium","collapsed_blank_lines","url_000027"
"13_vendor_parts_cad_models\url_004562--nexar.com-api.md","13_vendor_parts_cad_models\url_004562--nexar.com-api.md","10762","13_vendor_parts_cad_models","13_vendor_parts_cad_models","False","True","True","672","0","medium","removed_embedded_data_images; removed_junk_lines=9; collapsed_blank_lines","url_004562"
"13_vendor_parts_cad_models\url_004565--octopart.com-documentation-style-guide.md","13_vendor_parts_cad_models\url_004565--octopart.com-documentation-style-guide.md","1514","13_vendor_parts_cad_models","13_vendor_parts_cad_models","False","False","False","102","0","low","collapsed_blank_lines","url_004565"
"13_vendor_parts_cad_models\url_004567--prodocs.easyeda.com-en-import-export-import-kicad.md","13_vendor_parts_cad_models\url_004567--prodocs.easyeda.com-en-import-export-import-kicad.md","2157","13_vendor_parts_cad_models","13_vendor_parts_cad_models","False","False","False","181","0","medium","collapsed_blank_lines","url_004567"
"13_vendor_parts_cad_models\url_004601--supplyframe.com-samacsys.md","13_vendor_parts_cad_models\url_004601--supplyframe.com-samacsys.md","6466","13_vendor_parts_cad_models","13_vendor_parts_cad_models","False","True","True","431","0","medium","removed_embedded_data_images; removed_junk_lines=2; collapsed_blank_lines","url_004601"
"13_vendor_parts_cad_models\url_007017--hirose.com-product-series-CX.md","13_vendor_parts_cad_models\url_007017--hirose.com-product-series-CX.md","97394","13_vendor_parts_cad_models","13_vendor_parts_cad_models","False","True","True","3142","0","medium","removed_embedded_data_images; removed_junk_lines=489; collapsed_blank_lines","url_007017"
"13_vendor_parts_cad_models\url_007040--lcsc.com-index.md","13_vendor_parts_cad_models\url_007040--lcsc.com-index.md","67491","13_vendor_parts_cad_models","13_vendor_parts_cad_models","False","True","True","337","0","medium","removed_embedded_data_images; removed_junk_lines=13; collapsed_blank_lines","url_007040"
"13_vendor_parts_cad_models\url_007041--lcsc.com-products-Microcontrollers-MCU-MPU-SOC_480.html.md","13_vendor_parts_cad_models\url_007041--lcsc.com-products-Microcontrollers-MCU-MPU-SOC_480.html.md","1765","13_vendor_parts_cad_models","13_vendor_parts_cad_models","False","True","True","105","0","low","removed_embedded_data_images; removed_junk_lines=12; collapsed_blank_lines","url_007041"
"13_vendor_parts_cad_models\url_007972--mouser.com-c-semiconductors-embedded-processors-controllers-microcontrollers-mcu.md","13_vendor_parts_cad_models\url_007972--mouser.com-c-semiconductors-embedded-processors-controllers-microcontrollers-mcu.md","2011","13_vendor_parts_cad_models","13_vendor_parts_cad_models","False","False","True","129","0","medium","removed_junk_lines=1; collapsed_blank_lines","url_007972"
"13_vendor_parts_cad_models\url_007973--mouser.com-c-semiconductors-embedded-processors-controllers-wireless-rf-system-on-a-chip-soc.md","13_vendor_parts_cad_models\url_007973--mouser.com-c-semiconductors-embedded-processors-controllers-wireless-rf-system-on-a-chip-soc.md","2047","13_vendor_parts_cad_models","13_vendor_parts_cad_models","False","False","True","129","0","medium","removed_junk_lines=1; collapsed_blank_lines","url_007973"
"13_vendor_parts_cad_models\url_007974--mouser.com-electronic-cad-symbols-models.md","13_vendor_parts_cad_models\url_007974--mouser.com-electronic-cad-symbols-models.md","1891","13_vendor_parts_cad_models","13_vendor_parts_cad_models","False","False","True","129","0","medium","removed_junk_lines=1; collapsed_blank_lines","url_007974"
"13_vendor_parts_cad_models\url_007975--mouser.com-technical-resources.md","13_vendor_parts_cad_models\url_007975--mouser.com-technical-resources.md","1861","13_vendor_parts_cad_models","13_vendor_parts_cad_models","False","False","True","129","0","medium","removed_junk_lines=1; collapsed_blank_lines","url_007975"
"13_vendor_parts_cad_models\url_008215--pcblibraries.com-index.md","13_vendor_parts_cad_models\url_008215--pcblibraries.com-index.md","8758","13_vendor_parts_cad_models","13_vendor_parts_cad_models","False","False","True","565","0","medium","removed_junk_lines=33; collapsed_blank_lines","url_008215"
"13_vendor_parts_cad_models\url_008216--pcblibraries.com-library-expert.md","13_vendor_parts_cad_models\url_008216--pcblibraries.com-library-expert.md","5203","13_vendor_parts_cad_models","13_vendor_parts_cad_models","False","False","True","216","0","medium","removed_junk_lines=12; collapsed_blank_lines","url_008216"
"13_vendor_parts_cad_models\url_008217--pcblibraries.com-pcb-footprint-expert.md","13_vendor_parts_cad_models\url_008217--pcblibraries.com-pcb-footprint-expert.md","5227","13_vendor_parts_cad_models","13_vendor_parts_cad_models","False","False","True","216","0","medium","removed_junk_lines=12; collapsed_blank_lines","url_008217"
"13_vendor_parts_cad_models\url_008393--sameskydevices.com-product-connectors-usb-connectors-usb-type-c.md","13_vendor_parts_cad_models\url_008393--sameskydevices.com-product-connectors-usb-connectors-usb-type-c.md","4493","13_vendor_parts_cad_models","13_vendor_parts_cad_models","False","False","False","368","0","high","collapsed_blank_lines","url_008393"
"13_vendor_parts_cad_models\url_008510--snapeda.com-about-import.md","13_vendor_parts_cad_models\url_008510--snapeda.com-about-import.md","32871","13_vendor_parts_cad_models","13_vendor_parts_cad_models","False","True","True","4323","0","medium","removed_embedded_data_images; removed_junk_lines=120; collapsed_blank_lines","url_008510"
"15_video_reference_index\url_004557--learn.adafruit.com-adafruit-guide-excellent-soldering.md","15_video_reference_index\url_004557--learn.adafruit.com-adafruit-guide-excellent-soldering.md","30355","15_video_reference_index","15_video_reference_index","False","True","True","4179","38","medium","removed_junk_div_or_span_blocks; stripped_div_tags; stripped_span_tags; removed_embedded_data_images; removed_junk_lines=45; collapsed_blank_lines","url_004557"
"15_video_reference_index\url_010072--youtube.com-AltiumAcademy-videos.md","91_rejected_low_value\url_010072--youtube.com-AltiumAcademy-videos.md","4714","15_video_reference_index","91_rejected_low_value","True","True","True","58","0","junk","removed_embedded_data_images; removed_junk_lines=2; collapsed_blank_lines; moved_to_rejected_after_cleaning","url_010072"
"15_video_reference_index\url_010073--youtube.com-AndreasSpiess-videos.md","91_rejected_low_value\url_010073--youtube.com-AndreasSpiess-videos.md","4714","15_video_reference_index","91_rejected_low_value","True","True","True","58","0","junk","removed_embedded_data_images; removed_junk_lines=2; collapsed_blank_lines; moved_to_rejected_after_cleaning","url_010073"
"15_video_reference_index\url_010074--youtube.com-atomic14-videos.md","91_rejected_low_value\url_010074--youtube.com-atomic14-videos.md","4697","15_video_reference_index","91_rejected_low_value","True","True","True","58","0","junk","removed_embedded_data_images; removed_junk_lines=2; collapsed_blank_lines; moved_to_rejected_after_cleaning","url_010074"
"15_video_reference_index\url_010075--youtube.com-ContextualElectronics-videos.md","91_rejected_low_value\url_010075--youtube.com-ContextualElectronics-videos.md","4732","15_video_reference_index","91_rejected_low_value","True","True","True","58","0","junk","removed_embedded_data_images; removed_junk_lines=2; collapsed_blank_lines; moved_to_rejected_after_cleaning","url_010075"
"15_video_reference_index\url_010076--youtube.com-EEVblog-videos.md","91_rejected_low_value\url_010076--youtube.com-EEVblog-videos.md","4694","15_video_reference_index","91_rejected_low_value","True","True","True","58","0","junk","removed_embedded_data_images; removed_junk_lines=2; collapsed_blank_lines; moved_to_rejected_after_cleaning","url_010076"
"15_video_reference_index\url_010077--youtube.com-GreatScottLab-videos.md","91_rejected_low_value\url_010077--youtube.com-GreatScottLab-videos.md","4712","15_video_reference_index","91_rejected_low_value","True","True","True","58","0","junk","removed_embedded_data_images; removed_junk_lines=2; collapsed_blank_lines; moved_to_rejected_after_cleaning","url_010077"
"15_video_reference_index\url_010078--youtube.com-PhilsLab.md","91_rejected_low_value\url_010078--youtube.com-PhilsLab.md","4674","15_video_reference_index","91_rejected_low_value","True","True","True","58","0","junk","removed_embedded_data_images; removed_junk_lines=2; collapsed_blank_lines; moved_to_rejected_after_cleaning","url_010078"
"15_video_reference_index\url_010079--youtube.com-RobertFeranec.md","15_video_reference_index\url_010079--youtube.com-RobertFeranec.md","15197","15_video_reference_index","15_video_reference_index","False","True","True","600","6","medium","removed_junk_div_or_span_blocks; stripped_div_tags; stripped_span_tags; removed_junk_lines=1; collapsed_blank_lines","url_010079"
"15_video_reference_index\url_010080--youtube.com-RobertFeranec-videos.md","91_rejected_low_value\url_010080--youtube.com-RobertFeranec-videos.md","4710","15_video_reference_index","91_rejected_low_value","True","True","True","58","0","junk","removed_embedded_data_images; removed_junk_lines=2; collapsed_blank_lines; moved_to_rejected_after_cleaning","url_010080"
"91_rejected_low_value\url_000003--app.ultralibrarian.com-content-help-kicad-6_0.htm.md","91_rejected_low_value\url_000003--app.ultralibrarian.com-content-help-kicad-6_0.htm.md","876","91_rejected_low_value","91_rejected_low_value","False","False","False","2","0","junk","collapsed_blank_lines","url_000003"
"91_rejected_low_value\url_000016--dev-docs.kicad.org-en-contribute-index.html.md","91_rejected_low_value\url_000016--dev-docs.kicad.org-en-contribute-index.html.md","836","91_rejected_low_value","91_rejected_low_value","False","False","False","0","0","junk",,"url_000016"
"91_rejected_low_value\url_000021--developer.sony.com-spresense-development-guides-introduction_en.html.md","91_rejected_low_value\url_000021--developer.sony.com-spresense-development-guides-introduction_en.html.md","938","91_rejected_low_value","91_rejected_low_value","False","False","False","0","0","junk",,"url_000021"
"91_rejected_low_value\url_000022--docs.arduino.cc-hardware-giga-r1-wifi.md","91_rejected_low_value\url_000022--docs.arduino.cc-hardware-giga-r1-wifi.md","5293","91_rejected_low_value","91_rejected_low_value","False","True","True","423","0","junk","removed_embedded_data_images; collapsed_blank_lines","url_000022"
"91_rejected_low_value\url_000023--docs.arduino.cc-hardware-nano-esp32.md","91_rejected_low_value\url_000023--docs.arduino.cc-hardware-nano-esp32.md","5052","91_rejected_low_value","91_rejected_low_value","False","True","True","342","0","junk","removed_embedded_data_images; collapsed_blank_lines","url_000023"
"91_rejected_low_value\url_000024--docs.arduino.cc-hardware-nano-rp2040-connect.md","91_rejected_low_value\url_000024--docs.arduino.cc-hardware-nano-rp2040-connect.md","5741","91_rejected_low_value","91_rejected_low_value","False","True","True","356","0","junk","removed_embedded_data_images; collapsed_blank_lines","url_000024"
"91_rejected_low_value\url_000025--docs.arduino.cc-hardware-portenta-h7.md","91_rejected_low_value\url_000025--docs.arduino.cc-hardware-portenta-h7.md","5534","91_rejected_low_value","91_rejected_low_value","False","True","True","392","0","junk","removed_embedded_data_images; collapsed_blank_lines","url_000025"
"91_rejected_low_value\url_000026--docs.arduino.cc-hardware-uno-r4-wifi.md","91_rejected_low_value\url_000026--docs.arduino.cc-hardware-uno-r4-wifi.md","5025","91_rejected_low_value","91_rejected_low_value","False","True","True","369","0","junk","removed_embedded_data_images; removed_junk_lines=1; collapsed_blank_lines","url_000026"
"91_rejected_low_value\url_000050--docs.espressif.com-projects-esp-hardware-design-guidelines-en-latest-esp32s3-search.html.md","91_rejected_low_value\url_000050--docs.espressif.com-projects-esp-hardware-design-guidelines-en-latest-esp32s3-search.html.md","1123","91_rejected_low_value","91_rejected_low_value","False","False","False","8","0","junk","collapsed_blank_lines","url_000050"
"91_rejected_low_value\url_000060--docs.espressif.com-projects-esp-idf-en-latest-esp32s3-api-guides-wifi.html.md","91_rejected_low_value\url_000060--docs.espressif.com-projects-esp-idf-en-latest-esp32s3-api-guides-wifi.html.md","1029","91_rejected_low_value","91_rejected_low_value","False","False","False","3","0","junk","collapsed_blank_lines","url_000060"
"91_rejected_low_value\url_000061--docs.espressif.com-projects-esp-idf-en-latest-esp32s3-api-reference-peripherals-adc_oneshot.html.md","91_rejected_low_value\url_000061--docs.espressif.com-projects-esp-idf-en-latest-esp32s3-api-reference-peripherals-adc_oneshot.html.md","1142","91_rejected_low_value","91_rejected_low_value","False","False","False","3","0","junk","collapsed_blank_lines","url_000061"
"91_rejected_low_value\url_000069--docs.espressif.com-projects-esp-idf-en-latest-esp32s3-api-reference-peripherals-usb_device.html.md","91_rejected_low_value\url_000069--docs.espressif.com-projects-esp-idf-en-latest-esp32s3-api-reference-peripherals-usb_device.html.md","1139","91_rejected_low_value","91_rejected_low_value","False","False","False","3","0","junk","collapsed_blank_lines","url_000069"
"91_rejected_low_value\url_000076--docs.espressif.com-projects-esp-iot-solution-en-latest-usb-usb_overview-usb_overview.html.md","91_rejected_low_value\url_000076--docs.espressif.com-projects-esp-iot-solution-en-latest-usb-usb_overview-usb_overview.html.md","10008","91_rejected_low_value","91_rejected_low_value","False","True","False","1263","5","junk","stripped_div_tags; stripped_span_tags; collapsed_blank_lines","url_000076"
"91_rejected_low_value\url_000720--docs.kicad.org-9.0-en-eeschema-eeschema.html.md","91_rejected_low_value\url_000720--docs.kicad.org-9.0-en-eeschema-eeschema.html.md","410684","91_rejected_low_value","91_rejected_low_value","False","False","True","56912","1","junk","removed_junk_lines=354; collapsed_blank_lines","url_000720"
"91_rejected_low_value\url_000731--docs.kicad.org-9.0-en-pcbnew-pcbnew.html.md","91_rejected_low_value\url_000731--docs.kicad.org-9.0-en-pcbnew-pcbnew.html.md","439792","91_rejected_low_value","91_rejected_low_value","False","False","True","61014","0","junk","removed_junk_lines=270; collapsed_blank_lines","url_000731"
"91_rejected_low_value\url_000950--docs.kicad.org-doxygen-python-9.0.md","91_rejected_low_value\url_000950--docs.kicad.org-doxygen-python-9.0.md","1085","91_rejected_low_value","91_rejected_low_value","False","False","True","30","0","junk","removed_junk_lines=3; collapsed_blank_lines","url_000950"
"91_rejected_low_value\url_001068--docs.sparkfun.com-SparkFun_Thing_Plus_ESP32-S3.md","91_rejected_low_value\url_001068--docs.sparkfun.com-SparkFun_Thing_Plus_ESP32-S3.md","891","91_rejected_low_value","91_rejected_low_value","False","False","False","6","0","junk","collapsed_blank_lines","url_001068"
"91_rejected_low_value\url_001069--easyeda.com-index.md","91_rejected_low_value\url_001069--easyeda.com-index.md","14180","91_rejected_low_value","91_rejected_low_value","False","True","True","1176","0","junk","removed_embedded_data_images; removed_junk_lines=7; collapsed_blank_lines","url_001069"
"91_rejected_low_value\url_001070--electronics.stackexchange.com-questions-8000.md","91_rejected_low_value\url_001070--electronics.stackexchange.com-questions-8000.md","10913","91_rejected_low_value","91_rejected_low_value","False","True","True","1048","0","junk","removed_embedded_data_images; removed_junk_lines=17; collapsed_blank_lines","url_001070"
"91_rejected_low_value\url_001071--electronics.stackexchange.com-questions-8001.md","91_rejected_low_value\url_001071--electronics.stackexchange.com-questions-8001.md","11538","91_rejected_low_value","91_rejected_low_value","False","True","True","1141","0","junk","removed_embedded_data_images; removed_junk_lines=24; collapsed_blank_lines","url_001071"
"91_rejected_low_value\url_001072--electronics.stackexchange.com-questions-8002.md","91_rejected_low_value\url_001072--electronics.stackexchange.com-questions-8002.md","11538","91_rejected_low_value","91_rejected_low_value","False","True","True","1141","0","junk","removed_embedded_data_images; removed_junk_lines=24; collapsed_blank_lines","url_001072"
"91_rejected_low_value\url_001073--electronics.stackexchange.com-questions-8003.md","91_rejected_low_value\url_001073--electronics.stackexchange.com-questions-8003.md","15042","91_rejected_low_value","91_rejected_low_value","False","True","True","1730","0","junk","removed_embedded_data_images; removed_junk_lines=25; collapsed_blank_lines","url_001073"
"91_rejected_low_value\url_001074--electronics.stackexchange.com-questions-8004.md","91_rejected_low_value\url_001074--electronics.stackexchange.com-questions-8004.md","8129","91_rejected_low_value","91_rejected_low_value","False","True","True","690","0","junk","removed_embedded_data_images; removed_junk_lines=9; collapsed_blank_lines","url_001074"
"91_rejected_low_value\url_001075--electronics.stackexchange.com-questions-8005.md","91_rejected_low_value\url_001075--electronics.stackexchange.com-questions-8005.md","13213","91_rejected_low_value","91_rejected_low_value","False","True","True","1510","0","junk","removed_embedded_data_images; removed_junk_lines=36; collapsed_blank_lines","url_001075"
"91_rejected_low_value\url_001076--electronics.stackexchange.com-questions-8006.md","91_rejected_low_value\url_001076--electronics.stackexchange.com-questions-8006.md","10913","91_rejected_low_value","91_rejected_low_value","False","True","True","1048","0","junk","removed_embedded_data_images; removed_junk_lines=17; collapsed_blank_lines","url_001076"
"91_rejected_low_value\url_001077--electronics.stackexchange.com-questions-8007.md","91_rejected_low_value\url_001077--electronics.stackexchange.com-questions-8007.md","13213","91_rejected_low_value","91_rejected_low_value","False","True","True","1510","0","junk","removed_embedded_data_images; removed_junk_lines=36; collapsed_blank_lines","url_001077"
"91_rejected_low_value\url_001078--electronics.stackexchange.com-questions-8008.md","91_rejected_low_value\url_001078--electronics.stackexchange.com-questions-8008.md","6892","91_rejected_low_value","91_rejected_low_value","False","True","True","598","0","junk","removed_embedded_data_images; removed_junk_lines=20; collapsed_blank_lines","url_001078"
"91_rejected_low_value\url_001079--electronics.stackexchange.com-questions-8009.md","91_rejected_low_value\url_001079--electronics.stackexchange.com-questions-8009.md","11538","91_rejected_low_value","91_rejected_low_value","False","True","True","1141","0","junk","removed_embedded_data_images; removed_junk_lines=24; collapsed_blank_lines","url_001079"
"91_rejected_low_value\url_001080--electronics.stackexchange.com-questions-8010.md","91_rejected_low_value\url_001080--electronics.stackexchange.com-questions-8010.md","6892","91_rejected_low_value","91_rejected_low_value","False","True","True","598","0","junk","removed_embedded_data_images; removed_junk_lines=20; collapsed_blank_lines","url_001080"
"91_rejected_low_value\url_001081--electronics.stackexchange.com-questions-8011.md","91_rejected_low_value\url_001081--electronics.stackexchange.com-questions-8011.md","9533","91_rejected_low_value","91_rejected_low_value","False","True","True","940","0","junk","removed_embedded_data_images; removed_junk_lines=16; collapsed_blank_lines","url_001081"
"91_rejected_low_value\url_001082--electronics.stackexchange.com-questions-8012.md","91_rejected_low_value\url_001082--electronics.stackexchange.com-questions-8012.md","11538","91_rejected_low_value","91_rejected_low_value","False","True","True","1141","0","junk","removed_embedded_data_images; removed_junk_lines=24; collapsed_blank_lines","url_001082"
"91_rejected_low_value\url_001083--electronics.stackexchange.com-questions-8013.md","91_rejected_low_value\url_001083--electronics.stackexchange.com-questions-8013.md","9533","91_rejected_low_value","91_rejected_low_value","False","True","True","940","0","junk","removed_embedded_data_images; removed_junk_lines=16; collapsed_blank_lines","url_001083"
"91_rejected_low_value\url_001084--electronics.stackexchange.com-questions-8014.md","91_rejected_low_value\url_001084--electronics.stackexchange.com-questions-8014.md","9533","91_rejected_low_value","91_rejected_low_value","False","True","True","940","0","junk","removed_embedded_data_images; removed_junk_lines=16; collapsed_blank_lines","url_001084"
"91_rejected_low_value\url_001085--electronics.stackexchange.com-questions-8015.md","91_rejected_low_value\url_001085--electronics.stackexchange.com-questions-8015.md","12193","91_rejected_low_value","91_rejected_low_value","False","True","True","1244","0","junk","removed_embedded_data_images; removed_junk_lines=46; collapsed_blank_lines","url_001085"
"91_rejected_low_value\url_001086--electronics.stackexchange.com-questions-8016.md","91_rejected_low_value\url_001086--electronics.stackexchange.com-questions-8016.md","12193","91_rejected_low_value","91_rejected_low_value","False","True","True","1244","0","junk","removed_embedded_data_images; removed_junk_lines=46; collapsed_blank_lines","url_001086"
"91_rejected_low_value\url_001087--electronics.stackexchange.com-questions-8017.md","91_rejected_low_value\url_001087--electronics.stackexchange.com-questions-8017.md","10913","91_rejected_low_value","91_rejected_low_value","False","True","True","1048","0","junk","removed_embedded_data_images; removed_junk_lines=17; collapsed_blank_lines","url_001087"
"91_rejected_low_value\url_001088--electronics.stackexchange.com-questions-8018.md","91_rejected_low_value\url_001088--electronics.stackexchange.com-questions-8018.md","20772","91_rejected_low_value","91_rejected_low_value","False","True","True","1995","0","junk","removed_embedded_data_images; removed_junk_lines=90; collapsed_blank_lines","url_001088"
"91_rejected_low_value\url_001089--electronics.stackexchange.com-questions-8019.md","91_rejected_low_value\url_001089--electronics.stackexchange.com-questions-8019.md","6980","91_rejected_low_value","91_rejected_low_value","False","True","True","603","0","junk","removed_embedded_data_images; removed_junk_lines=4; collapsed_blank_lines","url_001089"
"91_rejected_low_value\url_001090--electronics.stackexchange.com-questions-8020.md","91_rejected_low_value\url_001090--electronics.stackexchange.com-questions-8020.md","6980","91_rejected_low_value","91_rejected_low_value","False","True","True","603","0","junk","removed_embedded_data_images; removed_junk_lines=4; collapsed_blank_lines","url_001090"
"91_rejected_low_value\url_001091--electronics.stackexchange.com-questions-8021.md","91_rejected_low_value\url_001091--electronics.stackexchange.com-questions-8021.md","15665","91_rejected_low_value","91_rejected_low_value","False","True","True","1689","0","junk","removed_embedded_data_images; removed_junk_lines=39; collapsed_blank_lines","url_001091"
"91_rejected_low_value\url_001092--electronics.stackexchange.com-questions-8022.md","91_rejected_low_value\url_001092--electronics.stackexchange.com-questions-8022.md","15665","91_rejected_low_value","91_rejected_low_value","False","True","True","1689","0","junk","removed_embedded_data_images; removed_junk_lines=39; collapsed_blank_lines","url_001092"
"91_rejected_low_value\url_001093--electronics.stackexchange.com-questions-8023.md","91_rejected_low_value\url_001093--electronics.stackexchange.com-questions-8023.md","15665","91_rejected_low_value","91_rejected_low_value","False","True","True","1689","0","junk","removed_embedded_data_images; removed_junk_lines=39; collapsed_blank_lines","url_001093"
"91_rejected_low_value\url_001094--electronics.stackexchange.com-questions-8024.md","91_rejected_low_value\url_001094--electronics.stackexchange.com-questions-8024.md","9910","91_rejected_low_value","91_rejected_low_value","False","True","True","1133","0","junk","removed_embedded_data_images; removed_junk_lines=19; collapsed_blank_lines","url_001094"
"91_rejected_low_value\url_001095--electronics.stackexchange.com-questions-8025.md","91_rejected_low_value\url_001095--electronics.stackexchange.com-questions-8025.md","9910","91_rejected_low_value","91_rejected_low_value","False","True","True","1133","0","junk","removed_embedded_data_images; removed_junk_lines=19; collapsed_blank_lines","url_001095"
"91_rejected_low_value\url_001096--electronics.stackexchange.com-questions-8026.md","91_rejected_low_value\url_001096--electronics.stackexchange.com-questions-8026.md","12193","91_rejected_low_value","91_rejected_low_value","False","True","True","1244","0","junk","removed_embedded_data_images; removed_junk_lines=46; collapsed_blank_lines","url_001096"
"91_rejected_low_value\url_001097--electronics.stackexchange.com-questions-8027.md","91_rejected_low_value\url_001097--electronics.stackexchange.com-questions-8027.md","7772","91_rejected_low_value","91_rejected_low_value","False","True","True","632","0","junk","removed_embedded_data_images; removed_junk_lines=18; collapsed_blank_lines","url_001097"
"91_rejected_low_value\url_001098--electronics.stackexchange.com-questions-8028.md","91_rejected_low_value\url_001098--electronics.stackexchange.com-questions-8028.md","7772","91_rejected_low_value","91_rejected_low_value","False","True","True","632","0","junk","removed_embedded_data_images; removed_junk_lines=18; collapsed_blank_lines","url_001098"
"91_rejected_low_value\url_001100--electronics.stackexchange.com-questions-8030.md","91_rejected_low_value\url_001100--electronics.stackexchange.com-questions-8030.md","16672","91_rejected_low_value","91_rejected_low_value","False","True","True","1384","0","junk","removed_embedded_data_images; removed_junk_lines=98; collapsed_blank_lines","url_001100"
"91_rejected_low_value\url_001101--electronics.stackexchange.com-questions-8031.md","91_rejected_low_value\url_001101--electronics.stackexchange.com-questions-8031.md","16672","91_rejected_low_value","91_rejected_low_value","False","True","True","1384","0","junk","removed_embedded_data_images; removed_junk_lines=98; collapsed_blank_lines","url_001101"
"91_rejected_low_value\url_001102--electronics.stackexchange.com-questions-8032.md","91_rejected_low_value\url_001102--electronics.stackexchange.com-questions-8032.md","11697","91_rejected_low_value","91_rejected_low_value","False","True","True","1031","0","junk","removed_embedded_data_images; removed_junk_lines=31; collapsed_blank_lines","url_001102"
"91_rejected_low_value\url_001103--electronics.stackexchange.com-questions-8033.md","91_rejected_low_value\url_001103--electronics.stackexchange.com-questions-8033.md","7772","91_rejected_low_value","91_rejected_low_value","False","True","True","632","0","junk","removed_embedded_data_images; removed_junk_lines=18; collapsed_blank_lines","url_001103"
"91_rejected_low_value\url_001105--electronics.stackexchange.com-questions-8035.md","91_rejected_low_value\url_001105--electronics.stackexchange.com-questions-8035.md","11697","91_rejected_low_value","91_rejected_low_value","False","True","True","1031","0","junk","removed_embedded_data_images; removed_junk_lines=31; collapsed_blank_lines","url_001105"
"91_rejected_low_value\url_001106--electronics.stackexchange.com-questions-8036.md","91_rejected_low_value\url_001106--electronics.stackexchange.com-questions-8036.md","9406","91_rejected_low_value","91_rejected_low_value","False","True","True","911","0","junk","removed_embedded_data_images; removed_junk_lines=17; collapsed_blank_lines","url_001106"
"91_rejected_low_value\url_001670--electronics.stackexchange.com-questions-tagged-antenna.md","91_rejected_low_value\url_001670--electronics.stackexchange.com-questions-tagged-antenna.md","25174","91_rejected_low_value","91_rejected_low_value","False","True","True","995","0","junk","removed_embedded_data_images; removed_junk_lines=86; collapsed_blank_lines","url_001670"
"91_rejected_low_value\url_001671--electronics.stackexchange.com-questions-tagged-buck.md","91_rejected_low_value\url_001671--electronics.stackexchange.com-questions-tagged-buck.md","25159","91_rejected_low_value","91_rejected_low_value","False","True","True","1020","0","junk","removed_embedded_data_images; removed_junk_lines=85; collapsed_blank_lines","url_001671"
"91_rejected_low_value\url_001672--electronics.stackexchange.com-questions-tagged-dc-dc-converter.md","91_rejected_low_value\url_001672--electronics.stackexchange.com-questions-tagged-dc-dc-converter.md","24774","91_rejected_low_value","91_rejected_low_value","False","True","True","1012","0","junk","removed_embedded_data_images; removed_junk_lines=122; collapsed_blank_lines","url_001672"
"91_rejected_low_value\url_001673--electronics.stackexchange.com-questions-tagged-decoupling.md","91_rejected_low_value\url_001673--electronics.stackexchange.com-questions-tagged-decoupling.md","25131","91_rejected_low_value","91_rejected_low_value","False","True","True","1029","0","junk","removed_embedded_data_images; removed_junk_lines=78; collapsed_blank_lines","url_001673"
"91_rejected_low_value\url_001674--electronics.stackexchange.com-questions-tagged-differential.md","91_rejected_low_value\url_001674--electronics.stackexchange.com-questions-tagged-differential.md","26337","91_rejected_low_value","91_rejected_low_value","False","True","True","1062","0","junk","removed_embedded_data_images; removed_junk_lines=79; collapsed_blank_lines","url_001674"
"91_rejected_low_value\url_001675--electronics.stackexchange.com-questions-tagged-emc.md","91_rejected_low_value\url_001675--electronics.stackexchange.com-questions-tagged-emc.md","25385","91_rejected_low_value","91_rejected_low_value","False","True","True","1086","0","junk","removed_embedded_data_images; removed_junk_lines=80; collapsed_blank_lines","url_001675"
"91_rejected_low_value\url_001676--electronics.stackexchange.com-questions-tagged-emi.md","91_rejected_low_value\url_001676--electronics.stackexchange.com-questions-tagged-emi.md","24798","91_rejected_low_value","91_rejected_low_value","False","True","True","1026","0","junk","removed_embedded_data_images; removed_junk_lines=80; collapsed_blank_lines","url_001676"
"91_rejected_low_value\url_001677--electronics.stackexchange.com-questions-tagged-esd.md","91_rejected_low_value\url_001677--electronics.stackexchange.com-questions-tagged-esd.md","25369","91_rejected_low_value","91_rejected_low_value","False","True","True","1023","0","junk","removed_embedded_data_images; removed_junk_lines=82; collapsed_blank_lines","url_001677"
"91_rejected_low_value\url_001678--electronics.stackexchange.com-questions-tagged-esp32.md","91_rejected_low_value\url_001678--electronics.stackexchange.com-questions-tagged-esp32.md","129806","91_rejected_low_value","91_rejected_low_value","False","True","True","18028","114","junk","removed_junk_div_or_span_blocks; stripped_div_tags; stripped_span_tags; removed_junk_lines=140; collapsed_blank_lines","url_001678"
"91_rejected_low_value\url_001679--electronics.stackexchange.com-questions-tagged-grounding.md","91_rejected_low_value\url_001679--electronics.stackexchange.com-questions-tagged-grounding.md","24921","91_rejected_low_value","91_rejected_low_value","False","True","True","1047","0","junk","removed_embedded_data_images; removed_junk_lines=89; collapsed_blank_lines","url_001679"
"91_rejected_low_value\url_001680--electronics.stackexchange.com-questions-tagged-ground-plane.md","91_rejected_low_value\url_001680--electronics.stackexchange.com-questions-tagged-ground-plane.md","25203","91_rejected_low_value","91_rejected_low_value","False","True","True","1098","0","junk","removed_embedded_data_images; removed_junk_lines=102; collapsed_blank_lines","url_001680"
"91_rejected_low_value\url_001681--electronics.stackexchange.com-questions-tagged-kicad.md","91_rejected_low_value\url_001681--electronics.stackexchange.com-questions-tagged-kicad.md","116956","91_rejected_low_value","91_rejected_low_value","False","True","True","15656","136","junk","removed_junk_div_or_span_blocks; stripped_div_tags; stripped_span_tags; removed_junk_lines=115; collapsed_blank_lines","url_001681"
"91_rejected_low_value\url_001682--electronics.stackexchange.com-questions-tagged-pcb.md","91_rejected_low_value\url_001682--electronics.stackexchange.com-questions-tagged-pcb.md","127044","91_rejected_low_value","91_rejected_low_value","False","True","True","17494","118","junk","removed_junk_div_or_span_blocks; stripped_div_tags; stripped_span_tags; removed_junk_lines=135; collapsed_blank_lines","url_001682"
"91_rejected_low_value\url_001683--electronics.stackexchange.com-questions-tagged-pcb-design.md","91_rejected_low_value\url_001683--electronics.stackexchange.com-questions-tagged-pcb-design.md","87091","91_rejected_low_value","91_rejected_low_value","False","True","True","11228","122","junk","removed_junk_div_or_span_blocks; stripped_div_tags; stripped_span_tags; removed_junk_lines=129; collapsed_blank_lines","url_001683"
"91_rejected_low_value\url_001684--electronics.stackexchange.com-questions-tagged-pcb-layout.md","91_rejected_low_value\url_001684--electronics.stackexchange.com-questions-tagged-pcb-layout.md","12495","91_rejected_low_value","91_rejected_low_value","False","True","True","256","0","junk","removed_embedded_data_images; removed_junk_lines=37; collapsed_blank_lines","url_001684"
"91_rejected_low_value\url_001685--electronics.stackexchange.com-questions-tagged-rf.md","91_rejected_low_value\url_001685--electronics.stackexchange.com-questions-tagged-rf.md","25845","91_rejected_low_value","91_rejected_low_value","False","True","True","1017","0","junk","removed_embedded_data_images; removed_junk_lines=80; collapsed_blank_lines","url_001685"
"91_rejected_low_value\url_001686--electronics.stackexchange.com-questions-tagged-signal-integrity.md","91_rejected_low_value\url_001686--electronics.stackexchange.com-questions-tagged-signal-integrity.md","26138","91_rejected_low_value","91_rejected_low_value","False","True","True","1039","0","junk","removed_embedded_data_images; removed_junk_lines=79; collapsed_blank_lines","url_001686"
"91_rejected_low_value\url_001687--electronics.stackexchange.com-questions-tagged-switching-regulator.md","91_rejected_low_value\url_001687--electronics.stackexchange.com-questions-tagged-switching-regulator.md","139678","91_rejected_low_value","91_rejected_low_value","False","True","True","18826","124","junk","removed_junk_div_or_span_blocks; stripped_div_tags; stripped_span_tags; removed_junk_lines=130; collapsed_blank_lines","url_001687"
"91_rejected_low_value\url_001688--electronics.stackexchange.com-questions-tagged-usb.md","91_rejected_low_value\url_001688--electronics.stackexchange.com-questions-tagged-usb.md","142945","91_rejected_low_value","91_rejected_low_value","False","True","True","20021","132","junk","removed_junk_div_or_span_blocks; stripped_div_tags; stripped_span_tags; removed_junk_lines=120; collapsed_blank_lines","url_001688"
"91_rejected_low_value\url_001689--electronics.stackexchange.com-questions-tagged-usb-c.md","91_rejected_low_value\url_001689--electronics.stackexchange.com-questions-tagged-usb-c.md","24116","91_rejected_low_value","91_rejected_low_value","False","True","True","1066","0","junk","removed_embedded_data_images; removed_junk_lines=88; collapsed_blank_lines","url_001689"
"91_rejected_low_value\url_001690--electronics.stackexchange.com-questions-tagged-wifi.md","91_rejected_low_value\url_001690--electronics.stackexchange.com-questions-tagged-wifi.md","24627","91_rejected_low_value","91_rejected_low_value","False","True","True","1089","0","junk","removed_embedded_data_images; removed_junk_lines=83; collapsed_blank_lines","url_001690"
"91_rejected_low_value\url_001695--electronics.stackexchange.com-search.md","91_rejected_low_value\url_001695--electronics.stackexchange.com-search.md","7028","91_rejected_low_value","91_rejected_low_value","False","True","True","418","0","junk","removed_embedded_data_images; removed_junk_lines=7; collapsed_blank_lines","url_001695"
"91_rejected_low_value\url_001700--esp32.com-search.php.md","91_rejected_low_value\url_001700--esp32.com-search.php.md","1078","91_rejected_low_value","91_rejected_low_value","False","False","False","38","0","junk","collapsed_blank_lines","url_001700"
"91_rejected_low_value\url_001703--esp32.com-viewforum.php.md","91_rejected_low_value\url_001703--esp32.com-viewforum.php.md","1003","91_rejected_low_value","91_rejected_low_value","False","False","False","38","0","junk","collapsed_blank_lines","url_001703"
"91_rejected_low_value\url_001982--forum.kicad.info-index.md","91_rejected_low_value\url_001982--forum.kicad.info-index.md","38923","91_rejected_low_value","91_rejected_low_value","False","True","True","6005","310","junk","removed_junk_div_or_span_blocks; stripped_div_tags; stripped_span_tags; removed_junk_lines=183; collapsed_blank_lines","url_001982"
"91_rejected_low_value\url_001983--forum.kicad.info-c-development-16.md","91_rejected_low_value\url_001983--forum.kicad.info-c-development-16.md","925","91_rejected_low_value","91_rejected_low_value","False","False","False","1","0","junk","collapsed_blank_lines","url_001983"
"91_rejected_low_value\url_001984--forum.kicad.info-c-footprints-symbols-11.md","91_rejected_low_value\url_001984--forum.kicad.info-c-footprints-symbols-11.md","41986","91_rejected_low_value","91_rejected_low_value","False","True","True","6430","378","junk","removed_junk_div_or_span_blocks; stripped_div_tags; stripped_span_tags; removed_junk_lines=158; collapsed_blank_lines","url_001984"
"91_rejected_low_value\url_001985--forum.kicad.info-c-layout-6.md","91_rejected_low_value\url_001985--forum.kicad.info-c-layout-6.md","38833","91_rejected_low_value","91_rejected_low_value","False","True","True","5974","307","junk","removed_junk_div_or_span_blocks; stripped_div_tags; stripped_span_tags; removed_junk_lines=194; collapsed_blank_lines","url_001985"
"91_rejected_low_value\url_001986--forum.kicad.info-c-pcbnew-20.md","91_rejected_low_value\url_001986--forum.kicad.info-c-pcbnew-20.md","985","91_rejected_low_value","91_rejected_low_value","False","False","False","1","0","junk","collapsed_blank_lines","url_001986"
"91_rejected_low_value\url_001987--forum.kicad.info-c-software-13.md","91_rejected_low_value\url_001987--forum.kicad.info-c-software-13.md","936","91_rejected_low_value","91_rejected_low_value","False","False","False","1","0","junk","collapsed_blank_lines","url_001987"
"91_rejected_low_value\url_001996--forum.kicad.info-search.md","91_rejected_low_value\url_001996--forum.kicad.info-search.md","839","91_rejected_low_value","91_rejected_low_value","False","False","False","0","0","junk",,"url_001996"
"91_rejected_low_value\url_001998--forum.kicad.info-t-kicad-9-0-python-api-ipc-api-57236.md","91_rejected_low_value\url_001998--forum.kicad.info-t-kicad-9-0-python-api-ipc-api-57236.md","23403","91_rejected_low_value","91_rejected_low_value","False","True","True","3579","36","junk","removed_junk_div_or_span_blocks; stripped_div_tags; stripped_span_tags; removed_junk_lines=13; collapsed_blank_lines","url_001998"
"91_rejected_low_value\url_002902--github.com-atopile-kicad-python.md","91_rejected_low_value\url_002902--github.com-atopile-kicad-python.md","105881","91_rejected_low_value","91_rejected_low_value","False","True","True","5868","210","junk","removed_junk_div_or_span_blocks; stripped_div_tags; stripped_span_tags; removed_junk_lines=234; collapsed_blank_lines","url_002902"
"91_rejected_low_value\url_002903--github.com-Digi-Key-digikey-kicad-library.md","91_rejected_low_value\url_002903--github.com-Digi-Key-digikey-kicad-library.md","6847","91_rejected_low_value","91_rejected_low_value","False","True","True","555","0","junk","removed_embedded_data_images; removed_junk_lines=17; collapsed_blank_lines","url_002903"
"91_rejected_low_value\url_002904--github.com-espressif-esp-dev-kits.md","91_rejected_low_value\url_002904--github.com-espressif-esp-dev-kits.md","8890","91_rejected_low_value","91_rejected_low_value","False","True","True","601","0","junk","removed_embedded_data_images; removed_junk_lines=26; collapsed_blank_lines","url_002904"
"91_rejected_low_value\url_002905--github.com-espressif-esp-dev-kits-tree-master-docs.md","91_rejected_low_value\url_002905--github.com-espressif-esp-dev-kits-tree-master-docs.md","4117","91_rejected_low_value","91_rejected_low_value","False","True","True","198","0","junk","removed_embedded_data_images; removed_junk_lines=7; collapsed_blank_lines","url_002905"
"91_rejected_low_value\url_002908--github.com-espressif-esp-hardware-design-guidelines.md","91_rejected_low_value\url_002908--github.com-espressif-esp-hardware-design-guidelines.md","9851","91_rejected_low_value","91_rejected_low_value","False","True","True","584","0","junk","removed_embedded_data_images; removed_junk_lines=15; collapsed_blank_lines","url_002908"
"91_rejected_low_value\url_002909--github.com-espressif-esp-idf.md","91_rejected_low_value\url_002909--github.com-espressif-esp-idf.md","11654","91_rejected_low_value","91_rejected_low_value","False","True","True","980","0","junk","removed_embedded_data_images; removed_junk_lines=12; collapsed_blank_lines","url_002909"
"91_rejected_low_value\url_002910--github.com-espressif-esp-idf-tree-master-examples-peripherals-uart.md","91_rejected_low_value\url_002910--github.com-espressif-esp-idf-tree-master-examples-peripherals-uart.md","2633","91_rejected_low_value","91_rejected_low_value","False","True","True","53","0","junk","removed_embedded_data_images; removed_junk_lines=7; collapsed_blank_lines","url_002910"
"91_rejected_low_value\url_002911--github.com-espressif-esp-idf-tree-master-examples-peripherals-usb-device.md","91_rejected_low_value\url_002911--github.com-espressif-esp-idf-tree-master-examples-peripherals-usb-device.md","2807","91_rejected_low_value","91_rejected_low_value","False","True","True","56","0","junk","removed_embedded_data_images; removed_junk_lines=7; collapsed_blank_lines","url_002911"
"91_rejected_low_value\url_002912--github.com-espressif-esp-idf-tree-master-examples-system-deep_sleep.md","91_rejected_low_value\url_002912--github.com-espressif-esp-idf-tree-master-examples-system-deep_sleep.md","8980","91_rejected_low_value","91_rejected_low_value","False","True","True","978","0","junk","removed_embedded_data_images; removed_junk_lines=11; collapsed_blank_lines","url_002912"
"91_rejected_low_value\url_002913--github.com-espressif-esp-idf-tree-master-examples-wifi.md","91_rejected_low_value\url_002913--github.com-espressif-esp-idf-tree-master-examples-wifi.md","7266","91_rejected_low_value","91_rejected_low_value","False","True","True","670","0","junk","removed_embedded_data_images; removed_junk_lines=7; collapsed_blank_lines","url_002913"
"91_rejected_low_value\url_002914--github.com-KiCad-kicad-source-mirror.md","91_rejected_low_value\url_002914--github.com-KiCad-kicad-source-mirror.md","10476","91_rejected_low_value","91_rejected_low_value","False","True","True","555","0","junk","removed_embedded_data_images; removed_junk_lines=13; collapsed_blank_lines","url_002914"
"91_rejected_low_value\url_002915--github.com-KiCad-kicad-source-mirror-tree-master-pcbnew.md","91_rejected_low_value\url_002915--github.com-KiCad-kicad-source-mirror-tree-master-pcbnew.md","2178","91_rejected_low_value","91_rejected_low_value","False","True","True","61","0","junk","removed_embedded_data_images; removed_junk_lines=7; collapsed_blank_lines","url_002915"
"91_rejected_low_value\url_002916--github.com-KiCad-kicad-source-mirror-tree-master-pcbnew-python.md","91_rejected_low_value\url_002916--github.com-KiCad-kicad-source-mirror-tree-master-pcbnew-python.md","2337","91_rejected_low_value","91_rejected_low_value","False","True","True","64","0","junk","removed_embedded_data_images; removed_junk_lines=7; collapsed_blank_lines","url_002916"
"91_rejected_low_value\url_002920--gitlab.com-kicad-code-kicad.md","91_rejected_low_value\url_002920--gitlab.com-kicad-code-kicad.md","4585","91_rejected_low_value","91_rejected_low_value","False","True","True","371","15","junk","removed_junk_div_or_span_blocks; stripped_div_tags; stripped_span_tags; collapsed_blank_lines","url_002920"
"91_rejected_low_value\url_002924--gitlab.com-kicad-code-kicad-issues.md","91_rejected_low_value\url_002924--gitlab.com-kicad-code-kicad-issues.md","827","91_rejected_low_value","91_rejected_low_value","False","False","False","0","0","junk",,"url_002924"
"91_rejected_low_value\url_002925--gitlab.com-kicad-code-kicad-tree-master-pcbnew.md","91_rejected_low_value\url_002925--gitlab.com-kicad-code-kicad-tree-master-pcbnew.md","916","91_rejected_low_value","91_rejected_low_value","False","False","False","1","0","junk","collapsed_blank_lines","url_002925"
"91_rejected_low_value\url_002926--gitlab.com-kicad-code-kicad-tree-master-pcbnew-swig.md","91_rejected_low_value\url_002926--gitlab.com-kicad-code-kicad-tree-master-pcbnew-swig.md","995","91_rejected_low_value","91_rejected_low_value","False","True","True","8","0","junk","removed_embedded_data_images; collapsed_blank_lines","url_002926"
"91_rejected_low_value\url_002927--gitlab.com-kicad-code-kicad-tree-master-qa.md","91_rejected_low_value\url_002927--gitlab.com-kicad-code-kicad-tree-master-qa.md","900","91_rejected_low_value","91_rejected_low_value","False","False","False","1","0","junk","collapsed_blank_lines","url_002927"
"91_rejected_low_value\url_002928--gitlab.com-kicad-code-kicad-tree-master-tools.md","91_rejected_low_value\url_002928--gitlab.com-kicad-code-kicad-tree-master-tools.md","912","91_rejected_low_value","91_rejected_low_value","False","False","False","1","0","junk","collapsed_blank_lines","url_002928"
"91_rejected_low_value\url_002929--gitlab.com-kicad-code-kicad-python-blob-main-README.md.md","91_rejected_low_value\url_002929--gitlab.com-kicad-code-kicad-python-blob-main-README.md.md","948","91_rejected_low_value","91_rejected_low_value","False","False","False","1","0","junk","collapsed_blank_lines","url_002929"
"91_rejected_low_value\url_002930--gitlab.com-kicad-code-kicad-python-issues.md","91_rejected_low_value\url_002930--gitlab.com-kicad-code-kicad-python-issues.md","824","91_rejected_low_value","91_rejected_low_value","False","False","False","0","0","junk",,"url_002930"
"91_rejected_low_value\url_002931--gitlab.com-kicad-code-kicad-python-tree-main.md","91_rejected_low_value\url_002931--gitlab.com-kicad-code-kicad-python-tree-main.md","864","91_rejected_low_value","91_rejected_low_value","False","False","False","1","0","junk","collapsed_blank_lines","url_002931"
"91_rejected_low_value\url_002934--gitlab.com-kicad-libraries-kicad-footprints-tree-master-Battery-Battery_SMD_1.md","91_rejected_low_value\url_002934--gitlab.com-kicad-libraries-kicad-footprints-tree-master-Battery-Battery_SMD_1.md","1107","91_rejected_low_value","91_rejected_low_value","False","True","True","10","0","junk","removed_embedded_data_images; collapsed_blank_lines","url_002934"
"91_rejected_low_value\url_002935--gitlab.com-kicad-libraries-kicad-footprints-tree-master-Battery-Battery_SMD_10.md","91_rejected_low_value\url_002935--gitlab.com-kicad-libraries-kicad-footprints-tree-master-Battery-Battery_SMD_10.md","1112","91_rejected_low_value","91_rejected_low_value","False","True","True","10","0","junk","removed_embedded_data_images; collapsed_blank_lines","url_002935"
"91_rejected_low_value\url_002936--gitlab.com-kicad-libraries-kicad-footprints-tree-master-Battery-Battery_SMD_11.md","91_rejected_low_value\url_002936--gitlab.com-kicad-libraries-kicad-footprints-tree-master-Battery-Battery_SMD_11.md","1112","91_rejected_low_value","91_rejected_low_value","False","True","True","10","0","junk","removed_embedded_data_images; collapsed_blank_lines","url_002936"
"91_rejected_low_value\url_002937--gitlab.com-kicad-libraries-kicad-footprints-tree-master-Battery-Battery_SMD_12.md","91_rejected_low_value\url_002937--gitlab.com-kicad-libraries-kicad-footprints-tree-master-Battery-Battery_SMD_12.md","1112","91_rejected_low_value","91_rejected_low_value","False","True","True","10","0","junk","removed_embedded_data_images; collapsed_blank_lines","url_002937"
"91_rejected_low_value\url_002938--gitlab.com-kicad-libraries-kicad-footprints-tree-master-Battery-Battery_SMD_2.md","91_rejected_low_value\url_002938--gitlab.com-kicad-libraries-kicad-footprints-tree-master-Battery-Battery_SMD_2.md","1107","91_rejected_low_value","91_rejected_low_value","False","True","True","10","0","junk","removed_embedded_data_images; collapsed_blank_lines","url_002938"
"91_rejected_low_value\url_002939--gitlab.com-kicad-libraries-kicad-footprints-tree-master-Battery-Battery_SMD_3.md","91_rejected_low_value\url_002939--gitlab.com-kicad-libraries-kicad-footprints-tree-master-Battery-Battery_SMD_3.md","1107","91_rejected_low_value","91_rejected_low_value","False","True","True","10","0","junk","removed_embedded_data_images; collapsed_blank_lines","url_002939"
"91_rejected_low_value\url_002940--gitlab.com-kicad-libraries-kicad-footprints-tree-master-Battery-Battery_SMD_4.md","91_rejected_low_value\url_002940--gitlab.com-kicad-libraries-kicad-footprints-tree-master-Battery-Battery_SMD_4.md","1107","91_rejected_low_value","91_rejected_low_value","False","True","True","10","0","junk","removed_embedded_data_images; collapsed_blank_lines","url_002940"
"91_rejected_low_value\url_002941--gitlab.com-kicad-libraries-kicad-footprints-tree-master-Battery-Battery_SMD_5.md","91_rejected_low_value\url_002941--gitlab.com-kicad-libraries-kicad-footprints-tree-master-Battery-Battery_SMD_5.md","1107","91_rejected_low_value","91_rejected_low_value","False","True","True","10","0","junk","removed_embedded_data_images; collapsed_blank_lines","url_002941"
"91_rejected_low_value\url_002942--gitlab.com-kicad-libraries-kicad-footprints-tree-master-Battery-Battery_SMD_6.md","91_rejected_low_value\url_002942--gitlab.com-kicad-libraries-kicad-footprints-tree-master-Battery-Battery_SMD_6.md","1107","91_rejected_low_value","91_rejected_low_value","False","True","True","10","0","junk","removed_embedded_data_images; collapsed_blank_lines","url_002942"
"91_rejected_low_value\url_002943--gitlab.com-kicad-libraries-kicad-footprints-tree-master-Battery-Battery_SMD_7.md","91_rejected_low_value\url_002943--gitlab.com-kicad-libraries-kicad-footprints-tree-master-Battery-Battery_SMD_7.md","1107","91_rejected_low_value","91_rejected_low_value","False","True","True","10","0","junk","removed_embedded_data_images; collapsed_blank_lines","url_002943"
"91_rejected_low_value\url_002944--gitlab.com-kicad-libraries-kicad-footprints-tree-master-Battery-Battery_SMD_8.md","91_rejected_low_value\url_002944--gitlab.com-kicad-libraries-kicad-footprints-tree-master-Battery-Battery_SMD_8.md","1107","91_rejected_low_value","91_rejected_low_value","False","True","True","10","0","junk","removed_embedded_data_images; collapsed_blank_lines","url_002944"
"91_rejected_low_value\url_002945--gitlab.com-kicad-libraries-kicad-footprints-tree-master-Battery-Battery_SMD_9.md","91_rejected_low_value\url_002945--gitlab.com-kicad-libraries-kicad-footprints-tree-master-Battery-Battery_SMD_9.md","1107","91_rejected_low_value","91_rejected_low_value","False","True","True","10","0","junk","removed_embedded_data_images; collapsed_blank_lines","url_002945"
"91_rejected_low_value\url_002946--gitlab.com-kicad-libraries-kicad-footprints-tree-master-Capacitor-Capacitor_SMD_1.md","91_rejected_low_value\url_002946--gitlab.com-kicad-libraries-kicad-footprints-tree-master-Capacitor-Capacitor_SMD_1.md","1127","91_rejected_low_value","91_rejected_low_value","False","True","True","10","0","junk","removed_embedded_data_images; collapsed_blank_lines","url_002946"
"91_rejected_low_value\url_002947--gitlab.com-kicad-libraries-kicad-footprints-tree-master-Capacitor-Capacitor_SMD_10.md","91_rejected_low_value\url_002947--gitlab.com-kicad-libraries-kicad-footprints-tree-master-Capacitor-Capacitor_SMD_10.md","1132","91_rejected_low_value","91_rejected_low_value","False","True","True","10","0","junk","removed_embedded_data_images; collapsed_blank_lines","url_002947"
"91_rejected_low_value\url_002948--gitlab.com-kicad-libraries-kicad-footprints-tree-master-Capacitor-Capacitor_SMD_11.md","91_rejected_low_value\url_002948--gitlab.com-kicad-libraries-kicad-footprints-tree-master-Capacitor-Capacitor_SMD_11.md","1132","91_rejected_low_value","91_rejected_low_value","False","True","True","10","0","junk","removed_embedded_data_images; collapsed_blank_lines","url_002948"
"91_rejected_low_value\url_002949--gitlab.com-kicad-libraries-kicad-footprints-tree-master-Capacitor-Capacitor_SMD_12.md","91_rejected_low_value\url_002949--gitlab.com-kicad-libraries-kicad-footprints-tree-master-Capacitor-Capacitor_SMD_12.md","1132","91_rejected_low_value","91_rejected_low_value","False","True","True","10","0","junk","removed_embedded_data_images; collapsed_blank_lines","url_002949"
"91_rejected_low_value\url_002950--gitlab.com-kicad-libraries-kicad-footprints-tree-master-Capacitor-Capacitor_SMD_2.md","91_rejected_low_value\url_002950--gitlab.com-kicad-libraries-kicad-footprints-tree-master-Capacitor-Capacitor_SMD_2.md","1127","91_rejected_low_value","91_rejected_low_value","False","True","True","10","0","junk","removed_embedded_data_images; collapsed_blank_lines","url_002950"
"91_rejected_low_value\url_002951--gitlab.com-kicad-libraries-kicad-footprints-tree-master-Capacitor-Capacitor_SMD_3.md","91_rejected_low_value\url_002951--gitlab.com-kicad-libraries-kicad-footprints-tree-master-Capacitor-Capacitor_SMD_3.md","1127","91_rejected_low_value","91_rejected_low_value","False","True","True","10","0","junk","removed_embedded_data_images; collapsed_blank_lines","url_002951"
"91_rejected_low_value\url_002952--gitlab.com-kicad-libraries-kicad-footprints-tree-master-Capacitor-Capacitor_SMD_4.md","91_rejected_low_value\url_002952--gitlab.com-kicad-libraries-kicad-footprints-tree-master-Capacitor-Capacitor_SMD_4.md","1127","91_rejected_low_value","91_rejected_low_value","False","True","True","10","0","junk","removed_embedded_data_images; collapsed_blank_lines","url_002952"
"91_rejected_low_value\url_002953--gitlab.com-kicad-libraries-kicad-footprints-tree-master-Capacitor-Capacitor_SMD_5.md","91_rejected_low_value\url_002953--gitlab.com-kicad-libraries-kicad-footprints-tree-master-Capacitor-Capacitor_SMD_5.md","1127","91_rejected_low_value","91_rejected_low_value","False","True","True","10","0","junk","removed_embedded_data_images; collapsed_blank_lines","url_002953"
"91_rejected_low_value\url_002954--gitlab.com-kicad-libraries-kicad-footprints-tree-master-Capacitor-Capacitor_SMD_6.md","91_rejected_low_value\url_002954--gitlab.com-kicad-libraries-kicad-footprints-tree-master-Capacitor-Capacitor_SMD_6.md","1127","91_rejected_low_value","91_rejected_low_value","False","True","True","10","0","junk","removed_embedded_data_images; collapsed_blank_lines","url_002954"
"91_rejected_low_value\url_002955--gitlab.com-kicad-libraries-kicad-footprints-tree-master-Capacitor-Capacitor_SMD_7.md","91_rejected_low_value\url_002955--gitlab.com-kicad-libraries-kicad-footprints-tree-master-Capacitor-Capacitor_SMD_7.md","1127","91_rejected_low_value","91_rejected_low_value","False","True","True","10","0","junk","removed_embedded_data_images; collapsed_blank_lines","url_002955"
"91_rejected_low_value\url_002956--gitlab.com-kicad-libraries-kicad-footprints-tree-master-Capacitor-Capacitor_SMD_8.md","91_rejected_low_value\url_002956--gitlab.com-kicad-libraries-kicad-footprints-tree-master-Capacitor-Capacitor_SMD_8.md","1127","91_rejected_low_value","91_rejected_low_value","False","True","True","10","0","junk","removed_embedded_data_images; collapsed_blank_lines","url_002956"
"91_rejected_low_value\url_002957--gitlab.com-kicad-libraries-kicad-footprints-tree-master-Capacitor-Capacitor_SMD_9.md","91_rejected_low_value\url_002957--gitlab.com-kicad-libraries-kicad-footprints-tree-master-Capacitor-Capacitor_SMD_9.md","1127","91_rejected_low_value","91_rejected_low_value","False","True","True","10","0","junk","removed_embedded_data_images; collapsed_blank_lines","url_002957"
"91_rejected_low_value\url_002958--gitlab.com-kicad-libraries-kicad-footprints-tree-master-Connector-Connector_01x01.md","91_rejected_low_value\url_002958--gitlab.com-kicad-libraries-kicad-footprints-tree-master-Connector-Connector_01x01.md","1127","91_rejected_low_value","91_rejected_low_value","False","True","True","9","0","junk","removed_embedded_data_images; collapsed_blank_lines","url_002958"
"91_rejected_low_value\url_002959--gitlab.com-kicad-libraries-kicad-footprints-tree-master-Connector-Connector_01x02.md","91_rejected_low_value\url_002959--gitlab.com-kicad-libraries-kicad-footprints-tree-master-Connector-Connector_01x02.md","1127","91_rejected_low_value","91_rejected_low_value","False","True","True","9","0","junk","removed_embedded_data_images; collapsed_blank_lines","url_002959"
"91_rejected_low_value\url_002960--gitlab.com-kicad-libraries-kicad-footprints-tree-master-Connector-Connector_01x03.md","91_rejected_low_value\url_002960--gitlab.com-kicad-libraries-kicad-footprints-tree-master-Connector-Connector_01x03.md","1127","91_rejected_low_value","91_rejected_low_value","False","True","True","9","0","junk","removed_embedded_data_images; collapsed_blank_lines","url_002960"
"91_rejected_low_value\url_002961--gitlab.com-kicad-libraries-kicad-footprints-tree-master-Connector-Connector_01x04.md","91_rejected_low_value\url_002961--gitlab.com-kicad-libraries-kicad-footprints-tree-master-Connector-Connector_01x04.md","1127","91_rejected_low_value","91_rejected_low_value","False","True","True","9","0","junk","removed_embedded_data_images; collapsed_blank_lines","url_002961"
"91_rejected_low_value\url_002962--gitlab.com-kicad-libraries-kicad-footprints-tree-master-Connector-Connector_01x05.md","91_rejected_low_value\url_002962--gitlab.com-kicad-libraries-kicad-footprints-tree-master-Connector-Connector_01x05.md","1127","91_rejected_low_value","91_rejected_low_value","False","True","True","9","0","junk","removed_embedded_data_images; collapsed_blank_lines","url_002962"
"91_rejected_low_value\url_002963--gitlab.com-kicad-libraries-kicad-footprints-tree-master-Connector-Connector_01x06.md","91_rejected_low_value\url_002963--gitlab.com-kicad-libraries-kicad-footprints-tree-master-Connector-Connector_01x06.md","1127","91_rejected_low_value","91_rejected_low_value","False","True","True","9","0","junk","removed_embedded_data_images; collapsed_blank_lines","url_002963"
"91_rejected_low_value\url_002964--gitlab.com-kicad-libraries-kicad-footprints-tree-master-Connector-Connector_01x07.md","91_rejected_low_value\url_002964--gitlab.com-kicad-libraries-kicad-footprints-tree-master-Connector-Connector_01x07.md","1127","91_rejected_low_value","91_rejected_low_value","False","True","True","9","0","junk","removed_embedded_data_images; collapsed_blank_lines","url_002964"
"91_rejected_low_value\url_002965--gitlab.com-kicad-libraries-kicad-footprints-tree-master-Connector-Connector_01x08.md","91_rejected_low_value\url_002965--gitlab.com-kicad-libraries-kicad-footprints-tree-master-Connector-Connector_01x08.md","1127","91_rejected_low_value","91_rejected_low_value","False","True","True","9","0","junk","removed_embedded_data_images; collapsed_blank_lines","url_002965"
"91_rejected_low_value\url_002966--gitlab.com-kicad-libraries-kicad-footprints-tree-master-Connector-Connector_01x09.md","91_rejected_low_value\url_002966--gitlab.com-kicad-libraries-kicad-footprints-tree-master-Connector-Connector_01x09.md","1127","91_rejected_low_value","91_rejected_low_value","False","True","True","9","0","junk","removed_embedded_data_images; collapsed_blank_lines","url_002966"
"91_rejected_low_value\url_002967--gitlab.com-kicad-libraries-kicad-footprints-tree-master-Connector-Connector_01x10.md","91_rejected_low_value\url_002967--gitlab.com-kicad-libraries-kicad-footprints-tree-master-Connector-Connector_01x10.md","1127","91_rejected_low_value","91_rejected_low_value","False","True","True","9","0","junk","removed_embedded_data_images; collapsed_blank_lines","url_002967"
"91_rejected_low_value\url_002968--gitlab.com-kicad-libraries-kicad-footprints-tree-master-Connector-Connector_01x100.md","91_rejected_low_value\url_002968--gitlab.com-kicad-libraries-kicad-footprints-tree-master-Connector-Connector_01x100.md","1132","91_rejected_low_value","91_rejected_low_value","False","True","True","9","0","junk","removed_embedded_data_images; collapsed_blank_lines","url_002968"
"91_rejected_low_value\url_002969--gitlab.com-kicad-libraries-kicad-footprints-tree-master-Connector-Connector_01x11.md","91_rejected_low_value\url_002969--gitlab.com-kicad-libraries-kicad-footprints-tree-master-Connector-Connector_01x11.md","1127","91_rejected_low_value","91_rejected_low_value","False","True","True","9","0","junk","removed_embedded_data_images; collapsed_blank_lines","url_002969"
"91_rejected_low_value\url_002970--gitlab.com-kicad-libraries-kicad-footprints-tree-master-Connector-Connector_01x12.md","91_rejected_low_value\url_002970--gitlab.com-kicad-libraries-kicad-footprints-tree-master-Connector-Connector_01x12.md","1127","91_rejected_low_value","91_rejected_low_value","False","True","True","9","0","junk","removed_embedded_data_images; collapsed_blank_lines","url_002970"
"91_rejected_low_value\url_002971--gitlab.com-kicad-libraries-kicad-footprints-tree-master-Connector-Connector_01x13.md","91_rejected_low_value\url_002971--gitlab.com-kicad-libraries-kicad-footprints-tree-master-Connector-Connector_01x13.md","1127","91_rejected_low_value","91_rejected_low_value","False","True","True","9","0","junk","removed_embedded_data_images; collapsed_blank_lines","url_002971"
"91_rejected_low_value\url_002972--gitlab.com-kicad-libraries-kicad-footprints-tree-master-Connector-Connector_01x14.md","91_rejected_low_value\url_002972--gitlab.com-kicad-libraries-kicad-footprints-tree-master-Connector-Connector_01x14.md","1127","91_rejected_low_value","91_rejected_low_value","False","True","True","9","0","junk","removed_embedded_data_images; collapsed_blank_lines","url_002972"
"91_rejected_low_value\url_002973--gitlab.com-kicad-libraries-kicad-footprints-tree-master-Connector-Connector_01x15.md","91_rejected_low_value\url_002973--gitlab.com-kicad-libraries-kicad-footprints-tree-master-Connector-Connector_01x15.md","1127","91_rejected_low_value","91_rejected_low_value","False","True","True","9","0","junk","removed_embedded_data_images; collapsed_blank_lines","url_002973"
"91_rejected_low_value\url_002974--gitlab.com-kicad-libraries-kicad-footprints-tree-master-Connector-Connector_01x16.md","91_rejected_low_value\url_002974--gitlab.com-kicad-libraries-kicad-footprints-tree-master-Connector-Connector_01x16.md","1127","91_rejected_low_value","91_rejected_low_value","False","True","True","9","0","junk","removed_embedded_data_images; collapsed_blank_lines","url_002974"
"91_rejected_low_value\url_002975--gitlab.com-kicad-libraries-kicad-footprints-tree-master-Connector-Connector_01x17.md","91_rejected_low_value\url_002975--gitlab.com-kicad-libraries-kicad-footprints-tree-master-Connector-Connector_01x17.md","1127","91_rejected_low_value","91_rejected_low_value","False","True","True","9","0","junk","removed_embedded_data_images; collapsed_blank_lines","url_002975"
"91_rejected_low_value\url_002976--gitlab.com-kicad-libraries-kicad-footprints-tree-master-Connector-Connector_01x18.md","91_rejected_low_value\url_002976--gitlab.com-kicad-libraries-kicad-footprints-tree-master-Connector-Connector_01x18.md","1127","91_rejected_low_value","91_rejected_low_value","False","True","True","9","0","junk","removed_embedded_data_images; collapsed_blank_lines","url_002976"
"91_rejected_low_value\url_002977--gitlab.com-kicad-libraries-kicad-footprints-tree-master-Connector-Connector_01x19.md","91_rejected_low_value\url_002977--gitlab.com-kicad-libraries-kicad-footprints-tree-master-Connector-Connector_01x19.md","1127","91_rejected_low_value","91_rejected_low_value","False","True","True","9","0","junk","removed_embedded_data_images; collapsed_blank_lines","url_002977"
"91_rejected_low_value\url_002978--gitlab.com-kicad-libraries-kicad-footprints-tree-master-Connector-Connector_01x20.md","91_rejected_low_value\url_002978--gitlab.com-kicad-libraries-kicad-footprints-tree-master-Connector-Connector_01x20.md","1127","91_rejected_low_value","91_rejected_low_value","False","True","True","9","0","junk","removed_embedded_data_images; collapsed_blank_lines","url_002978"
"91_rejected_low_value\url_002979--gitlab.com-kicad-libraries-kicad-footprints-tree-master-Connector-Connector_01x21.md","91_rejected_low_value\url_002979--gitlab.com-kicad-libraries-kicad-footprints-tree-master-Connector-Connector_01x21.md","1127","91_rejected_low_value","91_rejected_low_value","False","True","True","9","0","junk","removed_embedded_data_images; collapsed_blank_lines","url_002979"
"91_rejected_low_value\url_002980--gitlab.com-kicad-libraries-kicad-footprints-tree-master-Connector-Connector_01x22.md","91_rejected_low_value\url_002980--gitlab.com-kicad-libraries-kicad-footprints-tree-master-Connector-Connector_01x22.md","1127","91_rejected_low_value","91_rejected_low_value","False","True","True","9","0","junk","removed_embedded_data_images; collapsed_blank_lines","url_002980"
"91_rejected_low_value\url_002981--gitlab.com-kicad-libraries-kicad-footprints-tree-master-Connector-Connector_01x23.md","91_rejected_low_value\url_002981--gitlab.com-kicad-libraries-kicad-footprints-tree-master-Connector-Connector_01x23.md","1127","91_rejected_low_value","91_rejected_low_value","False","True","True","9","0","junk","removed_embedded_data_images; collapsed_blank_lines","url_002981"
"91_rejected_low_value\url_002982--gitlab.com-kicad-libraries-kicad-footprints-tree-master-Connector-Connector_01x24.md","91_rejected_low_value\url_002982--gitlab.com-kicad-libraries-kicad-footprints-tree-master-Connector-Connector_01x24.md","1127","91_rejected_low_value","91_rejected_low_value","False","True","True","9","0","junk","removed_embedded_data_images; collapsed_blank_lines","url_002982"
"91_rejected_low_value\url_002983--gitlab.com-kicad-libraries-kicad-footprints-tree-master-Connector-Connector_01x25.md","91_rejected_low_value\url_002983--gitlab.com-kicad-libraries-kicad-footprints-tree-master-Connector-Connector_01x25.md","1127","91_rejected_low_value","91_rejected_low_value","False","True","True","9","0","junk","removed_embedded_data_images; collapsed_blank_lines","url_002983"
"91_rejected_low_value\url_002984--gitlab.com-kicad-libraries-kicad-footprints-tree-master-Connector-Connector_01x26.md","91_rejected_low_value\url_002984--gitlab.com-kicad-libraries-kicad-footprints-tree-master-Connector-Connector_01x26.md","1127","91_rejected_low_value","91_rejected_low_value","False","True","True","9","0","junk","removed_embedded_data_images; collapsed_blank_lines","url_002984"
"91_rejected_low_value\url_002985--gitlab.com-kicad-libraries-kicad-footprints-tree-master-Connector-Connector_01x27.md","91_rejected_low_value\url_002985--gitlab.com-kicad-libraries-kicad-footprints-tree-master-Connector-Connector_01x27.md","1127","91_rejected_low_value","91_rejected_low_value","False","True","True","9","0","junk","removed_embedded_data_images; collapsed_blank_lines","url_002985"
"91_rejected_low_value\url_002986--gitlab.com-kicad-libraries-kicad-footprints-tree-master-Connector-Connector_01x28.md","91_rejected_low_value\url_002986--gitlab.com-kicad-libraries-kicad-footprints-tree-master-Connector-Connector_01x28.md","1127","91_rejected_low_value","91_rejected_low_value","False","True","True","9","0","junk","removed_embedded_data_images; collapsed_blank_lines","url_002986"
"91_rejected_low_value\url_002987--gitlab.com-kicad-libraries-kicad-footprints-tree-master-Connector-Connector_01x29.md","91_rejected_low_value\url_002987--gitlab.com-kicad-libraries-kicad-footprints-tree-master-Connector-Connector_01x29.md","1127","91_rejected_low_value","91_rejected_low_value","False","True","True","9","0","junk","removed_embedded_data_images; collapsed_blank_lines","url_002987"
"91_rejected_low_value\url_002988--gitlab.com-kicad-libraries-kicad-footprints-tree-master-Connector-Connector_01x30.md","91_rejected_low_value\url_002988--gitlab.com-kicad-libraries-kicad-footprints-tree-master-Connector-Connector_01x30.md","1127","91_rejected_low_value","91_rejected_low_value","False","True","True","9","0","junk","removed_embedded_data_images; collapsed_blank_lines","url_002988"
"91_rejected_low_value\url_002989--gitlab.com-kicad-libraries-kicad-footprints-tree-master-Connector-Connector_01x31.md","91_rejected_low_value\url_002989--gitlab.com-kicad-libraries-kicad-footprints-tree-master-Connector-Connector_01x31.md","1127","91_rejected_low_value","91_rejected_low_value","False","True","True","9","0","junk","removed_embedded_data_images; collapsed_blank_lines","url_002989"
"91_rejected_low_value\url_002990--gitlab.com-kicad-libraries-kicad-footprints-tree-master-Connector-Connector_01x32.md","91_rejected_low_value\url_002990--gitlab.com-kicad-libraries-kicad-footprints-tree-master-Connector-Connector_01x32.md","1127","91_rejected_low_value","91_rejected_low_value","False","True","True","9","0","junk","removed_embedded_data_images; collapsed_blank_lines","url_002990"
"91_rejected_low_value\url_002991--gitlab.com-kicad-libraries-kicad-footprints-tree-master-Connector-Connector_01x33.md","91_rejected_low_value\url_002991--gitlab.com-kicad-libraries-kicad-footprints-tree-master-Connector-Connector_01x33.md","1127","91_rejected_low_value","91_rejected_low_value","False","True","True","9","0","junk","removed_embedded_data_images; collapsed_blank_lines","url_002991"
"91_rejected_low_value\url_002992--gitlab.com-kicad-libraries-kicad-footprints-tree-master-Connector-Connector_01x34.md","91_rejected_low_value\url_002992--gitlab.com-kicad-libraries-kicad-footprints-tree-master-Connector-Connector_01x34.md","1127","91_rejected_low_value","91_rejected_low_value","False","True","True","9","0","junk","removed_embedded_data_images; collapsed_blank_lines","url_002992"
"91_rejected_low_value\url_002993--gitlab.com-kicad-libraries-kicad-footprints-tree-master-Connector-Connector_01x35.md","91_rejected_low_value\url_002993--gitlab.com-kicad-libraries-kicad-footprints-tree-master-Connector-Connector_01x35.md","1127","91_rejected_low_value","91_rejected_low_value","False","True","True","9","0","junk","removed_embedded_data_images; collapsed_blank_lines","url_002993"
"91_rejected_low_value\url_002994--gitlab.com-kicad-libraries-kicad-footprints-tree-master-Connector-Connector_01x36.md","91_rejected_low_value\url_002994--gitlab.com-kicad-libraries-kicad-footprints-tree-master-Connector-Connector_01x36.md","1127","91_rejected_low_value","91_rejected_low_value","False","True","True","9","0","junk","removed_embedded_data_images; collapsed_blank_lines","url_002994"
"91_rejected_low_value\url_002995--gitlab.com-kicad-libraries-kicad-footprints-tree-master-Connector-Connector_01x37.md","91_rejected_low_value\url_002995--gitlab.com-kicad-libraries-kicad-footprints-tree-master-Connector-Connector_01x37.md","1127","91_rejected_low_value","91_rejected_low_value","False","True","True","9","0","junk","removed_embedded_data_images; collapsed_blank_lines","url_002995"
"91_rejected_low_value\url_002996--gitlab.com-kicad-libraries-kicad-footprints-tree-master-Connector-Connector_01x38.md","91_rejected_low_value\url_002996--gitlab.com-kicad-libraries-kicad-footprints-tree-master-Connector-Connector_01x38.md","1127","91_rejected_low_value","91_rejected_low_value","False","True","True","9","0","junk","removed_embedded_data_images; collapsed_blank_lines","url_002996"
"91_rejected_low_value\url_002997--gitlab.com-kicad-libraries-kicad-footprints-tree-master-Connector-Connector_01x39.md","91_rejected_low_value\url_002997--gitlab.com-kicad-libraries-kicad-footprints-tree-master-Connector-Connector_01x39.md","1127","91_rejected_low_value","91_rejected_low_value","False","True","True","9","0","junk","removed_embedded_data_images; collapsed_blank_lines","url_002997"
"91_rejected_low_value\url_002998--gitlab.com-kicad-libraries-kicad-footprints-tree-master-Connector-Connector_01x40.md","91_rejected_low_value\url_002998--gitlab.com-kicad-libraries-kicad-footprints-tree-master-Connector-Connector_01x40.md","1127","91_rejected_low_value","91_rejected_low_value","False","True","True","9","0","junk","removed_embedded_data_images; collapsed_blank_lines","url_002998"
"91_rejected_low_value\url_002999--gitlab.com-kicad-libraries-kicad-footprints-tree-master-Connector-Connector_01x41.md","91_rejected_low_value\url_002999--gitlab.com-kicad-libraries-kicad-footprints-tree-master-Connector-Connector_01x41.md","1127","91_rejected_low_value","91_rejected_low_value","False","True","True","9","0","junk","removed_embedded_data_images; collapsed_blank_lines","url_002999"
"91_rejected_low_value\url_003000--gitlab.com-kicad-libraries-kicad-footprints-tree-master-Connector-Connector_01x42.md","91_rejected_low_value\url_003000--gitlab.com-kicad-libraries-kicad-footprints-tree-master-Connector-Connector_01x42.md","1127","91_rejected_low_value","91_rejected_low_value","False","True","True","9","0","junk","removed_embedded_data_images; collapsed_blank_lines","url_003000"
"91_rejected_low_value\url_003001--gitlab.com-kicad-libraries-kicad-footprints-tree-master-Connector-Connector_01x43.md","91_rejected_low_value\url_003001--gitlab.com-kicad-libraries-kicad-footprints-tree-master-Connector-Connector_01x43.md","1127","91_rejected_low_value","91_rejected_low_value","False","True","True","9","0","junk","removed_embedded_data_images; collapsed_blank_lines","url_003001"
"91_rejected_low_value\url_003002--gitlab.com-kicad-libraries-kicad-footprints-tree-master-Connector-Connector_01x44.md","91_rejected_low_value\url_003002--gitlab.com-kicad-libraries-kicad-footprints-tree-master-Connector-Connector_01x44.md","1127","91_rejected_low_value","91_rejected_low_value","False","True","True","9","0","junk","removed_embedded_data_images; collapsed_blank_lines","url_003002"
"91_rejected_low_value\url_003003--gitlab.com-kicad-libraries-kicad-footprints-tree-master-Connector-Connector_01x45.md","91_rejected_low_value\url_003003--gitlab.com-kicad-libraries-kicad-footprints-tree-master-Connector-Connector_01x45.md","1127","91_rejected_low_value","91_rejected_low_value","False","True","True","9","0","junk","removed_embedded_data_images; collapsed_blank_lines","url_003003"
"91_rejected_low_value\url_003004--gitlab.com-kicad-libraries-kicad-footprints-tree-master-Connector-Connector_01x46.md","91_rejected_low_value\url_003004--gitlab.com-kicad-libraries-kicad-footprints-tree-master-Connector-Connector_01x46.md","1127","91_rejected_low_value","91_rejected_low_value","False","True","True","9","0","junk","removed_embedded_data_images; collapsed_blank_lines","url_003004"
"91_rejected_low_value\url_003005--gitlab.com-kicad-libraries-kicad-footprints-tree-master-Connector-Connector_01x47.md","91_rejected_low_value\url_003005--gitlab.com-kicad-libraries-kicad-footprints-tree-master-Connector-Connector_01x47.md","1127","91_rejected_low_value","91_rejected_low_value","False","True","True","9","0","junk","removed_embedded_data_images; collapsed_blank_lines","url_003005"
"91_rejected_low_value\url_003006--gitlab.com-kicad-libraries-kicad-footprints-tree-master-Connector-Connector_01x48.md","91_rejected_low_value\url_003006--gitlab.com-kicad-libraries-kicad-footprints-tree-master-Connector-Connector_01x48.md","1127","91_rejected_low_value","91_rejected_low_value","False","True","True","9","0","junk","removed_embedded_data_images; collapsed_blank_lines","url_003006"
"91_rejected_low_value\url_003007--gitlab.com-kicad-libraries-kicad-footprints-tree-master-Connector-Connector_01x49.md","91_rejected_low_value\url_003007--gitlab.com-kicad-libraries-kicad-footprints-tree-master-Connector-Connector_01x49.md","1127","91_rejected_low_value","91_rejected_low_value","False","True","True","9","0","junk","removed_embedded_data_images; collapsed_blank_lines","url_003007"
"91_rejected_low_value\url_003008--gitlab.com-kicad-libraries-kicad-footprints-tree-master-Connector-Connector_01x50.md","91_rejected_low_value\url_003008--gitlab.com-kicad-libraries-kicad-footprints-tree-master-Connector-Connector_01x50.md","1127","91_rejected_low_value","91_rejected_low_value","False","True","True","9","0","junk","removed_embedded_data_images; collapsed_blank_lines","url_003008"
"91_rejected_low_value\url_003009--gitlab.com-kicad-libraries-kicad-footprints-tree-master-Connector-Connector_01x51.md","91_rejected_low_value\url_003009--gitlab.com-kicad-libraries-kicad-footprints-tree-master-Connector-Connector_01x51.md","1127","91_rejected_low_value","91_rejected_low_value","False","True","True","9","0","junk","removed_embedded_data_images; collapsed_blank_lines","url_003009"
"91_rejected_low_value\url_003010--gitlab.com-kicad-libraries-kicad-footprints-tree-master-Connector-Connector_01x52.md","91_rejected_low_value\url_003010--gitlab.com-kicad-libraries-kicad-footprints-tree-master-Connector-Connector_01x52.md","1127","91_rejected_low_value","91_rejected_low_value","False","True","True","9","0","junk","removed_embedded_data_images; collapsed_blank_lines","url_003010"
"91_rejected_low_value\url_003011--gitlab.com-kicad-libraries-kicad-footprints-tree-master-Connector-Connector_01x53.md","91_rejected_low_value\url_003011--gitlab.com-kicad-libraries-kicad-footprints-tree-master-Connector-Connector_01x53.md","1127","91_rejected_low_value","91_rejected_low_value","False","True","True","9","0","junk","removed_embedded_data_images; collapsed_blank_lines","url_003011"
"91_rejected_low_value\url_003012--gitlab.com-kicad-libraries-kicad-footprints-tree-master-Connector-Connector_01x54.md","91_rejected_low_value\url_003012--gitlab.com-kicad-libraries-kicad-footprints-tree-master-Connector-Connector_01x54.md","1127","91_rejected_low_value","91_rejected_low_value","False","True","True","9","0","junk","removed_embedded_data_images; collapsed_blank_lines","url_003012"
"91_rejected_low_value\url_003013--gitlab.com-kicad-libraries-kicad-footprints-tree-master-Connector-Connector_01x55.md","91_rejected_low_value\url_003013--gitlab.com-kicad-libraries-kicad-footprints-tree-master-Connector-Connector_01x55.md","1127","91_rejected_low_value","91_rejected_low_value","False","True","True","9","0","junk","removed_embedded_data_images; collapsed_blank_lines","url_003013"
"91_rejected_low_value\url_003014--gitlab.com-kicad-libraries-kicad-footprints-tree-master-Connector-Connector_01x56.md","91_rejected_low_value\url_003014--gitlab.com-kicad-libraries-kicad-footprints-tree-master-Connector-Connector_01x56.md","1127","91_rejected_low_value","91_rejected_low_value","False","True","True","9","0","junk","removed_embedded_data_images; collapsed_blank_lines","url_003014"
"91_rejected_low_value\url_003015--gitlab.com-kicad-libraries-kicad-footprints-tree-master-Connector-Connector_01x57.md","91_rejected_low_value\url_003015--gitlab.com-kicad-libraries-kicad-footprints-tree-master-Connector-Connector_01x57.md","1127","91_rejected_low_value","91_rejected_low_value","False","True","True","9","0","junk","removed_embedded_data_images; collapsed_blank_lines","url_003015"
"91_rejected_low_value\url_003016--gitlab.com-kicad-libraries-kicad-footprints-tree-master-Connector-Connector_01x58.md","91_rejected_low_value\url_003016--gitlab.com-kicad-libraries-kicad-footprints-tree-master-Connector-Connector_01x58.md","1127","91_rejected_low_value","91_rejected_low_value","False","True","True","9","0","junk","removed_embedded_data_images; collapsed_blank_lines","url_003016"
"91_rejected_low_value\url_003017--gitlab.com-kicad-libraries-kicad-footprints-tree-master-Connector-Connector_01x59.md","91_rejected_low_value\url_003017--gitlab.com-kicad-libraries-kicad-footprints-tree-master-Connector-Connector_01x59.md","1127","91_rejected_low_value","91_rejected_low_value","False","True","True","9","0","junk","removed_embedded_data_images; collapsed_blank_lines","url_003017"
"91_rejected_low_value\url_003018--gitlab.com-kicad-libraries-kicad-footprints-tree-master-Connector-Connector_01x60.md","91_rejected_low_value\url_003018--gitlab.com-kicad-libraries-kicad-footprints-tree-master-Connector-Connector_01x60.md","1127","91_rejected_low_value","91_rejected_low_value","False","True","True","9","0","junk","removed_embedded_data_images; collapsed_blank_lines","url_003018"
"91_rejected_low_value\url_003019--gitlab.com-kicad-libraries-kicad-footprints-tree-master-Connector-Connector_01x61.md","91_rejected_low_value\url_003019--gitlab.com-kicad-libraries-kicad-footprints-tree-master-Connector-Connector_01x61.md","1127","91_rejected_low_value","91_rejected_low_value","False","True","True","9","0","junk","removed_embedded_data_images; collapsed_blank_lines","url_003019"
"91_rejected_low_value\url_003020--gitlab.com-kicad-libraries-kicad-footprints-tree-master-Connector-Connector_01x62.md","91_rejected_low_value\url_003020--gitlab.com-kicad-libraries-kicad-footprints-tree-master-Connector-Connector_01x62.md","1127","91_rejected_low_value","91_rejected_low_value","False","True","True","9","0","junk","removed_embedded_data_images; collapsed_blank_lines","url_003020"
"91_rejected_low_value\url_003021--gitlab.com-kicad-libraries-kicad-footprints-tree-master-Connector-Connector_01x63.md","91_rejected_low_value\url_003021--gitlab.com-kicad-libraries-kicad-footprints-tree-master-Connector-Connector_01x63.md","1127","91_rejected_low_value","91_rejected_low_value","False","True","True","9","0","junk","removed_embedded_data_images; collapsed_blank_lines","url_003021"
"91_rejected_low_value\url_003022--gitlab.com-kicad-libraries-kicad-footprints-tree-master-Connector-Connector_01x64.md","91_rejected_low_value\url_003022--gitlab.com-kicad-libraries-kicad-footprints-tree-master-Connector-Connector_01x64.md","1127","91_rejected_low_value","91_rejected_low_value","False","True","True","9","0","junk","removed_embedded_data_images; collapsed_blank_lines","url_003022"
"91_rejected_low_value\url_003023--gitlab.com-kicad-libraries-kicad-footprints-tree-master-Connector-Connector_01x65.md","91_rejected_low_value\url_003023--gitlab.com-kicad-libraries-kicad-footprints-tree-master-Connector-Connector_01x65.md","1127","91_rejected_low_value","91_rejected_low_value","False","True","True","9","0","junk","removed_embedded_data_images; collapsed_blank_lines","url_003023"
"91_rejected_low_value\url_003024--gitlab.com-kicad-libraries-kicad-footprints-tree-master-Connector-Connector_01x66.md","91_rejected_low_value\url_003024--gitlab.com-kicad-libraries-kicad-footprints-tree-master-Connector-Connector_01x66.md","1127","91_rejected_low_value","91_rejected_low_value","False","True","True","9","0","junk","removed_embedded_data_images; collapsed_blank_lines","url_003024"
"91_rejected_low_value\url_003025--gitlab.com-kicad-libraries-kicad-footprints-tree-master-Connector-Connector_01x67.md","91_rejected_low_value\url_003025--gitlab.com-kicad-libraries-kicad-footprints-tree-master-Connector-Connector_01x67.md","1127","91_rejected_low_value","91_rejected_low_value","False","True","True","9","0","junk","removed_embedded_data_images; collapsed_blank_lines","url_003025"
"91_rejected_low_value\url_003026--gitlab.com-kicad-libraries-kicad-footprints-tree-master-Connector-Connector_01x68.md","91_rejected_low_value\url_003026--gitlab.com-kicad-libraries-kicad-footprints-tree-master-Connector-Connector_01x68.md","1127","91_rejected_low_value","91_rejected_low_value","False","True","True","9","0","junk","removed_embedded_data_images; collapsed_blank_lines","url_003026"
"91_rejected_low_value\url_003027--gitlab.com-kicad-libraries-kicad-footprints-tree-master-Connector-Connector_01x69.md","91_rejected_low_value\url_003027--gitlab.com-kicad-libraries-kicad-footprints-tree-master-Connector-Connector_01x69.md","1127","91_rejected_low_value","91_rejected_low_value","False","True","True","9","0","junk","removed_embedded_data_images; collapsed_blank_lines","url_003027"
"91_rejected_low_value\url_003028--gitlab.com-kicad-libraries-kicad-footprints-tree-master-Connector-Connector_01x70.md","91_rejected_low_value\url_003028--gitlab.com-kicad-libraries-kicad-footprints-tree-master-Connector-Connector_01x70.md","1127","91_rejected_low_value","91_rejected_low_value","False","True","True","9","0","junk","removed_embedded_data_images; collapsed_blank_lines","url_003028"
"91_rejected_low_value\url_003029--gitlab.com-kicad-libraries-kicad-footprints-tree-master-Connector-Connector_01x71.md","91_rejected_low_value\url_003029--gitlab.com-kicad-libraries-kicad-footprints-tree-master-Connector-Connector_01x71.md","1127","91_rejected_low_value","91_rejected_low_value","False","True","True","9","0","junk","removed_embedded_data_images; collapsed_blank_lines","url_003029"
"91_rejected_low_value\url_003030--gitlab.com-kicad-libraries-kicad-footprints-tree-master-Connector-Connector_01x72.md","91_rejected_low_value\url_003030--gitlab.com-kicad-libraries-kicad-footprints-tree-master-Connector-Connector_01x72.md","1127","91_rejected_low_value","91_rejected_low_value","False","True","True","9","0","junk","removed_embedded_data_images; collapsed_blank_lines","url_003030"
"91_rejected_low_value\url_003031--gitlab.com-kicad-libraries-kicad-footprints-tree-master-Connector-Connector_01x73.md","91_rejected_low_value\url_003031--gitlab.com-kicad-libraries-kicad-footprints-tree-master-Connector-Connector_01x73.md","1127","91_rejected_low_value","91_rejected_low_value","False","True","True","9","0","junk","removed_embedded_data_images; collapsed_blank_lines","url_003031"
"91_rejected_low_value\url_003032--gitlab.com-kicad-libraries-kicad-footprints-tree-master-Connector-Connector_01x74.md","91_rejected_low_value\url_003032--gitlab.com-kicad-libraries-kicad-footprints-tree-master-Connector-Connector_01x74.md","1127","91_rejected_low_value","91_rejected_low_value","False","True","True","9","0","junk","removed_embedded_data_images; collapsed_blank_lines","url_003032"
"91_rejected_low_value\url_003033--gitlab.com-kicad-libraries-kicad-footprints-tree-master-Connector-Connector_01x75.md","91_rejected_low_value\url_003033--gitlab.com-kicad-libraries-kicad-footprints-tree-master-Connector-Connector_01x75.md","1127","91_rejected_low_value","91_rejected_low_value","False","True","True","9","0","junk","removed_embedded_data_images; collapsed_blank_lines","url_003033"
"91_rejected_low_value\url_003034--gitlab.com-kicad-libraries-kicad-footprints-tree-master-Connector-Connector_01x76.md","91_rejected_low_value\url_003034--gitlab.com-kicad-libraries-kicad-footprints-tree-master-Connector-Connector_01x76.md","1127","91_rejected_low_value","91_rejected_low_value","False","True","True","9","0","junk","removed_embedded_data_images; collapsed_blank_lines","url_003034"
"91_rejected_low_value\url_003035--gitlab.com-kicad-libraries-kicad-footprints-tree-master-Connector-Connector_01x77.md","91_rejected_low_value\url_003035--gitlab.com-kicad-libraries-kicad-footprints-tree-master-Connector-Connector_01x77.md","1127","91_rejected_low_value","91_rejected_low_value","False","True","True","9","0","junk","removed_embedded_data_images; collapsed_blank_lines","url_003035"
"91_rejected_low_value\url_003036--gitlab.com-kicad-libraries-kicad-footprints-tree-master-Connector-Connector_01x78.md","91_rejected_low_value\url_003036--gitlab.com-kicad-libraries-kicad-footprints-tree-master-Connector-Connector_01x78.md","1127","91_rejected_low_value","91_rejected_low_value","False","True","True","9","0","junk","removed_embedded_data_images; collapsed_blank_lines","url_003036"
"91_rejected_low_value\url_003037--gitlab.com-kicad-libraries-kicad-footprints-tree-master-Connector-Connector_01x79.md","91_rejected_low_value\url_003037--gitlab.com-kicad-libraries-kicad-footprints-tree-master-Connector-Connector_01x79.md","1127","91_rejected_low_value","91_rejected_low_value","False","True","True","9","0","junk","removed_embedded_data_images; collapsed_blank_lines","url_003037"
"91_rejected_low_value\url_003038--gitlab.com-kicad-libraries-kicad-footprints-tree-master-Connector-Connector_01x80.md","91_rejected_low_value\url_003038--gitlab.com-kicad-libraries-kicad-footprints-tree-master-Connector-Connector_01x80.md","1127","91_rejected_low_value","91_rejected_low_value","False","True","True","9","0","junk","removed_embedded_data_images; collapsed_blank_lines","url_003038"
"91_rejected_low_value\url_003039--gitlab.com-kicad-libraries-kicad-footprints-tree-master-Connector-Connector_01x81.md","91_rejected_low_value\url_003039--gitlab.com-kicad-libraries-kicad-footprints-tree-master-Connector-Connector_01x81.md","1127","91_rejected_low_value","91_rejected_low_value","False","True","True","9","0","junk","removed_embedded_data_images; collapsed_blank_lines","url_003039"
"91_rejected_low_value\url_003040--gitlab.com-kicad-libraries-kicad-footprints-tree-master-Connector-Connector_01x82.md","91_rejected_low_value\url_003040--gitlab.com-kicad-libraries-kicad-footprints-tree-master-Connector-Connector_01x82.md","1127","91_rejected_low_value","91_rejected_low_value","False","True","True","9","0","junk","removed_embedded_data_images; collapsed_blank_lines","url_003040"
"91_rejected_low_value\url_003041--gitlab.com-kicad-libraries-kicad-footprints-tree-master-Connector-Connector_01x83.md","91_rejected_low_value\url_003041--gitlab.com-kicad-libraries-kicad-footprints-tree-master-Connector-Connector_01x83.md","1127","91_rejected_low_value","91_rejected_low_value","False","True","True","9","0","junk","removed_embedded_data_images; collapsed_blank_lines","url_003041"
"91_rejected_low_value\url_003042--gitlab.com-kicad-libraries-kicad-footprints-tree-master-Connector-Connector_01x84.md","91_rejected_low_value\url_003042--gitlab.com-kicad-libraries-kicad-footprints-tree-master-Connector-Connector_01x84.md","1127","91_rejected_low_value","91_rejected_low_value","False","True","True","9","0","junk","removed_embedded_data_images; collapsed_blank_lines","url_003042"
"91_rejected_low_value\url_003043--gitlab.com-kicad-libraries-kicad-footprints-tree-master-Connector-Connector_01x85.md","91_rejected_low_value\url_003043--gitlab.com-kicad-libraries-kicad-footprints-tree-master-Connector-Connector_01x85.md","1127","91_rejected_low_value","91_rejected_low_value","False","True","True","9","0","junk","removed_embedded_data_images; collapsed_blank_lines","url_003043"
"91_rejected_low_value\url_003044--gitlab.com-kicad-libraries-kicad-footprints-tree-master-Connector-Connector_01x86.md","91_rejected_low_value\url_003044--gitlab.com-kicad-libraries-kicad-footprints-tree-master-Connector-Connector_01x86.md","1127","91_rejected_low_value","91_rejected_low_value","False","True","True","9","0","junk","removed_embedded_data_images; collapsed_blank_lines","url_003044"
"91_rejected_low_value\url_003045--gitlab.com-kicad-libraries-kicad-footprints-tree-master-Connector-Connector_01x87.md","91_rejected_low_value\url_003045--gitlab.com-kicad-libraries-kicad-footprints-tree-master-Connector-Connector_01x87.md","1127","91_rejected_low_value","91_rejected_low_value","False","True","True","9","0","junk","removed_embedded_data_images; collapsed_blank_lines","url_003045"
"91_rejected_low_value\url_003046--gitlab.com-kicad-libraries-kicad-footprints-tree-master-Connector-Connector_01x88.md","91_rejected_low_value\url_003046--gitlab.com-kicad-libraries-kicad-footprints-tree-master-Connector-Connector_01x88.md","1127","91_rejected_low_value","91_rejected_low_value","False","True","True","9","0","junk","removed_embedded_data_images; collapsed_blank_lines","url_003046"
"91_rejected_low_value\url_003047--gitlab.com-kicad-libraries-kicad-footprints-tree-master-Connector-Connector_01x89.md","91_rejected_low_value\url_003047--gitlab.com-kicad-libraries-kicad-footprints-tree-master-Connector-Connector_01x89.md","1127","91_rejected_low_value","91_rejected_low_value","False","True","True","9","0","junk","removed_embedded_data_images; collapsed_blank_lines","url_003047"
"91_rejected_low_value\url_003048--gitlab.com-kicad-libraries-kicad-footprints-tree-master-Connector-Connector_01x90.md","91_rejected_low_value\url_003048--gitlab.com-kicad-libraries-kicad-footprints-tree-master-Connector-Connector_01x90.md","1127","91_rejected_low_value","91_rejected_low_value","False","True","True","9","0","junk","removed_embedded_data_images; collapsed_blank_lines","url_003048"
"91_rejected_low_value\url_003049--gitlab.com-kicad-libraries-kicad-footprints-tree-master-Connector-Connector_01x91.md","91_rejected_low_value\url_003049--gitlab.com-kicad-libraries-kicad-footprints-tree-master-Connector-Connector_01x91.md","1127","91_rejected_low_value","91_rejected_low_value","False","True","True","9","0","junk","removed_embedded_data_images; collapsed_blank_lines","url_003049"
"91_rejected_low_value\url_003050--gitlab.com-kicad-libraries-kicad-footprints-tree-master-Connector-Connector_01x92.md","91_rejected_low_value\url_003050--gitlab.com-kicad-libraries-kicad-footprints-tree-master-Connector-Connector_01x92.md","1127","91_rejected_low_value","91_rejected_low_value","False","True","True","9","0","junk","removed_embedded_data_images; collapsed_blank_lines","url_003050"
"91_rejected_low_value\url_003051--gitlab.com-kicad-libraries-kicad-footprints-tree-master-Connector-Connector_01x93.md","91_rejected_low_value\url_003051--gitlab.com-kicad-libraries-kicad-footprints-tree-master-Connector-Connector_01x93.md","1127","91_rejected_low_value","91_rejected_low_value","False","True","True","9","0","junk","removed_embedded_data_images; collapsed_blank_lines","url_003051"
"91_rejected_low_value\url_003052--gitlab.com-kicad-libraries-kicad-footprints-tree-master-Connector-Connector_01x94.md","91_rejected_low_value\url_003052--gitlab.com-kicad-libraries-kicad-footprints-tree-master-Connector-Connector_01x94.md","1127","91_rejected_low_value","91_rejected_low_value","False","True","True","9","0","junk","removed_embedded_data_images; collapsed_blank_lines","url_003052"
"91_rejected_low_value\url_003053--gitlab.com-kicad-libraries-kicad-footprints-tree-master-Connector-Connector_01x95.md","91_rejected_low_value\url_003053--gitlab.com-kicad-libraries-kicad-footprints-tree-master-Connector-Connector_01x95.md","1127","91_rejected_low_value","91_rejected_low_value","False","True","True","9","0","junk","removed_embedded_data_images; collapsed_blank_lines","url_003053"
"91_rejected_low_value\url_003054--gitlab.com-kicad-libraries-kicad-footprints-tree-master-Connector-Connector_01x96.md","91_rejected_low_value\url_003054--gitlab.com-kicad-libraries-kicad-footprints-tree-master-Connector-Connector_01x96.md","1127","91_rejected_low_value","91_rejected_low_value","False","True","True","9","0","junk","removed_embedded_data_images; collapsed_blank_lines","url_003054"
"91_rejected_low_value\url_003055--gitlab.com-kicad-libraries-kicad-footprints-tree-master-Connector-Connector_01x97.md","91_rejected_low_value\url_003055--gitlab.com-kicad-libraries-kicad-footprints-tree-master-Connector-Connector_01x97.md","1127","91_rejected_low_value","91_rejected_low_value","False","True","True","9","0","junk","removed_embedded_data_images; collapsed_blank_lines","url_003055"
"91_rejected_low_value\url_003056--gitlab.com-kicad-libraries-kicad-footprints-tree-master-Connector-Connector_01x98.md","91_rejected_low_value\url_003056--gitlab.com-kicad-libraries-kicad-footprints-tree-master-Connector-Connector_01x98.md","1127","91_rejected_low_value","91_rejected_low_value","False","True","True","9","0","junk","removed_embedded_data_images; collapsed_blank_lines","url_003056"
"91_rejected_low_value\url_003057--gitlab.com-kicad-libraries-kicad-footprints-tree-master-Connector-Connector_01x99.md","91_rejected_low_value\url_003057--gitlab.com-kicad-libraries-kicad-footprints-tree-master-Connector-Connector_01x99.md","1127","91_rejected_low_value","91_rejected_low_value","False","True","True","9","0","junk","removed_embedded_data_images; collapsed_blank_lines","url_003057"
"91_rejected_low_value\url_003058--gitlab.com-kicad-libraries-kicad-footprints-tree-master-Connector_ETH-Connector_ETH_SMD_1.md","91_rejected_low_value\url_003058--gitlab.com-kicad-libraries-kicad-footprints-tree-master-Connector_ETH-Connector_ETH_SMD_1.md","1167","91_rejected_low_value","91_rejected_low_value","False","True","True","12","0","junk","removed_embedded_data_images; collapsed_blank_lines","url_003058"
"91_rejected_low_value\url_003059--gitlab.com-kicad-libraries-kicad-footprints-tree-master-Connector_ETH-Connector_ETH_SMD_10.md","91_rejected_low_value\url_003059--gitlab.com-kicad-libraries-kicad-footprints-tree-master-Connector_ETH-Connector_ETH_SMD_10.md","1172","91_rejected_low_value","91_rejected_low_value","False","True","True","12","0","junk","removed_embedded_data_images; collapsed_blank_lines","url_003059"
"91_rejected_low_value\url_003060--gitlab.com-kicad-libraries-kicad-footprints-tree-master-Connector_ETH-Connector_ETH_SMD_11.md","91_rejected_low_value\url_003060--gitlab.com-kicad-libraries-kicad-footprints-tree-master-Connector_ETH-Connector_ETH_SMD_11.md","1172","91_rejected_low_value","91_rejected_low_value","False","True","True","12","0","junk","removed_embedded_data_images; collapsed_blank_lines","url_003060"
"91_rejected_low_value\url_003061--gitlab.com-kicad-libraries-kicad-footprints-tree-master-Connector_ETH-Connector_ETH_SMD_12.md","91_rejected_low_value\url_003061--gitlab.com-kicad-libraries-kicad-footprints-tree-master-Connector_ETH-Connector_ETH_SMD_12.md","1172","91_rejected_low_value","91_rejected_low_value","False","True","True","12","0","junk","removed_embedded_data_images; collapsed_blank_lines","url_003061"
"91_rejected_low_value\url_003062--gitlab.com-kicad-libraries-kicad-footprints-tree-master-Connector_ETH-Connector_ETH_SMD_2.md","91_rejected_low_value\url_003062--gitlab.com-kicad-libraries-kicad-footprints-tree-master-Connector_ETH-Connector_ETH_SMD_2.md","1167","91_rejected_low_value","91_rejected_low_value","False","True","True","12","0","junk","removed_embedded_data_images; collapsed_blank_lines","url_003062"
"91_rejected_low_value\url_003063--gitlab.com-kicad-libraries-kicad-footprints-tree-master-Connector_ETH-Connector_ETH_SMD_3.md","91_rejected_low_value\url_003063--gitlab.com-kicad-libraries-kicad-footprints-tree-master-Connector_ETH-Connector_ETH_SMD_3.md","1167","91_rejected_low_value","91_rejected_low_value","False","True","True","12","0","junk","removed_embedded_data_images; collapsed_blank_lines","url_003063"
"91_rejected_low_value\url_003064--gitlab.com-kicad-libraries-kicad-footprints-tree-master-Connector_ETH-Connector_ETH_SMD_4.md","91_rejected_low_value\url_003064--gitlab.com-kicad-libraries-kicad-footprints-tree-master-Connector_ETH-Connector_ETH_SMD_4.md","1167","91_rejected_low_value","91_rejected_low_value","False","True","True","12","0","junk","removed_embedded_data_images; collapsed_blank_lines","url_003064"
"91_rejected_low_value\url_003065--gitlab.com-kicad-libraries-kicad-footprints-tree-master-Connector_ETH-Connector_ETH_SMD_5.md","91_rejected_low_value\url_003065--gitlab.com-kicad-libraries-kicad-footprints-tree-master-Connector_ETH-Connector_ETH_SMD_5.md","1167","91_rejected_low_value","91_rejected_low_value","False","True","True","12","0","junk","removed_embedded_data_images; collapsed_blank_lines","url_003065"
"91_rejected_low_value\url_003066--gitlab.com-kicad-libraries-kicad-footprints-tree-master-Connector_ETH-Connector_ETH_SMD_6.md","91_rejected_low_value\url_003066--gitlab.com-kicad-libraries-kicad-footprints-tree-master-Connector_ETH-Connector_ETH_SMD_6.md","1167","91_rejected_low_value","91_rejected_low_value","False","True","True","12","0","junk","removed_embedded_data_images; collapsed_blank_lines","url_003066"
"91_rejected_low_value\url_003067--gitlab.com-kicad-libraries-kicad-footprints-tree-master-Connector_ETH-Connector_ETH_SMD_7.md","91_rejected_low_value\url_003067--gitlab.com-kicad-libraries-kicad-footprints-tree-master-Connector_ETH-Connector_ETH_SMD_7.md","1167","91_rejected_low_value","91_rejected_low_value","False","True","True","12","0","junk","removed_embedded_data_images; collapsed_blank_lines","url_003067"
"91_rejected_low_value\url_003068--gitlab.com-kicad-libraries-kicad-footprints-tree-master-Connector_ETH-Connector_ETH_SMD_8.md","91_rejected_low_value\url_003068--gitlab.com-kicad-libraries-kicad-footprints-tree-master-Connector_ETH-Connector_ETH_SMD_8.md","1167","91_rejected_low_value","91_rejected_low_value","False","True","True","12","0","junk","removed_embedded_data_images; collapsed_blank_lines","url_003068"
"91_rejected_low_value\url_003069--gitlab.com-kicad-libraries-kicad-footprints-tree-master-Connector_ETH-Connector_ETH_SMD_9.md","91_rejected_low_value\url_003069--gitlab.com-kicad-libraries-kicad-footprints-tree-master-Connector_ETH-Connector_ETH_SMD_9.md","1167","91_rejected_low_value","91_rejected_low_value","False","True","True","12","0","junk","removed_embedded_data_images; collapsed_blank_lines","url_003069"
"91_rejected_low_value\url_003070--gitlab.com-kicad-libraries-kicad-footprints-tree-master-Connector_HDMI-Connector_HDMI_SMD_1.md","91_rejected_low_value\url_003070--gitlab.com-kicad-libraries-kicad-footprints-tree-master-Connector_HDMI-Connector_HDMI_SMD_1.md","1177","91_rejected_low_value","91_rejected_low_value","False","True","True","12","0","junk","removed_embedded_data_images; collapsed_blank_lines","url_003070"
"91_rejected_low_value\url_003071--gitlab.com-kicad-libraries-kicad-footprints-tree-master-Connector_HDMI-Connector_HDMI_SMD_10.md","91_rejected_low_value\url_003071--gitlab.com-kicad-libraries-kicad-footprints-tree-master-Connector_HDMI-Connector_HDMI_SMD_10.md","1182","91_rejected_low_value","91_rejected_low_value","False","True","True","12","0","junk","removed_embedded_data_images; collapsed_blank_lines","url_003071"
"91_rejected_low_value\url_003072--gitlab.com-kicad-libraries-kicad-footprints-tree-master-Connector_HDMI-Connector_HDMI_SMD_11.md","91_rejected_low_value\url_003072--gitlab.com-kicad-libraries-kicad-footprints-tree-master-Connector_HDMI-Connector_HDMI_SMD_11.md","1182","91_rejected_low_value","91_rejected_low_value","False","True","True","12","0","junk","removed_embedded_data_images; collapsed_blank_lines","url_003072"
"91_rejected_low_value\url_003073--gitlab.com-kicad-libraries-kicad-footprints-tree-master-Connector_HDMI-Connector_HDMI_SMD_12.md","91_rejected_low_value\url_003073--gitlab.com-kicad-libraries-kicad-footprints-tree-master-Connector_HDMI-Connector_HDMI_SMD_12.md","1182","91_rejected_low_value","91_rejected_low_value","False","True","True","12","0","junk","removed_embedded_data_images; collapsed_blank_lines","url_003073"
"91_rejected_low_value\url_003074--gitlab.com-kicad-libraries-kicad-footprints-tree-master-Connector_HDMI-Connector_HDMI_SMD_2.md","91_rejected_low_value\url_003074--gitlab.com-kicad-libraries-kicad-footprints-tree-master-Connector_HDMI-Connector_HDMI_SMD_2.md","1177","91_rejected_low_value","91_rejected_low_value","False","True","True","12","0","junk","removed_embedded_data_images; collapsed_blank_lines","url_003074"
"91_rejected_low_value\url_003075--gitlab.com-kicad-libraries-kicad-footprints-tree-master-Connector_HDMI-Connector_HDMI_SMD_3.md","91_rejected_low_value\url_003075--gitlab.com-kicad-libraries-kicad-footprints-tree-master-Connector_HDMI-Connector_HDMI_SMD_3.md","1177","91_rejected_low_value","91_rejected_low_value","False","True","True","12","0","junk","removed_embedded_data_images; collapsed_blank_lines","url_003075"
"91_rejected_low_value\url_003076--gitlab.com-kicad-libraries-kicad-footprints-tree-master-Connector_HDMI-Connector_HDMI_SMD_4.md","91_rejected_low_value\url_003076--gitlab.com-kicad-libraries-kicad-footprints-tree-master-Connector_HDMI-Connector_HDMI_SMD_4.md","1177","91_rejected_low_value","91_rejected_low_value","False","True","True","12","0","junk","removed_embedded_data_images; collapsed_blank_lines","url_003076"
"91_rejected_low_value\url_003077--gitlab.com-kicad-libraries-kicad-footprints-tree-master-Connector_HDMI-Connector_HDMI_SMD_5.md","91_rejected_low_value\url_003077--gitlab.com-kicad-libraries-kicad-footprints-tree-master-Connector_HDMI-Connector_HDMI_SMD_5.md","1177","91_rejected_low_value","91_rejected_low_value","False","True","True","12","0","junk","removed_embedded_data_images; collapsed_blank_lines","url_003077"
"91_rejected_low_value\url_003078--gitlab.com-kicad-libraries-kicad-footprints-tree-master-Connector_HDMI-Connector_HDMI_SMD_6.md","91_rejected_low_value\url_003078--gitlab.com-kicad-libraries-kicad-footprints-tree-master-Connector_HDMI-Connector_HDMI_SMD_6.md","1177","91_rejected_low_value","91_rejected_low_value","False","True","True","12","0","junk","removed_embedded_data_images; collapsed_blank_lines","url_003078"
"91_rejected_low_value\url_003079--gitlab.com-kicad-libraries-kicad-footprints-tree-master-Connector_HDMI-Connector_HDMI_SMD_7.md","91_rejected_low_value\url_003079--gitlab.com-kicad-libraries-kicad-footprints-tree-master-Connector_HDMI-Connector_HDMI_SMD_7.md","1177","91_rejected_low_value","91_rejected_low_value","False","True","True","12","0","junk","removed_embedded_data_images; collapsed_blank_lines","url_003079"
"91_rejected_low_value\url_003080--gitlab.com-kicad-libraries-kicad-footprints-tree-master-Connector_HDMI-Connector_HDMI_SMD_8.md","91_rejected_low_value\url_003080--gitlab.com-kicad-libraries-kicad-footprints-tree-master-Connector_HDMI-Connector_HDMI_SMD_8.md","1177","91_rejected_low_value","91_rejected_low_value","False","True","True","12","0","junk","removed_embedded_data_images; collapsed_blank_lines","url_003080"
"91_rejected_low_value\url_003081--gitlab.com-kicad-libraries-kicad-footprints-tree-master-Connector_HDMI-Connector_HDMI_SMD_9.md","91_rejected_low_value\url_003081--gitlab.com-kicad-libraries-kicad-footprints-tree-master-Connector_HDMI-Connector_HDMI_SMD_9.md","1177","91_rejected_low_value","91_rejected_low_value","False","True","True","12","0","junk","removed_embedded_data_images; collapsed_blank_lines","url_003081"
"91_rejected_low_value\url_003082--gitlab.com-kicad-libraries-kicad-footprints-tree-master-Connector_USB-Connector_USB_SMD_1.md","91_rejected_low_value\url_003082--gitlab.com-kicad-libraries-kicad-footprints-tree-master-Connector_USB-Connector_USB_SMD_1.md","1167","91_rejected_low_value","91_rejected_low_value","False","True","True","12","0","junk","removed_embedded_data_images; collapsed_blank_lines","url_003082"
"91_rejected_low_value\url_003083--gitlab.com-kicad-libraries-kicad-footprints-tree-master-Connector_USB-Connector_USB_SMD_10.md","91_rejected_low_value\url_003083--gitlab.com-kicad-libraries-kicad-footprints-tree-master-Connector_USB-Connector_USB_SMD_10.md","1172","91_rejected_low_value","91_rejected_low_value","False","True","True","12","0","junk","removed_embedded_data_images; collapsed_blank_lines","url_003083"
"91_rejected_low_value\url_003084--gitlab.com-kicad-libraries-kicad-footprints-tree-master-Connector_USB-Connector_USB_SMD_11.md","91_rejected_low_value\url_003084--gitlab.com-kicad-libraries-kicad-footprints-tree-master-Connector_USB-Connector_USB_SMD_11.md","1172","91_rejected_low_value","91_rejected_low_value","False","True","True","12","0","junk","removed_embedded_data_images; collapsed_blank_lines","url_003084"
"91_rejected_low_value\url_003085--gitlab.com-kicad-libraries-kicad-footprints-tree-master-Connector_USB-Connector_USB_SMD_12.md","91_rejected_low_value\url_003085--gitlab.com-kicad-libraries-kicad-footprints-tree-master-Connector_USB-Connector_USB_SMD_12.md","1172","91_rejected_low_value","91_rejected_low_value","False","True","True","12","0","junk","removed_embedded_data_images; collapsed_blank_lines","url_003085"
"91_rejected_low_value\url_003086--gitlab.com-kicad-libraries-kicad-footprints-tree-master-Connector_USB-Connector_USB_SMD_2.md","91_rejected_low_value\url_003086--gitlab.com-kicad-libraries-kicad-footprints-tree-master-Connector_USB-Connector_USB_SMD_2.md","1167","91_rejected_low_value","91_rejected_low_value","False","True","True","12","0","junk","removed_embedded_data_images; collapsed_blank_lines","url_003086"
"91_rejected_low_value\url_003087--gitlab.com-kicad-libraries-kicad-footprints-tree-master-Connector_USB-Connector_USB_SMD_3.md","91_rejected_low_value\url_003087--gitlab.com-kicad-libraries-kicad-footprints-tree-master-Connector_USB-Connector_USB_SMD_3.md","1167","91_rejected_low_value","91_rejected_low_value","False","True","True","12","0","junk","removed_embedded_data_images; collapsed_blank_lines","url_003087"
"91_rejected_low_value\url_003088--gitlab.com-kicad-libraries-kicad-footprints-tree-master-Connector_USB-Connector_USB_SMD_4.md","91_rejected_low_value\url_003088--gitlab.com-kicad-libraries-kicad-footprints-tree-master-Connector_USB-Connector_USB_SMD_4.md","1167","91_rejected_low_value","91_rejected_low_value","False","True","True","12","0","junk","removed_embedded_data_images; collapsed_blank_lines","url_003088"
"91_rejected_low_value\url_003089--gitlab.com-kicad-libraries-kicad-footprints-tree-master-Connector_USB-Connector_USB_SMD_5.md","91_rejected_low_value\url_003089--gitlab.com-kicad-libraries-kicad-footprints-tree-master-Connector_USB-Connector_USB_SMD_5.md","1167","91_rejected_low_value","91_rejected_low_value","False","True","True","12","0","junk","removed_embedded_data_images; collapsed_blank_lines","url_003089"
"91_rejected_low_value\url_003090--gitlab.com-kicad-libraries-kicad-footprints-tree-master-Connector_USB-Connector_USB_SMD_6.md","91_rejected_low_value\url_003090--gitlab.com-kicad-libraries-kicad-footprints-tree-master-Connector_USB-Connector_USB_SMD_6.md","1167","91_rejected_low_value","91_rejected_low_value","False","True","True","12","0","junk","removed_embedded_data_images; collapsed_blank_lines","url_003090"
"91_rejected_low_value\url_003091--gitlab.com-kicad-libraries-kicad-footprints-tree-master-Connector_USB-Connector_USB_SMD_7.md","91_rejected_low_value\url_003091--gitlab.com-kicad-libraries-kicad-footprints-tree-master-Connector_USB-Connector_USB_SMD_7.md","1167","91_rejected_low_value","91_rejected_low_value","False","True","True","12","0","junk","removed_embedded_data_images; collapsed_blank_lines","url_003091"
"91_rejected_low_value\url_003092--gitlab.com-kicad-libraries-kicad-footprints-tree-master-Connector_USB-Connector_USB_SMD_8.md","91_rejected_low_value\url_003092--gitlab.com-kicad-libraries-kicad-footprints-tree-master-Connector_USB-Connector_USB_SMD_8.md","1167","91_rejected_low_value","91_rejected_low_value","False","True","True","12","0","junk","removed_embedded_data_images; collapsed_blank_lines","url_003092"
"91_rejected_low_value\url_003093--gitlab.com-kicad-libraries-kicad-footprints-tree-master-Connector_USB-Connector_USB_SMD_9.md","91_rejected_low_value\url_003093--gitlab.com-kicad-libraries-kicad-footprints-tree-master-Connector_USB-Connector_USB_SMD_9.md","1167","91_rejected_low_value","91_rejected_low_value","False","True","True","12","0","junk","removed_embedded_data_images; collapsed_blank_lines","url_003093"
"91_rejected_low_value\url_003094--gitlab.com-kicad-libraries-kicad-footprints-tree-master-Crystal-Crystal_SMD_1.md","91_rejected_low_value\url_003094--gitlab.com-kicad-libraries-kicad-footprints-tree-master-Crystal-Crystal_SMD_1.md","1107","91_rejected_low_value","91_rejected_low_value","False","True","True","10","0","junk","removed_embedded_data_images; collapsed_blank_lines","url_003094"
"91_rejected_low_value\url_003095--gitlab.com-kicad-libraries-kicad-footprints-tree-master-Crystal-Crystal_SMD_10.md","91_rejected_low_value\url_003095--gitlab.com-kicad-libraries-kicad-footprints-tree-master-Crystal-Crystal_SMD_10.md","1112","91_rejected_low_value","91_rejected_low_value","False","True","True","10","0","junk","removed_embedded_data_images; collapsed_blank_lines","url_003095"
"91_rejected_low_value\url_003096--gitlab.com-kicad-libraries-kicad-footprints-tree-master-Crystal-Crystal_SMD_11.md","91_rejected_low_value\url_003096--gitlab.com-kicad-libraries-kicad-footprints-tree-master-Crystal-Crystal_SMD_11.md","1112","91_rejected_low_value","91_rejected_low_value","False","True","True","10","0","junk","removed_embedded_data_images; collapsed_blank_lines","url_003096"
"91_rejected_low_value\url_003097--gitlab.com-kicad-libraries-kicad-footprints-tree-master-Crystal-Crystal_SMD_12.md","91_rejected_low_value\url_003097--gitlab.com-kicad-libraries-kicad-footprints-tree-master-Crystal-Crystal_SMD_12.md","1112","91_rejected_low_value","91_rejected_low_value","False","True","True","10","0","junk","removed_embedded_data_images; collapsed_blank_lines","url_003097"
"91_rejected_low_value\url_003098--gitlab.com-kicad-libraries-kicad-footprints-tree-master-Crystal-Crystal_SMD_2.md","91_rejected_low_value\url_003098--gitlab.com-kicad-libraries-kicad-footprints-tree-master-Crystal-Crystal_SMD_2.md","1107","91_rejected_low_value","91_rejected_low_value","False","True","True","10","0","junk","removed_embedded_data_images; collapsed_blank_lines","url_003098"
"91_rejected_low_value\url_003099--gitlab.com-kicad-libraries-kicad-footprints-tree-master-Crystal-Crystal_SMD_3.md","91_rejected_low_value\url_003099--gitlab.com-kicad-libraries-kicad-footprints-tree-master-Crystal-Crystal_SMD_3.md","1107","91_rejected_low_value","91_rejected_low_value","False","True","True","10","0","junk","removed_embedded_data_images; collapsed_blank_lines","url_003099"
"91_rejected_low_value\url_003100--gitlab.com-kicad-libraries-kicad-footprints-tree-master-Crystal-Crystal_SMD_4.md","91_rejected_low_value\url_003100--gitlab.com-kicad-libraries-kicad-footprints-tree-master-Crystal-Crystal_SMD_4.md","1107","91_rejected_low_value","91_rejected_low_value","False","True","True","10","0","junk","removed_embedded_data_images; collapsed_blank_lines","url_003100"
"91_rejected_low_value\url_003101--gitlab.com-kicad-libraries-kicad-footprints-tree-master-Crystal-Crystal_SMD_5.md","91_rejected_low_value\url_003101--gitlab.com-kicad-libraries-kicad-footprints-tree-master-Crystal-Crystal_SMD_5.md","1107","91_rejected_low_value","91_rejected_low_value","False","True","True","10","0","junk","removed_embedded_data_images; collapsed_blank_lines","url_003101"
"91_rejected_low_value\url_003102--gitlab.com-kicad-libraries-kicad-footprints-tree-master-Crystal-Crystal_SMD_6.md","91_rejected_low_value\url_003102--gitlab.com-kicad-libraries-kicad-footprints-tree-master-Crystal-Crystal_SMD_6.md","1107","91_rejected_low_value","91_rejected_low_value","False","True","True","10","0","junk","removed_embedded_data_images; collapsed_blank_lines","url_003102"
"91_rejected_low_value\url_003103--gitlab.com-kicad-libraries-kicad-footprints-tree-master-Crystal-Crystal_SMD_7.md","91_rejected_low_value\url_003103--gitlab.com-kicad-libraries-kicad-footprints-tree-master-Crystal-Crystal_SMD_7.md","1107","91_rejected_low_value","91_rejected_low_value","False","True","True","10","0","junk","removed_embedded_data_images; collapsed_blank_lines","url_003103"
"91_rejected_low_value\url_003104--gitlab.com-kicad-libraries-kicad-footprints-tree-master-Crystal-Crystal_SMD_8.md","91_rejected_low_value\url_003104--gitlab.com-kicad-libraries-kicad-footprints-tree-master-Crystal-Crystal_SMD_8.md","1107","91_rejected_low_value","91_rejected_low_value","False","True","True","10","0","junk","removed_embedded_data_images; collapsed_blank_lines","url_003104"
"91_rejected_low_value\url_003105--gitlab.com-kicad-libraries-kicad-footprints-tree-master-Crystal-Crystal_SMD_9.md","91_rejected_low_value\url_003105--gitlab.com-kicad-libraries-kicad-footprints-tree-master-Crystal-Crystal_SMD_9.md","1107","91_rejected_low_value","91_rejected_low_value","False","True","True","10","0","junk","removed_embedded_data_images; collapsed_blank_lines","url_003105"
"91_rejected_low_value\url_003106--gitlab.com-kicad-libraries-kicad-footprints-tree-master-Diode-Diode_SMD_1.md","91_rejected_low_value\url_003106--gitlab.com-kicad-libraries-kicad-footprints-tree-master-Diode-Diode_SMD_1.md","1087","91_rejected_low_value","91_rejected_low_value","False","True","True","10","0","junk","removed_embedded_data_images; collapsed_blank_lines","url_003106"
"91_rejected_low_value\url_003107--gitlab.com-kicad-libraries-kicad-footprints-tree-master-Diode-Diode_SMD_10.md","91_rejected_low_value\url_003107--gitlab.com-kicad-libraries-kicad-footprints-tree-master-Diode-Diode_SMD_10.md","1092","91_rejected_low_value","91_rejected_low_value","False","True","True","10","0","junk","removed_embedded_data_images; collapsed_blank_lines","url_003107"
"91_rejected_low_value\url_003108--gitlab.com-kicad-libraries-kicad-footprints-tree-master-Diode-Diode_SMD_11.md","91_rejected_low_value\url_003108--gitlab.com-kicad-libraries-kicad-footprints-tree-master-Diode-Diode_SMD_11.md","1092","91_rejected_low_value","91_rejected_low_value","False","True","True","10","0","junk","removed_embedded_data_images; collapsed_blank_lines","url_003108"
"91_rejected_low_value\url_003109--gitlab.com-kicad-libraries-kicad-footprints-tree-master-Diode-Diode_SMD_12.md","91_rejected_low_value\url_003109--gitlab.com-kicad-libraries-kicad-footprints-tree-master-Diode-Diode_SMD_12.md","1092","91_rejected_low_value","91_rejected_low_value","False","True","True","10","0","junk","removed_embedded_data_images; collapsed_blank_lines","url_003109"
"91_rejected_low_value\url_003110--gitlab.com-kicad-libraries-kicad-footprints-tree-master-Diode-Diode_SMD_2.md","91_rejected_low_value\url_003110--gitlab.com-kicad-libraries-kicad-footprints-tree-master-Diode-Diode_SMD_2.md","1087","91_rejected_low_value","91_rejected_low_value","False","True","True","10","0","junk","removed_embedded_data_images; collapsed_blank_lines","url_003110"
"91_rejected_low_value\url_003111--gitlab.com-kicad-libraries-kicad-footprints-tree-master-Diode-Diode_SMD_3.md","91_rejected_low_value\url_003111--gitlab.com-kicad-libraries-kicad-footprints-tree-master-Diode-Diode_SMD_3.md","1087","91_rejected_low_value","91_rejected_low_value","False","True","True","10","0","junk","removed_embedded_data_images; collapsed_blank_lines","url_003111"
"91_rejected_low_value\url_003112--gitlab.com-kicad-libraries-kicad-footprints-tree-master-Diode-Diode_SMD_4.md","91_rejected_low_value\url_003112--gitlab.com-kicad-libraries-kicad-footprints-tree-master-Diode-Diode_SMD_4.md","1087","91_rejected_low_value","91_rejected_low_value","False","True","True","10","0","junk","removed_embedded_data_images; collapsed_blank_lines","url_003112"
"91_rejected_low_value\url_003113--gitlab.com-kicad-libraries-kicad-footprints-tree-master-Diode-Diode_SMD_5.md","91_rejected_low_value\url_003113--gitlab.com-kicad-libraries-kicad-footprints-tree-master-Diode-Diode_SMD_5.md","1087","91_rejected_low_value","91_rejected_low_value","False","True","True","10","0","junk","removed_embedded_data_images; collapsed_blank_lines","url_003113"
"91_rejected_low_value\url_003114--gitlab.com-kicad-libraries-kicad-footprints-tree-master-Diode-Diode_SMD_6.md","91_rejected_low_value\url_003114--gitlab.com-kicad-libraries-kicad-footprints-tree-master-Diode-Diode_SMD_6.md","1087","91_rejected_low_value","91_rejected_low_value","False","True","True","10","0","junk","removed_embedded_data_images; collapsed_blank_lines","url_003114"
"91_rejected_low_value\url_003115--gitlab.com-kicad-libraries-kicad-footprints-tree-master-Diode-Diode_SMD_7.md","91_rejected_low_value\url_003115--gitlab.com-kicad-libraries-kicad-footprints-tree-master-Diode-Diode_SMD_7.md","1087","91_rejected_low_value","91_rejected_low_value","False","True","True","10","0","junk","removed_embedded_data_images; collapsed_blank_lines","url_003115"
"91_rejected_low_value\url_003116--gitlab.com-kicad-libraries-kicad-footprints-tree-master-Diode-Diode_SMD_8.md","91_rejected_low_value\url_003116--gitlab.com-kicad-libraries-kicad-footprints-tree-master-Diode-Diode_SMD_8.md","1087","91_rejected_low_value","91_rejected_low_value","False","True","True","10","0","junk","removed_embedded_data_images; collapsed_blank_lines","url_003116"
"91_rejected_low_value\url_003117--gitlab.com-kicad-libraries-kicad-footprints-tree-master-Diode-Diode_SMD_9.md","91_rejected_low_value\url_003117--gitlab.com-kicad-libraries-kicad-footprints-tree-master-Diode-Diode_SMD_9.md","1087","91_rejected_low_value","91_rejected_low_value","False","True","True","10","0","junk","removed_embedded_data_images; collapsed_blank_lines","url_003117"
"91_rejected_low_value\url_003118--gitlab.com-kicad-libraries-kicad-footprints-tree-master-DipSwitch-DipSwitch_SMD_1.md","91_rejected_low_value\url_003118--gitlab.com-kicad-libraries-kicad-footprints-tree-master-DipSwitch-DipSwitch_SMD_1.md","1127","91_rejected_low_value","91_rejected_low_value","False","True","True","10","0","junk","removed_embedded_data_images; collapsed_blank_lines","url_003118"
"91_rejected_low_value\url_003119--gitlab.com-kicad-libraries-kicad-footprints-tree-master-DipSwitch-DipSwitch_SMD_10.md","91_rejected_low_value\url_003119--gitlab.com-kicad-libraries-kicad-footprints-tree-master-DipSwitch-DipSwitch_SMD_10.md","1132","91_rejected_low_value","91_rejected_low_value","False","True","True","10","0","junk","removed_embedded_data_images; collapsed_blank_lines","url_003119"
"91_rejected_low_value\url_003120--gitlab.com-kicad-libraries-kicad-footprints-tree-master-DipSwitch-DipSwitch_SMD_11.md","91_rejected_low_value\url_003120--gitlab.com-kicad-libraries-kicad-footprints-tree-master-DipSwitch-DipSwitch_SMD_11.md","1132","91_rejected_low_value","91_rejected_low_value","False","True","True","10","0","junk","removed_embedded_data_images; collapsed_blank_lines","url_003120"
"91_rejected_low_value\url_003121--gitlab.com-kicad-libraries-kicad-footprints-tree-master-DipSwitch-DipSwitch_SMD_12.md","91_rejected_low_value\url_003121--gitlab.com-kicad-libraries-kicad-footprints-tree-master-DipSwitch-DipSwitch_SMD_12.md","1132","91_rejected_low_value","91_rejected_low_value","False","True","True","10","0","junk","removed_embedded_data_images; collapsed_blank_lines","url_003121"
"91_rejected_low_value\url_003122--gitlab.com-kicad-libraries-kicad-footprints-tree-master-DipSwitch-DipSwitch_SMD_2.md","91_rejected_low_value\url_003122--gitlab.com-kicad-libraries-kicad-footprints-tree-master-DipSwitch-DipSwitch_SMD_2.md","1127","91_rejected_low_value","91_rejected_low_value","False","True","True","10","0","junk","removed_embedded_data_images; collapsed_blank_lines","url_003122"
"91_rejected_low_value\url_003123--gitlab.com-kicad-libraries-kicad-footprints-tree-master-DipSwitch-DipSwitch_SMD_3.md","91_rejected_low_value\url_003123--gitlab.com-kicad-libraries-kicad-footprints-tree-master-DipSwitch-DipSwitch_SMD_3.md","1127","91_rejected_low_value","91_rejected_low_value","False","True","True","10","0","junk","removed_embedded_data_images; collapsed_blank_lines","url_003123"
"91_rejected_low_value\url_003124--gitlab.com-kicad-libraries-kicad-footprints-tree-master-DipSwitch-DipSwitch_SMD_4.md","91_rejected_low_value\url_003124--gitlab.com-kicad-libraries-kicad-footprints-tree-master-DipSwitch-DipSwitch_SMD_4.md","1127","91_rejected_low_value","91_rejected_low_value","False","True","True","10","0","junk","removed_embedded_data_images; collapsed_blank_lines","url_003124"
"91_rejected_low_value\url_003125--gitlab.com-kicad-libraries-kicad-footprints-tree-master-DipSwitch-DipSwitch_SMD_5.md","91_rejected_low_value\url_003125--gitlab.com-kicad-libraries-kicad-footprints-tree-master-DipSwitch-DipSwitch_SMD_5.md","1127","91_rejected_low_value","91_rejected_low_value","False","True","True","10","0","junk","removed_embedded_data_images; collapsed_blank_lines","url_003125"
"91_rejected_low_value\url_003126--gitlab.com-kicad-libraries-kicad-footprints-tree-master-DipSwitch-DipSwitch_SMD_6.md","91_rejected_low_value\url_003126--gitlab.com-kicad-libraries-kicad-footprints-tree-master-DipSwitch-DipSwitch_SMD_6.md","1127","91_rejected_low_value","91_rejected_low_value","False","True","True","10","0","junk","removed_embedded_data_images; collapsed_blank_lines","url_003126"
"91_rejected_low_value\url_003127--gitlab.com-kicad-libraries-kicad-footprints-tree-master-DipSwitch-DipSwitch_SMD_7.md","91_rejected_low_value\url_003127--gitlab.com-kicad-libraries-kicad-footprints-tree-master-DipSwitch-DipSwitch_SMD_7.md","1127","91_rejected_low_value","91_rejected_low_value","False","True","True","10","0","junk","removed_embedded_data_images; collapsed_blank_lines","url_003127"
"91_rejected_low_value\url_003128--gitlab.com-kicad-libraries-kicad-footprints-tree-master-DipSwitch-DipSwitch_SMD_8.md","91_rejected_low_value\url_003128--gitlab.com-kicad-libraries-kicad-footprints-tree-master-DipSwitch-DipSwitch_SMD_8.md","1127","91_rejected_low_value","91_rejected_low_value","False","True","True","10","0","junk","removed_embedded_data_images; collapsed_blank_lines","url_003128"
"91_rejected_low_value\url_003129--gitlab.com-kicad-libraries-kicad-footprints-tree-master-DipSwitch-DipSwitch_SMD_9.md","91_rejected_low_value\url_003129--gitlab.com-kicad-libraries-kicad-footprints-tree-master-DipSwitch-DipSwitch_SMD_9.md","1127","91_rejected_low_value","91_rejected_low_value","False","True","True","10","0","junk","removed_embedded_data_images; collapsed_blank_lines","url_003129"
"91_rejected_low_value\url_003130--gitlab.com-kicad-libraries-kicad-footprints-tree-master-Display-Display_SMD_1.md","91_rejected_low_value\url_003130--gitlab.com-kicad-libraries-kicad-footprints-tree-master-Display-Display_SMD_1.md","1107","91_rejected_low_value","91_rejected_low_value","False","True","True","10","0","junk","removed_embedded_data_images; collapsed_blank_lines","url_003130"
"91_rejected_low_value\url_003131--gitlab.com-kicad-libraries-kicad-footprints-tree-master-Display-Display_SMD_10.md","91_rejected_low_value\url_003131--gitlab.com-kicad-libraries-kicad-footprints-tree-master-Display-Display_SMD_10.md","1112","91_rejected_low_value","91_rejected_low_value","False","True","True","10","0","junk","removed_embedded_data_images; collapsed_blank_lines","url_003131"
"91_rejected_low_value\url_003132--gitlab.com-kicad-libraries-kicad-footprints-tree-master-Display-Display_SMD_11.md","91_rejected_low_value\url_003132--gitlab.com-kicad-libraries-kicad-footprints-tree-master-Display-Display_SMD_11.md","1112","91_rejected_low_value","91_rejected_low_value","False","True","True","10","0","junk","removed_embedded_data_images; collapsed_blank_lines","url_003132"
"91_rejected_low_value\url_003133--gitlab.com-kicad-libraries-kicad-footprints-tree-master-Display-Display_SMD_12.md","91_rejected_low_value\url_003133--gitlab.com-kicad-libraries-kicad-footprints-tree-master-Display-Display_SMD_12.md","1112","91_rejected_low_value","91_rejected_low_value","False","True","True","10","0","junk","removed_embedded_data_images; collapsed_blank_lines","url_003133"
"91_rejected_low_value\url_003134--gitlab.com-kicad-libraries-kicad-footprints-tree-master-Display-Display_SMD_2.md","91_rejected_low_value\url_003134--gitlab.com-kicad-libraries-kicad-footprints-tree-master-Display-Display_SMD_2.md","1107","91_rejected_low_value","91_rejected_low_value","False","True","True","10","0","junk","removed_embedded_data_images; collapsed_blank_lines","url_003134"
"91_rejected_low_value\url_003135--gitlab.com-kicad-libraries-kicad-footprints-tree-master-Display-Display_SMD_3.md","91_rejected_low_value\url_003135--gitlab.com-kicad-libraries-kicad-footprints-tree-master-Display-Display_SMD_3.md","1107","91_rejected_low_value","91_rejected_low_value","False","True","True","10","0","junk","removed_embedded_data_images; collapsed_blank_lines","url_003135"
"91_rejected_low_value\url_003136--gitlab.com-kicad-libraries-kicad-footprints-tree-master-Display-Display_SMD_4.md","91_rejected_low_value\url_003136--gitlab.com-kicad-libraries-kicad-footprints-tree-master-Display-Display_SMD_4.md","1107","91_rejected_low_value","91_rejected_low_value","False","True","True","10","0","junk","removed_embedded_data_images; collapsed_blank_lines","url_003136"
"91_rejected_low_value\url_003137--gitlab.com-kicad-libraries-kicad-footprints-tree-master-Display-Display_SMD_5.md","91_rejected_low_value\url_003137--gitlab.com-kicad-libraries-kicad-footprints-tree-master-Display-Display_SMD_5.md","1107","91_rejected_low_value","91_rejected_low_value","False","True","True","10","0","junk","removed_embedded_data_images; collapsed_blank_lines","url_003137"
"91_rejected_low_value\url_003138--gitlab.com-kicad-libraries-kicad-footprints-tree-master-Display-Display_SMD_6.md","91_rejected_low_value\url_003138--gitlab.com-kicad-libraries-kicad-footprints-tree-master-Display-Display_SMD_6.md","1107","91_rejected_low_value","91_rejected_low_value","False","True","True","10","0","junk","removed_embedded_data_images; collapsed_blank_lines","url_003138"
"91_rejected_low_value\url_003139--gitlab.com-kicad-libraries-kicad-footprints-tree-master-Display-Display_SMD_7.md","91_rejected_low_value\url_003139--gitlab.com-kicad-libraries-kicad-footprints-tree-master-Display-Display_SMD_7.md","1107","91_rejected_low_value","91_rejected_low_value","False","True","True","10","0","junk","removed_embedded_data_images; collapsed_blank_lines","url_003139"
"91_rejected_low_value\url_003140--gitlab.com-kicad-libraries-kicad-footprints-tree-master-Display-Display_SMD_8.md","91_rejected_low_value\url_003140--gitlab.com-kicad-libraries-kicad-footprints-tree-master-Display-Display_SMD_8.md","1107","91_rejected_low_value","91_rejected_low_value","False","True","True","10","0","junk","removed_embedded_data_images; collapsed_blank_lines","url_003140"
"91_rejected_low_value\url_003141--gitlab.com-kicad-libraries-kicad-footprints-tree-master-Display-Display_SMD_9.md","91_rejected_low_value\url_003141--gitlab.com-kicad-libraries-kicad-footprints-tree-master-Display-Display_SMD_9.md","1107","91_rejected_low_value","91_rejected_low_value","False","True","True","10","0","junk","removed_embedded_data_images; collapsed_blank_lines","url_003141"
"91_rejected_low_value\url_003142--gitlab.com-kicad-libraries-kicad-footprints-tree-master-FET-FET_SMD_1.md","91_rejected_low_value\url_003142--gitlab.com-kicad-libraries-kicad-footprints-tree-master-FET-FET_SMD_1.md","1067","91_rejected_low_value","91_rejected_low_value","False","True","True","10","0","junk","removed_embedded_data_images; collapsed_blank_lines","url_003142"
"91_rejected_low_value\url_003143--gitlab.com-kicad-libraries-kicad-footprints-tree-master-FET-FET_SMD_10.md","91_rejected_low_value\url_003143--gitlab.com-kicad-libraries-kicad-footprints-tree-master-FET-FET_SMD_10.md","1072","91_rejected_low_value","91_rejected_low_value","False","True","True","10","0","junk","removed_embedded_data_images; collapsed_blank_lines","url_003143"
"91_rejected_low_value\url_003144--gitlab.com-kicad-libraries-kicad-footprints-tree-master-FET-FET_SMD_11.md","91_rejected_low_value\url_003144--gitlab.com-kicad-libraries-kicad-footprints-tree-master-FET-FET_SMD_11.md","1072","91_rejected_low_value","91_rejected_low_value","False","True","True","10","0","junk","removed_embedded_data_images; collapsed_blank_lines","url_003144"
"91_rejected_low_value\url_003145--gitlab.com-kicad-libraries-kicad-footprints-tree-master-FET-FET_SMD_12.md","91_rejected_low_value\url_003145--gitlab.com-kicad-libraries-kicad-footprints-tree-master-FET-FET_SMD_12.md","1072","91_rejected_low_value","91_rejected_low_value","False","True","True","10","0","junk","removed_embedded_data_images; collapsed_blank_lines","url_003145"
"91_rejected_low_value\url_003146--gitlab.com-kicad-libraries-kicad-footprints-tree-master-FET-FET_SMD_2.md","91_rejected_low_value\url_003146--gitlab.com-kicad-libraries-kicad-footprints-tree-master-FET-FET_SMD_2.md","1067","91_rejected_low_value","91_rejected_low_value","False","True","True","10","0","junk","removed_embedded_data_images; collapsed_blank_lines","url_003146"
"91_rejected_low_value\url_003147--gitlab.com-kicad-libraries-kicad-footprints-tree-master-FET-FET_SMD_3.md","91_rejected_low_value\url_003147--gitlab.com-kicad-libraries-kicad-footprints-tree-master-FET-FET_SMD_3.md","1067","91_rejected_low_value","91_rejected_low_value","False","True","True","10","0","junk","removed_embedded_data_images; collapsed_blank_lines","url_003147"
"91_rejected_low_value\url_003148--gitlab.com-kicad-libraries-kicad-footprints-tree-master-FET-FET_SMD_4.md","91_rejected_low_value\url_003148--gitlab.com-kicad-libraries-kicad-footprints-tree-master-FET-FET_SMD_4.md","1067","91_rejected_low_value","91_rejected_low_value","False","True","True","10","0","junk","removed_embedded_data_images; collapsed_blank_lines","url_003148"
"91_rejected_low_value\url_003149--gitlab.com-kicad-libraries-kicad-footprints-tree-master-FET-FET_SMD_5.md","91_rejected_low_value\url_003149--gitlab.com-kicad-libraries-kicad-footprints-tree-master-FET-FET_SMD_5.md","1067","91_rejected_low_value","91_rejected_low_value","False","True","True","10","0","junk","removed_embedded_data_images; collapsed_blank_lines","url_003149"
"91_rejected_low_value\url_003150--gitlab.com-kicad-libraries-kicad-footprints-tree-master-FET-FET_SMD_6.md","91_rejected_low_value\url_003150--gitlab.com-kicad-libraries-kicad-footprints-tree-master-FET-FET_SMD_6.md","1067","91_rejected_low_value","91_rejected_low_value","False","True","True","10","0","junk","removed_embedded_data_images; collapsed_blank_lines","url_003150"
"91_rejected_low_value\url_003151--gitlab.com-kicad-libraries-kicad-footprints-tree-master-FET-FET_SMD_7.md","91_rejected_low_value\url_003151--gitlab.com-kicad-libraries-kicad-footprints-tree-master-FET-FET_SMD_7.md","1067","91_rejected_low_value","91_rejected_low_value","False","True","True","10","0","junk","removed_embedded_data_images; collapsed_blank_lines","url_003151"
"91_rejected_low_value\url_003152--gitlab.com-kicad-libraries-kicad-footprints-tree-master-FET-FET_SMD_8.md","91_rejected_low_value\url_003152--gitlab.com-kicad-libraries-kicad-footprints-tree-master-FET-FET_SMD_8.md","1067","91_rejected_low_value","91_rejected_low_value","False","True","True","10","0","junk","removed_embedded_data_images; collapsed_blank_lines","url_003152"
"91_rejected_low_value\url_003153--gitlab.com-kicad-libraries-kicad-footprints-tree-master-FET-FET_SMD_9.md","91_rejected_low_value\url_003153--gitlab.com-kicad-libraries-kicad-footprints-tree-master-FET-FET_SMD_9.md","1067","91_rejected_low_value","91_rejected_low_value","False","True","True","10","0","junk","removed_embedded_data_images; collapsed_blank_lines","url_003153"
"91_rejected_low_value\url_003154--gitlab.com-kicad-libraries-kicad-footprints-tree-master-Fuse-Fuse_SMD_1.md","91_rejected_low_value\url_003154--gitlab.com-kicad-libraries-kicad-footprints-tree-master-Fuse-Fuse_SMD_1.md","1077","91_rejected_low_value","91_rejected_low_value","False","True","True","10","0","junk","removed_embedded_data_images; collapsed_blank_lines","url_003154"
"91_rejected_low_value\url_003155--gitlab.com-kicad-libraries-kicad-footprints-tree-master-Fuse-Fuse_SMD_10.md","91_rejected_low_value\url_003155--gitlab.com-kicad-libraries-kicad-footprints-tree-master-Fuse-Fuse_SMD_10.md","1082","91_rejected_low_value","91_rejected_low_value","False","True","True","10","0","junk","removed_embedded_data_images; collapsed_blank_lines","url_003155"
"91_rejected_low_value\url_003156--gitlab.com-kicad-libraries-kicad-footprints-tree-master-Fuse-Fuse_SMD_11.md","91_rejected_low_value\url_003156--gitlab.com-kicad-libraries-kicad-footprints-tree-master-Fuse-Fuse_SMD_11.md","1082","91_rejected_low_value","91_rejected_low_value","False","True","True","10","0","junk","removed_embedded_data_images; collapsed_blank_lines","url_003156"
"91_rejected_low_value\url_003157--gitlab.com-kicad-libraries-kicad-footprints-tree-master-Fuse-Fuse_SMD_12.md","91_rejected_low_value\url_003157--gitlab.com-kicad-libraries-kicad-footprints-tree-master-Fuse-Fuse_SMD_12.md","1082","91_rejected_low_value","91_rejected_low_value","False","True","True","10","0","junk","removed_embedded_data_images; collapsed_blank_lines","url_003157"
"91_rejected_low_value\url_003158--gitlab.com-kicad-libraries-kicad-footprints-tree-master-Fuse-Fuse_SMD_2.md","91_rejected_low_value\url_003158--gitlab.com-kicad-libraries-kicad-footprints-tree-master-Fuse-Fuse_SMD_2.md","1077","91_rejected_low_value","91_rejected_low_value","False","True","True","10","0","junk","removed_embedded_data_images; collapsed_blank_lines","url_003158"
"91_rejected_low_value\url_003159--gitlab.com-kicad-libraries-kicad-footprints-tree-master-Fuse-Fuse_SMD_3.md","91_rejected_low_value\url_003159--gitlab.com-kicad-libraries-kicad-footprints-tree-master-Fuse-Fuse_SMD_3.md","1077","91_rejected_low_value","91_rejected_low_value","False","True","True","10","0","junk","removed_embedded_data_images; collapsed_blank_lines","url_003159"
"91_rejected_low_value\url_003160--gitlab.com-kicad-libraries-kicad-footprints-tree-master-Fuse-Fuse_SMD_4.md","91_rejected_low_value\url_003160--gitlab.com-kicad-libraries-kicad-footprints-tree-master-Fuse-Fuse_SMD_4.md","1077","91_rejected_low_value","91_rejected_low_value","False","True","True","10","0","junk","removed_embedded_data_images; collapsed_blank_lines","url_003160"
"91_rejected_low_value\url_003161--gitlab.com-kicad-libraries-kicad-footprints-tree-master-Fuse-Fuse_SMD_5.md","91_rejected_low_value\url_003161--gitlab.com-kicad-libraries-kicad-footprints-tree-master-Fuse-Fuse_SMD_5.md","1077","91_rejected_low_value","91_rejected_low_value","False","True","True","10","0","junk","removed_embedded_data_images; collapsed_blank_lines","url_003161"
"91_rejected_low_value\url_003162--gitlab.com-kicad-libraries-kicad-footprints-tree-master-Fuse-Fuse_SMD_6.md","91_rejected_low_value\url_003162--gitlab.com-kicad-libraries-kicad-footprints-tree-master-Fuse-Fuse_SMD_6.md","1077","91_rejected_low_value","91_rejected_low_value","False","True","True","10","0","junk","removed_embedded_data_images; collapsed_blank_lines","url_003162"
"91_rejected_low_value\url_003163--gitlab.com-kicad-libraries-kicad-footprints-tree-master-Fuse-Fuse_SMD_7.md","91_rejected_low_value\url_003163--gitlab.com-kicad-libraries-kicad-footprints-tree-master-Fuse-Fuse_SMD_7.md","1077","91_rejected_low_value","91_rejected_low_value","False","True","True","10","0","junk","removed_embedded_data_images; collapsed_blank_lines","url_003163"
"91_rejected_low_value\url_003164--gitlab.com-kicad-libraries-kicad-footprints-tree-master-Fuse-Fuse_SMD_8.md","91_rejected_low_value\url_003164--gitlab.com-kicad-libraries-kicad-footprints-tree-master-Fuse-Fuse_SMD_8.md","1077","91_rejected_low_value","91_rejected_low_value","False","True","True","10","0","junk","removed_embedded_data_images; collapsed_blank_lines","url_003164"
"91_rejected_low_value\url_003165--gitlab.com-kicad-libraries-kicad-footprints-tree-master-Fuse-Fuse_SMD_9.md","91_rejected_low_value\url_003165--gitlab.com-kicad-libraries-kicad-footprints-tree-master-Fuse-Fuse_SMD_9.md","1077","91_rejected_low_value","91_rejected_low_value","False","True","True","10","0","junk","removed_embedded_data_images; collapsed_blank_lines","url_003165"
"91_rejected_low_value\url_003166--gitlab.com-kicad-libraries-kicad-footprints-tree-master-IC-IC_1.md","91_rejected_low_value\url_003166--gitlab.com-kicad-libraries-kicad-footprints-tree-master-IC-IC_1.md","1037","91_rejected_low_value","91_rejected_low_value","False","True","True","9","0","junk","removed_embedded_data_images; collapsed_blank_lines","url_003166"
"91_rejected_low_value\url_003167--gitlab.com-kicad-libraries-kicad-footprints-tree-master-IC-IC_10.md","91_rejected_low_value\url_003167--gitlab.com-kicad-libraries-kicad-footprints-tree-master-IC-IC_10.md","1042","91_rejected_low_value","91_rejected_low_value","False","True","True","9","0","junk","removed_embedded_data_images; collapsed_blank_lines","url_003167"
"91_rejected_low_value\url_003168--gitlab.com-kicad-libraries-kicad-footprints-tree-master-IC-IC_11.md","91_rejected_low_value\url_003168--gitlab.com-kicad-libraries-kicad-footprints-tree-master-IC-IC_11.md","1042","91_rejected_low_value","91_rejected_low_value","False","True","True","9","0","junk","removed_embedded_data_images; collapsed_blank_lines","url_003168"
"91_rejected_low_value\url_003169--gitlab.com-kicad-libraries-kicad-footprints-tree-master-IC-IC_12.md","91_rejected_low_value\url_003169--gitlab.com-kicad-libraries-kicad-footprints-tree-master-IC-IC_12.md","1042","91_rejected_low_value","91_rejected_low_value","False","True","True","9","0","junk","removed_embedded_data_images; collapsed_blank_lines","url_003169"
"91_rejected_low_value\url_003170--gitlab.com-kicad-libraries-kicad-footprints-tree-master-IC-IC_13.md","91_rejected_low_value\url_003170--gitlab.com-kicad-libraries-kicad-footprints-tree-master-IC-IC_13.md","1042","91_rejected_low_value","91_rejected_low_value","False","True","True","9","0","junk","removed_embedded_data_images; collapsed_blank_lines","url_003170"
"91_rejected_low_value\url_003171--gitlab.com-kicad-libraries-kicad-footprints-tree-master-IC-IC_14.md","91_rejected_low_value\url_003171--gitlab.com-kicad-libraries-kicad-footprints-tree-master-IC-IC_14.md","1042","91_rejected_low_value","91_rejected_low_value","False","True","True","9","0","junk","removed_embedded_data_images; collapsed_blank_lines","url_003171"
"91_rejected_low_value\url_003172--gitlab.com-kicad-libraries-kicad-footprints-tree-master-IC-IC_15.md","91_rejected_low_value\url_003172--gitlab.com-kicad-libraries-kicad-footprints-tree-master-IC-IC_15.md","1042","91_rejected_low_value","91_rejected_low_value","False","True","True","9","0","junk","removed_embedded_data_images; collapsed_blank_lines","url_003172"
"91_rejected_low_value\url_003173--gitlab.com-kicad-libraries-kicad-footprints-tree-master-IC-IC_16.md","91_rejected_low_value\url_003173--gitlab.com-kicad-libraries-kicad-footprints-tree-master-IC-IC_16.md","1042","91_rejected_low_value","91_rejected_low_value","False","True","True","9","0","junk","removed_embedded_data_images; collapsed_blank_lines","url_003173"
"91_rejected_low_value\url_003174--gitlab.com-kicad-libraries-kicad-footprints-tree-master-IC-IC_17.md","91_rejected_low_value\url_003174--gitlab.com-kicad-libraries-kicad-footprints-tree-master-IC-IC_17.md","1042","91_rejected_low_value","91_rejected_low_value","False","True","True","9","0","junk","removed_embedded_data_images; collapsed_blank_lines","url_003174"
"91_rejected_low_value\url_003175--gitlab.com-kicad-libraries-kicad-footprints-tree-master-IC-IC_18.md","91_rejected_low_value\url_003175--gitlab.com-kicad-libraries-kicad-footprints-tree-master-IC-IC_18.md","1042","91_rejected_low_value","91_rejected_low_value","False","True","True","9","0","junk","removed_embedded_data_images; collapsed_blank_lines","url_003175"
"91_rejected_low_value\url_003176--gitlab.com-kicad-libraries-kicad-footprints-tree-master-IC-IC_19.md","91_rejected_low_value\url_003176--gitlab.com-kicad-libraries-kicad-footprints-tree-master-IC-IC_19.md","1042","91_rejected_low_value","91_rejected_low_value","False","True","True","9","0","junk","removed_embedded_data_images; collapsed_blank_lines","url_003176"
"91_rejected_low_value\url_003177--gitlab.com-kicad-libraries-kicad-footprints-tree-master-IC-IC_2.md","91_rejected_low_value\url_003177--gitlab.com-kicad-libraries-kicad-footprints-tree-master-IC-IC_2.md","1037","91_rejected_low_value","91_rejected_low_value","False","True","True","9","0","junk","removed_embedded_data_images; collapsed_blank_lines","url_003177"
"91_rejected_low_value\url_003178--gitlab.com-kicad-libraries-kicad-footprints-tree-master-IC-IC_20.md","91_rejected_low_value\url_003178--gitlab.com-kicad-libraries-kicad-footprints-tree-master-IC-IC_20.md","1042","91_rejected_low_value","91_rejected_low_value","False","True","True","9","0","junk","removed_embedded_data_images; collapsed_blank_lines","url_003178"
"91_rejected_low_value\url_003179--gitlab.com-kicad-libraries-kicad-footprints-tree-master-IC-IC_3.md","91_rejected_low_value\url_003179--gitlab.com-kicad-libraries-kicad-footprints-tree-master-IC-IC_3.md","1037","91_rejected_low_value","91_rejected_low_value","False","True","True","9","0","junk","removed_embedded_data_images; collapsed_blank_lines","url_003179"
"91_rejected_low_value\url_003180--gitlab.com-kicad-libraries-kicad-footprints-tree-master-IC-IC_4.md","91_rejected_low_value\url_003180--gitlab.com-kicad-libraries-kicad-footprints-tree-master-IC-IC_4.md","1037","91_rejected_low_value","91_rejected_low_value","False","True","True","9","0","junk","removed_embedded_data_images; collapsed_blank_lines","url_003180"
"91_rejected_low_value\url_003181--gitlab.com-kicad-libraries-kicad-footprints-tree-master-IC-IC_5.md","91_rejected_low_value\url_003181--gitlab.com-kicad-libraries-kicad-footprints-tree-master-IC-IC_5.md","1037","91_rejected_low_value","91_rejected_low_value","False","True","True","9","0","junk","removed_embedded_data_images; collapsed_blank_lines","url_003181"
"91_rejected_low_value\url_003182--gitlab.com-kicad-libraries-kicad-footprints-tree-master-IC-IC_6.md","91_rejected_low_value\url_003182--gitlab.com-kicad-libraries-kicad-footprints-tree-master-IC-IC_6.md","1037","91_rejected_low_value","91_rejected_low_value","False","True","True","9","0","junk","removed_embedded_data_images; collapsed_blank_lines","url_003182"
"91_rejected_low_value\url_003183--gitlab.com-kicad-libraries-kicad-footprints-tree-master-IC-IC_7.md","91_rejected_low_value\url_003183--gitlab.com-kicad-libraries-kicad-footprints-tree-master-IC-IC_7.md","1037","91_rejected_low_value","91_rejected_low_value","False","True","True","9","0","junk","removed_embedded_data_images; collapsed_blank_lines","url_003183"
"91_rejected_low_value\url_003184--gitlab.com-kicad-libraries-kicad-footprints-tree-master-IC-IC_8.md","91_rejected_low_value\url_003184--gitlab.com-kicad-libraries-kicad-footprints-tree-master-IC-IC_8.md","1037","91_rejected_low_value","91_rejected_low_value","False","True","True","9","0","junk","removed_embedded_data_images; collapsed_blank_lines","url_003184"
"91_rejected_low_value\url_003185--gitlab.com-kicad-libraries-kicad-footprints-tree-master-IC-IC_9.md","91_rejected_low_value\url_003185--gitlab.com-kicad-libraries-kicad-footprints-tree-master-IC-IC_9.md","1037","91_rejected_low_value","91_rejected_low_value","False","True","True","9","0","junk","removed_embedded_data_images; collapsed_blank_lines","url_003185"
"91_rejected_low_value\url_003186--gitlab.com-kicad-libraries-kicad-footprints-tree-master-IC-IC_SMD_1.md","91_rejected_low_value\url_003186--gitlab.com-kicad-libraries-kicad-footprints-tree-master-IC-IC_SMD_1.md","1057","91_rejected_low_value","91_rejected_low_value","False","True","True","10","0","junk","removed_embedded_data_images; collapsed_blank_lines","url_003186"
"91_rejected_low_value\url_003187--gitlab.com-kicad-libraries-kicad-footprints-tree-master-IC-IC_SMD_10.md","91_rejected_low_value\url_003187--gitlab.com-kicad-libraries-kicad-footprints-tree-master-IC-IC_SMD_10.md","1062","91_rejected_low_value","91_rejected_low_value","False","True","True","10","0","junk","removed_embedded_data_images; collapsed_blank_lines","url_003187"
"91_rejected_low_value\url_003188--gitlab.com-kicad-libraries-kicad-footprints-tree-master-IC-IC_SMD_11.md","91_rejected_low_value\url_003188--gitlab.com-kicad-libraries-kicad-footprints-tree-master-IC-IC_SMD_11.md","1062","91_rejected_low_value","91_rejected_low_value","False","True","True","10","0","junk","removed_embedded_data_images; collapsed_blank_lines","url_003188"
"91_rejected_low_value\url_003189--gitlab.com-kicad-libraries-kicad-footprints-tree-master-IC-IC_SMD_12.md","91_rejected_low_value\url_003189--gitlab.com-kicad-libraries-kicad-footprints-tree-master-IC-IC_SMD_12.md","1062","91_rejected_low_value","91_rejected_low_value","False","True","True","10","0","junk","removed_embedded_data_images; collapsed_blank_lines","url_003189"
"91_rejected_low_value\url_003190--gitlab.com-kicad-libraries-kicad-footprints-tree-master-IC-IC_SMD_2.md","91_rejected_low_value\url_003190--gitlab.com-kicad-libraries-kicad-footprints-tree-master-IC-IC_SMD_2.md","1057","91_rejected_low_value","91_rejected_low_value","False","True","True","10","0","junk","removed_embedded_data_images; collapsed_blank_lines","url_003190"
"91_rejected_low_value\url_003191--gitlab.com-kicad-libraries-kicad-footprints-tree-master-IC-IC_SMD_3.md","91_rejected_low_value\url_003191--gitlab.com-kicad-libraries-kicad-footprints-tree-master-IC-IC_SMD_3.md","1057","91_rejected_low_value","91_rejected_low_value","False","True","True","10","0","junk","removed_embedded_data_images; collapsed_blank_lines","url_003191"
"91_rejected_low_value\url_003192--gitlab.com-kicad-libraries-kicad-footprints-tree-master-IC-IC_SMD_4.md","91_rejected_low_value\url_003192--gitlab.com-kicad-libraries-kicad-footprints-tree-master-IC-IC_SMD_4.md","1057","91_rejected_low_value","91_rejected_low_value","False","True","True","10","0","junk","removed_embedded_data_images; collapsed_blank_lines","url_003192"
"91_rejected_low_value\url_003193--gitlab.com-kicad-libraries-kicad-footprints-tree-master-IC-IC_SMD_5.md","91_rejected_low_value\url_003193--gitlab.com-kicad-libraries-kicad-footprints-tree-master-IC-IC_SMD_5.md","1057","91_rejected_low_value","91_rejected_low_value","False","True","True","10","0","junk","removed_embedded_data_images; collapsed_blank_lines","url_003193"
"91_rejected_low_value\url_003194--gitlab.com-kicad-libraries-kicad-footprints-tree-master-IC-IC_SMD_6.md","91_rejected_low_value\url_003194--gitlab.com-kicad-libraries-kicad-footprints-tree-master-IC-IC_SMD_6.md","1057","91_rejected_low_value","91_rejected_low_value","False","True","True","10","0","junk","removed_embedded_data_images; collapsed_blank_lines","url_003194"
"91_rejected_low_value\url_003195--gitlab.com-kicad-libraries-kicad-footprints-tree-master-IC-IC_SMD_7.md","91_rejected_low_value\url_003195--gitlab.com-kicad-libraries-kicad-footprints-tree-master-IC-IC_SMD_7.md","1057","91_rejected_low_value","91_rejected_low_value","False","True","True","10","0","junk","removed_embedded_data_images; collapsed_blank_lines","url_003195"
"91_rejected_low_value\url_003196--gitlab.com-kicad-libraries-kicad-footprints-tree-master-IC-IC_SMD_8.md","91_rejected_low_value\url_003196--gitlab.com-kicad-libraries-kicad-footprints-tree-master-IC-IC_SMD_8.md","1057","91_rejected_low_value","91_rejected_low_value","False","True","True","10","0","junk","removed_embedded_data_images; collapsed_blank_lines","url_003196"
"91_rejected_low_value\url_003197--gitlab.com-kicad-libraries-kicad-footprints-tree-master-IC-IC_SMD_9.md","91_rejected_low_value\url_003197--gitlab.com-kicad-libraries-kicad-footprints-tree-master-IC-IC_SMD_9.md","1057","91_rejected_low_value","91_rejected_low_value","False","True","True","10","0","junk","removed_embedded_data_images; collapsed_blank_lines","url_003197"
"91_rejected_low_value\url_003198--gitlab.com-kicad-libraries-kicad-footprints-tree-master-Inductor-Inductor_SMD_1.md","91_rejected_low_value\url_003198--gitlab.com-kicad-libraries-kicad-footprints-tree-master-Inductor-Inductor_SMD_1.md","1117","91_rejected_low_value","91_rejected_low_value","False","True","True","10","0","junk","removed_embedded_data_images; collapsed_blank_lines","url_003198"
"91_rejected_low_value\url_003199--gitlab.com-kicad-libraries-kicad-footprints-tree-master-Inductor-Inductor_SMD_10.md","91_rejected_low_value\url_003199--gitlab.com-kicad-libraries-kicad-footprints-tree-master-Inductor-Inductor_SMD_10.md","1122","91_rejected_low_value","91_rejected_low_value","False","True","True","10","0","junk","removed_embedded_data_images; collapsed_blank_lines","url_003199"
"91_rejected_low_value\url_003200--gitlab.com-kicad-libraries-kicad-footprints-tree-master-Inductor-Inductor_SMD_11.md","91_rejected_low_value\url_003200--gitlab.com-kicad-libraries-kicad-footprints-tree-master-Inductor-Inductor_SMD_11.md","1122","91_rejected_low_value","91_rejected_low_value","False","True","True","10","0","junk","removed_embedded_data_images; collapsed_blank_lines","url_003200"
"91_rejected_low_value\url_003201--gitlab.com-kicad-libraries-kicad-footprints-tree-master-Inductor-Inductor_SMD_12.md","91_rejected_low_value\url_003201--gitlab.com-kicad-libraries-kicad-footprints-tree-master-Inductor-Inductor_SMD_12.md","1122","91_rejected_low_value","91_rejected_low_value","False","True","True","10","0","junk","removed_embedded_data_images; collapsed_blank_lines","url_003201"
"91_rejected_low_value\url_003202--gitlab.com-kicad-libraries-kicad-footprints-tree-master-Inductor-Inductor_SMD_2.md","91_rejected_low_value\url_003202--gitlab.com-kicad-libraries-kicad-footprints-tree-master-Inductor-Inductor_SMD_2.md","1117","91_rejected_low_value","91_rejected_low_value","False","True","True","10","0","junk","removed_embedded_data_images; collapsed_blank_lines","url_003202"
"91_rejected_low_value\url_003203--gitlab.com-kicad-libraries-kicad-footprints-tree-master-Inductor-Inductor_SMD_3.md","91_rejected_low_value\url_003203--gitlab.com-kicad-libraries-kicad-footprints-tree-master-Inductor-Inductor_SMD_3.md","1117","91_rejected_low_value","91_rejected_low_value","False","True","True","10","0","junk","removed_embedded_data_images; collapsed_blank_lines","url_003203"
"91_rejected_low_value\url_003204--gitlab.com-kicad-libraries-kicad-footprints-tree-master-Inductor-Inductor_SMD_4.md","91_rejected_low_value\url_003204--gitlab.com-kicad-libraries-kicad-footprints-tree-master-Inductor-Inductor_SMD_4.md","1117","91_rejected_low_value","91_rejected_low_value","False","True","True","10","0","junk","removed_embedded_data_images; collapsed_blank_lines","url_003204"
"91_rejected_low_value\url_003205--gitlab.com-kicad-libraries-kicad-footprints-tree-master-Inductor-Inductor_SMD_5.md","91_rejected_low_value\url_003205--gitlab.com-kicad-libraries-kicad-footprints-tree-master-Inductor-Inductor_SMD_5.md","1117","91_rejected_low_value","91_rejected_low_value","False","True","True","10","0","junk","removed_embedded_data_images; collapsed_blank_lines","url_003205"
"91_rejected_low_value\url_003206--gitlab.com-kicad-libraries-kicad-footprints-tree-master-Inductor-Inductor_SMD_6.md","91_rejected_low_value\url_003206--gitlab.com-kicad-libraries-kicad-footprints-tree-master-Inductor-Inductor_SMD_6.md","1117","91_rejected_low_value","91_rejected_low_value","False","True","True","10","0","junk","removed_embedded_data_images; collapsed_blank_lines","url_003206"
"91_rejected_low_value\url_003207--gitlab.com-kicad-libraries-kicad-footprints-tree-master-Inductor-Inductor_SMD_7.md","91_rejected_low_value\url_003207--gitlab.com-kicad-libraries-kicad-footprints-tree-master-Inductor-Inductor_SMD_7.md","1117","91_rejected_low_value","91_rejected_low_value","False","True","True","10","0","junk","removed_embedded_data_images; collapsed_blank_lines","url_003207"
"91_rejected_low_value\url_003208--gitlab.com-kicad-libraries-kicad-footprints-tree-master-Inductor-Inductor_SMD_8.md","91_rejected_low_value\url_003208--gitlab.com-kicad-libraries-kicad-footprints-tree-master-Inductor-Inductor_SMD_8.md","1117","91_rejected_low_value","91_rejected_low_value","False","True","True","10","0","junk","removed_embedded_data_images; collapsed_blank_lines","url_003208"
"91_rejected_low_value\url_003209--gitlab.com-kicad-libraries-kicad-footprints-tree-master-Inductor-Inductor_SMD_9.md","91_rejected_low_value\url_003209--gitlab.com-kicad-libraries-kicad-footprints-tree-master-Inductor-Inductor_SMD_9.md","1117","91_rejected_low_value","91_rejected_low_value","False","True","True","10","0","junk","removed_embedded_data_images; collapsed_blank_lines","url_003209"
"91_rejected_low_value\url_003210--gitlab.com-kicad-libraries-kicad-footprints-tree-master-Module.pretty.md","91_rejected_low_value\url_003210--gitlab.com-kicad-libraries-kicad-footprints-tree-master-Module.pretty.md","1008","91_rejected_low_value","91_rejected_low_value","False","False","False","1","0","junk","collapsed_blank_lines","url_003210"
"91_rejected_low_value\url_003211--gitlab.com-kicad-libraries-kicad-footprints-tree-master-Oscillator-Oscillator_SMD_1.md","91_rejected_low_value\url_003211--gitlab.com-kicad-libraries-kicad-footprints-tree-master-Oscillator-Oscillator_SMD_1.md","1137","91_rejected_low_value","91_rejected_low_value","False","True","True","10","0","junk","removed_embedded_data_images; collapsed_blank_lines","url_003211"
"91_rejected_low_value\url_003212--gitlab.com-kicad-libraries-kicad-footprints-tree-master-Oscillator-Oscillator_SMD_10.md","91_rejected_low_value\url_003212--gitlab.com-kicad-libraries-kicad-footprints-tree-master-Oscillator-Oscillator_SMD_10.md","1142","91_rejected_low_value","91_rejected_low_value","False","True","True","10","0","junk","removed_embedded_data_images; collapsed_blank_lines","url_003212"
"91_rejected_low_value\url_003213--gitlab.com-kicad-libraries-kicad-footprints-tree-master-Oscillator-Oscillator_SMD_11.md","91_rejected_low_value\url_003213--gitlab.com-kicad-libraries-kicad-footprints-tree-master-Oscillator-Oscillator_SMD_11.md","1142","91_rejected_low_value","91_rejected_low_value","False","True","True","10","0","junk","removed_embedded_data_images; collapsed_blank_lines","url_003213"
"91_rejected_low_value\url_003214--gitlab.com-kicad-libraries-kicad-footprints-tree-master-Oscillator-Oscillator_SMD_12.md","91_rejected_low_value\url_003214--gitlab.com-kicad-libraries-kicad-footprints-tree-master-Oscillator-Oscillator_SMD_12.md","1142","91_rejected_low_value","91_rejected_low_value","False","True","True","10","0","junk","removed_embedded_data_images; collapsed_blank_lines","url_003214"
"91_rejected_low_value\url_003215--gitlab.com-kicad-libraries-kicad-footprints-tree-master-Oscillator-Oscillator_SMD_2.md","91_rejected_low_value\url_003215--gitlab.com-kicad-libraries-kicad-footprints-tree-master-Oscillator-Oscillator_SMD_2.md","1137","91_rejected_low_value","91_rejected_low_value","False","True","True","10","0","junk","removed_embedded_data_images; collapsed_blank_lines","url_003215"
"91_rejected_low_value\url_003216--gitlab.com-kicad-libraries-kicad-footprints-tree-master-Oscillator-Oscillator_SMD_3.md","91_rejected_low_value\url_003216--gitlab.com-kicad-libraries-kicad-footprints-tree-master-Oscillator-Oscillator_SMD_3.md","1137","91_rejected_low_value","91_rejected_low_value","False","True","True","10","0","junk","removed_embedded_data_images; collapsed_blank_lines","url_003216"
"91_rejected_low_value\url_003217--gitlab.com-kicad-libraries-kicad-footprints-tree-master-Oscillator-Oscillator_SMD_4.md","91_rejected_low_value\url_003217--gitlab.com-kicad-libraries-kicad-footprints-tree-master-Oscillator-Oscillator_SMD_4.md","1137","91_rejected_low_value","91_rejected_low_value","False","True","True","10","0","junk","removed_embedded_data_images; collapsed_blank_lines","url_003217"
"91_rejected_low_value\url_003218--gitlab.com-kicad-libraries-kicad-footprints-tree-master-Oscillator-Oscillator_SMD_5.md","91_rejected_low_value\url_003218--gitlab.com-kicad-libraries-kicad-footprints-tree-master-Oscillator-Oscillator_SMD_5.md","1137","91_rejected_low_value","91_rejected_low_value","False","True","True","10","0","junk","removed_embedded_data_images; collapsed_blank_lines","url_003218"
"91_rejected_low_value\url_003219--gitlab.com-kicad-libraries-kicad-footprints-tree-master-Oscillator-Oscillator_SMD_6.md","91_rejected_low_value\url_003219--gitlab.com-kicad-libraries-kicad-footprints-tree-master-Oscillator-Oscillator_SMD_6.md","1137","91_rejected_low_value","91_rejected_low_value","False","True","True","10","0","junk","removed_embedded_data_images; collapsed_blank_lines","url_003219"
"91_rejected_low_value\url_003220--gitlab.com-kicad-libraries-kicad-footprints-tree-master-Oscillator-Oscillator_SMD_7.md","91_rejected_low_value\url_003220--gitlab.com-kicad-libraries-kicad-footprints-tree-master-Oscillator-Oscillator_SMD_7.md","1137","91_rejected_low_value","91_rejected_low_value","False","True","True","10","0","junk","removed_embedded_data_images; collapsed_blank_lines","url_003220"
"91_rejected_low_value\url_003221--gitlab.com-kicad-libraries-kicad-footprints-tree-master-Oscillator-Oscillator_SMD_8.md","91_rejected_low_value\url_003221--gitlab.com-kicad-libraries-kicad-footprints-tree-master-Oscillator-Oscillator_SMD_8.md","1137","91_rejected_low_value","91_rejected_low_value","False","True","True","10","0","junk","removed_embedded_data_images; collapsed_blank_lines","url_003221"
"91_rejected_low_value\url_003222--gitlab.com-kicad-libraries-kicad-footprints-tree-master-Oscillator-Oscillator_SMD_9.md","91_rejected_low_value\url_003222--gitlab.com-kicad-libraries-kicad-footprints-tree-master-Oscillator-Oscillator_SMD_9.md","1137","91_rejected_low_value","91_rejected_low_value","False","True","True","10","0","junk","removed_embedded_data_images; collapsed_blank_lines","url_003222"
"91_rejected_low_value\url_003223--gitlab.com-kicad-libraries-kicad-footprints-tree-master-Package_BGA.pretty.md","91_rejected_low_value\url_003223--gitlab.com-kicad-libraries-kicad-footprints-tree-master-Package_BGA.pretty.md","1028","91_rejected_low_value","91_rejected_low_value","False","False","False","1","0","junk","collapsed_blank_lines","url_003223"
"91_rejected_low_value\url_003224--gitlab.com-kicad-libraries-kicad-footprints-tree-master-Package_CSP.pretty.md","91_rejected_low_value\url_003224--gitlab.com-kicad-libraries-kicad-footprints-tree-master-Package_CSP.pretty.md","1028","91_rejected_low_value","91_rejected_low_value","False","False","False","1","0","junk","collapsed_blank_lines","url_003224"
"91_rejected_low_value\url_003225--gitlab.com-kicad-libraries-kicad-footprints-tree-master-Package_DFN_QFN.pretty.md","91_rejected_low_value\url_003225--gitlab.com-kicad-libraries-kicad-footprints-tree-master-Package_DFN_QFN.pretty.md","1044","91_rejected_low_value","91_rejected_low_value","False","False","False","1","0","junk","collapsed_blank_lines","url_003225"
"91_rejected_low_value\url_003226--gitlab.com-kicad-libraries-kicad-footprints-tree-master-Package_LGA.pretty.md","91_rejected_low_value\url_003226--gitlab.com-kicad-libraries-kicad-footprints-tree-master-Package_LGA.pretty.md","1028","91_rejected_low_value","91_rejected_low_value","False","False","False","1","0","junk","collapsed_blank_lines","url_003226"
"91_rejected_low_value\url_003227--gitlab.com-kicad-libraries-kicad-footprints-tree-master-Package_QFP.pretty.md","91_rejected_low_value\url_003227--gitlab.com-kicad-libraries-kicad-footprints-tree-master-Package_QFP.pretty.md","1028","91_rejected_low_value","91_rejected_low_value","False","False","False","1","0","junk","collapsed_blank_lines","url_003227"
"91_rejected_low_value\url_003228--gitlab.com-kicad-libraries-kicad-footprints-tree-master-Package_SO.pretty.md","91_rejected_low_value\url_003228--gitlab.com-kicad-libraries-kicad-footprints-tree-master-Package_SO.pretty.md","1024","91_rejected_low_value","91_rejected_low_value","False","False","False","1","0","junk","collapsed_blank_lines","url_003228"
"91_rejected_low_value\url_003229--gitlab.com-kicad-libraries-kicad-footprints-tree-master-Package_TO_SOT_SMD.pretty.md","91_rejected_low_value\url_003229--gitlab.com-kicad-libraries-kicad-footprints-tree-master-Package_TO_SOT_SMD.pretty.md","1056","91_rejected_low_value","91_rejected_low_value","False","False","False","1","0","junk","collapsed_blank_lines","url_003229"
"91_rejected_low_value\url_003230--gitlab.com-kicad-libraries-kicad-footprints-tree-master-Potentiometer-Potentiometer_SMD_1.md","91_rejected_low_value\url_003230--gitlab.com-kicad-libraries-kicad-footprints-tree-master-Potentiometer-Potentiometer_SMD_1.md","1167","91_rejected_low_value","91_rejected_low_value","False","True","True","10","0","junk","removed_embedded_data_images; collapsed_blank_lines","url_003230"
"91_rejected_low_value\url_003231--gitlab.com-kicad-libraries-kicad-footprints-tree-master-Potentiometer-Potentiometer_SMD_10.md","91_rejected_low_value\url_003231--gitlab.com-kicad-libraries-kicad-footprints-tree-master-Potentiometer-Potentiometer_SMD_10.md","1172","91_rejected_low_value","91_rejected_low_value","False","True","True","10","0","junk","removed_embedded_data_images; collapsed_blank_lines","url_003231"
"91_rejected_low_value\url_003232--gitlab.com-kicad-libraries-kicad-footprints-tree-master-Potentiometer-Potentiometer_SMD_11.md","91_rejected_low_value\url_003232--gitlab.com-kicad-libraries-kicad-footprints-tree-master-Potentiometer-Potentiometer_SMD_11.md","1172","91_rejected_low_value","91_rejected_low_value","False","True","True","10","0","junk","removed_embedded_data_images; collapsed_blank_lines","url_003232"
"91_rejected_low_value\url_003233--gitlab.com-kicad-libraries-kicad-footprints-tree-master-Potentiometer-Potentiometer_SMD_12.md","91_rejected_low_value\url_003233--gitlab.com-kicad-libraries-kicad-footprints-tree-master-Potentiometer-Potentiometer_SMD_12.md","1172","91_rejected_low_value","91_rejected_low_value","False","True","True","10","0","junk","removed_embedded_data_images; collapsed_blank_lines","url_003233"
"91_rejected_low_value\url_003234--gitlab.com-kicad-libraries-kicad-footprints-tree-master-Potentiometer-Potentiometer_SMD_2.md","91_rejected_low_value\url_003234--gitlab.com-kicad-libraries-kicad-footprints-tree-master-Potentiometer-Potentiometer_SMD_2.md","1167","91_rejected_low_value","91_rejected_low_value","False","True","True","10","0","junk","removed_embedded_data_images; collapsed_blank_lines","url_003234"
"91_rejected_low_value\url_003235--gitlab.com-kicad-libraries-kicad-footprints-tree-master-Potentiometer-Potentiometer_SMD_3.md","91_rejected_low_value\url_003235--gitlab.com-kicad-libraries-kicad-footprints-tree-master-Potentiometer-Potentiometer_SMD_3.md","1167","91_rejected_low_value","91_rejected_low_value","False","True","True","10","0","junk","removed_embedded_data_images; collapsed_blank_lines","url_003235"
"91_rejected_low_value\url_003236--gitlab.com-kicad-libraries-kicad-footprints-tree-master-Potentiometer-Potentiometer_SMD_4.md","91_rejected_low_value\url_003236--gitlab.com-kicad-libraries-kicad-footprints-tree-master-Potentiometer-Potentiometer_SMD_4.md","1167","91_rejected_low_value","91_rejected_low_value","False","True","True","10","0","junk","removed_embedded_data_images; collapsed_blank_lines","url_003236"
"91_rejected_low_value\url_003237--gitlab.com-kicad-libraries-kicad-footprints-tree-master-Potentiometer-Potentiometer_SMD_5.md","91_rejected_low_value\url_003237--gitlab.com-kicad-libraries-kicad-footprints-tree-master-Potentiometer-Potentiometer_SMD_5.md","1167","91_rejected_low_value","91_rejected_low_value","False","True","True","10","0","junk","removed_embedded_data_images; collapsed_blank_lines","url_003237"
"91_rejected_low_value\url_003238--gitlab.com-kicad-libraries-kicad-footprints-tree-master-Potentiometer-Potentiometer_SMD_6.md","91_rejected_low_value\url_003238--gitlab.com-kicad-libraries-kicad-footprints-tree-master-Potentiometer-Potentiometer_SMD_6.md","1167","91_rejected_low_value","91_rejected_low_value","False","True","True","10","0","junk","removed_embedded_data_images; collapsed_blank_lines","url_003238"
"91_rejected_low_value\url_003239--gitlab.com-kicad-libraries-kicad-footprints-tree-master-Potentiometer-Potentiometer_SMD_7.md","91_rejected_low_value\url_003239--gitlab.com-kicad-libraries-kicad-footprints-tree-master-Potentiometer-Potentiometer_SMD_7.md","1167","91_rejected_low_value","91_rejected_low_value","False","True","True","10","0","junk","removed_embedded_data_images; collapsed_blank_lines","url_003239"
"91_rejected_low_value\url_003240--gitlab.com-kicad-libraries-kicad-footprints-tree-master-Potentiometer-Potentiometer_SMD_8.md","91_rejected_low_value\url_003240--gitlab.com-kicad-libraries-kicad-footprints-tree-master-Potentiometer-Potentiometer_SMD_8.md","1167","91_rejected_low_value","91_rejected_low_value","False","True","True","10","0","junk","removed_embedded_data_images; collapsed_blank_lines","url_003240"
"91_rejected_low_value\url_003241--gitlab.com-kicad-libraries-kicad-footprints-tree-master-Potentiometer-Potentiometer_SMD_9.md","91_rejected_low_value\url_003241--gitlab.com-kicad-libraries-kicad-footprints-tree-master-Potentiometer-Potentiometer_SMD_9.md","1167","91_rejected_low_value","91_rejected_low_value","False","True","True","10","0","junk","removed_embedded_data_images; collapsed_blank_lines","url_003241"
"91_rejected_low_value\url_003242--gitlab.com-kicad-libraries-kicad-footprints-tree-master-Relay-Relay_SMD_1.md","91_rejected_low_value\url_003242--gitlab.com-kicad-libraries-kicad-footprints-tree-master-Relay-Relay_SMD_1.md","1087","91_rejected_low_value","91_rejected_low_value","False","True","True","10","0","junk","removed_embedded_data_images; collapsed_blank_lines","url_003242"
"91_rejected_low_value\url_003243--gitlab.com-kicad-libraries-kicad-footprints-tree-master-Relay-Relay_SMD_10.md","91_rejected_low_value\url_003243--gitlab.com-kicad-libraries-kicad-footprints-tree-master-Relay-Relay_SMD_10.md","1092","91_rejected_low_value","91_rejected_low_value","False","True","True","10","0","junk","removed_embedded_data_images; collapsed_blank_lines","url_003243"
"91_rejected_low_value\url_003244--gitlab.com-kicad-libraries-kicad-footprints-tree-master-Relay-Relay_SMD_11.md","91_rejected_low_value\url_003244--gitlab.com-kicad-libraries-kicad-footprints-tree-master-Relay-Relay_SMD_11.md","1092","91_rejected_low_value","91_rejected_low_value","False","True","True","10","0","junk","removed_embedded_data_images; collapsed_blank_lines","url_003244"
"91_rejected_low_value\url_003245--gitlab.com-kicad-libraries-kicad-footprints-tree-master-Relay-Relay_SMD_12.md","91_rejected_low_value\url_003245--gitlab.com-kicad-libraries-kicad-footprints-tree-master-Relay-Relay_SMD_12.md","1092","91_rejected_low_value","91_rejected_low_value","False","True","True","10","0","junk","removed_embedded_data_images; collapsed_blank_lines","url_003245"
"91_rejected_low_value\url_003246--gitlab.com-kicad-libraries-kicad-footprints-tree-master-Relay-Relay_SMD_2.md","91_rejected_low_value\url_003246--gitlab.com-kicad-libraries-kicad-footprints-tree-master-Relay-Relay_SMD_2.md","1087","91_rejected_low_value","91_rejected_low_value","False","True","True","10","0","junk","removed_embedded_data_images; collapsed_blank_lines","url_003246"
"91_rejected_low_value\url_003247--gitlab.com-kicad-libraries-kicad-footprints-tree-master-Relay-Relay_SMD_3.md","91_rejected_low_value\url_003247--gitlab.com-kicad-libraries-kicad-footprints-tree-master-Relay-Relay_SMD_3.md","1087","91_rejected_low_value","91_rejected_low_value","False","True","True","10","0","junk","removed_embedded_data_images; collapsed_blank_lines","url_003247"
"91_rejected_low_value\url_003248--gitlab.com-kicad-libraries-kicad-footprints-tree-master-Relay-Relay_SMD_4.md","91_rejected_low_value\url_003248--gitlab.com-kicad-libraries-kicad-footprints-tree-master-Relay-Relay_SMD_4.md","1087","91_rejected_low_value","91_rejected_low_value","False","True","True","10","0","junk","removed_embedded_data_images; collapsed_blank_lines","url_003248"
"91_rejected_low_value\url_003249--gitlab.com-kicad-libraries-kicad-footprints-tree-master-Relay-Relay_SMD_5.md","91_rejected_low_value\url_003249--gitlab.com-kicad-libraries-kicad-footprints-tree-master-Relay-Relay_SMD_5.md","1087","91_rejected_low_value","91_rejected_low_value","False","True","True","10","0","junk","removed_embedded_data_images; collapsed_blank_lines","url_003249"
"91_rejected_low_value\url_003250--gitlab.com-kicad-libraries-kicad-footprints-tree-master-Relay-Relay_SMD_6.md","91_rejected_low_value\url_003250--gitlab.com-kicad-libraries-kicad-footprints-tree-master-Relay-Relay_SMD_6.md","1087","91_rejected_low_value","91_rejected_low_value","False","True","True","10","0","junk","removed_embedded_data_images; collapsed_blank_lines","url_003250"
"91_rejected_low_value\url_003251--gitlab.com-kicad-libraries-kicad-footprints-tree-master-Relay-Relay_SMD_7.md","91_rejected_low_value\url_003251--gitlab.com-kicad-libraries-kicad-footprints-tree-master-Relay-Relay_SMD_7.md","1087","91_rejected_low_value","91_rejected_low_value","False","True","True","10","0","junk","removed_embedded_data_images; collapsed_blank_lines","url_003251"
"91_rejected_low_value\url_003252--gitlab.com-kicad-libraries-kicad-footprints-tree-master-Relay-Relay_SMD_8.md","91_rejected_low_value\url_003252--gitlab.com-kicad-libraries-kicad-footprints-tree-master-Relay-Relay_SMD_8.md","1087","91_rejected_low_value","91_rejected_low_value","False","True","True","10","0","junk","removed_embedded_data_images; collapsed_blank_lines","url_003252"
"91_rejected_low_value\url_003253--gitlab.com-kicad-libraries-kicad-footprints-tree-master-Relay-Relay_SMD_9.md","91_rejected_low_value\url_003253--gitlab.com-kicad-libraries-kicad-footprints-tree-master-Relay-Relay_SMD_9.md","1087","91_rejected_low_value","91_rejected_low_value","False","True","True","10","0","junk","removed_embedded_data_images; collapsed_blank_lines","url_003253"
"91_rejected_low_value\url_003254--gitlab.com-kicad-libraries-kicad-footprints-tree-master-Resistor_SMD-R1.md","91_rejected_low_value\url_003254--gitlab.com-kicad-libraries-kicad-footprints-tree-master-Resistor_SMD-R1.md","1077","91_rejected_low_value","91_rejected_low_value","False","True","True","9","0","junk","removed_embedded_data_images; collapsed_blank_lines","url_003254"
"91_rejected_low_value\url_003255--gitlab.com-kicad-libraries-kicad-footprints-tree-master-Resistor_SMD-R10.md","91_rejected_low_value\url_003255--gitlab.com-kicad-libraries-kicad-footprints-tree-master-Resistor_SMD-R10.md","1082","91_rejected_low_value","91_rejected_low_value","False","True","True","9","0","junk","removed_embedded_data_images; collapsed_blank_lines","url_003255"
"91_rejected_low_value\url_003256--gitlab.com-kicad-libraries-kicad-footprints-tree-master-Resistor_SMD-R100.md","91_rejected_low_value\url_003256--gitlab.com-kicad-libraries-kicad-footprints-tree-master-Resistor_SMD-R100.md","1087","91_rejected_low_value","91_rejected_low_value","False","True","True","9","0","junk","removed_embedded_data_images; collapsed_blank_lines","url_003256"
"91_rejected_low_value\url_003257--gitlab.com-kicad-libraries-kicad-footprints-tree-master-Resistor_SMD-R11.md","91_rejected_low_value\url_003257--gitlab.com-kicad-libraries-kicad-footprints-tree-master-Resistor_SMD-R11.md","1082","91_rejected_low_value","91_rejected_low_value","False","True","True","9","0","junk","removed_embedded_data_images; collapsed_blank_lines","url_003257"
"91_rejected_low_value\url_003258--gitlab.com-kicad-libraries-kicad-footprints-tree-master-Resistor_SMD-R12.md","91_rejected_low_value\url_003258--gitlab.com-kicad-libraries-kicad-footprints-tree-master-Resistor_SMD-R12.md","1082","91_rejected_low_value","91_rejected_low_value","False","True","True","9","0","junk","removed_embedded_data_images; collapsed_blank_lines","url_003258"
"91_rejected_low_value\url_003259--gitlab.com-kicad-libraries-kicad-footprints-tree-master-Resistor_SMD-R13.md","91_rejected_low_value\url_003259--gitlab.com-kicad-libraries-kicad-footprints-tree-master-Resistor_SMD-R13.md","1082","91_rejected_low_value","91_rejected_low_value","False","True","True","9","0","junk","removed_embedded_data_images; collapsed_blank_lines","url_003259"
"91_rejected_low_value\url_003260--gitlab.com-kicad-libraries-kicad-footprints-tree-master-Resistor_SMD-R14.md","91_rejected_low_value\url_003260--gitlab.com-kicad-libraries-kicad-footprints-tree-master-Resistor_SMD-R14.md","1082","91_rejected_low_value","91_rejected_low_value","False","True","True","9","0","junk","removed_embedded_data_images; collapsed_blank_lines","url_003260"
"91_rejected_low_value\url_003261--gitlab.com-kicad-libraries-kicad-footprints-tree-master-Resistor_SMD-R15.md","91_rejected_low_value\url_003261--gitlab.com-kicad-libraries-kicad-footprints-tree-master-Resistor_SMD-R15.md","1082","91_rejected_low_value","91_rejected_low_value","False","True","True","9","0","junk","removed_embedded_data_images; collapsed_blank_lines","url_003261"
"91_rejected_low_value\url_003262--gitlab.com-kicad-libraries-kicad-footprints-tree-master-Resistor_SMD-R16.md","91_rejected_low_value\url_003262--gitlab.com-kicad-libraries-kicad-footprints-tree-master-Resistor_SMD-R16.md","1082","91_rejected_low_value","91_rejected_low_value","False","True","True","9","0","junk","removed_embedded_data_images; collapsed_blank_lines","url_003262"
"91_rejected_low_value\url_003263--gitlab.com-kicad-libraries-kicad-footprints-tree-master-Resistor_SMD-R17.md","91_rejected_low_value\url_003263--gitlab.com-kicad-libraries-kicad-footprints-tree-master-Resistor_SMD-R17.md","1082","91_rejected_low_value","91_rejected_low_value","False","True","True","9","0","junk","removed_embedded_data_images; collapsed_blank_lines","url_003263"
"91_rejected_low_value\url_003264--gitlab.com-kicad-libraries-kicad-footprints-tree-master-Resistor_SMD-R18.md","91_rejected_low_value\url_003264--gitlab.com-kicad-libraries-kicad-footprints-tree-master-Resistor_SMD-R18.md","1082","91_rejected_low_value","91_rejected_low_value","False","True","True","9","0","junk","removed_embedded_data_images; collapsed_blank_lines","url_003264"
"91_rejected_low_value\url_003265--gitlab.com-kicad-libraries-kicad-footprints-tree-master-Resistor_SMD-R19.md","91_rejected_low_value\url_003265--gitlab.com-kicad-libraries-kicad-footprints-tree-master-Resistor_SMD-R19.md","1082","91_rejected_low_value","91_rejected_low_value","False","True","True","9","0","junk","removed_embedded_data_images; collapsed_blank_lines","url_003265"
"91_rejected_low_value\url_003266--gitlab.com-kicad-libraries-kicad-footprints-tree-master-Resistor_SMD-R2.md","91_rejected_low_value\url_003266--gitlab.com-kicad-libraries-kicad-footprints-tree-master-Resistor_SMD-R2.md","1077","91_rejected_low_value","91_rejected_low_value","False","True","True","9","0","junk","removed_embedded_data_images; collapsed_blank_lines","url_003266"
"91_rejected_low_value\url_003267--gitlab.com-kicad-libraries-kicad-footprints-tree-master-Resistor_SMD-R20.md","91_rejected_low_value\url_003267--gitlab.com-kicad-libraries-kicad-footprints-tree-master-Resistor_SMD-R20.md","1082","91_rejected_low_value","91_rejected_low_value","False","True","True","9","0","junk","removed_embedded_data_images; collapsed_blank_lines","url_003267"
"91_rejected_low_value\url_003268--gitlab.com-kicad-libraries-kicad-footprints-tree-master-Resistor_SMD-R21.md","91_rejected_low_value\url_003268--gitlab.com-kicad-libraries-kicad-footprints-tree-master-Resistor_SMD-R21.md","1082","91_rejected_low_value","91_rejected_low_value","False","True","True","9","0","junk","removed_embedded_data_images; collapsed_blank_lines","url_003268"
"91_rejected_low_value\url_003269--gitlab.com-kicad-libraries-kicad-footprints-tree-master-Resistor_SMD-R22.md","91_rejected_low_value\url_003269--gitlab.com-kicad-libraries-kicad-footprints-tree-master-Resistor_SMD-R22.md","1082","91_rejected_low_value","91_rejected_low_value","False","True","True","9","0","junk","removed_embedded_data_images; collapsed_blank_lines","url_003269"
"91_rejected_low_value\url_003270--gitlab.com-kicad-libraries-kicad-footprints-tree-master-Resistor_SMD-R23.md","91_rejected_low_value\url_003270--gitlab.com-kicad-libraries-kicad-footprints-tree-master-Resistor_SMD-R23.md","1082","91_rejected_low_value","91_rejected_low_value","False","True","True","9","0","junk","removed_embedded_data_images; collapsed_blank_lines","url_003270"
"91_rejected_low_value\url_003271--gitlab.com-kicad-libraries-kicad-footprints-tree-master-Resistor_SMD-R24.md","91_rejected_low_value\url_003271--gitlab.com-kicad-libraries-kicad-footprints-tree-master-Resistor_SMD-R24.md","1082","91_rejected_low_value","91_rejected_low_value","False","True","True","9","0","junk","removed_embedded_data_images; collapsed_blank_lines","url_003271"
"91_rejected_low_value\url_003272--gitlab.com-kicad-libraries-kicad-footprints-tree-master-Resistor_SMD-R25.md","91_rejected_low_value\url_003272--gitlab.com-kicad-libraries-kicad-footprints-tree-master-Resistor_SMD-R25.md","1082","91_rejected_low_value","91_rejected_low_value","False","True","True","9","0","junk","removed_embedded_data_images; collapsed_blank_lines","url_003272"
"91_rejected_low_value\url_003273--gitlab.com-kicad-libraries-kicad-footprints-tree-master-Resistor_SMD-R26.md","91_rejected_low_value\url_003273--gitlab.com-kicad-libraries-kicad-footprints-tree-master-Resistor_SMD-R26.md","1082","91_rejected_low_value","91_rejected_low_value","False","True","True","9","0","junk","removed_embedded_data_images; collapsed_blank_lines","url_003273"
"91_rejected_low_value\url_003274--gitlab.com-kicad-libraries-kicad-footprints-tree-master-Resistor_SMD-R27.md","91_rejected_low_value\url_003274--gitlab.com-kicad-libraries-kicad-footprints-tree-master-Resistor_SMD-R27.md","1082","91_rejected_low_value","91_rejected_low_value","False","True","True","9","0","junk","removed_embedded_data_images; collapsed_blank_lines","url_003274"
"91_rejected_low_value\url_003275--gitlab.com-kicad-libraries-kicad-footprints-tree-master-Resistor_SMD-R28.md","91_rejected_low_value\url_003275--gitlab.com-kicad-libraries-kicad-footprints-tree-master-Resistor_SMD-R28.md","1082","91_rejected_low_value","91_rejected_low_value","False","True","True","9","0","junk","removed_embedded_data_images; collapsed_blank_lines","url_003275"
"91_rejected_low_value\url_003276--gitlab.com-kicad-libraries-kicad-footprints-tree-master-Resistor_SMD-R29.md","91_rejected_low_value\url_003276--gitlab.com-kicad-libraries-kicad-footprints-tree-master-Resistor_SMD-R29.md","1082","91_rejected_low_value","91_rejected_low_value","False","True","True","9","0","junk","removed_embedded_data_images; collapsed_blank_lines","url_003276"
"91_rejected_low_value\url_003277--gitlab.com-kicad-libraries-kicad-footprints-tree-master-Resistor_SMD-R3.md","91_rejected_low_value\url_003277--gitlab.com-kicad-libraries-kicad-footprints-tree-master-Resistor_SMD-R3.md","1077","91_rejected_low_value","91_rejected_low_value","False","True","True","9","0","junk","removed_embedded_data_images; collapsed_blank_lines","url_003277"
"91_rejected_low_value\url_003278--gitlab.com-kicad-libraries-kicad-footprints-tree-master-Resistor_SMD-R30.md","91_rejected_low_value\url_003278--gitlab.com-kicad-libraries-kicad-footprints-tree-master-Resistor_SMD-R30.md","1082","91_rejected_low_value","91_rejected_low_value","False","True","True","9","0","junk","removed_embedded_data_images; collapsed_blank_lines","url_003278"
"91_rejected_low_value\url_003279--gitlab.com-kicad-libraries-kicad-footprints-tree-master-Resistor_SMD-R31.md","91_rejected_low_value\url_003279--gitlab.com-kicad-libraries-kicad-footprints-tree-master-Resistor_SMD-R31.md","1082","91_rejected_low_value","91_rejected_low_value","False","True","True","9","0","junk","removed_embedded_data_images; collapsed_blank_lines","url_003279"
"91_rejected_low_value\url_003280--gitlab.com-kicad-libraries-kicad-footprints-tree-master-Resistor_SMD-R32.md","91_rejected_low_value\url_003280--gitlab.com-kicad-libraries-kicad-footprints-tree-master-Resistor_SMD-R32.md","1082","91_rejected_low_value","91_rejected_low_value","False","True","True","9","0","junk","removed_embedded_data_images; collapsed_blank_lines","url_003280"
"91_rejected_low_value\url_003281--gitlab.com-kicad-libraries-kicad-footprints-tree-master-Resistor_SMD-R33.md","91_rejected_low_value\url_003281--gitlab.com-kicad-libraries-kicad-footprints-tree-master-Resistor_SMD-R33.md","1082","91_rejected_low_value","91_rejected_low_value","False","True","True","9","0","junk","removed_embedded_data_images; collapsed_blank_lines","url_003281"
"91_rejected_low_value\url_003282--gitlab.com-kicad-libraries-kicad-footprints-tree-master-Resistor_SMD-R34.md","91_rejected_low_value\url_003282--gitlab.com-kicad-libraries-kicad-footprints-tree-master-Resistor_SMD-R34.md","1082","91_rejected_low_value","91_rejected_low_value","False","True","True","9","0","junk","removed_embedded_data_images; collapsed_blank_lines","url_003282"
"91_rejected_low_value\url_003283--gitlab.com-kicad-libraries-kicad-footprints-tree-master-Resistor_SMD-R35.md","91_rejected_low_value\url_003283--gitlab.com-kicad-libraries-kicad-footprints-tree-master-Resistor_SMD-R35.md","1082","91_rejected_low_value","91_rejected_low_value","False","True","True","9","0","junk","removed_embedded_data_images; collapsed_blank_lines","url_003283"
"91_rejected_low_value\url_003284--gitlab.com-kicad-libraries-kicad-footprints-tree-master-Resistor_SMD-R36.md","91_rejected_low_value\url_003284--gitlab.com-kicad-libraries-kicad-footprints-tree-master-Resistor_SMD-R36.md","1082","91_rejected_low_value","91_rejected_low_value","False","True","True","9","0","junk","removed_embedded_data_images; collapsed_blank_lines","url_003284"
"91_rejected_low_value\url_003285--gitlab.com-kicad-libraries-kicad-footprints-tree-master-Resistor_SMD-R37.md","91_rejected_low_value\url_003285--gitlab.com-kicad-libraries-kicad-footprints-tree-master-Resistor_SMD-R37.md","1082","91_rejected_low_value","91_rejected_low_value","False","True","True","9","0","junk","removed_embedded_data_images; collapsed_blank_lines","url_003285"
"91_rejected_low_value\url_003286--gitlab.com-kicad-libraries-kicad-footprints-tree-master-Resistor_SMD-R38.md","91_rejected_low_value\url_003286--gitlab.com-kicad-libraries-kicad-footprints-tree-master-Resistor_SMD-R38.md","1082","91_rejected_low_value","91_rejected_low_value","False","True","True","9","0","junk","removed_embedded_data_images; collapsed_blank_lines","url_003286"
"91_rejected_low_value\url_003287--gitlab.com-kicad-libraries-kicad-footprints-tree-master-Resistor_SMD-R39.md","91_rejected_low_value\url_003287--gitlab.com-kicad-libraries-kicad-footprints-tree-master-Resistor_SMD-R39.md","1082","91_rejected_low_value","91_rejected_low_value","False","True","True","9","0","junk","removed_embedded_data_images; collapsed_blank_lines","url_003287"
"91_rejected_low_value\url_003288--gitlab.com-kicad-libraries-kicad-footprints-tree-master-Resistor_SMD-R4.md","91_rejected_low_value\url_003288--gitlab.com-kicad-libraries-kicad-footprints-tree-master-Resistor_SMD-R4.md","1077","91_rejected_low_value","91_rejected_low_value","False","True","True","9","0","junk","removed_embedded_data_images; collapsed_blank_lines","url_003288"
"91_rejected_low_value\url_003289--gitlab.com-kicad-libraries-kicad-footprints-tree-master-Resistor_SMD-R40.md","91_rejected_low_value\url_003289--gitlab.com-kicad-libraries-kicad-footprints-tree-master-Resistor_SMD-R40.md","1082","91_rejected_low_value","91_rejected_low_value","False","True","True","9","0","junk","removed_embedded_data_images; collapsed_blank_lines","url_003289"
"91_rejected_low_value\url_003290--gitlab.com-kicad-libraries-kicad-footprints-tree-master-Resistor_SMD-R41.md","91_rejected_low_value\url_003290--gitlab.com-kicad-libraries-kicad-footprints-tree-master-Resistor_SMD-R41.md","1082","91_rejected_low_value","91_rejected_low_value","False","True","True","9","0","junk","removed_embedded_data_images; collapsed_blank_lines","url_003290"
"91_rejected_low_value\url_003291--gitlab.com-kicad-libraries-kicad-footprints-tree-master-Resistor_SMD-R42.md","91_rejected_low_value\url_003291--gitlab.com-kicad-libraries-kicad-footprints-tree-master-Resistor_SMD-R42.md","1082","91_rejected_low_value","91_rejected_low_value","False","True","True","9","0","junk","removed_embedded_data_images; collapsed_blank_lines","url_003291"
"91_rejected_low_value\url_003292--gitlab.com-kicad-libraries-kicad-footprints-tree-master-Resistor_SMD-R43.md","91_rejected_low_value\url_003292--gitlab.com-kicad-libraries-kicad-footprints-tree-master-Resistor_SMD-R43.md","1082","91_rejected_low_value","91_rejected_low_value","False","True","True","9","0","junk","removed_embedded_data_images; collapsed_blank_lines","url_003292"
"91_rejected_low_value\url_003293--gitlab.com-kicad-libraries-kicad-footprints-tree-master-Resistor_SMD-R44.md","91_rejected_low_value\url_003293--gitlab.com-kicad-libraries-kicad-footprints-tree-master-Resistor_SMD-R44.md","1082","91_rejected_low_value","91_rejected_low_value","False","True","True","9","0","junk","removed_embedded_data_images; collapsed_blank_lines","url_003293"
"91_rejected_low_value\url_003294--gitlab.com-kicad-libraries-kicad-footprints-tree-master-Resistor_SMD-R45.md","91_rejected_low_value\url_003294--gitlab.com-kicad-libraries-kicad-footprints-tree-master-Resistor_SMD-R45.md","1082","91_rejected_low_value","91_rejected_low_value","False","True","True","9","0","junk","removed_embedded_data_images; collapsed_blank_lines","url_003294"
"91_rejected_low_value\url_003295--gitlab.com-kicad-libraries-kicad-footprints-tree-master-Resistor_SMD-R46.md","91_rejected_low_value\url_003295--gitlab.com-kicad-libraries-kicad-footprints-tree-master-Resistor_SMD-R46.md","1082","91_rejected_low_value","91_rejected_low_value","False","True","True","9","0","junk","removed_embedded_data_images; collapsed_blank_lines","url_003295"
"91_rejected_low_value\url_003296--gitlab.com-kicad-libraries-kicad-footprints-tree-master-Resistor_SMD-R47.md","91_rejected_low_value\url_003296--gitlab.com-kicad-libraries-kicad-footprints-tree-master-Resistor_SMD-R47.md","1082","91_rejected_low_value","91_rejected_low_value","False","True","True","9","0","junk","removed_embedded_data_images; collapsed_blank_lines","url_003296"
"91_rejected_low_value\url_003297--gitlab.com-kicad-libraries-kicad-footprints-tree-master-Resistor_SMD-R48.md","91_rejected_low_value\url_003297--gitlab.com-kicad-libraries-kicad-footprints-tree-master-Resistor_SMD-R48.md","1082","91_rejected_low_value","91_rejected_low_value","False","True","True","9","0","junk","removed_embedded_data_images; collapsed_blank_lines","url_003297"
"91_rejected_low_value\url_003298--gitlab.com-kicad-libraries-kicad-footprints-tree-master-Resistor_SMD-R49.md","91_rejected_low_value\url_003298--gitlab.com-kicad-libraries-kicad-footprints-tree-master-Resistor_SMD-R49.md","1082","91_rejected_low_value","91_rejected_low_value","False","True","True","9","0","junk","removed_embedded_data_images; collapsed_blank_lines","url_003298"
"91_rejected_low_value\url_003299--gitlab.com-kicad-libraries-kicad-footprints-tree-master-Resistor_SMD-R5.md","91_rejected_low_value\url_003299--gitlab.com-kicad-libraries-kicad-footprints-tree-master-Resistor_SMD-R5.md","1077","91_rejected_low_value","91_rejected_low_value","False","True","True","9","0","junk","removed_embedded_data_images; collapsed_blank_lines","url_003299"
"91_rejected_low_value\url_003300--gitlab.com-kicad-libraries-kicad-footprints-tree-master-Resistor_SMD-R50.md","91_rejected_low_value\url_003300--gitlab.com-kicad-libraries-kicad-footprints-tree-master-Resistor_SMD-R50.md","1082","91_rejected_low_value","91_rejected_low_value","False","True","True","9","0","junk","removed_embedded_data_images; collapsed_blank_lines","url_003300"
"91_rejected_low_value\url_003301--gitlab.com-kicad-libraries-kicad-footprints-tree-master-Resistor_SMD-R51.md","91_rejected_low_value\url_003301--gitlab.com-kicad-libraries-kicad-footprints-tree-master-Resistor_SMD-R51.md","1082","91_rejected_low_value","91_rejected_low_value","False","True","True","9","0","junk","removed_embedded_data_images; collapsed_blank_lines","url_003301"
"91_rejected_low_value\url_003302--gitlab.com-kicad-libraries-kicad-footprints-tree-master-Resistor_SMD-R52.md","91_rejected_low_value\url_003302--gitlab.com-kicad-libraries-kicad-footprints-tree-master-Resistor_SMD-R52.md","1082","91_rejected_low_value","91_rejected_low_value","False","True","True","9","0","junk","removed_embedded_data_images; collapsed_blank_lines","url_003302"
"91_rejected_low_value\url_003303--gitlab.com-kicad-libraries-kicad-footprints-tree-master-Resistor_SMD-R53.md","91_rejected_low_value\url_003303--gitlab.com-kicad-libraries-kicad-footprints-tree-master-Resistor_SMD-R53.md","1082","91_rejected_low_value","91_rejected_low_value","False","True","True","9","0","junk","removed_embedded_data_images; collapsed_blank_lines","url_003303"
"91_rejected_low_value\url_003304--gitlab.com-kicad-libraries-kicad-footprints-tree-master-Resistor_SMD-R54.md","91_rejected_low_value\url_003304--gitlab.com-kicad-libraries-kicad-footprints-tree-master-Resistor_SMD-R54.md","1082","91_rejected_low_value","91_rejected_low_value","False","True","True","9","0","junk","removed_embedded_data_images; collapsed_blank_lines","url_003304"
"91_rejected_low_value\url_003305--gitlab.com-kicad-libraries-kicad-footprints-tree-master-Resistor_SMD-R55.md","91_rejected_low_value\url_003305--gitlab.com-kicad-libraries-kicad-footprints-tree-master-Resistor_SMD-R55.md","1082","91_rejected_low_value","91_rejected_low_value","False","True","True","9","0","junk","removed_embedded_data_images; collapsed_blank_lines","url_003305"
"91_rejected_low_value\url_003306--gitlab.com-kicad-libraries-kicad-footprints-tree-master-Resistor_SMD-R56.md","91_rejected_low_value\url_003306--gitlab.com-kicad-libraries-kicad-footprints-tree-master-Resistor_SMD-R56.md","1082","91_rejected_low_value","91_rejected_low_value","False","True","True","9","0","junk","removed_embedded_data_images; collapsed_blank_lines","url_003306"
"91_rejected_low_value\url_003307--gitlab.com-kicad-libraries-kicad-footprints-tree-master-Resistor_SMD-R57.md","91_rejected_low_value\url_003307--gitlab.com-kicad-libraries-kicad-footprints-tree-master-Resistor_SMD-R57.md","1082","91_rejected_low_value","91_rejected_low_value","False","True","True","9","0","junk","removed_embedded_data_images; collapsed_blank_lines","url_003307"
"91_rejected_low_value\url_003308--gitlab.com-kicad-libraries-kicad-footprints-tree-master-Resistor_SMD-R58.md","91_rejected_low_value\url_003308--gitlab.com-kicad-libraries-kicad-footprints-tree-master-Resistor_SMD-R58.md","1082","91_rejected_low_value","91_rejected_low_value","False","True","True","9","0","junk","removed_embedded_data_images; collapsed_blank_lines","url_003308"
"91_rejected_low_value\url_003309--gitlab.com-kicad-libraries-kicad-footprints-tree-master-Resistor_SMD-R59.md","91_rejected_low_value\url_003309--gitlab.com-kicad-libraries-kicad-footprints-tree-master-Resistor_SMD-R59.md","1082","91_rejected_low_value","91_rejected_low_value","False","True","True","9","0","junk","removed_embedded_data_images; collapsed_blank_lines","url_003309"
"91_rejected_low_value\url_003310--gitlab.com-kicad-libraries-kicad-footprints-tree-master-Resistor_SMD-R6.md","91_rejected_low_value\url_003310--gitlab.com-kicad-libraries-kicad-footprints-tree-master-Resistor_SMD-R6.md","1077","91_rejected_low_value","91_rejected_low_value","False","True","True","9","0","junk","removed_embedded_data_images; collapsed_blank_lines","url_003310"
"91_rejected_low_value\url_003311--gitlab.com-kicad-libraries-kicad-footprints-tree-master-Resistor_SMD-R60.md","91_rejected_low_value\url_003311--gitlab.com-kicad-libraries-kicad-footprints-tree-master-Resistor_SMD-R60.md","1082","91_rejected_low_value","91_rejected_low_value","False","True","True","9","0","junk","removed_embedded_data_images; collapsed_blank_lines","url_003311"
"91_rejected_low_value\url_003312--gitlab.com-kicad-libraries-kicad-footprints-tree-master-Resistor_SMD-R61.md","91_rejected_low_value\url_003312--gitlab.com-kicad-libraries-kicad-footprints-tree-master-Resistor_SMD-R61.md","1082","91_rejected_low_value","91_rejected_low_value","False","True","True","9","0","junk","removed_embedded_data_images; collapsed_blank_lines","url_003312"
"91_rejected_low_value\url_003313--gitlab.com-kicad-libraries-kicad-footprints-tree-master-Resistor_SMD-R62.md","91_rejected_low_value\url_003313--gitlab.com-kicad-libraries-kicad-footprints-tree-master-Resistor_SMD-R62.md","1082","91_rejected_low_value","91_rejected_low_value","False","True","True","9","0","junk","removed_embedded_data_images; collapsed_blank_lines","url_003313"
"91_rejected_low_value\url_003314--gitlab.com-kicad-libraries-kicad-footprints-tree-master-Resistor_SMD-R63.md","91_rejected_low_value\url_003314--gitlab.com-kicad-libraries-kicad-footprints-tree-master-Resistor_SMD-R63.md","1082","91_rejected_low_value","91_rejected_low_value","False","True","True","9","0","junk","removed_embedded_data_images; collapsed_blank_lines","url_003314"
"91_rejected_low_value\url_003315--gitlab.com-kicad-libraries-kicad-footprints-tree-master-Resistor_SMD-R64.md","91_rejected_low_value\url_003315--gitlab.com-kicad-libraries-kicad-footprints-tree-master-Resistor_SMD-R64.md","1082","91_rejected_low_value","91_rejected_low_value","False","True","True","9","0","junk","removed_embedded_data_images; collapsed_blank_lines","url_003315"
"91_rejected_low_value\url_003316--gitlab.com-kicad-libraries-kicad-footprints-tree-master-Resistor_SMD-R65.md","91_rejected_low_value\url_003316--gitlab.com-kicad-libraries-kicad-footprints-tree-master-Resistor_SMD-R65.md","1082","91_rejected_low_value","91_rejected_low_value","False","True","True","9","0","junk","removed_embedded_data_images; collapsed_blank_lines","url_003316"
"91_rejected_low_value\url_003317--gitlab.com-kicad-libraries-kicad-footprints-tree-master-Resistor_SMD-R66.md","91_rejected_low_value\url_003317--gitlab.com-kicad-libraries-kicad-footprints-tree-master-Resistor_SMD-R66.md","1082","91_rejected_low_value","91_rejected_low_value","False","True","True","9","0","junk","removed_embedded_data_images; collapsed_blank_lines","url_003317"
"91_rejected_low_value\url_003318--gitlab.com-kicad-libraries-kicad-footprints-tree-master-Resistor_SMD-R67.md","91_rejected_low_value\url_003318--gitlab.com-kicad-libraries-kicad-footprints-tree-master-Resistor_SMD-R67.md","1082","91_rejected_low_value","91_rejected_low_value","False","True","True","9","0","junk","removed_embedded_data_images; collapsed_blank_lines","url_003318"
"91_rejected_low_value\url_003319--gitlab.com-kicad-libraries-kicad-footprints-tree-master-Resistor_SMD-R68.md","91_rejected_low_value\url_003319--gitlab.com-kicad-libraries-kicad-footprints-tree-master-Resistor_SMD-R68.md","1082","91_rejected_low_value","91_rejected_low_value","False","True","True","9","0","junk","removed_embedded_data_images; collapsed_blank_lines","url_003319"
"91_rejected_low_value\url_003320--gitlab.com-kicad-libraries-kicad-footprints-tree-master-Resistor_SMD-R69.md","91_rejected_low_value\url_003320--gitlab.com-kicad-libraries-kicad-footprints-tree-master-Resistor_SMD-R69.md","1082","91_rejected_low_value","91_rejected_low_value","False","True","True","9","0","junk","removed_embedded_data_images; collapsed_blank_lines","url_003320"
"91_rejected_low_value\url_003321--gitlab.com-kicad-libraries-kicad-footprints-tree-master-Resistor_SMD-R7.md","91_rejected_low_value\url_003321--gitlab.com-kicad-libraries-kicad-footprints-tree-master-Resistor_SMD-R7.md","1077","91_rejected_low_value","91_rejected_low_value","False","True","True","9","0","junk","removed_embedded_data_images; collapsed_blank_lines","url_003321"
"91_rejected_low_value\url_003322--gitlab.com-kicad-libraries-kicad-footprints-tree-master-Resistor_SMD-R70.md","91_rejected_low_value\url_003322--gitlab.com-kicad-libraries-kicad-footprints-tree-master-Resistor_SMD-R70.md","1082","91_rejected_low_value","91_rejected_low_value","False","True","True","9","0","junk","removed_embedded_data_images; collapsed_blank_lines","url_003322"
"91_rejected_low_value\url_003323--gitlab.com-kicad-libraries-kicad-footprints-tree-master-Resistor_SMD-R71.md","91_rejected_low_value\url_003323--gitlab.com-kicad-libraries-kicad-footprints-tree-master-Resistor_SMD-R71.md","1082","91_rejected_low_value","91_rejected_low_value","False","True","True","9","0","junk","removed_embedded_data_images; collapsed_blank_lines","url_003323"
"91_rejected_low_value\url_003324--gitlab.com-kicad-libraries-kicad-footprints-tree-master-Resistor_SMD-R72.md","91_rejected_low_value\url_003324--gitlab.com-kicad-libraries-kicad-footprints-tree-master-Resistor_SMD-R72.md","1082","91_rejected_low_value","91_rejected_low_value","False","True","True","9","0","junk","removed_embedded_data_images; collapsed_blank_lines","url_003324"
"91_rejected_low_value\url_003325--gitlab.com-kicad-libraries-kicad-footprints-tree-master-Resistor_SMD-R73.md","91_rejected_low_value\url_003325--gitlab.com-kicad-libraries-kicad-footprints-tree-master-Resistor_SMD-R73.md","1082","91_rejected_low_value","91_rejected_low_value","False","True","True","9","0","junk","removed_embedded_data_images; collapsed_blank_lines","url_003325"
"91_rejected_low_value\url_003326--gitlab.com-kicad-libraries-kicad-footprints-tree-master-Resistor_SMD-R74.md","91_rejected_low_value\url_003326--gitlab.com-kicad-libraries-kicad-footprints-tree-master-Resistor_SMD-R74.md","1082","91_rejected_low_value","91_rejected_low_value","False","True","True","9","0","junk","removed_embedded_data_images; collapsed_blank_lines","url_003326"
"91_rejected_low_value\url_003327--gitlab.com-kicad-libraries-kicad-footprints-tree-master-Resistor_SMD-R75.md","91_rejected_low_value\url_003327--gitlab.com-kicad-libraries-kicad-footprints-tree-master-Resistor_SMD-R75.md","1082","91_rejected_low_value","91_rejected_low_value","False","True","True","9","0","junk","removed_embedded_data_images; collapsed_blank_lines","url_003327"
"91_rejected_low_value\url_003328--gitlab.com-kicad-libraries-kicad-footprints-tree-master-Resistor_SMD-R76.md","91_rejected_low_value\url_003328--gitlab.com-kicad-libraries-kicad-footprints-tree-master-Resistor_SMD-R76.md","1082","91_rejected_low_value","91_rejected_low_value","False","True","True","9","0","junk","removed_embedded_data_images; collapsed_blank_lines","url_003328"
"91_rejected_low_value\url_003329--gitlab.com-kicad-libraries-kicad-footprints-tree-master-Resistor_SMD-R77.md","91_rejected_low_value\url_003329--gitlab.com-kicad-libraries-kicad-footprints-tree-master-Resistor_SMD-R77.md","1082","91_rejected_low_value","91_rejected_low_value","False","True","True","9","0","junk","removed_embedded_data_images; collapsed_blank_lines","url_003329"
"91_rejected_low_value\url_003330--gitlab.com-kicad-libraries-kicad-footprints-tree-master-Resistor_SMD-R78.md","91_rejected_low_value\url_003330--gitlab.com-kicad-libraries-kicad-footprints-tree-master-Resistor_SMD-R78.md","1082","91_rejected_low_value","91_rejected_low_value","False","True","True","9","0","junk","removed_embedded_data_images; collapsed_blank_lines","url_003330"
"91_rejected_low_value\url_003331--gitlab.com-kicad-libraries-kicad-footprints-tree-master-Resistor_SMD-R79.md","91_rejected_low_value\url_003331--gitlab.com-kicad-libraries-kicad-footprints-tree-master-Resistor_SMD-R79.md","1082","91_rejected_low_value","91_rejected_low_value","False","True","True","9","0","junk","removed_embedded_data_images; collapsed_blank_lines","url_003331"
"91_rejected_low_value\url_003332--gitlab.com-kicad-libraries-kicad-footprints-tree-master-Resistor_SMD-R8.md","91_rejected_low_value\url_003332--gitlab.com-kicad-libraries-kicad-footprints-tree-master-Resistor_SMD-R8.md","1077","91_rejected_low_value","91_rejected_low_value","False","True","True","9","0","junk","removed_embedded_data_images; collapsed_blank_lines","url_003332"
"91_rejected_low_value\url_003333--gitlab.com-kicad-libraries-kicad-footprints-tree-master-Resistor_SMD-R80.md","91_rejected_low_value\url_003333--gitlab.com-kicad-libraries-kicad-footprints-tree-master-Resistor_SMD-R80.md","1082","91_rejected_low_value","91_rejected_low_value","False","True","True","9","0","junk","removed_embedded_data_images; collapsed_blank_lines","url_003333"
"91_rejected_low_value\url_003334--gitlab.com-kicad-libraries-kicad-footprints-tree-master-Resistor_SMD-R81.md","91_rejected_low_value\url_003334--gitlab.com-kicad-libraries-kicad-footprints-tree-master-Resistor_SMD-R81.md","1082","91_rejected_low_value","91_rejected_low_value","False","True","True","9","0","junk","removed_embedded_data_images; collapsed_blank_lines","url_003334"
"91_rejected_low_value\url_003335--gitlab.com-kicad-libraries-kicad-footprints-tree-master-Resistor_SMD-R82.md","91_rejected_low_value\url_003335--gitlab.com-kicad-libraries-kicad-footprints-tree-master-Resistor_SMD-R82.md","1082","91_rejected_low_value","91_rejected_low_value","False","True","True","9","0","junk","removed_embedded_data_images; collapsed_blank_lines","url_003335"
"91_rejected_low_value\url_003336--gitlab.com-kicad-libraries-kicad-footprints-tree-master-Resistor_SMD-R83.md","91_rejected_low_value\url_003336--gitlab.com-kicad-libraries-kicad-footprints-tree-master-Resistor_SMD-R83.md","1082","91_rejected_low_value","91_rejected_low_value","False","True","True","9","0","junk","removed_embedded_data_images; collapsed_blank_lines","url_003336"
"91_rejected_low_value\url_003337--gitlab.com-kicad-libraries-kicad-footprints-tree-master-Resistor_SMD-R84.md","91_rejected_low_value\url_003337--gitlab.com-kicad-libraries-kicad-footprints-tree-master-Resistor_SMD-R84.md","1082","91_rejected_low_value","91_rejected_low_value","False","True","True","9","0","junk","removed_embedded_data_images; collapsed_blank_lines","url_003337"
"91_rejected_low_value\url_003338--gitlab.com-kicad-libraries-kicad-footprints-tree-master-Resistor_SMD-R85.md","91_rejected_low_value\url_003338--gitlab.com-kicad-libraries-kicad-footprints-tree-master-Resistor_SMD-R85.md","1082","91_rejected_low_value","91_rejected_low_value","False","True","True","9","0","junk","removed_embedded_data_images; collapsed_blank_lines","url_003338"
"91_rejected_low_value\url_003339--gitlab.com-kicad-libraries-kicad-footprints-tree-master-Resistor_SMD-R86.md","91_rejected_low_value\url_003339--gitlab.com-kicad-libraries-kicad-footprints-tree-master-Resistor_SMD-R86.md","1082","91_rejected_low_value","91_rejected_low_value","False","True","True","9","0","junk","removed_embedded_data_images; collapsed_blank_lines","url_003339"
"91_rejected_low_value\url_003340--gitlab.com-kicad-libraries-kicad-footprints-tree-master-Resistor_SMD-R87.md","91_rejected_low_value\url_003340--gitlab.com-kicad-libraries-kicad-footprints-tree-master-Resistor_SMD-R87.md","1082","91_rejected_low_value","91_rejected_low_value","False","True","True","9","0","junk","removed_embedded_data_images; collapsed_blank_lines","url_003340"
"91_rejected_low_value\url_003341--gitlab.com-kicad-libraries-kicad-footprints-tree-master-Resistor_SMD-R88.md","91_rejected_low_value\url_003341--gitlab.com-kicad-libraries-kicad-footprints-tree-master-Resistor_SMD-R88.md","1082","91_rejected_low_value","91_rejected_low_value","False","True","True","9","0","junk","removed_embedded_data_images; collapsed_blank_lines","url_003341"
"91_rejected_low_value\url_003342--gitlab.com-kicad-libraries-kicad-footprints-tree-master-Resistor_SMD-R89.md","91_rejected_low_value\url_003342--gitlab.com-kicad-libraries-kicad-footprints-tree-master-Resistor_SMD-R89.md","1082","91_rejected_low_value","91_rejected_low_value","False","True","True","9","0","junk","removed_embedded_data_images; collapsed_blank_lines","url_003342"
"91_rejected_low_value\url_003343--gitlab.com-kicad-libraries-kicad-footprints-tree-master-Resistor_SMD-R9.md","91_rejected_low_value\url_003343--gitlab.com-kicad-libraries-kicad-footprints-tree-master-Resistor_SMD-R9.md","1077","91_rejected_low_value","91_rejected_low_value","False","True","True","9","0","junk","removed_embedded_data_images; collapsed_blank_lines","url_003343"
"91_rejected_low_value\url_003344--gitlab.com-kicad-libraries-kicad-footprints-tree-master-Resistor_SMD-R90.md","91_rejected_low_value\url_003344--gitlab.com-kicad-libraries-kicad-footprints-tree-master-Resistor_SMD-R90.md","1082","91_rejected_low_value","91_rejected_low_value","False","True","True","9","0","junk","removed_embedded_data_images; collapsed_blank_lines","url_003344"
"91_rejected_low_value\url_003345--gitlab.com-kicad-libraries-kicad-footprints-tree-master-Resistor_SMD-R91.md","91_rejected_low_value\url_003345--gitlab.com-kicad-libraries-kicad-footprints-tree-master-Resistor_SMD-R91.md","1082","91_rejected_low_value","91_rejected_low_value","False","True","True","9","0","junk","removed_embedded_data_images; collapsed_blank_lines","url_003345"
"91_rejected_low_value\url_003346--gitlab.com-kicad-libraries-kicad-footprints-tree-master-Resistor_SMD-R92.md","91_rejected_low_value\url_003346--gitlab.com-kicad-libraries-kicad-footprints-tree-master-Resistor_SMD-R92.md","1082","91_rejected_low_value","91_rejected_low_value","False","True","True","9","0","junk","removed_embedded_data_images; collapsed_blank_lines","url_003346"
"91_rejected_low_value\url_003347--gitlab.com-kicad-libraries-kicad-footprints-tree-master-Resistor_SMD-R93.md","91_rejected_low_value\url_003347--gitlab.com-kicad-libraries-kicad-footprints-tree-master-Resistor_SMD-R93.md","1082","91_rejected_low_value","91_rejected_low_value","False","True","True","9","0","junk","removed_embedded_data_images; collapsed_blank_lines","url_003347"
"91_rejected_low_value\url_003348--gitlab.com-kicad-libraries-kicad-footprints-tree-master-Resistor_SMD-R94.md","91_rejected_low_value\url_003348--gitlab.com-kicad-libraries-kicad-footprints-tree-master-Resistor_SMD-R94.md","1082","91_rejected_low_value","91_rejected_low_value","False","True","True","9","0","junk","removed_embedded_data_images; collapsed_blank_lines","url_003348"
"91_rejected_low_value\url_003349--gitlab.com-kicad-libraries-kicad-footprints-tree-master-Resistor_SMD-R95.md","91_rejected_low_value\url_003349--gitlab.com-kicad-libraries-kicad-footprints-tree-master-Resistor_SMD-R95.md","1082","91_rejected_low_value","91_rejected_low_value","False","True","True","9","0","junk","removed_embedded_data_images; collapsed_blank_lines","url_003349"
"91_rejected_low_value\url_003350--gitlab.com-kicad-libraries-kicad-footprints-tree-master-Resistor_SMD-R96.md","91_rejected_low_value\url_003350--gitlab.com-kicad-libraries-kicad-footprints-tree-master-Resistor_SMD-R96.md","1082","91_rejected_low_value","91_rejected_low_value","False","True","True","9","0","junk","removed_embedded_data_images; collapsed_blank_lines","url_003350"
"91_rejected_low_value\url_003351--gitlab.com-kicad-libraries-kicad-footprints-tree-master-Resistor_SMD-R97.md","91_rejected_low_value\url_003351--gitlab.com-kicad-libraries-kicad-footprints-tree-master-Resistor_SMD-R97.md","1082","91_rejected_low_value","91_rejected_low_value","False","True","True","9","0","junk","removed_embedded_data_images; collapsed_blank_lines","url_003351"
"91_rejected_low_value\url_003352--gitlab.com-kicad-libraries-kicad-footprints-tree-master-Resistor_SMD-R98.md","91_rejected_low_value\url_003352--gitlab.com-kicad-libraries-kicad-footprints-tree-master-Resistor_SMD-R98.md","1082","91_rejected_low_value","91_rejected_low_value","False","True","True","9","0","junk","removed_embedded_data_images; collapsed_blank_lines","url_003352"
"91_rejected_low_value\url_003353--gitlab.com-kicad-libraries-kicad-footprints-tree-master-Resistor_SMD-R99.md","91_rejected_low_value\url_003353--gitlab.com-kicad-libraries-kicad-footprints-tree-master-Resistor_SMD-R99.md","1082","91_rejected_low_value","91_rejected_low_value","False","True","True","9","0","junk","removed_embedded_data_images; collapsed_blank_lines","url_003353"
"91_rejected_low_value\url_003354--gitlab.com-kicad-libraries-kicad-footprints-tree-master-Resonator-Resonator_SMD_1.md","91_rejected_low_value\url_003354--gitlab.com-kicad-libraries-kicad-footprints-tree-master-Resonator-Resonator_SMD_1.md","1127","91_rejected_low_value","91_rejected_low_value","False","True","True","10","0","junk","removed_embedded_data_images; collapsed_blank_lines","url_003354"
"91_rejected_low_value\url_003355--gitlab.com-kicad-libraries-kicad-footprints-tree-master-Resonator-Resonator_SMD_10.md","91_rejected_low_value\url_003355--gitlab.com-kicad-libraries-kicad-footprints-tree-master-Resonator-Resonator_SMD_10.md","1132","91_rejected_low_value","91_rejected_low_value","False","True","True","10","0","junk","removed_embedded_data_images; collapsed_blank_lines","url_003355"
"91_rejected_low_value\url_003356--gitlab.com-kicad-libraries-kicad-footprints-tree-master-Resonator-Resonator_SMD_11.md","91_rejected_low_value\url_003356--gitlab.com-kicad-libraries-kicad-footprints-tree-master-Resonator-Resonator_SMD_11.md","1132","91_rejected_low_value","91_rejected_low_value","False","True","True","10","0","junk","removed_embedded_data_images; collapsed_blank_lines","url_003356"
"91_rejected_low_value\url_003357--gitlab.com-kicad-libraries-kicad-footprints-tree-master-Resonator-Resonator_SMD_12.md","91_rejected_low_value\url_003357--gitlab.com-kicad-libraries-kicad-footprints-tree-master-Resonator-Resonator_SMD_12.md","1132","91_rejected_low_value","91_rejected_low_value","False","True","True","10","0","junk","removed_embedded_data_images; collapsed_blank_lines","url_003357"
"91_rejected_low_value\url_003358--gitlab.com-kicad-libraries-kicad-footprints-tree-master-Resonator-Resonator_SMD_2.md","91_rejected_low_value\url_003358--gitlab.com-kicad-libraries-kicad-footprints-tree-master-Resonator-Resonator_SMD_2.md","1127","91_rejected_low_value","91_rejected_low_value","False","True","True","10","0","junk","removed_embedded_data_images; collapsed_blank_lines","url_003358"
"91_rejected_low_value\url_003359--gitlab.com-kicad-libraries-kicad-footprints-tree-master-Resonator-Resonator_SMD_3.md","91_rejected_low_value\url_003359--gitlab.com-kicad-libraries-kicad-footprints-tree-master-Resonator-Resonator_SMD_3.md","1127","91_rejected_low_value","91_rejected_low_value","False","True","True","10","0","junk","removed_embedded_data_images; collapsed_blank_lines","url_003359"
"91_rejected_low_value\url_003360--gitlab.com-kicad-libraries-kicad-footprints-tree-master-Resonator-Resonator_SMD_4.md","91_rejected_low_value\url_003360--gitlab.com-kicad-libraries-kicad-footprints-tree-master-Resonator-Resonator_SMD_4.md","1127","91_rejected_low_value","91_rejected_low_value","False","True","True","10","0","junk","removed_embedded_data_images; collapsed_blank_lines","url_003360"
"91_rejected_low_value\url_003361--gitlab.com-kicad-libraries-kicad-footprints-tree-master-Resonator-Resonator_SMD_5.md","91_rejected_low_value\url_003361--gitlab.com-kicad-libraries-kicad-footprints-tree-master-Resonator-Resonator_SMD_5.md","1127","91_rejected_low_value","91_rejected_low_value","False","True","True","10","0","junk","removed_embedded_data_images; collapsed_blank_lines","url_003361"
"91_rejected_low_value\url_003362--gitlab.com-kicad-libraries-kicad-footprints-tree-master-Resonator-Resonator_SMD_6.md","91_rejected_low_value\url_003362--gitlab.com-kicad-libraries-kicad-footprints-tree-master-Resonator-Resonator_SMD_6.md","1127","91_rejected_low_value","91_rejected_low_value","False","True","True","10","0","junk","removed_embedded_data_images; collapsed_blank_lines","url_003362"
"91_rejected_low_value\url_003363--gitlab.com-kicad-libraries-kicad-footprints-tree-master-Resonator-Resonator_SMD_7.md","91_rejected_low_value\url_003363--gitlab.com-kicad-libraries-kicad-footprints-tree-master-Resonator-Resonator_SMD_7.md","1127","91_rejected_low_value","91_rejected_low_value","False","True","True","10","0","junk","removed_embedded_data_images; collapsed_blank_lines","url_003363"
"91_rejected_low_value\url_003364--gitlab.com-kicad-libraries-kicad-footprints-tree-master-Resonator-Resonator_SMD_8.md","91_rejected_low_value\url_003364--gitlab.com-kicad-libraries-kicad-footprints-tree-master-Resonator-Resonator_SMD_8.md","1127","91_rejected_low_value","91_rejected_low_value","False","True","True","10","0","junk","removed_embedded_data_images; collapsed_blank_lines","url_003364"
"91_rejected_low_value\url_003365--gitlab.com-kicad-libraries-kicad-footprints-tree-master-Resonator-Resonator_SMD_9.md","91_rejected_low_value\url_003365--gitlab.com-kicad-libraries-kicad-footprints-tree-master-Resonator-Resonator_SMD_9.md","1127","91_rejected_low_value","91_rejected_low_value","False","True","True","10","0","junk","removed_embedded_data_images; collapsed_blank_lines","url_003365"
"91_rejected_low_value\url_003366--gitlab.com-kicad-libraries-kicad-footprints-tree-master-RF_Module.pretty.md","91_rejected_low_value\url_003366--gitlab.com-kicad-libraries-kicad-footprints-tree-master-RF_Module.pretty.md","1020","91_rejected_low_value","91_rejected_low_value","False","False","False","1","0","junk","collapsed_blank_lines","url_003366"
"91_rejected_low_value\url_003367--gitlab.com-kicad-libraries-kicad-footprints-tree-master-Sensor-Sensor_SMD_1.md","91_rejected_low_value\url_003367--gitlab.com-kicad-libraries-kicad-footprints-tree-master-Sensor-Sensor_SMD_1.md","1097","91_rejected_low_value","91_rejected_low_value","False","True","True","10","0","junk","removed_embedded_data_images; collapsed_blank_lines","url_003367"
"91_rejected_low_value\url_003368--gitlab.com-kicad-libraries-kicad-footprints-tree-master-Sensor-Sensor_SMD_10.md","91_rejected_low_value\url_003368--gitlab.com-kicad-libraries-kicad-footprints-tree-master-Sensor-Sensor_SMD_10.md","1102","91_rejected_low_value","91_rejected_low_value","False","True","True","10","0","junk","removed_embedded_data_images; collapsed_blank_lines","url_003368"
"91_rejected_low_value\url_003369--gitlab.com-kicad-libraries-kicad-footprints-tree-master-Sensor-Sensor_SMD_11.md","91_rejected_low_value\url_003369--gitlab.com-kicad-libraries-kicad-footprints-tree-master-Sensor-Sensor_SMD_11.md","1102","91_rejected_low_value","91_rejected_low_value","False","True","True","10","0","junk","removed_embedded_data_images; collapsed_blank_lines","url_003369"
"91_rejected_low_value\url_003370--gitlab.com-kicad-libraries-kicad-footprints-tree-master-Sensor-Sensor_SMD_12.md","91_rejected_low_value\url_003370--gitlab.com-kicad-libraries-kicad-footprints-tree-master-Sensor-Sensor_SMD_12.md","1102","91_rejected_low_value","91_rejected_low_value","False","True","True","10","0","junk","removed_embedded_data_images; collapsed_blank_lines","url_003370"
"91_rejected_low_value\url_003371--gitlab.com-kicad-libraries-kicad-footprints-tree-master-Sensor-Sensor_SMD_2.md","91_rejected_low_value\url_003371--gitlab.com-kicad-libraries-kicad-footprints-tree-master-Sensor-Sensor_SMD_2.md","1097","91_rejected_low_value","91_rejected_low_value","False","True","True","10","0","junk","removed_embedded_data_images; collapsed_blank_lines","url_003371"
"91_rejected_low_value\url_003372--gitlab.com-kicad-libraries-kicad-footprints-tree-master-Sensor-Sensor_SMD_3.md","91_rejected_low_value\url_003372--gitlab.com-kicad-libraries-kicad-footprints-tree-master-Sensor-Sensor_SMD_3.md","1097","91_rejected_low_value","91_rejected_low_value","False","True","True","10","0","junk","removed_embedded_data_images; collapsed_blank_lines","url_003372"
"91_rejected_low_value\url_003373--gitlab.com-kicad-libraries-kicad-footprints-tree-master-Sensor-Sensor_SMD_4.md","91_rejected_low_value\url_003373--gitlab.com-kicad-libraries-kicad-footprints-tree-master-Sensor-Sensor_SMD_4.md","1097","91_rejected_low_value","91_rejected_low_value","False","True","True","10","0","junk","removed_embedded_data_images; collapsed_blank_lines","url_003373"
"91_rejected_low_value\url_003374--gitlab.com-kicad-libraries-kicad-footprints-tree-master-Sensor-Sensor_SMD_5.md","91_rejected_low_value\url_003374--gitlab.com-kicad-libraries-kicad-footprints-tree-master-Sensor-Sensor_SMD_5.md","1097","91_rejected_low_value","91_rejected_low_value","False","True","True","10","0","junk","removed_embedded_data_images; collapsed_blank_lines","url_003374"
"91_rejected_low_value\url_003375--gitlab.com-kicad-libraries-kicad-footprints-tree-master-Sensor-Sensor_SMD_6.md","91_rejected_low_value\url_003375--gitlab.com-kicad-libraries-kicad-footprints-tree-master-Sensor-Sensor_SMD_6.md","1097","91_rejected_low_value","91_rejected_low_value","False","True","True","10","0","junk","removed_embedded_data_images; collapsed_blank_lines","url_003375"
"91_rejected_low_value\url_003376--gitlab.com-kicad-libraries-kicad-footprints-tree-master-Sensor-Sensor_SMD_7.md","91_rejected_low_value\url_003376--gitlab.com-kicad-libraries-kicad-footprints-tree-master-Sensor-Sensor_SMD_7.md","1097","91_rejected_low_value","91_rejected_low_value","False","True","True","10","0","junk","removed_embedded_data_images; collapsed_blank_lines","url_003376"
"91_rejected_low_value\url_003377--gitlab.com-kicad-libraries-kicad-footprints-tree-master-Sensor-Sensor_SMD_8.md","91_rejected_low_value\url_003377--gitlab.com-kicad-libraries-kicad-footprints-tree-master-Sensor-Sensor_SMD_8.md","1097","91_rejected_low_value","91_rejected_low_value","False","True","True","10","0","junk","removed_embedded_data_images; collapsed_blank_lines","url_003377"
"91_rejected_low_value\url_003378--gitlab.com-kicad-libraries-kicad-footprints-tree-master-Sensor-Sensor_SMD_9.md","91_rejected_low_value\url_003378--gitlab.com-kicad-libraries-kicad-footprints-tree-master-Sensor-Sensor_SMD_9.md","1097","91_rejected_low_value","91_rejected_low_value","False","True","True","10","0","junk","removed_embedded_data_images; collapsed_blank_lines","url_003378"
"91_rejected_low_value\url_003379--gitlab.com-kicad-libraries-kicad-footprints-tree-master-Speaker-Speaker_SMD_1.md","91_rejected_low_value\url_003379--gitlab.com-kicad-libraries-kicad-footprints-tree-master-Speaker-Speaker_SMD_1.md","1107","91_rejected_low_value","91_rejected_low_value","False","True","True","10","0","junk","removed_embedded_data_images; collapsed_blank_lines","url_003379"
"91_rejected_low_value\url_003380--gitlab.com-kicad-libraries-kicad-footprints-tree-master-Speaker-Speaker_SMD_10.md","91_rejected_low_value\url_003380--gitlab.com-kicad-libraries-kicad-footprints-tree-master-Speaker-Speaker_SMD_10.md","1112","91_rejected_low_value","91_rejected_low_value","False","True","True","10","0","junk","removed_embedded_data_images; collapsed_blank_lines","url_003380"
"91_rejected_low_value\url_003381--gitlab.com-kicad-libraries-kicad-footprints-tree-master-Speaker-Speaker_SMD_11.md","91_rejected_low_value\url_003381--gitlab.com-kicad-libraries-kicad-footprints-tree-master-Speaker-Speaker_SMD_11.md","1112","91_rejected_low_value","91_rejected_low_value","False","True","True","10","0","junk","removed_embedded_data_images; collapsed_blank_lines","url_003381"
"91_rejected_low_value\url_003382--gitlab.com-kicad-libraries-kicad-footprints-tree-master-Speaker-Speaker_SMD_12.md","91_rejected_low_value\url_003382--gitlab.com-kicad-libraries-kicad-footprints-tree-master-Speaker-Speaker_SMD_12.md","1112","91_rejected_low_value","91_rejected_low_value","False","True","True","10","0","junk","removed_embedded_data_images; collapsed_blank_lines","url_003382"
"91_rejected_low_value\url_003383--gitlab.com-kicad-libraries-kicad-footprints-tree-master-Speaker-Speaker_SMD_2.md","91_rejected_low_value\url_003383--gitlab.com-kicad-libraries-kicad-footprints-tree-master-Speaker-Speaker_SMD_2.md","1107","91_rejected_low_value","91_rejected_low_value","False","True","True","10","0","junk","removed_embedded_data_images; collapsed_blank_lines","url_003383"
"91_rejected_low_value\url_003384--gitlab.com-kicad-libraries-kicad-footprints-tree-master-Speaker-Speaker_SMD_3.md","91_rejected_low_value\url_003384--gitlab.com-kicad-libraries-kicad-footprints-tree-master-Speaker-Speaker_SMD_3.md","1107","91_rejected_low_value","91_rejected_low_value","False","True","True","10","0","junk","removed_embedded_data_images; collapsed_blank_lines","url_003384"
"91_rejected_low_value\url_003385--gitlab.com-kicad-libraries-kicad-footprints-tree-master-Speaker-Speaker_SMD_4.md","91_rejected_low_value\url_003385--gitlab.com-kicad-libraries-kicad-footprints-tree-master-Speaker-Speaker_SMD_4.md","1107","91_rejected_low_value","91_rejected_low_value","False","True","True","10","0","junk","removed_embedded_data_images; collapsed_blank_lines","url_003385"
"91_rejected_low_value\url_003386--gitlab.com-kicad-libraries-kicad-footprints-tree-master-Speaker-Speaker_SMD_5.md","91_rejected_low_value\url_003386--gitlab.com-kicad-libraries-kicad-footprints-tree-master-Speaker-Speaker_SMD_5.md","1107","91_rejected_low_value","91_rejected_low_value","False","True","True","10","0","junk","removed_embedded_data_images; collapsed_blank_lines","url_003386"
"91_rejected_low_value\url_003387--gitlab.com-kicad-libraries-kicad-footprints-tree-master-Speaker-Speaker_SMD_6.md","91_rejected_low_value\url_003387--gitlab.com-kicad-libraries-kicad-footprints-tree-master-Speaker-Speaker_SMD_6.md","1107","91_rejected_low_value","91_rejected_low_value","False","True","True","10","0","junk","removed_embedded_data_images; collapsed_blank_lines","url_003387"
"91_rejected_low_value\url_003388--gitlab.com-kicad-libraries-kicad-footprints-tree-master-Speaker-Speaker_SMD_7.md","91_rejected_low_value\url_003388--gitlab.com-kicad-libraries-kicad-footprints-tree-master-Speaker-Speaker_SMD_7.md","1107","91_rejected_low_value","91_rejected_low_value","False","True","True","10","0","junk","removed_embedded_data_images; collapsed_blank_lines","url_003388"
"91_rejected_low_value\url_003389--gitlab.com-kicad-libraries-kicad-footprints-tree-master-Speaker-Speaker_SMD_8.md","91_rejected_low_value\url_003389--gitlab.com-kicad-libraries-kicad-footprints-tree-master-Speaker-Speaker_SMD_8.md","1107","91_rejected_low_value","91_rejected_low_value","False","True","True","10","0","junk","removed_embedded_data_images; collapsed_blank_lines","url_003389"
"91_rejected_low_value\url_003390--gitlab.com-kicad-libraries-kicad-footprints-tree-master-Speaker-Speaker_SMD_9.md","91_rejected_low_value\url_003390--gitlab.com-kicad-libraries-kicad-footprints-tree-master-Speaker-Speaker_SMD_9.md","1107","91_rejected_low_value","91_rejected_low_value","False","True","True","10","0","junk","removed_embedded_data_images; collapsed_blank_lines","url_003390"
"91_rejected_low_value\url_003391--gitlab.com-kicad-libraries-kicad-footprints-tree-master-Switch-Switch_SMD_1.md","91_rejected_low_value\url_003391--gitlab.com-kicad-libraries-kicad-footprints-tree-master-Switch-Switch_SMD_1.md","1097","91_rejected_low_value","91_rejected_low_value","False","True","True","10","0","junk","removed_embedded_data_images; collapsed_blank_lines","url_003391"
"91_rejected_low_value\url_003392--gitlab.com-kicad-libraries-kicad-footprints-tree-master-Switch-Switch_SMD_10.md","91_rejected_low_value\url_003392--gitlab.com-kicad-libraries-kicad-footprints-tree-master-Switch-Switch_SMD_10.md","1102","91_rejected_low_value","91_rejected_low_value","False","True","True","10","0","junk","removed_embedded_data_images; collapsed_blank_lines","url_003392"
"91_rejected_low_value\url_003393--gitlab.com-kicad-libraries-kicad-footprints-tree-master-Switch-Switch_SMD_11.md","91_rejected_low_value\url_003393--gitlab.com-kicad-libraries-kicad-footprints-tree-master-Switch-Switch_SMD_11.md","1102","91_rejected_low_value","91_rejected_low_value","False","True","True","10","0","junk","removed_embedded_data_images; collapsed_blank_lines","url_003393"
"91_rejected_low_value\url_003394--gitlab.com-kicad-libraries-kicad-footprints-tree-master-Switch-Switch_SMD_12.md","91_rejected_low_value\url_003394--gitlab.com-kicad-libraries-kicad-footprints-tree-master-Switch-Switch_SMD_12.md","1102","91_rejected_low_value","91_rejected_low_value","False","True","True","10","0","junk","removed_embedded_data_images; collapsed_blank_lines","url_003394"
"91_rejected_low_value\url_003395--gitlab.com-kicad-libraries-kicad-footprints-tree-master-Switch-Switch_SMD_2.md","91_rejected_low_value\url_003395--gitlab.com-kicad-libraries-kicad-footprints-tree-master-Switch-Switch_SMD_2.md","1097","91_rejected_low_value","91_rejected_low_value","False","True","True","10","0","junk","removed_embedded_data_images; collapsed_blank_lines","url_003395"
"91_rejected_low_value\url_003396--gitlab.com-kicad-libraries-kicad-footprints-tree-master-Switch-Switch_SMD_3.md","91_rejected_low_value\url_003396--gitlab.com-kicad-libraries-kicad-footprints-tree-master-Switch-Switch_SMD_3.md","1097","91_rejected_low_value","91_rejected_low_value","False","True","True","10","0","junk","removed_embedded_data_images; collapsed_blank_lines","url_003396"
"91_rejected_low_value\url_003397--gitlab.com-kicad-libraries-kicad-footprints-tree-master-Switch-Switch_SMD_4.md","91_rejected_low_value\url_003397--gitlab.com-kicad-libraries-kicad-footprints-tree-master-Switch-Switch_SMD_4.md","1097","91_rejected_low_value","91_rejected_low_value","False","True","True","10","0","junk","removed_embedded_data_images; collapsed_blank_lines","url_003397"
"91_rejected_low_value\url_003398--gitlab.com-kicad-libraries-kicad-footprints-tree-master-Switch-Switch_SMD_5.md","91_rejected_low_value\url_003398--gitlab.com-kicad-libraries-kicad-footprints-tree-master-Switch-Switch_SMD_5.md","1097","91_rejected_low_value","91_rejected_low_value","False","True","True","10","0","junk","removed_embedded_data_images; collapsed_blank_lines","url_003398"
"91_rejected_low_value\url_003399--gitlab.com-kicad-libraries-kicad-footprints-tree-master-Switch-Switch_SMD_6.md","91_rejected_low_value\url_003399--gitlab.com-kicad-libraries-kicad-footprints-tree-master-Switch-Switch_SMD_6.md","1097","91_rejected_low_value","91_rejected_low_value","False","True","True","10","0","junk","removed_embedded_data_images; collapsed_blank_lines","url_003399"
"91_rejected_low_value\url_003400--gitlab.com-kicad-libraries-kicad-footprints-tree-master-Switch-Switch_SMD_7.md","91_rejected_low_value\url_003400--gitlab.com-kicad-libraries-kicad-footprints-tree-master-Switch-Switch_SMD_7.md","1097","91_rejected_low_value","91_rejected_low_value","False","True","True","10","0","junk","removed_embedded_data_images; collapsed_blank_lines","url_003400"
"91_rejected_low_value\url_003401--gitlab.com-kicad-libraries-kicad-footprints-tree-master-Switch-Switch_SMD_8.md","91_rejected_low_value\url_003401--gitlab.com-kicad-libraries-kicad-footprints-tree-master-Switch-Switch_SMD_8.md","1097","91_rejected_low_value","91_rejected_low_value","False","True","True","10","0","junk","removed_embedded_data_images; collapsed_blank_lines","url_003401"
"91_rejected_low_value\url_003402--gitlab.com-kicad-libraries-kicad-footprints-tree-master-Switch-Switch_SMD_9.md","91_rejected_low_value\url_003402--gitlab.com-kicad-libraries-kicad-footprints-tree-master-Switch-Switch_SMD_9.md","1097","91_rejected_low_value","91_rejected_low_value","False","True","True","10","0","junk","removed_embedded_data_images; collapsed_blank_lines","url_003402"
"91_rejected_low_value\url_003403--gitlab.com-kicad-libraries-kicad-footprints-tree-master-Thermistor-Thermistor_SMD_1.md","91_rejected_low_value\url_003403--gitlab.com-kicad-libraries-kicad-footprints-tree-master-Thermistor-Thermistor_SMD_1.md","1137","91_rejected_low_value","91_rejected_low_value","False","True","True","10","0","junk","removed_embedded_data_images; collapsed_blank_lines","url_003403"
"91_rejected_low_value\url_003404--gitlab.com-kicad-libraries-kicad-footprints-tree-master-Thermistor-Thermistor_SMD_10.md","91_rejected_low_value\url_003404--gitlab.com-kicad-libraries-kicad-footprints-tree-master-Thermistor-Thermistor_SMD_10.md","1142","91_rejected_low_value","91_rejected_low_value","False","True","True","10","0","junk","removed_embedded_data_images; collapsed_blank_lines","url_003404"
"91_rejected_low_value\url_003405--gitlab.com-kicad-libraries-kicad-footprints-tree-master-Thermistor-Thermistor_SMD_11.md","91_rejected_low_value\url_003405--gitlab.com-kicad-libraries-kicad-footprints-tree-master-Thermistor-Thermistor_SMD_11.md","1142","91_rejected_low_value","91_rejected_low_value","False","True","True","10","0","junk","removed_embedded_data_images; collapsed_blank_lines","url_003405"
"91_rejected_low_value\url_003406--gitlab.com-kicad-libraries-kicad-footprints-tree-master-Thermistor-Thermistor_SMD_12.md","91_rejected_low_value\url_003406--gitlab.com-kicad-libraries-kicad-footprints-tree-master-Thermistor-Thermistor_SMD_12.md","1142","91_rejected_low_value","91_rejected_low_value","False","True","True","10","0","junk","removed_embedded_data_images; collapsed_blank_lines","url_003406"
"91_rejected_low_value\url_003407--gitlab.com-kicad-libraries-kicad-footprints-tree-master-Thermistor-Thermistor_SMD_2.md","91_rejected_low_value\url_003407--gitlab.com-kicad-libraries-kicad-footprints-tree-master-Thermistor-Thermistor_SMD_2.md","1137","91_rejected_low_value","91_rejected_low_value","False","True","True","10","0","junk","removed_embedded_data_images; collapsed_blank_lines","url_003407"
"91_rejected_low_value\url_003408--gitlab.com-kicad-libraries-kicad-footprints-tree-master-Thermistor-Thermistor_SMD_3.md","91_rejected_low_value\url_003408--gitlab.com-kicad-libraries-kicad-footprints-tree-master-Thermistor-Thermistor_SMD_3.md","1137","91_rejected_low_value","91_rejected_low_value","False","True","True","10","0","junk","removed_embedded_data_images; collapsed_blank_lines","url_003408"
"91_rejected_low_value\url_003409--gitlab.com-kicad-libraries-kicad-footprints-tree-master-Thermistor-Thermistor_SMD_4.md","91_rejected_low_value\url_003409--gitlab.com-kicad-libraries-kicad-footprints-tree-master-Thermistor-Thermistor_SMD_4.md","1137","91_rejected_low_value","91_rejected_low_value","False","True","True","10","0","junk","removed_embedded_data_images; collapsed_blank_lines","url_003409"
"91_rejected_low_value\url_003410--gitlab.com-kicad-libraries-kicad-footprints-tree-master-Thermistor-Thermistor_SMD_5.md","91_rejected_low_value\url_003410--gitlab.com-kicad-libraries-kicad-footprints-tree-master-Thermistor-Thermistor_SMD_5.md","1137","91_rejected_low_value","91_rejected_low_value","False","True","True","10","0","junk","removed_embedded_data_images; collapsed_blank_lines","url_003410"
"91_rejected_low_value\url_003411--gitlab.com-kicad-libraries-kicad-footprints-tree-master-Thermistor-Thermistor_SMD_6.md","91_rejected_low_value\url_003411--gitlab.com-kicad-libraries-kicad-footprints-tree-master-Thermistor-Thermistor_SMD_6.md","1137","91_rejected_low_value","91_rejected_low_value","False","True","True","10","0","junk","removed_embedded_data_images; collapsed_blank_lines","url_003411"
"91_rejected_low_value\url_003412--gitlab.com-kicad-libraries-kicad-footprints-tree-master-Thermistor-Thermistor_SMD_7.md","91_rejected_low_value\url_003412--gitlab.com-kicad-libraries-kicad-footprints-tree-master-Thermistor-Thermistor_SMD_7.md","1137","91_rejected_low_value","91_rejected_low_value","False","True","True","10","0","junk","removed_embedded_data_images; collapsed_blank_lines","url_003412"
"91_rejected_low_value\url_003413--gitlab.com-kicad-libraries-kicad-footprints-tree-master-Thermistor-Thermistor_SMD_8.md","91_rejected_low_value\url_003413--gitlab.com-kicad-libraries-kicad-footprints-tree-master-Thermistor-Thermistor_SMD_8.md","1137","91_rejected_low_value","91_rejected_low_value","False","True","True","10","0","junk","removed_embedded_data_images; collapsed_blank_lines","url_003413"
"91_rejected_low_value\url_003414--gitlab.com-kicad-libraries-kicad-footprints-tree-master-Thermistor-Thermistor_SMD_9.md","91_rejected_low_value\url_003414--gitlab.com-kicad-libraries-kicad-footprints-tree-master-Thermistor-Thermistor_SMD_9.md","1137","91_rejected_low_value","91_rejected_low_value","False","True","True","10","0","junk","removed_embedded_data_images; collapsed_blank_lines","url_003414"
"91_rejected_low_value\url_003415--gitlab.com-kicad-libraries-kicad-footprints-tree-master-Transceiver-Transceiver_SMD_1.md","91_rejected_low_value\url_003415--gitlab.com-kicad-libraries-kicad-footprints-tree-master-Transceiver-Transceiver_SMD_1.md","1147","91_rejected_low_value","91_rejected_low_value","False","True","True","10","0","junk","removed_embedded_data_images; collapsed_blank_lines","url_003415"
"91_rejected_low_value\url_003416--gitlab.com-kicad-libraries-kicad-footprints-tree-master-Transceiver-Transceiver_SMD_10.md","91_rejected_low_value\url_003416--gitlab.com-kicad-libraries-kicad-footprints-tree-master-Transceiver-Transceiver_SMD_10.md","1152","91_rejected_low_value","91_rejected_low_value","False","True","True","10","0","junk","removed_embedded_data_images; collapsed_blank_lines","url_003416"
"91_rejected_low_value\url_003417--gitlab.com-kicad-libraries-kicad-footprints-tree-master-Transceiver-Transceiver_SMD_11.md","91_rejected_low_value\url_003417--gitlab.com-kicad-libraries-kicad-footprints-tree-master-Transceiver-Transceiver_SMD_11.md","1152","91_rejected_low_value","91_rejected_low_value","False","True","True","10","0","junk","removed_embedded_data_images; collapsed_blank_lines","url_003417"
"91_rejected_low_value\url_003418--gitlab.com-kicad-libraries-kicad-footprints-tree-master-Transceiver-Transceiver_SMD_12.md","91_rejected_low_value\url_003418--gitlab.com-kicad-libraries-kicad-footprints-tree-master-Transceiver-Transceiver_SMD_12.md","1152","91_rejected_low_value","91_rejected_low_value","False","True","True","10","0","junk","removed_embedded_data_images; collapsed_blank_lines","url_003418"
"91_rejected_low_value\url_003419--gitlab.com-kicad-libraries-kicad-footprints-tree-master-Transceiver-Transceiver_SMD_2.md","91_rejected_low_value\url_003419--gitlab.com-kicad-libraries-kicad-footprints-tree-master-Transceiver-Transceiver_SMD_2.md","1147","91_rejected_low_value","91_rejected_low_value","False","True","True","10","0","junk","removed_embedded_data_images; collapsed_blank_lines","url_003419"
"91_rejected_low_value\url_003420--gitlab.com-kicad-libraries-kicad-footprints-tree-master-Transceiver-Transceiver_SMD_3.md","91_rejected_low_value\url_003420--gitlab.com-kicad-libraries-kicad-footprints-tree-master-Transceiver-Transceiver_SMD_3.md","1147","91_rejected_low_value","91_rejected_low_value","False","True","True","10","0","junk","removed_embedded_data_images; collapsed_blank_lines","url_003420"
"91_rejected_low_value\url_003421--gitlab.com-kicad-libraries-kicad-footprints-tree-master-Transceiver-Transceiver_SMD_4.md","91_rejected_low_value\url_003421--gitlab.com-kicad-libraries-kicad-footprints-tree-master-Transceiver-Transceiver_SMD_4.md","1147","91_rejected_low_value","91_rejected_low_value","False","True","True","10","0","junk","removed_embedded_data_images; collapsed_blank_lines","url_003421"
"91_rejected_low_value\url_003422--gitlab.com-kicad-libraries-kicad-footprints-tree-master-Transceiver-Transceiver_SMD_5.md","91_rejected_low_value\url_003422--gitlab.com-kicad-libraries-kicad-footprints-tree-master-Transceiver-Transceiver_SMD_5.md","1147","91_rejected_low_value","91_rejected_low_value","False","True","True","10","0","junk","removed_embedded_data_images; collapsed_blank_lines","url_003422"
"91_rejected_low_value\url_003423--gitlab.com-kicad-libraries-kicad-footprints-tree-master-Transceiver-Transceiver_SMD_6.md","91_rejected_low_value\url_003423--gitlab.com-kicad-libraries-kicad-footprints-tree-master-Transceiver-Transceiver_SMD_6.md","1147","91_rejected_low_value","91_rejected_low_value","False","True","True","10","0","junk","removed_embedded_data_images; collapsed_blank_lines","url_003423"
"91_rejected_low_value\url_003424--gitlab.com-kicad-libraries-kicad-footprints-tree-master-Transceiver-Transceiver_SMD_7.md","91_rejected_low_value\url_003424--gitlab.com-kicad-libraries-kicad-footprints-tree-master-Transceiver-Transceiver_SMD_7.md","1147","91_rejected_low_value","91_rejected_low_value","False","True","True","10","0","junk","removed_embedded_data_images; collapsed_blank_lines","url_003424"
"91_rejected_low_value\url_003425--gitlab.com-kicad-libraries-kicad-footprints-tree-master-Transceiver-Transceiver_SMD_8.md","91_rejected_low_value\url_003425--gitlab.com-kicad-libraries-kicad-footprints-tree-master-Transceiver-Transceiver_SMD_8.md","1147","91_rejected_low_value","91_rejected_low_value","False","True","True","10","0","junk","removed_embedded_data_images; collapsed_blank_lines","url_003425"
"91_rejected_low_value\url_003426--gitlab.com-kicad-libraries-kicad-footprints-tree-master-Transceiver-Transceiver_SMD_9.md","91_rejected_low_value\url_003426--gitlab.com-kicad-libraries-kicad-footprints-tree-master-Transceiver-Transceiver_SMD_9.md","1147","91_rejected_low_value","91_rejected_low_value","False","True","True","10","0","junk","removed_embedded_data_images; collapsed_blank_lines","url_003426"
"91_rejected_low_value\url_003427--gitlab.com-kicad-libraries-kicad-footprints-tree-master-Transistor-Transistor_SMD_1.md","91_rejected_low_value\url_003427--gitlab.com-kicad-libraries-kicad-footprints-tree-master-Transistor-Transistor_SMD_1.md","1137","91_rejected_low_value","91_rejected_low_value","False","True","True","10","0","junk","removed_embedded_data_images; collapsed_blank_lines","url_003427"
"91_rejected_low_value\url_003428--gitlab.com-kicad-libraries-kicad-footprints-tree-master-Transistor-Transistor_SMD_10.md","91_rejected_low_value\url_003428--gitlab.com-kicad-libraries-kicad-footprints-tree-master-Transistor-Transistor_SMD_10.md","1142","91_rejected_low_value","91_rejected_low_value","False","True","True","10","0","junk","removed_embedded_data_images; collapsed_blank_lines","url_003428"
"91_rejected_low_value\url_003429--gitlab.com-kicad-libraries-kicad-footprints-tree-master-Transistor-Transistor_SMD_11.md","91_rejected_low_value\url_003429--gitlab.com-kicad-libraries-kicad-footprints-tree-master-Transistor-Transistor_SMD_11.md","1142","91_rejected_low_value","91_rejected_low_value","False","True","True","10","0","junk","removed_embedded_data_images; collapsed_blank_lines","url_003429"
"91_rejected_low_value\url_003430--gitlab.com-kicad-libraries-kicad-footprints-tree-master-Transistor-Transistor_SMD_12.md","91_rejected_low_value\url_003430--gitlab.com-kicad-libraries-kicad-footprints-tree-master-Transistor-Transistor_SMD_12.md","1142","91_rejected_low_value","91_rejected_low_value","False","True","True","10","0","junk","removed_embedded_data_images; collapsed_blank_lines","url_003430"
"91_rejected_low_value\url_003431--gitlab.com-kicad-libraries-kicad-footprints-tree-master-Transistor-Transistor_SMD_2.md","91_rejected_low_value\url_003431--gitlab.com-kicad-libraries-kicad-footprints-tree-master-Transistor-Transistor_SMD_2.md","1137","91_rejected_low_value","91_rejected_low_value","False","True","True","10","0","junk","removed_embedded_data_images; collapsed_blank_lines","url_003431"
"91_rejected_low_value\url_003432--gitlab.com-kicad-libraries-kicad-footprints-tree-master-Transistor-Transistor_SMD_3.md","91_rejected_low_value\url_003432--gitlab.com-kicad-libraries-kicad-footprints-tree-master-Transistor-Transistor_SMD_3.md","1137","91_rejected_low_value","91_rejected_low_value","False","True","True","10","0","junk","removed_embedded_data_images; collapsed_blank_lines","url_003432"
"91_rejected_low_value\url_003433--gitlab.com-kicad-libraries-kicad-footprints-tree-master-Transistor-Transistor_SMD_4.md","91_rejected_low_value\url_003433--gitlab.com-kicad-libraries-kicad-footprints-tree-master-Transistor-Transistor_SMD_4.md","1137","91_rejected_low_value","91_rejected_low_value","False","True","True","10","0","junk","removed_embedded_data_images; collapsed_blank_lines","url_003433"
"91_rejected_low_value\url_003434--gitlab.com-kicad-libraries-kicad-footprints-tree-master-Transistor-Transistor_SMD_5.md","91_rejected_low_value\url_003434--gitlab.com-kicad-libraries-kicad-footprints-tree-master-Transistor-Transistor_SMD_5.md","1137","91_rejected_low_value","91_rejected_low_value","False","True","True","10","0","junk","removed_embedded_data_images; collapsed_blank_lines","url_003434"
"91_rejected_low_value\url_003435--gitlab.com-kicad-libraries-kicad-footprints-tree-master-Transistor-Transistor_SMD_6.md","91_rejected_low_value\url_003435--gitlab.com-kicad-libraries-kicad-footprints-tree-master-Transistor-Transistor_SMD_6.md","1137","91_rejected_low_value","91_rejected_low_value","False","True","True","10","0","junk","removed_embedded_data_images; collapsed_blank_lines","url_003435"
"91_rejected_low_value\url_003436--gitlab.com-kicad-libraries-kicad-footprints-tree-master-Transistor-Transistor_SMD_7.md","91_rejected_low_value\url_003436--gitlab.com-kicad-libraries-kicad-footprints-tree-master-Transistor-Transistor_SMD_7.md","1137","91_rejected_low_value","91_rejected_low_value","False","True","True","10","0","junk","removed_embedded_data_images; collapsed_blank_lines","url_003436"
"91_rejected_low_value\url_003437--gitlab.com-kicad-libraries-kicad-footprints-tree-master-Transistor-Transistor_SMD_8.md","91_rejected_low_value\url_003437--gitlab.com-kicad-libraries-kicad-footprints-tree-master-Transistor-Transistor_SMD_8.md","1137","91_rejected_low_value","91_rejected_low_value","False","True","True","10","0","junk","removed_embedded_data_images; collapsed_blank_lines","url_003437"
"91_rejected_low_value\url_003438--gitlab.com-kicad-libraries-kicad-footprints-tree-master-Transistor-Transistor_SMD_9.md","91_rejected_low_value\url_003438--gitlab.com-kicad-libraries-kicad-footprints-tree-master-Transistor-Transistor_SMD_9.md","1137","91_rejected_low_value","91_rejected_low_value","False","True","True","10","0","junk","removed_embedded_data_images; collapsed_blank_lines","url_003438"
"91_rejected_low_value\url_003439--gitlab.com-kicad-libraries-kicad-footprints-tree-master-Varistor-Varistor_SMD_1.md","91_rejected_low_value\url_003439--gitlab.com-kicad-libraries-kicad-footprints-tree-master-Varistor-Varistor_SMD_1.md","1117","91_rejected_low_value","91_rejected_low_value","False","True","True","10","0","junk","removed_embedded_data_images; collapsed_blank_lines","url_003439"
"91_rejected_low_value\url_003440--gitlab.com-kicad-libraries-kicad-footprints-tree-master-Varistor-Varistor_SMD_10.md","91_rejected_low_value\url_003440--gitlab.com-kicad-libraries-kicad-footprints-tree-master-Varistor-Varistor_SMD_10.md","1122","91_rejected_low_value","91_rejected_low_value","False","True","True","10","0","junk","removed_embedded_data_images; collapsed_blank_lines","url_003440"
"91_rejected_low_value\url_003441--gitlab.com-kicad-libraries-kicad-footprints-tree-master-Varistor-Varistor_SMD_11.md","91_rejected_low_value\url_003441--gitlab.com-kicad-libraries-kicad-footprints-tree-master-Varistor-Varistor_SMD_11.md","1122","91_rejected_low_value","91_rejected_low_value","False","True","True","10","0","junk","removed_embedded_data_images; collapsed_blank_lines","url_003441"
"91_rejected_low_value\url_003442--gitlab.com-kicad-libraries-kicad-footprints-tree-master-Varistor-Varistor_SMD_12.md","91_rejected_low_value\url_003442--gitlab.com-kicad-libraries-kicad-footprints-tree-master-Varistor-Varistor_SMD_12.md","1122","91_rejected_low_value","91_rejected_low_value","False","True","True","10","0","junk","removed_embedded_data_images; collapsed_blank_lines","url_003442"
"91_rejected_low_value\url_003443--gitlab.com-kicad-libraries-kicad-footprints-tree-master-Varistor-Varistor_SMD_2.md","91_rejected_low_value\url_003443--gitlab.com-kicad-libraries-kicad-footprints-tree-master-Varistor-Varistor_SMD_2.md","1117","91_rejected_low_value","91_rejected_low_value","False","True","True","10","0","junk","removed_embedded_data_images; collapsed_blank_lines","url_003443"
"91_rejected_low_value\url_003444--gitlab.com-kicad-libraries-kicad-footprints-tree-master-Varistor-Varistor_SMD_3.md","91_rejected_low_value\url_003444--gitlab.com-kicad-libraries-kicad-footprints-tree-master-Varistor-Varistor_SMD_3.md","1117","91_rejected_low_value","91_rejected_low_value","False","True","True","10","0","junk","removed_embedded_data_images; collapsed_blank_lines","url_003444"
"91_rejected_low_value\url_003445--gitlab.com-kicad-libraries-kicad-footprints-tree-master-Varistor-Varistor_SMD_4.md","91_rejected_low_value\url_003445--gitlab.com-kicad-libraries-kicad-footprints-tree-master-Varistor-Varistor_SMD_4.md","1117","91_rejected_low_value","91_rejected_low_value","False","True","True","10","0","junk","removed_embedded_data_images; collapsed_blank_lines","url_003445"
"91_rejected_low_value\url_003446--gitlab.com-kicad-libraries-kicad-footprints-tree-master-Varistor-Varistor_SMD_5.md","91_rejected_low_value\url_003446--gitlab.com-kicad-libraries-kicad-footprints-tree-master-Varistor-Varistor_SMD_5.md","1117","91_rejected_low_value","91_rejected_low_value","False","True","True","10","0","junk","removed_embedded_data_images; collapsed_blank_lines","url_003446"
"91_rejected_low_value\url_003447--gitlab.com-kicad-libraries-kicad-footprints-tree-master-Varistor-Varistor_SMD_6.md","91_rejected_low_value\url_003447--gitlab.com-kicad-libraries-kicad-footprints-tree-master-Varistor-Varistor_SMD_6.md","1117","91_rejected_low_value","91_rejected_low_value","False","True","True","10","0","junk","removed_embedded_data_images; collapsed_blank_lines","url_003447"
"91_rejected_low_value\url_003448--gitlab.com-kicad-libraries-kicad-footprints-tree-master-Varistor-Varistor_SMD_7.md","91_rejected_low_value\url_003448--gitlab.com-kicad-libraries-kicad-footprints-tree-master-Varistor-Varistor_SMD_7.md","1117","91_rejected_low_value","91_rejected_low_value","False","True","True","10","0","junk","removed_embedded_data_images; collapsed_blank_lines","url_003448"
"91_rejected_low_value\url_003449--gitlab.com-kicad-libraries-kicad-footprints-tree-master-Varistor-Varistor_SMD_8.md","91_rejected_low_value\url_003449--gitlab.com-kicad-libraries-kicad-footprints-tree-master-Varistor-Varistor_SMD_8.md","1117","91_rejected_low_value","91_rejected_low_value","False","True","True","10","0","junk","removed_embedded_data_images; collapsed_blank_lines","url_003449"
"91_rejected_low_value\url_003450--gitlab.com-kicad-libraries-kicad-footprints-tree-master-Varistor-Varistor_SMD_9.md","91_rejected_low_value\url_003450--gitlab.com-kicad-libraries-kicad-footprints-tree-master-Varistor-Varistor_SMD_9.md","1117","91_rejected_low_value","91_rejected_low_value","False","True","True","10","0","junk","removed_embedded_data_images; collapsed_blank_lines","url_003450"
"91_rejected_low_value\url_003451--gitlab.com-kicad-libraries-kicad-footprints-tree-master-Zener-Zener_SMD_1.md","91_rejected_low_value\url_003451--gitlab.com-kicad-libraries-kicad-footprints-tree-master-Zener-Zener_SMD_1.md","1087","91_rejected_low_value","91_rejected_low_value","False","True","True","10","0","junk","removed_embedded_data_images; collapsed_blank_lines","url_003451"
"91_rejected_low_value\url_003452--gitlab.com-kicad-libraries-kicad-footprints-tree-master-Zener-Zener_SMD_10.md","91_rejected_low_value\url_003452--gitlab.com-kicad-libraries-kicad-footprints-tree-master-Zener-Zener_SMD_10.md","1092","91_rejected_low_value","91_rejected_low_value","False","True","True","10","0","junk","removed_embedded_data_images; collapsed_blank_lines","url_003452"
"91_rejected_low_value\url_003453--gitlab.com-kicad-libraries-kicad-footprints-tree-master-Zener-Zener_SMD_11.md","91_rejected_low_value\url_003453--gitlab.com-kicad-libraries-kicad-footprints-tree-master-Zener-Zener_SMD_11.md","1092","91_rejected_low_value","91_rejected_low_value","False","True","True","10","0","junk","removed_embedded_data_images; collapsed_blank_lines","url_003453"
"91_rejected_low_value\url_003454--gitlab.com-kicad-libraries-kicad-footprints-tree-master-Zener-Zener_SMD_12.md","91_rejected_low_value\url_003454--gitlab.com-kicad-libraries-kicad-footprints-tree-master-Zener-Zener_SMD_12.md","1092","91_rejected_low_value","91_rejected_low_value","False","True","True","10","0","junk","removed_embedded_data_images; collapsed_blank_lines","url_003454"
"91_rejected_low_value\url_003455--gitlab.com-kicad-libraries-kicad-footprints-tree-master-Zener-Zener_SMD_2.md","91_rejected_low_value\url_003455--gitlab.com-kicad-libraries-kicad-footprints-tree-master-Zener-Zener_SMD_2.md","1087","91_rejected_low_value","91_rejected_low_value","False","True","True","10","0","junk","removed_embedded_data_images; collapsed_blank_lines","url_003455"
"91_rejected_low_value\url_003456--gitlab.com-kicad-libraries-kicad-footprints-tree-master-Zener-Zener_SMD_3.md","91_rejected_low_value\url_003456--gitlab.com-kicad-libraries-kicad-footprints-tree-master-Zener-Zener_SMD_3.md","1087","91_rejected_low_value","91_rejected_low_value","False","True","True","10","0","junk","removed_embedded_data_images; collapsed_blank_lines","url_003456"
"91_rejected_low_value\url_003457--gitlab.com-kicad-libraries-kicad-footprints-tree-master-Zener-Zener_SMD_4.md","91_rejected_low_value\url_003457--gitlab.com-kicad-libraries-kicad-footprints-tree-master-Zener-Zener_SMD_4.md","1087","91_rejected_low_value","91_rejected_low_value","False","True","True","10","0","junk","removed_embedded_data_images; collapsed_blank_lines","url_003457"
"91_rejected_low_value\url_003458--gitlab.com-kicad-libraries-kicad-footprints-tree-master-Zener-Zener_SMD_5.md","91_rejected_low_value\url_003458--gitlab.com-kicad-libraries-kicad-footprints-tree-master-Zener-Zener_SMD_5.md","1087","91_rejected_low_value","91_rejected_low_value","False","True","True","10","0","junk","removed_embedded_data_images; collapsed_blank_lines","url_003458"
"91_rejected_low_value\url_003459--gitlab.com-kicad-libraries-kicad-footprints-tree-master-Zener-Zener_SMD_6.md","91_rejected_low_value\url_003459--gitlab.com-kicad-libraries-kicad-footprints-tree-master-Zener-Zener_SMD_6.md","1087","91_rejected_low_value","91_rejected_low_value","False","True","True","10","0","junk","removed_embedded_data_images; collapsed_blank_lines","url_003459"
"91_rejected_low_value\url_003460--gitlab.com-kicad-libraries-kicad-footprints-tree-master-Zener-Zener_SMD_7.md","91_rejected_low_value\url_003460--gitlab.com-kicad-libraries-kicad-footprints-tree-master-Zener-Zener_SMD_7.md","1087","91_rejected_low_value","91_rejected_low_value","False","True","True","10","0","junk","removed_embedded_data_images; collapsed_blank_lines","url_003460"
"91_rejected_low_value\url_003461--gitlab.com-kicad-libraries-kicad-footprints-tree-master-Zener-Zener_SMD_8.md","91_rejected_low_value\url_003461--gitlab.com-kicad-libraries-kicad-footprints-tree-master-Zener-Zener_SMD_8.md","1087","91_rejected_low_value","91_rejected_low_value","False","True","True","10","0","junk","removed_embedded_data_images; collapsed_blank_lines","url_003461"
"91_rejected_low_value\url_003462--gitlab.com-kicad-libraries-kicad-footprints-tree-master-Zener-Zener_SMD_9.md","91_rejected_low_value\url_003462--gitlab.com-kicad-libraries-kicad-footprints-tree-master-Zener-Zener_SMD_9.md","1087","91_rejected_low_value","91_rejected_low_value","False","True","True","10","0","junk","removed_embedded_data_images; collapsed_blank_lines","url_003462"
"91_rejected_low_value\url_003464--gitlab.com-kicad-libraries-kicad-library-utils-tree-master-klc-check.md","91_rejected_low_value\url_003464--gitlab.com-kicad-libraries-kicad-library-utils-tree-master-klc-check.md","1004","91_rejected_low_value","91_rejected_low_value","False","False","False","1","0","junk","collapsed_blank_lines","url_003464"
"91_rejected_low_value\url_003468--gitlab.com-kicad-libraries-kicad-symbols-blob-master-Connector.kicad_sym.md","91_rejected_low_value\url_003468--gitlab.com-kicad-libraries-kicad-symbols-blob-master-Connector.kicad_sym.md","1087","91_rejected_low_value","91_rejected_low_value","False","True","True","9","0","junk","removed_embedded_data_images; collapsed_blank_lines","url_003468"
"91_rejected_low_value\url_003469--gitlab.com-kicad-libraries-kicad-symbols-blob-master-Connector_Generic.kicad_sym.md","91_rejected_low_value\url_003469--gitlab.com-kicad-libraries-kicad-symbols-blob-master-Connector_Generic.kicad_sym.md","1127","91_rejected_low_value","91_rejected_low_value","False","True","True","10","0","junk","removed_embedded_data_images; collapsed_blank_lines","url_003469"
"91_rejected_low_value\url_003470--gitlab.com-kicad-libraries-kicad-symbols-blob-master-Device.kicad_sym.md","91_rejected_low_value\url_003470--gitlab.com-kicad-libraries-kicad-symbols-blob-master-Device.kicad_sym.md","1072","91_rejected_low_value","91_rejected_low_value","False","True","True","9","0","junk","removed_embedded_data_images; collapsed_blank_lines","url_003470"
"91_rejected_low_value\url_003471--gitlab.com-kicad-libraries-kicad-symbols-blob-master-Interface_USB.kicad_sym.md","91_rejected_low_value\url_003471--gitlab.com-kicad-libraries-kicad-symbols-blob-master-Interface_USB.kicad_sym.md","1107","91_rejected_low_value","91_rejected_low_value","False","True","True","10","0","junk","removed_embedded_data_images; collapsed_blank_lines","url_003471"
"91_rejected_low_value\url_003472--gitlab.com-kicad-libraries-kicad-symbols-blob-master-MCU_Espressif.kicad_sym.md","91_rejected_low_value\url_003472--gitlab.com-kicad-libraries-kicad-symbols-blob-master-MCU_Espressif.kicad_sym.md","1107","91_rejected_low_value","91_rejected_low_value","False","True","True","10","0","junk","removed_embedded_data_images; collapsed_blank_lines","url_003472"
"91_rejected_low_value\url_003473--gitlab.com-kicad-libraries-kicad-symbols-blob-master-MCU_Microchip_ATmega.kicad_sym.md","91_rejected_low_value\url_003473--gitlab.com-kicad-libraries-kicad-symbols-blob-master-MCU_Microchip_ATmega.kicad_sym.md","1142","91_rejected_low_value","91_rejected_low_value","False","True","True","11","0","junk","removed_embedded_data_images; collapsed_blank_lines","url_003473"
"91_rejected_low_value\url_003474--gitlab.com-kicad-libraries-kicad-symbols-blob-master-MCU_Microchip_ATtiny.kicad_sym.md","91_rejected_low_value\url_003474--gitlab.com-kicad-libraries-kicad-symbols-blob-master-MCU_Microchip_ATtiny.kicad_sym.md","1142","91_rejected_low_value","91_rejected_low_value","False","True","True","11","0","junk","removed_embedded_data_images; collapsed_blank_lines","url_003474"
"91_rejected_low_value\url_003475--gitlab.com-kicad-libraries-kicad-symbols-blob-master-MCU_Microchip_dsPIC33.kicad_sym.md","91_rejected_low_value\url_003475--gitlab.com-kicad-libraries-kicad-symbols-blob-master-MCU_Microchip_dsPIC33.kicad_sym.md","1147","91_rejected_low_value","91_rejected_low_value","False","True","True","11","0","junk","removed_embedded_data_images; collapsed_blank_lines","url_003475"
"91_rejected_low_value\url_003476--gitlab.com-kicad-libraries-kicad-symbols-blob-master-MCU_Microchip_PIC10.kicad_sym.md","91_rejected_low_value\url_003476--gitlab.com-kicad-libraries-kicad-symbols-blob-master-MCU_Microchip_PIC10.kicad_sym.md","1137","91_rejected_low_value","91_rejected_low_value","False","True","True","11","0","junk","removed_embedded_data_images; collapsed_blank_lines","url_003476"
"91_rejected_low_value\url_003477--gitlab.com-kicad-libraries-kicad-symbols-blob-master-MCU_Microchip_PIC12.kicad_sym.md","91_rejected_low_value\url_003477--gitlab.com-kicad-libraries-kicad-symbols-blob-master-MCU_Microchip_PIC12.kicad_sym.md","1137","91_rejected_low_value","91_rejected_low_value","False","True","True","11","0","junk","removed_embedded_data_images; collapsed_blank_lines","url_003477"
"91_rejected_low_value\url_003478--gitlab.com-kicad-libraries-kicad-symbols-blob-master-MCU_Microchip_PIC16.kicad_sym.md","91_rejected_low_value\url_003478--gitlab.com-kicad-libraries-kicad-symbols-blob-master-MCU_Microchip_PIC16.kicad_sym.md","1137","91_rejected_low_value","91_rejected_low_value","False","True","True","11","0","junk","removed_embedded_data_images; collapsed_blank_lines","url_003478"
"91_rejected_low_value\url_003479--gitlab.com-kicad-libraries-kicad-symbols-blob-master-MCU_Microchip_PIC18.kicad_sym.md","91_rejected_low_value\url_003479--gitlab.com-kicad-libraries-kicad-symbols-blob-master-MCU_Microchip_PIC18.kicad_sym.md","1137","91_rejected_low_value","91_rejected_low_value","False","True","True","11","0","junk","removed_embedded_data_images; collapsed_blank_lines","url_003479"
"91_rejected_low_value\url_003480--gitlab.com-kicad-libraries-kicad-symbols-blob-master-MCU_Microchip_PIC24.kicad_sym.md","91_rejected_low_value\url_003480--gitlab.com-kicad-libraries-kicad-symbols-blob-master-MCU_Microchip_PIC24.kicad_sym.md","1137","91_rejected_low_value","91_rejected_low_value","False","True","True","11","0","junk","removed_embedded_data_images; collapsed_blank_lines","url_003480"
"91_rejected_low_value\url_003481--gitlab.com-kicad-libraries-kicad-symbols-blob-master-MCU_Microchip_PIC32.kicad_sym.md","91_rejected_low_value\url_003481--gitlab.com-kicad-libraries-kicad-symbols-blob-master-MCU_Microchip_PIC32.kicad_sym.md","1137","91_rejected_low_value","91_rejected_low_value","False","True","True","11","0","junk","removed_embedded_data_images; collapsed_blank_lines","url_003481"
"91_rejected_low_value\url_003482--gitlab.com-kicad-libraries-kicad-symbols-blob-master-MCU_Microchip_SAMD.kicad_sym.md","91_rejected_low_value\url_003482--gitlab.com-kicad-libraries-kicad-symbols-blob-master-MCU_Microchip_SAMD.kicad_sym.md","1132","91_rejected_low_value","91_rejected_low_value","False","True","True","11","0","junk","removed_embedded_data_images; collapsed_blank_lines","url_003482"
"91_rejected_low_value\url_003483--gitlab.com-kicad-libraries-kicad-symbols-blob-master-MCU_Microchip_SAME.kicad_sym.md","91_rejected_low_value\url_003483--gitlab.com-kicad-libraries-kicad-symbols-blob-master-MCU_Microchip_SAME.kicad_sym.md","1132","91_rejected_low_value","91_rejected_low_value","False","True","True","11","0","junk","removed_embedded_data_images; collapsed_blank_lines","url_003483"
"91_rejected_low_value\url_003484--gitlab.com-kicad-libraries-kicad-symbols-blob-master-MCU_Microchip_SAML.kicad_sym.md","91_rejected_low_value\url_003484--gitlab.com-kicad-libraries-kicad-symbols-blob-master-MCU_Microchip_SAML.kicad_sym.md","1132","91_rejected_low_value","91_rejected_low_value","False","True","True","11","0","junk","removed_embedded_data_images; collapsed_blank_lines","url_003484"
"91_rejected_low_value\url_003485--gitlab.com-kicad-libraries-kicad-symbols-blob-master-MCU_Microchip_SAMV.kicad_sym.md","91_rejected_low_value\url_003485--gitlab.com-kicad-libraries-kicad-symbols-blob-master-MCU_Microchip_SAMV.kicad_sym.md","1132","91_rejected_low_value","91_rejected_low_value","False","True","True","11","0","junk","removed_embedded_data_images; collapsed_blank_lines","url_003485"
"91_rejected_low_value\url_003486--gitlab.com-kicad-libraries-kicad-symbols-blob-master-MCU_Module.kicad_sym.md","91_rejected_low_value\url_003486--gitlab.com-kicad-libraries-kicad-symbols-blob-master-MCU_Module.kicad_sym.md","1092","91_rejected_low_value","91_rejected_low_value","False","True","True","10","0","junk","removed_embedded_data_images; collapsed_blank_lines","url_003486"
"91_rejected_low_value\url_003487--gitlab.com-kicad-libraries-kicad-symbols-blob-master-MCU_Nordic.kicad_sym.md","91_rejected_low_value\url_003487--gitlab.com-kicad-libraries-kicad-symbols-blob-master-MCU_Nordic.kicad_sym.md","1092","91_rejected_low_value","91_rejected_low_value","False","True","True","10","0","junk","removed_embedded_data_images; collapsed_blank_lines","url_003487"
"91_rejected_low_value\url_003488--gitlab.com-kicad-libraries-kicad-symbols-blob-master-MCU_NXP_Kinetis.kicad_sym.md","91_rejected_low_value\url_003488--gitlab.com-kicad-libraries-kicad-symbols-blob-master-MCU_NXP_Kinetis.kicad_sym.md","1117","91_rejected_low_value","91_rejected_low_value","False","True","True","11","0","junk","removed_embedded_data_images; collapsed_blank_lines","url_003488"
"91_rejected_low_value\url_003489--gitlab.com-kicad-libraries-kicad-symbols-blob-master-MCU_NXP_LPC.kicad_sym.md","91_rejected_low_value\url_003489--gitlab.com-kicad-libraries-kicad-symbols-blob-master-MCU_NXP_LPC.kicad_sym.md","1097","91_rejected_low_value","91_rejected_low_value","False","True","True","11","0","junk","removed_embedded_data_images; collapsed_blank_lines","url_003489"
"91_rejected_low_value\url_003490--gitlab.com-kicad-libraries-kicad-symbols-blob-master-MCU_RaspberryPi_and_Boards.kicad_sym.md","91_rejected_low_value\url_003490--gitlab.com-kicad-libraries-kicad-symbols-blob-master-MCU_RaspberryPi_and_Boards.kicad_sym.md","1172","91_rejected_low_value","91_rejected_low_value","False","True","True","12","0","junk","removed_embedded_data_images; collapsed_blank_lines","url_003490"
"91_rejected_low_value\url_003491--gitlab.com-kicad-libraries-kicad-symbols-blob-master-MCU_SiliconLabs.kicad_sym.md","91_rejected_low_value\url_003491--gitlab.com-kicad-libraries-kicad-symbols-blob-master-MCU_SiliconLabs.kicad_sym.md","1117","91_rejected_low_value","91_rejected_low_value","False","True","True","10","0","junk","removed_embedded_data_images; collapsed_blank_lines","url_003491"
"91_rejected_low_value\url_003492--gitlab.com-kicad-libraries-kicad-symbols-blob-master-MCU_ST_STM32C0.kicad_sym.md","91_rejected_low_value\url_003492--gitlab.com-kicad-libraries-kicad-symbols-blob-master-MCU_ST_STM32C0.kicad_sym.md","1112","91_rejected_low_value","91_rejected_low_value","False","True","True","11","0","junk","removed_embedded_data_images; collapsed_blank_lines","url_003492"
"91_rejected_low_value\url_003493--gitlab.com-kicad-libraries-kicad-symbols-blob-master-MCU_ST_STM32F0.kicad_sym.md","91_rejected_low_value\url_003493--gitlab.com-kicad-libraries-kicad-symbols-blob-master-MCU_ST_STM32F0.kicad_sym.md","1112","91_rejected_low_value","91_rejected_low_value","False","True","True","11","0","junk","removed_embedded_data_images; collapsed_blank_lines","url_003493"
"91_rejected_low_value\url_003494--gitlab.com-kicad-libraries-kicad-symbols-blob-master-MCU_ST_STM32F1.kicad_sym.md","91_rejected_low_value\url_003494--gitlab.com-kicad-libraries-kicad-symbols-blob-master-MCU_ST_STM32F1.kicad_sym.md","1112","91_rejected_low_value","91_rejected_low_value","False","True","True","11","0","junk","removed_embedded_data_images; collapsed_blank_lines","url_003494"
"91_rejected_low_value\url_003495--gitlab.com-kicad-libraries-kicad-symbols-blob-master-MCU_ST_STM32F2.kicad_sym.md","91_rejected_low_value\url_003495--gitlab.com-kicad-libraries-kicad-symbols-blob-master-MCU_ST_STM32F2.kicad_sym.md","1112","91_rejected_low_value","91_rejected_low_value","False","True","True","11","0","junk","removed_embedded_data_images; collapsed_blank_lines","url_003495"
"91_rejected_low_value\url_003496--gitlab.com-kicad-libraries-kicad-symbols-blob-master-MCU_ST_STM32F3.kicad_sym.md","91_rejected_low_value\url_003496--gitlab.com-kicad-libraries-kicad-symbols-blob-master-MCU_ST_STM32F3.kicad_sym.md","1112","91_rejected_low_value","91_rejected_low_value","False","True","True","11","0","junk","removed_embedded_data_images; collapsed_blank_lines","url_003496"
"91_rejected_low_value\url_003497--gitlab.com-kicad-libraries-kicad-symbols-blob-master-MCU_ST_STM32F4.kicad_sym.md","91_rejected_low_value\url_003497--gitlab.com-kicad-libraries-kicad-symbols-blob-master-MCU_ST_STM32F4.kicad_sym.md","1112","91_rejected_low_value","91_rejected_low_value","False","True","True","11","0","junk","removed_embedded_data_images; collapsed_blank_lines","url_003497"
"91_rejected_low_value\url_003498--gitlab.com-kicad-libraries-kicad-symbols-blob-master-MCU_ST_STM32F7.kicad_sym.md","91_rejected_low_value\url_003498--gitlab.com-kicad-libraries-kicad-symbols-blob-master-MCU_ST_STM32F7.kicad_sym.md","1112","91_rejected_low_value","91_rejected_low_value","False","True","True","11","0","junk","removed_embedded_data_images; collapsed_blank_lines","url_003498"
"91_rejected_low_value\url_003499--gitlab.com-kicad-libraries-kicad-symbols-blob-master-MCU_ST_STM32G0.kicad_sym.md","91_rejected_low_value\url_003499--gitlab.com-kicad-libraries-kicad-symbols-blob-master-MCU_ST_STM32G0.kicad_sym.md","1112","91_rejected_low_value","91_rejected_low_value","False","True","True","11","0","junk","removed_embedded_data_images; collapsed_blank_lines","url_003499"
"91_rejected_low_value\url_003500--gitlab.com-kicad-libraries-kicad-symbols-blob-master-MCU_ST_STM32G4.kicad_sym.md","91_rejected_low_value\url_003500--gitlab.com-kicad-libraries-kicad-symbols-blob-master-MCU_ST_STM32G4.kicad_sym.md","1112","91_rejected_low_value","91_rejected_low_value","False","True","True","11","0","junk","removed_embedded_data_images; collapsed_blank_lines","url_003500"
"91_rejected_low_value\url_003501--gitlab.com-kicad-libraries-kicad-symbols-blob-master-MCU_ST_STM32H5.kicad_sym.md","91_rejected_low_value\url_003501--gitlab.com-kicad-libraries-kicad-symbols-blob-master-MCU_ST_STM32H5.kicad_sym.md","1112","91_rejected_low_value","91_rejected_low_value","False","True","True","11","0","junk","removed_embedded_data_images; collapsed_blank_lines","url_003501"
"91_rejected_low_value\url_003502--gitlab.com-kicad-libraries-kicad-symbols-blob-master-MCU_ST_STM32H7.kicad_sym.md","91_rejected_low_value\url_003502--gitlab.com-kicad-libraries-kicad-symbols-blob-master-MCU_ST_STM32H7.kicad_sym.md","1112","91_rejected_low_value","91_rejected_low_value","False","True","True","11","0","junk","removed_embedded_data_images; collapsed_blank_lines","url_003502"
"91_rejected_low_value\url_003503--gitlab.com-kicad-libraries-kicad-symbols-blob-master-MCU_ST_STM32L0.kicad_sym.md","91_rejected_low_value\url_003503--gitlab.com-kicad-libraries-kicad-symbols-blob-master-MCU_ST_STM32L0.kicad_sym.md","1112","91_rejected_low_value","91_rejected_low_value","False","True","True","11","0","junk","removed_embedded_data_images; collapsed_blank_lines","url_003503"
"91_rejected_low_value\url_003504--gitlab.com-kicad-libraries-kicad-symbols-blob-master-MCU_ST_STM32L1.kicad_sym.md","91_rejected_low_value\url_003504--gitlab.com-kicad-libraries-kicad-symbols-blob-master-MCU_ST_STM32L1.kicad_sym.md","1112","91_rejected_low_value","91_rejected_low_value","False","True","True","11","0","junk","removed_embedded_data_images; collapsed_blank_lines","url_003504"
"91_rejected_low_value\url_003505--gitlab.com-kicad-libraries-kicad-symbols-blob-master-MCU_ST_STM32L4.kicad_sym.md","91_rejected_low_value\url_003505--gitlab.com-kicad-libraries-kicad-symbols-blob-master-MCU_ST_STM32L4.kicad_sym.md","1112","91_rejected_low_value","91_rejected_low_value","False","True","True","11","0","junk","removed_embedded_data_images; collapsed_blank_lines","url_003505"
"91_rejected_low_value\url_003506--gitlab.com-kicad-libraries-kicad-symbols-blob-master-MCU_ST_STM32L5.kicad_sym.md","91_rejected_low_value\url_003506--gitlab.com-kicad-libraries-kicad-symbols-blob-master-MCU_ST_STM32L5.kicad_sym.md","1112","91_rejected_low_value","91_rejected_low_value","False","True","True","11","0","junk","removed_embedded_data_images; collapsed_blank_lines","url_003506"
"91_rejected_low_value\url_003507--gitlab.com-kicad-libraries-kicad-symbols-blob-master-MCU_ST_STM32U0.kicad_sym.md","91_rejected_low_value\url_003507--gitlab.com-kicad-libraries-kicad-symbols-blob-master-MCU_ST_STM32U0.kicad_sym.md","1112","91_rejected_low_value","91_rejected_low_value","False","True","True","11","0","junk","removed_embedded_data_images; collapsed_blank_lines","url_003507"
"91_rejected_low_value\url_003508--gitlab.com-kicad-libraries-kicad-symbols-blob-master-MCU_ST_STM32U5.kicad_sym.md","91_rejected_low_value\url_003508--gitlab.com-kicad-libraries-kicad-symbols-blob-master-MCU_ST_STM32U5.kicad_sym.md","1112","91_rejected_low_value","91_rejected_low_value","False","True","True","11","0","junk","removed_embedded_data_images; collapsed_blank_lines","url_003508"
"91_rejected_low_value\url_003509--gitlab.com-kicad-libraries-kicad-symbols-blob-master-MCU_ST_STM32WB.kicad_sym.md","91_rejected_low_value\url_003509--gitlab.com-kicad-libraries-kicad-symbols-blob-master-MCU_ST_STM32WB.kicad_sym.md","1112","91_rejected_low_value","91_rejected_low_value","False","True","True","11","0","junk","removed_embedded_data_images; collapsed_blank_lines","url_003509"
"91_rejected_low_value\url_003510--gitlab.com-kicad-libraries-kicad-symbols-blob-master-MCU_ST_STM32WL.kicad_sym.md","91_rejected_low_value\url_003510--gitlab.com-kicad-libraries-kicad-symbols-blob-master-MCU_ST_STM32WL.kicad_sym.md","1112","91_rejected_low_value","91_rejected_low_value","False","True","True","11","0","junk","removed_embedded_data_images; collapsed_blank_lines","url_003510"
"91_rejected_low_value\url_003511--gitlab.com-kicad-libraries-kicad-symbols-blob-master-MCU_Texas.kicad_sym.md","91_rejected_low_value\url_003511--gitlab.com-kicad-libraries-kicad-symbols-blob-master-MCU_Texas.kicad_sym.md","1087","91_rejected_low_value","91_rejected_low_value","False","True","True","10","0","junk","removed_embedded_data_images; collapsed_blank_lines","url_003511"
"91_rejected_low_value\url_003512--gitlab.com-kicad-libraries-kicad-symbols-blob-master-Power_Management.kicad_sym.md","91_rejected_low_value\url_003512--gitlab.com-kicad-libraries-kicad-symbols-blob-master-Power_Management.kicad_sym.md","1122","91_rejected_low_value","91_rejected_low_value","False","True","True","10","0","junk","removed_embedded_data_images; collapsed_blank_lines","url_003512"
"91_rejected_low_value\url_003513--gitlab.com-kicad-libraries-kicad-symbols-blob-master-Regulator_Switching.kicad_sym.md","91_rejected_low_value\url_003513--gitlab.com-kicad-libraries-kicad-symbols-blob-master-Regulator_Switching.kicad_sym.md","1137","91_rejected_low_value","91_rejected_low_value","False","True","True","10","0","junk","removed_embedded_data_images; collapsed_blank_lines","url_003513"
"91_rejected_low_value\url_003514--gitlab.com-kicad-libraries-kicad-symbols-blob-master-RF_Module.kicad_sym.md","91_rejected_low_value\url_003514--gitlab.com-kicad-libraries-kicad-symbols-blob-master-RF_Module.kicad_sym.md","1087","91_rejected_low_value","91_rejected_low_value","False","True","True","10","0","junk","removed_embedded_data_images; collapsed_blank_lines","url_003514"
"91_rejected_low_value\url_003762--hackaday.com-2021-01-32-some-post-32.md","91_rejected_low_value\url_003762--hackaday.com-2021-01-32-some-post-32.md","30506","91_rejected_low_value","91_rejected_low_value","False","False","True","2643","0","junk","removed_junk_lines=1; collapsed_blank_lines","url_003762"
"91_rejected_low_value\url_003773--hackaday.com-2021-01-33-some-post-33.md","91_rejected_low_value\url_003773--hackaday.com-2021-01-33-some-post-33.md","30506","91_rejected_low_value","91_rejected_low_value","False","False","True","2643","0","junk","removed_junk_lines=1; collapsed_blank_lines","url_003773"
"91_rejected_low_value\url_003784--hackaday.com-2021-01-34-some-post-34.md","91_rejected_low_value\url_003784--hackaday.com-2021-01-34-some-post-34.md","30506","91_rejected_low_value","91_rejected_low_value","False","False","True","2643","0","junk","removed_junk_lines=1; collapsed_blank_lines","url_003784"
"91_rejected_low_value\url_003795--hackaday.com-2021-01-35-some-post-35.md","91_rejected_low_value\url_003795--hackaday.com-2021-01-35-some-post-35.md","30506","91_rejected_low_value","91_rejected_low_value","False","False","True","2643","0","junk","removed_junk_lines=1; collapsed_blank_lines","url_003795"
"91_rejected_low_value\url_003806--hackaday.com-2021-01-36-some-post-36.md","91_rejected_low_value\url_003806--hackaday.com-2021-01-36-some-post-36.md","30506","91_rejected_low_value","91_rejected_low_value","False","False","True","2643","0","junk","removed_junk_lines=1; collapsed_blank_lines","url_003806"
"91_rejected_low_value\url_003817--hackaday.com-2021-01-37-some-post-37.md","91_rejected_low_value\url_003817--hackaday.com-2021-01-37-some-post-37.md","30506","91_rejected_low_value","91_rejected_low_value","False","False","True","2643","0","junk","removed_junk_lines=1; collapsed_blank_lines","url_003817"
"91_rejected_low_value\url_003828--hackaday.com-2021-01-38-some-post-38.md","91_rejected_low_value\url_003828--hackaday.com-2021-01-38-some-post-38.md","30506","91_rejected_low_value","91_rejected_low_value","False","False","True","2643","0","junk","removed_junk_lines=1; collapsed_blank_lines","url_003828"
"91_rejected_low_value\url_003839--hackaday.com-2021-01-39-some-post-39.md","91_rejected_low_value\url_003839--hackaday.com-2021-01-39-some-post-39.md","30506","91_rejected_low_value","91_rejected_low_value","False","False","True","2643","0","junk","removed_junk_lines=1; collapsed_blank_lines","url_003839"
"91_rejected_low_value\url_003851--hackaday.com-2021-01-40-some-post-40.md","91_rejected_low_value\url_003851--hackaday.com-2021-01-40-some-post-40.md","30506","91_rejected_low_value","91_rejected_low_value","False","False","True","2643","0","junk","removed_junk_lines=1; collapsed_blank_lines","url_003851"
"91_rejected_low_value\url_003862--hackaday.com-2021-01-41-some-post-41.md","91_rejected_low_value\url_003862--hackaday.com-2021-01-41-some-post-41.md","30506","91_rejected_low_value","91_rejected_low_value","False","False","True","2643","0","junk","removed_junk_lines=1; collapsed_blank_lines","url_003862"
"91_rejected_low_value\url_003873--hackaday.com-2021-01-42-some-post-42.md","91_rejected_low_value\url_003873--hackaday.com-2021-01-42-some-post-42.md","30506","91_rejected_low_value","91_rejected_low_value","False","False","True","2643","0","junk","removed_junk_lines=1; collapsed_blank_lines","url_003873"
"91_rejected_low_value\url_003884--hackaday.com-2021-01-43-some-post-43.md","91_rejected_low_value\url_003884--hackaday.com-2021-01-43-some-post-43.md","30506","91_rejected_low_value","91_rejected_low_value","False","False","True","2643","0","junk","removed_junk_lines=1; collapsed_blank_lines","url_003884"
"91_rejected_low_value\url_003895--hackaday.com-2021-01-44-some-post-44.md","91_rejected_low_value\url_003895--hackaday.com-2021-01-44-some-post-44.md","30506","91_rejected_low_value","91_rejected_low_value","False","False","True","2643","0","junk","removed_junk_lines=1; collapsed_blank_lines","url_003895"
"91_rejected_low_value\url_003906--hackaday.com-2021-01-45-some-post-45.md","91_rejected_low_value\url_003906--hackaday.com-2021-01-45-some-post-45.md","30506","91_rejected_low_value","91_rejected_low_value","False","False","True","2643","0","junk","removed_junk_lines=1; collapsed_blank_lines","url_003906"
"91_rejected_low_value\url_003917--hackaday.com-2021-01-46-some-post-46.md","91_rejected_low_value\url_003917--hackaday.com-2021-01-46-some-post-46.md","30506","91_rejected_low_value","91_rejected_low_value","False","False","True","2643","0","junk","removed_junk_lines=1; collapsed_blank_lines","url_003917"
"91_rejected_low_value\url_003928--hackaday.com-2021-01-47-some-post-47.md","91_rejected_low_value\url_003928--hackaday.com-2021-01-47-some-post-47.md","30506","91_rejected_low_value","91_rejected_low_value","False","False","True","2643","0","junk","removed_junk_lines=1; collapsed_blank_lines","url_003928"
"91_rejected_low_value\url_003939--hackaday.com-2021-01-48-some-post-48.md","91_rejected_low_value\url_003939--hackaday.com-2021-01-48-some-post-48.md","30506","91_rejected_low_value","91_rejected_low_value","False","False","True","2643","0","junk","removed_junk_lines=1; collapsed_blank_lines","url_003939"
"91_rejected_low_value\url_003950--hackaday.com-2021-01-49-some-post-49.md","91_rejected_low_value\url_003950--hackaday.com-2021-01-49-some-post-49.md","30506","91_rejected_low_value","91_rejected_low_value","False","False","True","2643","0","junk","removed_junk_lines=1; collapsed_blank_lines","url_003950"
"91_rejected_low_value\url_003962--hackaday.com-2021-01-50-some-post-50.md","91_rejected_low_value\url_003962--hackaday.com-2021-01-50-some-post-50.md","30506","91_rejected_low_value","91_rejected_low_value","False","False","True","2643","0","junk","removed_junk_lines=1; collapsed_blank_lines","url_003962"
"91_rejected_low_value\url_003964--hackaday.com-2021-01-51-some-post-51.md","91_rejected_low_value\url_003964--hackaday.com-2021-01-51-some-post-51.md","30506","91_rejected_low_value","91_rejected_low_value","False","False","True","2643","0","junk","removed_junk_lines=1; collapsed_blank_lines","url_003964"
"91_rejected_low_value\url_003965--hackaday.com-2021-01-52-some-post-52.md","91_rejected_low_value\url_003965--hackaday.com-2021-01-52-some-post-52.md","30506","91_rejected_low_value","91_rejected_low_value","False","False","True","2643","0","junk","removed_junk_lines=1; collapsed_blank_lines","url_003965"
"91_rejected_low_value\url_003966--hackaday.com-2021-01-53-some-post-53.md","91_rejected_low_value\url_003966--hackaday.com-2021-01-53-some-post-53.md","30506","91_rejected_low_value","91_rejected_low_value","False","False","True","2643","0","junk","removed_junk_lines=1; collapsed_blank_lines","url_003966"
"91_rejected_low_value\url_003967--hackaday.com-2021-01-54-some-post-54.md","91_rejected_low_value\url_003967--hackaday.com-2021-01-54-some-post-54.md","30506","91_rejected_low_value","91_rejected_low_value","False","False","True","2643","0","junk","removed_junk_lines=1; collapsed_blank_lines","url_003967"
"91_rejected_low_value\url_003968--hackaday.com-2021-01-55-some-post-55.md","91_rejected_low_value\url_003968--hackaday.com-2021-01-55-some-post-55.md","30506","91_rejected_low_value","91_rejected_low_value","False","False","True","2643","0","junk","removed_junk_lines=1; collapsed_blank_lines","url_003968"
"91_rejected_low_value\url_003969--hackaday.com-2021-01-56-some-post-56.md","91_rejected_low_value\url_003969--hackaday.com-2021-01-56-some-post-56.md","30506","91_rejected_low_value","91_rejected_low_value","False","False","True","2643","0","junk","removed_junk_lines=1; collapsed_blank_lines","url_003969"
"91_rejected_low_value\url_003970--hackaday.com-2021-01-57-some-post-57.md","91_rejected_low_value\url_003970--hackaday.com-2021-01-57-some-post-57.md","30506","91_rejected_low_value","91_rejected_low_value","False","False","True","2643","0","junk","removed_junk_lines=1; collapsed_blank_lines","url_003970"
"91_rejected_low_value\url_003971--hackaday.com-2021-01-58-some-post-58.md","91_rejected_low_value\url_003971--hackaday.com-2021-01-58-some-post-58.md","30506","91_rejected_low_value","91_rejected_low_value","False","False","True","2643","0","junk","removed_junk_lines=1; collapsed_blank_lines","url_003971"
"91_rejected_low_value\url_003972--hackaday.com-2021-01-59-some-post-59.md","91_rejected_low_value\url_003972--hackaday.com-2021-01-59-some-post-59.md","30506","91_rejected_low_value","91_rejected_low_value","False","False","True","2643","0","junk","removed_junk_lines=1; collapsed_blank_lines","url_003972"
"91_rejected_low_value\url_003974--hackaday.com-2021-01-60-some-post-60.md","91_rejected_low_value\url_003974--hackaday.com-2021-01-60-some-post-60.md","30506","91_rejected_low_value","91_rejected_low_value","False","False","True","2643","0","junk","removed_junk_lines=1; collapsed_blank_lines","url_003974"
"91_rejected_low_value\url_003975--hackaday.com-2021-01-61-some-post-61.md","91_rejected_low_value\url_003975--hackaday.com-2021-01-61-some-post-61.md","30506","91_rejected_low_value","91_rejected_low_value","False","False","True","2643","0","junk","removed_junk_lines=1; collapsed_blank_lines","url_003975"
"91_rejected_low_value\url_003976--hackaday.com-2021-01-62-some-post-62.md","91_rejected_low_value\url_003976--hackaday.com-2021-01-62-some-post-62.md","30506","91_rejected_low_value","91_rejected_low_value","False","False","True","2643","0","junk","removed_junk_lines=1; collapsed_blank_lines","url_003976"
"91_rejected_low_value\url_003977--hackaday.com-2021-01-63-some-post-63.md","91_rejected_low_value\url_003977--hackaday.com-2021-01-63-some-post-63.md","30506","91_rejected_low_value","91_rejected_low_value","False","False","True","2643","0","junk","removed_junk_lines=1; collapsed_blank_lines","url_003977"
"91_rejected_low_value\url_003978--hackaday.com-2021-01-64-some-post-64.md","91_rejected_low_value\url_003978--hackaday.com-2021-01-64-some-post-64.md","30506","91_rejected_low_value","91_rejected_low_value","False","False","True","2643","0","junk","removed_junk_lines=1; collapsed_blank_lines","url_003978"
"91_rejected_low_value\url_003979--hackaday.com-2021-01-65-some-post-65.md","91_rejected_low_value\url_003979--hackaday.com-2021-01-65-some-post-65.md","30506","91_rejected_low_value","91_rejected_low_value","False","False","True","2643","0","junk","removed_junk_lines=1; collapsed_blank_lines","url_003979"
"91_rejected_low_value\url_003980--hackaday.com-2021-01-66-some-post-66.md","91_rejected_low_value\url_003980--hackaday.com-2021-01-66-some-post-66.md","30506","91_rejected_low_value","91_rejected_low_value","False","False","True","2643","0","junk","removed_junk_lines=1; collapsed_blank_lines","url_003980"
"91_rejected_low_value\url_003981--hackaday.com-2021-01-67-some-post-67.md","91_rejected_low_value\url_003981--hackaday.com-2021-01-67-some-post-67.md","30506","91_rejected_low_value","91_rejected_low_value","False","False","True","2643","0","junk","removed_junk_lines=1; collapsed_blank_lines","url_003981"
"91_rejected_low_value\url_003982--hackaday.com-2021-01-68-some-post-68.md","91_rejected_low_value\url_003982--hackaday.com-2021-01-68-some-post-68.md","30506","91_rejected_low_value","91_rejected_low_value","False","False","True","2643","0","junk","removed_junk_lines=1; collapsed_blank_lines","url_003982"
"91_rejected_low_value\url_003983--hackaday.com-2021-01-69-some-post-69.md","91_rejected_low_value\url_003983--hackaday.com-2021-01-69-some-post-69.md","30506","91_rejected_low_value","91_rejected_low_value","False","False","True","2643","0","junk","removed_junk_lines=1; collapsed_blank_lines","url_003983"
"91_rejected_low_value\url_003985--hackaday.com-2021-01-70-some-post-70.md","91_rejected_low_value\url_003985--hackaday.com-2021-01-70-some-post-70.md","30506","91_rejected_low_value","91_rejected_low_value","False","False","True","2643","0","junk","removed_junk_lines=1; collapsed_blank_lines","url_003985"
"91_rejected_low_value\url_003986--hackaday.com-2021-01-71-some-post-71.md","91_rejected_low_value\url_003986--hackaday.com-2021-01-71-some-post-71.md","30506","91_rejected_low_value","91_rejected_low_value","False","False","True","2643","0","junk","removed_junk_lines=1; collapsed_blank_lines","url_003986"
"91_rejected_low_value\url_003987--hackaday.com-2021-01-72-some-post-72.md","91_rejected_low_value\url_003987--hackaday.com-2021-01-72-some-post-72.md","30506","91_rejected_low_value","91_rejected_low_value","False","False","True","2643","0","junk","removed_junk_lines=1; collapsed_blank_lines","url_003987"
"91_rejected_low_value\url_003988--hackaday.com-2021-01-73-some-post-73.md","91_rejected_low_value\url_003988--hackaday.com-2021-01-73-some-post-73.md","30506","91_rejected_low_value","91_rejected_low_value","False","False","True","2643","0","junk","removed_junk_lines=1; collapsed_blank_lines","url_003988"
"91_rejected_low_value\url_003989--hackaday.com-2021-01-74-some-post-74.md","91_rejected_low_value\url_003989--hackaday.com-2021-01-74-some-post-74.md","30506","91_rejected_low_value","91_rejected_low_value","False","False","True","2643","0","junk","removed_junk_lines=1; collapsed_blank_lines","url_003989"
"91_rejected_low_value\url_003990--hackaday.com-2021-01-75-some-post-75.md","91_rejected_low_value\url_003990--hackaday.com-2021-01-75-some-post-75.md","30506","91_rejected_low_value","91_rejected_low_value","False","False","True","2643","0","junk","removed_junk_lines=1; collapsed_blank_lines","url_003990"
"91_rejected_low_value\url_003991--hackaday.com-2021-01-76-some-post-76.md","91_rejected_low_value\url_003991--hackaday.com-2021-01-76-some-post-76.md","30506","91_rejected_low_value","91_rejected_low_value","False","False","True","2643","0","junk","removed_junk_lines=1; collapsed_blank_lines","url_003991"
"91_rejected_low_value\url_003992--hackaday.com-2021-01-77-some-post-77.md","91_rejected_low_value\url_003992--hackaday.com-2021-01-77-some-post-77.md","30506","91_rejected_low_value","91_rejected_low_value","False","False","True","2643","0","junk","removed_junk_lines=1; collapsed_blank_lines","url_003992"
"91_rejected_low_value\url_003993--hackaday.com-2021-01-78-some-post-78.md","91_rejected_low_value\url_003993--hackaday.com-2021-01-78-some-post-78.md","30506","91_rejected_low_value","91_rejected_low_value","False","False","True","2643","0","junk","removed_junk_lines=1; collapsed_blank_lines","url_003993"
"91_rejected_low_value\url_003994--hackaday.com-2021-01-79-some-post-79.md","91_rejected_low_value\url_003994--hackaday.com-2021-01-79-some-post-79.md","30506","91_rejected_low_value","91_rejected_low_value","False","False","True","2643","0","junk","removed_junk_lines=1; collapsed_blank_lines","url_003994"
"91_rejected_low_value\url_003996--hackaday.com-2021-01-80-some-post-80.md","91_rejected_low_value\url_003996--hackaday.com-2021-01-80-some-post-80.md","30506","91_rejected_low_value","91_rejected_low_value","False","False","True","2643","0","junk","removed_junk_lines=1; collapsed_blank_lines","url_003996"
"91_rejected_low_value\url_003997--hackaday.com-2021-01-81-some-post-81.md","91_rejected_low_value\url_003997--hackaday.com-2021-01-81-some-post-81.md","30506","91_rejected_low_value","91_rejected_low_value","False","False","True","2643","0","junk","removed_junk_lines=1; collapsed_blank_lines","url_003997"
"91_rejected_low_value\url_003998--hackaday.com-2021-01-82-some-post-82.md","91_rejected_low_value\url_003998--hackaday.com-2021-01-82-some-post-82.md","30506","91_rejected_low_value","91_rejected_low_value","False","False","True","2643","0","junk","removed_junk_lines=1; collapsed_blank_lines","url_003998"
"91_rejected_low_value\url_003999--hackaday.com-2021-01-83-some-post-83.md","91_rejected_low_value\url_003999--hackaday.com-2021-01-83-some-post-83.md","30506","91_rejected_low_value","91_rejected_low_value","False","False","True","2643","0","junk","removed_junk_lines=1; collapsed_blank_lines","url_003999"
"91_rejected_low_value\url_004000--hackaday.com-2021-01-84-some-post-84.md","91_rejected_low_value\url_004000--hackaday.com-2021-01-84-some-post-84.md","30506","91_rejected_low_value","91_rejected_low_value","False","False","True","2643","0","junk","removed_junk_lines=1; collapsed_blank_lines","url_004000"
"91_rejected_low_value\url_004001--hackaday.com-2021-01-85-some-post-85.md","91_rejected_low_value\url_004001--hackaday.com-2021-01-85-some-post-85.md","30506","91_rejected_low_value","91_rejected_low_value","False","False","True","2643","0","junk","removed_junk_lines=1; collapsed_blank_lines","url_004001"
"91_rejected_low_value\url_004002--hackaday.com-2021-01-86-some-post-86.md","91_rejected_low_value\url_004002--hackaday.com-2021-01-86-some-post-86.md","30506","91_rejected_low_value","91_rejected_low_value","False","False","True","2643","0","junk","removed_junk_lines=1; collapsed_blank_lines","url_004002"
"91_rejected_low_value\url_004003--hackaday.com-2021-01-87-some-post-87.md","91_rejected_low_value\url_004003--hackaday.com-2021-01-87-some-post-87.md","30506","91_rejected_low_value","91_rejected_low_value","False","False","True","2643","0","junk","removed_junk_lines=1; collapsed_blank_lines","url_004003"
"91_rejected_low_value\url_004004--hackaday.com-2021-01-88-some-post-88.md","91_rejected_low_value\url_004004--hackaday.com-2021-01-88-some-post-88.md","30506","91_rejected_low_value","91_rejected_low_value","False","False","True","2643","0","junk","removed_junk_lines=1; collapsed_blank_lines","url_004004"
"91_rejected_low_value\url_004005--hackaday.com-2021-01-89-some-post-89.md","91_rejected_low_value\url_004005--hackaday.com-2021-01-89-some-post-89.md","30506","91_rejected_low_value","91_rejected_low_value","False","False","True","2643","0","junk","removed_junk_lines=1; collapsed_blank_lines","url_004005"
"91_rejected_low_value\url_004007--hackaday.com-2021-01-90-some-post-90.md","91_rejected_low_value\url_004007--hackaday.com-2021-01-90-some-post-90.md","30506","91_rejected_low_value","91_rejected_low_value","False","False","True","2643","0","junk","removed_junk_lines=1; collapsed_blank_lines","url_004007"
"91_rejected_low_value\url_004008--hackaday.com-2021-01-91-some-post-91.md","91_rejected_low_value\url_004008--hackaday.com-2021-01-91-some-post-91.md","30506","91_rejected_low_value","91_rejected_low_value","False","False","True","2643","0","junk","removed_junk_lines=1; collapsed_blank_lines","url_004008"
"91_rejected_low_value\url_004009--hackaday.com-2021-01-92-some-post-92.md","91_rejected_low_value\url_004009--hackaday.com-2021-01-92-some-post-92.md","30506","91_rejected_low_value","91_rejected_low_value","False","False","True","2643","0","junk","removed_junk_lines=1; collapsed_blank_lines","url_004009"
"91_rejected_low_value\url_004010--hackaday.com-2021-01-93-some-post-93.md","91_rejected_low_value\url_004010--hackaday.com-2021-01-93-some-post-93.md","30506","91_rejected_low_value","91_rejected_low_value","False","False","True","2643","0","junk","removed_junk_lines=1; collapsed_blank_lines","url_004010"
"91_rejected_low_value\url_004011--hackaday.com-2021-01-94-some-post-94.md","91_rejected_low_value\url_004011--hackaday.com-2021-01-94-some-post-94.md","30506","91_rejected_low_value","91_rejected_low_value","False","False","True","2643","0","junk","removed_junk_lines=1; collapsed_blank_lines","url_004011"
"91_rejected_low_value\url_004012--hackaday.com-2021-01-95-some-post-95.md","91_rejected_low_value\url_004012--hackaday.com-2021-01-95-some-post-95.md","30506","91_rejected_low_value","91_rejected_low_value","False","False","True","2643","0","junk","removed_junk_lines=1; collapsed_blank_lines","url_004012"
"91_rejected_low_value\url_004013--hackaday.com-2021-01-96-some-post-96.md","91_rejected_low_value\url_004013--hackaday.com-2021-01-96-some-post-96.md","30506","91_rejected_low_value","91_rejected_low_value","False","False","True","2643","0","junk","removed_junk_lines=1; collapsed_blank_lines","url_004013"
"91_rejected_low_value\url_004014--hackaday.com-2021-01-97-some-post-97.md","91_rejected_low_value\url_004014--hackaday.com-2021-01-97-some-post-97.md","30506","91_rejected_low_value","91_rejected_low_value","False","False","True","2643","0","junk","removed_junk_lines=1; collapsed_blank_lines","url_004014"
"91_rejected_low_value\url_004015--hackaday.com-2021-01-98-some-post-98.md","91_rejected_low_value\url_004015--hackaday.com-2021-01-98-some-post-98.md","30506","91_rejected_low_value","91_rejected_low_value","False","False","True","2643","0","junk","removed_junk_lines=1; collapsed_blank_lines","url_004015"
"91_rejected_low_value\url_004016--hackaday.com-2021-01-99-some-post-99.md","91_rejected_low_value\url_004016--hackaday.com-2021-01-99-some-post-99.md","30506","91_rejected_low_value","91_rejected_low_value","False","False","True","2643","0","junk","removed_junk_lines=1; collapsed_blank_lines","url_004016"
"91_rejected_low_value\url_004262--hackaday.com-2023-03-32-project-32.md","91_rejected_low_value\url_004262--hackaday.com-2023-03-32-project-32.md","28849","91_rejected_low_value","91_rejected_low_value","False","False","True","2516","0","junk","removed_junk_lines=1; collapsed_blank_lines","url_004262"
"91_rejected_low_value\url_004273--hackaday.com-2023-03-33-project-33.md","91_rejected_low_value\url_004273--hackaday.com-2023-03-33-project-33.md","28849","91_rejected_low_value","91_rejected_low_value","False","False","True","2516","0","junk","removed_junk_lines=1; collapsed_blank_lines","url_004273"
"91_rejected_low_value\url_004284--hackaday.com-2023-03-34-project-34.md","91_rejected_low_value\url_004284--hackaday.com-2023-03-34-project-34.md","28849","91_rejected_low_value","91_rejected_low_value","False","False","True","2516","0","junk","removed_junk_lines=1; collapsed_blank_lines","url_004284"
"91_rejected_low_value\url_004295--hackaday.com-2023-03-35-project-35.md","91_rejected_low_value\url_004295--hackaday.com-2023-03-35-project-35.md","28849","91_rejected_low_value","91_rejected_low_value","False","False","True","2516","0","junk","removed_junk_lines=1; collapsed_blank_lines","url_004295"
"91_rejected_low_value\url_004306--hackaday.com-2023-03-36-project-36.md","91_rejected_low_value\url_004306--hackaday.com-2023-03-36-project-36.md","28849","91_rejected_low_value","91_rejected_low_value","False","False","True","2516","0","junk","removed_junk_lines=1; collapsed_blank_lines","url_004306"
"91_rejected_low_value\url_004317--hackaday.com-2023-03-37-project-37.md","91_rejected_low_value\url_004317--hackaday.com-2023-03-37-project-37.md","28849","91_rejected_low_value","91_rejected_low_value","False","False","True","2516","0","junk","removed_junk_lines=1; collapsed_blank_lines","url_004317"
"91_rejected_low_value\url_004328--hackaday.com-2023-03-38-project-38.md","91_rejected_low_value\url_004328--hackaday.com-2023-03-38-project-38.md","28849","91_rejected_low_value","91_rejected_low_value","False","False","True","2516","0","junk","removed_junk_lines=1; collapsed_blank_lines","url_004328"
"91_rejected_low_value\url_004339--hackaday.com-2023-03-39-project-39.md","91_rejected_low_value\url_004339--hackaday.com-2023-03-39-project-39.md","28849","91_rejected_low_value","91_rejected_low_value","False","False","True","2516","0","junk","removed_junk_lines=1; collapsed_blank_lines","url_004339"
"91_rejected_low_value\url_004351--hackaday.com-2023-03-40-project-40.md","91_rejected_low_value\url_004351--hackaday.com-2023-03-40-project-40.md","28849","91_rejected_low_value","91_rejected_low_value","False","False","True","2516","0","junk","removed_junk_lines=1; collapsed_blank_lines","url_004351"
"91_rejected_low_value\url_004362--hackaday.com-2023-03-41-project-41.md","91_rejected_low_value\url_004362--hackaday.com-2023-03-41-project-41.md","28849","91_rejected_low_value","91_rejected_low_value","False","False","True","2516","0","junk","removed_junk_lines=1; collapsed_blank_lines","url_004362"
"91_rejected_low_value\url_004373--hackaday.com-2023-03-42-project-42.md","91_rejected_low_value\url_004373--hackaday.com-2023-03-42-project-42.md","28849","91_rejected_low_value","91_rejected_low_value","False","False","True","2516","0","junk","removed_junk_lines=1; collapsed_blank_lines","url_004373"
"91_rejected_low_value\url_004384--hackaday.com-2023-03-43-project-43.md","91_rejected_low_value\url_004384--hackaday.com-2023-03-43-project-43.md","28849","91_rejected_low_value","91_rejected_low_value","False","False","True","2516","0","junk","removed_junk_lines=1; collapsed_blank_lines","url_004384"
"91_rejected_low_value\url_004395--hackaday.com-2023-03-44-project-44.md","91_rejected_low_value\url_004395--hackaday.com-2023-03-44-project-44.md","28849","91_rejected_low_value","91_rejected_low_value","False","False","True","2516","0","junk","removed_junk_lines=1; collapsed_blank_lines","url_004395"
"91_rejected_low_value\url_004406--hackaday.com-2023-03-45-project-45.md","91_rejected_low_value\url_004406--hackaday.com-2023-03-45-project-45.md","28849","91_rejected_low_value","91_rejected_low_value","False","False","True","2516","0","junk","removed_junk_lines=1; collapsed_blank_lines","url_004406"
"91_rejected_low_value\url_004417--hackaday.com-2023-03-46-project-46.md","91_rejected_low_value\url_004417--hackaday.com-2023-03-46-project-46.md","28849","91_rejected_low_value","91_rejected_low_value","False","False","True","2516","0","junk","removed_junk_lines=1; collapsed_blank_lines","url_004417"
"91_rejected_low_value\url_004428--hackaday.com-2023-03-47-project-47.md","91_rejected_low_value\url_004428--hackaday.com-2023-03-47-project-47.md","28849","91_rejected_low_value","91_rejected_low_value","False","False","True","2516","0","junk","removed_junk_lines=1; collapsed_blank_lines","url_004428"
"91_rejected_low_value\url_004439--hackaday.com-2023-03-48-project-48.md","91_rejected_low_value\url_004439--hackaday.com-2023-03-48-project-48.md","28849","91_rejected_low_value","91_rejected_low_value","False","False","True","2516","0","junk","removed_junk_lines=1; collapsed_blank_lines","url_004439"
"91_rejected_low_value\url_004450--hackaday.com-2023-03-49-project-49.md","91_rejected_low_value\url_004450--hackaday.com-2023-03-49-project-49.md","28849","91_rejected_low_value","91_rejected_low_value","False","False","True","2516","0","junk","removed_junk_lines=1; collapsed_blank_lines","url_004450"
"91_rejected_low_value\url_004462--hackaday.com-2023-03-50-project-50.md","91_rejected_low_value\url_004462--hackaday.com-2023-03-50-project-50.md","28849","91_rejected_low_value","91_rejected_low_value","False","False","True","2516","0","junk","removed_junk_lines=1; collapsed_blank_lines","url_004462"
"91_rejected_low_value\url_004464--hackaday.com-2023-03-51-project-51.md","91_rejected_low_value\url_004464--hackaday.com-2023-03-51-project-51.md","28849","91_rejected_low_value","91_rejected_low_value","False","False","True","2516","0","junk","removed_junk_lines=1; collapsed_blank_lines","url_004464"
"91_rejected_low_value\url_004465--hackaday.com-2023-03-52-project-52.md","91_rejected_low_value\url_004465--hackaday.com-2023-03-52-project-52.md","28849","91_rejected_low_value","91_rejected_low_value","False","False","True","2516","0","junk","removed_junk_lines=1; collapsed_blank_lines","url_004465"
"91_rejected_low_value\url_004466--hackaday.com-2023-03-53-project-53.md","91_rejected_low_value\url_004466--hackaday.com-2023-03-53-project-53.md","28849","91_rejected_low_value","91_rejected_low_value","False","False","True","2516","0","junk","removed_junk_lines=1; collapsed_blank_lines","url_004466"
"91_rejected_low_value\url_004467--hackaday.com-2023-03-54-project-54.md","91_rejected_low_value\url_004467--hackaday.com-2023-03-54-project-54.md","28849","91_rejected_low_value","91_rejected_low_value","False","False","True","2516","0","junk","removed_junk_lines=1; collapsed_blank_lines","url_004467"
"91_rejected_low_value\url_004468--hackaday.com-2023-03-55-project-55.md","91_rejected_low_value\url_004468--hackaday.com-2023-03-55-project-55.md","28849","91_rejected_low_value","91_rejected_low_value","False","False","True","2516","0","junk","removed_junk_lines=1; collapsed_blank_lines","url_004468"
"91_rejected_low_value\url_004469--hackaday.com-2023-03-56-project-56.md","91_rejected_low_value\url_004469--hackaday.com-2023-03-56-project-56.md","28849","91_rejected_low_value","91_rejected_low_value","False","False","True","2516","0","junk","removed_junk_lines=1; collapsed_blank_lines","url_004469"
"91_rejected_low_value\url_004470--hackaday.com-2023-03-57-project-57.md","91_rejected_low_value\url_004470--hackaday.com-2023-03-57-project-57.md","28849","91_rejected_low_value","91_rejected_low_value","False","False","True","2516","0","junk","removed_junk_lines=1; collapsed_blank_lines","url_004470"
"91_rejected_low_value\url_004471--hackaday.com-2023-03-58-project-58.md","91_rejected_low_value\url_004471--hackaday.com-2023-03-58-project-58.md","28849","91_rejected_low_value","91_rejected_low_value","False","False","True","2516","0","junk","removed_junk_lines=1; collapsed_blank_lines","url_004471"
"91_rejected_low_value\url_004472--hackaday.com-2023-03-59-project-59.md","91_rejected_low_value\url_004472--hackaday.com-2023-03-59-project-59.md","28849","91_rejected_low_value","91_rejected_low_value","False","False","True","2516","0","junk","removed_junk_lines=1; collapsed_blank_lines","url_004472"
"91_rejected_low_value\url_004474--hackaday.com-2023-03-60-project-60.md","91_rejected_low_value\url_004474--hackaday.com-2023-03-60-project-60.md","28849","91_rejected_low_value","91_rejected_low_value","False","False","True","2516","0","junk","removed_junk_lines=1; collapsed_blank_lines","url_004474"
"91_rejected_low_value\url_004475--hackaday.com-2023-03-61-project-61.md","91_rejected_low_value\url_004475--hackaday.com-2023-03-61-project-61.md","28849","91_rejected_low_value","91_rejected_low_value","False","False","True","2516","0","junk","removed_junk_lines=1; collapsed_blank_lines","url_004475"
"91_rejected_low_value\url_004476--hackaday.com-2023-03-62-project-62.md","91_rejected_low_value\url_004476--hackaday.com-2023-03-62-project-62.md","28849","91_rejected_low_value","91_rejected_low_value","False","False","True","2516","0","junk","removed_junk_lines=1; collapsed_blank_lines","url_004476"
"91_rejected_low_value\url_004477--hackaday.com-2023-03-63-project-63.md","91_rejected_low_value\url_004477--hackaday.com-2023-03-63-project-63.md","28849","91_rejected_low_value","91_rejected_low_value","False","False","True","2516","0","junk","removed_junk_lines=1; collapsed_blank_lines","url_004477"
"91_rejected_low_value\url_004478--hackaday.com-2023-03-64-project-64.md","91_rejected_low_value\url_004478--hackaday.com-2023-03-64-project-64.md","28849","91_rejected_low_value","91_rejected_low_value","False","False","True","2516","0","junk","removed_junk_lines=1; collapsed_blank_lines","url_004478"
"91_rejected_low_value\url_004479--hackaday.com-2023-03-65-project-65.md","91_rejected_low_value\url_004479--hackaday.com-2023-03-65-project-65.md","28849","91_rejected_low_value","91_rejected_low_value","False","False","True","2516","0","junk","removed_junk_lines=1; collapsed_blank_lines","url_004479"
"91_rejected_low_value\url_004480--hackaday.com-2023-03-66-project-66.md","91_rejected_low_value\url_004480--hackaday.com-2023-03-66-project-66.md","28849","91_rejected_low_value","91_rejected_low_value","False","False","True","2516","0","junk","removed_junk_lines=1; collapsed_blank_lines","url_004480"
"91_rejected_low_value\url_004481--hackaday.com-2023-03-67-project-67.md","91_rejected_low_value\url_004481--hackaday.com-2023-03-67-project-67.md","28849","91_rejected_low_value","91_rejected_low_value","False","False","True","2516","0","junk","removed_junk_lines=1; collapsed_blank_lines","url_004481"
"91_rejected_low_value\url_004482--hackaday.com-2023-03-68-project-68.md","91_rejected_low_value\url_004482--hackaday.com-2023-03-68-project-68.md","28849","91_rejected_low_value","91_rejected_low_value","False","False","True","2516","0","junk","removed_junk_lines=1; collapsed_blank_lines","url_004482"
"91_rejected_low_value\url_004483--hackaday.com-2023-03-69-project-69.md","91_rejected_low_value\url_004483--hackaday.com-2023-03-69-project-69.md","28849","91_rejected_low_value","91_rejected_low_value","False","False","True","2516","0","junk","removed_junk_lines=1; collapsed_blank_lines","url_004483"
"91_rejected_low_value\url_004485--hackaday.com-2023-03-70-project-70.md","91_rejected_low_value\url_004485--hackaday.com-2023-03-70-project-70.md","28849","91_rejected_low_value","91_rejected_low_value","False","False","True","2516","0","junk","removed_junk_lines=1; collapsed_blank_lines","url_004485"
"91_rejected_low_value\url_004486--hackaday.com-2023-03-71-project-71.md","91_rejected_low_value\url_004486--hackaday.com-2023-03-71-project-71.md","28849","91_rejected_low_value","91_rejected_low_value","False","False","True","2516","0","junk","removed_junk_lines=1; collapsed_blank_lines","url_004486"
"91_rejected_low_value\url_004487--hackaday.com-2023-03-72-project-72.md","91_rejected_low_value\url_004487--hackaday.com-2023-03-72-project-72.md","28849","91_rejected_low_value","91_rejected_low_value","False","False","True","2516","0","junk","removed_junk_lines=1; collapsed_blank_lines","url_004487"
"91_rejected_low_value\url_004488--hackaday.com-2023-03-73-project-73.md","91_rejected_low_value\url_004488--hackaday.com-2023-03-73-project-73.md","28849","91_rejected_low_value","91_rejected_low_value","False","False","True","2516","0","junk","removed_junk_lines=1; collapsed_blank_lines","url_004488"
"91_rejected_low_value\url_004489--hackaday.com-2023-03-74-project-74.md","91_rejected_low_value\url_004489--hackaday.com-2023-03-74-project-74.md","28849","91_rejected_low_value","91_rejected_low_value","False","False","True","2516","0","junk","removed_junk_lines=1; collapsed_blank_lines","url_004489"
"91_rejected_low_value\url_004490--hackaday.com-2023-03-75-project-75.md","91_rejected_low_value\url_004490--hackaday.com-2023-03-75-project-75.md","28849","91_rejected_low_value","91_rejected_low_value","False","False","True","2516","0","junk","removed_junk_lines=1; collapsed_blank_lines","url_004490"
"91_rejected_low_value\url_004491--hackaday.com-2023-03-76-project-76.md","91_rejected_low_value\url_004491--hackaday.com-2023-03-76-project-76.md","28849","91_rejected_low_value","91_rejected_low_value","False","False","True","2516","0","junk","removed_junk_lines=1; collapsed_blank_lines","url_004491"
"91_rejected_low_value\url_004492--hackaday.com-2023-03-77-project-77.md","91_rejected_low_value\url_004492--hackaday.com-2023-03-77-project-77.md","28849","91_rejected_low_value","91_rejected_low_value","False","False","True","2516","0","junk","removed_junk_lines=1; collapsed_blank_lines","url_004492"
"91_rejected_low_value\url_004493--hackaday.com-2023-03-78-project-78.md","91_rejected_low_value\url_004493--hackaday.com-2023-03-78-project-78.md","28849","91_rejected_low_value","91_rejected_low_value","False","False","True","2516","0","junk","removed_junk_lines=1; collapsed_blank_lines","url_004493"
"91_rejected_low_value\url_004494--hackaday.com-2023-03-79-project-79.md","91_rejected_low_value\url_004494--hackaday.com-2023-03-79-project-79.md","28849","91_rejected_low_value","91_rejected_low_value","False","False","True","2516","0","junk","removed_junk_lines=1; collapsed_blank_lines","url_004494"
"91_rejected_low_value\url_004496--hackaday.com-2023-03-80-project-80.md","91_rejected_low_value\url_004496--hackaday.com-2023-03-80-project-80.md","28849","91_rejected_low_value","91_rejected_low_value","False","False","True","2516","0","junk","removed_junk_lines=1; collapsed_blank_lines","url_004496"
"91_rejected_low_value\url_004497--hackaday.com-2023-03-81-project-81.md","91_rejected_low_value\url_004497--hackaday.com-2023-03-81-project-81.md","28849","91_rejected_low_value","91_rejected_low_value","False","False","True","2516","0","junk","removed_junk_lines=1; collapsed_blank_lines","url_004497"
"91_rejected_low_value\url_004498--hackaday.com-2023-03-82-project-82.md","91_rejected_low_value\url_004498--hackaday.com-2023-03-82-project-82.md","28849","91_rejected_low_value","91_rejected_low_value","False","False","True","2516","0","junk","removed_junk_lines=1; collapsed_blank_lines","url_004498"
"91_rejected_low_value\url_004499--hackaday.com-2023-03-83-project-83.md","91_rejected_low_value\url_004499--hackaday.com-2023-03-83-project-83.md","28849","91_rejected_low_value","91_rejected_low_value","False","False","True","2516","0","junk","removed_junk_lines=1; collapsed_blank_lines","url_004499"
"91_rejected_low_value\url_004500--hackaday.com-2023-03-84-project-84.md","91_rejected_low_value\url_004500--hackaday.com-2023-03-84-project-84.md","28849","91_rejected_low_value","91_rejected_low_value","False","False","True","2516","0","junk","removed_junk_lines=1; collapsed_blank_lines","url_004500"
"91_rejected_low_value\url_004501--hackaday.com-2023-03-85-project-85.md","91_rejected_low_value\url_004501--hackaday.com-2023-03-85-project-85.md","28849","91_rejected_low_value","91_rejected_low_value","False","False","True","2516","0","junk","removed_junk_lines=1; collapsed_blank_lines","url_004501"
"91_rejected_low_value\url_004502--hackaday.com-2023-03-86-project-86.md","91_rejected_low_value\url_004502--hackaday.com-2023-03-86-project-86.md","28849","91_rejected_low_value","91_rejected_low_value","False","False","True","2516","0","junk","removed_junk_lines=1; collapsed_blank_lines","url_004502"
"91_rejected_low_value\url_004503--hackaday.com-2023-03-87-project-87.md","91_rejected_low_value\url_004503--hackaday.com-2023-03-87-project-87.md","28849","91_rejected_low_value","91_rejected_low_value","False","False","True","2516","0","junk","removed_junk_lines=1; collapsed_blank_lines","url_004503"
"91_rejected_low_value\url_004504--hackaday.com-2023-03-88-project-88.md","91_rejected_low_value\url_004504--hackaday.com-2023-03-88-project-88.md","28849","91_rejected_low_value","91_rejected_low_value","False","False","True","2516","0","junk","removed_junk_lines=1; collapsed_blank_lines","url_004504"
"91_rejected_low_value\url_004505--hackaday.com-2023-03-89-project-89.md","91_rejected_low_value\url_004505--hackaday.com-2023-03-89-project-89.md","28849","91_rejected_low_value","91_rejected_low_value","False","False","True","2516","0","junk","removed_junk_lines=1; collapsed_blank_lines","url_004505"
"91_rejected_low_value\url_004507--hackaday.com-2023-03-90-project-90.md","91_rejected_low_value\url_004507--hackaday.com-2023-03-90-project-90.md","28849","91_rejected_low_value","91_rejected_low_value","False","False","True","2516","0","junk","removed_junk_lines=1; collapsed_blank_lines","url_004507"
"91_rejected_low_value\url_004508--hackaday.com-2023-03-91-project-91.md","91_rejected_low_value\url_004508--hackaday.com-2023-03-91-project-91.md","28849","91_rejected_low_value","91_rejected_low_value","False","False","True","2516","0","junk","removed_junk_lines=1; collapsed_blank_lines","url_004508"
"91_rejected_low_value\url_004509--hackaday.com-2023-03-92-project-92.md","91_rejected_low_value\url_004509--hackaday.com-2023-03-92-project-92.md","28849","91_rejected_low_value","91_rejected_low_value","False","False","True","2516","0","junk","removed_junk_lines=1; collapsed_blank_lines","url_004509"
"91_rejected_low_value\url_004510--hackaday.com-2023-03-93-project-93.md","91_rejected_low_value\url_004510--hackaday.com-2023-03-93-project-93.md","28849","91_rejected_low_value","91_rejected_low_value","False","False","True","2516","0","junk","removed_junk_lines=1; collapsed_blank_lines","url_004510"
"91_rejected_low_value\url_004511--hackaday.com-2023-03-94-project-94.md","91_rejected_low_value\url_004511--hackaday.com-2023-03-94-project-94.md","28849","91_rejected_low_value","91_rejected_low_value","False","False","True","2516","0","junk","removed_junk_lines=1; collapsed_blank_lines","url_004511"
"91_rejected_low_value\url_004512--hackaday.com-2023-03-95-project-95.md","91_rejected_low_value\url_004512--hackaday.com-2023-03-95-project-95.md","28849","91_rejected_low_value","91_rejected_low_value","False","False","True","2516","0","junk","removed_junk_lines=1; collapsed_blank_lines","url_004512"
"91_rejected_low_value\url_004513--hackaday.com-2023-03-96-project-96.md","91_rejected_low_value\url_004513--hackaday.com-2023-03-96-project-96.md","28849","91_rejected_low_value","91_rejected_low_value","False","False","True","2516","0","junk","removed_junk_lines=1; collapsed_blank_lines","url_004513"
"91_rejected_low_value\url_004514--hackaday.com-2023-03-97-project-97.md","91_rejected_low_value\url_004514--hackaday.com-2023-03-97-project-97.md","28849","91_rejected_low_value","91_rejected_low_value","False","False","True","2516","0","junk","removed_junk_lines=1; collapsed_blank_lines","url_004514"
"91_rejected_low_value\url_004515--hackaday.com-2023-03-98-project-98.md","91_rejected_low_value\url_004515--hackaday.com-2023-03-98-project-98.md","28849","91_rejected_low_value","91_rejected_low_value","False","False","True","2516","0","junk","removed_junk_lines=1; collapsed_blank_lines","url_004515"
"91_rejected_low_value\url_004516--hackaday.com-2023-03-99-project-99.md","91_rejected_low_value\url_004516--hackaday.com-2023-03-99-project-99.md","28849","91_rejected_low_value","91_rejected_low_value","False","False","True","2516","0","junk","removed_junk_lines=1; collapsed_blank_lines","url_004516"
"91_rejected_low_value\url_004517--hackaday.com-tag-antenna.md","91_rejected_low_value\url_004517--hackaday.com-tag-antenna.md","24113","91_rejected_low_value","91_rejected_low_value","False","False","True","1857","0","junk","removed_junk_lines=1; collapsed_blank_lines","url_004517"
"91_rejected_low_value\url_004518--hackaday.com-tag-buck-converter.md","91_rejected_low_value\url_004518--hackaday.com-tag-buck-converter.md","26458","91_rejected_low_value","91_rejected_low_value","False","False","True","2170","0","junk","removed_junk_lines=4; collapsed_blank_lines","url_004518"
"91_rejected_low_value\url_004519--hackaday.com-tag-esd.md","91_rejected_low_value\url_004519--hackaday.com-tag-esd.md","27623","91_rejected_low_value","91_rejected_low_value","False","False","True","2105","0","junk","removed_junk_lines=1; collapsed_blank_lines","url_004519"
"91_rejected_low_value\url_004520--hackaday.com-tag-esp32-s3.md","91_rejected_low_value\url_004520--hackaday.com-tag-esp32-s3.md","27911","91_rejected_low_value","91_rejected_low_value","False","False","True","2391","0","junk","removed_junk_lines=1; collapsed_blank_lines","url_004520"
"91_rejected_low_value\url_004521--hackaday.com-tag-kicad.md","91_rejected_low_value\url_004521--hackaday.com-tag-kicad.md","28749","91_rejected_low_value","91_rejected_low_value","False","True","True","4102","12","junk","removed_junk_div_or_span_blocks; stripped_div_tags; stripped_span_tags; removed_junk_lines=3; collapsed_blank_lines","url_004521"
"91_rejected_low_value\url_004522--hackaday.com-tag-pcb-design.md","91_rejected_low_value\url_004522--hackaday.com-tag-pcb-design.md","33260","91_rejected_low_value","91_rejected_low_value","False","True","True","4932","13","junk","removed_junk_div_or_span_blocks; stripped_div_tags; stripped_span_tags; removed_junk_lines=4; collapsed_blank_lines","url_004522"
"91_rejected_low_value\url_004523--hackaday.com-tag-pcb-layout.md","91_rejected_low_value\url_004523--hackaday.com-tag-pcb-layout.md","25089","91_rejected_low_value","91_rejected_low_value","False","False","True","1814","0","junk","removed_junk_lines=1; collapsed_blank_lines","url_004523"
"91_rejected_low_value\url_004524--hackaday.com-tag-power-supply.md","91_rejected_low_value\url_004524--hackaday.com-tag-power-supply.md","25789","91_rejected_low_value","91_rejected_low_value","False","False","True","2098","0","junk","removed_junk_lines=1; collapsed_blank_lines","url_004524"
"91_rejected_low_value\url_004525--hackaday.com-tag-usb-c.md","91_rejected_low_value\url_004525--hackaday.com-tag-usb-c.md","27056","91_rejected_low_value","91_rejected_low_value","False","False","True","2463","0","junk","removed_junk_lines=1; collapsed_blank_lines","url_004525"
"91_rejected_low_value\url_004550--jlcpcb.com-parts-componentSearch.md","91_rejected_low_value\url_004550--jlcpcb.com-parts-componentSearch.md","2783","91_rejected_low_value","91_rejected_low_value","False","True","True","173","0","junk","removed_embedded_data_images; removed_junk_lines=110; collapsed_blank_lines","url_004550"
"91_rejected_low_value\url_004556--learn.adafruit.com-adafruit-feather-rp2040-pico.md","91_rejected_low_value\url_004556--learn.adafruit.com-adafruit-feather-rp2040-pico.md","20527","91_rejected_low_value","91_rejected_low_value","False","False","True","1234","0","junk","removed_junk_lines=25; collapsed_blank_lines","url_004556"
"91_rejected_low_value\url_004559--learn.sparkfun.com-tutorials-designing-pcbs-advanced-smd-all.md","91_rejected_low_value\url_004559--learn.sparkfun.com-tutorials-designing-pcbs-advanced-smd-all.md","49039","91_rejected_low_value","91_rejected_low_value","False","True","True","6517","0","junk","removed_junk_div_or_span_blocks; stripped_div_tags; stripped_span_tags; collapsed_blank_lines","url_004559"
"91_rejected_low_value\url_004560--learn.sparkfun.com-tutorials-how-to-read-a-schematic-all.md","91_rejected_low_value\url_004560--learn.sparkfun.com-tutorials-how-to-read-a-schematic-all.md","28070","91_rejected_low_value","91_rejected_low_value","False","True","True","3308","2","junk","removed_junk_div_or_span_blocks; stripped_div_tags; stripped_span_tags; collapsed_blank_lines","url_004560"
"91_rejected_low_value\url_004561--learn.sparkfun.com-tutorials-pcb-basics-all.md","91_rejected_low_value\url_004561--learn.sparkfun.com-tutorials-pcb-basics-all.md","23991","91_rejected_low_value","91_rejected_low_value","False","True","True","3041","1","junk","removed_junk_div_or_span_blocks; stripped_div_tags; stripped_span_tags; collapsed_blank_lines","url_004561"
"91_rejected_low_value\url_004563--octopart.com-index.md","91_rejected_low_value\url_004563--octopart.com-index.md","55039","91_rejected_low_value","91_rejected_low_value","False","True","True","4421","0","junk","removed_embedded_data_images; removed_junk_lines=15; collapsed_blank_lines","url_004563"
"91_rejected_low_value\url_004566--octopart.com-faq-downloading-and-installing-cad-models.md","91_rejected_low_value\url_004566--octopart.com-faq-downloading-and-installing-cad-models.md","39505","91_rejected_low_value","91_rejected_low_value","False","True","True","4066","0","junk","removed_embedded_data_images; removed_junk_lines=16; collapsed_blank_lines","url_004566"
"91_rejected_low_value\url_004579--resources.altium.com-p-pcb-layout-guidelines.md","91_rejected_low_value\url_004579--resources.altium.com-p-pcb-layout-guidelines.md","40931","91_rejected_low_value","91_rejected_low_value","False","True","True","5304","33","junk","removed_style_blocks; removed_junk_div_or_span_blocks; stripped_div_tags; stripped_span_tags; removed_embedded_data_images; removed_junk_lines=13; collapsed_blank_lines","url_004579"
"91_rejected_low_value\url_004599--resources.pcb.cadence.com-blog-2024-optimizing-for-pcb-trace-thickness-vs-current-capacity.md","91_rejected_low_value\url_004599--resources.pcb.cadence.com-blog-2024-optimizing-for-pcb-trace-thickness-vs-current-capacity.md","11331","91_rejected_low_value","91_rejected_low_value","False","True","True","1388","2","junk","removed_junk_div_or_span_blocks; stripped_div_tags; collapsed_blank_lines","url_004599"
"91_rejected_low_value\url_004600--saturnpcb.com-saturn-pcb-toolkit.md","91_rejected_low_value\url_004600--saturnpcb.com-saturn-pcb-toolkit.md","32812","91_rejected_low_value","91_rejected_low_value","False","True","True","4553","6","junk","stripped_div_tags; removed_junk_lines=8; collapsed_blank_lines","url_004600"
"91_rejected_low_value\url_006096--autodesk.com-products-fusion-360-blog-differential-pair-routing.md","91_rejected_low_value\url_006096--autodesk.com-products-fusion-360-blog-differential-pair-routing.md","6594","91_rejected_low_value","91_rejected_low_value","False","True","True","631","0","junk","removed_embedded_data_images; removed_junk_lines=14; collapsed_blank_lines","url_006096"
"91_rejected_low_value\url_006103--bourns.com-products-circuit-protection-multifuse-pptc-resettable-fuses.md","91_rejected_low_value\url_006103--bourns.com-products-circuit-protection-multifuse-pptc-resettable-fuses.md","13047","91_rejected_low_value","91_rejected_low_value","False","False","True","311","0","junk","removed_junk_lines=49; collapsed_blank_lines","url_006103"
"91_rejected_low_value\url_006104--bourns.com-products-diodes-esd-protection-diodes.md","91_rejected_low_value\url_006104--bourns.com-products-diodes-esd-protection-diodes.md","12959","91_rejected_low_value","91_rejected_low_value","False","False","True","311","0","junk","removed_junk_lines=49; collapsed_blank_lines","url_006104"
"91_rejected_low_value\url_006321--ee-training.dk-index.md","91_rejected_low_value\url_006321--ee-training.dk-index.md","7222","91_rejected_low_value","91_rejected_low_value","False","True","True","838","17","junk","removed_junk_div_or_span_blocks; stripped_div_tags; stripped_span_tags; removed_junk_lines=13; collapsed_blank_lines","url_006321"
"91_rejected_low_value\url_006322--eevblog.com-forum-beginners.md","91_rejected_low_value\url_006322--eevblog.com-forum-beginners.md","56073","91_rejected_low_value","91_rejected_low_value","False","True","True","8794","550","junk","removed_junk_div_or_span_blocks; stripped_div_tags; stripped_span_tags; removed_junk_lines=214; collapsed_blank_lines","url_006322"
"91_rejected_low_value\url_006323--eevblog.com-forum-beginners-ground-plane-question.md","91_rejected_low_value\url_006323--eevblog.com-forum-beginners-ground-plane-question.md","5481","91_rejected_low_value","91_rejected_low_value","False","True","True","103","0","junk","removed_embedded_data_images; removed_junk_lines=14; collapsed_blank_lines","url_006323"
"91_rejected_low_value\url_006324--eevblog.com-forum-beginners-pcb-layout-review.md","91_rejected_low_value\url_006324--eevblog.com-forum-beginners-pcb-layout-review.md","5461","91_rejected_low_value","91_rejected_low_value","False","True","True","103","0","junk","removed_embedded_data_images; removed_junk_lines=14; collapsed_blank_lines","url_006324"
"91_rejected_low_value\url_006325--eevblog.com-forum-eda.md","91_rejected_low_value\url_006325--eevblog.com-forum-eda.md","55348","91_rejected_low_value","91_rejected_low_value","False","True","True","8870","601","junk","removed_junk_div_or_span_blocks; stripped_div_tags; stripped_span_tags; removed_junk_lines=252; collapsed_blank_lines","url_006325"
"91_rejected_low_value\url_006326--eevblog.com-forum-eda-kicad-6-kicad-7-kicad-8-kicad-9.md","91_rejected_low_value\url_006326--eevblog.com-forum-eda-kicad-6-kicad-7-kicad-8-kicad-9.md","5424","91_rejected_low_value","91_rejected_low_value","False","True","True","106","0","junk","removed_embedded_data_images; removed_junk_lines=14; collapsed_blank_lines","url_006326"
"91_rejected_low_value\url_006327--eevblog.com-forum-projects.md","91_rejected_low_value\url_006327--eevblog.com-forum-projects.md","55970","91_rejected_low_value","91_rejected_low_value","False","True","True","8753","539","junk","removed_junk_div_or_span_blocks; stripped_div_tags; stripped_span_tags; removed_junk_lines=221; collapsed_blank_lines","url_006327"
"91_rejected_low_value\url_006338--eevblog.com-forum-projects-110.md","91_rejected_low_value\url_006338--eevblog.com-forum-projects-110.md","11858","91_rejected_low_value","91_rejected_low_value","False","True","True","916","0","junk","removed_embedded_data_images; removed_junk_lines=91; collapsed_blank_lines","url_006338"
"91_rejected_low_value\url_006339--eevblog.com-forum-projects-111.md","91_rejected_low_value\url_006339--eevblog.com-forum-projects-111.md","27417","91_rejected_low_value","91_rejected_low_value","False","True","True","2604","0","junk","removed_embedded_data_images; removed_junk_lines=298; collapsed_blank_lines","url_006339"
"91_rejected_low_value\url_006340--eevblog.com-forum-projects-112.md","91_rejected_low_value\url_006340--eevblog.com-forum-projects-112.md","41315","91_rejected_low_value","91_rejected_low_value","False","True","True","4818","0","junk","removed_embedded_data_images; removed_junk_lines=223; collapsed_blank_lines","url_006340"
"91_rejected_low_value\url_006344--eevblog.com-forum-projects-116.md","91_rejected_low_value\url_006344--eevblog.com-forum-projects-116.md","3347","91_rejected_low_value","91_rejected_low_value","False","True","True","56","0","junk","removed_embedded_data_images; removed_junk_lines=15; collapsed_blank_lines","url_006344"
"91_rejected_low_value\url_006345--eevblog.com-forum-projects-117.md","91_rejected_low_value\url_006345--eevblog.com-forum-projects-117.md","3347","91_rejected_low_value","91_rejected_low_value","False","True","True","56","0","junk","removed_embedded_data_images; removed_junk_lines=15; collapsed_blank_lines","url_006345"
"91_rejected_low_value\url_006346--eevblog.com-forum-projects-118.md","91_rejected_low_value\url_006346--eevblog.com-forum-projects-118.md","3347","91_rejected_low_value","91_rejected_low_value","False","True","True","56","0","junk","removed_embedded_data_images; removed_junk_lines=15; collapsed_blank_lines","url_006346"
"91_rejected_low_value\url_006350--eevblog.com-forum-projects-122.md","91_rejected_low_value\url_006350--eevblog.com-forum-projects-122.md","12836","91_rejected_low_value","91_rejected_low_value","False","True","True","921","0","junk","removed_embedded_data_images; removed_junk_lines=70; collapsed_blank_lines","url_006350"
"91_rejected_low_value\url_006351--eevblog.com-forum-projects-123.md","91_rejected_low_value\url_006351--eevblog.com-forum-projects-123.md","1091","91_rejected_low_value","91_rejected_low_value","False","True","True","30","0","junk","removed_embedded_data_images; collapsed_blank_lines","url_006351"
"91_rejected_low_value\url_006352--eevblog.com-forum-projects-124.md","91_rejected_low_value\url_006352--eevblog.com-forum-projects-124.md","1091","91_rejected_low_value","91_rejected_low_value","False","True","True","30","0","junk","removed_embedded_data_images; collapsed_blank_lines","url_006352"
"91_rejected_low_value\url_006353--eevblog.com-forum-projects-125.md","91_rejected_low_value\url_006353--eevblog.com-forum-projects-125.md","1091","91_rejected_low_value","91_rejected_low_value","False","True","True","30","0","junk","removed_embedded_data_images; collapsed_blank_lines","url_006353"
"91_rejected_low_value\url_006354--eevblog.com-forum-projects-126.md","91_rejected_low_value\url_006354--eevblog.com-forum-projects-126.md","1091","91_rejected_low_value","91_rejected_low_value","False","True","True","30","0","junk","removed_embedded_data_images; collapsed_blank_lines","url_006354"
"91_rejected_low_value\url_006355--eevblog.com-forum-projects-127.md","91_rejected_low_value\url_006355--eevblog.com-forum-projects-127.md","1091","91_rejected_low_value","91_rejected_low_value","False","True","True","30","0","junk","removed_embedded_data_images; collapsed_blank_lines","url_006355"
"91_rejected_low_value\url_006356--eevblog.com-forum-projects-128.md","91_rejected_low_value\url_006356--eevblog.com-forum-projects-128.md","1091","91_rejected_low_value","91_rejected_low_value","False","True","True","30","0","junk","removed_embedded_data_images; collapsed_blank_lines","url_006356"
"91_rejected_low_value\url_006357--eevblog.com-forum-projects-129.md","91_rejected_low_value\url_006357--eevblog.com-forum-projects-129.md","1091","91_rejected_low_value","91_rejected_low_value","False","True","True","30","0","junk","removed_embedded_data_images; collapsed_blank_lines","url_006357"
"91_rejected_low_value\url_006358--eevblog.com-forum-projects-130.md","91_rejected_low_value\url_006358--eevblog.com-forum-projects-130.md","1091","91_rejected_low_value","91_rejected_low_value","False","True","True","30","0","junk","removed_embedded_data_images; collapsed_blank_lines","url_006358"
"91_rejected_low_value\url_006359--eevblog.com-forum-projects-131.md","91_rejected_low_value\url_006359--eevblog.com-forum-projects-131.md","1091","91_rejected_low_value","91_rejected_low_value","False","True","True","30","0","junk","removed_embedded_data_images; collapsed_blank_lines","url_006359"
"91_rejected_low_value\url_006360--eevblog.com-forum-projects-132.md","91_rejected_low_value\url_006360--eevblog.com-forum-projects-132.md","1091","91_rejected_low_value","91_rejected_low_value","False","True","True","30","0","junk","removed_embedded_data_images; collapsed_blank_lines","url_006360"
"91_rejected_low_value\url_006361--eevblog.com-forum-projects-133.md","91_rejected_low_value\url_006361--eevblog.com-forum-projects-133.md","1091","91_rejected_low_value","91_rejected_low_value","False","True","True","30","0","junk","removed_embedded_data_images; collapsed_blank_lines","url_006361"
"91_rejected_low_value\url_006362--eevblog.com-forum-projects-134.md","91_rejected_low_value\url_006362--eevblog.com-forum-projects-134.md","1091","91_rejected_low_value","91_rejected_low_value","False","True","True","30","0","junk","removed_embedded_data_images; collapsed_blank_lines","url_006362"
"91_rejected_low_value\url_006363--eevblog.com-forum-projects-135.md","91_rejected_low_value\url_006363--eevblog.com-forum-projects-135.md","1091","91_rejected_low_value","91_rejected_low_value","False","True","True","30","0","junk","removed_embedded_data_images; collapsed_blank_lines","url_006363"
"91_rejected_low_value\url_006364--eevblog.com-forum-projects-136.md","91_rejected_low_value\url_006364--eevblog.com-forum-projects-136.md","1091","91_rejected_low_value","91_rejected_low_value","False","True","True","30","0","junk","removed_embedded_data_images; collapsed_blank_lines","url_006364"
"91_rejected_low_value\url_006365--eevblog.com-forum-projects-137.md","91_rejected_low_value\url_006365--eevblog.com-forum-projects-137.md","1091","91_rejected_low_value","91_rejected_low_value","False","True","True","30","0","junk","removed_embedded_data_images; collapsed_blank_lines","url_006365"
"91_rejected_low_value\url_006366--eevblog.com-forum-projects-138.md","91_rejected_low_value\url_006366--eevblog.com-forum-projects-138.md","1091","91_rejected_low_value","91_rejected_low_value","False","True","True","30","0","junk","removed_embedded_data_images; collapsed_blank_lines","url_006366"
"91_rejected_low_value\url_006367--eevblog.com-forum-projects-139.md","91_rejected_low_value\url_006367--eevblog.com-forum-projects-139.md","1091","91_rejected_low_value","91_rejected_low_value","False","True","True","30","0","junk","removed_embedded_data_images; collapsed_blank_lines","url_006367"
"91_rejected_low_value\url_006368--eevblog.com-forum-projects-140.md","91_rejected_low_value\url_006368--eevblog.com-forum-projects-140.md","1091","91_rejected_low_value","91_rejected_low_value","False","True","True","30","0","junk","removed_embedded_data_images; collapsed_blank_lines","url_006368"
"91_rejected_low_value\url_006369--eevblog.com-forum-projects-141.md","91_rejected_low_value\url_006369--eevblog.com-forum-projects-141.md","1091","91_rejected_low_value","91_rejected_low_value","False","True","True","30","0","junk","removed_embedded_data_images; collapsed_blank_lines","url_006369"
"91_rejected_low_value\url_006370--eevblog.com-forum-projects-142.md","91_rejected_low_value\url_006370--eevblog.com-forum-projects-142.md","1091","91_rejected_low_value","91_rejected_low_value","False","True","True","30","0","junk","removed_embedded_data_images; collapsed_blank_lines","url_006370"
"91_rejected_low_value\url_006371--eevblog.com-forum-projects-143.md","91_rejected_low_value\url_006371--eevblog.com-forum-projects-143.md","1091","91_rejected_low_value","91_rejected_low_value","False","True","True","30","0","junk","removed_embedded_data_images; collapsed_blank_lines","url_006371"
"91_rejected_low_value\url_006372--eevblog.com-forum-projects-144.md","91_rejected_low_value\url_006372--eevblog.com-forum-projects-144.md","1091","91_rejected_low_value","91_rejected_low_value","False","True","True","30","0","junk","removed_embedded_data_images; collapsed_blank_lines","url_006372"
"91_rejected_low_value\url_006373--eevblog.com-forum-projects-145.md","91_rejected_low_value\url_006373--eevblog.com-forum-projects-145.md","1091","91_rejected_low_value","91_rejected_low_value","False","True","True","30","0","junk","removed_embedded_data_images; collapsed_blank_lines","url_006373"
"91_rejected_low_value\url_006374--eevblog.com-forum-projects-146.md","91_rejected_low_value\url_006374--eevblog.com-forum-projects-146.md","1091","91_rejected_low_value","91_rejected_low_value","False","True","True","30","0","junk","removed_embedded_data_images; collapsed_blank_lines","url_006374"
"91_rejected_low_value\url_006375--eevblog.com-forum-projects-147.md","91_rejected_low_value\url_006375--eevblog.com-forum-projects-147.md","1091","91_rejected_low_value","91_rejected_low_value","False","True","True","30","0","junk","removed_embedded_data_images; collapsed_blank_lines","url_006375"
"91_rejected_low_value\url_006376--eevblog.com-forum-projects-148.md","91_rejected_low_value\url_006376--eevblog.com-forum-projects-148.md","1091","91_rejected_low_value","91_rejected_low_value","False","True","True","30","0","junk","removed_embedded_data_images; collapsed_blank_lines","url_006376"
"91_rejected_low_value\url_006377--eevblog.com-forum-projects-149.md","91_rejected_low_value\url_006377--eevblog.com-forum-projects-149.md","1091","91_rejected_low_value","91_rejected_low_value","False","True","True","30","0","junk","removed_embedded_data_images; collapsed_blank_lines","url_006377"
"91_rejected_low_value\url_006378--eevblog.com-forum-projects-150.md","91_rejected_low_value\url_006378--eevblog.com-forum-projects-150.md","1091","91_rejected_low_value","91_rejected_low_value","False","True","True","30","0","junk","removed_embedded_data_images; collapsed_blank_lines","url_006378"
"91_rejected_low_value\url_006379--eevblog.com-forum-projects-151.md","91_rejected_low_value\url_006379--eevblog.com-forum-projects-151.md","1091","91_rejected_low_value","91_rejected_low_value","False","True","True","30","0","junk","removed_embedded_data_images; collapsed_blank_lines","url_006379"
"91_rejected_low_value\url_006380--eevblog.com-forum-projects-152.md","91_rejected_low_value\url_006380--eevblog.com-forum-projects-152.md","1091","91_rejected_low_value","91_rejected_low_value","False","True","True","30","0","junk","removed_embedded_data_images; collapsed_blank_lines","url_006380"
"91_rejected_low_value\url_006381--eevblog.com-forum-projects-153.md","91_rejected_low_value\url_006381--eevblog.com-forum-projects-153.md","1091","91_rejected_low_value","91_rejected_low_value","False","True","True","30","0","junk","removed_embedded_data_images; collapsed_blank_lines","url_006381"
"91_rejected_low_value\url_006382--eevblog.com-forum-projects-154.md","91_rejected_low_value\url_006382--eevblog.com-forum-projects-154.md","1091","91_rejected_low_value","91_rejected_low_value","False","True","True","30","0","junk","removed_embedded_data_images; collapsed_blank_lines","url_006382"
"91_rejected_low_value\url_006383--eevblog.com-forum-projects-155.md","91_rejected_low_value\url_006383--eevblog.com-forum-projects-155.md","1091","91_rejected_low_value","91_rejected_low_value","False","True","True","30","0","junk","removed_embedded_data_images; collapsed_blank_lines","url_006383"
"91_rejected_low_value\url_006384--eevblog.com-forum-projects-156.md","91_rejected_low_value\url_006384--eevblog.com-forum-projects-156.md","1091","91_rejected_low_value","91_rejected_low_value","False","True","True","30","0","junk","removed_embedded_data_images; collapsed_blank_lines","url_006384"
"91_rejected_low_value\url_006385--eevblog.com-forum-projects-157.md","91_rejected_low_value\url_006385--eevblog.com-forum-projects-157.md","1091","91_rejected_low_value","91_rejected_low_value","False","True","True","30","0","junk","removed_embedded_data_images; collapsed_blank_lines","url_006385"
"91_rejected_low_value\url_006386--eevblog.com-forum-projects-158.md","91_rejected_low_value\url_006386--eevblog.com-forum-projects-158.md","1091","91_rejected_low_value","91_rejected_low_value","False","True","True","30","0","junk","removed_embedded_data_images; collapsed_blank_lines","url_006386"
"91_rejected_low_value\url_006387--eevblog.com-forum-projects-159.md","91_rejected_low_value\url_006387--eevblog.com-forum-projects-159.md","1091","91_rejected_low_value","91_rejected_low_value","False","True","True","30","0","junk","removed_embedded_data_images; collapsed_blank_lines","url_006387"
"91_rejected_low_value\url_006388--eevblog.com-forum-projects-160.md","91_rejected_low_value\url_006388--eevblog.com-forum-projects-160.md","1091","91_rejected_low_value","91_rejected_low_value","False","True","True","30","0","junk","removed_embedded_data_images; collapsed_blank_lines","url_006388"
"91_rejected_low_value\url_006389--eevblog.com-forum-projects-161.md","91_rejected_low_value\url_006389--eevblog.com-forum-projects-161.md","1091","91_rejected_low_value","91_rejected_low_value","False","True","True","30","0","junk","removed_embedded_data_images; collapsed_blank_lines","url_006389"
"91_rejected_low_value\url_006390--eevblog.com-forum-projects-162.md","91_rejected_low_value\url_006390--eevblog.com-forum-projects-162.md","1091","91_rejected_low_value","91_rejected_low_value","False","True","True","30","0","junk","removed_embedded_data_images; collapsed_blank_lines","url_006390"
"91_rejected_low_value\url_006391--eevblog.com-forum-projects-163.md","91_rejected_low_value\url_006391--eevblog.com-forum-projects-163.md","1091","91_rejected_low_value","91_rejected_low_value","False","True","True","30","0","junk","removed_embedded_data_images; collapsed_blank_lines","url_006391"
"91_rejected_low_value\url_006392--eevblog.com-forum-projects-164.md","91_rejected_low_value\url_006392--eevblog.com-forum-projects-164.md","1091","91_rejected_low_value","91_rejected_low_value","False","True","True","30","0","junk","removed_embedded_data_images; collapsed_blank_lines","url_006392"
"91_rejected_low_value\url_006393--eevblog.com-forum-projects-165.md","91_rejected_low_value\url_006393--eevblog.com-forum-projects-165.md","1091","91_rejected_low_value","91_rejected_low_value","False","True","True","30","0","junk","removed_embedded_data_images; collapsed_blank_lines","url_006393"
"91_rejected_low_value\url_006394--eevblog.com-forum-projects-166.md","91_rejected_low_value\url_006394--eevblog.com-forum-projects-166.md","1091","91_rejected_low_value","91_rejected_low_value","False","True","True","30","0","junk","removed_embedded_data_images; collapsed_blank_lines","url_006394"
"91_rejected_low_value\url_006395--eevblog.com-forum-projects-167.md","91_rejected_low_value\url_006395--eevblog.com-forum-projects-167.md","1091","91_rejected_low_value","91_rejected_low_value","False","True","True","30","0","junk","removed_embedded_data_images; collapsed_blank_lines","url_006395"
"91_rejected_low_value\url_006396--eevblog.com-forum-projects-168.md","91_rejected_low_value\url_006396--eevblog.com-forum-projects-168.md","1091","91_rejected_low_value","91_rejected_low_value","False","True","True","30","0","junk","removed_embedded_data_images; collapsed_blank_lines","url_006396"
"91_rejected_low_value\url_006397--eevblog.com-forum-projects-169.md","91_rejected_low_value\url_006397--eevblog.com-forum-projects-169.md","1091","91_rejected_low_value","91_rejected_low_value","False","True","True","30","0","junk","removed_embedded_data_images; collapsed_blank_lines","url_006397"
"91_rejected_low_value\url_006398--eevblog.com-forum-projects-170.md","91_rejected_low_value\url_006398--eevblog.com-forum-projects-170.md","1091","91_rejected_low_value","91_rejected_low_value","False","True","True","30","0","junk","removed_embedded_data_images; collapsed_blank_lines","url_006398"
"91_rejected_low_value\url_006399--eevblog.com-forum-projects-171.md","91_rejected_low_value\url_006399--eevblog.com-forum-projects-171.md","1091","91_rejected_low_value","91_rejected_low_value","False","True","True","30","0","junk","removed_embedded_data_images; collapsed_blank_lines","url_006399"
"91_rejected_low_value\url_006400--eevblog.com-forum-projects-172.md","91_rejected_low_value\url_006400--eevblog.com-forum-projects-172.md","1091","91_rejected_low_value","91_rejected_low_value","False","True","True","30","0","junk","removed_embedded_data_images; collapsed_blank_lines","url_006400"
"91_rejected_low_value\url_006401--eevblog.com-forum-projects-173.md","91_rejected_low_value\url_006401--eevblog.com-forum-projects-173.md","1091","91_rejected_low_value","91_rejected_low_value","False","True","True","30","0","junk","removed_embedded_data_images; collapsed_blank_lines","url_006401"
"91_rejected_low_value\url_006402--eevblog.com-forum-projects-174.md","91_rejected_low_value\url_006402--eevblog.com-forum-projects-174.md","1091","91_rejected_low_value","91_rejected_low_value","False","True","True","30","0","junk","removed_embedded_data_images; collapsed_blank_lines","url_006402"
"91_rejected_low_value\url_006403--eevblog.com-forum-projects-175.md","91_rejected_low_value\url_006403--eevblog.com-forum-projects-175.md","1091","91_rejected_low_value","91_rejected_low_value","False","True","True","30","0","junk","removed_embedded_data_images; collapsed_blank_lines","url_006403"
"91_rejected_low_value\url_006404--eevblog.com-forum-projects-176.md","91_rejected_low_value\url_006404--eevblog.com-forum-projects-176.md","1091","91_rejected_low_value","91_rejected_low_value","False","True","True","30","0","junk","removed_embedded_data_images; collapsed_blank_lines","url_006404"
"91_rejected_low_value\url_006405--eevblog.com-forum-projects-177.md","91_rejected_low_value\url_006405--eevblog.com-forum-projects-177.md","1091","91_rejected_low_value","91_rejected_low_value","False","True","True","30","0","junk","removed_embedded_data_images; collapsed_blank_lines","url_006405"
"91_rejected_low_value\url_006406--eevblog.com-forum-projects-178.md","91_rejected_low_value\url_006406--eevblog.com-forum-projects-178.md","1091","91_rejected_low_value","91_rejected_low_value","False","True","True","30","0","junk","removed_embedded_data_images; collapsed_blank_lines","url_006406"
"91_rejected_low_value\url_006407--eevblog.com-forum-projects-179.md","91_rejected_low_value\url_006407--eevblog.com-forum-projects-179.md","1091","91_rejected_low_value","91_rejected_low_value","False","True","True","30","0","junk","removed_embedded_data_images; collapsed_blank_lines","url_006407"
"91_rejected_low_value\url_006408--eevblog.com-forum-projects-180.md","91_rejected_low_value\url_006408--eevblog.com-forum-projects-180.md","1091","91_rejected_low_value","91_rejected_low_value","False","True","True","30","0","junk","removed_embedded_data_images; collapsed_blank_lines","url_006408"
"91_rejected_low_value\url_006409--eevblog.com-forum-projects-181.md","91_rejected_low_value\url_006409--eevblog.com-forum-projects-181.md","1091","91_rejected_low_value","91_rejected_low_value","False","True","True","30","0","junk","removed_embedded_data_images; collapsed_blank_lines","url_006409"
"91_rejected_low_value\url_006410--eevblog.com-forum-projects-182.md","91_rejected_low_value\url_006410--eevblog.com-forum-projects-182.md","1091","91_rejected_low_value","91_rejected_low_value","False","True","True","30","0","junk","removed_embedded_data_images; collapsed_blank_lines","url_006410"
"91_rejected_low_value\url_006411--eevblog.com-forum-projects-183.md","91_rejected_low_value\url_006411--eevblog.com-forum-projects-183.md","1091","91_rejected_low_value","91_rejected_low_value","False","True","True","30","0","junk","removed_embedded_data_images; collapsed_blank_lines","url_006411"
"91_rejected_low_value\url_006412--eevblog.com-forum-projects-184.md","91_rejected_low_value\url_006412--eevblog.com-forum-projects-184.md","1091","91_rejected_low_value","91_rejected_low_value","False","True","True","30","0","junk","removed_embedded_data_images; collapsed_blank_lines","url_006412"
"91_rejected_low_value\url_006413--eevblog.com-forum-projects-185.md","91_rejected_low_value\url_006413--eevblog.com-forum-projects-185.md","1091","91_rejected_low_value","91_rejected_low_value","False","True","True","30","0","junk","removed_embedded_data_images; collapsed_blank_lines","url_006413"
"91_rejected_low_value\url_006414--eevblog.com-forum-projects-186.md","91_rejected_low_value\url_006414--eevblog.com-forum-projects-186.md","1091","91_rejected_low_value","91_rejected_low_value","False","True","True","30","0","junk","removed_embedded_data_images; collapsed_blank_lines","url_006414"
"91_rejected_low_value\url_006415--eevblog.com-forum-projects-187.md","91_rejected_low_value\url_006415--eevblog.com-forum-projects-187.md","1091","91_rejected_low_value","91_rejected_low_value","False","True","True","30","0","junk","removed_embedded_data_images; collapsed_blank_lines","url_006415"
"91_rejected_low_value\url_006416--eevblog.com-forum-projects-188.md","91_rejected_low_value\url_006416--eevblog.com-forum-projects-188.md","1091","91_rejected_low_value","91_rejected_low_value","False","True","True","30","0","junk","removed_embedded_data_images; collapsed_blank_lines","url_006416"
"91_rejected_low_value\url_006417--eevblog.com-forum-projects-189.md","91_rejected_low_value\url_006417--eevblog.com-forum-projects-189.md","1091","91_rejected_low_value","91_rejected_low_value","False","True","True","30","0","junk","removed_embedded_data_images; collapsed_blank_lines","url_006417"
"91_rejected_low_value\url_006418--eevblog.com-forum-projects-190.md","91_rejected_low_value\url_006418--eevblog.com-forum-projects-190.md","1091","91_rejected_low_value","91_rejected_low_value","False","True","True","30","0","junk","removed_embedded_data_images; collapsed_blank_lines","url_006418"
"91_rejected_low_value\url_006419--eevblog.com-forum-projects-191.md","91_rejected_low_value\url_006419--eevblog.com-forum-projects-191.md","1091","91_rejected_low_value","91_rejected_low_value","False","True","True","30","0","junk","removed_embedded_data_images; collapsed_blank_lines","url_006419"
"91_rejected_low_value\url_006420--eevblog.com-forum-projects-192.md","91_rejected_low_value\url_006420--eevblog.com-forum-projects-192.md","1091","91_rejected_low_value","91_rejected_low_value","False","True","True","30","0","junk","removed_embedded_data_images; collapsed_blank_lines","url_006420"
"91_rejected_low_value\url_006421--eevblog.com-forum-projects-193.md","91_rejected_low_value\url_006421--eevblog.com-forum-projects-193.md","1091","91_rejected_low_value","91_rejected_low_value","False","True","True","30","0","junk","removed_embedded_data_images; collapsed_blank_lines","url_006421"
"91_rejected_low_value\url_006422--eevblog.com-forum-projects-194.md","91_rejected_low_value\url_006422--eevblog.com-forum-projects-194.md","1091","91_rejected_low_value","91_rejected_low_value","False","True","True","30","0","junk","removed_embedded_data_images; collapsed_blank_lines","url_006422"
"91_rejected_low_value\url_006423--eevblog.com-forum-projects-195.md","91_rejected_low_value\url_006423--eevblog.com-forum-projects-195.md","1091","91_rejected_low_value","91_rejected_low_value","False","True","True","30","0","junk","removed_embedded_data_images; collapsed_blank_lines","url_006423"
"91_rejected_low_value\url_006424--eevblog.com-forum-projects-196.md","91_rejected_low_value\url_006424--eevblog.com-forum-projects-196.md","1091","91_rejected_low_value","91_rejected_low_value","False","True","True","30","0","junk","removed_embedded_data_images; collapsed_blank_lines","url_006424"
"91_rejected_low_value\url_006425--eevblog.com-forum-projects-197.md","91_rejected_low_value\url_006425--eevblog.com-forum-projects-197.md","1091","91_rejected_low_value","91_rejected_low_value","False","True","True","30","0","junk","removed_embedded_data_images; collapsed_blank_lines","url_006425"
"91_rejected_low_value\url_006426--eevblog.com-forum-projects-198.md","91_rejected_low_value\url_006426--eevblog.com-forum-projects-198.md","1091","91_rejected_low_value","91_rejected_low_value","False","True","True","30","0","junk","removed_embedded_data_images; collapsed_blank_lines","url_006426"
"91_rejected_low_value\url_006427--eevblog.com-forum-projects-199.md","91_rejected_low_value\url_006427--eevblog.com-forum-projects-199.md","1091","91_rejected_low_value","91_rejected_low_value","False","True","True","30","0","junk","removed_embedded_data_images; collapsed_blank_lines","url_006427"
"91_rejected_low_value\url_006428--eevblog.com-forum-projects-200.md","91_rejected_low_value\url_006428--eevblog.com-forum-projects-200.md","1091","91_rejected_low_value","91_rejected_low_value","False","True","True","30","0","junk","removed_embedded_data_images; collapsed_blank_lines","url_006428"
"91_rejected_low_value\url_006429--eevblog.com-forum-projects-201.md","91_rejected_low_value\url_006429--eevblog.com-forum-projects-201.md","1091","91_rejected_low_value","91_rejected_low_value","False","True","True","30","0","junk","removed_embedded_data_images; collapsed_blank_lines","url_006429"
"91_rejected_low_value\url_006430--eevblog.com-forum-projects-202.md","91_rejected_low_value\url_006430--eevblog.com-forum-projects-202.md","1091","91_rejected_low_value","91_rejected_low_value","False","True","True","30","0","junk","removed_embedded_data_images; collapsed_blank_lines","url_006430"
"91_rejected_low_value\url_006431--eevblog.com-forum-projects-203.md","91_rejected_low_value\url_006431--eevblog.com-forum-projects-203.md","1091","91_rejected_low_value","91_rejected_low_value","False","True","True","30","0","junk","removed_embedded_data_images; collapsed_blank_lines","url_006431"
"91_rejected_low_value\url_006432--eevblog.com-forum-projects-204.md","91_rejected_low_value\url_006432--eevblog.com-forum-projects-204.md","1091","91_rejected_low_value","91_rejected_low_value","False","True","True","30","0","junk","removed_embedded_data_images; collapsed_blank_lines","url_006432"
"91_rejected_low_value\url_006433--eevblog.com-forum-projects-205.md","91_rejected_low_value\url_006433--eevblog.com-forum-projects-205.md","1091","91_rejected_low_value","91_rejected_low_value","False","True","True","30","0","junk","removed_embedded_data_images; collapsed_blank_lines","url_006433"
"91_rejected_low_value\url_006434--eevblog.com-forum-projects-206.md","91_rejected_low_value\url_006434--eevblog.com-forum-projects-206.md","1091","91_rejected_low_value","91_rejected_low_value","False","True","True","30","0","junk","removed_embedded_data_images; collapsed_blank_lines","url_006434"
"91_rejected_low_value\url_006435--eevblog.com-forum-projects-207.md","91_rejected_low_value\url_006435--eevblog.com-forum-projects-207.md","1091","91_rejected_low_value","91_rejected_low_value","False","True","True","30","0","junk","removed_embedded_data_images; collapsed_blank_lines","url_006435"
"91_rejected_low_value\url_006436--eevblog.com-forum-projects-208.md","91_rejected_low_value\url_006436--eevblog.com-forum-projects-208.md","1091","91_rejected_low_value","91_rejected_low_value","False","True","True","30","0","junk","removed_embedded_data_images; collapsed_blank_lines","url_006436"
"91_rejected_low_value\url_006437--eevblog.com-forum-projects-209.md","91_rejected_low_value\url_006437--eevblog.com-forum-projects-209.md","1091","91_rejected_low_value","91_rejected_low_value","False","True","True","30","0","junk","removed_embedded_data_images; collapsed_blank_lines","url_006437"
"91_rejected_low_value\url_006438--eevblog.com-forum-projects-210.md","91_rejected_low_value\url_006438--eevblog.com-forum-projects-210.md","1091","91_rejected_low_value","91_rejected_low_value","False","True","True","30","0","junk","removed_embedded_data_images; collapsed_blank_lines","url_006438"
"91_rejected_low_value\url_006439--eevblog.com-forum-projects-211.md","91_rejected_low_value\url_006439--eevblog.com-forum-projects-211.md","1091","91_rejected_low_value","91_rejected_low_value","False","True","True","30","0","junk","removed_embedded_data_images; collapsed_blank_lines","url_006439"
"91_rejected_low_value\url_006440--eevblog.com-forum-projects-212.md","91_rejected_low_value\url_006440--eevblog.com-forum-projects-212.md","1091","91_rejected_low_value","91_rejected_low_value","False","True","True","30","0","junk","removed_embedded_data_images; collapsed_blank_lines","url_006440"
"91_rejected_low_value\url_006441--eevblog.com-forum-projects-213.md","91_rejected_low_value\url_006441--eevblog.com-forum-projects-213.md","1091","91_rejected_low_value","91_rejected_low_value","False","True","True","30","0","junk","removed_embedded_data_images; collapsed_blank_lines","url_006441"
"91_rejected_low_value\url_006442--eevblog.com-forum-projects-214.md","91_rejected_low_value\url_006442--eevblog.com-forum-projects-214.md","1091","91_rejected_low_value","91_rejected_low_value","False","True","True","30","0","junk","removed_embedded_data_images; collapsed_blank_lines","url_006442"
"91_rejected_low_value\url_006443--eevblog.com-forum-projects-215.md","91_rejected_low_value\url_006443--eevblog.com-forum-projects-215.md","1091","91_rejected_low_value","91_rejected_low_value","False","True","True","30","0","junk","removed_embedded_data_images; collapsed_blank_lines","url_006443"
"91_rejected_low_value\url_006444--eevblog.com-forum-projects-216.md","91_rejected_low_value\url_006444--eevblog.com-forum-projects-216.md","1091","91_rejected_low_value","91_rejected_low_value","False","True","True","30","0","junk","removed_embedded_data_images; collapsed_blank_lines","url_006444"
"91_rejected_low_value\url_006445--eevblog.com-forum-projects-217.md","91_rejected_low_value\url_006445--eevblog.com-forum-projects-217.md","1091","91_rejected_low_value","91_rejected_low_value","False","True","True","30","0","junk","removed_embedded_data_images; collapsed_blank_lines","url_006445"
"91_rejected_low_value\url_006446--eevblog.com-forum-projects-218.md","91_rejected_low_value\url_006446--eevblog.com-forum-projects-218.md","1091","91_rejected_low_value","91_rejected_low_value","False","True","True","30","0","junk","removed_embedded_data_images; collapsed_blank_lines","url_006446"
"91_rejected_low_value\url_006447--eevblog.com-forum-projects-219.md","91_rejected_low_value\url_006447--eevblog.com-forum-projects-219.md","1091","91_rejected_low_value","91_rejected_low_value","False","True","True","30","0","junk","removed_embedded_data_images; collapsed_blank_lines","url_006447"
"91_rejected_low_value\url_006448--eevblog.com-forum-projects-220.md","91_rejected_low_value\url_006448--eevblog.com-forum-projects-220.md","1091","91_rejected_low_value","91_rejected_low_value","False","True","True","30","0","junk","removed_embedded_data_images; collapsed_blank_lines","url_006448"
"91_rejected_low_value\url_006449--eevblog.com-forum-projects-221.md","91_rejected_low_value\url_006449--eevblog.com-forum-projects-221.md","1091","91_rejected_low_value","91_rejected_low_value","False","True","True","30","0","junk","removed_embedded_data_images; collapsed_blank_lines","url_006449"
"91_rejected_low_value\url_006450--eevblog.com-forum-projects-222.md","91_rejected_low_value\url_006450--eevblog.com-forum-projects-222.md","1091","91_rejected_low_value","91_rejected_low_value","False","True","True","30","0","junk","removed_embedded_data_images; collapsed_blank_lines","url_006450"
"91_rejected_low_value\url_006451--eevblog.com-forum-projects-223.md","91_rejected_low_value\url_006451--eevblog.com-forum-projects-223.md","1091","91_rejected_low_value","91_rejected_low_value","False","True","True","30","0","junk","removed_embedded_data_images; collapsed_blank_lines","url_006451"
"91_rejected_low_value\url_006452--eevblog.com-forum-projects-224.md","91_rejected_low_value\url_006452--eevblog.com-forum-projects-224.md","1091","91_rejected_low_value","91_rejected_low_value","False","True","True","30","0","junk","removed_embedded_data_images; collapsed_blank_lines","url_006452"
"91_rejected_low_value\url_006453--eevblog.com-forum-projects-225.md","91_rejected_low_value\url_006453--eevblog.com-forum-projects-225.md","1091","91_rejected_low_value","91_rejected_low_value","False","True","True","30","0","junk","removed_embedded_data_images; collapsed_blank_lines","url_006453"
"91_rejected_low_value\url_006454--eevblog.com-forum-projects-226.md","91_rejected_low_value\url_006454--eevblog.com-forum-projects-226.md","1091","91_rejected_low_value","91_rejected_low_value","False","True","True","30","0","junk","removed_embedded_data_images; collapsed_blank_lines","url_006454"
"91_rejected_low_value\url_006455--eevblog.com-forum-projects-227.md","91_rejected_low_value\url_006455--eevblog.com-forum-projects-227.md","1091","91_rejected_low_value","91_rejected_low_value","False","True","True","30","0","junk","removed_embedded_data_images; collapsed_blank_lines","url_006455"
"91_rejected_low_value\url_006456--eevblog.com-forum-projects-228.md","91_rejected_low_value\url_006456--eevblog.com-forum-projects-228.md","1091","91_rejected_low_value","91_rejected_low_value","False","True","True","30","0","junk","removed_embedded_data_images; collapsed_blank_lines","url_006456"
"91_rejected_low_value\url_006457--eevblog.com-forum-projects-229.md","91_rejected_low_value\url_006457--eevblog.com-forum-projects-229.md","1091","91_rejected_low_value","91_rejected_low_value","False","True","True","30","0","junk","removed_embedded_data_images; collapsed_blank_lines","url_006457"
"91_rejected_low_value\url_006458--eevblog.com-forum-projects-230.md","91_rejected_low_value\url_006458--eevblog.com-forum-projects-230.md","1091","91_rejected_low_value","91_rejected_low_value","False","True","True","30","0","junk","removed_embedded_data_images; collapsed_blank_lines","url_006458"
"91_rejected_low_value\url_006459--eevblog.com-forum-projects-231.md","91_rejected_low_value\url_006459--eevblog.com-forum-projects-231.md","1091","91_rejected_low_value","91_rejected_low_value","False","True","True","30","0","junk","removed_embedded_data_images; collapsed_blank_lines","url_006459"
"91_rejected_low_value\url_006460--eevblog.com-forum-projects-232.md","91_rejected_low_value\url_006460--eevblog.com-forum-projects-232.md","1091","91_rejected_low_value","91_rejected_low_value","False","True","True","30","0","junk","removed_embedded_data_images; collapsed_blank_lines","url_006460"
"91_rejected_low_value\url_006461--eevblog.com-forum-projects-233.md","91_rejected_low_value\url_006461--eevblog.com-forum-projects-233.md","1091","91_rejected_low_value","91_rejected_low_value","False","True","True","30","0","junk","removed_embedded_data_images; collapsed_blank_lines","url_006461"
"91_rejected_low_value\url_006462--eevblog.com-forum-projects-234.md","91_rejected_low_value\url_006462--eevblog.com-forum-projects-234.md","1091","91_rejected_low_value","91_rejected_low_value","False","True","True","30","0","junk","removed_embedded_data_images; collapsed_blank_lines","url_006462"
"91_rejected_low_value\url_006463--eevblog.com-forum-projects-235.md","91_rejected_low_value\url_006463--eevblog.com-forum-projects-235.md","1091","91_rejected_low_value","91_rejected_low_value","False","True","True","30","0","junk","removed_embedded_data_images; collapsed_blank_lines","url_006463"
"91_rejected_low_value\url_006464--eevblog.com-forum-projects-236.md","91_rejected_low_value\url_006464--eevblog.com-forum-projects-236.md","1091","91_rejected_low_value","91_rejected_low_value","False","True","True","30","0","junk","removed_embedded_data_images; collapsed_blank_lines","url_006464"
"91_rejected_low_value\url_006465--eevblog.com-forum-projects-237.md","91_rejected_low_value\url_006465--eevblog.com-forum-projects-237.md","1091","91_rejected_low_value","91_rejected_low_value","False","True","True","30","0","junk","removed_embedded_data_images; collapsed_blank_lines","url_006465"
"91_rejected_low_value\url_006466--eevblog.com-forum-projects-238.md","91_rejected_low_value\url_006466--eevblog.com-forum-projects-238.md","1091","91_rejected_low_value","91_rejected_low_value","False","True","True","30","0","junk","removed_embedded_data_images; collapsed_blank_lines","url_006466"
"91_rejected_low_value\url_006467--eevblog.com-forum-projects-239.md","91_rejected_low_value\url_006467--eevblog.com-forum-projects-239.md","1091","91_rejected_low_value","91_rejected_low_value","False","True","True","30","0","junk","removed_embedded_data_images; collapsed_blank_lines","url_006467"
"91_rejected_low_value\url_006468--eevblog.com-forum-projects-240.md","91_rejected_low_value\url_006468--eevblog.com-forum-projects-240.md","1091","91_rejected_low_value","91_rejected_low_value","False","True","True","30","0","junk","removed_embedded_data_images; collapsed_blank_lines","url_006468"
"91_rejected_low_value\url_006469--eevblog.com-forum-projects-241.md","91_rejected_low_value\url_006469--eevblog.com-forum-projects-241.md","1091","91_rejected_low_value","91_rejected_low_value","False","True","True","30","0","junk","removed_embedded_data_images; collapsed_blank_lines","url_006469"
"91_rejected_low_value\url_006470--eevblog.com-forum-projects-242.md","91_rejected_low_value\url_006470--eevblog.com-forum-projects-242.md","1091","91_rejected_low_value","91_rejected_low_value","False","True","True","30","0","junk","removed_embedded_data_images; collapsed_blank_lines","url_006470"
"91_rejected_low_value\url_006471--eevblog.com-forum-projects-243.md","91_rejected_low_value\url_006471--eevblog.com-forum-projects-243.md","1091","91_rejected_low_value","91_rejected_low_value","False","True","True","30","0","junk","removed_embedded_data_images; collapsed_blank_lines","url_006471"
"91_rejected_low_value\url_006472--eevblog.com-forum-projects-244.md","91_rejected_low_value\url_006472--eevblog.com-forum-projects-244.md","1091","91_rejected_low_value","91_rejected_low_value","False","True","True","30","0","junk","removed_embedded_data_images; collapsed_blank_lines","url_006472"
"91_rejected_low_value\url_006473--eevblog.com-forum-projects-245.md","91_rejected_low_value\url_006473--eevblog.com-forum-projects-245.md","1091","91_rejected_low_value","91_rejected_low_value","False","True","True","30","0","junk","removed_embedded_data_images; collapsed_blank_lines","url_006473"
"91_rejected_low_value\url_006474--eevblog.com-forum-projects-246.md","91_rejected_low_value\url_006474--eevblog.com-forum-projects-246.md","1091","91_rejected_low_value","91_rejected_low_value","False","True","True","30","0","junk","removed_embedded_data_images; collapsed_blank_lines","url_006474"
"91_rejected_low_value\url_006475--eevblog.com-forum-projects-247.md","91_rejected_low_value\url_006475--eevblog.com-forum-projects-247.md","1091","91_rejected_low_value","91_rejected_low_value","False","True","True","30","0","junk","removed_embedded_data_images; collapsed_blank_lines","url_006475"
"91_rejected_low_value\url_006476--eevblog.com-forum-projects-248.md","91_rejected_low_value\url_006476--eevblog.com-forum-projects-248.md","1091","91_rejected_low_value","91_rejected_low_value","False","True","True","30","0","junk","removed_embedded_data_images; collapsed_blank_lines","url_006476"
"91_rejected_low_value\url_006477--eevblog.com-forum-projects-249.md","91_rejected_low_value\url_006477--eevblog.com-forum-projects-249.md","1091","91_rejected_low_value","91_rejected_low_value","False","True","True","30","0","junk","removed_embedded_data_images; collapsed_blank_lines","url_006477"
"91_rejected_low_value\url_006478--eevblog.com-forum-projects-250.md","91_rejected_low_value\url_006478--eevblog.com-forum-projects-250.md","1091","91_rejected_low_value","91_rejected_low_value","False","True","True","30","0","junk","removed_embedded_data_images; collapsed_blank_lines","url_006478"
"91_rejected_low_value\url_006479--eevblog.com-forum-projects-251.md","91_rejected_low_value\url_006479--eevblog.com-forum-projects-251.md","1091","91_rejected_low_value","91_rejected_low_value","False","True","True","30","0","junk","removed_embedded_data_images; collapsed_blank_lines","url_006479"
"91_rejected_low_value\url_006480--eevblog.com-forum-projects-252.md","91_rejected_low_value\url_006480--eevblog.com-forum-projects-252.md","1091","91_rejected_low_value","91_rejected_low_value","False","True","True","30","0","junk","removed_embedded_data_images; collapsed_blank_lines","url_006480"
"91_rejected_low_value\url_006481--eevblog.com-forum-projects-253.md","91_rejected_low_value\url_006481--eevblog.com-forum-projects-253.md","1091","91_rejected_low_value","91_rejected_low_value","False","True","True","30","0","junk","removed_embedded_data_images; collapsed_blank_lines","url_006481"
"91_rejected_low_value\url_006482--eevblog.com-forum-projects-254.md","91_rejected_low_value\url_006482--eevblog.com-forum-projects-254.md","1091","91_rejected_low_value","91_rejected_low_value","False","True","True","30","0","junk","removed_embedded_data_images; collapsed_blank_lines","url_006482"
"91_rejected_low_value\url_006483--eevblog.com-forum-projects-255.md","91_rejected_low_value\url_006483--eevblog.com-forum-projects-255.md","1091","91_rejected_low_value","91_rejected_low_value","False","True","True","30","0","junk","removed_embedded_data_images; collapsed_blank_lines","url_006483"
"91_rejected_low_value\url_006484--eevblog.com-forum-projects-256.md","91_rejected_low_value\url_006484--eevblog.com-forum-projects-256.md","1091","91_rejected_low_value","91_rejected_low_value","False","True","True","30","0","junk","removed_embedded_data_images; collapsed_blank_lines","url_006484"
"91_rejected_low_value\url_006485--eevblog.com-forum-projects-257.md","91_rejected_low_value\url_006485--eevblog.com-forum-projects-257.md","1091","91_rejected_low_value","91_rejected_low_value","False","True","True","30","0","junk","removed_embedded_data_images; collapsed_blank_lines","url_006485"
"91_rejected_low_value\url_006486--eevblog.com-forum-projects-258.md","91_rejected_low_value\url_006486--eevblog.com-forum-projects-258.md","1091","91_rejected_low_value","91_rejected_low_value","False","True","True","30","0","junk","removed_embedded_data_images; collapsed_blank_lines","url_006486"
"91_rejected_low_value\url_006487--eevblog.com-forum-projects-259.md","91_rejected_low_value\url_006487--eevblog.com-forum-projects-259.md","1091","91_rejected_low_value","91_rejected_low_value","False","True","True","30","0","junk","removed_embedded_data_images; collapsed_blank_lines","url_006487"
"91_rejected_low_value\url_006488--eevblog.com-forum-projects-260.md","91_rejected_low_value\url_006488--eevblog.com-forum-projects-260.md","1091","91_rejected_low_value","91_rejected_low_value","False","True","True","30","0","junk","removed_embedded_data_images; collapsed_blank_lines","url_006488"
"91_rejected_low_value\url_006489--eevblog.com-forum-projects-261.md","91_rejected_low_value\url_006489--eevblog.com-forum-projects-261.md","1091","91_rejected_low_value","91_rejected_low_value","False","True","True","30","0","junk","removed_embedded_data_images; collapsed_blank_lines","url_006489"
"91_rejected_low_value\url_006490--eevblog.com-forum-projects-262.md","91_rejected_low_value\url_006490--eevblog.com-forum-projects-262.md","1091","91_rejected_low_value","91_rejected_low_value","False","True","True","30","0","junk","removed_embedded_data_images; collapsed_blank_lines","url_006490"
"91_rejected_low_value\url_006491--eevblog.com-forum-projects-263.md","91_rejected_low_value\url_006491--eevblog.com-forum-projects-263.md","1091","91_rejected_low_value","91_rejected_low_value","False","True","True","30","0","junk","removed_embedded_data_images; collapsed_blank_lines","url_006491"
"91_rejected_low_value\url_006492--eevblog.com-forum-projects-264.md","91_rejected_low_value\url_006492--eevblog.com-forum-projects-264.md","1091","91_rejected_low_value","91_rejected_low_value","False","True","True","30","0","junk","removed_embedded_data_images; collapsed_blank_lines","url_006492"
"91_rejected_low_value\url_006493--eevblog.com-forum-projects-265.md","91_rejected_low_value\url_006493--eevblog.com-forum-projects-265.md","1091","91_rejected_low_value","91_rejected_low_value","False","True","True","30","0","junk","removed_embedded_data_images; collapsed_blank_lines","url_006493"
"91_rejected_low_value\url_006494--eevblog.com-forum-projects-266.md","91_rejected_low_value\url_006494--eevblog.com-forum-projects-266.md","1091","91_rejected_low_value","91_rejected_low_value","False","True","True","30","0","junk","removed_embedded_data_images; collapsed_blank_lines","url_006494"
"91_rejected_low_value\url_006495--eevblog.com-forum-projects-267.md","91_rejected_low_value\url_006495--eevblog.com-forum-projects-267.md","1091","91_rejected_low_value","91_rejected_low_value","False","True","True","30","0","junk","removed_embedded_data_images; collapsed_blank_lines","url_006495"
"91_rejected_low_value\url_006496--eevblog.com-forum-projects-268.md","91_rejected_low_value\url_006496--eevblog.com-forum-projects-268.md","1091","91_rejected_low_value","91_rejected_low_value","False","True","True","30","0","junk","removed_embedded_data_images; collapsed_blank_lines","url_006496"
"91_rejected_low_value\url_006497--eevblog.com-forum-projects-269.md","91_rejected_low_value\url_006497--eevblog.com-forum-projects-269.md","1091","91_rejected_low_value","91_rejected_low_value","False","True","True","30","0","junk","removed_embedded_data_images; collapsed_blank_lines","url_006497"
"91_rejected_low_value\url_006498--eevblog.com-forum-projects-270.md","91_rejected_low_value\url_006498--eevblog.com-forum-projects-270.md","1091","91_rejected_low_value","91_rejected_low_value","False","True","True","30","0","junk","removed_embedded_data_images; collapsed_blank_lines","url_006498"
"91_rejected_low_value\url_006499--eevblog.com-forum-projects-271.md","91_rejected_low_value\url_006499--eevblog.com-forum-projects-271.md","1091","91_rejected_low_value","91_rejected_low_value","False","True","True","30","0","junk","removed_embedded_data_images; collapsed_blank_lines","url_006499"
"91_rejected_low_value\url_006500--eevblog.com-forum-projects-272.md","91_rejected_low_value\url_006500--eevblog.com-forum-projects-272.md","1091","91_rejected_low_value","91_rejected_low_value","False","True","True","30","0","junk","removed_embedded_data_images; collapsed_blank_lines","url_006500"
"91_rejected_low_value\url_006501--eevblog.com-forum-projects-273.md","91_rejected_low_value\url_006501--eevblog.com-forum-projects-273.md","1091","91_rejected_low_value","91_rejected_low_value","False","True","True","30","0","junk","removed_embedded_data_images; collapsed_blank_lines","url_006501"
"91_rejected_low_value\url_006502--eevblog.com-forum-projects-274.md","91_rejected_low_value\url_006502--eevblog.com-forum-projects-274.md","1091","91_rejected_low_value","91_rejected_low_value","False","True","True","30","0","junk","removed_embedded_data_images; collapsed_blank_lines","url_006502"
"91_rejected_low_value\url_006503--eevblog.com-forum-projects-275.md","91_rejected_low_value\url_006503--eevblog.com-forum-projects-275.md","1091","91_rejected_low_value","91_rejected_low_value","False","True","True","30","0","junk","removed_embedded_data_images; collapsed_blank_lines","url_006503"
"91_rejected_low_value\url_006504--eevblog.com-forum-projects-276.md","91_rejected_low_value\url_006504--eevblog.com-forum-projects-276.md","1091","91_rejected_low_value","91_rejected_low_value","False","True","True","30","0","junk","removed_embedded_data_images; collapsed_blank_lines","url_006504"
"91_rejected_low_value\url_006505--eevblog.com-forum-projects-277.md","91_rejected_low_value\url_006505--eevblog.com-forum-projects-277.md","1091","91_rejected_low_value","91_rejected_low_value","False","True","True","30","0","junk","removed_embedded_data_images; collapsed_blank_lines","url_006505"
"91_rejected_low_value\url_006506--eevblog.com-forum-projects-278.md","91_rejected_low_value\url_006506--eevblog.com-forum-projects-278.md","1091","91_rejected_low_value","91_rejected_low_value","False","True","True","30","0","junk","removed_embedded_data_images; collapsed_blank_lines","url_006506"
"91_rejected_low_value\url_006507--eevblog.com-forum-projects-279.md","91_rejected_low_value\url_006507--eevblog.com-forum-projects-279.md","1091","91_rejected_low_value","91_rejected_low_value","False","True","True","30","0","junk","removed_embedded_data_images; collapsed_blank_lines","url_006507"
"91_rejected_low_value\url_006508--eevblog.com-forum-projects-280.md","91_rejected_low_value\url_006508--eevblog.com-forum-projects-280.md","1091","91_rejected_low_value","91_rejected_low_value","False","True","True","30","0","junk","removed_embedded_data_images; collapsed_blank_lines","url_006508"
"91_rejected_low_value\url_006509--eevblog.com-forum-projects-281.md","91_rejected_low_value\url_006509--eevblog.com-forum-projects-281.md","1091","91_rejected_low_value","91_rejected_low_value","False","True","True","30","0","junk","removed_embedded_data_images; collapsed_blank_lines","url_006509"
"91_rejected_low_value\url_006510--eevblog.com-forum-projects-282.md","91_rejected_low_value\url_006510--eevblog.com-forum-projects-282.md","1091","91_rejected_low_value","91_rejected_low_value","False","True","True","30","0","junk","removed_embedded_data_images; collapsed_blank_lines","url_006510"
"91_rejected_low_value\url_006511--eevblog.com-forum-projects-283.md","91_rejected_low_value\url_006511--eevblog.com-forum-projects-283.md","1091","91_rejected_low_value","91_rejected_low_value","False","True","True","30","0","junk","removed_embedded_data_images; collapsed_blank_lines","url_006511"
"91_rejected_low_value\url_006512--eevblog.com-forum-projects-284.md","91_rejected_low_value\url_006512--eevblog.com-forum-projects-284.md","1091","91_rejected_low_value","91_rejected_low_value","False","True","True","30","0","junk","removed_embedded_data_images; collapsed_blank_lines","url_006512"
"91_rejected_low_value\url_006513--eevblog.com-forum-projects-285.md","91_rejected_low_value\url_006513--eevblog.com-forum-projects-285.md","1091","91_rejected_low_value","91_rejected_low_value","False","True","True","30","0","junk","removed_embedded_data_images; collapsed_blank_lines","url_006513"
"91_rejected_low_value\url_006514--eevblog.com-forum-projects-286.md","91_rejected_low_value\url_006514--eevblog.com-forum-projects-286.md","1091","91_rejected_low_value","91_rejected_low_value","False","True","True","30","0","junk","removed_embedded_data_images; collapsed_blank_lines","url_006514"
"91_rejected_low_value\url_006515--eevblog.com-forum-projects-287.md","91_rejected_low_value\url_006515--eevblog.com-forum-projects-287.md","1091","91_rejected_low_value","91_rejected_low_value","False","True","True","30","0","junk","removed_embedded_data_images; collapsed_blank_lines","url_006515"
"91_rejected_low_value\url_006516--eevblog.com-forum-projects-288.md","91_rejected_low_value\url_006516--eevblog.com-forum-projects-288.md","1091","91_rejected_low_value","91_rejected_low_value","False","True","True","30","0","junk","removed_embedded_data_images; collapsed_blank_lines","url_006516"
"91_rejected_low_value\url_006517--eevblog.com-forum-projects-289.md","91_rejected_low_value\url_006517--eevblog.com-forum-projects-289.md","1091","91_rejected_low_value","91_rejected_low_value","False","True","True","30","0","junk","removed_embedded_data_images; collapsed_blank_lines","url_006517"
"91_rejected_low_value\url_006518--eevblog.com-forum-projects-290.md","91_rejected_low_value\url_006518--eevblog.com-forum-projects-290.md","1091","91_rejected_low_value","91_rejected_low_value","False","True","True","30","0","junk","removed_embedded_data_images; collapsed_blank_lines","url_006518"
"91_rejected_low_value\url_006519--eevblog.com-forum-projects-291.md","91_rejected_low_value\url_006519--eevblog.com-forum-projects-291.md","1091","91_rejected_low_value","91_rejected_low_value","False","True","True","30","0","junk","removed_embedded_data_images; collapsed_blank_lines","url_006519"
"91_rejected_low_value\url_006520--eevblog.com-forum-projects-292.md","91_rejected_low_value\url_006520--eevblog.com-forum-projects-292.md","1091","91_rejected_low_value","91_rejected_low_value","False","True","True","30","0","junk","removed_embedded_data_images; collapsed_blank_lines","url_006520"
"91_rejected_low_value\url_006521--eevblog.com-forum-projects-293.md","91_rejected_low_value\url_006521--eevblog.com-forum-projects-293.md","1091","91_rejected_low_value","91_rejected_low_value","False","True","True","30","0","junk","removed_embedded_data_images; collapsed_blank_lines","url_006521"
"91_rejected_low_value\url_006522--eevblog.com-forum-projects-294.md","91_rejected_low_value\url_006522--eevblog.com-forum-projects-294.md","1091","91_rejected_low_value","91_rejected_low_value","False","True","True","30","0","junk","removed_embedded_data_images; collapsed_blank_lines","url_006522"
"91_rejected_low_value\url_006523--eevblog.com-forum-projects-295.md","91_rejected_low_value\url_006523--eevblog.com-forum-projects-295.md","1091","91_rejected_low_value","91_rejected_low_value","False","True","True","30","0","junk","removed_embedded_data_images; collapsed_blank_lines","url_006523"
"91_rejected_low_value\url_006524--eevblog.com-forum-projects-296.md","91_rejected_low_value\url_006524--eevblog.com-forum-projects-296.md","1091","91_rejected_low_value","91_rejected_low_value","False","True","True","30","0","junk","removed_embedded_data_images; collapsed_blank_lines","url_006524"
"91_rejected_low_value\url_006525--eevblog.com-forum-projects-297.md","91_rejected_low_value\url_006525--eevblog.com-forum-projects-297.md","1091","91_rejected_low_value","91_rejected_low_value","False","True","True","30","0","junk","removed_embedded_data_images; collapsed_blank_lines","url_006525"
"91_rejected_low_value\url_006526--eevblog.com-forum-projects-298.md","91_rejected_low_value\url_006526--eevblog.com-forum-projects-298.md","1091","91_rejected_low_value","91_rejected_low_value","False","True","True","30","0","junk","removed_embedded_data_images; collapsed_blank_lines","url_006526"
"91_rejected_low_value\url_006527--eevblog.com-forum-projects-299.md","91_rejected_low_value\url_006527--eevblog.com-forum-projects-299.md","1091","91_rejected_low_value","91_rejected_low_value","False","True","True","30","0","junk","removed_embedded_data_images; collapsed_blank_lines","url_006527"
"91_rejected_low_value\url_006528--eevblog.com-forum-projects-300.md","91_rejected_low_value\url_006528--eevblog.com-forum-projects-300.md","1091","91_rejected_low_value","91_rejected_low_value","False","True","True","30","0","junk","removed_embedded_data_images; collapsed_blank_lines","url_006528"
"91_rejected_low_value\url_006529--eevblog.com-forum-projects-301.md","91_rejected_low_value\url_006529--eevblog.com-forum-projects-301.md","1091","91_rejected_low_value","91_rejected_low_value","False","True","True","30","0","junk","removed_embedded_data_images; collapsed_blank_lines","url_006529"
"91_rejected_low_value\url_006530--eevblog.com-forum-projects-302.md","91_rejected_low_value\url_006530--eevblog.com-forum-projects-302.md","1091","91_rejected_low_value","91_rejected_low_value","False","True","True","30","0","junk","removed_embedded_data_images; collapsed_blank_lines","url_006530"
"91_rejected_low_value\url_006531--eevblog.com-forum-projects-303.md","91_rejected_low_value\url_006531--eevblog.com-forum-projects-303.md","1091","91_rejected_low_value","91_rejected_low_value","False","True","True","30","0","junk","removed_embedded_data_images; collapsed_blank_lines","url_006531"
"91_rejected_low_value\url_006532--eevblog.com-forum-projects-304.md","91_rejected_low_value\url_006532--eevblog.com-forum-projects-304.md","1091","91_rejected_low_value","91_rejected_low_value","False","True","True","30","0","junk","removed_embedded_data_images; collapsed_blank_lines","url_006532"
"91_rejected_low_value\url_006533--eevblog.com-forum-projects-305.md","91_rejected_low_value\url_006533--eevblog.com-forum-projects-305.md","1091","91_rejected_low_value","91_rejected_low_value","False","True","True","30","0","junk","removed_embedded_data_images; collapsed_blank_lines","url_006533"
"91_rejected_low_value\url_006534--eevblog.com-forum-projects-306.md","91_rejected_low_value\url_006534--eevblog.com-forum-projects-306.md","1091","91_rejected_low_value","91_rejected_low_value","False","True","True","30","0","junk","removed_embedded_data_images; collapsed_blank_lines","url_006534"
"91_rejected_low_value\url_006535--eevblog.com-forum-projects-307.md","91_rejected_low_value\url_006535--eevblog.com-forum-projects-307.md","1091","91_rejected_low_value","91_rejected_low_value","False","True","True","30","0","junk","removed_embedded_data_images; collapsed_blank_lines","url_006535"
"91_rejected_low_value\url_006536--eevblog.com-forum-projects-308.md","91_rejected_low_value\url_006536--eevblog.com-forum-projects-308.md","1091","91_rejected_low_value","91_rejected_low_value","False","True","True","30","0","junk","removed_embedded_data_images; collapsed_blank_lines","url_006536"
"91_rejected_low_value\url_006537--eevblog.com-forum-projects-309.md","91_rejected_low_value\url_006537--eevblog.com-forum-projects-309.md","1091","91_rejected_low_value","91_rejected_low_value","False","True","True","30","0","junk","removed_embedded_data_images; collapsed_blank_lines","url_006537"
"91_rejected_low_value\url_006538--eevblog.com-forum-projects-310.md","91_rejected_low_value\url_006538--eevblog.com-forum-projects-310.md","1091","91_rejected_low_value","91_rejected_low_value","False","True","True","30","0","junk","removed_embedded_data_images; collapsed_blank_lines","url_006538"
"91_rejected_low_value\url_006539--eevblog.com-forum-projects-311.md","91_rejected_low_value\url_006539--eevblog.com-forum-projects-311.md","1091","91_rejected_low_value","91_rejected_low_value","False","True","True","30","0","junk","removed_embedded_data_images; collapsed_blank_lines","url_006539"
"91_rejected_low_value\url_006540--eevblog.com-forum-projects-312.md","91_rejected_low_value\url_006540--eevblog.com-forum-projects-312.md","1091","91_rejected_low_value","91_rejected_low_value","False","True","True","30","0","junk","removed_embedded_data_images; collapsed_blank_lines","url_006540"
"91_rejected_low_value\url_006541--eevblog.com-forum-projects-313.md","91_rejected_low_value\url_006541--eevblog.com-forum-projects-313.md","1091","91_rejected_low_value","91_rejected_low_value","False","True","True","30","0","junk","removed_embedded_data_images; collapsed_blank_lines","url_006541"
"91_rejected_low_value\url_006542--eevblog.com-forum-projects-314.md","91_rejected_low_value\url_006542--eevblog.com-forum-projects-314.md","1091","91_rejected_low_value","91_rejected_low_value","False","True","True","30","0","junk","removed_embedded_data_images; collapsed_blank_lines","url_006542"
"91_rejected_low_value\url_006543--eevblog.com-forum-projects-315.md","91_rejected_low_value\url_006543--eevblog.com-forum-projects-315.md","1091","91_rejected_low_value","91_rejected_low_value","False","True","True","30","0","junk","removed_embedded_data_images; collapsed_blank_lines","url_006543"
"91_rejected_low_value\url_006544--eevblog.com-forum-projects-316.md","91_rejected_low_value\url_006544--eevblog.com-forum-projects-316.md","1091","91_rejected_low_value","91_rejected_low_value","False","True","True","30","0","junk","removed_embedded_data_images; collapsed_blank_lines","url_006544"
"91_rejected_low_value\url_006545--eevblog.com-forum-projects-317.md","91_rejected_low_value\url_006545--eevblog.com-forum-projects-317.md","1091","91_rejected_low_value","91_rejected_low_value","False","True","True","30","0","junk","removed_embedded_data_images; collapsed_blank_lines","url_006545"
"91_rejected_low_value\url_006546--eevblog.com-forum-projects-318.md","91_rejected_low_value\url_006546--eevblog.com-forum-projects-318.md","1091","91_rejected_low_value","91_rejected_low_value","False","True","True","30","0","junk","removed_embedded_data_images; collapsed_blank_lines","url_006546"
"91_rejected_low_value\url_006547--eevblog.com-forum-projects-319.md","91_rejected_low_value\url_006547--eevblog.com-forum-projects-319.md","1091","91_rejected_low_value","91_rejected_low_value","False","True","True","30","0","junk","removed_embedded_data_images; collapsed_blank_lines","url_006547"
"91_rejected_low_value\url_006548--eevblog.com-forum-projects-320.md","91_rejected_low_value\url_006548--eevblog.com-forum-projects-320.md","1091","91_rejected_low_value","91_rejected_low_value","False","True","True","30","0","junk","removed_embedded_data_images; collapsed_blank_lines","url_006548"
"91_rejected_low_value\url_006549--eevblog.com-forum-projects-321.md","91_rejected_low_value\url_006549--eevblog.com-forum-projects-321.md","1091","91_rejected_low_value","91_rejected_low_value","False","True","True","30","0","junk","removed_embedded_data_images; collapsed_blank_lines","url_006549"
"91_rejected_low_value\url_006550--eevblog.com-forum-projects-322.md","91_rejected_low_value\url_006550--eevblog.com-forum-projects-322.md","1091","91_rejected_low_value","91_rejected_low_value","False","True","True","30","0","junk","removed_embedded_data_images; collapsed_blank_lines","url_006550"
"91_rejected_low_value\url_006551--eevblog.com-forum-projects-323.md","91_rejected_low_value\url_006551--eevblog.com-forum-projects-323.md","1091","91_rejected_low_value","91_rejected_low_value","False","True","True","30","0","junk","removed_embedded_data_images; collapsed_blank_lines","url_006551"
"91_rejected_low_value\url_006552--eevblog.com-forum-projects-324.md","91_rejected_low_value\url_006552--eevblog.com-forum-projects-324.md","1091","91_rejected_low_value","91_rejected_low_value","False","True","True","30","0","junk","removed_embedded_data_images; collapsed_blank_lines","url_006552"
"91_rejected_low_value\url_006553--eevblog.com-forum-projects-325.md","91_rejected_low_value\url_006553--eevblog.com-forum-projects-325.md","1091","91_rejected_low_value","91_rejected_low_value","False","True","True","30","0","junk","removed_embedded_data_images; collapsed_blank_lines","url_006553"
"91_rejected_low_value\url_006554--eevblog.com-forum-projects-326.md","91_rejected_low_value\url_006554--eevblog.com-forum-projects-326.md","1091","91_rejected_low_value","91_rejected_low_value","False","True","True","30","0","junk","removed_embedded_data_images; collapsed_blank_lines","url_006554"
"91_rejected_low_value\url_006555--eevblog.com-forum-projects-327.md","91_rejected_low_value\url_006555--eevblog.com-forum-projects-327.md","1091","91_rejected_low_value","91_rejected_low_value","False","True","True","30","0","junk","removed_embedded_data_images; collapsed_blank_lines","url_006555"
"91_rejected_low_value\url_006556--eevblog.com-forum-projects-328.md","91_rejected_low_value\url_006556--eevblog.com-forum-projects-328.md","1091","91_rejected_low_value","91_rejected_low_value","False","True","True","30","0","junk","removed_embedded_data_images; collapsed_blank_lines","url_006556"
"91_rejected_low_value\url_006557--eevblog.com-forum-projects-329.md","91_rejected_low_value\url_006557--eevblog.com-forum-projects-329.md","1091","91_rejected_low_value","91_rejected_low_value","False","True","True","30","0","junk","removed_embedded_data_images; collapsed_blank_lines","url_006557"
"91_rejected_low_value\url_006558--eevblog.com-forum-projects-330.md","91_rejected_low_value\url_006558--eevblog.com-forum-projects-330.md","1091","91_rejected_low_value","91_rejected_low_value","False","True","True","30","0","junk","removed_embedded_data_images; collapsed_blank_lines","url_006558"
"91_rejected_low_value\url_006559--eevblog.com-forum-projects-331.md","91_rejected_low_value\url_006559--eevblog.com-forum-projects-331.md","1091","91_rejected_low_value","91_rejected_low_value","False","True","True","30","0","junk","removed_embedded_data_images; collapsed_blank_lines","url_006559"
"91_rejected_low_value\url_006560--eevblog.com-forum-projects-332.md","91_rejected_low_value\url_006560--eevblog.com-forum-projects-332.md","1091","91_rejected_low_value","91_rejected_low_value","False","True","True","30","0","junk","removed_embedded_data_images; collapsed_blank_lines","url_006560"
"91_rejected_low_value\url_006561--eevblog.com-forum-projects-333.md","91_rejected_low_value\url_006561--eevblog.com-forum-projects-333.md","1091","91_rejected_low_value","91_rejected_low_value","False","True","True","30","0","junk","removed_embedded_data_images; collapsed_blank_lines","url_006561"
"91_rejected_low_value\url_006562--eevblog.com-forum-projects-334.md","91_rejected_low_value\url_006562--eevblog.com-forum-projects-334.md","1091","91_rejected_low_value","91_rejected_low_value","False","True","True","30","0","junk","removed_embedded_data_images; collapsed_blank_lines","url_006562"
"91_rejected_low_value\url_006563--eevblog.com-forum-projects-335.md","91_rejected_low_value\url_006563--eevblog.com-forum-projects-335.md","1091","91_rejected_low_value","91_rejected_low_value","False","True","True","30","0","junk","removed_embedded_data_images; collapsed_blank_lines","url_006563"
"91_rejected_low_value\url_006564--eevblog.com-forum-projects-336.md","91_rejected_low_value\url_006564--eevblog.com-forum-projects-336.md","1091","91_rejected_low_value","91_rejected_low_value","False","True","True","30","0","junk","removed_embedded_data_images; collapsed_blank_lines","url_006564"
"91_rejected_low_value\url_006565--eevblog.com-forum-projects-337.md","91_rejected_low_value\url_006565--eevblog.com-forum-projects-337.md","1091","91_rejected_low_value","91_rejected_low_value","False","True","True","30","0","junk","removed_embedded_data_images; collapsed_blank_lines","url_006565"
"91_rejected_low_value\url_006566--eevblog.com-forum-projects-338.md","91_rejected_low_value\url_006566--eevblog.com-forum-projects-338.md","1091","91_rejected_low_value","91_rejected_low_value","False","True","True","30","0","junk","removed_embedded_data_images; collapsed_blank_lines","url_006566"
"91_rejected_low_value\url_006567--eevblog.com-forum-projects-339.md","91_rejected_low_value\url_006567--eevblog.com-forum-projects-339.md","1091","91_rejected_low_value","91_rejected_low_value","False","True","True","30","0","junk","removed_embedded_data_images; collapsed_blank_lines","url_006567"
"91_rejected_low_value\url_006568--eevblog.com-forum-projects-340.md","91_rejected_low_value\url_006568--eevblog.com-forum-projects-340.md","1091","91_rejected_low_value","91_rejected_low_value","False","True","True","30","0","junk","removed_embedded_data_images; collapsed_blank_lines","url_006568"
"91_rejected_low_value\url_006569--eevblog.com-forum-projects-341.md","91_rejected_low_value\url_006569--eevblog.com-forum-projects-341.md","1091","91_rejected_low_value","91_rejected_low_value","False","True","True","30","0","junk","removed_embedded_data_images; collapsed_blank_lines","url_006569"
"91_rejected_low_value\url_006570--eevblog.com-forum-projects-342.md","91_rejected_low_value\url_006570--eevblog.com-forum-projects-342.md","1091","91_rejected_low_value","91_rejected_low_value","False","True","True","30","0","junk","removed_embedded_data_images; collapsed_blank_lines","url_006570"
"91_rejected_low_value\url_006571--eevblog.com-forum-projects-343.md","91_rejected_low_value\url_006571--eevblog.com-forum-projects-343.md","1091","91_rejected_low_value","91_rejected_low_value","False","True","True","30","0","junk","removed_embedded_data_images; collapsed_blank_lines","url_006571"
"91_rejected_low_value\url_006572--eevblog.com-forum-projects-344.md","91_rejected_low_value\url_006572--eevblog.com-forum-projects-344.md","1091","91_rejected_low_value","91_rejected_low_value","False","True","True","30","0","junk","removed_embedded_data_images; collapsed_blank_lines","url_006572"
"91_rejected_low_value\url_006573--eevblog.com-forum-projects-345.md","91_rejected_low_value\url_006573--eevblog.com-forum-projects-345.md","1091","91_rejected_low_value","91_rejected_low_value","False","True","True","30","0","junk","removed_embedded_data_images; collapsed_blank_lines","url_006573"
"91_rejected_low_value\url_006574--eevblog.com-forum-projects-346.md","91_rejected_low_value\url_006574--eevblog.com-forum-projects-346.md","1091","91_rejected_low_value","91_rejected_low_value","False","True","True","30","0","junk","removed_embedded_data_images; collapsed_blank_lines","url_006574"
"91_rejected_low_value\url_006575--eevblog.com-forum-projects-347.md","91_rejected_low_value\url_006575--eevblog.com-forum-projects-347.md","1091","91_rejected_low_value","91_rejected_low_value","False","True","True","30","0","junk","removed_embedded_data_images; collapsed_blank_lines","url_006575"
"91_rejected_low_value\url_006576--eevblog.com-forum-projects-348.md","91_rejected_low_value\url_006576--eevblog.com-forum-projects-348.md","1091","91_rejected_low_value","91_rejected_low_value","False","True","True","30","0","junk","removed_embedded_data_images; collapsed_blank_lines","url_006576"
"91_rejected_low_value\url_006577--eevblog.com-forum-projects-349.md","91_rejected_low_value\url_006577--eevblog.com-forum-projects-349.md","1091","91_rejected_low_value","91_rejected_low_value","False","True","True","30","0","junk","removed_embedded_data_images; collapsed_blank_lines","url_006577"
"91_rejected_low_value\url_006578--eevblog.com-forum-projects-350.md","91_rejected_low_value\url_006578--eevblog.com-forum-projects-350.md","1091","91_rejected_low_value","91_rejected_low_value","False","True","True","30","0","junk","removed_embedded_data_images; collapsed_blank_lines","url_006578"
"91_rejected_low_value\url_006579--eevblog.com-forum-projects-351.md","91_rejected_low_value\url_006579--eevblog.com-forum-projects-351.md","1091","91_rejected_low_value","91_rejected_low_value","False","True","True","30","0","junk","removed_embedded_data_images; collapsed_blank_lines","url_006579"
"91_rejected_low_value\url_006580--eevblog.com-forum-projects-352.md","91_rejected_low_value\url_006580--eevblog.com-forum-projects-352.md","1091","91_rejected_low_value","91_rejected_low_value","False","True","True","30","0","junk","removed_embedded_data_images; collapsed_blank_lines","url_006580"
"91_rejected_low_value\url_006581--eevblog.com-forum-projects-353.md","91_rejected_low_value\url_006581--eevblog.com-forum-projects-353.md","1091","91_rejected_low_value","91_rejected_low_value","False","True","True","30","0","junk","removed_embedded_data_images; collapsed_blank_lines","url_006581"
"91_rejected_low_value\url_006582--eevblog.com-forum-projects-354.md","91_rejected_low_value\url_006582--eevblog.com-forum-projects-354.md","1091","91_rejected_low_value","91_rejected_low_value","False","True","True","30","0","junk","removed_embedded_data_images; collapsed_blank_lines","url_006582"
"91_rejected_low_value\url_006583--eevblog.com-forum-projects-355.md","91_rejected_low_value\url_006583--eevblog.com-forum-projects-355.md","1091","91_rejected_low_value","91_rejected_low_value","False","True","True","30","0","junk","removed_embedded_data_images; collapsed_blank_lines","url_006583"
"91_rejected_low_value\url_006584--eevblog.com-forum-projects-356.md","91_rejected_low_value\url_006584--eevblog.com-forum-projects-356.md","1091","91_rejected_low_value","91_rejected_low_value","False","True","True","30","0","junk","removed_embedded_data_images; collapsed_blank_lines","url_006584"
"91_rejected_low_value\url_006585--eevblog.com-forum-projects-357.md","91_rejected_low_value\url_006585--eevblog.com-forum-projects-357.md","1091","91_rejected_low_value","91_rejected_low_value","False","True","True","30","0","junk","removed_embedded_data_images; collapsed_blank_lines","url_006585"
"91_rejected_low_value\url_006586--eevblog.com-forum-projects-358.md","91_rejected_low_value\url_006586--eevblog.com-forum-projects-358.md","1091","91_rejected_low_value","91_rejected_low_value","False","True","True","30","0","junk","removed_embedded_data_images; collapsed_blank_lines","url_006586"
"91_rejected_low_value\url_006587--eevblog.com-forum-projects-359.md","91_rejected_low_value\url_006587--eevblog.com-forum-projects-359.md","1091","91_rejected_low_value","91_rejected_low_value","False","True","True","30","0","junk","removed_embedded_data_images; collapsed_blank_lines","url_006587"
"91_rejected_low_value\url_006588--eevblog.com-forum-projects-360.md","91_rejected_low_value\url_006588--eevblog.com-forum-projects-360.md","1091","91_rejected_low_value","91_rejected_low_value","False","True","True","30","0","junk","removed_embedded_data_images; collapsed_blank_lines","url_006588"
"91_rejected_low_value\url_006589--eevblog.com-forum-projects-361.md","91_rejected_low_value\url_006589--eevblog.com-forum-projects-361.md","1091","91_rejected_low_value","91_rejected_low_value","False","True","True","30","0","junk","removed_embedded_data_images; collapsed_blank_lines","url_006589"
"91_rejected_low_value\url_006590--eevblog.com-forum-projects-362.md","91_rejected_low_value\url_006590--eevblog.com-forum-projects-362.md","1091","91_rejected_low_value","91_rejected_low_value","False","True","True","30","0","junk","removed_embedded_data_images; collapsed_blank_lines","url_006590"
"91_rejected_low_value\url_006591--eevblog.com-forum-projects-363.md","91_rejected_low_value\url_006591--eevblog.com-forum-projects-363.md","1091","91_rejected_low_value","91_rejected_low_value","False","True","True","30","0","junk","removed_embedded_data_images; collapsed_blank_lines","url_006591"
"91_rejected_low_value\url_006592--eevblog.com-forum-projects-364.md","91_rejected_low_value\url_006592--eevblog.com-forum-projects-364.md","1091","91_rejected_low_value","91_rejected_low_value","False","True","True","30","0","junk","removed_embedded_data_images; collapsed_blank_lines","url_006592"
"91_rejected_low_value\url_006593--eevblog.com-forum-projects-365.md","91_rejected_low_value\url_006593--eevblog.com-forum-projects-365.md","1091","91_rejected_low_value","91_rejected_low_value","False","True","True","30","0","junk","removed_embedded_data_images; collapsed_blank_lines","url_006593"
"91_rejected_low_value\url_006594--eevblog.com-forum-projects-366.md","91_rejected_low_value\url_006594--eevblog.com-forum-projects-366.md","1091","91_rejected_low_value","91_rejected_low_value","False","True","True","30","0","junk","removed_embedded_data_images; collapsed_blank_lines","url_006594"
"91_rejected_low_value\url_006595--eevblog.com-forum-projects-367.md","91_rejected_low_value\url_006595--eevblog.com-forum-projects-367.md","1091","91_rejected_low_value","91_rejected_low_value","False","True","True","30","0","junk","removed_embedded_data_images; collapsed_blank_lines","url_006595"
"91_rejected_low_value\url_006596--eevblog.com-forum-projects-368.md","91_rejected_low_value\url_006596--eevblog.com-forum-projects-368.md","1091","91_rejected_low_value","91_rejected_low_value","False","True","True","30","0","junk","removed_embedded_data_images; collapsed_blank_lines","url_006596"
"91_rejected_low_value\url_006597--eevblog.com-forum-projects-369.md","91_rejected_low_value\url_006597--eevblog.com-forum-projects-369.md","1091","91_rejected_low_value","91_rejected_low_value","False","True","True","30","0","junk","removed_embedded_data_images; collapsed_blank_lines","url_006597"
"91_rejected_low_value\url_006598--eevblog.com-forum-projects-370.md","91_rejected_low_value\url_006598--eevblog.com-forum-projects-370.md","1091","91_rejected_low_value","91_rejected_low_value","False","True","True","30","0","junk","removed_embedded_data_images; collapsed_blank_lines","url_006598"
"91_rejected_low_value\url_006599--eevblog.com-forum-projects-371.md","91_rejected_low_value\url_006599--eevblog.com-forum-projects-371.md","1091","91_rejected_low_value","91_rejected_low_value","False","True","True","30","0","junk","removed_embedded_data_images; collapsed_blank_lines","url_006599"
"91_rejected_low_value\url_006600--eevblog.com-forum-projects-372.md","91_rejected_low_value\url_006600--eevblog.com-forum-projects-372.md","1091","91_rejected_low_value","91_rejected_low_value","False","True","True","30","0","junk","removed_embedded_data_images; collapsed_blank_lines","url_006600"
"91_rejected_low_value\url_006601--eevblog.com-forum-projects-373.md","91_rejected_low_value\url_006601--eevblog.com-forum-projects-373.md","1091","91_rejected_low_value","91_rejected_low_value","False","True","True","30","0","junk","removed_embedded_data_images; collapsed_blank_lines","url_006601"
"91_rejected_low_value\url_006602--eevblog.com-forum-projects-374.md","91_rejected_low_value\url_006602--eevblog.com-forum-projects-374.md","1091","91_rejected_low_value","91_rejected_low_value","False","True","True","30","0","junk","removed_embedded_data_images; collapsed_blank_lines","url_006602"
"91_rejected_low_value\url_006603--eevblog.com-forum-projects-375.md","91_rejected_low_value\url_006603--eevblog.com-forum-projects-375.md","1091","91_rejected_low_value","91_rejected_low_value","False","True","True","30","0","junk","removed_embedded_data_images; collapsed_blank_lines","url_006603"
"91_rejected_low_value\url_006604--eevblog.com-forum-projects-376.md","91_rejected_low_value\url_006604--eevblog.com-forum-projects-376.md","1091","91_rejected_low_value","91_rejected_low_value","False","True","True","30","0","junk","removed_embedded_data_images; collapsed_blank_lines","url_006604"
"91_rejected_low_value\url_006605--eevblog.com-forum-projects-377.md","91_rejected_low_value\url_006605--eevblog.com-forum-projects-377.md","1091","91_rejected_low_value","91_rejected_low_value","False","True","True","30","0","junk","removed_embedded_data_images; collapsed_blank_lines","url_006605"
"91_rejected_low_value\url_006606--eevblog.com-forum-projects-378.md","91_rejected_low_value\url_006606--eevblog.com-forum-projects-378.md","1091","91_rejected_low_value","91_rejected_low_value","False","True","True","30","0","junk","removed_embedded_data_images; collapsed_blank_lines","url_006606"
"91_rejected_low_value\url_006607--eevblog.com-forum-projects-379.md","91_rejected_low_value\url_006607--eevblog.com-forum-projects-379.md","1091","91_rejected_low_value","91_rejected_low_value","False","True","True","30","0","junk","removed_embedded_data_images; collapsed_blank_lines","url_006607"
"91_rejected_low_value\url_006608--eevblog.com-forum-projects-380.md","91_rejected_low_value\url_006608--eevblog.com-forum-projects-380.md","1091","91_rejected_low_value","91_rejected_low_value","False","True","True","30","0","junk","removed_embedded_data_images; collapsed_blank_lines","url_006608"
"91_rejected_low_value\url_006609--eevblog.com-forum-projects-381.md","91_rejected_low_value\url_006609--eevblog.com-forum-projects-381.md","1091","91_rejected_low_value","91_rejected_low_value","False","True","True","30","0","junk","removed_embedded_data_images; collapsed_blank_lines","url_006609"
"91_rejected_low_value\url_006610--eevblog.com-forum-projects-382.md","91_rejected_low_value\url_006610--eevblog.com-forum-projects-382.md","1091","91_rejected_low_value","91_rejected_low_value","False","True","True","30","0","junk","removed_embedded_data_images; collapsed_blank_lines","url_006610"
"91_rejected_low_value\url_006611--eevblog.com-forum-projects-383.md","91_rejected_low_value\url_006611--eevblog.com-forum-projects-383.md","1091","91_rejected_low_value","91_rejected_low_value","False","True","True","30","0","junk","removed_embedded_data_images; collapsed_blank_lines","url_006611"
"91_rejected_low_value\url_006612--eevblog.com-forum-projects-384.md","91_rejected_low_value\url_006612--eevblog.com-forum-projects-384.md","1091","91_rejected_low_value","91_rejected_low_value","False","True","True","30","0","junk","removed_embedded_data_images; collapsed_blank_lines","url_006612"
"91_rejected_low_value\url_006613--eevblog.com-forum-projects-385.md","91_rejected_low_value\url_006613--eevblog.com-forum-projects-385.md","1091","91_rejected_low_value","91_rejected_low_value","False","True","True","30","0","junk","removed_embedded_data_images; collapsed_blank_lines","url_006613"
"91_rejected_low_value\url_006614--eevblog.com-forum-projects-386.md","91_rejected_low_value\url_006614--eevblog.com-forum-projects-386.md","1091","91_rejected_low_value","91_rejected_low_value","False","True","True","30","0","junk","removed_embedded_data_images; collapsed_blank_lines","url_006614"
"91_rejected_low_value\url_006615--eevblog.com-forum-projects-387.md","91_rejected_low_value\url_006615--eevblog.com-forum-projects-387.md","1091","91_rejected_low_value","91_rejected_low_value","False","True","True","30","0","junk","removed_embedded_data_images; collapsed_blank_lines","url_006615"
"91_rejected_low_value\url_006616--eevblog.com-forum-projects-388.md","91_rejected_low_value\url_006616--eevblog.com-forum-projects-388.md","1091","91_rejected_low_value","91_rejected_low_value","False","True","True","30","0","junk","removed_embedded_data_images; collapsed_blank_lines","url_006616"
"91_rejected_low_value\url_006617--eevblog.com-forum-projects-389.md","91_rejected_low_value\url_006617--eevblog.com-forum-projects-389.md","1091","91_rejected_low_value","91_rejected_low_value","False","True","True","30","0","junk","removed_embedded_data_images; collapsed_blank_lines","url_006617"
"91_rejected_low_value\url_006618--eevblog.com-forum-projects-390.md","91_rejected_low_value\url_006618--eevblog.com-forum-projects-390.md","1091","91_rejected_low_value","91_rejected_low_value","False","True","True","30","0","junk","removed_embedded_data_images; collapsed_blank_lines","url_006618"
"91_rejected_low_value\url_006619--eevblog.com-forum-projects-391.md","91_rejected_low_value\url_006619--eevblog.com-forum-projects-391.md","1091","91_rejected_low_value","91_rejected_low_value","False","True","True","30","0","junk","removed_embedded_data_images; collapsed_blank_lines","url_006619"
"91_rejected_low_value\url_006620--eevblog.com-forum-projects-392.md","91_rejected_low_value\url_006620--eevblog.com-forum-projects-392.md","1091","91_rejected_low_value","91_rejected_low_value","False","True","True","30","0","junk","removed_embedded_data_images; collapsed_blank_lines","url_006620"
"91_rejected_low_value\url_006621--eevblog.com-forum-projects-393.md","91_rejected_low_value\url_006621--eevblog.com-forum-projects-393.md","1091","91_rejected_low_value","91_rejected_low_value","False","True","True","30","0","junk","removed_embedded_data_images; collapsed_blank_lines","url_006621"
"91_rejected_low_value\url_006622--eevblog.com-forum-projects-394.md","91_rejected_low_value\url_006622--eevblog.com-forum-projects-394.md","1091","91_rejected_low_value","91_rejected_low_value","False","True","True","30","0","junk","removed_embedded_data_images; collapsed_blank_lines","url_006622"
"91_rejected_low_value\url_006623--eevblog.com-forum-projects-395.md","91_rejected_low_value\url_006623--eevblog.com-forum-projects-395.md","1091","91_rejected_low_value","91_rejected_low_value","False","True","True","30","0","junk","removed_embedded_data_images; collapsed_blank_lines","url_006623"
"91_rejected_low_value\url_006624--eevblog.com-forum-projects-396.md","91_rejected_low_value\url_006624--eevblog.com-forum-projects-396.md","1091","91_rejected_low_value","91_rejected_low_value","False","True","True","30","0","junk","removed_embedded_data_images; collapsed_blank_lines","url_006624"
"91_rejected_low_value\url_006625--eevblog.com-forum-projects-397.md","91_rejected_low_value\url_006625--eevblog.com-forum-projects-397.md","1091","91_rejected_low_value","91_rejected_low_value","False","True","True","30","0","junk","removed_embedded_data_images; collapsed_blank_lines","url_006625"
"91_rejected_low_value\url_006626--eevblog.com-forum-projects-398.md","91_rejected_low_value\url_006626--eevblog.com-forum-projects-398.md","1091","91_rejected_low_value","91_rejected_low_value","False","True","True","30","0","junk","removed_embedded_data_images; collapsed_blank_lines","url_006626"
"91_rejected_low_value\url_006627--eevblog.com-forum-projects-399.md","91_rejected_low_value\url_006627--eevblog.com-forum-projects-399.md","1091","91_rejected_low_value","91_rejected_low_value","False","True","True","30","0","junk","removed_embedded_data_images; collapsed_blank_lines","url_006627"
"91_rejected_low_value\url_006628--eevblog.com-forum-projects-400.md","91_rejected_low_value\url_006628--eevblog.com-forum-projects-400.md","1091","91_rejected_low_value","91_rejected_low_value","False","True","True","30","0","junk","removed_embedded_data_images; collapsed_blank_lines","url_006628"
"91_rejected_low_value\url_006629--eevblog.com-forum-projects-401.md","91_rejected_low_value\url_006629--eevblog.com-forum-projects-401.md","1091","91_rejected_low_value","91_rejected_low_value","False","True","True","30","0","junk","removed_embedded_data_images; collapsed_blank_lines","url_006629"
"91_rejected_low_value\url_006630--eevblog.com-forum-projects-402.md","91_rejected_low_value\url_006630--eevblog.com-forum-projects-402.md","1091","91_rejected_low_value","91_rejected_low_value","False","True","True","30","0","junk","removed_embedded_data_images; collapsed_blank_lines","url_006630"
"91_rejected_low_value\url_006631--eevblog.com-forum-projects-403.md","91_rejected_low_value\url_006631--eevblog.com-forum-projects-403.md","1091","91_rejected_low_value","91_rejected_low_value","False","True","True","30","0","junk","removed_embedded_data_images; collapsed_blank_lines","url_006631"
"91_rejected_low_value\url_006632--eevblog.com-forum-projects-404.md","91_rejected_low_value\url_006632--eevblog.com-forum-projects-404.md","1091","91_rejected_low_value","91_rejected_low_value","False","True","True","30","0","junk","removed_embedded_data_images; collapsed_blank_lines","url_006632"
"91_rejected_low_value\url_006633--eevblog.com-forum-projects-405.md","91_rejected_low_value\url_006633--eevblog.com-forum-projects-405.md","1091","91_rejected_low_value","91_rejected_low_value","False","True","True","30","0","junk","removed_embedded_data_images; collapsed_blank_lines","url_006633"
"91_rejected_low_value\url_006634--eevblog.com-forum-projects-406.md","91_rejected_low_value\url_006634--eevblog.com-forum-projects-406.md","1091","91_rejected_low_value","91_rejected_low_value","False","True","True","30","0","junk","removed_embedded_data_images; collapsed_blank_lines","url_006634"
"91_rejected_low_value\url_006635--eevblog.com-forum-projects-407.md","91_rejected_low_value\url_006635--eevblog.com-forum-projects-407.md","1091","91_rejected_low_value","91_rejected_low_value","False","True","True","30","0","junk","removed_embedded_data_images; collapsed_blank_lines","url_006635"
"91_rejected_low_value\url_006636--eevblog.com-forum-projects-408.md","91_rejected_low_value\url_006636--eevblog.com-forum-projects-408.md","1091","91_rejected_low_value","91_rejected_low_value","False","True","True","30","0","junk","removed_embedded_data_images; collapsed_blank_lines","url_006636"
"91_rejected_low_value\url_006637--eevblog.com-forum-projects-409.md","91_rejected_low_value\url_006637--eevblog.com-forum-projects-409.md","1091","91_rejected_low_value","91_rejected_low_value","False","True","True","30","0","junk","removed_embedded_data_images; collapsed_blank_lines","url_006637"
"91_rejected_low_value\url_006638--eevblog.com-forum-projects-410.md","91_rejected_low_value\url_006638--eevblog.com-forum-projects-410.md","1091","91_rejected_low_value","91_rejected_low_value","False","True","True","30","0","junk","removed_embedded_data_images; collapsed_blank_lines","url_006638"
"91_rejected_low_value\url_006639--eevblog.com-forum-projects-411.md","91_rejected_low_value\url_006639--eevblog.com-forum-projects-411.md","1091","91_rejected_low_value","91_rejected_low_value","False","True","True","30","0","junk","removed_embedded_data_images; collapsed_blank_lines","url_006639"
"91_rejected_low_value\url_006640--eevblog.com-forum-projects-412.md","91_rejected_low_value\url_006640--eevblog.com-forum-projects-412.md","1091","91_rejected_low_value","91_rejected_low_value","False","True","True","30","0","junk","removed_embedded_data_images; collapsed_blank_lines","url_006640"
"91_rejected_low_value\url_006641--eevblog.com-forum-projects-413.md","91_rejected_low_value\url_006641--eevblog.com-forum-projects-413.md","1091","91_rejected_low_value","91_rejected_low_value","False","True","True","30","0","junk","removed_embedded_data_images; collapsed_blank_lines","url_006641"
"91_rejected_low_value\url_006642--eevblog.com-forum-projects-414.md","91_rejected_low_value\url_006642--eevblog.com-forum-projects-414.md","1091","91_rejected_low_value","91_rejected_low_value","False","True","True","30","0","junk","removed_embedded_data_images; collapsed_blank_lines","url_006642"
"91_rejected_low_value\url_006643--eevblog.com-forum-projects-415.md","91_rejected_low_value\url_006643--eevblog.com-forum-projects-415.md","1091","91_rejected_low_value","91_rejected_low_value","False","True","True","30","0","junk","removed_embedded_data_images; collapsed_blank_lines","url_006643"
"91_rejected_low_value\url_006644--eevblog.com-forum-projects-416.md","91_rejected_low_value\url_006644--eevblog.com-forum-projects-416.md","1091","91_rejected_low_value","91_rejected_low_value","False","True","True","30","0","junk","removed_embedded_data_images; collapsed_blank_lines","url_006644"
"91_rejected_low_value\url_006645--eevblog.com-forum-projects-417.md","91_rejected_low_value\url_006645--eevblog.com-forum-projects-417.md","1091","91_rejected_low_value","91_rejected_low_value","False","True","True","30","0","junk","removed_embedded_data_images; collapsed_blank_lines","url_006645"
"91_rejected_low_value\url_006646--eevblog.com-forum-projects-418.md","91_rejected_low_value\url_006646--eevblog.com-forum-projects-418.md","1091","91_rejected_low_value","91_rejected_low_value","False","True","True","30","0","junk","removed_embedded_data_images; collapsed_blank_lines","url_006646"
"91_rejected_low_value\url_006647--eevblog.com-forum-projects-419.md","91_rejected_low_value\url_006647--eevblog.com-forum-projects-419.md","1091","91_rejected_low_value","91_rejected_low_value","False","True","True","30","0","junk","removed_embedded_data_images; collapsed_blank_lines","url_006647"
"91_rejected_low_value\url_006648--eevblog.com-forum-projects-420.md","91_rejected_low_value\url_006648--eevblog.com-forum-projects-420.md","1091","91_rejected_low_value","91_rejected_low_value","False","True","True","30","0","junk","removed_embedded_data_images; collapsed_blank_lines","url_006648"
"91_rejected_low_value\url_006649--eevblog.com-forum-projects-421.md","91_rejected_low_value\url_006649--eevblog.com-forum-projects-421.md","1091","91_rejected_low_value","91_rejected_low_value","False","True","True","30","0","junk","removed_embedded_data_images; collapsed_blank_lines","url_006649"
"91_rejected_low_value\url_006650--eevblog.com-forum-projects-422.md","91_rejected_low_value\url_006650--eevblog.com-forum-projects-422.md","1091","91_rejected_low_value","91_rejected_low_value","False","True","True","30","0","junk","removed_embedded_data_images; collapsed_blank_lines","url_006650"
"91_rejected_low_value\url_006651--eevblog.com-forum-projects-423.md","91_rejected_low_value\url_006651--eevblog.com-forum-projects-423.md","1091","91_rejected_low_value","91_rejected_low_value","False","True","True","30","0","junk","removed_embedded_data_images; collapsed_blank_lines","url_006651"
"91_rejected_low_value\url_006652--eevblog.com-forum-projects-424.md","91_rejected_low_value\url_006652--eevblog.com-forum-projects-424.md","1091","91_rejected_low_value","91_rejected_low_value","False","True","True","30","0","junk","removed_embedded_data_images; collapsed_blank_lines","url_006652"
"91_rejected_low_value\url_006653--eevblog.com-forum-projects-425.md","91_rejected_low_value\url_006653--eevblog.com-forum-projects-425.md","1091","91_rejected_low_value","91_rejected_low_value","False","True","True","30","0","junk","removed_embedded_data_images; collapsed_blank_lines","url_006653"
"91_rejected_low_value\url_006654--eevblog.com-forum-projects-426.md","91_rejected_low_value\url_006654--eevblog.com-forum-projects-426.md","1091","91_rejected_low_value","91_rejected_low_value","False","True","True","30","0","junk","removed_embedded_data_images; collapsed_blank_lines","url_006654"
"91_rejected_low_value\url_006655--eevblog.com-forum-projects-427.md","91_rejected_low_value\url_006655--eevblog.com-forum-projects-427.md","1091","91_rejected_low_value","91_rejected_low_value","False","True","True","30","0","junk","removed_embedded_data_images; collapsed_blank_lines","url_006655"
"91_rejected_low_value\url_006656--eevblog.com-forum-projects-428.md","91_rejected_low_value\url_006656--eevblog.com-forum-projects-428.md","1091","91_rejected_low_value","91_rejected_low_value","False","True","True","30","0","junk","removed_embedded_data_images; collapsed_blank_lines","url_006656"
"91_rejected_low_value\url_006657--eevblog.com-forum-projects-429.md","91_rejected_low_value\url_006657--eevblog.com-forum-projects-429.md","1091","91_rejected_low_value","91_rejected_low_value","False","True","True","30","0","junk","removed_embedded_data_images; collapsed_blank_lines","url_006657"
"91_rejected_low_value\url_006658--eevblog.com-forum-projects-430.md","91_rejected_low_value\url_006658--eevblog.com-forum-projects-430.md","1091","91_rejected_low_value","91_rejected_low_value","False","True","True","30","0","junk","removed_embedded_data_images; collapsed_blank_lines","url_006658"
"91_rejected_low_value\url_006659--eevblog.com-forum-projects-431.md","91_rejected_low_value\url_006659--eevblog.com-forum-projects-431.md","1091","91_rejected_low_value","91_rejected_low_value","False","True","True","30","0","junk","removed_embedded_data_images; collapsed_blank_lines","url_006659"
"91_rejected_low_value\url_006660--eevblog.com-forum-projects-432.md","91_rejected_low_value\url_006660--eevblog.com-forum-projects-432.md","1091","91_rejected_low_value","91_rejected_low_value","False","True","True","30","0","junk","removed_embedded_data_images; collapsed_blank_lines","url_006660"
"91_rejected_low_value\url_006661--eevblog.com-forum-projects-433.md","91_rejected_low_value\url_006661--eevblog.com-forum-projects-433.md","1091","91_rejected_low_value","91_rejected_low_value","False","True","True","30","0","junk","removed_embedded_data_images; collapsed_blank_lines","url_006661"
"91_rejected_low_value\url_006662--eevblog.com-forum-projects-434.md","91_rejected_low_value\url_006662--eevblog.com-forum-projects-434.md","1091","91_rejected_low_value","91_rejected_low_value","False","True","True","30","0","junk","removed_embedded_data_images; collapsed_blank_lines","url_006662"
"91_rejected_low_value\url_006663--eevblog.com-forum-projects-435.md","91_rejected_low_value\url_006663--eevblog.com-forum-projects-435.md","1091","91_rejected_low_value","91_rejected_low_value","False","True","True","30","0","junk","removed_embedded_data_images; collapsed_blank_lines","url_006663"
"91_rejected_low_value\url_006664--eevblog.com-forum-projects-436.md","91_rejected_low_value\url_006664--eevblog.com-forum-projects-436.md","1091","91_rejected_low_value","91_rejected_low_value","False","True","True","30","0","junk","removed_embedded_data_images; collapsed_blank_lines","url_006664"
"91_rejected_low_value\url_006665--eevblog.com-forum-projects-437.md","91_rejected_low_value\url_006665--eevblog.com-forum-projects-437.md","1091","91_rejected_low_value","91_rejected_low_value","False","True","True","30","0","junk","removed_embedded_data_images; collapsed_blank_lines","url_006665"
"91_rejected_low_value\url_006666--eevblog.com-forum-projects-438.md","91_rejected_low_value\url_006666--eevblog.com-forum-projects-438.md","1091","91_rejected_low_value","91_rejected_low_value","False","True","True","30","0","junk","removed_embedded_data_images; collapsed_blank_lines","url_006666"
"91_rejected_low_value\url_006667--eevblog.com-forum-projects-439.md","91_rejected_low_value\url_006667--eevblog.com-forum-projects-439.md","1091","91_rejected_low_value","91_rejected_low_value","False","True","True","30","0","junk","removed_embedded_data_images; collapsed_blank_lines","url_006667"
"91_rejected_low_value\url_006668--eevblog.com-forum-projects-440.md","91_rejected_low_value\url_006668--eevblog.com-forum-projects-440.md","1091","91_rejected_low_value","91_rejected_low_value","False","True","True","30","0","junk","removed_embedded_data_images; collapsed_blank_lines","url_006668"
"91_rejected_low_value\url_006669--eevblog.com-forum-projects-441.md","91_rejected_low_value\url_006669--eevblog.com-forum-projects-441.md","1091","91_rejected_low_value","91_rejected_low_value","False","True","True","30","0","junk","removed_embedded_data_images; collapsed_blank_lines","url_006669"
"91_rejected_low_value\url_006670--eevblog.com-forum-projects-442.md","91_rejected_low_value\url_006670--eevblog.com-forum-projects-442.md","1091","91_rejected_low_value","91_rejected_low_value","False","True","True","30","0","junk","removed_embedded_data_images; collapsed_blank_lines","url_006670"
"91_rejected_low_value\url_006671--eevblog.com-forum-projects-443.md","91_rejected_low_value\url_006671--eevblog.com-forum-projects-443.md","1091","91_rejected_low_value","91_rejected_low_value","False","True","True","30","0","junk","removed_embedded_data_images; collapsed_blank_lines","url_006671"
"91_rejected_low_value\url_006672--eevblog.com-forum-projects-444.md","91_rejected_low_value\url_006672--eevblog.com-forum-projects-444.md","1091","91_rejected_low_value","91_rejected_low_value","False","True","True","30","0","junk","removed_embedded_data_images; collapsed_blank_lines","url_006672"
"91_rejected_low_value\url_006673--eevblog.com-forum-projects-445.md","91_rejected_low_value\url_006673--eevblog.com-forum-projects-445.md","1091","91_rejected_low_value","91_rejected_low_value","False","True","True","30","0","junk","removed_embedded_data_images; collapsed_blank_lines","url_006673"
"91_rejected_low_value\url_006674--eevblog.com-forum-projects-446.md","91_rejected_low_value\url_006674--eevblog.com-forum-projects-446.md","1091","91_rejected_low_value","91_rejected_low_value","False","True","True","30","0","junk","removed_embedded_data_images; collapsed_blank_lines","url_006674"
"91_rejected_low_value\url_006675--eevblog.com-forum-projects-447.md","91_rejected_low_value\url_006675--eevblog.com-forum-projects-447.md","1091","91_rejected_low_value","91_rejected_low_value","False","True","True","30","0","junk","removed_embedded_data_images; collapsed_blank_lines","url_006675"
"91_rejected_low_value\url_006676--eevblog.com-forum-projects-448.md","91_rejected_low_value\url_006676--eevblog.com-forum-projects-448.md","1091","91_rejected_low_value","91_rejected_low_value","False","True","True","30","0","junk","removed_embedded_data_images; collapsed_blank_lines","url_006676"
"91_rejected_low_value\url_006677--eevblog.com-forum-projects-449.md","91_rejected_low_value\url_006677--eevblog.com-forum-projects-449.md","1091","91_rejected_low_value","91_rejected_low_value","False","True","True","30","0","junk","removed_embedded_data_images; collapsed_blank_lines","url_006677"
"91_rejected_low_value\url_006678--eevblog.com-forum-projects-450.md","91_rejected_low_value\url_006678--eevblog.com-forum-projects-450.md","1091","91_rejected_low_value","91_rejected_low_value","False","True","True","30","0","junk","removed_embedded_data_images; collapsed_blank_lines","url_006678"
"91_rejected_low_value\url_006679--eevblog.com-forum-projects-451.md","91_rejected_low_value\url_006679--eevblog.com-forum-projects-451.md","1091","91_rejected_low_value","91_rejected_low_value","False","True","True","30","0","junk","removed_embedded_data_images; collapsed_blank_lines","url_006679"
"91_rejected_low_value\url_006680--eevblog.com-forum-projects-452.md","91_rejected_low_value\url_006680--eevblog.com-forum-projects-452.md","1091","91_rejected_low_value","91_rejected_low_value","False","True","True","30","0","junk","removed_embedded_data_images; collapsed_blank_lines","url_006680"
"91_rejected_low_value\url_006681--eevblog.com-forum-projects-453.md","91_rejected_low_value\url_006681--eevblog.com-forum-projects-453.md","1091","91_rejected_low_value","91_rejected_low_value","False","True","True","30","0","junk","removed_embedded_data_images; collapsed_blank_lines","url_006681"
"91_rejected_low_value\url_006682--eevblog.com-forum-projects-454.md","91_rejected_low_value\url_006682--eevblog.com-forum-projects-454.md","1091","91_rejected_low_value","91_rejected_low_value","False","True","True","30","0","junk","removed_embedded_data_images; collapsed_blank_lines","url_006682"
"91_rejected_low_value\url_006683--eevblog.com-forum-projects-455.md","91_rejected_low_value\url_006683--eevblog.com-forum-projects-455.md","1091","91_rejected_low_value","91_rejected_low_value","False","True","True","30","0","junk","removed_embedded_data_images; collapsed_blank_lines","url_006683"
"91_rejected_low_value\url_006684--eevblog.com-forum-projects-456.md","91_rejected_low_value\url_006684--eevblog.com-forum-projects-456.md","1091","91_rejected_low_value","91_rejected_low_value","False","True","True","30","0","junk","removed_embedded_data_images; collapsed_blank_lines","url_006684"
"91_rejected_low_value\url_006685--eevblog.com-forum-projects-457.md","91_rejected_low_value\url_006685--eevblog.com-forum-projects-457.md","1091","91_rejected_low_value","91_rejected_low_value","False","True","True","30","0","junk","removed_embedded_data_images; collapsed_blank_lines","url_006685"
"91_rejected_low_value\url_006686--eevblog.com-forum-projects-458.md","91_rejected_low_value\url_006686--eevblog.com-forum-projects-458.md","1091","91_rejected_low_value","91_rejected_low_value","False","True","True","30","0","junk","removed_embedded_data_images; collapsed_blank_lines","url_006686"
"91_rejected_low_value\url_006687--eevblog.com-forum-projects-459.md","91_rejected_low_value\url_006687--eevblog.com-forum-projects-459.md","1091","91_rejected_low_value","91_rejected_low_value","False","True","True","30","0","junk","removed_embedded_data_images; collapsed_blank_lines","url_006687"
"91_rejected_low_value\url_006688--eevblog.com-forum-projects-460.md","91_rejected_low_value\url_006688--eevblog.com-forum-projects-460.md","1091","91_rejected_low_value","91_rejected_low_value","False","True","True","30","0","junk","removed_embedded_data_images; collapsed_blank_lines","url_006688"
"91_rejected_low_value\url_006689--eevblog.com-forum-projects-461.md","91_rejected_low_value\url_006689--eevblog.com-forum-projects-461.md","1091","91_rejected_low_value","91_rejected_low_value","False","True","True","30","0","junk","removed_embedded_data_images; collapsed_blank_lines","url_006689"
"91_rejected_low_value\url_006690--eevblog.com-forum-projects-462.md","91_rejected_low_value\url_006690--eevblog.com-forum-projects-462.md","1091","91_rejected_low_value","91_rejected_low_value","False","True","True","30","0","junk","removed_embedded_data_images; collapsed_blank_lines","url_006690"
"91_rejected_low_value\url_006691--eevblog.com-forum-projects-463.md","91_rejected_low_value\url_006691--eevblog.com-forum-projects-463.md","1091","91_rejected_low_value","91_rejected_low_value","False","True","True","30","0","junk","removed_embedded_data_images; collapsed_blank_lines","url_006691"
"91_rejected_low_value\url_006692--eevblog.com-forum-projects-464.md","91_rejected_low_value\url_006692--eevblog.com-forum-projects-464.md","1091","91_rejected_low_value","91_rejected_low_value","False","True","True","30","0","junk","removed_embedded_data_images; collapsed_blank_lines","url_006692"
"91_rejected_low_value\url_006693--eevblog.com-forum-projects-465.md","91_rejected_low_value\url_006693--eevblog.com-forum-projects-465.md","1091","91_rejected_low_value","91_rejected_low_value","False","True","True","30","0","junk","removed_embedded_data_images; collapsed_blank_lines","url_006693"
"91_rejected_low_value\url_006694--eevblog.com-forum-projects-466.md","91_rejected_low_value\url_006694--eevblog.com-forum-projects-466.md","1091","91_rejected_low_value","91_rejected_low_value","False","True","True","30","0","junk","removed_embedded_data_images; collapsed_blank_lines","url_006694"
"91_rejected_low_value\url_006695--eevblog.com-forum-projects-467.md","91_rejected_low_value\url_006695--eevblog.com-forum-projects-467.md","1091","91_rejected_low_value","91_rejected_low_value","False","True","True","30","0","junk","removed_embedded_data_images; collapsed_blank_lines","url_006695"
"91_rejected_low_value\url_006696--eevblog.com-forum-projects-468.md","91_rejected_low_value\url_006696--eevblog.com-forum-projects-468.md","1091","91_rejected_low_value","91_rejected_low_value","False","True","True","30","0","junk","removed_embedded_data_images; collapsed_blank_lines","url_006696"
"91_rejected_low_value\url_006697--eevblog.com-forum-projects-469.md","91_rejected_low_value\url_006697--eevblog.com-forum-projects-469.md","1091","91_rejected_low_value","91_rejected_low_value","False","True","True","30","0","junk","removed_embedded_data_images; collapsed_blank_lines","url_006697"
"91_rejected_low_value\url_006698--eevblog.com-forum-projects-470.md","91_rejected_low_value\url_006698--eevblog.com-forum-projects-470.md","1091","91_rejected_low_value","91_rejected_low_value","False","True","True","30","0","junk","removed_embedded_data_images; collapsed_blank_lines","url_006698"
"91_rejected_low_value\url_006699--eevblog.com-forum-projects-471.md","91_rejected_low_value\url_006699--eevblog.com-forum-projects-471.md","1091","91_rejected_low_value","91_rejected_low_value","False","True","True","30","0","junk","removed_embedded_data_images; collapsed_blank_lines","url_006699"
"91_rejected_low_value\url_006700--eevblog.com-forum-projects-472.md","91_rejected_low_value\url_006700--eevblog.com-forum-projects-472.md","1091","91_rejected_low_value","91_rejected_low_value","False","True","True","30","0","junk","removed_embedded_data_images; collapsed_blank_lines","url_006700"
"91_rejected_low_value\url_006701--eevblog.com-forum-projects-473.md","91_rejected_low_value\url_006701--eevblog.com-forum-projects-473.md","1091","91_rejected_low_value","91_rejected_low_value","False","True","True","30","0","junk","removed_embedded_data_images; collapsed_blank_lines","url_006701"
"91_rejected_low_value\url_006702--eevblog.com-forum-projects-474.md","91_rejected_low_value\url_006702--eevblog.com-forum-projects-474.md","1091","91_rejected_low_value","91_rejected_low_value","False","True","True","30","0","junk","removed_embedded_data_images; collapsed_blank_lines","url_006702"
"91_rejected_low_value\url_006703--eevblog.com-forum-projects-475.md","91_rejected_low_value\url_006703--eevblog.com-forum-projects-475.md","1091","91_rejected_low_value","91_rejected_low_value","False","True","True","30","0","junk","removed_embedded_data_images; collapsed_blank_lines","url_006703"
"91_rejected_low_value\url_006704--eevblog.com-forum-projects-476.md","91_rejected_low_value\url_006704--eevblog.com-forum-projects-476.md","1091","91_rejected_low_value","91_rejected_low_value","False","True","True","30","0","junk","removed_embedded_data_images; collapsed_blank_lines","url_006704"
"91_rejected_low_value\url_006705--eevblog.com-forum-projects-477.md","91_rejected_low_value\url_006705--eevblog.com-forum-projects-477.md","1091","91_rejected_low_value","91_rejected_low_value","False","True","True","30","0","junk","removed_embedded_data_images; collapsed_blank_lines","url_006705"
"91_rejected_low_value\url_006706--eevblog.com-forum-projects-478.md","91_rejected_low_value\url_006706--eevblog.com-forum-projects-478.md","1091","91_rejected_low_value","91_rejected_low_value","False","True","True","30","0","junk","removed_embedded_data_images; collapsed_blank_lines","url_006706"
"91_rejected_low_value\url_006707--eevblog.com-forum-projects-479.md","91_rejected_low_value\url_006707--eevblog.com-forum-projects-479.md","1091","91_rejected_low_value","91_rejected_low_value","False","True","True","30","0","junk","removed_embedded_data_images; collapsed_blank_lines","url_006707"
"91_rejected_low_value\url_006708--eevblog.com-forum-projects-480.md","91_rejected_low_value\url_006708--eevblog.com-forum-projects-480.md","1091","91_rejected_low_value","91_rejected_low_value","False","True","True","30","0","junk","removed_embedded_data_images; collapsed_blank_lines","url_006708"
"91_rejected_low_value\url_006709--eevblog.com-forum-projects-481.md","91_rejected_low_value\url_006709--eevblog.com-forum-projects-481.md","1091","91_rejected_low_value","91_rejected_low_value","False","True","True","30","0","junk","removed_embedded_data_images; collapsed_blank_lines","url_006709"
"91_rejected_low_value\url_006710--eevblog.com-forum-projects-482.md","91_rejected_low_value\url_006710--eevblog.com-forum-projects-482.md","1091","91_rejected_low_value","91_rejected_low_value","False","True","True","30","0","junk","removed_embedded_data_images; collapsed_blank_lines","url_006710"
"91_rejected_low_value\url_006711--eevblog.com-forum-projects-483.md","91_rejected_low_value\url_006711--eevblog.com-forum-projects-483.md","1091","91_rejected_low_value","91_rejected_low_value","False","True","True","30","0","junk","removed_embedded_data_images; collapsed_blank_lines","url_006711"
"91_rejected_low_value\url_006712--eevblog.com-forum-projects-484.md","91_rejected_low_value\url_006712--eevblog.com-forum-projects-484.md","1091","91_rejected_low_value","91_rejected_low_value","False","True","True","30","0","junk","removed_embedded_data_images; collapsed_blank_lines","url_006712"
"91_rejected_low_value\url_006713--eevblog.com-forum-projects-485.md","91_rejected_low_value\url_006713--eevblog.com-forum-projects-485.md","1091","91_rejected_low_value","91_rejected_low_value","False","True","True","30","0","junk","removed_embedded_data_images; collapsed_blank_lines","url_006713"
"91_rejected_low_value\url_006714--eevblog.com-forum-projects-486.md","91_rejected_low_value\url_006714--eevblog.com-forum-projects-486.md","1091","91_rejected_low_value","91_rejected_low_value","False","True","True","30","0","junk","removed_embedded_data_images; collapsed_blank_lines","url_006714"
"91_rejected_low_value\url_006715--eevblog.com-forum-projects-487.md","91_rejected_low_value\url_006715--eevblog.com-forum-projects-487.md","1091","91_rejected_low_value","91_rejected_low_value","False","True","True","30","0","junk","removed_embedded_data_images; collapsed_blank_lines","url_006715"
"91_rejected_low_value\url_006716--eevblog.com-forum-projects-488.md","91_rejected_low_value\url_006716--eevblog.com-forum-projects-488.md","1091","91_rejected_low_value","91_rejected_low_value","False","True","True","30","0","junk","removed_embedded_data_images; collapsed_blank_lines","url_006716"
"91_rejected_low_value\url_006717--eevblog.com-forum-projects-489.md","91_rejected_low_value\url_006717--eevblog.com-forum-projects-489.md","1091","91_rejected_low_value","91_rejected_low_value","False","True","True","30","0","junk","removed_embedded_data_images; collapsed_blank_lines","url_006717"
"91_rejected_low_value\url_006718--eevblog.com-forum-projects-490.md","91_rejected_low_value\url_006718--eevblog.com-forum-projects-490.md","1091","91_rejected_low_value","91_rejected_low_value","False","True","True","30","0","junk","removed_embedded_data_images; collapsed_blank_lines","url_006718"
"91_rejected_low_value\url_006719--eevblog.com-forum-projects-491.md","91_rejected_low_value\url_006719--eevblog.com-forum-projects-491.md","1091","91_rejected_low_value","91_rejected_low_value","False","True","True","30","0","junk","removed_embedded_data_images; collapsed_blank_lines","url_006719"
"91_rejected_low_value\url_006720--eevblog.com-forum-projects-492.md","91_rejected_low_value\url_006720--eevblog.com-forum-projects-492.md","1091","91_rejected_low_value","91_rejected_low_value","False","True","True","30","0","junk","removed_embedded_data_images; collapsed_blank_lines","url_006720"
"91_rejected_low_value\url_006721--eevblog.com-forum-projects-493.md","91_rejected_low_value\url_006721--eevblog.com-forum-projects-493.md","1091","91_rejected_low_value","91_rejected_low_value","False","True","True","30","0","junk","removed_embedded_data_images; collapsed_blank_lines","url_006721"
"91_rejected_low_value\url_006722--eevblog.com-forum-projects-494.md","91_rejected_low_value\url_006722--eevblog.com-forum-projects-494.md","1091","91_rejected_low_value","91_rejected_low_value","False","True","True","30","0","junk","removed_embedded_data_images; collapsed_blank_lines","url_006722"
"91_rejected_low_value\url_006723--eevblog.com-forum-projects-495.md","91_rejected_low_value\url_006723--eevblog.com-forum-projects-495.md","1091","91_rejected_low_value","91_rejected_low_value","False","True","True","30","0","junk","removed_embedded_data_images; collapsed_blank_lines","url_006723"
"91_rejected_low_value\url_006724--eevblog.com-forum-projects-496.md","91_rejected_low_value\url_006724--eevblog.com-forum-projects-496.md","1091","91_rejected_low_value","91_rejected_low_value","False","True","True","30","0","junk","removed_embedded_data_images; collapsed_blank_lines","url_006724"
"91_rejected_low_value\url_006725--eevblog.com-forum-projects-497.md","91_rejected_low_value\url_006725--eevblog.com-forum-projects-497.md","1091","91_rejected_low_value","91_rejected_low_value","False","True","True","30","0","junk","removed_embedded_data_images; collapsed_blank_lines","url_006725"
"91_rejected_low_value\url_006726--eevblog.com-forum-projects-498.md","91_rejected_low_value\url_006726--eevblog.com-forum-projects-498.md","1091","91_rejected_low_value","91_rejected_low_value","False","True","True","30","0","junk","removed_embedded_data_images; collapsed_blank_lines","url_006726"
"91_rejected_low_value\url_006727--eevblog.com-forum-projects-499.md","91_rejected_low_value\url_006727--eevblog.com-forum-projects-499.md","1091","91_rejected_low_value","91_rejected_low_value","False","True","True","30","0","junk","removed_embedded_data_images; collapsed_blank_lines","url_006727"
"91_rejected_low_value\url_006728--eevblog.com-forum-projects-buck-converter-layout-review.md","91_rejected_low_value\url_006728--eevblog.com-forum-projects-buck-converter-layout-review.md","56085","91_rejected_low_value","91_rejected_low_value","False","True","True","8757","539","junk","removed_junk_div_or_span_blocks; stripped_div_tags; stripped_span_tags; removed_junk_lines=221; collapsed_blank_lines","url_006728"
"91_rejected_low_value\url_006729--eevblog.com-forum-projects-buck-converter-noise.md","91_rejected_low_value\url_006729--eevblog.com-forum-projects-buck-converter-noise.md","5511","91_rejected_low_value","91_rejected_low_value","False","True","True","103","0","junk","removed_embedded_data_images; removed_junk_lines=14; collapsed_blank_lines","url_006729"
"91_rejected_low_value\url_006730--eevblog.com-forum-projects-esp32-antenna-layout.md","91_rejected_low_value\url_006730--eevblog.com-forum-projects-esp32-antenna-layout.md","5511","91_rejected_low_value","91_rejected_low_value","False","True","True","103","0","junk","removed_embedded_data_images; removed_junk_lines=14; collapsed_blank_lines","url_006730"
"91_rejected_low_value\url_006731--eevblog.com-forum-projects-esp32-pcb-layout-review.md","91_rejected_low_value\url_006731--eevblog.com-forum-projects-esp32-pcb-layout-review.md","5526","91_rejected_low_value","91_rejected_low_value","False","True","True","103","0","junk","removed_embedded_data_images; removed_junk_lines=14; collapsed_blank_lines","url_006731"
"91_rejected_low_value\url_006732--eevblog.com-forum-projects-pcb-layout-review.md","91_rejected_low_value\url_006732--eevblog.com-forum-projects-pcb-layout-review.md","5496","91_rejected_low_value","91_rejected_low_value","False","True","True","103","0","junk","removed_embedded_data_images; removed_junk_lines=14; collapsed_blank_lines","url_006732"
"91_rejected_low_value\url_006733--eevblog.com-forum-projects-rf-layout-review.md","91_rejected_low_value\url_006733--eevblog.com-forum-projects-rf-layout-review.md","5491","91_rejected_low_value","91_rejected_low_value","False","True","True","103","0","junk","removed_embedded_data_images; removed_junk_lines=14; collapsed_blank_lines","url_006733"
"91_rejected_low_value\url_006734--eevblog.com-forum-projects-schematic-and-pcb-review.md","91_rejected_low_value\url_006734--eevblog.com-forum-projects-schematic-and-pcb-review.md","5531","91_rejected_low_value","91_rejected_low_value","False","True","True","103","0","junk","removed_embedded_data_images; removed_junk_lines=14; collapsed_blank_lines","url_006734"
"91_rejected_low_value\url_006735--eevblog.com-forum-projects-usb-c-design-review.md","91_rejected_low_value\url_006735--eevblog.com-forum-projects-usb-c-design-review.md","5506","91_rejected_low_value","91_rejected_low_value","False","True","True","103","0","junk","removed_embedded_data_images; removed_junk_lines=14; collapsed_blank_lines","url_006735"
"91_rejected_low_value\url_006736--electronicdesign.com-technologies-power-article-21144363-power-supply-layout-and-emi.md","91_rejected_low_value\url_006736--electronicdesign.com-technologies-power-article-21144363-power-supply-layout-and-emi.md","10451","91_rejected_low_value","91_rejected_low_value","False","True","True","1291","1","junk","removed_junk_div_or_span_blocks; stripped_div_tags; stripped_span_tags; removed_junk_lines=14; collapsed_blank_lines","url_006736"
"91_rejected_low_value\url_006906--fastturnpcbs.com-blog-usb-type-c-pcb-design-guide.md","91_rejected_low_value\url_006906--fastturnpcbs.com-blog-usb-type-c-pcb-design-guide.md","36418","91_rejected_low_value","91_rejected_low_value","False","True","True","4008","74","junk","removed_style_blocks; removed_junk_div_or_span_blocks; stripped_div_tags; stripped_span_tags; removed_junk_lines=16; collapsed_blank_lines","url_006906"
"91_rejected_low_value\url_006907--fedevel.com-index.md","91_rejected_low_value\url_006907--fedevel.com-index.md","21290","91_rejected_low_value","91_rejected_low_value","False","True","True","1614","41","junk","removed_junk_div_or_span_blocks; stripped_div_tags; stripped_span_tags; removed_embedded_data_images; removed_junk_lines=10; collapsed_blank_lines","url_006907"
"91_rejected_low_value\url_006910--fedevel.com-blog.md","91_rejected_low_value\url_006910--fedevel.com-blog.md","304120","91_rejected_low_value","91_rejected_low_value","False","True","True","22568","0","junk","removed_embedded_data_images; removed_junk_lines=8; collapsed_blank_lines","url_006910"
"91_rejected_low_value\url_006911--fedevel.com-courses-learn-to-design-your-own-boards.md","91_rejected_low_value\url_006911--fedevel.com-courses-learn-to-design-your-own-boards.md","12107","91_rejected_low_value","91_rejected_low_value","False","True","True","1391","0","junk","removed_embedded_data_images; removed_junk_lines=43; collapsed_blank_lines","url_006911"
"91_rejected_low_value\url_006912--fedevel.com-forum.md","91_rejected_low_value\url_006912--fedevel.com-forum.md","4304","91_rejected_low_value","91_rejected_low_value","False","True","True","284","0","junk","removed_embedded_data_images; removed_junk_lines=2; collapsed_blank_lines","url_006912"
"91_rejected_low_value\url_007019--infineon.com-cms-en-product-evaluation-boards-cy4533.md","91_rejected_low_value\url_007019--infineon.com-cms-en-product-evaluation-boards-cy4533.md","204655","91_rejected_low_value","91_rejected_low_value","False","False","True","8035","0","junk","removed_junk_lines=493; collapsed_blank_lines","url_007019"
"91_rejected_low_value\url_007020--infineon.com-cms-en-product-microcontroller.md","91_rejected_low_value\url_007020--infineon.com-cms-en-product-microcontroller.md","213430","91_rejected_low_value","91_rejected_low_value","False","False","True","8317","0","junk","removed_junk_lines=487; collapsed_blank_lines","url_007020"
"91_rejected_low_value\url_007021--infineon.com-cms-en-product-microcontroller-32-bit-psoc-arm-cortex-microcontroller.md","91_rejected_low_value\url_007021--infineon.com-cms-en-product-microcontroller-32-bit-psoc-arm-cortex-microcontroller.md","224601","91_rejected_low_value","91_rejected_low_value","False","False","True","9548","0","junk","removed_junk_lines=488; collapsed_blank_lines","url_007021"
"91_rejected_low_value\url_007022--infineon.com-cms-en-product-microcontroller-32-bit-tricore-microcontroller.md","91_rejected_low_value\url_007022--infineon.com-cms-en-product-microcontroller-32-bit-tricore-microcontroller.md","223876","91_rejected_low_value","91_rejected_low_value","False","False","True","9755","0","junk","removed_junk_lines=491; collapsed_blank_lines","url_007022"
"91_rejected_low_value\url_007025--infineon.com-cms-en-product-packages.md","91_rejected_low_value\url_007025--infineon.com-cms-en-product-packages.md","219445","91_rejected_low_value","91_rejected_low_value","False","False","True","8061","0","junk","removed_junk_lines=521; collapsed_blank_lines","url_007025"
"91_rejected_low_value\url_007026--infineon.com-cms-en-product-power-dc-dc-converters.md","91_rejected_low_value\url_007026--infineon.com-cms-en-product-power-dc-dc-converters.md","214570","91_rejected_low_value","91_rejected_low_value","False","False","True","9072","0","junk","removed_junk_lines=488; collapsed_blank_lines","url_007026"
"91_rejected_low_value\url_007029--intel.com-content-www-us-en-content-details-613768-high-speed-usb-platform-design-guidelines.html.md","91_rejected_low_value\url_007029--intel.com-content-www-us-en-content-details-613768-high-speed-usb-platform-design-guidelines.html.md","2438","91_rejected_low_value","91_rejected_low_value","False","True","True","202","0","junk","removed_junk_div_or_span_blocks; stripped_div_tags; stripped_span_tags; collapsed_blank_lines","url_007029"
"91_rejected_low_value\url_007966--monolithicpower.com-en-mp1584.html.md","91_rejected_low_value\url_007966--monolithicpower.com-en-mp1584.html.md","1060","91_rejected_low_value","91_rejected_low_value","False","False","True","36","0","junk","removed_junk_lines=2; collapsed_blank_lines","url_007966"
"91_rejected_low_value\url_007967--monolithicpower.com-en-mp2145.html.md","91_rejected_low_value\url_007967--monolithicpower.com-en-mp2145.html.md","1060","91_rejected_low_value","91_rejected_low_value","False","False","True","36","0","junk","removed_junk_lines=2; collapsed_blank_lines","url_007967"
"91_rejected_low_value\url_007968--monolithicpower.com-en-mp2315.html.md","91_rejected_low_value\url_007968--monolithicpower.com-en-mp2315.html.md","1060","91_rejected_low_value","91_rejected_low_value","False","False","True","36","0","junk","removed_junk_lines=2; collapsed_blank_lines","url_007968"
"91_rejected_low_value\url_007969--monolithicpower.com-en-mpm3610.html.md","91_rejected_low_value\url_007969--monolithicpower.com-en-mpm3610.html.md","1064","91_rejected_low_value","91_rejected_low_value","False","False","True","36","0","junk","removed_junk_lines=2; collapsed_blank_lines","url_007969"
"91_rejected_low_value\url_008205--omnicalculator.com-other-pcb-trace-width.md","91_rejected_low_value\url_008205--omnicalculator.com-other-pcb-trace-width.md","75556","91_rejected_low_value","91_rejected_low_value","False","True","True","1941","57","junk","removed_style_blocks; removed_junk_div_or_span_blocks; stripped_div_tags; stripped_span_tags; removed_junk_lines=10; collapsed_blank_lines","url_008205"
"91_rejected_low_value\url_008214--pasternack.com-t-calculator-microstrip.aspx.md","91_rejected_low_value\url_008214--pasternack.com-t-calculator-microstrip.aspx.md","846","91_rejected_low_value","91_rejected_low_value","False","False","False","0","0","junk",,"url_008214"
"91_rejected_low_value\url_008230--pcbway.com-pcb_prototype-PCB_Assembly.html.md","91_rejected_low_value\url_008230--pcbway.com-pcb_prototype-PCB_Assembly.html.md","838","91_rejected_low_value","91_rejected_low_value","False","False","False","0","0","junk",,"url_008230"
"91_rejected_low_value\url_008231--pcbway.com-pcb_prototype-PCB_Capabilities.html.md","91_rejected_low_value\url_008231--pcbway.com-pcb_prototype-PCB_Capabilities.html.md","854","91_rejected_low_value","91_rejected_low_value","False","False","False","0","0","junk",,"url_008231"
"91_rejected_low_value\url_008233--pcbway.com-pcb_prototype-PCB_Impedance_Control.html.md","91_rejected_low_value\url_008233--pcbway.com-pcb_prototype-PCB_Impedance_Control.html.md","874","91_rejected_low_value","91_rejected_low_value","False","False","False","0","0","junk",,"url_008233"
"91_rejected_low_value\url_008254--reddit.com-r-AskElectronics-search.md","91_rejected_low_value\url_008254--reddit.com-r-AskElectronics-search.md","980","91_rejected_low_value","91_rejected_low_value","False","True","True","0","0","junk","removed_embedded_data_images; collapsed_blank_lines","url_008254"
"91_rejected_low_value\url_008256--reddit.com-r-ElectricalEngineering-search.md","91_rejected_low_value\url_008256--reddit.com-r-ElectricalEngineering-search.md","1034","91_rejected_low_value","91_rejected_low_value","False","True","True","0","0","junk","removed_embedded_data_images; collapsed_blank_lines","url_008256"
"91_rejected_low_value\url_008258--reddit.com-r-embedded-search.md","91_rejected_low_value\url_008258--reddit.com-r-embedded-search.md","978","91_rejected_low_value","91_rejected_low_value","False","True","True","0","0","junk","removed_embedded_data_images; collapsed_blank_lines","url_008258"
"91_rejected_low_value\url_008261--reddit.com-r-esp32-search.md","91_rejected_low_value\url_008261--reddit.com-r-esp32-search.md","946","91_rejected_low_value","91_rejected_low_value","False","True","True","0","0","junk","removed_embedded_data_images; collapsed_blank_lines","url_008261"
"91_rejected_low_value\url_008267--reddit.com-r-KiCad-search.md","91_rejected_low_value\url_008267--reddit.com-r-KiCad-search.md","936","91_rejected_low_value","91_rejected_low_value","False","True","True","0","0","junk","removed_embedded_data_images; collapsed_blank_lines","url_008267"
"91_rejected_low_value\url_008276--reddit.com-r-PrintedCircuitBoard-search.md","91_rejected_low_value\url_008276--reddit.com-r-PrintedCircuitBoard-search.md","994","91_rejected_low_value","91_rejected_low_value","False","True","True","0","0","junk","removed_embedded_data_images; collapsed_blank_lines","url_008276"
"91_rejected_low_value\url_008383--richtek.com-Design-20Support-Technical-20Document-AN003.md","91_rejected_low_value\url_008383--richtek.com-Design-20Support-Technical-20Document-AN003.md","65627","91_rejected_low_value","91_rejected_low_value","False","True","True","9827","109","junk","removed_style_blocks; removed_junk_div_or_span_blocks; stripped_div_tags; stripped_span_tags; removed_junk_lines=113; collapsed_blank_lines","url_008383"
"91_rejected_low_value\url_008394--signalintegrityjournal.com-index.md","91_rejected_low_value\url_008394--signalintegrityjournal.com-index.md","45619","91_rejected_low_value","91_rejected_low_value","False","True","True","4194","42","junk","removed_junk_div_or_span_blocks; stripped_div_tags; stripped_span_tags; removed_junk_lines=57; collapsed_blank_lines","url_008394"
"91_rejected_low_value\url_008508--snapeda.com-index.md","91_rejected_low_value\url_008508--snapeda.com-index.md","11897","91_rejected_low_value","91_rejected_low_value","False","True","True","963","0","junk","removed_embedded_data_images; removed_junk_lines=25; collapsed_blank_lines","url_008508"
"91_rejected_low_value\url_008511--snapeda.com-kicad.md","91_rejected_low_value\url_008511--snapeda.com-kicad.md","6691","91_rejected_low_value","91_rejected_low_value","False","True","True","321","0","junk","removed_embedded_data_images; removed_junk_lines=6; collapsed_blank_lines","url_008511"
"91_rejected_low_value\url_008536--snapeda.com-search.md","91_rejected_low_value\url_008536--snapeda.com-search.md","11490","91_rejected_low_value","91_rejected_low_value","False","True","True","761","0","junk","removed_embedded_data_images; removed_junk_lines=42; collapsed_blank_lines","url_008536"
"91_rejected_low_value\url_009652--sunstone.com-pcb-capabilities.md","91_rejected_low_value\url_009652--sunstone.com-pcb-capabilities.md","1126","91_rejected_low_value","91_rejected_low_value","False","True","True","24","0","junk","removed_junk_div_or_span_blocks; stripped_div_tags; stripped_span_tags; collapsed_blank_lines","url_009652"
"91_rejected_low_value\url_009919--ti.com-lit-pdf-slla414.md","91_rejected_low_value\url_009919--ti.com-lit-pdf-slla414.md","754","91_rejected_low_value","91_rejected_low_value","False","False","False","0","0","junk",,"url_009919"
"91_rejected_low_value\url_009920--ti.com-lit-pdf-sllu149.md","91_rejected_low_value\url_009920--ti.com-lit-pdf-sllu149.md","754","91_rejected_low_value","91_rejected_low_value","False","False","False","0","0","junk",,"url_009920"
"91_rejected_low_value\url_009921--ti.com-lit-pdf-spraar7.md","91_rejected_low_value\url_009921--ti.com-lit-pdf-spraar7.md","754","91_rejected_low_value","91_rejected_low_value","False","False","False","0","0","junk",,"url_009921"
"91_rejected_low_value\url_009926--ti.com-packaging-docs-searchtipackages.tsp.md","91_rejected_low_value\url_009926--ti.com-packaging-docs-searchtipackages.tsp.md","1125","91_rejected_low_value","91_rejected_low_value","False","False","True","27","0","junk","removed_junk_lines=3; collapsed_blank_lines","url_009926"
"91_rejected_low_value\url_009928--ti.com-product-CC2642R.md","91_rejected_low_value\url_009928--ti.com-product-CC2642R.md","50240","91_rejected_low_value","91_rejected_low_value","False","False","True","3959","0","junk","removed_junk_lines=81; collapsed_blank_lines","url_009928"
"91_rejected_low_value\url_009929--ti.com-product-CC2652R.md","91_rejected_low_value\url_009929--ti.com-product-CC2652R.md","56165","91_rejected_low_value","91_rejected_low_value","False","False","True","4275","0","junk","removed_junk_lines=98; collapsed_blank_lines","url_009929"
"91_rejected_low_value\url_009930--ti.com-product-MSP430FR2355.md","91_rejected_low_value\url_009930--ti.com-product-MSP430FR2355.md","51788","91_rejected_low_value","91_rejected_low_value","False","False","True","4498","0","junk","removed_junk_lines=65; collapsed_blank_lines","url_009930"
"91_rejected_low_value\url_009931--ti.com-product-MSP430FR5994.md","91_rejected_low_value\url_009931--ti.com-product-MSP430FR5994.md","40699","91_rejected_low_value","91_rejected_low_value","False","False","True","3089","0","junk","removed_junk_lines=37; collapsed_blank_lines","url_009931"
"91_rejected_low_value\url_010032--ti.com-product-MSP430G2553.md","91_rejected_low_value\url_010032--ti.com-product-MSP430G2553.md","31357","91_rejected_low_value","91_rejected_low_value","False","False","True","2418","0","junk","removed_junk_lines=57; collapsed_blank_lines","url_010032"
"91_rejected_low_value\url_010033--ti.com-product-TMS320F280049C.md","91_rejected_low_value\url_010033--ti.com-product-TMS320F280049C.md","79276","91_rejected_low_value","91_rejected_low_value","False","False","True","5781","0","junk","removed_junk_lines=162; collapsed_blank_lines","url_010033"
"91_rejected_low_value\url_010034--ti.com-product-TMS320F28379D.md","91_rejected_low_value\url_010034--ti.com-product-TMS320F28379D.md","76753","91_rejected_low_value","91_rejected_low_value","False","False","True","5261","0","junk","removed_junk_lines=142; collapsed_blank_lines","url_010034"
"91_rejected_low_value\url_010035--ti.com-product-TPS54202.md","91_rejected_low_value\url_010035--ti.com-product-TPS54202.md","21353","91_rejected_low_value","91_rejected_low_value","False","False","True","1123","0","junk","removed_junk_lines=4; collapsed_blank_lines","url_010035"
"91_rejected_low_value\url_010036--ti.com-product-TPS54302.md","91_rejected_low_value\url_010036--ti.com-product-TPS54302.md","20164","91_rejected_low_value","91_rejected_low_value","False","False","True","1059","0","junk","removed_junk_lines=2; collapsed_blank_lines","url_010036"
"91_rejected_low_value\url_010037--ti.com-product-TPS562201.md","91_rejected_low_value\url_010037--ti.com-product-TPS562201.md","22674","91_rejected_low_value","91_rejected_low_value","False","False","True","1287","0","junk","removed_junk_lines=5; collapsed_blank_lines","url_010037"
"91_rejected_low_value\url_010038--ti.com-product-TPS563201.md","91_rejected_low_value\url_010038--ti.com-product-TPS563201.md","21635","91_rejected_low_value","91_rejected_low_value","False","False","True","1131","0","junk","removed_junk_lines=2; collapsed_blank_lines","url_010038"
"91_rejected_low_value\url_010039--ti.com-product-TPS62177.md","91_rejected_low_value\url_010039--ti.com-product-TPS62177.md","24823","91_rejected_low_value","91_rejected_low_value","False","False","True","1583","0","junk","removed_junk_lines=12; collapsed_blank_lines","url_010039"
"91_rejected_low_value\url_010040--ti.com-product-TPS62827.md","91_rejected_low_value\url_010040--ti.com-product-TPS62827.md","20910","91_rejected_low_value","91_rejected_low_value","False","False","True","1231","0","junk","removed_junk_lines=3; collapsed_blank_lines","url_010040"
"91_rejected_low_value\url_010041--ti.com-product-TPS62840.md","91_rejected_low_value\url_010041--ti.com-product-TPS62840.md","26810","91_rejected_low_value","91_rejected_low_value","False","False","True","1668","0","junk","removed_junk_lines=35; collapsed_blank_lines","url_010041"
"91_rejected_low_value\url_010042--ti.com-product-TPS62933.md","91_rejected_low_value\url_010042--ti.com-product-TPS62933.md","23775","91_rejected_low_value","91_rejected_low_value","False","False","True","1617","0","junk","removed_junk_lines=2; collapsed_blank_lines","url_010042"
"91_rejected_low_value\url_010043--ti.com-tool-TPS54202EVM-716.md","91_rejected_low_value\url_010043--ti.com-tool-TPS54202EVM-716.md","4283","91_rejected_low_value","91_rejected_low_value","False","False","True","352","0","junk","removed_junk_lines=2; collapsed_blank_lines","url_010043"
"91_rejected_low_value\url_010044--ti.com-tool-TPS54302EVM-716.md","91_rejected_low_value\url_010044--ti.com-tool-TPS54302EVM-716.md","4249","91_rejected_low_value","91_rejected_low_value","False","False","True","348","0","junk","removed_junk_lines=2; collapsed_blank_lines","url_010044"
"91_rejected_low_value\url_010047--ti.com-tool-WEBENCH-POWER-DESIGNER.md","91_rejected_low_value\url_010047--ti.com-tool-WEBENCH-POWER-DESIGNER.md","5003","91_rejected_low_value","91_rejected_low_value","False","False","True","337","0","junk","removed_junk_lines=20; collapsed_blank_lines","url_010047"
"91_rejected_low_value\url_010048--ultralibrarian.com-index.md","91_rejected_low_value\url_010048--ultralibrarian.com-index.md","21455","91_rejected_low_value","91_rejected_low_value","False","True","True","1413","0","junk","removed_embedded_data_images; removed_junk_lines=83; collapsed_blank_lines","url_010048"
"91_rejected_low_value\url_010049--ultralibrarian.com-cad-vendors-kicad.md","91_rejected_low_value\url_010049--ultralibrarian.com-cad-vendors-kicad.md","12583","91_rejected_low_value","91_rejected_low_value","False","False","True","650","0","junk","removed_junk_lines=62; collapsed_blank_lines","url_010049"
"91_rejected_low_value\url_010061--usb.org-documents.md","91_rejected_low_value\url_010061--usb.org-documents.md","53509","91_rejected_low_value","91_rejected_low_value","False","True","True","8713","329","junk","removed_junk_div_or_span_blocks; stripped_div_tags; stripped_span_tags; removed_junk_lines=228; collapsed_blank_lines","url_010061"
"91_rejected_low_value\url_010063--usb.org-usb-charger-pd.md","91_rejected_low_value\url_010063--usb.org-usb-charger-pd.md","6354","91_rejected_low_value","91_rejected_low_value","False","True","False","796","0","junk","stripped_div_tags; stripped_span_tags; collapsed_blank_lines","url_010063"
"91_rejected_low_value\url_010065--wch-ic.com-products-CH32V003.html.md","91_rejected_low_value\url_010065--wch-ic.com-products-CH32V003.html.md","929","91_rejected_low_value","91_rejected_low_value","False","False","False","17","0","junk","collapsed_blank_lines","url_010065"
"91_rejected_low_value\url_010066--wch-ic.com-products-CH32V203.html.md","91_rejected_low_value\url_010066--wch-ic.com-products-CH32V203.html.md","929","91_rejected_low_value","91_rejected_low_value","False","False","False","17","0","junk","collapsed_blank_lines","url_010066"
"91_rejected_low_value\url_010067--wch-ic.com-products-CH32V307.html.md","91_rejected_low_value\url_010067--wch-ic.com-products-CH32V307.html.md","929","91_rejected_low_value","91_rejected_low_value","False","False","False","17","0","junk","collapsed_blank_lines","url_010067"
"91_rejected_low_value\url_010068--wch-ic.com-products-CH32X035.html.md","91_rejected_low_value\url_010068--wch-ic.com-products-CH32X035.html.md","929","91_rejected_low_value","91_rejected_low_value","False","False","False","17","0","junk","collapsed_blank_lines","url_010068"
"91_rejected_low_value\url_010069--we-online.com-en-components-products-WE-TVSP.md","91_rejected_low_value\url_010069--we-online.com-en-components-products-WE-TVSP.md","6947","91_rejected_low_value","91_rejected_low_value","False","True","True","382","0","junk","removed_embedded_data_images; removed_junk_lines=12; collapsed_blank_lines","url_010069"
"91_rejected_low_value\url_010071--we-online.com-en-support-knowledge-application-notes.md","91_rejected_low_value\url_010071--we-online.com-en-support-knowledge-application-notes.md","7239","91_rejected_low_value","91_rejected_low_value","False","True","True","514","0","junk","removed_embedded_data_images; removed_junk_lines=55; collapsed_blank_lines","url_010071"
