file,url_index_id,source_domain,dest_category,recovery_reason,source_url
url_000016--dev-docs.kicad.org-en-contribute-index.html.md,url_000016,dev-docs.kicad.org,01_kicad_core,kicad_docs,https://dev-docs.kicad.org/en/contribute/index.html
url_000052--docs.espressif.com-projects-esp-idf-en-latest-esp32-api-reference-index.html.md,url_000052,docs.espressif.com,05_esp32_espressif,espressif,https://docs.espressif.com/projects/esp-idf/en/latest/esp32/api-reference/index.html
url_000060--docs.espressif.com-projects-esp-idf-en-latest-esp32s3-api-guides-wifi.html.md,url_000060,docs.espressif.com,05_esp32_espressif,espressif,https://docs.espressif.com/projects/esp-idf/en/latest/esp32s3/api-guides/wifi.html
url_000061--docs.espressif.com-projects-esp-idf-en-latest-esp32s3-api-reference-peripherals-adc_oneshot.html.md,url_000061,docs.espressif.com,05_esp32_espressif,espressif,https://docs.espressif.com/projects/esp-idf/en/latest/esp32s3/api-reference/peripherals/adc_oneshot.html
url_000069--docs.espressif.com-projects-esp-idf-en-latest-esp32s3-api-reference-peripherals-usb_device.html.md,url_000069,docs.espressif.com,05_esp32_espressif,espressif,https://docs.espressif.com/projects/esp-idf/en/latest/esp32s3/api-reference/peripherals/usb_device.html
url_000074--docs.espressif.com-projects-esp-idf-en-latest-esp32s3-hw-reference-index.html.md,url_000074,docs.espressif.com,05_esp32_espressif,espressif,https://docs.espressif.com/projects/esp-idf/en/latest/esp32s3/hw-reference/index.html
url_000076--docs.espressif.com-projects-esp-iot-solution-en-latest-usb-usb_overview-usb_overview.html.md,url_000076,docs.espressif.com,05_esp32_espressif,espressif,https://docs.espressif.com/projects/esp-iot-solution/en/latest/usb/usb_overview/usb_overview.html
url_000720--docs.kicad.org-9.0-en-eeschema-eeschema.html.md,url_000720,docs.kicad.org,01_kicad_core,kicad_docs,https://docs.kicad.org/9.0/en/eeschema/eeschema.html
url_000731--docs.kicad.org-9.0-en-pcbnew-pcbnew.html.md,url_000731,docs.kicad.org,01_kicad_core,kicad_docs,https://docs.kicad.org/9.0/en/pcbnew/pcbnew.html
url_000950--docs.kicad.org-doxygen-python-9.0.md,url_000950,docs.kicad.org,02_kicad_python_api,kicad_doxygen,https://docs.kicad.org/doxygen-python-9.0/
url_001065--docs.oshpark.com-troubleshooting.md,url_001065,docs.oshpark.com,10_dfm_fabrication_assembly,fabricator_dfm,https://docs.oshpark.com/troubleshooting/
url_001674--electronics.stackexchange.com-questions-tagged-differential.md,url_001674,electronics.stackexchange.com,12_forums_peer_review,stackexchange_tag,https://electronics.stackexchange.com/questions/tagged/differential
url_001675--electronics.stackexchange.com-questions-tagged-emc.md,url_001675,electronics.stackexchange.com,12_forums_peer_review,stackexchange_tag,https://electronics.stackexchange.com/questions/tagged/emc
url_001676--electronics.stackexchange.com-questions-tagged-emi.md,url_001676,electronics.stackexchange.com,12_forums_peer_review,stackexchange_tag,https://electronics.stackexchange.com/questions/tagged/emi
url_001679--electronics.stackexchange.com-questions-tagged-grounding.md,url_001679,electronics.stackexchange.com,12_forums_peer_review,stackexchange_tag,https://electronics.stackexchange.com/questions/tagged/grounding
url_001680--electronics.stackexchange.com-questions-tagged-ground-plane.md,url_001680,electronics.stackexchange.com,12_forums_peer_review,stackexchange_tag,https://electronics.stackexchange.com/questions/tagged/ground-plane
url_001681--electronics.stackexchange.com-questions-tagged-kicad.md,url_001681,electronics.stackexchange.com,12_forums_peer_review,stackexchange_tag,https://electronics.stackexchange.com/questions/tagged/kicad
url_001682--electronics.stackexchange.com-questions-tagged-pcb.md,url_001682,electronics.stackexchange.com,12_forums_peer_review,stackexchange_tag,https://electronics.stackexchange.com/questions/tagged/pcb
url_001683--electronics.stackexchange.com-questions-tagged-pcb-design.md,url_001683,electronics.stackexchange.com,12_forums_peer_review,stackexchange_tag,https://electronics.stackexchange.com/questions/tagged/pcb-design
url_001684--electronics.stackexchange.com-questions-tagged-pcb-layout.md,url_001684,electronics.stackexchange.com,12_forums_peer_review,stackexchange_tag,https://electronics.stackexchange.com/questions/tagged/pcb-layout
url_001685--electronics.stackexchange.com-questions-tagged-rf.md,url_001685,electronics.stackexchange.com,12_forums_peer_review,stackexchange_tag,https://electronics.stackexchange.com/questions/tagged/rf
url_001686--electronics.stackexchange.com-questions-tagged-signal-integrity.md,url_001686,electronics.stackexchange.com,12_forums_peer_review,stackexchange_tag,https://electronics.stackexchange.com/questions/tagged/signal-integrity
url_001688--electronics.stackexchange.com-questions-tagged-usb.md,url_001688,electronics.stackexchange.com,12_forums_peer_review,stackexchange_tag,https://electronics.stackexchange.com/questions/tagged/usb
url_001689--electronics.stackexchange.com-questions-tagged-usb-c.md,url_001689,electronics.stackexchange.com,12_forums_peer_review,stackexchange_tag,https://electronics.stackexchange.com/questions/tagged/usb-c
url_001986--forum.kicad.info-c-pcbnew-20.md,url_001986,forum.kicad.info,12_forums_peer_review,kicad_forum_index,https://forum.kicad.info/c/pcbnew/20
url_002902--github.com-atopile-kicad-python.md,url_002902,github.com,02_kicad_python_api,kicad_source_or_python,https://github.com/atopile/kicad-python
url_002904--github.com-espressif-esp-dev-kits.md,url_002904,github.com,05_esp32_espressif,espressif,https://github.com/espressif/esp-dev-kits
url_002905--github.com-espressif-esp-dev-kits-tree-master-docs.md,url_002905,github.com,05_esp32_espressif,espressif,https://github.com/espressif/esp-dev-kits/tree/master/docs
url_002908--github.com-espressif-esp-hardware-design-guidelines.md,url_002908,github.com,05_esp32_espressif,espressif,https://github.com/espressif/esp-hardware-design-guidelines
url_002909--github.com-espressif-esp-idf.md,url_002909,github.com,05_esp32_espressif,espressif,https://github.com/espressif/esp-idf
url_002910--github.com-espressif-esp-idf-tree-master-examples-peripherals-uart.md,url_002910,github.com,05_esp32_espressif,espressif,https://github.com/espressif/esp-idf/tree/master/examples/peripherals/uart
url_002911--github.com-espressif-esp-idf-tree-master-examples-peripherals-usb-device.md,url_002911,github.com,05_esp32_espressif,espressif,https://github.com/espressif/esp-idf/tree/master/examples/peripherals/usb/device
url_002912--github.com-espressif-esp-idf-tree-master-examples-system-deep_sleep.md,url_002912,github.com,05_esp32_espressif,espressif,https://github.com/espressif/esp-idf/tree/master/examples/system/deep_sleep
url_002913--github.com-espressif-esp-idf-tree-master-examples-wifi.md,url_002913,github.com,05_esp32_espressif,espressif,https://github.com/espressif/esp-idf/tree/master/examples/wifi
url_002914--github.com-KiCad-kicad-source-mirror.md,url_002914,github.com,02_kicad_python_api,kicad_source_or_python,https://github.com/KiCad/kicad-source-mirror
url_002915--github.com-KiCad-kicad-source-mirror-tree-master-pcbnew.md,url_002915,github.com,02_kicad_python_api,kicad_source_or_python,https://github.com/KiCad/kicad-source-mirror/tree/master/pcbnew
url_002916--github.com-KiCad-kicad-source-mirror-tree-master-pcbnew-python.md,url_002916,github.com,02_kicad_python_api,kicad_source_or_python,https://github.com/KiCad/kicad-source-mirror/tree/master/pcbnew/python
url_002920--gitlab.com-kicad-code-kicad.md,url_002920,gitlab.com,02_kicad_python_api,kicad_source_or_python,https://gitlab.com/kicad/code/kicad
url_002924--gitlab.com-kicad-code-kicad-issues.md,url_002924,gitlab.com,02_kicad_python_api,kicad_source_or_python,https://gitlab.com/kicad/code/kicad/-/issues/?search=router
url_002925--gitlab.com-kicad-code-kicad-tree-master-pcbnew.md,url_002925,gitlab.com,02_kicad_python_api,kicad_source_or_python,https://gitlab.com/kicad/code/kicad/-/tree/master/pcbnew
url_002926--gitlab.com-kicad-code-kicad-tree-master-pcbnew-swig.md,url_002926,gitlab.com,02_kicad_python_api,kicad_source_or_python,https://gitlab.com/kicad/code/kicad/-/tree/master/pcbnew/swig
url_002927--gitlab.com-kicad-code-kicad-tree-master-qa.md,url_002927,gitlab.com,02_kicad_python_api,kicad_source_or_python,https://gitlab.com/kicad/code/kicad/-/tree/master/qa
url_002928--gitlab.com-kicad-code-kicad-tree-master-tools.md,url_002928,gitlab.com,02_kicad_python_api,kicad_source_or_python,https://gitlab.com/kicad/code/kicad/-/tree/master/tools
url_002929--gitlab.com-kicad-code-kicad-python-blob-main-README.md.md,url_002929,gitlab.com,02_kicad_python_api,kicad_source_or_python,https://gitlab.com/kicad/code/kicad-python/-/blob/main/README.md
url_002930--gitlab.com-kicad-code-kicad-python-issues.md,url_002930,gitlab.com,02_kicad_python_api,kicad_source_or_python,https://gitlab.com/kicad/code/kicad-python/-/issues
url_002931--gitlab.com-kicad-code-kicad-python-tree-main.md,url_002931,gitlab.com,02_kicad_python_api,kicad_source_or_python,https://gitlab.com/kicad/code/kicad-python/-/tree/main
url_002932--gitlab.com-kicad-libraries.md,url_002932,gitlab.com,04_kicad_libraries_symbols_footprints,gitlab_kicad_libraries,https://gitlab.com/kicad/libraries
url_002933--gitlab.com-kicad-libraries-kicad-footprints.md,url_002933,gitlab.com,04_kicad_libraries_symbols_footprints,gitlab_kicad_libraries,https://gitlab.com/kicad/libraries/kicad-footprints
url_002934--gitlab.com-kicad-libraries-kicad-footprints-tree-master-Battery-Battery_SMD_1.md,url_002934,gitlab.com,04_kicad_libraries_symbols_footprints,gitlab_kicad_libraries,https://gitlab.com/kicad/libraries/kicad-footprints/-/tree/master/Battery/Battery_SMD_1
url_002935--gitlab.com-kicad-libraries-kicad-footprints-tree-master-Battery-Battery_SMD_10.md,url_002935,gitlab.com,04_kicad_libraries_symbols_footprints,gitlab_kicad_libraries,https://gitlab.com/kicad/libraries/kicad-footprints/-/tree/master/Battery/Battery_SMD_10
url_002936--gitlab.com-kicad-libraries-kicad-footprints-tree-master-Battery-Battery_SMD_11.md,url_002936,gitlab.com,04_kicad_libraries_symbols_footprints,gitlab_kicad_libraries,https://gitlab.com/kicad/libraries/kicad-footprints/-/tree/master/Battery/Battery_SMD_11
url_002937--gitlab.com-kicad-libraries-kicad-footprints-tree-master-Battery-Battery_SMD_12.md,url_002937,gitlab.com,04_kicad_libraries_symbols_footprints,gitlab_kicad_libraries,https://gitlab.com/kicad/libraries/kicad-footprints/-/tree/master/Battery/Battery_SMD_12
url_002938--gitlab.com-kicad-libraries-kicad-footprints-tree-master-Battery-Battery_SMD_2.md,url_002938,gitlab.com,04_kicad_libraries_symbols_footprints,gitlab_kicad_libraries,https://gitlab.com/kicad/libraries/kicad-footprints/-/tree/master/Battery/Battery_SMD_2
url_002939--gitlab.com-kicad-libraries-kicad-footprints-tree-master-Battery-Battery_SMD_3.md,url_002939,gitlab.com,04_kicad_libraries_symbols_footprints,gitlab_kicad_libraries,https://gitlab.com/kicad/libraries/kicad-footprints/-/tree/master/Battery/Battery_SMD_3
url_002940--gitlab.com-kicad-libraries-kicad-footprints-tree-master-Battery-Battery_SMD_4.md,url_002940,gitlab.com,04_kicad_libraries_symbols_footprints,gitlab_kicad_libraries,https://gitlab.com/kicad/libraries/kicad-footprints/-/tree/master/Battery/Battery_SMD_4
url_002941--gitlab.com-kicad-libraries-kicad-footprints-tree-master-Battery-Battery_SMD_5.md,url_002941,gitlab.com,04_kicad_libraries_symbols_footprints,gitlab_kicad_libraries,https://gitlab.com/kicad/libraries/kicad-footprints/-/tree/master/Battery/Battery_SMD_5
url_002942--gitlab.com-kicad-libraries-kicad-footprints-tree-master-Battery-Battery_SMD_6.md,url_002942,gitlab.com,04_kicad_libraries_symbols_footprints,gitlab_kicad_libraries,https://gitlab.com/kicad/libraries/kicad-footprints/-/tree/master/Battery/Battery_SMD_6
url_002943--gitlab.com-kicad-libraries-kicad-footprints-tree-master-Battery-Battery_SMD_7.md,url_002943,gitlab.com,04_kicad_libraries_symbols_footprints,gitlab_kicad_libraries,https://gitlab.com/kicad/libraries/kicad-footprints/-/tree/master/Battery/Battery_SMD_7
url_002944--gitlab.com-kicad-libraries-kicad-footprints-tree-master-Battery-Battery_SMD_8.md,url_002944,gitlab.com,04_kicad_libraries_symbols_footprints,gitlab_kicad_libraries,https://gitlab.com/kicad/libraries/kicad-footprints/-/tree/master/Battery/Battery_SMD_8
url_002945--gitlab.com-kicad-libraries-kicad-footprints-tree-master-Battery-Battery_SMD_9.md,url_002945,gitlab.com,04_kicad_libraries_symbols_footprints,gitlab_kicad_libraries,https://gitlab.com/kicad/libraries/kicad-footprints/-/tree/master/Battery/Battery_SMD_9
url_002946--gitlab.com-kicad-libraries-kicad-footprints-tree-master-Capacitor-Capacitor_SMD_1.md,url_002946,gitlab.com,04_kicad_libraries_symbols_footprints,gitlab_kicad_libraries,https://gitlab.com/kicad/libraries/kicad-footprints/-/tree/master/Capacitor/Capacitor_SMD_1
url_002947--gitlab.com-kicad-libraries-kicad-footprints-tree-master-Capacitor-Capacitor_SMD_10.md,url_002947,gitlab.com,04_kicad_libraries_symbols_footprints,gitlab_kicad_libraries,https://gitlab.com/kicad/libraries/kicad-footprints/-/tree/master/Capacitor/Capacitor_SMD_10
url_002948--gitlab.com-kicad-libraries-kicad-footprints-tree-master-Capacitor-Capacitor_SMD_11.md,url_002948,gitlab.com,04_kicad_libraries_symbols_footprints,gitlab_kicad_libraries,https://gitlab.com/kicad/libraries/kicad-footprints/-/tree/master/Capacitor/Capacitor_SMD_11
url_002949--gitlab.com-kicad-libraries-kicad-footprints-tree-master-Capacitor-Capacitor_SMD_12.md,url_002949,gitlab.com,04_kicad_libraries_symbols_footprints,gitlab_kicad_libraries,https://gitlab.com/kicad/libraries/kicad-footprints/-/tree/master/Capacitor/Capacitor_SMD_12
url_002950--gitlab.com-kicad-libraries-kicad-footprints-tree-master-Capacitor-Capacitor_SMD_2.md,url_002950,gitlab.com,04_kicad_libraries_symbols_footprints,gitlab_kicad_libraries,https://gitlab.com/kicad/libraries/kicad-footprints/-/tree/master/Capacitor/Capacitor_SMD_2
url_002951--gitlab.com-kicad-libraries-kicad-footprints-tree-master-Capacitor-Capacitor_SMD_3.md,url_002951,gitlab.com,04_kicad_libraries_symbols_footprints,gitlab_kicad_libraries,https://gitlab.com/kicad/libraries/kicad-footprints/-/tree/master/Capacitor/Capacitor_SMD_3
url_002952--gitlab.com-kicad-libraries-kicad-footprints-tree-master-Capacitor-Capacitor_SMD_4.md,url_002952,gitlab.com,04_kicad_libraries_symbols_footprints,gitlab_kicad_libraries,https://gitlab.com/kicad/libraries/kicad-footprints/-/tree/master/Capacitor/Capacitor_SMD_4
url_002953--gitlab.com-kicad-libraries-kicad-footprints-tree-master-Capacitor-Capacitor_SMD_5.md,url_002953,gitlab.com,04_kicad_libraries_symbols_footprints,gitlab_kicad_libraries,https://gitlab.com/kicad/libraries/kicad-footprints/-/tree/master/Capacitor/Capacitor_SMD_5
url_002954--gitlab.com-kicad-libraries-kicad-footprints-tree-master-Capacitor-Capacitor_SMD_6.md,url_002954,gitlab.com,04_kicad_libraries_symbols_footprints,gitlab_kicad_libraries,https://gitlab.com/kicad/libraries/kicad-footprints/-/tree/master/Capacitor/Capacitor_SMD_6
url_002955--gitlab.com-kicad-libraries-kicad-footprints-tree-master-Capacitor-Capacitor_SMD_7.md,url_002955,gitlab.com,04_kicad_libraries_symbols_footprints,gitlab_kicad_libraries,https://gitlab.com/kicad/libraries/kicad-footprints/-/tree/master/Capacitor/Capacitor_SMD_7
url_002956--gitlab.com-kicad-libraries-kicad-footprints-tree-master-Capacitor-Capacitor_SMD_8.md,url_002956,gitlab.com,04_kicad_libraries_symbols_footprints,gitlab_kicad_libraries,https://gitlab.com/kicad/libraries/kicad-footprints/-/tree/master/Capacitor/Capacitor_SMD_8
url_002957--gitlab.com-kicad-libraries-kicad-footprints-tree-master-Capacitor-Capacitor_SMD_9.md,url_002957,gitlab.com,04_kicad_libraries_symbols_footprints,gitlab_kicad_libraries,https://gitlab.com/kicad/libraries/kicad-footprints/-/tree/master/Capacitor/Capacitor_SMD_9
url_002958--gitlab.com-kicad-libraries-kicad-footprints-tree-master-Connector-Connector_01x01.md,url_002958,gitlab.com,04_kicad_libraries_symbols_footprints,gitlab_kicad_libraries,https://gitlab.com/kicad/libraries/kicad-footprints/-/tree/master/Connector/Connector_01x01
url_002959--gitlab.com-kicad-libraries-kicad-footprints-tree-master-Connector-Connector_01x02.md,url_002959,gitlab.com,04_kicad_libraries_symbols_footprints,gitlab_kicad_libraries,https://gitlab.com/kicad/libraries/kicad-footprints/-/tree/master/Connector/Connector_01x02
url_002960--gitlab.com-kicad-libraries-kicad-footprints-tree-master-Connector-Connector_01x03.md,url_002960,gitlab.com,04_kicad_libraries_symbols_footprints,gitlab_kicad_libraries,https://gitlab.com/kicad/libraries/kicad-footprints/-/tree/master/Connector/Connector_01x03
url_002961--gitlab.com-kicad-libraries-kicad-footprints-tree-master-Connector-Connector_01x04.md,url_002961,gitlab.com,04_kicad_libraries_symbols_footprints,gitlab_kicad_libraries,https://gitlab.com/kicad/libraries/kicad-footprints/-/tree/master/Connector/Connector_01x04
url_002962--gitlab.com-kicad-libraries-kicad-footprints-tree-master-Connector-Connector_01x05.md,url_002962,gitlab.com,04_kicad_libraries_symbols_footprints,gitlab_kicad_libraries,https://gitlab.com/kicad/libraries/kicad-footprints/-/tree/master/Connector/Connector_01x05
url_002963--gitlab.com-kicad-libraries-kicad-footprints-tree-master-Connector-Connector_01x06.md,url_002963,gitlab.com,04_kicad_libraries_symbols_footprints,gitlab_kicad_libraries,https://gitlab.com/kicad/libraries/kicad-footprints/-/tree/master/Connector/Connector_01x06
url_002964--gitlab.com-kicad-libraries-kicad-footprints-tree-master-Connector-Connector_01x07.md,url_002964,gitlab.com,04_kicad_libraries_symbols_footprints,gitlab_kicad_libraries,https://gitlab.com/kicad/libraries/kicad-footprints/-/tree/master/Connector/Connector_01x07
url_002965--gitlab.com-kicad-libraries-kicad-footprints-tree-master-Connector-Connector_01x08.md,url_002965,gitlab.com,04_kicad_libraries_symbols_footprints,gitlab_kicad_libraries,https://gitlab.com/kicad/libraries/kicad-footprints/-/tree/master/Connector/Connector_01x08
url_002966--gitlab.com-kicad-libraries-kicad-footprints-tree-master-Connector-Connector_01x09.md,url_002966,gitlab.com,04_kicad_libraries_symbols_footprints,gitlab_kicad_libraries,https://gitlab.com/kicad/libraries/kicad-footprints/-/tree/master/Connector/Connector_01x09
url_002967--gitlab.com-kicad-libraries-kicad-footprints-tree-master-Connector-Connector_01x10.md,url_002967,gitlab.com,04_kicad_libraries_symbols_footprints,gitlab_kicad_libraries,https://gitlab.com/kicad/libraries/kicad-footprints/-/tree/master/Connector/Connector_01x10
url_002968--gitlab.com-kicad-libraries-kicad-footprints-tree-master-Connector-Connector_01x100.md,url_002968,gitlab.com,04_kicad_libraries_symbols_footprints,gitlab_kicad_libraries,https://gitlab.com/kicad/libraries/kicad-footprints/-/tree/master/Connector/Connector_01x100
url_002969--gitlab.com-kicad-libraries-kicad-footprints-tree-master-Connector-Connector_01x11.md,url_002969,gitlab.com,04_kicad_libraries_symbols_footprints,gitlab_kicad_libraries,https://gitlab.com/kicad/libraries/kicad-footprints/-/tree/master/Connector/Connector_01x11
url_002970--gitlab.com-kicad-libraries-kicad-footprints-tree-master-Connector-Connector_01x12.md,url_002970,gitlab.com,04_kicad_libraries_symbols_footprints,gitlab_kicad_libraries,https://gitlab.com/kicad/libraries/kicad-footprints/-/tree/master/Connector/Connector_01x12
url_002971--gitlab.com-kicad-libraries-kicad-footprints-tree-master-Connector-Connector_01x13.md,url_002971,gitlab.com,04_kicad_libraries_symbols_footprints,gitlab_kicad_libraries,https://gitlab.com/kicad/libraries/kicad-footprints/-/tree/master/Connector/Connector_01x13
url_002972--gitlab.com-kicad-libraries-kicad-footprints-tree-master-Connector-Connector_01x14.md,url_002972,gitlab.com,04_kicad_libraries_symbols_footprints,gitlab_kicad_libraries,https://gitlab.com/kicad/libraries/kicad-footprints/-/tree/master/Connector/Connector_01x14
url_002973--gitlab.com-kicad-libraries-kicad-footprints-tree-master-Connector-Connector_01x15.md,url_002973,gitlab.com,04_kicad_libraries_symbols_footprints,gitlab_kicad_libraries,https://gitlab.com/kicad/libraries/kicad-footprints/-/tree/master/Connector/Connector_01x15
url_002974--gitlab.com-kicad-libraries-kicad-footprints-tree-master-Connector-Connector_01x16.md,url_002974,gitlab.com,04_kicad_libraries_symbols_footprints,gitlab_kicad_libraries,https://gitlab.com/kicad/libraries/kicad-footprints/-/tree/master/Connector/Connector_01x16
url_002975--gitlab.com-kicad-libraries-kicad-footprints-tree-master-Connector-Connector_01x17.md,url_002975,gitlab.com,04_kicad_libraries_symbols_footprints,gitlab_kicad_libraries,https://gitlab.com/kicad/libraries/kicad-footprints/-/tree/master/Connector/Connector_01x17
url_002976--gitlab.com-kicad-libraries-kicad-footprints-tree-master-Connector-Connector_01x18.md,url_002976,gitlab.com,04_kicad_libraries_symbols_footprints,gitlab_kicad_libraries,https://gitlab.com/kicad/libraries/kicad-footprints/-/tree/master/Connector/Connector_01x18
url_002977--gitlab.com-kicad-libraries-kicad-footprints-tree-master-Connector-Connector_01x19.md,url_002977,gitlab.com,04_kicad_libraries_symbols_footprints,gitlab_kicad_libraries,https://gitlab.com/kicad/libraries/kicad-footprints/-/tree/master/Connector/Connector_01x19
url_002978--gitlab.com-kicad-libraries-kicad-footprints-tree-master-Connector-Connector_01x20.md,url_002978,gitlab.com,04_kicad_libraries_symbols_footprints,gitlab_kicad_libraries,https://gitlab.com/kicad/libraries/kicad-footprints/-/tree/master/Connector/Connector_01x20
url_002979--gitlab.com-kicad-libraries-kicad-footprints-tree-master-Connector-Connector_01x21.md,url_002979,gitlab.com,04_kicad_libraries_symbols_footprints,gitlab_kicad_libraries,https://gitlab.com/kicad/libraries/kicad-footprints/-/tree/master/Connector/Connector_01x21
url_002980--gitlab.com-kicad-libraries-kicad-footprints-tree-master-Connector-Connector_01x22.md,url_002980,gitlab.com,04_kicad_libraries_symbols_footprints,gitlab_kicad_libraries,https://gitlab.com/kicad/libraries/kicad-footprints/-/tree/master/Connector/Connector_01x22
url_002981--gitlab.com-kicad-libraries-kicad-footprints-tree-master-Connector-Connector_01x23.md,url_002981,gitlab.com,04_kicad_libraries_symbols_footprints,gitlab_kicad_libraries,https://gitlab.com/kicad/libraries/kicad-footprints/-/tree/master/Connector/Connector_01x23
url_002982--gitlab.com-kicad-libraries-kicad-footprints-tree-master-Connector-Connector_01x24.md,url_002982,gitlab.com,04_kicad_libraries_symbols_footprints,gitlab_kicad_libraries,https://gitlab.com/kicad/libraries/kicad-footprints/-/tree/master/Connector/Connector_01x24
url_002983--gitlab.com-kicad-libraries-kicad-footprints-tree-master-Connector-Connector_01x25.md,url_002983,gitlab.com,04_kicad_libraries_symbols_footprints,gitlab_kicad_libraries,https://gitlab.com/kicad/libraries/kicad-footprints/-/tree/master/Connector/Connector_01x25
url_002984--gitlab.com-kicad-libraries-kicad-footprints-tree-master-Connector-Connector_01x26.md,url_002984,gitlab.com,04_kicad_libraries_symbols_footprints,gitlab_kicad_libraries,https://gitlab.com/kicad/libraries/kicad-footprints/-/tree/master/Connector/Connector_01x26
url_002985--gitlab.com-kicad-libraries-kicad-footprints-tree-master-Connector-Connector_01x27.md,url_002985,gitlab.com,04_kicad_libraries_symbols_footprints,gitlab_kicad_libraries,https://gitlab.com/kicad/libraries/kicad-footprints/-/tree/master/Connector/Connector_01x27
url_002986--gitlab.com-kicad-libraries-kicad-footprints-tree-master-Connector-Connector_01x28.md,url_002986,gitlab.com,04_kicad_libraries_symbols_footprints,gitlab_kicad_libraries,https://gitlab.com/kicad/libraries/kicad-footprints/-/tree/master/Connector/Connector_01x28
url_002987--gitlab.com-kicad-libraries-kicad-footprints-tree-master-Connector-Connector_01x29.md,url_002987,gitlab.com,04_kicad_libraries_symbols_footprints,gitlab_kicad_libraries,https://gitlab.com/kicad/libraries/kicad-footprints/-/tree/master/Connector/Connector_01x29
url_002988--gitlab.com-kicad-libraries-kicad-footprints-tree-master-Connector-Connector_01x30.md,url_002988,gitlab.com,04_kicad_libraries_symbols_footprints,gitlab_kicad_libraries,https://gitlab.com/kicad/libraries/kicad-footprints/-/tree/master/Connector/Connector_01x30
url_002989--gitlab.com-kicad-libraries-kicad-footprints-tree-master-Connector-Connector_01x31.md,url_002989,gitlab.com,04_kicad_libraries_symbols_footprints,gitlab_kicad_libraries,https://gitlab.com/kicad/libraries/kicad-footprints/-/tree/master/Connector/Connector_01x31
url_002990--gitlab.com-kicad-libraries-kicad-footprints-tree-master-Connector-Connector_01x32.md,url_002990,gitlab.com,04_kicad_libraries_symbols_footprints,gitlab_kicad_libraries,https://gitlab.com/kicad/libraries/kicad-footprints/-/tree/master/Connector/Connector_01x32
url_002991--gitlab.com-kicad-libraries-kicad-footprints-tree-master-Connector-Connector_01x33.md,url_002991,gitlab.com,04_kicad_libraries_symbols_footprints,gitlab_kicad_libraries,https://gitlab.com/kicad/libraries/kicad-footprints/-/tree/master/Connector/Connector_01x33
url_002992--gitlab.com-kicad-libraries-kicad-footprints-tree-master-Connector-Connector_01x34.md,url_002992,gitlab.com,04_kicad_libraries_symbols_footprints,gitlab_kicad_libraries,https://gitlab.com/kicad/libraries/kicad-footprints/-/tree/master/Connector/Connector_01x34
url_002993--gitlab.com-kicad-libraries-kicad-footprints-tree-master-Connector-Connector_01x35.md,url_002993,gitlab.com,04_kicad_libraries_symbols_footprints,gitlab_kicad_libraries,https://gitlab.com/kicad/libraries/kicad-footprints/-/tree/master/Connector/Connector_01x35
url_002994--gitlab.com-kicad-libraries-kicad-footprints-tree-master-Connector-Connector_01x36.md,url_002994,gitlab.com,04_kicad_libraries_symbols_footprints,gitlab_kicad_libraries,https://gitlab.com/kicad/libraries/kicad-footprints/-/tree/master/Connector/Connector_01x36
url_002995--gitlab.com-kicad-libraries-kicad-footprints-tree-master-Connector-Connector_01x37.md,url_002995,gitlab.com,04_kicad_libraries_symbols_footprints,gitlab_kicad_libraries,https://gitlab.com/kicad/libraries/kicad-footprints/-/tree/master/Connector/Connector_01x37
url_002996--gitlab.com-kicad-libraries-kicad-footprints-tree-master-Connector-Connector_01x38.md,url_002996,gitlab.com,04_kicad_libraries_symbols_footprints,gitlab_kicad_libraries,https://gitlab.com/kicad/libraries/kicad-footprints/-/tree/master/Connector/Connector_01x38
url_002997--gitlab.com-kicad-libraries-kicad-footprints-tree-master-Connector-Connector_01x39.md,url_002997,gitlab.com,04_kicad_libraries_symbols_footprints,gitlab_kicad_libraries,https://gitlab.com/kicad/libraries/kicad-footprints/-/tree/master/Connector/Connector_01x39
url_002998--gitlab.com-kicad-libraries-kicad-footprints-tree-master-Connector-Connector_01x40.md,url_002998,gitlab.com,04_kicad_libraries_symbols_footprints,gitlab_kicad_libraries,https://gitlab.com/kicad/libraries/kicad-footprints/-/tree/master/Connector/Connector_01x40
url_002999--gitlab.com-kicad-libraries-kicad-footprints-tree-master-Connector-Connector_01x41.md,url_002999,gitlab.com,04_kicad_libraries_symbols_footprints,gitlab_kicad_libraries,https://gitlab.com/kicad/libraries/kicad-footprints/-/tree/master/Connector/Connector_01x41
url_003000--gitlab.com-kicad-libraries-kicad-footprints-tree-master-Connector-Connector_01x42.md,url_003000,gitlab.com,04_kicad_libraries_symbols_footprints,gitlab_kicad_libraries,https://gitlab.com/kicad/libraries/kicad-footprints/-/tree/master/Connector/Connector_01x42
url_003001--gitlab.com-kicad-libraries-kicad-footprints-tree-master-Connector-Connector_01x43.md,url_003001,gitlab.com,04_kicad_libraries_symbols_footprints,gitlab_kicad_libraries,https://gitlab.com/kicad/libraries/kicad-footprints/-/tree/master/Connector/Connector_01x43
url_003002--gitlab.com-kicad-libraries-kicad-footprints-tree-master-Connector-Connector_01x44.md,url_003002,gitlab.com,04_kicad_libraries_symbols_footprints,gitlab_kicad_libraries,https://gitlab.com/kicad/libraries/kicad-footprints/-/tree/master/Connector/Connector_01x44
url_003003--gitlab.com-kicad-libraries-kicad-footprints-tree-master-Connector-Connector_01x45.md,url_003003,gitlab.com,04_kicad_libraries_symbols_footprints,gitlab_kicad_libraries,https://gitlab.com/kicad/libraries/kicad-footprints/-/tree/master/Connector/Connector_01x45
url_003004--gitlab.com-kicad-libraries-kicad-footprints-tree-master-Connector-Connector_01x46.md,url_003004,gitlab.com,04_kicad_libraries_symbols_footprints,gitlab_kicad_libraries,https://gitlab.com/kicad/libraries/kicad-footprints/-/tree/master/Connector/Connector_01x46
url_003005--gitlab.com-kicad-libraries-kicad-footprints-tree-master-Connector-Connector_01x47.md,url_003005,gitlab.com,04_kicad_libraries_symbols_footprints,gitlab_kicad_libraries,https://gitlab.com/kicad/libraries/kicad-footprints/-/tree/master/Connector/Connector_01x47
url_003006--gitlab.com-kicad-libraries-kicad-footprints-tree-master-Connector-Connector_01x48.md,url_003006,gitlab.com,04_kicad_libraries_symbols_footprints,gitlab_kicad_libraries,https://gitlab.com/kicad/libraries/kicad-footprints/-/tree/master/Connector/Connector_01x48
url_003007--gitlab.com-kicad-libraries-kicad-footprints-tree-master-Connector-Connector_01x49.md,url_003007,gitlab.com,04_kicad_libraries_symbols_footprints,gitlab_kicad_libraries,https://gitlab.com/kicad/libraries/kicad-footprints/-/tree/master/Connector/Connector_01x49
url_003008--gitlab.com-kicad-libraries-kicad-footprints-tree-master-Connector-Connector_01x50.md,url_003008,gitlab.com,04_kicad_libraries_symbols_footprints,gitlab_kicad_libraries,https://gitlab.com/kicad/libraries/kicad-footprints/-/tree/master/Connector/Connector_01x50
url_003009--gitlab.com-kicad-libraries-kicad-footprints-tree-master-Connector-Connector_01x51.md,url_003009,gitlab.com,04_kicad_libraries_symbols_footprints,gitlab_kicad_libraries,https://gitlab.com/kicad/libraries/kicad-footprints/-/tree/master/Connector/Connector_01x51
url_003010--gitlab.com-kicad-libraries-kicad-footprints-tree-master-Connector-Connector_01x52.md,url_003010,gitlab.com,04_kicad_libraries_symbols_footprints,gitlab_kicad_libraries,https://gitlab.com/kicad/libraries/kicad-footprints/-/tree/master/Connector/Connector_01x52
url_003011--gitlab.com-kicad-libraries-kicad-footprints-tree-master-Connector-Connector_01x53.md,url_003011,gitlab.com,04_kicad_libraries_symbols_footprints,gitlab_kicad_libraries,https://gitlab.com/kicad/libraries/kicad-footprints/-/tree/master/Connector/Connector_01x53
url_003012--gitlab.com-kicad-libraries-kicad-footprints-tree-master-Connector-Connector_01x54.md,url_003012,gitlab.com,04_kicad_libraries_symbols_footprints,gitlab_kicad_libraries,https://gitlab.com/kicad/libraries/kicad-footprints/-/tree/master/Connector/Connector_01x54
url_003013--gitlab.com-kicad-libraries-kicad-footprints-tree-master-Connector-Connector_01x55.md,url_003013,gitlab.com,04_kicad_libraries_symbols_footprints,gitlab_kicad_libraries,https://gitlab.com/kicad/libraries/kicad-footprints/-/tree/master/Connector/Connector_01x55
url_003014--gitlab.com-kicad-libraries-kicad-footprints-tree-master-Connector-Connector_01x56.md,url_003014,gitlab.com,04_kicad_libraries_symbols_footprints,gitlab_kicad_libraries,https://gitlab.com/kicad/libraries/kicad-footprints/-/tree/master/Connector/Connector_01x56
url_003015--gitlab.com-kicad-libraries-kicad-footprints-tree-master-Connector-Connector_01x57.md,url_003015,gitlab.com,04_kicad_libraries_symbols_footprints,gitlab_kicad_libraries,https://gitlab.com/kicad/libraries/kicad-footprints/-/tree/master/Connector/Connector_01x57
url_003016--gitlab.com-kicad-libraries-kicad-footprints-tree-master-Connector-Connector_01x58.md,url_003016,gitlab.com,04_kicad_libraries_symbols_footprints,gitlab_kicad_libraries,https://gitlab.com/kicad/libraries/kicad-footprints/-/tree/master/Connector/Connector_01x58
url_003017--gitlab.com-kicad-libraries-kicad-footprints-tree-master-Connector-Connector_01x59.md,url_003017,gitlab.com,04_kicad_libraries_symbols_footprints,gitlab_kicad_libraries,https://gitlab.com/kicad/libraries/kicad-footprints/-/tree/master/Connector/Connector_01x59
url_003018--gitlab.com-kicad-libraries-kicad-footprints-tree-master-Connector-Connector_01x60.md,url_003018,gitlab.com,04_kicad_libraries_symbols_footprints,gitlab_kicad_libraries,https://gitlab.com/kicad/libraries/kicad-footprints/-/tree/master/Connector/Connector_01x60
url_003019--gitlab.com-kicad-libraries-kicad-footprints-tree-master-Connector-Connector_01x61.md,url_003019,gitlab.com,04_kicad_libraries_symbols_footprints,gitlab_kicad_libraries,https://gitlab.com/kicad/libraries/kicad-footprints/-/tree/master/Connector/Connector_01x61
url_003020--gitlab.com-kicad-libraries-kicad-footprints-tree-master-Connector-Connector_01x62.md,url_003020,gitlab.com,04_kicad_libraries_symbols_footprints,gitlab_kicad_libraries,https://gitlab.com/kicad/libraries/kicad-footprints/-/tree/master/Connector/Connector_01x62
url_003021--gitlab.com-kicad-libraries-kicad-footprints-tree-master-Connector-Connector_01x63.md,url_003021,gitlab.com,04_kicad_libraries_symbols_footprints,gitlab_kicad_libraries,https://gitlab.com/kicad/libraries/kicad-footprints/-/tree/master/Connector/Connector_01x63
url_003022--gitlab.com-kicad-libraries-kicad-footprints-tree-master-Connector-Connector_01x64.md,url_003022,gitlab.com,04_kicad_libraries_symbols_footprints,gitlab_kicad_libraries,https://gitlab.com/kicad/libraries/kicad-footprints/-/tree/master/Connector/Connector_01x64
url_003023--gitlab.com-kicad-libraries-kicad-footprints-tree-master-Connector-Connector_01x65.md,url_003023,gitlab.com,04_kicad_libraries_symbols_footprints,gitlab_kicad_libraries,https://gitlab.com/kicad/libraries/kicad-footprints/-/tree/master/Connector/Connector_01x65
url_003024--gitlab.com-kicad-libraries-kicad-footprints-tree-master-Connector-Connector_01x66.md,url_003024,gitlab.com,04_kicad_libraries_symbols_footprints,gitlab_kicad_libraries,https://gitlab.com/kicad/libraries/kicad-footprints/-/tree/master/Connector/Connector_01x66
url_003025--gitlab.com-kicad-libraries-kicad-footprints-tree-master-Connector-Connector_01x67.md,url_003025,gitlab.com,04_kicad_libraries_symbols_footprints,gitlab_kicad_libraries,https://gitlab.com/kicad/libraries/kicad-footprints/-/tree/master/Connector/Connector_01x67
url_003026--gitlab.com-kicad-libraries-kicad-footprints-tree-master-Connector-Connector_01x68.md,url_003026,gitlab.com,04_kicad_libraries_symbols_footprints,gitlab_kicad_libraries,https://gitlab.com/kicad/libraries/kicad-footprints/-/tree/master/Connector/Connector_01x68
url_003027--gitlab.com-kicad-libraries-kicad-footprints-tree-master-Connector-Connector_01x69.md,url_003027,gitlab.com,04_kicad_libraries_symbols_footprints,gitlab_kicad_libraries,https://gitlab.com/kicad/libraries/kicad-footprints/-/tree/master/Connector/Connector_01x69
url_003028--gitlab.com-kicad-libraries-kicad-footprints-tree-master-Connector-Connector_01x70.md,url_003028,gitlab.com,04_kicad_libraries_symbols_footprints,gitlab_kicad_libraries,https://gitlab.com/kicad/libraries/kicad-footprints/-/tree/master/Connector/Connector_01x70
url_003029--gitlab.com-kicad-libraries-kicad-footprints-tree-master-Connector-Connector_01x71.md,url_003029,gitlab.com,04_kicad_libraries_symbols_footprints,gitlab_kicad_libraries,https://gitlab.com/kicad/libraries/kicad-footprints/-/tree/master/Connector/Connector_01x71
url_003030--gitlab.com-kicad-libraries-kicad-footprints-tree-master-Connector-Connector_01x72.md,url_003030,gitlab.com,04_kicad_libraries_symbols_footprints,gitlab_kicad_libraries,https://gitlab.com/kicad/libraries/kicad-footprints/-/tree/master/Connector/Connector_01x72
url_003031--gitlab.com-kicad-libraries-kicad-footprints-tree-master-Connector-Connector_01x73.md,url_003031,gitlab.com,04_kicad_libraries_symbols_footprints,gitlab_kicad_libraries,https://gitlab.com/kicad/libraries/kicad-footprints/-/tree/master/Connector/Connector_01x73
url_003032--gitlab.com-kicad-libraries-kicad-footprints-tree-master-Connector-Connector_01x74.md,url_003032,gitlab.com,04_kicad_libraries_symbols_footprints,gitlab_kicad_libraries,https://gitlab.com/kicad/libraries/kicad-footprints/-/tree/master/Connector/Connector_01x74
url_003033--gitlab.com-kicad-libraries-kicad-footprints-tree-master-Connector-Connector_01x75.md,url_003033,gitlab.com,04_kicad_libraries_symbols_footprints,gitlab_kicad_libraries,https://gitlab.com/kicad/libraries/kicad-footprints/-/tree/master/Connector/Connector_01x75
url_003034--gitlab.com-kicad-libraries-kicad-footprints-tree-master-Connector-Connector_01x76.md,url_003034,gitlab.com,04_kicad_libraries_symbols_footprints,gitlab_kicad_libraries,https://gitlab.com/kicad/libraries/kicad-footprints/-/tree/master/Connector/Connector_01x76
url_003035--gitlab.com-kicad-libraries-kicad-footprints-tree-master-Connector-Connector_01x77.md,url_003035,gitlab.com,04_kicad_libraries_symbols_footprints,gitlab_kicad_libraries,https://gitlab.com/kicad/libraries/kicad-footprints/-/tree/master/Connector/Connector_01x77
url_003036--gitlab.com-kicad-libraries-kicad-footprints-tree-master-Connector-Connector_01x78.md,url_003036,gitlab.com,04_kicad_libraries_symbols_footprints,gitlab_kicad_libraries,https://gitlab.com/kicad/libraries/kicad-footprints/-/tree/master/Connector/Connector_01x78
url_003037--gitlab.com-kicad-libraries-kicad-footprints-tree-master-Connector-Connector_01x79.md,url_003037,gitlab.com,04_kicad_libraries_symbols_footprints,gitlab_kicad_libraries,https://gitlab.com/kicad/libraries/kicad-footprints/-/tree/master/Connector/Connector_01x79
url_003038--gitlab.com-kicad-libraries-kicad-footprints-tree-master-Connector-Connector_01x80.md,url_003038,gitlab.com,04_kicad_libraries_symbols_footprints,gitlab_kicad_libraries,https://gitlab.com/kicad/libraries/kicad-footprints/-/tree/master/Connector/Connector_01x80
url_003039--gitlab.com-kicad-libraries-kicad-footprints-tree-master-Connector-Connector_01x81.md,url_003039,gitlab.com,04_kicad_libraries_symbols_footprints,gitlab_kicad_libraries,https://gitlab.com/kicad/libraries/kicad-footprints/-/tree/master/Connector/Connector_01x81
url_003040--gitlab.com-kicad-libraries-kicad-footprints-tree-master-Connector-Connector_01x82.md,url_003040,gitlab.com,04_kicad_libraries_symbols_footprints,gitlab_kicad_libraries,https://gitlab.com/kicad/libraries/kicad-footprints/-/tree/master/Connector/Connector_01x82
url_003041--gitlab.com-kicad-libraries-kicad-footprints-tree-master-Connector-Connector_01x83.md,url_003041,gitlab.com,04_kicad_libraries_symbols_footprints,gitlab_kicad_libraries,https://gitlab.com/kicad/libraries/kicad-footprints/-/tree/master/Connector/Connector_01x83
url_003042--gitlab.com-kicad-libraries-kicad-footprints-tree-master-Connector-Connector_01x84.md,url_003042,gitlab.com,04_kicad_libraries_symbols_footprints,gitlab_kicad_libraries,https://gitlab.com/kicad/libraries/kicad-footprints/-/tree/master/Connector/Connector_01x84
url_003043--gitlab.com-kicad-libraries-kicad-footprints-tree-master-Connector-Connector_01x85.md,url_003043,gitlab.com,04_kicad_libraries_symbols_footprints,gitlab_kicad_libraries,https://gitlab.com/kicad/libraries/kicad-footprints/-/tree/master/Connector/Connector_01x85
url_003044--gitlab.com-kicad-libraries-kicad-footprints-tree-master-Connector-Connector_01x86.md,url_003044,gitlab.com,04_kicad_libraries_symbols_footprints,gitlab_kicad_libraries,https://gitlab.com/kicad/libraries/kicad-footprints/-/tree/master/Connector/Connector_01x86
url_003045--gitlab.com-kicad-libraries-kicad-footprints-tree-master-Connector-Connector_01x87.md,url_003045,gitlab.com,04_kicad_libraries_symbols_footprints,gitlab_kicad_libraries,https://gitlab.com/kicad/libraries/kicad-footprints/-/tree/master/Connector/Connector_01x87
url_003046--gitlab.com-kicad-libraries-kicad-footprints-tree-master-Connector-Connector_01x88.md,url_003046,gitlab.com,04_kicad_libraries_symbols_footprints,gitlab_kicad_libraries,https://gitlab.com/kicad/libraries/kicad-footprints/-/tree/master/Connector/Connector_01x88
url_003047--gitlab.com-kicad-libraries-kicad-footprints-tree-master-Connector-Connector_01x89.md,url_003047,gitlab.com,04_kicad_libraries_symbols_footprints,gitlab_kicad_libraries,https://gitlab.com/kicad/libraries/kicad-footprints/-/tree/master/Connector/Connector_01x89
url_003048--gitlab.com-kicad-libraries-kicad-footprints-tree-master-Connector-Connector_01x90.md,url_003048,gitlab.com,04_kicad_libraries_symbols_footprints,gitlab_kicad_libraries,https://gitlab.com/kicad/libraries/kicad-footprints/-/tree/master/Connector/Connector_01x90
url_003049--gitlab.com-kicad-libraries-kicad-footprints-tree-master-Connector-Connector_01x91.md,url_003049,gitlab.com,04_kicad_libraries_symbols_footprints,gitlab_kicad_libraries,https://gitlab.com/kicad/libraries/kicad-footprints/-/tree/master/Connector/Connector_01x91
url_003050--gitlab.com-kicad-libraries-kicad-footprints-tree-master-Connector-Connector_01x92.md,url_003050,gitlab.com,04_kicad_libraries_symbols_footprints,gitlab_kicad_libraries,https://gitlab.com/kicad/libraries/kicad-footprints/-/tree/master/Connector/Connector_01x92
url_003051--gitlab.com-kicad-libraries-kicad-footprints-tree-master-Connector-Connector_01x93.md,url_003051,gitlab.com,04_kicad_libraries_symbols_footprints,gitlab_kicad_libraries,https://gitlab.com/kicad/libraries/kicad-footprints/-/tree/master/Connector/Connector_01x93
url_003052--gitlab.com-kicad-libraries-kicad-footprints-tree-master-Connector-Connector_01x94.md,url_003052,gitlab.com,04_kicad_libraries_symbols_footprints,gitlab_kicad_libraries,https://gitlab.com/kicad/libraries/kicad-footprints/-/tree/master/Connector/Connector_01x94
url_003053--gitlab.com-kicad-libraries-kicad-footprints-tree-master-Connector-Connector_01x95.md,url_003053,gitlab.com,04_kicad_libraries_symbols_footprints,gitlab_kicad_libraries,https://gitlab.com/kicad/libraries/kicad-footprints/-/tree/master/Connector/Connector_01x95
url_003054--gitlab.com-kicad-libraries-kicad-footprints-tree-master-Connector-Connector_01x96.md,url_003054,gitlab.com,04_kicad_libraries_symbols_footprints,gitlab_kicad_libraries,https://gitlab.com/kicad/libraries/kicad-footprints/-/tree/master/Connector/Connector_01x96
url_003055--gitlab.com-kicad-libraries-kicad-footprints-tree-master-Connector-Connector_01x97.md,url_003055,gitlab.com,04_kicad_libraries_symbols_footprints,gitlab_kicad_libraries,https://gitlab.com/kicad/libraries/kicad-footprints/-/tree/master/Connector/Connector_01x97
url_003056--gitlab.com-kicad-libraries-kicad-footprints-tree-master-Connector-Connector_01x98.md,url_003056,gitlab.com,04_kicad_libraries_symbols_footprints,gitlab_kicad_libraries,https://gitlab.com/kicad/libraries/kicad-footprints/-/tree/master/Connector/Connector_01x98
url_003057--gitlab.com-kicad-libraries-kicad-footprints-tree-master-Connector-Connector_01x99.md,url_003057,gitlab.com,04_kicad_libraries_symbols_footprints,gitlab_kicad_libraries,https://gitlab.com/kicad/libraries/kicad-footprints/-/tree/master/Connector/Connector_01x99
url_003058--gitlab.com-kicad-libraries-kicad-footprints-tree-master-Connector_ETH-Connector_ETH_SMD_1.md,url_003058,gitlab.com,04_kicad_libraries_symbols_footprints,gitlab_kicad_libraries,https://gitlab.com/kicad/libraries/kicad-footprints/-/tree/master/Connector_ETH/Connector_ETH_SMD_1
url_003059--gitlab.com-kicad-libraries-kicad-footprints-tree-master-Connector_ETH-Connector_ETH_SMD_10.md,url_003059,gitlab.com,04_kicad_libraries_symbols_footprints,gitlab_kicad_libraries,https://gitlab.com/kicad/libraries/kicad-footprints/-/tree/master/Connector_ETH/Connector_ETH_SMD_10
url_003060--gitlab.com-kicad-libraries-kicad-footprints-tree-master-Connector_ETH-Connector_ETH_SMD_11.md,url_003060,gitlab.com,04_kicad_libraries_symbols_footprints,gitlab_kicad_libraries,https://gitlab.com/kicad/libraries/kicad-footprints/-/tree/master/Connector_ETH/Connector_ETH_SMD_11
url_003061--gitlab.com-kicad-libraries-kicad-footprints-tree-master-Connector_ETH-Connector_ETH_SMD_12.md,url_003061,gitlab.com,04_kicad_libraries_symbols_footprints,gitlab_kicad_libraries,https://gitlab.com/kicad/libraries/kicad-footprints/-/tree/master/Connector_ETH/Connector_ETH_SMD_12
url_003062--gitlab.com-kicad-libraries-kicad-footprints-tree-master-Connector_ETH-Connector_ETH_SMD_2.md,url_003062,gitlab.com,04_kicad_libraries_symbols_footprints,gitlab_kicad_libraries,https://gitlab.com/kicad/libraries/kicad-footprints/-/tree/master/Connector_ETH/Connector_ETH_SMD_2
url_003063--gitlab.com-kicad-libraries-kicad-footprints-tree-master-Connector_ETH-Connector_ETH_SMD_3.md,url_003063,gitlab.com,04_kicad_libraries_symbols_footprints,gitlab_kicad_libraries,https://gitlab.com/kicad/libraries/kicad-footprints/-/tree/master/Connector_ETH/Connector_ETH_SMD_3
url_003064--gitlab.com-kicad-libraries-kicad-footprints-tree-master-Connector_ETH-Connector_ETH_SMD_4.md,url_003064,gitlab.com,04_kicad_libraries_symbols_footprints,gitlab_kicad_libraries,https://gitlab.com/kicad/libraries/kicad-footprints/-/tree/master/Connector_ETH/Connector_ETH_SMD_4
url_003065--gitlab.com-kicad-libraries-kicad-footprints-tree-master-Connector_ETH-Connector_ETH_SMD_5.md,url_003065,gitlab.com,04_kicad_libraries_symbols_footprints,gitlab_kicad_libraries,https://gitlab.com/kicad/libraries/kicad-footprints/-/tree/master/Connector_ETH/Connector_ETH_SMD_5
url_003066--gitlab.com-kicad-libraries-kicad-footprints-tree-master-Connector_ETH-Connector_ETH_SMD_6.md,url_003066,gitlab.com,04_kicad_libraries_symbols_footprints,gitlab_kicad_libraries,https://gitlab.com/kicad/libraries/kicad-footprints/-/tree/master/Connector_ETH/Connector_ETH_SMD_6
url_003067--gitlab.com-kicad-libraries-kicad-footprints-tree-master-Connector_ETH-Connector_ETH_SMD_7.md,url_003067,gitlab.com,04_kicad_libraries_symbols_footprints,gitlab_kicad_libraries,https://gitlab.com/kicad/libraries/kicad-footprints/-/tree/master/Connector_ETH/Connector_ETH_SMD_7
url_003068--gitlab.com-kicad-libraries-kicad-footprints-tree-master-Connector_ETH-Connector_ETH_SMD_8.md,url_003068,gitlab.com,04_kicad_libraries_symbols_footprints,gitlab_kicad_libraries,https://gitlab.com/kicad/libraries/kicad-footprints/-/tree/master/Connector_ETH/Connector_ETH_SMD_8
url_003069--gitlab.com-kicad-libraries-kicad-footprints-tree-master-Connector_ETH-Connector_ETH_SMD_9.md,url_003069,gitlab.com,04_kicad_libraries_symbols_footprints,gitlab_kicad_libraries,https://gitlab.com/kicad/libraries/kicad-footprints/-/tree/master/Connector_ETH/Connector_ETH_SMD_9
url_003070--gitlab.com-kicad-libraries-kicad-footprints-tree-master-Connector_HDMI-Connector_HDMI_SMD_1.md,url_003070,gitlab.com,04_kicad_libraries_symbols_footprints,gitlab_kicad_libraries,https://gitlab.com/kicad/libraries/kicad-footprints/-/tree/master/Connector_HDMI/Connector_HDMI_SMD_1
url_003071--gitlab.com-kicad-libraries-kicad-footprints-tree-master-Connector_HDMI-Connector_HDMI_SMD_10.md,url_003071,gitlab.com,04_kicad_libraries_symbols_footprints,gitlab_kicad_libraries,https://gitlab.com/kicad/libraries/kicad-footprints/-/tree/master/Connector_HDMI/Connector_HDMI_SMD_10
url_003072--gitlab.com-kicad-libraries-kicad-footprints-tree-master-Connector_HDMI-Connector_HDMI_SMD_11.md,url_003072,gitlab.com,04_kicad_libraries_symbols_footprints,gitlab_kicad_libraries,https://gitlab.com/kicad/libraries/kicad-footprints/-/tree/master/Connector_HDMI/Connector_HDMI_SMD_11
url_003073--gitlab.com-kicad-libraries-kicad-footprints-tree-master-Connector_HDMI-Connector_HDMI_SMD_12.md,url_003073,gitlab.com,04_kicad_libraries_symbols_footprints,gitlab_kicad_libraries,https://gitlab.com/kicad/libraries/kicad-footprints/-/tree/master/Connector_HDMI/Connector_HDMI_SMD_12
url_003074--gitlab.com-kicad-libraries-kicad-footprints-tree-master-Connector_HDMI-Connector_HDMI_SMD_2.md,url_003074,gitlab.com,04_kicad_libraries_symbols_footprints,gitlab_kicad_libraries,https://gitlab.com/kicad/libraries/kicad-footprints/-/tree/master/Connector_HDMI/Connector_HDMI_SMD_2
url_003075--gitlab.com-kicad-libraries-kicad-footprints-tree-master-Connector_HDMI-Connector_HDMI_SMD_3.md,url_003075,gitlab.com,04_kicad_libraries_symbols_footprints,gitlab_kicad_libraries,https://gitlab.com/kicad/libraries/kicad-footprints/-/tree/master/Connector_HDMI/Connector_HDMI_SMD_3
url_003076--gitlab.com-kicad-libraries-kicad-footprints-tree-master-Connector_HDMI-Connector_HDMI_SMD_4.md,url_003076,gitlab.com,04_kicad_libraries_symbols_footprints,gitlab_kicad_libraries,https://gitlab.com/kicad/libraries/kicad-footprints/-/tree/master/Connector_HDMI/Connector_HDMI_SMD_4
url_003077--gitlab.com-kicad-libraries-kicad-footprints-tree-master-Connector_HDMI-Connector_HDMI_SMD_5.md,url_003077,gitlab.com,04_kicad_libraries_symbols_footprints,gitlab_kicad_libraries,https://gitlab.com/kicad/libraries/kicad-footprints/-/tree/master/Connector_HDMI/Connector_HDMI_SMD_5
url_003078--gitlab.com-kicad-libraries-kicad-footprints-tree-master-Connector_HDMI-Connector_HDMI_SMD_6.md,url_003078,gitlab.com,04_kicad_libraries_symbols_footprints,gitlab_kicad_libraries,https://gitlab.com/kicad/libraries/kicad-footprints/-/tree/master/Connector_HDMI/Connector_HDMI_SMD_6
url_003079--gitlab.com-kicad-libraries-kicad-footprints-tree-master-Connector_HDMI-Connector_HDMI_SMD_7.md,url_003079,gitlab.com,04_kicad_libraries_symbols_footprints,gitlab_kicad_libraries,https://gitlab.com/kicad/libraries/kicad-footprints/-/tree/master/Connector_HDMI/Connector_HDMI_SMD_7
url_003080--gitlab.com-kicad-libraries-kicad-footprints-tree-master-Connector_HDMI-Connector_HDMI_SMD_8.md,url_003080,gitlab.com,04_kicad_libraries_symbols_footprints,gitlab_kicad_libraries,https://gitlab.com/kicad/libraries/kicad-footprints/-/tree/master/Connector_HDMI/Connector_HDMI_SMD_8
url_003081--gitlab.com-kicad-libraries-kicad-footprints-tree-master-Connector_HDMI-Connector_HDMI_SMD_9.md,url_003081,gitlab.com,04_kicad_libraries_symbols_footprints,gitlab_kicad_libraries,https://gitlab.com/kicad/libraries/kicad-footprints/-/tree/master/Connector_HDMI/Connector_HDMI_SMD_9
url_003082--gitlab.com-kicad-libraries-kicad-footprints-tree-master-Connector_USB-Connector_USB_SMD_1.md,url_003082,gitlab.com,04_kicad_libraries_symbols_footprints,gitlab_kicad_libraries,https://gitlab.com/kicad/libraries/kicad-footprints/-/tree/master/Connector_USB/Connector_USB_SMD_1
url_003083--gitlab.com-kicad-libraries-kicad-footprints-tree-master-Connector_USB-Connector_USB_SMD_10.md,url_003083,gitlab.com,04_kicad_libraries_symbols_footprints,gitlab_kicad_libraries,https://gitlab.com/kicad/libraries/kicad-footprints/-/tree/master/Connector_USB/Connector_USB_SMD_10
url_003084--gitlab.com-kicad-libraries-kicad-footprints-tree-master-Connector_USB-Connector_USB_SMD_11.md,url_003084,gitlab.com,04_kicad_libraries_symbols_footprints,gitlab_kicad_libraries,https://gitlab.com/kicad/libraries/kicad-footprints/-/tree/master/Connector_USB/Connector_USB_SMD_11
url_003085--gitlab.com-kicad-libraries-kicad-footprints-tree-master-Connector_USB-Connector_USB_SMD_12.md,url_003085,gitlab.com,04_kicad_libraries_symbols_footprints,gitlab_kicad_libraries,https://gitlab.com/kicad/libraries/kicad-footprints/-/tree/master/Connector_USB/Connector_USB_SMD_12
url_003086--gitlab.com-kicad-libraries-kicad-footprints-tree-master-Connector_USB-Connector_USB_SMD_2.md,url_003086,gitlab.com,04_kicad_libraries_symbols_footprints,gitlab_kicad_libraries,https://gitlab.com/kicad/libraries/kicad-footprints/-/tree/master/Connector_USB/Connector_USB_SMD_2
url_003087--gitlab.com-kicad-libraries-kicad-footprints-tree-master-Connector_USB-Connector_USB_SMD_3.md,url_003087,gitlab.com,04_kicad_libraries_symbols_footprints,gitlab_kicad_libraries,https://gitlab.com/kicad/libraries/kicad-footprints/-/tree/master/Connector_USB/Connector_USB_SMD_3
url_003088--gitlab.com-kicad-libraries-kicad-footprints-tree-master-Connector_USB-Connector_USB_SMD_4.md,url_003088,gitlab.com,04_kicad_libraries_symbols_footprints,gitlab_kicad_libraries,https://gitlab.com/kicad/libraries/kicad-footprints/-/tree/master/Connector_USB/Connector_USB_SMD_4
url_003089--gitlab.com-kicad-libraries-kicad-footprints-tree-master-Connector_USB-Connector_USB_SMD_5.md,url_003089,gitlab.com,04_kicad_libraries_symbols_footprints,gitlab_kicad_libraries,https://gitlab.com/kicad/libraries/kicad-footprints/-/tree/master/Connector_USB/Connector_USB_SMD_5
url_003090--gitlab.com-kicad-libraries-kicad-footprints-tree-master-Connector_USB-Connector_USB_SMD_6.md,url_003090,gitlab.com,04_kicad_libraries_symbols_footprints,gitlab_kicad_libraries,https://gitlab.com/kicad/libraries/kicad-footprints/-/tree/master/Connector_USB/Connector_USB_SMD_6
url_003091--gitlab.com-kicad-libraries-kicad-footprints-tree-master-Connector_USB-Connector_USB_SMD_7.md,url_003091,gitlab.com,04_kicad_libraries_symbols_footprints,gitlab_kicad_libraries,https://gitlab.com/kicad/libraries/kicad-footprints/-/tree/master/Connector_USB/Connector_USB_SMD_7
url_003092--gitlab.com-kicad-libraries-kicad-footprints-tree-master-Connector_USB-Connector_USB_SMD_8.md,url_003092,gitlab.com,04_kicad_libraries_symbols_footprints,gitlab_kicad_libraries,https://gitlab.com/kicad/libraries/kicad-footprints/-/tree/master/Connector_USB/Connector_USB_SMD_8
url_003093--gitlab.com-kicad-libraries-kicad-footprints-tree-master-Connector_USB-Connector_USB_SMD_9.md,url_003093,gitlab.com,04_kicad_libraries_symbols_footprints,gitlab_kicad_libraries,https://gitlab.com/kicad/libraries/kicad-footprints/-/tree/master/Connector_USB/Connector_USB_SMD_9
url_003094--gitlab.com-kicad-libraries-kicad-footprints-tree-master-Crystal-Crystal_SMD_1.md,url_003094,gitlab.com,04_kicad_libraries_symbols_footprints,gitlab_kicad_libraries,https://gitlab.com/kicad/libraries/kicad-footprints/-/tree/master/Crystal/Crystal_SMD_1
url_003095--gitlab.com-kicad-libraries-kicad-footprints-tree-master-Crystal-Crystal_SMD_10.md,url_003095,gitlab.com,04_kicad_libraries_symbols_footprints,gitlab_kicad_libraries,https://gitlab.com/kicad/libraries/kicad-footprints/-/tree/master/Crystal/Crystal_SMD_10
url_003096--gitlab.com-kicad-libraries-kicad-footprints-tree-master-Crystal-Crystal_SMD_11.md,url_003096,gitlab.com,04_kicad_libraries_symbols_footprints,gitlab_kicad_libraries,https://gitlab.com/kicad/libraries/kicad-footprints/-/tree/master/Crystal/Crystal_SMD_11
url_003097--gitlab.com-kicad-libraries-kicad-footprints-tree-master-Crystal-Crystal_SMD_12.md,url_003097,gitlab.com,04_kicad_libraries_symbols_footprints,gitlab_kicad_libraries,https://gitlab.com/kicad/libraries/kicad-footprints/-/tree/master/Crystal/Crystal_SMD_12
url_003098--gitlab.com-kicad-libraries-kicad-footprints-tree-master-Crystal-Crystal_SMD_2.md,url_003098,gitlab.com,04_kicad_libraries_symbols_footprints,gitlab_kicad_libraries,https://gitlab.com/kicad/libraries/kicad-footprints/-/tree/master/Crystal/Crystal_SMD_2
url_003099--gitlab.com-kicad-libraries-kicad-footprints-tree-master-Crystal-Crystal_SMD_3.md,url_003099,gitlab.com,04_kicad_libraries_symbols_footprints,gitlab_kicad_libraries,https://gitlab.com/kicad/libraries/kicad-footprints/-/tree/master/Crystal/Crystal_SMD_3
url_003100--gitlab.com-kicad-libraries-kicad-footprints-tree-master-Crystal-Crystal_SMD_4.md,url_003100,gitlab.com,04_kicad_libraries_symbols_footprints,gitlab_kicad_libraries,https://gitlab.com/kicad/libraries/kicad-footprints/-/tree/master/Crystal/Crystal_SMD_4
url_003101--gitlab.com-kicad-libraries-kicad-footprints-tree-master-Crystal-Crystal_SMD_5.md,url_003101,gitlab.com,04_kicad_libraries_symbols_footprints,gitlab_kicad_libraries,https://gitlab.com/kicad/libraries/kicad-footprints/-/tree/master/Crystal/Crystal_SMD_5
url_003102--gitlab.com-kicad-libraries-kicad-footprints-tree-master-Crystal-Crystal_SMD_6.md,url_003102,gitlab.com,04_kicad_libraries_symbols_footprints,gitlab_kicad_libraries,https://gitlab.com/kicad/libraries/kicad-footprints/-/tree/master/Crystal/Crystal_SMD_6
url_003103--gitlab.com-kicad-libraries-kicad-footprints-tree-master-Crystal-Crystal_SMD_7.md,url_003103,gitlab.com,04_kicad_libraries_symbols_footprints,gitlab_kicad_libraries,https://gitlab.com/kicad/libraries/kicad-footprints/-/tree/master/Crystal/Crystal_SMD_7
url_003104--gitlab.com-kicad-libraries-kicad-footprints-tree-master-Crystal-Crystal_SMD_8.md,url_003104,gitlab.com,04_kicad_libraries_symbols_footprints,gitlab_kicad_libraries,https://gitlab.com/kicad/libraries/kicad-footprints/-/tree/master/Crystal/Crystal_SMD_8
url_003105--gitlab.com-kicad-libraries-kicad-footprints-tree-master-Crystal-Crystal_SMD_9.md,url_003105,gitlab.com,04_kicad_libraries_symbols_footprints,gitlab_kicad_libraries,https://gitlab.com/kicad/libraries/kicad-footprints/-/tree/master/Crystal/Crystal_SMD_9
url_003106--gitlab.com-kicad-libraries-kicad-footprints-tree-master-Diode-Diode_SMD_1.md,url_003106,gitlab.com,04_kicad_libraries_symbols_footprints,gitlab_kicad_libraries,https://gitlab.com/kicad/libraries/kicad-footprints/-/tree/master/Diode/Diode_SMD_1
url_003107--gitlab.com-kicad-libraries-kicad-footprints-tree-master-Diode-Diode_SMD_10.md,url_003107,gitlab.com,04_kicad_libraries_symbols_footprints,gitlab_kicad_libraries,https://gitlab.com/kicad/libraries/kicad-footprints/-/tree/master/Diode/Diode_SMD_10
url_003108--gitlab.com-kicad-libraries-kicad-footprints-tree-master-Diode-Diode_SMD_11.md,url_003108,gitlab.com,04_kicad_libraries_symbols_footprints,gitlab_kicad_libraries,https://gitlab.com/kicad/libraries/kicad-footprints/-/tree/master/Diode/Diode_SMD_11
url_003109--gitlab.com-kicad-libraries-kicad-footprints-tree-master-Diode-Diode_SMD_12.md,url_003109,gitlab.com,04_kicad_libraries_symbols_footprints,gitlab_kicad_libraries,https://gitlab.com/kicad/libraries/kicad-footprints/-/tree/master/Diode/Diode_SMD_12
url_003110--gitlab.com-kicad-libraries-kicad-footprints-tree-master-Diode-Diode_SMD_2.md,url_003110,gitlab.com,04_kicad_libraries_symbols_footprints,gitlab_kicad_libraries,https://gitlab.com/kicad/libraries/kicad-footprints/-/tree/master/Diode/Diode_SMD_2
url_003111--gitlab.com-kicad-libraries-kicad-footprints-tree-master-Diode-Diode_SMD_3.md,url_003111,gitlab.com,04_kicad_libraries_symbols_footprints,gitlab_kicad_libraries,https://gitlab.com/kicad/libraries/kicad-footprints/-/tree/master/Diode/Diode_SMD_3
url_003112--gitlab.com-kicad-libraries-kicad-footprints-tree-master-Diode-Diode_SMD_4.md,url_003112,gitlab.com,04_kicad_libraries_symbols_footprints,gitlab_kicad_libraries,https://gitlab.com/kicad/libraries/kicad-footprints/-/tree/master/Diode/Diode_SMD_4
url_003113--gitlab.com-kicad-libraries-kicad-footprints-tree-master-Diode-Diode_SMD_5.md,url_003113,gitlab.com,04_kicad_libraries_symbols_footprints,gitlab_kicad_libraries,https://gitlab.com/kicad/libraries/kicad-footprints/-/tree/master/Diode/Diode_SMD_5
url_003114--gitlab.com-kicad-libraries-kicad-footprints-tree-master-Diode-Diode_SMD_6.md,url_003114,gitlab.com,04_kicad_libraries_symbols_footprints,gitlab_kicad_libraries,https://gitlab.com/kicad/libraries/kicad-footprints/-/tree/master/Diode/Diode_SMD_6
url_003115--gitlab.com-kicad-libraries-kicad-footprints-tree-master-Diode-Diode_SMD_7.md,url_003115,gitlab.com,04_kicad_libraries_symbols_footprints,gitlab_kicad_libraries,https://gitlab.com/kicad/libraries/kicad-footprints/-/tree/master/Diode/Diode_SMD_7
url_003116--gitlab.com-kicad-libraries-kicad-footprints-tree-master-Diode-Diode_SMD_8.md,url_003116,gitlab.com,04_kicad_libraries_symbols_footprints,gitlab_kicad_libraries,https://gitlab.com/kicad/libraries/kicad-footprints/-/tree/master/Diode/Diode_SMD_8
url_003117--gitlab.com-kicad-libraries-kicad-footprints-tree-master-Diode-Diode_SMD_9.md,url_003117,gitlab.com,04_kicad_libraries_symbols_footprints,gitlab_kicad_libraries,https://gitlab.com/kicad/libraries/kicad-footprints/-/tree/master/Diode/Diode_SMD_9
url_003118--gitlab.com-kicad-libraries-kicad-footprints-tree-master-DipSwitch-DipSwitch_SMD_1.md,url_003118,gitlab.com,04_kicad_libraries_symbols_footprints,gitlab_kicad_libraries,https://gitlab.com/kicad/libraries/kicad-footprints/-/tree/master/DipSwitch/DipSwitch_SMD_1
url_003119--gitlab.com-kicad-libraries-kicad-footprints-tree-master-DipSwitch-DipSwitch_SMD_10.md,url_003119,gitlab.com,04_kicad_libraries_symbols_footprints,gitlab_kicad_libraries,https://gitlab.com/kicad/libraries/kicad-footprints/-/tree/master/DipSwitch/DipSwitch_SMD_10
url_003120--gitlab.com-kicad-libraries-kicad-footprints-tree-master-DipSwitch-DipSwitch_SMD_11.md,url_003120,gitlab.com,04_kicad_libraries_symbols_footprints,gitlab_kicad_libraries,https://gitlab.com/kicad/libraries/kicad-footprints/-/tree/master/DipSwitch/DipSwitch_SMD_11
url_003121--gitlab.com-kicad-libraries-kicad-footprints-tree-master-DipSwitch-DipSwitch_SMD_12.md,url_003121,gitlab.com,04_kicad_libraries_symbols_footprints,gitlab_kicad_libraries,https://gitlab.com/kicad/libraries/kicad-footprints/-/tree/master/DipSwitch/DipSwitch_SMD_12
url_003122--gitlab.com-kicad-libraries-kicad-footprints-tree-master-DipSwitch-DipSwitch_SMD_2.md,url_003122,gitlab.com,04_kicad_libraries_symbols_footprints,gitlab_kicad_libraries,https://gitlab.com/kicad/libraries/kicad-footprints/-/tree/master/DipSwitch/DipSwitch_SMD_2
url_003123--gitlab.com-kicad-libraries-kicad-footprints-tree-master-DipSwitch-DipSwitch_SMD_3.md,url_003123,gitlab.com,04_kicad_libraries_symbols_footprints,gitlab_kicad_libraries,https://gitlab.com/kicad/libraries/kicad-footprints/-/tree/master/DipSwitch/DipSwitch_SMD_3
url_003124--gitlab.com-kicad-libraries-kicad-footprints-tree-master-DipSwitch-DipSwitch_SMD_4.md,url_003124,gitlab.com,04_kicad_libraries_symbols_footprints,gitlab_kicad_libraries,https://gitlab.com/kicad/libraries/kicad-footprints/-/tree/master/DipSwitch/DipSwitch_SMD_4
url_003125--gitlab.com-kicad-libraries-kicad-footprints-tree-master-DipSwitch-DipSwitch_SMD_5.md,url_003125,gitlab.com,04_kicad_libraries_symbols_footprints,gitlab_kicad_libraries,https://gitlab.com/kicad/libraries/kicad-footprints/-/tree/master/DipSwitch/DipSwitch_SMD_5
url_003126--gitlab.com-kicad-libraries-kicad-footprints-tree-master-DipSwitch-DipSwitch_SMD_6.md,url_003126,gitlab.com,04_kicad_libraries_symbols_footprints,gitlab_kicad_libraries,https://gitlab.com/kicad/libraries/kicad-footprints/-/tree/master/DipSwitch/DipSwitch_SMD_6
url_003127--gitlab.com-kicad-libraries-kicad-footprints-tree-master-DipSwitch-DipSwitch_SMD_7.md,url_003127,gitlab.com,04_kicad_libraries_symbols_footprints,gitlab_kicad_libraries,https://gitlab.com/kicad/libraries/kicad-footprints/-/tree/master/DipSwitch/DipSwitch_SMD_7
url_003128--gitlab.com-kicad-libraries-kicad-footprints-tree-master-DipSwitch-DipSwitch_SMD_8.md,url_003128,gitlab.com,04_kicad_libraries_symbols_footprints,gitlab_kicad_libraries,https://gitlab.com/kicad/libraries/kicad-footprints/-/tree/master/DipSwitch/DipSwitch_SMD_8
url_003129--gitlab.com-kicad-libraries-kicad-footprints-tree-master-DipSwitch-DipSwitch_SMD_9.md,url_003129,gitlab.com,04_kicad_libraries_symbols_footprints,gitlab_kicad_libraries,https://gitlab.com/kicad/libraries/kicad-footprints/-/tree/master/DipSwitch/DipSwitch_SMD_9
url_003130--gitlab.com-kicad-libraries-kicad-footprints-tree-master-Display-Display_SMD_1.md,url_003130,gitlab.com,04_kicad_libraries_symbols_footprints,gitlab_kicad_libraries,https://gitlab.com/kicad/libraries/kicad-footprints/-/tree/master/Display/Display_SMD_1
url_003131--gitlab.com-kicad-libraries-kicad-footprints-tree-master-Display-Display_SMD_10.md,url_003131,gitlab.com,04_kicad_libraries_symbols_footprints,gitlab_kicad_libraries,https://gitlab.com/kicad/libraries/kicad-footprints/-/tree/master/Display/Display_SMD_10
url_003132--gitlab.com-kicad-libraries-kicad-footprints-tree-master-Display-Display_SMD_11.md,url_003132,gitlab.com,04_kicad_libraries_symbols_footprints,gitlab_kicad_libraries,https://gitlab.com/kicad/libraries/kicad-footprints/-/tree/master/Display/Display_SMD_11
url_003133--gitlab.com-kicad-libraries-kicad-footprints-tree-master-Display-Display_SMD_12.md,url_003133,gitlab.com,04_kicad_libraries_symbols_footprints,gitlab_kicad_libraries,https://gitlab.com/kicad/libraries/kicad-footprints/-/tree/master/Display/Display_SMD_12
url_003134--gitlab.com-kicad-libraries-kicad-footprints-tree-master-Display-Display_SMD_2.md,url_003134,gitlab.com,04_kicad_libraries_symbols_footprints,gitlab_kicad_libraries,https://gitlab.com/kicad/libraries/kicad-footprints/-/tree/master/Display/Display_SMD_2
url_003135--gitlab.com-kicad-libraries-kicad-footprints-tree-master-Display-Display_SMD_3.md,url_003135,gitlab.com,04_kicad_libraries_symbols_footprints,gitlab_kicad_libraries,https://gitlab.com/kicad/libraries/kicad-footprints/-/tree/master/Display/Display_SMD_3
url_003136--gitlab.com-kicad-libraries-kicad-footprints-tree-master-Display-Display_SMD_4.md,url_003136,gitlab.com,04_kicad_libraries_symbols_footprints,gitlab_kicad_libraries,https://gitlab.com/kicad/libraries/kicad-footprints/-/tree/master/Display/Display_SMD_4
url_003137--gitlab.com-kicad-libraries-kicad-footprints-tree-master-Display-Display_SMD_5.md,url_003137,gitlab.com,04_kicad_libraries_symbols_footprints,gitlab_kicad_libraries,https://gitlab.com/kicad/libraries/kicad-footprints/-/tree/master/Display/Display_SMD_5
url_003138--gitlab.com-kicad-libraries-kicad-footprints-tree-master-Display-Display_SMD_6.md,url_003138,gitlab.com,04_kicad_libraries_symbols_footprints,gitlab_kicad_libraries,https://gitlab.com/kicad/libraries/kicad-footprints/-/tree/master/Display/Display_SMD_6
url_003139--gitlab.com-kicad-libraries-kicad-footprints-tree-master-Display-Display_SMD_7.md,url_003139,gitlab.com,04_kicad_libraries_symbols_footprints,gitlab_kicad_libraries,https://gitlab.com/kicad/libraries/kicad-footprints/-/tree/master/Display/Display_SMD_7
url_003140--gitlab.com-kicad-libraries-kicad-footprints-tree-master-Display-Display_SMD_8.md,url_003140,gitlab.com,04_kicad_libraries_symbols_footprints,gitlab_kicad_libraries,https://gitlab.com/kicad/libraries/kicad-footprints/-/tree/master/Display/Display_SMD_8
url_003141--gitlab.com-kicad-libraries-kicad-footprints-tree-master-Display-Display_SMD_9.md,url_003141,gitlab.com,04_kicad_libraries_symbols_footprints,gitlab_kicad_libraries,https://gitlab.com/kicad/libraries/kicad-footprints/-/tree/master/Display/Display_SMD_9
url_003142--gitlab.com-kicad-libraries-kicad-footprints-tree-master-FET-FET_SMD_1.md,url_003142,gitlab.com,04_kicad_libraries_symbols_footprints,gitlab_kicad_libraries,https://gitlab.com/kicad/libraries/kicad-footprints/-/tree/master/FET/FET_SMD_1
url_003143--gitlab.com-kicad-libraries-kicad-footprints-tree-master-FET-FET_SMD_10.md,url_003143,gitlab.com,04_kicad_libraries_symbols_footprints,gitlab_kicad_libraries,https://gitlab.com/kicad/libraries/kicad-footprints/-/tree/master/FET/FET_SMD_10
url_003144--gitlab.com-kicad-libraries-kicad-footprints-tree-master-FET-FET_SMD_11.md,url_003144,gitlab.com,04_kicad_libraries_symbols_footprints,gitlab_kicad_libraries,https://gitlab.com/kicad/libraries/kicad-footprints/-/tree/master/FET/FET_SMD_11
url_003145--gitlab.com-kicad-libraries-kicad-footprints-tree-master-FET-FET_SMD_12.md,url_003145,gitlab.com,04_kicad_libraries_symbols_footprints,gitlab_kicad_libraries,https://gitlab.com/kicad/libraries/kicad-footprints/-/tree/master/FET/FET_SMD_12
url_003146--gitlab.com-kicad-libraries-kicad-footprints-tree-master-FET-FET_SMD_2.md,url_003146,gitlab.com,04_kicad_libraries_symbols_footprints,gitlab_kicad_libraries,https://gitlab.com/kicad/libraries/kicad-footprints/-/tree/master/FET/FET_SMD_2
url_003147--gitlab.com-kicad-libraries-kicad-footprints-tree-master-FET-FET_SMD_3.md,url_003147,gitlab.com,04_kicad_libraries_symbols_footprints,gitlab_kicad_libraries,https://gitlab.com/kicad/libraries/kicad-footprints/-/tree/master/FET/FET_SMD_3
url_003148--gitlab.com-kicad-libraries-kicad-footprints-tree-master-FET-FET_SMD_4.md,url_003148,gitlab.com,04_kicad_libraries_symbols_footprints,gitlab_kicad_libraries,https://gitlab.com/kicad/libraries/kicad-footprints/-/tree/master/FET/FET_SMD_4
url_003149--gitlab.com-kicad-libraries-kicad-footprints-tree-master-FET-FET_SMD_5.md,url_003149,gitlab.com,04_kicad_libraries_symbols_footprints,gitlab_kicad_libraries,https://gitlab.com/kicad/libraries/kicad-footprints/-/tree/master/FET/FET_SMD_5
url_003150--gitlab.com-kicad-libraries-kicad-footprints-tree-master-FET-FET_SMD_6.md,url_003150,gitlab.com,04_kicad_libraries_symbols_footprints,gitlab_kicad_libraries,https://gitlab.com/kicad/libraries/kicad-footprints/-/tree/master/FET/FET_SMD_6
url_003151--gitlab.com-kicad-libraries-kicad-footprints-tree-master-FET-FET_SMD_7.md,url_003151,gitlab.com,04_kicad_libraries_symbols_footprints,gitlab_kicad_libraries,https://gitlab.com/kicad/libraries/kicad-footprints/-/tree/master/FET/FET_SMD_7
url_003152--gitlab.com-kicad-libraries-kicad-footprints-tree-master-FET-FET_SMD_8.md,url_003152,gitlab.com,04_kicad_libraries_symbols_footprints,gitlab_kicad_libraries,https://gitlab.com/kicad/libraries/kicad-footprints/-/tree/master/FET/FET_SMD_8
url_003153--gitlab.com-kicad-libraries-kicad-footprints-tree-master-FET-FET_SMD_9.md,url_003153,gitlab.com,04_kicad_libraries_symbols_footprints,gitlab_kicad_libraries,https://gitlab.com/kicad/libraries/kicad-footprints/-/tree/master/FET/FET_SMD_9
url_003154--gitlab.com-kicad-libraries-kicad-footprints-tree-master-Fuse-Fuse_SMD_1.md,url_003154,gitlab.com,04_kicad_libraries_symbols_footprints,gitlab_kicad_libraries,https://gitlab.com/kicad/libraries/kicad-footprints/-/tree/master/Fuse/Fuse_SMD_1
url_003155--gitlab.com-kicad-libraries-kicad-footprints-tree-master-Fuse-Fuse_SMD_10.md,url_003155,gitlab.com,04_kicad_libraries_symbols_footprints,gitlab_kicad_libraries,https://gitlab.com/kicad/libraries/kicad-footprints/-/tree/master/Fuse/Fuse_SMD_10
url_003156--gitlab.com-kicad-libraries-kicad-footprints-tree-master-Fuse-Fuse_SMD_11.md,url_003156,gitlab.com,04_kicad_libraries_symbols_footprints,gitlab_kicad_libraries,https://gitlab.com/kicad/libraries/kicad-footprints/-/tree/master/Fuse/Fuse_SMD_11
url_003157--gitlab.com-kicad-libraries-kicad-footprints-tree-master-Fuse-Fuse_SMD_12.md,url_003157,gitlab.com,04_kicad_libraries_symbols_footprints,gitlab_kicad_libraries,https://gitlab.com/kicad/libraries/kicad-footprints/-/tree/master/Fuse/Fuse_SMD_12
url_003158--gitlab.com-kicad-libraries-kicad-footprints-tree-master-Fuse-Fuse_SMD_2.md,url_003158,gitlab.com,04_kicad_libraries_symbols_footprints,gitlab_kicad_libraries,https://gitlab.com/kicad/libraries/kicad-footprints/-/tree/master/Fuse/Fuse_SMD_2
url_003159--gitlab.com-kicad-libraries-kicad-footprints-tree-master-Fuse-Fuse_SMD_3.md,url_003159,gitlab.com,04_kicad_libraries_symbols_footprints,gitlab_kicad_libraries,https://gitlab.com/kicad/libraries/kicad-footprints/-/tree/master/Fuse/Fuse_SMD_3
url_003160--gitlab.com-kicad-libraries-kicad-footprints-tree-master-Fuse-Fuse_SMD_4.md,url_003160,gitlab.com,04_kicad_libraries_symbols_footprints,gitlab_kicad_libraries,https://gitlab.com/kicad/libraries/kicad-footprints/-/tree/master/Fuse/Fuse_SMD_4
url_003161--gitlab.com-kicad-libraries-kicad-footprints-tree-master-Fuse-Fuse_SMD_5.md,url_003161,gitlab.com,04_kicad_libraries_symbols_footprints,gitlab_kicad_libraries,https://gitlab.com/kicad/libraries/kicad-footprints/-/tree/master/Fuse/Fuse_SMD_5
url_003162--gitlab.com-kicad-libraries-kicad-footprints-tree-master-Fuse-Fuse_SMD_6.md,url_003162,gitlab.com,04_kicad_libraries_symbols_footprints,gitlab_kicad_libraries,https://gitlab.com/kicad/libraries/kicad-footprints/-/tree/master/Fuse/Fuse_SMD_6
url_003163--gitlab.com-kicad-libraries-kicad-footprints-tree-master-Fuse-Fuse_SMD_7.md,url_003163,gitlab.com,04_kicad_libraries_symbols_footprints,gitlab_kicad_libraries,https://gitlab.com/kicad/libraries/kicad-footprints/-/tree/master/Fuse/Fuse_SMD_7
url_003164--gitlab.com-kicad-libraries-kicad-footprints-tree-master-Fuse-Fuse_SMD_8.md,url_003164,gitlab.com,04_kicad_libraries_symbols_footprints,gitlab_kicad_libraries,https://gitlab.com/kicad/libraries/kicad-footprints/-/tree/master/Fuse/Fuse_SMD_8
url_003165--gitlab.com-kicad-libraries-kicad-footprints-tree-master-Fuse-Fuse_SMD_9.md,url_003165,gitlab.com,04_kicad_libraries_symbols_footprints,gitlab_kicad_libraries,https://gitlab.com/kicad/libraries/kicad-footprints/-/tree/master/Fuse/Fuse_SMD_9
url_003166--gitlab.com-kicad-libraries-kicad-footprints-tree-master-IC-IC_1.md,url_003166,gitlab.com,04_kicad_libraries_symbols_footprints,gitlab_kicad_libraries,https://gitlab.com/kicad/libraries/kicad-footprints/-/tree/master/IC/IC_1
url_003167--gitlab.com-kicad-libraries-kicad-footprints-tree-master-IC-IC_10.md,url_003167,gitlab.com,04_kicad_libraries_symbols_footprints,gitlab_kicad_libraries,https://gitlab.com/kicad/libraries/kicad-footprints/-/tree/master/IC/IC_10
url_003168--gitlab.com-kicad-libraries-kicad-footprints-tree-master-IC-IC_11.md,url_003168,gitlab.com,04_kicad_libraries_symbols_footprints,gitlab_kicad_libraries,https://gitlab.com/kicad/libraries/kicad-footprints/-/tree/master/IC/IC_11
url_003169--gitlab.com-kicad-libraries-kicad-footprints-tree-master-IC-IC_12.md,url_003169,gitlab.com,04_kicad_libraries_symbols_footprints,gitlab_kicad_libraries,https://gitlab.com/kicad/libraries/kicad-footprints/-/tree/master/IC/IC_12
url_003170--gitlab.com-kicad-libraries-kicad-footprints-tree-master-IC-IC_13.md,url_003170,gitlab.com,04_kicad_libraries_symbols_footprints,gitlab_kicad_libraries,https://gitlab.com/kicad/libraries/kicad-footprints/-/tree/master/IC/IC_13
url_003171--gitlab.com-kicad-libraries-kicad-footprints-tree-master-IC-IC_14.md,url_003171,gitlab.com,04_kicad_libraries_symbols_footprints,gitlab_kicad_libraries,https://gitlab.com/kicad/libraries/kicad-footprints/-/tree/master/IC/IC_14
url_003172--gitlab.com-kicad-libraries-kicad-footprints-tree-master-IC-IC_15.md,url_003172,gitlab.com,04_kicad_libraries_symbols_footprints,gitlab_kicad_libraries,https://gitlab.com/kicad/libraries/kicad-footprints/-/tree/master/IC/IC_15
url_003173--gitlab.com-kicad-libraries-kicad-footprints-tree-master-IC-IC_16.md,url_003173,gitlab.com,04_kicad_libraries_symbols_footprints,gitlab_kicad_libraries,https://gitlab.com/kicad/libraries/kicad-footprints/-/tree/master/IC/IC_16
url_003174--gitlab.com-kicad-libraries-kicad-footprints-tree-master-IC-IC_17.md,url_003174,gitlab.com,04_kicad_libraries_symbols_footprints,gitlab_kicad_libraries,https://gitlab.com/kicad/libraries/kicad-footprints/-/tree/master/IC/IC_17
url_003175--gitlab.com-kicad-libraries-kicad-footprints-tree-master-IC-IC_18.md,url_003175,gitlab.com,04_kicad_libraries_symbols_footprints,gitlab_kicad_libraries,https://gitlab.com/kicad/libraries/kicad-footprints/-/tree/master/IC/IC_18
url_003176--gitlab.com-kicad-libraries-kicad-footprints-tree-master-IC-IC_19.md,url_003176,gitlab.com,04_kicad_libraries_symbols_footprints,gitlab_kicad_libraries,https://gitlab.com/kicad/libraries/kicad-footprints/-/tree/master/IC/IC_19
url_003177--gitlab.com-kicad-libraries-kicad-footprints-tree-master-IC-IC_2.md,url_003177,gitlab.com,04_kicad_libraries_symbols_footprints,gitlab_kicad_libraries,https://gitlab.com/kicad/libraries/kicad-footprints/-/tree/master/IC/IC_2
url_003178--gitlab.com-kicad-libraries-kicad-footprints-tree-master-IC-IC_20.md,url_003178,gitlab.com,04_kicad_libraries_symbols_footprints,gitlab_kicad_libraries,https://gitlab.com/kicad/libraries/kicad-footprints/-/tree/master/IC/IC_20
url_003179--gitlab.com-kicad-libraries-kicad-footprints-tree-master-IC-IC_3.md,url_003179,gitlab.com,04_kicad_libraries_symbols_footprints,gitlab_kicad_libraries,https://gitlab.com/kicad/libraries/kicad-footprints/-/tree/master/IC/IC_3
url_003180--gitlab.com-kicad-libraries-kicad-footprints-tree-master-IC-IC_4.md,url_003180,gitlab.com,04_kicad_libraries_symbols_footprints,gitlab_kicad_libraries,https://gitlab.com/kicad/libraries/kicad-footprints/-/tree/master/IC/IC_4
url_003181--gitlab.com-kicad-libraries-kicad-footprints-tree-master-IC-IC_5.md,url_003181,gitlab.com,04_kicad_libraries_symbols_footprints,gitlab_kicad_libraries,https://gitlab.com/kicad/libraries/kicad-footprints/-/tree/master/IC/IC_5
url_003182--gitlab.com-kicad-libraries-kicad-footprints-tree-master-IC-IC_6.md,url_003182,gitlab.com,04_kicad_libraries_symbols_footprints,gitlab_kicad_libraries,https://gitlab.com/kicad/libraries/kicad-footprints/-/tree/master/IC/IC_6
url_003183--gitlab.com-kicad-libraries-kicad-footprints-tree-master-IC-IC_7.md,url_003183,gitlab.com,04_kicad_libraries_symbols_footprints,gitlab_kicad_libraries,https://gitlab.com/kicad/libraries/kicad-footprints/-/tree/master/IC/IC_7
url_003184--gitlab.com-kicad-libraries-kicad-footprints-tree-master-IC-IC_8.md,url_003184,gitlab.com,04_kicad_libraries_symbols_footprints,gitlab_kicad_libraries,https://gitlab.com/kicad/libraries/kicad-footprints/-/tree/master/IC/IC_8
url_003185--gitlab.com-kicad-libraries-kicad-footprints-tree-master-IC-IC_9.md,url_003185,gitlab.com,04_kicad_libraries_symbols_footprints,gitlab_kicad_libraries,https://gitlab.com/kicad/libraries/kicad-footprints/-/tree/master/IC/IC_9
url_003186--gitlab.com-kicad-libraries-kicad-footprints-tree-master-IC-IC_SMD_1.md,url_003186,gitlab.com,04_kicad_libraries_symbols_footprints,gitlab_kicad_libraries,https://gitlab.com/kicad/libraries/kicad-footprints/-/tree/master/IC/IC_SMD_1
url_003187--gitlab.com-kicad-libraries-kicad-footprints-tree-master-IC-IC_SMD_10.md,url_003187,gitlab.com,04_kicad_libraries_symbols_footprints,gitlab_kicad_libraries,https://gitlab.com/kicad/libraries/kicad-footprints/-/tree/master/IC/IC_SMD_10
url_003188--gitlab.com-kicad-libraries-kicad-footprints-tree-master-IC-IC_SMD_11.md,url_003188,gitlab.com,04_kicad_libraries_symbols_footprints,gitlab_kicad_libraries,https://gitlab.com/kicad/libraries/kicad-footprints/-/tree/master/IC/IC_SMD_11
url_003189--gitlab.com-kicad-libraries-kicad-footprints-tree-master-IC-IC_SMD_12.md,url_003189,gitlab.com,04_kicad_libraries_symbols_footprints,gitlab_kicad_libraries,https://gitlab.com/kicad/libraries/kicad-footprints/-/tree/master/IC/IC_SMD_12
url_003190--gitlab.com-kicad-libraries-kicad-footprints-tree-master-IC-IC_SMD_2.md,url_003190,gitlab.com,04_kicad_libraries_symbols_footprints,gitlab_kicad_libraries,https://gitlab.com/kicad/libraries/kicad-footprints/-/tree/master/IC/IC_SMD_2
url_003191--gitlab.com-kicad-libraries-kicad-footprints-tree-master-IC-IC_SMD_3.md,url_003191,gitlab.com,04_kicad_libraries_symbols_footprints,gitlab_kicad_libraries,https://gitlab.com/kicad/libraries/kicad-footprints/-/tree/master/IC/IC_SMD_3
url_003192--gitlab.com-kicad-libraries-kicad-footprints-tree-master-IC-IC_SMD_4.md,url_003192,gitlab.com,04_kicad_libraries_symbols_footprints,gitlab_kicad_libraries,https://gitlab.com/kicad/libraries/kicad-footprints/-/tree/master/IC/IC_SMD_4
url_003193--gitlab.com-kicad-libraries-kicad-footprints-tree-master-IC-IC_SMD_5.md,url_003193,gitlab.com,04_kicad_libraries_symbols_footprints,gitlab_kicad_libraries,https://gitlab.com/kicad/libraries/kicad-footprints/-/tree/master/IC/IC_SMD_5
url_003194--gitlab.com-kicad-libraries-kicad-footprints-tree-master-IC-IC_SMD_6.md,url_003194,gitlab.com,04_kicad_libraries_symbols_footprints,gitlab_kicad_libraries,https://gitlab.com/kicad/libraries/kicad-footprints/-/tree/master/IC/IC_SMD_6
url_003195--gitlab.com-kicad-libraries-kicad-footprints-tree-master-IC-IC_SMD_7.md,url_003195,gitlab.com,04_kicad_libraries_symbols_footprints,gitlab_kicad_libraries,https://gitlab.com/kicad/libraries/kicad-footprints/-/tree/master/IC/IC_SMD_7
url_003196--gitlab.com-kicad-libraries-kicad-footprints-tree-master-IC-IC_SMD_8.md,url_003196,gitlab.com,04_kicad_libraries_symbols_footprints,gitlab_kicad_libraries,https://gitlab.com/kicad/libraries/kicad-footprints/-/tree/master/IC/IC_SMD_8
url_003197--gitlab.com-kicad-libraries-kicad-footprints-tree-master-IC-IC_SMD_9.md,url_003197,gitlab.com,04_kicad_libraries_symbols_footprints,gitlab_kicad_libraries,https://gitlab.com/kicad/libraries/kicad-footprints/-/tree/master/IC/IC_SMD_9
url_003198--gitlab.com-kicad-libraries-kicad-footprints-tree-master-Inductor-Inductor_SMD_1.md,url_003198,gitlab.com,04_kicad_libraries_symbols_footprints,gitlab_kicad_libraries,https://gitlab.com/kicad/libraries/kicad-footprints/-/tree/master/Inductor/Inductor_SMD_1
url_003199--gitlab.com-kicad-libraries-kicad-footprints-tree-master-Inductor-Inductor_SMD_10.md,url_003199,gitlab.com,04_kicad_libraries_symbols_footprints,gitlab_kicad_libraries,https://gitlab.com/kicad/libraries/kicad-footprints/-/tree/master/Inductor/Inductor_SMD_10
url_003200--gitlab.com-kicad-libraries-kicad-footprints-tree-master-Inductor-Inductor_SMD_11.md,url_003200,gitlab.com,04_kicad_libraries_symbols_footprints,gitlab_kicad_libraries,https://gitlab.com/kicad/libraries/kicad-footprints/-/tree/master/Inductor/Inductor_SMD_11
url_003201--gitlab.com-kicad-libraries-kicad-footprints-tree-master-Inductor-Inductor_SMD_12.md,url_003201,gitlab.com,04_kicad_libraries_symbols_footprints,gitlab_kicad_libraries,https://gitlab.com/kicad/libraries/kicad-footprints/-/tree/master/Inductor/Inductor_SMD_12
url_003202--gitlab.com-kicad-libraries-kicad-footprints-tree-master-Inductor-Inductor_SMD_2.md,url_003202,gitlab.com,04_kicad_libraries_symbols_footprints,gitlab_kicad_libraries,https://gitlab.com/kicad/libraries/kicad-footprints/-/tree/master/Inductor/Inductor_SMD_2
url_003203--gitlab.com-kicad-libraries-kicad-footprints-tree-master-Inductor-Inductor_SMD_3.md,url_003203,gitlab.com,04_kicad_libraries_symbols_footprints,gitlab_kicad_libraries,https://gitlab.com/kicad/libraries/kicad-footprints/-/tree/master/Inductor/Inductor_SMD_3
url_003204--gitlab.com-kicad-libraries-kicad-footprints-tree-master-Inductor-Inductor_SMD_4.md,url_003204,gitlab.com,04_kicad_libraries_symbols_footprints,gitlab_kicad_libraries,https://gitlab.com/kicad/libraries/kicad-footprints/-/tree/master/Inductor/Inductor_SMD_4
url_003205--gitlab.com-kicad-libraries-kicad-footprints-tree-master-Inductor-Inductor_SMD_5.md,url_003205,gitlab.com,04_kicad_libraries_symbols_footprints,gitlab_kicad_libraries,https://gitlab.com/kicad/libraries/kicad-footprints/-/tree/master/Inductor/Inductor_SMD_5
url_003206--gitlab.com-kicad-libraries-kicad-footprints-tree-master-Inductor-Inductor_SMD_6.md,url_003206,gitlab.com,04_kicad_libraries_symbols_footprints,gitlab_kicad_libraries,https://gitlab.com/kicad/libraries/kicad-footprints/-/tree/master/Inductor/Inductor_SMD_6
url_003207--gitlab.com-kicad-libraries-kicad-footprints-tree-master-Inductor-Inductor_SMD_7.md,url_003207,gitlab.com,04_kicad_libraries_symbols_footprints,gitlab_kicad_libraries,https://gitlab.com/kicad/libraries/kicad-footprints/-/tree/master/Inductor/Inductor_SMD_7
url_003208--gitlab.com-kicad-libraries-kicad-footprints-tree-master-Inductor-Inductor_SMD_8.md,url_003208,gitlab.com,04_kicad_libraries_symbols_footprints,gitlab_kicad_libraries,https://gitlab.com/kicad/libraries/kicad-footprints/-/tree/master/Inductor/Inductor_SMD_8
url_003209--gitlab.com-kicad-libraries-kicad-footprints-tree-master-Inductor-Inductor_SMD_9.md,url_003209,gitlab.com,04_kicad_libraries_symbols_footprints,gitlab_kicad_libraries,https://gitlab.com/kicad/libraries/kicad-footprints/-/tree/master/Inductor/Inductor_SMD_9
url_003210--gitlab.com-kicad-libraries-kicad-footprints-tree-master-Module.pretty.md,url_003210,gitlab.com,04_kicad_libraries_symbols_footprints,gitlab_kicad_libraries,https://gitlab.com/kicad/libraries/kicad-footprints/-/tree/master/Module.pretty
url_003211--gitlab.com-kicad-libraries-kicad-footprints-tree-master-Oscillator-Oscillator_SMD_1.md,url_003211,gitlab.com,04_kicad_libraries_symbols_footprints,gitlab_kicad_libraries,https://gitlab.com/kicad/libraries/kicad-footprints/-/tree/master/Oscillator/Oscillator_SMD_1
url_003212--gitlab.com-kicad-libraries-kicad-footprints-tree-master-Oscillator-Oscillator_SMD_10.md,url_003212,gitlab.com,04_kicad_libraries_symbols_footprints,gitlab_kicad_libraries,https://gitlab.com/kicad/libraries/kicad-footprints/-/tree/master/Oscillator/Oscillator_SMD_10
url_003213--gitlab.com-kicad-libraries-kicad-footprints-tree-master-Oscillator-Oscillator_SMD_11.md,url_003213,gitlab.com,04_kicad_libraries_symbols_footprints,gitlab_kicad_libraries,https://gitlab.com/kicad/libraries/kicad-footprints/-/tree/master/Oscillator/Oscillator_SMD_11
url_003214--gitlab.com-kicad-libraries-kicad-footprints-tree-master-Oscillator-Oscillator_SMD_12.md,url_003214,gitlab.com,04_kicad_libraries_symbols_footprints,gitlab_kicad_libraries,https://gitlab.com/kicad/libraries/kicad-footprints/-/tree/master/Oscillator/Oscillator_SMD_12
url_003215--gitlab.com-kicad-libraries-kicad-footprints-tree-master-Oscillator-Oscillator_SMD_2.md,url_003215,gitlab.com,04_kicad_libraries_symbols_footprints,gitlab_kicad_libraries,https://gitlab.com/kicad/libraries/kicad-footprints/-/tree/master/Oscillator/Oscillator_SMD_2
url_003216--gitlab.com-kicad-libraries-kicad-footprints-tree-master-Oscillator-Oscillator_SMD_3.md,url_003216,gitlab.com,04_kicad_libraries_symbols_footprints,gitlab_kicad_libraries,https://gitlab.com/kicad/libraries/kicad-footprints/-/tree/master/Oscillator/Oscillator_SMD_3
url_003217--gitlab.com-kicad-libraries-kicad-footprints-tree-master-Oscillator-Oscillator_SMD_4.md,url_003217,gitlab.com,04_kicad_libraries_symbols_footprints,gitlab_kicad_libraries,https://gitlab.com/kicad/libraries/kicad-footprints/-/tree/master/Oscillator/Oscillator_SMD_4
url_003218--gitlab.com-kicad-libraries-kicad-footprints-tree-master-Oscillator-Oscillator_SMD_5.md,url_003218,gitlab.com,04_kicad_libraries_symbols_footprints,gitlab_kicad_libraries,https://gitlab.com/kicad/libraries/kicad-footprints/-/tree/master/Oscillator/Oscillator_SMD_5
url_003219--gitlab.com-kicad-libraries-kicad-footprints-tree-master-Oscillator-Oscillator_SMD_6.md,url_003219,gitlab.com,04_kicad_libraries_symbols_footprints,gitlab_kicad_libraries,https://gitlab.com/kicad/libraries/kicad-footprints/-/tree/master/Oscillator/Oscillator_SMD_6
url_003220--gitlab.com-kicad-libraries-kicad-footprints-tree-master-Oscillator-Oscillator_SMD_7.md,url_003220,gitlab.com,04_kicad_libraries_symbols_footprints,gitlab_kicad_libraries,https://gitlab.com/kicad/libraries/kicad-footprints/-/tree/master/Oscillator/Oscillator_SMD_7
url_003221--gitlab.com-kicad-libraries-kicad-footprints-tree-master-Oscillator-Oscillator_SMD_8.md,url_003221,gitlab.com,04_kicad_libraries_symbols_footprints,gitlab_kicad_libraries,https://gitlab.com/kicad/libraries/kicad-footprints/-/tree/master/Oscillator/Oscillator_SMD_8
url_003222--gitlab.com-kicad-libraries-kicad-footprints-tree-master-Oscillator-Oscillator_SMD_9.md,url_003222,gitlab.com,04_kicad_libraries_symbols_footprints,gitlab_kicad_libraries,https://gitlab.com/kicad/libraries/kicad-footprints/-/tree/master/Oscillator/Oscillator_SMD_9
url_003223--gitlab.com-kicad-libraries-kicad-footprints-tree-master-Package_BGA.pretty.md,url_003223,gitlab.com,04_kicad_libraries_symbols_footprints,gitlab_kicad_libraries,https://gitlab.com/kicad/libraries/kicad-footprints/-/tree/master/Package_BGA.pretty
url_003224--gitlab.com-kicad-libraries-kicad-footprints-tree-master-Package_CSP.pretty.md,url_003224,gitlab.com,04_kicad_libraries_symbols_footprints,gitlab_kicad_libraries,https://gitlab.com/kicad/libraries/kicad-footprints/-/tree/master/Package_CSP.pretty
url_003225--gitlab.com-kicad-libraries-kicad-footprints-tree-master-Package_DFN_QFN.pretty.md,url_003225,gitlab.com,04_kicad_libraries_symbols_footprints,gitlab_kicad_libraries,https://gitlab.com/kicad/libraries/kicad-footprints/-/tree/master/Package_DFN_QFN.pretty
url_003226--gitlab.com-kicad-libraries-kicad-footprints-tree-master-Package_LGA.pretty.md,url_003226,gitlab.com,04_kicad_libraries_symbols_footprints,gitlab_kicad_libraries,https://gitlab.com/kicad/libraries/kicad-footprints/-/tree/master/Package_LGA.pretty
url_003227--gitlab.com-kicad-libraries-kicad-footprints-tree-master-Package_QFP.pretty.md,url_003227,gitlab.com,04_kicad_libraries_symbols_footprints,gitlab_kicad_libraries,https://gitlab.com/kicad/libraries/kicad-footprints/-/tree/master/Package_QFP.pretty
url_003228--gitlab.com-kicad-libraries-kicad-footprints-tree-master-Package_SO.pretty.md,url_003228,gitlab.com,04_kicad_libraries_symbols_footprints,gitlab_kicad_libraries,https://gitlab.com/kicad/libraries/kicad-footprints/-/tree/master/Package_SO.pretty
url_003229--gitlab.com-kicad-libraries-kicad-footprints-tree-master-Package_TO_SOT_SMD.pretty.md,url_003229,gitlab.com,04_kicad_libraries_symbols_footprints,gitlab_kicad_libraries,https://gitlab.com/kicad/libraries/kicad-footprints/-/tree/master/Package_TO_SOT_SMD.pretty
url_003230--gitlab.com-kicad-libraries-kicad-footprints-tree-master-Potentiometer-Potentiometer_SMD_1.md,url_003230,gitlab.com,04_kicad_libraries_symbols_footprints,gitlab_kicad_libraries,https://gitlab.com/kicad/libraries/kicad-footprints/-/tree/master/Potentiometer/Potentiometer_SMD_1
url_003231--gitlab.com-kicad-libraries-kicad-footprints-tree-master-Potentiometer-Potentiometer_SMD_10.md,url_003231,gitlab.com,04_kicad_libraries_symbols_footprints,gitlab_kicad_libraries,https://gitlab.com/kicad/libraries/kicad-footprints/-/tree/master/Potentiometer/Potentiometer_SMD_10
url_003232--gitlab.com-kicad-libraries-kicad-footprints-tree-master-Potentiometer-Potentiometer_SMD_11.md,url_003232,gitlab.com,04_kicad_libraries_symbols_footprints,gitlab_kicad_libraries,https://gitlab.com/kicad/libraries/kicad-footprints/-/tree/master/Potentiometer/Potentiometer_SMD_11
url_003233--gitlab.com-kicad-libraries-kicad-footprints-tree-master-Potentiometer-Potentiometer_SMD_12.md,url_003233,gitlab.com,04_kicad_libraries_symbols_footprints,gitlab_kicad_libraries,https://gitlab.com/kicad/libraries/kicad-footprints/-/tree/master/Potentiometer/Potentiometer_SMD_12
url_003234--gitlab.com-kicad-libraries-kicad-footprints-tree-master-Potentiometer-Potentiometer_SMD_2.md,url_003234,gitlab.com,04_kicad_libraries_symbols_footprints,gitlab_kicad_libraries,https://gitlab.com/kicad/libraries/kicad-footprints/-/tree/master/Potentiometer/Potentiometer_SMD_2
url_003235--gitlab.com-kicad-libraries-kicad-footprints-tree-master-Potentiometer-Potentiometer_SMD_3.md,url_003235,gitlab.com,04_kicad_libraries_symbols_footprints,gitlab_kicad_libraries,https://gitlab.com/kicad/libraries/kicad-footprints/-/tree/master/Potentiometer/Potentiometer_SMD_3
url_003236--gitlab.com-kicad-libraries-kicad-footprints-tree-master-Potentiometer-Potentiometer_SMD_4.md,url_003236,gitlab.com,04_kicad_libraries_symbols_footprints,gitlab_kicad_libraries,https://gitlab.com/kicad/libraries/kicad-footprints/-/tree/master/Potentiometer/Potentiometer_SMD_4
url_003237--gitlab.com-kicad-libraries-kicad-footprints-tree-master-Potentiometer-Potentiometer_SMD_5.md,url_003237,gitlab.com,04_kicad_libraries_symbols_footprints,gitlab_kicad_libraries,https://gitlab.com/kicad/libraries/kicad-footprints/-/tree/master/Potentiometer/Potentiometer_SMD_5
url_003238--gitlab.com-kicad-libraries-kicad-footprints-tree-master-Potentiometer-Potentiometer_SMD_6.md,url_003238,gitlab.com,04_kicad_libraries_symbols_footprints,gitlab_kicad_libraries,https://gitlab.com/kicad/libraries/kicad-footprints/-/tree/master/Potentiometer/Potentiometer_SMD_6
url_003239--gitlab.com-kicad-libraries-kicad-footprints-tree-master-Potentiometer-Potentiometer_SMD_7.md,url_003239,gitlab.com,04_kicad_libraries_symbols_footprints,gitlab_kicad_libraries,https://gitlab.com/kicad/libraries/kicad-footprints/-/tree/master/Potentiometer/Potentiometer_SMD_7
url_003240--gitlab.com-kicad-libraries-kicad-footprints-tree-master-Potentiometer-Potentiometer_SMD_8.md,url_003240,gitlab.com,04_kicad_libraries_symbols_footprints,gitlab_kicad_libraries,https://gitlab.com/kicad/libraries/kicad-footprints/-/tree/master/Potentiometer/Potentiometer_SMD_8
url_003241--gitlab.com-kicad-libraries-kicad-footprints-tree-master-Potentiometer-Potentiometer_SMD_9.md,url_003241,gitlab.com,04_kicad_libraries_symbols_footprints,gitlab_kicad_libraries,https://gitlab.com/kicad/libraries/kicad-footprints/-/tree/master/Potentiometer/Potentiometer_SMD_9
url_003242--gitlab.com-kicad-libraries-kicad-footprints-tree-master-Relay-Relay_SMD_1.md,url_003242,gitlab.com,04_kicad_libraries_symbols_footprints,gitlab_kicad_libraries,https://gitlab.com/kicad/libraries/kicad-footprints/-/tree/master/Relay/Relay_SMD_1
url_003243--gitlab.com-kicad-libraries-kicad-footprints-tree-master-Relay-Relay_SMD_10.md,url_003243,gitlab.com,04_kicad_libraries_symbols_footprints,gitlab_kicad_libraries,https://gitlab.com/kicad/libraries/kicad-footprints/-/tree/master/Relay/Relay_SMD_10
url_003244--gitlab.com-kicad-libraries-kicad-footprints-tree-master-Relay-Relay_SMD_11.md,url_003244,gitlab.com,04_kicad_libraries_symbols_footprints,gitlab_kicad_libraries,https://gitlab.com/kicad/libraries/kicad-footprints/-/tree/master/Relay/Relay_SMD_11
url_003245--gitlab.com-kicad-libraries-kicad-footprints-tree-master-Relay-Relay_SMD_12.md,url_003245,gitlab.com,04_kicad_libraries_symbols_footprints,gitlab_kicad_libraries,https://gitlab.com/kicad/libraries/kicad-footprints/-/tree/master/Relay/Relay_SMD_12
url_003246--gitlab.com-kicad-libraries-kicad-footprints-tree-master-Relay-Relay_SMD_2.md,url_003246,gitlab.com,04_kicad_libraries_symbols_footprints,gitlab_kicad_libraries,https://gitlab.com/kicad/libraries/kicad-footprints/-/tree/master/Relay/Relay_SMD_2
url_003247--gitlab.com-kicad-libraries-kicad-footprints-tree-master-Relay-Relay_SMD_3.md,url_003247,gitlab.com,04_kicad_libraries_symbols_footprints,gitlab_kicad_libraries,https://gitlab.com/kicad/libraries/kicad-footprints/-/tree/master/Relay/Relay_SMD_3
url_003248--gitlab.com-kicad-libraries-kicad-footprints-tree-master-Relay-Relay_SMD_4.md,url_003248,gitlab.com,04_kicad_libraries_symbols_footprints,gitlab_kicad_libraries,https://gitlab.com/kicad/libraries/kicad-footprints/-/tree/master/Relay/Relay_SMD_4
url_003249--gitlab.com-kicad-libraries-kicad-footprints-tree-master-Relay-Relay_SMD_5.md,url_003249,gitlab.com,04_kicad_libraries_symbols_footprints,gitlab_kicad_libraries,https://gitlab.com/kicad/libraries/kicad-footprints/-/tree/master/Relay/Relay_SMD_5
url_003250--gitlab.com-kicad-libraries-kicad-footprints-tree-master-Relay-Relay_SMD_6.md,url_003250,gitlab.com,04_kicad_libraries_symbols_footprints,gitlab_kicad_libraries,https://gitlab.com/kicad/libraries/kicad-footprints/-/tree/master/Relay/Relay_SMD_6
url_003251--gitlab.com-kicad-libraries-kicad-footprints-tree-master-Relay-Relay_SMD_7.md,url_003251,gitlab.com,04_kicad_libraries_symbols_footprints,gitlab_kicad_libraries,https://gitlab.com/kicad/libraries/kicad-footprints/-/tree/master/Relay/Relay_SMD_7
url_003252--gitlab.com-kicad-libraries-kicad-footprints-tree-master-Relay-Relay_SMD_8.md,url_003252,gitlab.com,04_kicad_libraries_symbols_footprints,gitlab_kicad_libraries,https://gitlab.com/kicad/libraries/kicad-footprints/-/tree/master/Relay/Relay_SMD_8
url_003253--gitlab.com-kicad-libraries-kicad-footprints-tree-master-Relay-Relay_SMD_9.md,url_003253,gitlab.com,04_kicad_libraries_symbols_footprints,gitlab_kicad_libraries,https://gitlab.com/kicad/libraries/kicad-footprints/-/tree/master/Relay/Relay_SMD_9
url_003254--gitlab.com-kicad-libraries-kicad-footprints-tree-master-Resistor_SMD-R1.md,url_003254,gitlab.com,04_kicad_libraries_symbols_footprints,gitlab_kicad_libraries,https://gitlab.com/kicad/libraries/kicad-footprints/-/tree/master/Resistor_SMD/R1
url_003255--gitlab.com-kicad-libraries-kicad-footprints-tree-master-Resistor_SMD-R10.md,url_003255,gitlab.com,04_kicad_libraries_symbols_footprints,gitlab_kicad_libraries,https://gitlab.com/kicad/libraries/kicad-footprints/-/tree/master/Resistor_SMD/R10
url_003256--gitlab.com-kicad-libraries-kicad-footprints-tree-master-Resistor_SMD-R100.md,url_003256,gitlab.com,04_kicad_libraries_symbols_footprints,gitlab_kicad_libraries,https://gitlab.com/kicad/libraries/kicad-footprints/-/tree/master/Resistor_SMD/R100
url_003257--gitlab.com-kicad-libraries-kicad-footprints-tree-master-Resistor_SMD-R11.md,url_003257,gitlab.com,04_kicad_libraries_symbols_footprints,gitlab_kicad_libraries,https://gitlab.com/kicad/libraries/kicad-footprints/-/tree/master/Resistor_SMD/R11
url_003258--gitlab.com-kicad-libraries-kicad-footprints-tree-master-Resistor_SMD-R12.md,url_003258,gitlab.com,04_kicad_libraries_symbols_footprints,gitlab_kicad_libraries,https://gitlab.com/kicad/libraries/kicad-footprints/-/tree/master/Resistor_SMD/R12
url_003259--gitlab.com-kicad-libraries-kicad-footprints-tree-master-Resistor_SMD-R13.md,url_003259,gitlab.com,04_kicad_libraries_symbols_footprints,gitlab_kicad_libraries,https://gitlab.com/kicad/libraries/kicad-footprints/-/tree/master/Resistor_SMD/R13
url_003260--gitlab.com-kicad-libraries-kicad-footprints-tree-master-Resistor_SMD-R14.md,url_003260,gitlab.com,04_kicad_libraries_symbols_footprints,gitlab_kicad_libraries,https://gitlab.com/kicad/libraries/kicad-footprints/-/tree/master/Resistor_SMD/R14
url_003261--gitlab.com-kicad-libraries-kicad-footprints-tree-master-Resistor_SMD-R15.md,url_003261,gitlab.com,04_kicad_libraries_symbols_footprints,gitlab_kicad_libraries,https://gitlab.com/kicad/libraries/kicad-footprints/-/tree/master/Resistor_SMD/R15
url_003262--gitlab.com-kicad-libraries-kicad-footprints-tree-master-Resistor_SMD-R16.md,url_003262,gitlab.com,04_kicad_libraries_symbols_footprints,gitlab_kicad_libraries,https://gitlab.com/kicad/libraries/kicad-footprints/-/tree/master/Resistor_SMD/R16
url_003263--gitlab.com-kicad-libraries-kicad-footprints-tree-master-Resistor_SMD-R17.md,url_003263,gitlab.com,04_kicad_libraries_symbols_footprints,gitlab_kicad_libraries,https://gitlab.com/kicad/libraries/kicad-footprints/-/tree/master/Resistor_SMD/R17
url_003264--gitlab.com-kicad-libraries-kicad-footprints-tree-master-Resistor_SMD-R18.md,url_003264,gitlab.com,04_kicad_libraries_symbols_footprints,gitlab_kicad_libraries,https://gitlab.com/kicad/libraries/kicad-footprints/-/tree/master/Resistor_SMD/R18
url_003265--gitlab.com-kicad-libraries-kicad-footprints-tree-master-Resistor_SMD-R19.md,url_003265,gitlab.com,04_kicad_libraries_symbols_footprints,gitlab_kicad_libraries,https://gitlab.com/kicad/libraries/kicad-footprints/-/tree/master/Resistor_SMD/R19
url_003266--gitlab.com-kicad-libraries-kicad-footprints-tree-master-Resistor_SMD-R2.md,url_003266,gitlab.com,04_kicad_libraries_symbols_footprints,gitlab_kicad_libraries,https://gitlab.com/kicad/libraries/kicad-footprints/-/tree/master/Resistor_SMD/R2
url_003267--gitlab.com-kicad-libraries-kicad-footprints-tree-master-Resistor_SMD-R20.md,url_003267,gitlab.com,04_kicad_libraries_symbols_footprints,gitlab_kicad_libraries,https://gitlab.com/kicad/libraries/kicad-footprints/-/tree/master/Resistor_SMD/R20
url_003268--gitlab.com-kicad-libraries-kicad-footprints-tree-master-Resistor_SMD-R21.md,url_003268,gitlab.com,04_kicad_libraries_symbols_footprints,gitlab_kicad_libraries,https://gitlab.com/kicad/libraries/kicad-footprints/-/tree/master/Resistor_SMD/R21
url_003269--gitlab.com-kicad-libraries-kicad-footprints-tree-master-Resistor_SMD-R22.md,url_003269,gitlab.com,04_kicad_libraries_symbols_footprints,gitlab_kicad_libraries,https://gitlab.com/kicad/libraries/kicad-footprints/-/tree/master/Resistor_SMD/R22
url_003270--gitlab.com-kicad-libraries-kicad-footprints-tree-master-Resistor_SMD-R23.md,url_003270,gitlab.com,04_kicad_libraries_symbols_footprints,gitlab_kicad_libraries,https://gitlab.com/kicad/libraries/kicad-footprints/-/tree/master/Resistor_SMD/R23
url_003271--gitlab.com-kicad-libraries-kicad-footprints-tree-master-Resistor_SMD-R24.md,url_003271,gitlab.com,04_kicad_libraries_symbols_footprints,gitlab_kicad_libraries,https://gitlab.com/kicad/libraries/kicad-footprints/-/tree/master/Resistor_SMD/R24
url_003272--gitlab.com-kicad-libraries-kicad-footprints-tree-master-Resistor_SMD-R25.md,url_003272,gitlab.com,04_kicad_libraries_symbols_footprints,gitlab_kicad_libraries,https://gitlab.com/kicad/libraries/kicad-footprints/-/tree/master/Resistor_SMD/R25
url_003273--gitlab.com-kicad-libraries-kicad-footprints-tree-master-Resistor_SMD-R26.md,url_003273,gitlab.com,04_kicad_libraries_symbols_footprints,gitlab_kicad_libraries,https://gitlab.com/kicad/libraries/kicad-footprints/-/tree/master/Resistor_SMD/R26
url_003274--gitlab.com-kicad-libraries-kicad-footprints-tree-master-Resistor_SMD-R27.md,url_003274,gitlab.com,04_kicad_libraries_symbols_footprints,gitlab_kicad_libraries,https://gitlab.com/kicad/libraries/kicad-footprints/-/tree/master/Resistor_SMD/R27
url_003275--gitlab.com-kicad-libraries-kicad-footprints-tree-master-Resistor_SMD-R28.md,url_003275,gitlab.com,04_kicad_libraries_symbols_footprints,gitlab_kicad_libraries,https://gitlab.com/kicad/libraries/kicad-footprints/-/tree/master/Resistor_SMD/R28
url_003276--gitlab.com-kicad-libraries-kicad-footprints-tree-master-Resistor_SMD-R29.md,url_003276,gitlab.com,04_kicad_libraries_symbols_footprints,gitlab_kicad_libraries,https://gitlab.com/kicad/libraries/kicad-footprints/-/tree/master/Resistor_SMD/R29
url_003277--gitlab.com-kicad-libraries-kicad-footprints-tree-master-Resistor_SMD-R3.md,url_003277,gitlab.com,04_kicad_libraries_symbols_footprints,gitlab_kicad_libraries,https://gitlab.com/kicad/libraries/kicad-footprints/-/tree/master/Resistor_SMD/R3
url_003278--gitlab.com-kicad-libraries-kicad-footprints-tree-master-Resistor_SMD-R30.md,url_003278,gitlab.com,04_kicad_libraries_symbols_footprints,gitlab_kicad_libraries,https://gitlab.com/kicad/libraries/kicad-footprints/-/tree/master/Resistor_SMD/R30
url_003279--gitlab.com-kicad-libraries-kicad-footprints-tree-master-Resistor_SMD-R31.md,url_003279,gitlab.com,04_kicad_libraries_symbols_footprints,gitlab_kicad_libraries,https://gitlab.com/kicad/libraries/kicad-footprints/-/tree/master/Resistor_SMD/R31
url_003280--gitlab.com-kicad-libraries-kicad-footprints-tree-master-Resistor_SMD-R32.md,url_003280,gitlab.com,04_kicad_libraries_symbols_footprints,gitlab_kicad_libraries,https://gitlab.com/kicad/libraries/kicad-footprints/-/tree/master/Resistor_SMD/R32
url_003281--gitlab.com-kicad-libraries-kicad-footprints-tree-master-Resistor_SMD-R33.md,url_003281,gitlab.com,04_kicad_libraries_symbols_footprints,gitlab_kicad_libraries,https://gitlab.com/kicad/libraries/kicad-footprints/-/tree/master/Resistor_SMD/R33
url_003282--gitlab.com-kicad-libraries-kicad-footprints-tree-master-Resistor_SMD-R34.md,url_003282,gitlab.com,04_kicad_libraries_symbols_footprints,gitlab_kicad_libraries,https://gitlab.com/kicad/libraries/kicad-footprints/-/tree/master/Resistor_SMD/R34
url_003283--gitlab.com-kicad-libraries-kicad-footprints-tree-master-Resistor_SMD-R35.md,url_003283,gitlab.com,04_kicad_libraries_symbols_footprints,gitlab_kicad_libraries,https://gitlab.com/kicad/libraries/kicad-footprints/-/tree/master/Resistor_SMD/R35
url_003284--gitlab.com-kicad-libraries-kicad-footprints-tree-master-Resistor_SMD-R36.md,url_003284,gitlab.com,04_kicad_libraries_symbols_footprints,gitlab_kicad_libraries,https://gitlab.com/kicad/libraries/kicad-footprints/-/tree/master/Resistor_SMD/R36
url_003285--gitlab.com-kicad-libraries-kicad-footprints-tree-master-Resistor_SMD-R37.md,url_003285,gitlab.com,04_kicad_libraries_symbols_footprints,gitlab_kicad_libraries,https://gitlab.com/kicad/libraries/kicad-footprints/-/tree/master/Resistor_SMD/R37
url_003286--gitlab.com-kicad-libraries-kicad-footprints-tree-master-Resistor_SMD-R38.md,url_003286,gitlab.com,04_kicad_libraries_symbols_footprints,gitlab_kicad_libraries,https://gitlab.com/kicad/libraries/kicad-footprints/-/tree/master/Resistor_SMD/R38
url_003287--gitlab.com-kicad-libraries-kicad-footprints-tree-master-Resistor_SMD-R39.md,url_003287,gitlab.com,04_kicad_libraries_symbols_footprints,gitlab_kicad_libraries,https://gitlab.com/kicad/libraries/kicad-footprints/-/tree/master/Resistor_SMD/R39
url_003288--gitlab.com-kicad-libraries-kicad-footprints-tree-master-Resistor_SMD-R4.md,url_003288,gitlab.com,04_kicad_libraries_symbols_footprints,gitlab_kicad_libraries,https://gitlab.com/kicad/libraries/kicad-footprints/-/tree/master/Resistor_SMD/R4
url_003289--gitlab.com-kicad-libraries-kicad-footprints-tree-master-Resistor_SMD-R40.md,url_003289,gitlab.com,04_kicad_libraries_symbols_footprints,gitlab_kicad_libraries,https://gitlab.com/kicad/libraries/kicad-footprints/-/tree/master/Resistor_SMD/R40
url_003290--gitlab.com-kicad-libraries-kicad-footprints-tree-master-Resistor_SMD-R41.md,url_003290,gitlab.com,04_kicad_libraries_symbols_footprints,gitlab_kicad_libraries,https://gitlab.com/kicad/libraries/kicad-footprints/-/tree/master/Resistor_SMD/R41
url_003291--gitlab.com-kicad-libraries-kicad-footprints-tree-master-Resistor_SMD-R42.md,url_003291,gitlab.com,04_kicad_libraries_symbols_footprints,gitlab_kicad_libraries,https://gitlab.com/kicad/libraries/kicad-footprints/-/tree/master/Resistor_SMD/R42
url_003292--gitlab.com-kicad-libraries-kicad-footprints-tree-master-Resistor_SMD-R43.md,url_003292,gitlab.com,04_kicad_libraries_symbols_footprints,gitlab_kicad_libraries,https://gitlab.com/kicad/libraries/kicad-footprints/-/tree/master/Resistor_SMD/R43
url_003293--gitlab.com-kicad-libraries-kicad-footprints-tree-master-Resistor_SMD-R44.md,url_003293,gitlab.com,04_kicad_libraries_symbols_footprints,gitlab_kicad_libraries,https://gitlab.com/kicad/libraries/kicad-footprints/-/tree/master/Resistor_SMD/R44
url_003294--gitlab.com-kicad-libraries-kicad-footprints-tree-master-Resistor_SMD-R45.md,url_003294,gitlab.com,04_kicad_libraries_symbols_footprints,gitlab_kicad_libraries,https://gitlab.com/kicad/libraries/kicad-footprints/-/tree/master/Resistor_SMD/R45
url_003295--gitlab.com-kicad-libraries-kicad-footprints-tree-master-Resistor_SMD-R46.md,url_003295,gitlab.com,04_kicad_libraries_symbols_footprints,gitlab_kicad_libraries,https://gitlab.com/kicad/libraries/kicad-footprints/-/tree/master/Resistor_SMD/R46
url_003296--gitlab.com-kicad-libraries-kicad-footprints-tree-master-Resistor_SMD-R47.md,url_003296,gitlab.com,04_kicad_libraries_symbols_footprints,gitlab_kicad_libraries,https://gitlab.com/kicad/libraries/kicad-footprints/-/tree/master/Resistor_SMD/R47
url_003297--gitlab.com-kicad-libraries-kicad-footprints-tree-master-Resistor_SMD-R48.md,url_003297,gitlab.com,04_kicad_libraries_symbols_footprints,gitlab_kicad_libraries,https://gitlab.com/kicad/libraries/kicad-footprints/-/tree/master/Resistor_SMD/R48
url_003298--gitlab.com-kicad-libraries-kicad-footprints-tree-master-Resistor_SMD-R49.md,url_003298,gitlab.com,04_kicad_libraries_symbols_footprints,gitlab_kicad_libraries,https://gitlab.com/kicad/libraries/kicad-footprints/-/tree/master/Resistor_SMD/R49
url_003299--gitlab.com-kicad-libraries-kicad-footprints-tree-master-Resistor_SMD-R5.md,url_003299,gitlab.com,04_kicad_libraries_symbols_footprints,gitlab_kicad_libraries,https://gitlab.com/kicad/libraries/kicad-footprints/-/tree/master/Resistor_SMD/R5
url_003300--gitlab.com-kicad-libraries-kicad-footprints-tree-master-Resistor_SMD-R50.md,url_003300,gitlab.com,04_kicad_libraries_symbols_footprints,gitlab_kicad_libraries,https://gitlab.com/kicad/libraries/kicad-footprints/-/tree/master/Resistor_SMD/R50
url_003301--gitlab.com-kicad-libraries-kicad-footprints-tree-master-Resistor_SMD-R51.md,url_003301,gitlab.com,04_kicad_libraries_symbols_footprints,gitlab_kicad_libraries,https://gitlab.com/kicad/libraries/kicad-footprints/-/tree/master/Resistor_SMD/R51
url_003302--gitlab.com-kicad-libraries-kicad-footprints-tree-master-Resistor_SMD-R52.md,url_003302,gitlab.com,04_kicad_libraries_symbols_footprints,gitlab_kicad_libraries,https://gitlab.com/kicad/libraries/kicad-footprints/-/tree/master/Resistor_SMD/R52
url_003303--gitlab.com-kicad-libraries-kicad-footprints-tree-master-Resistor_SMD-R53.md,url_003303,gitlab.com,04_kicad_libraries_symbols_footprints,gitlab_kicad_libraries,https://gitlab.com/kicad/libraries/kicad-footprints/-/tree/master/Resistor_SMD/R53
url_003304--gitlab.com-kicad-libraries-kicad-footprints-tree-master-Resistor_SMD-R54.md,url_003304,gitlab.com,04_kicad_libraries_symbols_footprints,gitlab_kicad_libraries,https://gitlab.com/kicad/libraries/kicad-footprints/-/tree/master/Resistor_SMD/R54
url_003305--gitlab.com-kicad-libraries-kicad-footprints-tree-master-Resistor_SMD-R55.md,url_003305,gitlab.com,04_kicad_libraries_symbols_footprints,gitlab_kicad_libraries,https://gitlab.com/kicad/libraries/kicad-footprints/-/tree/master/Resistor_SMD/R55
url_003306--gitlab.com-kicad-libraries-kicad-footprints-tree-master-Resistor_SMD-R56.md,url_003306,gitlab.com,04_kicad_libraries_symbols_footprints,gitlab_kicad_libraries,https://gitlab.com/kicad/libraries/kicad-footprints/-/tree/master/Resistor_SMD/R56
url_003307--gitlab.com-kicad-libraries-kicad-footprints-tree-master-Resistor_SMD-R57.md,url_003307,gitlab.com,04_kicad_libraries_symbols_footprints,gitlab_kicad_libraries,https://gitlab.com/kicad/libraries/kicad-footprints/-/tree/master/Resistor_SMD/R57
url_003308--gitlab.com-kicad-libraries-kicad-footprints-tree-master-Resistor_SMD-R58.md,url_003308,gitlab.com,04_kicad_libraries_symbols_footprints,gitlab_kicad_libraries,https://gitlab.com/kicad/libraries/kicad-footprints/-/tree/master/Resistor_SMD/R58
url_003309--gitlab.com-kicad-libraries-kicad-footprints-tree-master-Resistor_SMD-R59.md,url_003309,gitlab.com,04_kicad_libraries_symbols_footprints,gitlab_kicad_libraries,https://gitlab.com/kicad/libraries/kicad-footprints/-/tree/master/Resistor_SMD/R59
url_003310--gitlab.com-kicad-libraries-kicad-footprints-tree-master-Resistor_SMD-R6.md,url_003310,gitlab.com,04_kicad_libraries_symbols_footprints,gitlab_kicad_libraries,https://gitlab.com/kicad/libraries/kicad-footprints/-/tree/master/Resistor_SMD/R6
url_003311--gitlab.com-kicad-libraries-kicad-footprints-tree-master-Resistor_SMD-R60.md,url_003311,gitlab.com,04_kicad_libraries_symbols_footprints,gitlab_kicad_libraries,https://gitlab.com/kicad/libraries/kicad-footprints/-/tree/master/Resistor_SMD/R60
url_003312--gitlab.com-kicad-libraries-kicad-footprints-tree-master-Resistor_SMD-R61.md,url_003312,gitlab.com,04_kicad_libraries_symbols_footprints,gitlab_kicad_libraries,https://gitlab.com/kicad/libraries/kicad-footprints/-/tree/master/Resistor_SMD/R61
url_003313--gitlab.com-kicad-libraries-kicad-footprints-tree-master-Resistor_SMD-R62.md,url_003313,gitlab.com,04_kicad_libraries_symbols_footprints,gitlab_kicad_libraries,https://gitlab.com/kicad/libraries/kicad-footprints/-/tree/master/Resistor_SMD/R62
url_003314--gitlab.com-kicad-libraries-kicad-footprints-tree-master-Resistor_SMD-R63.md,url_003314,gitlab.com,04_kicad_libraries_symbols_footprints,gitlab_kicad_libraries,https://gitlab.com/kicad/libraries/kicad-footprints/-/tree/master/Resistor_SMD/R63
url_003315--gitlab.com-kicad-libraries-kicad-footprints-tree-master-Resistor_SMD-R64.md,url_003315,gitlab.com,04_kicad_libraries_symbols_footprints,gitlab_kicad_libraries,https://gitlab.com/kicad/libraries/kicad-footprints/-/tree/master/Resistor_SMD/R64
url_003316--gitlab.com-kicad-libraries-kicad-footprints-tree-master-Resistor_SMD-R65.md,url_003316,gitlab.com,04_kicad_libraries_symbols_footprints,gitlab_kicad_libraries,https://gitlab.com/kicad/libraries/kicad-footprints/-/tree/master/Resistor_SMD/R65
url_003317--gitlab.com-kicad-libraries-kicad-footprints-tree-master-Resistor_SMD-R66.md,url_003317,gitlab.com,04_kicad_libraries_symbols_footprints,gitlab_kicad_libraries,https://gitlab.com/kicad/libraries/kicad-footprints/-/tree/master/Resistor_SMD/R66
url_003318--gitlab.com-kicad-libraries-kicad-footprints-tree-master-Resistor_SMD-R67.md,url_003318,gitlab.com,04_kicad_libraries_symbols_footprints,gitlab_kicad_libraries,https://gitlab.com/kicad/libraries/kicad-footprints/-/tree/master/Resistor_SMD/R67
url_003319--gitlab.com-kicad-libraries-kicad-footprints-tree-master-Resistor_SMD-R68.md,url_003319,gitlab.com,04_kicad_libraries_symbols_footprints,gitlab_kicad_libraries,https://gitlab.com/kicad/libraries/kicad-footprints/-/tree/master/Resistor_SMD/R68
url_003320--gitlab.com-kicad-libraries-kicad-footprints-tree-master-Resistor_SMD-R69.md,url_003320,gitlab.com,04_kicad_libraries_symbols_footprints,gitlab_kicad_libraries,https://gitlab.com/kicad/libraries/kicad-footprints/-/tree/master/Resistor_SMD/R69
url_003321--gitlab.com-kicad-libraries-kicad-footprints-tree-master-Resistor_SMD-R7.md,url_003321,gitlab.com,04_kicad_libraries_symbols_footprints,gitlab_kicad_libraries,https://gitlab.com/kicad/libraries/kicad-footprints/-/tree/master/Resistor_SMD/R7
url_003322--gitlab.com-kicad-libraries-kicad-footprints-tree-master-Resistor_SMD-R70.md,url_003322,gitlab.com,04_kicad_libraries_symbols_footprints,gitlab_kicad_libraries,https://gitlab.com/kicad/libraries/kicad-footprints/-/tree/master/Resistor_SMD/R70
url_003323--gitlab.com-kicad-libraries-kicad-footprints-tree-master-Resistor_SMD-R71.md,url_003323,gitlab.com,04_kicad_libraries_symbols_footprints,gitlab_kicad_libraries,https://gitlab.com/kicad/libraries/kicad-footprints/-/tree/master/Resistor_SMD/R71
url_003324--gitlab.com-kicad-libraries-kicad-footprints-tree-master-Resistor_SMD-R72.md,url_003324,gitlab.com,04_kicad_libraries_symbols_footprints,gitlab_kicad_libraries,https://gitlab.com/kicad/libraries/kicad-footprints/-/tree/master/Resistor_SMD/R72
url_003325--gitlab.com-kicad-libraries-kicad-footprints-tree-master-Resistor_SMD-R73.md,url_003325,gitlab.com,04_kicad_libraries_symbols_footprints,gitlab_kicad_libraries,https://gitlab.com/kicad/libraries/kicad-footprints/-/tree/master/Resistor_SMD/R73
url_003326--gitlab.com-kicad-libraries-kicad-footprints-tree-master-Resistor_SMD-R74.md,url_003326,gitlab.com,04_kicad_libraries_symbols_footprints,gitlab_kicad_libraries,https://gitlab.com/kicad/libraries/kicad-footprints/-/tree/master/Resistor_SMD/R74
url_003327--gitlab.com-kicad-libraries-kicad-footprints-tree-master-Resistor_SMD-R75.md,url_003327,gitlab.com,04_kicad_libraries_symbols_footprints,gitlab_kicad_libraries,https://gitlab.com/kicad/libraries/kicad-footprints/-/tree/master/Resistor_SMD/R75
url_003328--gitlab.com-kicad-libraries-kicad-footprints-tree-master-Resistor_SMD-R76.md,url_003328,gitlab.com,04_kicad_libraries_symbols_footprints,gitlab_kicad_libraries,https://gitlab.com/kicad/libraries/kicad-footprints/-/tree/master/Resistor_SMD/R76
url_003329--gitlab.com-kicad-libraries-kicad-footprints-tree-master-Resistor_SMD-R77.md,url_003329,gitlab.com,04_kicad_libraries_symbols_footprints,gitlab_kicad_libraries,https://gitlab.com/kicad/libraries/kicad-footprints/-/tree/master/Resistor_SMD/R77
url_003330--gitlab.com-kicad-libraries-kicad-footprints-tree-master-Resistor_SMD-R78.md,url_003330,gitlab.com,04_kicad_libraries_symbols_footprints,gitlab_kicad_libraries,https://gitlab.com/kicad/libraries/kicad-footprints/-/tree/master/Resistor_SMD/R78
url_003331--gitlab.com-kicad-libraries-kicad-footprints-tree-master-Resistor_SMD-R79.md,url_003331,gitlab.com,04_kicad_libraries_symbols_footprints,gitlab_kicad_libraries,https://gitlab.com/kicad/libraries/kicad-footprints/-/tree/master/Resistor_SMD/R79
url_003332--gitlab.com-kicad-libraries-kicad-footprints-tree-master-Resistor_SMD-R8.md,url_003332,gitlab.com,04_kicad_libraries_symbols_footprints,gitlab_kicad_libraries,https://gitlab.com/kicad/libraries/kicad-footprints/-/tree/master/Resistor_SMD/R8
url_003333--gitlab.com-kicad-libraries-kicad-footprints-tree-master-Resistor_SMD-R80.md,url_003333,gitlab.com,04_kicad_libraries_symbols_footprints,gitlab_kicad_libraries,https://gitlab.com/kicad/libraries/kicad-footprints/-/tree/master/Resistor_SMD/R80
url_003334--gitlab.com-kicad-libraries-kicad-footprints-tree-master-Resistor_SMD-R81.md,url_003334,gitlab.com,04_kicad_libraries_symbols_footprints,gitlab_kicad_libraries,https://gitlab.com/kicad/libraries/kicad-footprints/-/tree/master/Resistor_SMD/R81
url_003335--gitlab.com-kicad-libraries-kicad-footprints-tree-master-Resistor_SMD-R82.md,url_003335,gitlab.com,04_kicad_libraries_symbols_footprints,gitlab_kicad_libraries,https://gitlab.com/kicad/libraries/kicad-footprints/-/tree/master/Resistor_SMD/R82
url_003336--gitlab.com-kicad-libraries-kicad-footprints-tree-master-Resistor_SMD-R83.md,url_003336,gitlab.com,04_kicad_libraries_symbols_footprints,gitlab_kicad_libraries,https://gitlab.com/kicad/libraries/kicad-footprints/-/tree/master/Resistor_SMD/R83
url_003337--gitlab.com-kicad-libraries-kicad-footprints-tree-master-Resistor_SMD-R84.md,url_003337,gitlab.com,04_kicad_libraries_symbols_footprints,gitlab_kicad_libraries,https://gitlab.com/kicad/libraries/kicad-footprints/-/tree/master/Resistor_SMD/R84
url_003338--gitlab.com-kicad-libraries-kicad-footprints-tree-master-Resistor_SMD-R85.md,url_003338,gitlab.com,04_kicad_libraries_symbols_footprints,gitlab_kicad_libraries,https://gitlab.com/kicad/libraries/kicad-footprints/-/tree/master/Resistor_SMD/R85
url_003339--gitlab.com-kicad-libraries-kicad-footprints-tree-master-Resistor_SMD-R86.md,url_003339,gitlab.com,04_kicad_libraries_symbols_footprints,gitlab_kicad_libraries,https://gitlab.com/kicad/libraries/kicad-footprints/-/tree/master/Resistor_SMD/R86
url_003340--gitlab.com-kicad-libraries-kicad-footprints-tree-master-Resistor_SMD-R87.md,url_003340,gitlab.com,04_kicad_libraries_symbols_footprints,gitlab_kicad_libraries,https://gitlab.com/kicad/libraries/kicad-footprints/-/tree/master/Resistor_SMD/R87
url_003341--gitlab.com-kicad-libraries-kicad-footprints-tree-master-Resistor_SMD-R88.md,url_003341,gitlab.com,04_kicad_libraries_symbols_footprints,gitlab_kicad_libraries,https://gitlab.com/kicad/libraries/kicad-footprints/-/tree/master/Resistor_SMD/R88
url_003342--gitlab.com-kicad-libraries-kicad-footprints-tree-master-Resistor_SMD-R89.md,url_003342,gitlab.com,04_kicad_libraries_symbols_footprints,gitlab_kicad_libraries,https://gitlab.com/kicad/libraries/kicad-footprints/-/tree/master/Resistor_SMD/R89
url_003343--gitlab.com-kicad-libraries-kicad-footprints-tree-master-Resistor_SMD-R9.md,url_003343,gitlab.com,04_kicad_libraries_symbols_footprints,gitlab_kicad_libraries,https://gitlab.com/kicad/libraries/kicad-footprints/-/tree/master/Resistor_SMD/R9
url_003344--gitlab.com-kicad-libraries-kicad-footprints-tree-master-Resistor_SMD-R90.md,url_003344,gitlab.com,04_kicad_libraries_symbols_footprints,gitlab_kicad_libraries,https://gitlab.com/kicad/libraries/kicad-footprints/-/tree/master/Resistor_SMD/R90
url_003345--gitlab.com-kicad-libraries-kicad-footprints-tree-master-Resistor_SMD-R91.md,url_003345,gitlab.com,04_kicad_libraries_symbols_footprints,gitlab_kicad_libraries,https://gitlab.com/kicad/libraries/kicad-footprints/-/tree/master/Resistor_SMD/R91
url_003346--gitlab.com-kicad-libraries-kicad-footprints-tree-master-Resistor_SMD-R92.md,url_003346,gitlab.com,04_kicad_libraries_symbols_footprints,gitlab_kicad_libraries,https://gitlab.com/kicad/libraries/kicad-footprints/-/tree/master/Resistor_SMD/R92
url_003347--gitlab.com-kicad-libraries-kicad-footprints-tree-master-Resistor_SMD-R93.md,url_003347,gitlab.com,04_kicad_libraries_symbols_footprints,gitlab_kicad_libraries,https://gitlab.com/kicad/libraries/kicad-footprints/-/tree/master/Resistor_SMD/R93
url_003348--gitlab.com-kicad-libraries-kicad-footprints-tree-master-Resistor_SMD-R94.md,url_003348,gitlab.com,04_kicad_libraries_symbols_footprints,gitlab_kicad_libraries,https://gitlab.com/kicad/libraries/kicad-footprints/-/tree/master/Resistor_SMD/R94
url_003349--gitlab.com-kicad-libraries-kicad-footprints-tree-master-Resistor_SMD-R95.md,url_003349,gitlab.com,04_kicad_libraries_symbols_footprints,gitlab_kicad_libraries,https://gitlab.com/kicad/libraries/kicad-footprints/-/tree/master/Resistor_SMD/R95
url_003350--gitlab.com-kicad-libraries-kicad-footprints-tree-master-Resistor_SMD-R96.md,url_003350,gitlab.com,04_kicad_libraries_symbols_footprints,gitlab_kicad_libraries,https://gitlab.com/kicad/libraries/kicad-footprints/-/tree/master/Resistor_SMD/R96
url_003351--gitlab.com-kicad-libraries-kicad-footprints-tree-master-Resistor_SMD-R97.md,url_003351,gitlab.com,04_kicad_libraries_symbols_footprints,gitlab_kicad_libraries,https://gitlab.com/kicad/libraries/kicad-footprints/-/tree/master/Resistor_SMD/R97
url_003352--gitlab.com-kicad-libraries-kicad-footprints-tree-master-Resistor_SMD-R98.md,url_003352,gitlab.com,04_kicad_libraries_symbols_footprints,gitlab_kicad_libraries,https://gitlab.com/kicad/libraries/kicad-footprints/-/tree/master/Resistor_SMD/R98
url_003353--gitlab.com-kicad-libraries-kicad-footprints-tree-master-Resistor_SMD-R99.md,url_003353,gitlab.com,04_kicad_libraries_symbols_footprints,gitlab_kicad_libraries,https://gitlab.com/kicad/libraries/kicad-footprints/-/tree/master/Resistor_SMD/R99
url_003354--gitlab.com-kicad-libraries-kicad-footprints-tree-master-Resonator-Resonator_SMD_1.md,url_003354,gitlab.com,04_kicad_libraries_symbols_footprints,gitlab_kicad_libraries,https://gitlab.com/kicad/libraries/kicad-footprints/-/tree/master/Resonator/Resonator_SMD_1
url_003355--gitlab.com-kicad-libraries-kicad-footprints-tree-master-Resonator-Resonator_SMD_10.md,url_003355,gitlab.com,04_kicad_libraries_symbols_footprints,gitlab_kicad_libraries,https://gitlab.com/kicad/libraries/kicad-footprints/-/tree/master/Resonator/Resonator_SMD_10
url_003356--gitlab.com-kicad-libraries-kicad-footprints-tree-master-Resonator-Resonator_SMD_11.md,url_003356,gitlab.com,04_kicad_libraries_symbols_footprints,gitlab_kicad_libraries,https://gitlab.com/kicad/libraries/kicad-footprints/-/tree/master/Resonator/Resonator_SMD_11
url_003357--gitlab.com-kicad-libraries-kicad-footprints-tree-master-Resonator-Resonator_SMD_12.md,url_003357,gitlab.com,04_kicad_libraries_symbols_footprints,gitlab_kicad_libraries,https://gitlab.com/kicad/libraries/kicad-footprints/-/tree/master/Resonator/Resonator_SMD_12
url_003358--gitlab.com-kicad-libraries-kicad-footprints-tree-master-Resonator-Resonator_SMD_2.md,url_003358,gitlab.com,04_kicad_libraries_symbols_footprints,gitlab_kicad_libraries,https://gitlab.com/kicad/libraries/kicad-footprints/-/tree/master/Resonator/Resonator_SMD_2
url_003359--gitlab.com-kicad-libraries-kicad-footprints-tree-master-Resonator-Resonator_SMD_3.md,url_003359,gitlab.com,04_kicad_libraries_symbols_footprints,gitlab_kicad_libraries,https://gitlab.com/kicad/libraries/kicad-footprints/-/tree/master/Resonator/Resonator_SMD_3
url_003360--gitlab.com-kicad-libraries-kicad-footprints-tree-master-Resonator-Resonator_SMD_4.md,url_003360,gitlab.com,04_kicad_libraries_symbols_footprints,gitlab_kicad_libraries,https://gitlab.com/kicad/libraries/kicad-footprints/-/tree/master/Resonator/Resonator_SMD_4
url_003361--gitlab.com-kicad-libraries-kicad-footprints-tree-master-Resonator-Resonator_SMD_5.md,url_003361,gitlab.com,04_kicad_libraries_symbols_footprints,gitlab_kicad_libraries,https://gitlab.com/kicad/libraries/kicad-footprints/-/tree/master/Resonator/Resonator_SMD_5
url_003362--gitlab.com-kicad-libraries-kicad-footprints-tree-master-Resonator-Resonator_SMD_6.md,url_003362,gitlab.com,04_kicad_libraries_symbols_footprints,gitlab_kicad_libraries,https://gitlab.com/kicad/libraries/kicad-footprints/-/tree/master/Resonator/Resonator_SMD_6
url_003363--gitlab.com-kicad-libraries-kicad-footprints-tree-master-Resonator-Resonator_SMD_7.md,url_003363,gitlab.com,04_kicad_libraries_symbols_footprints,gitlab_kicad_libraries,https://gitlab.com/kicad/libraries/kicad-footprints/-/tree/master/Resonator/Resonator_SMD_7
url_003364--gitlab.com-kicad-libraries-kicad-footprints-tree-master-Resonator-Resonator_SMD_8.md,url_003364,gitlab.com,04_kicad_libraries_symbols_footprints,gitlab_kicad_libraries,https://gitlab.com/kicad/libraries/kicad-footprints/-/tree/master/Resonator/Resonator_SMD_8
url_003365--gitlab.com-kicad-libraries-kicad-footprints-tree-master-Resonator-Resonator_SMD_9.md,url_003365,gitlab.com,04_kicad_libraries_symbols_footprints,gitlab_kicad_libraries,https://gitlab.com/kicad/libraries/kicad-footprints/-/tree/master/Resonator/Resonator_SMD_9
url_003366--gitlab.com-kicad-libraries-kicad-footprints-tree-master-RF_Module.pretty.md,url_003366,gitlab.com,04_kicad_libraries_symbols_footprints,gitlab_kicad_libraries,https://gitlab.com/kicad/libraries/kicad-footprints/-/tree/master/RF_Module.pretty
url_003367--gitlab.com-kicad-libraries-kicad-footprints-tree-master-Sensor-Sensor_SMD_1.md,url_003367,gitlab.com,04_kicad_libraries_symbols_footprints,gitlab_kicad_libraries,https://gitlab.com/kicad/libraries/kicad-footprints/-/tree/master/Sensor/Sensor_SMD_1
url_003368--gitlab.com-kicad-libraries-kicad-footprints-tree-master-Sensor-Sensor_SMD_10.md,url_003368,gitlab.com,04_kicad_libraries_symbols_footprints,gitlab_kicad_libraries,https://gitlab.com/kicad/libraries/kicad-footprints/-/tree/master/Sensor/Sensor_SMD_10
url_003369--gitlab.com-kicad-libraries-kicad-footprints-tree-master-Sensor-Sensor_SMD_11.md,url_003369,gitlab.com,04_kicad_libraries_symbols_footprints,gitlab_kicad_libraries,https://gitlab.com/kicad/libraries/kicad-footprints/-/tree/master/Sensor/Sensor_SMD_11
url_003370--gitlab.com-kicad-libraries-kicad-footprints-tree-master-Sensor-Sensor_SMD_12.md,url_003370,gitlab.com,04_kicad_libraries_symbols_footprints,gitlab_kicad_libraries,https://gitlab.com/kicad/libraries/kicad-footprints/-/tree/master/Sensor/Sensor_SMD_12
url_003371--gitlab.com-kicad-libraries-kicad-footprints-tree-master-Sensor-Sensor_SMD_2.md,url_003371,gitlab.com,04_kicad_libraries_symbols_footprints,gitlab_kicad_libraries,https://gitlab.com/kicad/libraries/kicad-footprints/-/tree/master/Sensor/Sensor_SMD_2
url_003372--gitlab.com-kicad-libraries-kicad-footprints-tree-master-Sensor-Sensor_SMD_3.md,url_003372,gitlab.com,04_kicad_libraries_symbols_footprints,gitlab_kicad_libraries,https://gitlab.com/kicad/libraries/kicad-footprints/-/tree/master/Sensor/Sensor_SMD_3
url_003373--gitlab.com-kicad-libraries-kicad-footprints-tree-master-Sensor-Sensor_SMD_4.md,url_003373,gitlab.com,04_kicad_libraries_symbols_footprints,gitlab_kicad_libraries,https://gitlab.com/kicad/libraries/kicad-footprints/-/tree/master/Sensor/Sensor_SMD_4
url_003374--gitlab.com-kicad-libraries-kicad-footprints-tree-master-Sensor-Sensor_SMD_5.md,url_003374,gitlab.com,04_kicad_libraries_symbols_footprints,gitlab_kicad_libraries,https://gitlab.com/kicad/libraries/kicad-footprints/-/tree/master/Sensor/Sensor_SMD_5
url_003375--gitlab.com-kicad-libraries-kicad-footprints-tree-master-Sensor-Sensor_SMD_6.md,url_003375,gitlab.com,04_kicad_libraries_symbols_footprints,gitlab_kicad_libraries,https://gitlab.com/kicad/libraries/kicad-footprints/-/tree/master/Sensor/Sensor_SMD_6
url_003376--gitlab.com-kicad-libraries-kicad-footprints-tree-master-Sensor-Sensor_SMD_7.md,url_003376,gitlab.com,04_kicad_libraries_symbols_footprints,gitlab_kicad_libraries,https://gitlab.com/kicad/libraries/kicad-footprints/-/tree/master/Sensor/Sensor_SMD_7
url_003377--gitlab.com-kicad-libraries-kicad-footprints-tree-master-Sensor-Sensor_SMD_8.md,url_003377,gitlab.com,04_kicad_libraries_symbols_footprints,gitlab_kicad_libraries,https://gitlab.com/kicad/libraries/kicad-footprints/-/tree/master/Sensor/Sensor_SMD_8
url_003378--gitlab.com-kicad-libraries-kicad-footprints-tree-master-Sensor-Sensor_SMD_9.md,url_003378,gitlab.com,04_kicad_libraries_symbols_footprints,gitlab_kicad_libraries,https://gitlab.com/kicad/libraries/kicad-footprints/-/tree/master/Sensor/Sensor_SMD_9
url_003379--gitlab.com-kicad-libraries-kicad-footprints-tree-master-Speaker-Speaker_SMD_1.md,url_003379,gitlab.com,04_kicad_libraries_symbols_footprints,gitlab_kicad_libraries,https://gitlab.com/kicad/libraries/kicad-footprints/-/tree/master/Speaker/Speaker_SMD_1
url_003380--gitlab.com-kicad-libraries-kicad-footprints-tree-master-Speaker-Speaker_SMD_10.md,url_003380,gitlab.com,04_kicad_libraries_symbols_footprints,gitlab_kicad_libraries,https://gitlab.com/kicad/libraries/kicad-footprints/-/tree/master/Speaker/Speaker_SMD_10
url_003381--gitlab.com-kicad-libraries-kicad-footprints-tree-master-Speaker-Speaker_SMD_11.md,url_003381,gitlab.com,04_kicad_libraries_symbols_footprints,gitlab_kicad_libraries,https://gitlab.com/kicad/libraries/kicad-footprints/-/tree/master/Speaker/Speaker_SMD_11
url_003382--gitlab.com-kicad-libraries-kicad-footprints-tree-master-Speaker-Speaker_SMD_12.md,url_003382,gitlab.com,04_kicad_libraries_symbols_footprints,gitlab_kicad_libraries,https://gitlab.com/kicad/libraries/kicad-footprints/-/tree/master/Speaker/Speaker_SMD_12
url_003383--gitlab.com-kicad-libraries-kicad-footprints-tree-master-Speaker-Speaker_SMD_2.md,url_003383,gitlab.com,04_kicad_libraries_symbols_footprints,gitlab_kicad_libraries,https://gitlab.com/kicad/libraries/kicad-footprints/-/tree/master/Speaker/Speaker_SMD_2
url_003384--gitlab.com-kicad-libraries-kicad-footprints-tree-master-Speaker-Speaker_SMD_3.md,url_003384,gitlab.com,04_kicad_libraries_symbols_footprints,gitlab_kicad_libraries,https://gitlab.com/kicad/libraries/kicad-footprints/-/tree/master/Speaker/Speaker_SMD_3
url_003385--gitlab.com-kicad-libraries-kicad-footprints-tree-master-Speaker-Speaker_SMD_4.md,url_003385,gitlab.com,04_kicad_libraries_symbols_footprints,gitlab_kicad_libraries,https://gitlab.com/kicad/libraries/kicad-footprints/-/tree/master/Speaker/Speaker_SMD_4
url_003386--gitlab.com-kicad-libraries-kicad-footprints-tree-master-Speaker-Speaker_SMD_5.md,url_003386,gitlab.com,04_kicad_libraries_symbols_footprints,gitlab_kicad_libraries,https://gitlab.com/kicad/libraries/kicad-footprints/-/tree/master/Speaker/Speaker_SMD_5
url_003387--gitlab.com-kicad-libraries-kicad-footprints-tree-master-Speaker-Speaker_SMD_6.md,url_003387,gitlab.com,04_kicad_libraries_symbols_footprints,gitlab_kicad_libraries,https://gitlab.com/kicad/libraries/kicad-footprints/-/tree/master/Speaker/Speaker_SMD_6
url_003388--gitlab.com-kicad-libraries-kicad-footprints-tree-master-Speaker-Speaker_SMD_7.md,url_003388,gitlab.com,04_kicad_libraries_symbols_footprints,gitlab_kicad_libraries,https://gitlab.com/kicad/libraries/kicad-footprints/-/tree/master/Speaker/Speaker_SMD_7
url_003389--gitlab.com-kicad-libraries-kicad-footprints-tree-master-Speaker-Speaker_SMD_8.md,url_003389,gitlab.com,04_kicad_libraries_symbols_footprints,gitlab_kicad_libraries,https://gitlab.com/kicad/libraries/kicad-footprints/-/tree/master/Speaker/Speaker_SMD_8
url_003390--gitlab.com-kicad-libraries-kicad-footprints-tree-master-Speaker-Speaker_SMD_9.md,url_003390,gitlab.com,04_kicad_libraries_symbols_footprints,gitlab_kicad_libraries,https://gitlab.com/kicad/libraries/kicad-footprints/-/tree/master/Speaker/Speaker_SMD_9
url_003391--gitlab.com-kicad-libraries-kicad-footprints-tree-master-Switch-Switch_SMD_1.md,url_003391,gitlab.com,04_kicad_libraries_symbols_footprints,gitlab_kicad_libraries,https://gitlab.com/kicad/libraries/kicad-footprints/-/tree/master/Switch/Switch_SMD_1
url_003392--gitlab.com-kicad-libraries-kicad-footprints-tree-master-Switch-Switch_SMD_10.md,url_003392,gitlab.com,04_kicad_libraries_symbols_footprints,gitlab_kicad_libraries,https://gitlab.com/kicad/libraries/kicad-footprints/-/tree/master/Switch/Switch_SMD_10
url_003393--gitlab.com-kicad-libraries-kicad-footprints-tree-master-Switch-Switch_SMD_11.md,url_003393,gitlab.com,04_kicad_libraries_symbols_footprints,gitlab_kicad_libraries,https://gitlab.com/kicad/libraries/kicad-footprints/-/tree/master/Switch/Switch_SMD_11
url_003394--gitlab.com-kicad-libraries-kicad-footprints-tree-master-Switch-Switch_SMD_12.md,url_003394,gitlab.com,04_kicad_libraries_symbols_footprints,gitlab_kicad_libraries,https://gitlab.com/kicad/libraries/kicad-footprints/-/tree/master/Switch/Switch_SMD_12
url_003395--gitlab.com-kicad-libraries-kicad-footprints-tree-master-Switch-Switch_SMD_2.md,url_003395,gitlab.com,04_kicad_libraries_symbols_footprints,gitlab_kicad_libraries,https://gitlab.com/kicad/libraries/kicad-footprints/-/tree/master/Switch/Switch_SMD_2
url_003396--gitlab.com-kicad-libraries-kicad-footprints-tree-master-Switch-Switch_SMD_3.md,url_003396,gitlab.com,04_kicad_libraries_symbols_footprints,gitlab_kicad_libraries,https://gitlab.com/kicad/libraries/kicad-footprints/-/tree/master/Switch/Switch_SMD_3
url_003397--gitlab.com-kicad-libraries-kicad-footprints-tree-master-Switch-Switch_SMD_4.md,url_003397,gitlab.com,04_kicad_libraries_symbols_footprints,gitlab_kicad_libraries,https://gitlab.com/kicad/libraries/kicad-footprints/-/tree/master/Switch/Switch_SMD_4
url_003398--gitlab.com-kicad-libraries-kicad-footprints-tree-master-Switch-Switch_SMD_5.md,url_003398,gitlab.com,04_kicad_libraries_symbols_footprints,gitlab_kicad_libraries,https://gitlab.com/kicad/libraries/kicad-footprints/-/tree/master/Switch/Switch_SMD_5
url_003399--gitlab.com-kicad-libraries-kicad-footprints-tree-master-Switch-Switch_SMD_6.md,url_003399,gitlab.com,04_kicad_libraries_symbols_footprints,gitlab_kicad_libraries,https://gitlab.com/kicad/libraries/kicad-footprints/-/tree/master/Switch/Switch_SMD_6
url_003400--gitlab.com-kicad-libraries-kicad-footprints-tree-master-Switch-Switch_SMD_7.md,url_003400,gitlab.com,04_kicad_libraries_symbols_footprints,gitlab_kicad_libraries,https://gitlab.com/kicad/libraries/kicad-footprints/-/tree/master/Switch/Switch_SMD_7
url_003401--gitlab.com-kicad-libraries-kicad-footprints-tree-master-Switch-Switch_SMD_8.md,url_003401,gitlab.com,04_kicad_libraries_symbols_footprints,gitlab_kicad_libraries,https://gitlab.com/kicad/libraries/kicad-footprints/-/tree/master/Switch/Switch_SMD_8
url_003402--gitlab.com-kicad-libraries-kicad-footprints-tree-master-Switch-Switch_SMD_9.md,url_003402,gitlab.com,04_kicad_libraries_symbols_footprints,gitlab_kicad_libraries,https://gitlab.com/kicad/libraries/kicad-footprints/-/tree/master/Switch/Switch_SMD_9
url_003403--gitlab.com-kicad-libraries-kicad-footprints-tree-master-Thermistor-Thermistor_SMD_1.md,url_003403,gitlab.com,04_kicad_libraries_symbols_footprints,gitlab_kicad_libraries,https://gitlab.com/kicad/libraries/kicad-footprints/-/tree/master/Thermistor/Thermistor_SMD_1
url_003404--gitlab.com-kicad-libraries-kicad-footprints-tree-master-Thermistor-Thermistor_SMD_10.md,url_003404,gitlab.com,04_kicad_libraries_symbols_footprints,gitlab_kicad_libraries,https://gitlab.com/kicad/libraries/kicad-footprints/-/tree/master/Thermistor/Thermistor_SMD_10
url_003405--gitlab.com-kicad-libraries-kicad-footprints-tree-master-Thermistor-Thermistor_SMD_11.md,url_003405,gitlab.com,04_kicad_libraries_symbols_footprints,gitlab_kicad_libraries,https://gitlab.com/kicad/libraries/kicad-footprints/-/tree/master/Thermistor/Thermistor_SMD_11
url_003406--gitlab.com-kicad-libraries-kicad-footprints-tree-master-Thermistor-Thermistor_SMD_12.md,url_003406,gitlab.com,04_kicad_libraries_symbols_footprints,gitlab_kicad_libraries,https://gitlab.com/kicad/libraries/kicad-footprints/-/tree/master/Thermistor/Thermistor_SMD_12
url_003407--gitlab.com-kicad-libraries-kicad-footprints-tree-master-Thermistor-Thermistor_SMD_2.md,url_003407,gitlab.com,04_kicad_libraries_symbols_footprints,gitlab_kicad_libraries,https://gitlab.com/kicad/libraries/kicad-footprints/-/tree/master/Thermistor/Thermistor_SMD_2
url_003408--gitlab.com-kicad-libraries-kicad-footprints-tree-master-Thermistor-Thermistor_SMD_3.md,url_003408,gitlab.com,04_kicad_libraries_symbols_footprints,gitlab_kicad_libraries,https://gitlab.com/kicad/libraries/kicad-footprints/-/tree/master/Thermistor/Thermistor_SMD_3
url_003409--gitlab.com-kicad-libraries-kicad-footprints-tree-master-Thermistor-Thermistor_SMD_4.md,url_003409,gitlab.com,04_kicad_libraries_symbols_footprints,gitlab_kicad_libraries,https://gitlab.com/kicad/libraries/kicad-footprints/-/tree/master/Thermistor/Thermistor_SMD_4
url_003410--gitlab.com-kicad-libraries-kicad-footprints-tree-master-Thermistor-Thermistor_SMD_5.md,url_003410,gitlab.com,04_kicad_libraries_symbols_footprints,gitlab_kicad_libraries,https://gitlab.com/kicad/libraries/kicad-footprints/-/tree/master/Thermistor/Thermistor_SMD_5
url_003411--gitlab.com-kicad-libraries-kicad-footprints-tree-master-Thermistor-Thermistor_SMD_6.md,url_003411,gitlab.com,04_kicad_libraries_symbols_footprints,gitlab_kicad_libraries,https://gitlab.com/kicad/libraries/kicad-footprints/-/tree/master/Thermistor/Thermistor_SMD_6
url_003412--gitlab.com-kicad-libraries-kicad-footprints-tree-master-Thermistor-Thermistor_SMD_7.md,url_003412,gitlab.com,04_kicad_libraries_symbols_footprints,gitlab_kicad_libraries,https://gitlab.com/kicad/libraries/kicad-footprints/-/tree/master/Thermistor/Thermistor_SMD_7
url_003413--gitlab.com-kicad-libraries-kicad-footprints-tree-master-Thermistor-Thermistor_SMD_8.md,url_003413,gitlab.com,04_kicad_libraries_symbols_footprints,gitlab_kicad_libraries,https://gitlab.com/kicad/libraries/kicad-footprints/-/tree/master/Thermistor/Thermistor_SMD_8
url_003414--gitlab.com-kicad-libraries-kicad-footprints-tree-master-Thermistor-Thermistor_SMD_9.md,url_003414,gitlab.com,04_kicad_libraries_symbols_footprints,gitlab_kicad_libraries,https://gitlab.com/kicad/libraries/kicad-footprints/-/tree/master/Thermistor/Thermistor_SMD_9
url_003415--gitlab.com-kicad-libraries-kicad-footprints-tree-master-Transceiver-Transceiver_SMD_1.md,url_003415,gitlab.com,04_kicad_libraries_symbols_footprints,gitlab_kicad_libraries,https://gitlab.com/kicad/libraries/kicad-footprints/-/tree/master/Transceiver/Transceiver_SMD_1
url_003416--gitlab.com-kicad-libraries-kicad-footprints-tree-master-Transceiver-Transceiver_SMD_10.md,url_003416,gitlab.com,04_kicad_libraries_symbols_footprints,gitlab_kicad_libraries,https://gitlab.com/kicad/libraries/kicad-footprints/-/tree/master/Transceiver/Transceiver_SMD_10
url_003417--gitlab.com-kicad-libraries-kicad-footprints-tree-master-Transceiver-Transceiver_SMD_11.md,url_003417,gitlab.com,04_kicad_libraries_symbols_footprints,gitlab_kicad_libraries,https://gitlab.com/kicad/libraries/kicad-footprints/-/tree/master/Transceiver/Transceiver_SMD_11
url_003418--gitlab.com-kicad-libraries-kicad-footprints-tree-master-Transceiver-Transceiver_SMD_12.md,url_003418,gitlab.com,04_kicad_libraries_symbols_footprints,gitlab_kicad_libraries,https://gitlab.com/kicad/libraries/kicad-footprints/-/tree/master/Transceiver/Transceiver_SMD_12
url_003419--gitlab.com-kicad-libraries-kicad-footprints-tree-master-Transceiver-Transceiver_SMD_2.md,url_003419,gitlab.com,04_kicad_libraries_symbols_footprints,gitlab_kicad_libraries,https://gitlab.com/kicad/libraries/kicad-footprints/-/tree/master/Transceiver/Transceiver_SMD_2
url_003420--gitlab.com-kicad-libraries-kicad-footprints-tree-master-Transceiver-Transceiver_SMD_3.md,url_003420,gitlab.com,04_kicad_libraries_symbols_footprints,gitlab_kicad_libraries,https://gitlab.com/kicad/libraries/kicad-footprints/-/tree/master/Transceiver/Transceiver_SMD_3
url_003421--gitlab.com-kicad-libraries-kicad-footprints-tree-master-Transceiver-Transceiver_SMD_4.md,url_003421,gitlab.com,04_kicad_libraries_symbols_footprints,gitlab_kicad_libraries,https://gitlab.com/kicad/libraries/kicad-footprints/-/tree/master/Transceiver/Transceiver_SMD_4
url_003422--gitlab.com-kicad-libraries-kicad-footprints-tree-master-Transceiver-Transceiver_SMD_5.md,url_003422,gitlab.com,04_kicad_libraries_symbols_footprints,gitlab_kicad_libraries,https://gitlab.com/kicad/libraries/kicad-footprints/-/tree/master/Transceiver/Transceiver_SMD_5
url_003423--gitlab.com-kicad-libraries-kicad-footprints-tree-master-Transceiver-Transceiver_SMD_6.md,url_003423,gitlab.com,04_kicad_libraries_symbols_footprints,gitlab_kicad_libraries,https://gitlab.com/kicad/libraries/kicad-footprints/-/tree/master/Transceiver/Transceiver_SMD_6
url_003424--gitlab.com-kicad-libraries-kicad-footprints-tree-master-Transceiver-Transceiver_SMD_7.md,url_003424,gitlab.com,04_kicad_libraries_symbols_footprints,gitlab_kicad_libraries,https://gitlab.com/kicad/libraries/kicad-footprints/-/tree/master/Transceiver/Transceiver_SMD_7
url_003425--gitlab.com-kicad-libraries-kicad-footprints-tree-master-Transceiver-Transceiver_SMD_8.md,url_003425,gitlab.com,04_kicad_libraries_symbols_footprints,gitlab_kicad_libraries,https://gitlab.com/kicad/libraries/kicad-footprints/-/tree/master/Transceiver/Transceiver_SMD_8
url_003426--gitlab.com-kicad-libraries-kicad-footprints-tree-master-Transceiver-Transceiver_SMD_9.md,url_003426,gitlab.com,04_kicad_libraries_symbols_footprints,gitlab_kicad_libraries,https://gitlab.com/kicad/libraries/kicad-footprints/-/tree/master/Transceiver/Transceiver_SMD_9
url_003427--gitlab.com-kicad-libraries-kicad-footprints-tree-master-Transistor-Transistor_SMD_1.md,url_003427,gitlab.com,04_kicad_libraries_symbols_footprints,gitlab_kicad_libraries,https://gitlab.com/kicad/libraries/kicad-footprints/-/tree/master/Transistor/Transistor_SMD_1
url_003428--gitlab.com-kicad-libraries-kicad-footprints-tree-master-Transistor-Transistor_SMD_10.md,url_003428,gitlab.com,04_kicad_libraries_symbols_footprints,gitlab_kicad_libraries,https://gitlab.com/kicad/libraries/kicad-footprints/-/tree/master/Transistor/Transistor_SMD_10
url_003429--gitlab.com-kicad-libraries-kicad-footprints-tree-master-Transistor-Transistor_SMD_11.md,url_003429,gitlab.com,04_kicad_libraries_symbols_footprints,gitlab_kicad_libraries,https://gitlab.com/kicad/libraries/kicad-footprints/-/tree/master/Transistor/Transistor_SMD_11
url_003430--gitlab.com-kicad-libraries-kicad-footprints-tree-master-Transistor-Transistor_SMD_12.md,url_003430,gitlab.com,04_kicad_libraries_symbols_footprints,gitlab_kicad_libraries,https://gitlab.com/kicad/libraries/kicad-footprints/-/tree/master/Transistor/Transistor_SMD_12
url_003431--gitlab.com-kicad-libraries-kicad-footprints-tree-master-Transistor-Transistor_SMD_2.md,url_003431,gitlab.com,04_kicad_libraries_symbols_footprints,gitlab_kicad_libraries,https://gitlab.com/kicad/libraries/kicad-footprints/-/tree/master/Transistor/Transistor_SMD_2
url_003432--gitlab.com-kicad-libraries-kicad-footprints-tree-master-Transistor-Transistor_SMD_3.md,url_003432,gitlab.com,04_kicad_libraries_symbols_footprints,gitlab_kicad_libraries,https://gitlab.com/kicad/libraries/kicad-footprints/-/tree/master/Transistor/Transistor_SMD_3
url_003433--gitlab.com-kicad-libraries-kicad-footprints-tree-master-Transistor-Transistor_SMD_4.md,url_003433,gitlab.com,04_kicad_libraries_symbols_footprints,gitlab_kicad_libraries,https://gitlab.com/kicad/libraries/kicad-footprints/-/tree/master/Transistor/Transistor_SMD_4
url_003434--gitlab.com-kicad-libraries-kicad-footprints-tree-master-Transistor-Transistor_SMD_5.md,url_003434,gitlab.com,04_kicad_libraries_symbols_footprints,gitlab_kicad_libraries,https://gitlab.com/kicad/libraries/kicad-footprints/-/tree/master/Transistor/Transistor_SMD_5
url_003435--gitlab.com-kicad-libraries-kicad-footprints-tree-master-Transistor-Transistor_SMD_6.md,url_003435,gitlab.com,04_kicad_libraries_symbols_footprints,gitlab_kicad_libraries,https://gitlab.com/kicad/libraries/kicad-footprints/-/tree/master/Transistor/Transistor_SMD_6
url_003436--gitlab.com-kicad-libraries-kicad-footprints-tree-master-Transistor-Transistor_SMD_7.md,url_003436,gitlab.com,04_kicad_libraries_symbols_footprints,gitlab_kicad_libraries,https://gitlab.com/kicad/libraries/kicad-footprints/-/tree/master/Transistor/Transistor_SMD_7
url_003437--gitlab.com-kicad-libraries-kicad-footprints-tree-master-Transistor-Transistor_SMD_8.md,url_003437,gitlab.com,04_kicad_libraries_symbols_footprints,gitlab_kicad_libraries,https://gitlab.com/kicad/libraries/kicad-footprints/-/tree/master/Transistor/Transistor_SMD_8
url_003438--gitlab.com-kicad-libraries-kicad-footprints-tree-master-Transistor-Transistor_SMD_9.md,url_003438,gitlab.com,04_kicad_libraries_symbols_footprints,gitlab_kicad_libraries,https://gitlab.com/kicad/libraries/kicad-footprints/-/tree/master/Transistor/Transistor_SMD_9
url_003439--gitlab.com-kicad-libraries-kicad-footprints-tree-master-Varistor-Varistor_SMD_1.md,url_003439,gitlab.com,04_kicad_libraries_symbols_footprints,gitlab_kicad_libraries,https://gitlab.com/kicad/libraries/kicad-footprints/-/tree/master/Varistor/Varistor_SMD_1
url_003440--gitlab.com-kicad-libraries-kicad-footprints-tree-master-Varistor-Varistor_SMD_10.md,url_003440,gitlab.com,04_kicad_libraries_symbols_footprints,gitlab_kicad_libraries,https://gitlab.com/kicad/libraries/kicad-footprints/-/tree/master/Varistor/Varistor_SMD_10
url_003441--gitlab.com-kicad-libraries-kicad-footprints-tree-master-Varistor-Varistor_SMD_11.md,url_003441,gitlab.com,04_kicad_libraries_symbols_footprints,gitlab_kicad_libraries,https://gitlab.com/kicad/libraries/kicad-footprints/-/tree/master/Varistor/Varistor_SMD_11
url_003442--gitlab.com-kicad-libraries-kicad-footprints-tree-master-Varistor-Varistor_SMD_12.md,url_003442,gitlab.com,04_kicad_libraries_symbols_footprints,gitlab_kicad_libraries,https://gitlab.com/kicad/libraries/kicad-footprints/-/tree/master/Varistor/Varistor_SMD_12
url_003443--gitlab.com-kicad-libraries-kicad-footprints-tree-master-Varistor-Varistor_SMD_2.md,url_003443,gitlab.com,04_kicad_libraries_symbols_footprints,gitlab_kicad_libraries,https://gitlab.com/kicad/libraries/kicad-footprints/-/tree/master/Varistor/Varistor_SMD_2
url_003444--gitlab.com-kicad-libraries-kicad-footprints-tree-master-Varistor-Varistor_SMD_3.md,url_003444,gitlab.com,04_kicad_libraries_symbols_footprints,gitlab_kicad_libraries,https://gitlab.com/kicad/libraries/kicad-footprints/-/tree/master/Varistor/Varistor_SMD_3
url_003445--gitlab.com-kicad-libraries-kicad-footprints-tree-master-Varistor-Varistor_SMD_4.md,url_003445,gitlab.com,04_kicad_libraries_symbols_footprints,gitlab_kicad_libraries,https://gitlab.com/kicad/libraries/kicad-footprints/-/tree/master/Varistor/Varistor_SMD_4
url_003446--gitlab.com-kicad-libraries-kicad-footprints-tree-master-Varistor-Varistor_SMD_5.md,url_003446,gitlab.com,04_kicad_libraries_symbols_footprints,gitlab_kicad_libraries,https://gitlab.com/kicad/libraries/kicad-footprints/-/tree/master/Varistor/Varistor_SMD_5
url_003447--gitlab.com-kicad-libraries-kicad-footprints-tree-master-Varistor-Varistor_SMD_6.md,url_003447,gitlab.com,04_kicad_libraries_symbols_footprints,gitlab_kicad_libraries,https://gitlab.com/kicad/libraries/kicad-footprints/-/tree/master/Varistor/Varistor_SMD_6
url_003448--gitlab.com-kicad-libraries-kicad-footprints-tree-master-Varistor-Varistor_SMD_7.md,url_003448,gitlab.com,04_kicad_libraries_symbols_footprints,gitlab_kicad_libraries,https://gitlab.com/kicad/libraries/kicad-footprints/-/tree/master/Varistor/Varistor_SMD_7
url_003449--gitlab.com-kicad-libraries-kicad-footprints-tree-master-Varistor-Varistor_SMD_8.md,url_003449,gitlab.com,04_kicad_libraries_symbols_footprints,gitlab_kicad_libraries,https://gitlab.com/kicad/libraries/kicad-footprints/-/tree/master/Varistor/Varistor_SMD_8
url_003450--gitlab.com-kicad-libraries-kicad-footprints-tree-master-Varistor-Varistor_SMD_9.md,url_003450,gitlab.com,04_kicad_libraries_symbols_footprints,gitlab_kicad_libraries,https://gitlab.com/kicad/libraries/kicad-footprints/-/tree/master/Varistor/Varistor_SMD_9
url_003451--gitlab.com-kicad-libraries-kicad-footprints-tree-master-Zener-Zener_SMD_1.md,url_003451,gitlab.com,04_kicad_libraries_symbols_footprints,gitlab_kicad_libraries,https://gitlab.com/kicad/libraries/kicad-footprints/-/tree/master/Zener/Zener_SMD_1
url_003452--gitlab.com-kicad-libraries-kicad-footprints-tree-master-Zener-Zener_SMD_10.md,url_003452,gitlab.com,04_kicad_libraries_symbols_footprints,gitlab_kicad_libraries,https://gitlab.com/kicad/libraries/kicad-footprints/-/tree/master/Zener/Zener_SMD_10
url_003453--gitlab.com-kicad-libraries-kicad-footprints-tree-master-Zener-Zener_SMD_11.md,url_003453,gitlab.com,04_kicad_libraries_symbols_footprints,gitlab_kicad_libraries,https://gitlab.com/kicad/libraries/kicad-footprints/-/tree/master/Zener/Zener_SMD_11
url_003454--gitlab.com-kicad-libraries-kicad-footprints-tree-master-Zener-Zener_SMD_12.md,url_003454,gitlab.com,04_kicad_libraries_symbols_footprints,gitlab_kicad_libraries,https://gitlab.com/kicad/libraries/kicad-footprints/-/tree/master/Zener/Zener_SMD_12
url_003455--gitlab.com-kicad-libraries-kicad-footprints-tree-master-Zener-Zener_SMD_2.md,url_003455,gitlab.com,04_kicad_libraries_symbols_footprints,gitlab_kicad_libraries,https://gitlab.com/kicad/libraries/kicad-footprints/-/tree/master/Zener/Zener_SMD_2
url_003456--gitlab.com-kicad-libraries-kicad-footprints-tree-master-Zener-Zener_SMD_3.md,url_003456,gitlab.com,04_kicad_libraries_symbols_footprints,gitlab_kicad_libraries,https://gitlab.com/kicad/libraries/kicad-footprints/-/tree/master/Zener/Zener_SMD_3
url_003457--gitlab.com-kicad-libraries-kicad-footprints-tree-master-Zener-Zener_SMD_4.md,url_003457,gitlab.com,04_kicad_libraries_symbols_footprints,gitlab_kicad_libraries,https://gitlab.com/kicad/libraries/kicad-footprints/-/tree/master/Zener/Zener_SMD_4
url_003458--gitlab.com-kicad-libraries-kicad-footprints-tree-master-Zener-Zener_SMD_5.md,url_003458,gitlab.com,04_kicad_libraries_symbols_footprints,gitlab_kicad_libraries,https://gitlab.com/kicad/libraries/kicad-footprints/-/tree/master/Zener/Zener_SMD_5
url_003459--gitlab.com-kicad-libraries-kicad-footprints-tree-master-Zener-Zener_SMD_6.md,url_003459,gitlab.com,04_kicad_libraries_symbols_footprints,gitlab_kicad_libraries,https://gitlab.com/kicad/libraries/kicad-footprints/-/tree/master/Zener/Zener_SMD_6
url_003460--gitlab.com-kicad-libraries-kicad-footprints-tree-master-Zener-Zener_SMD_7.md,url_003460,gitlab.com,04_kicad_libraries_symbols_footprints,gitlab_kicad_libraries,https://gitlab.com/kicad/libraries/kicad-footprints/-/tree/master/Zener/Zener_SMD_7
url_003461--gitlab.com-kicad-libraries-kicad-footprints-tree-master-Zener-Zener_SMD_8.md,url_003461,gitlab.com,04_kicad_libraries_symbols_footprints,gitlab_kicad_libraries,https://gitlab.com/kicad/libraries/kicad-footprints/-/tree/master/Zener/Zener_SMD_8
url_003462--gitlab.com-kicad-libraries-kicad-footprints-tree-master-Zener-Zener_SMD_9.md,url_003462,gitlab.com,04_kicad_libraries_symbols_footprints,gitlab_kicad_libraries,https://gitlab.com/kicad/libraries/kicad-footprints/-/tree/master/Zener/Zener_SMD_9
url_003463--gitlab.com-kicad-libraries-kicad-library-utils.md,url_003463,gitlab.com,04_kicad_libraries_symbols_footprints,gitlab_kicad_libraries,https://gitlab.com/kicad/libraries/kicad-library-utils
url_003464--gitlab.com-kicad-libraries-kicad-library-utils-tree-master-klc-check.md,url_003464,gitlab.com,04_kicad_libraries_symbols_footprints,gitlab_kicad_libraries,https://gitlab.com/kicad/libraries/kicad-library-utils/-/tree/master/klc-check
url_003465--gitlab.com-kicad-libraries-kicad-packages3D.md,url_003465,gitlab.com,04_kicad_libraries_symbols_footprints,gitlab_kicad_libraries,https://gitlab.com/kicad/libraries/kicad-packages3D
url_003466--gitlab.com-kicad-libraries-kicad-packages3D-source.md,url_003466,gitlab.com,04_kicad_libraries_symbols_footprints,gitlab_kicad_libraries,https://gitlab.com/kicad/libraries/kicad-packages3D-source
url_003467--gitlab.com-kicad-libraries-kicad-symbols.md,url_003467,gitlab.com,04_kicad_libraries_symbols_footprints,gitlab_kicad_libraries,https://gitlab.com/kicad/libraries/kicad-symbols
url_003468--gitlab.com-kicad-libraries-kicad-symbols-blob-master-Connector.kicad_sym.md,url_003468,gitlab.com,04_kicad_libraries_symbols_footprints,gitlab_kicad_libraries,https://gitlab.com/kicad/libraries/kicad-symbols/-/blob/master/Connector.kicad_sym
url_003469--gitlab.com-kicad-libraries-kicad-symbols-blob-master-Connector_Generic.kicad_sym.md,url_003469,gitlab.com,04_kicad_libraries_symbols_footprints,gitlab_kicad_libraries,https://gitlab.com/kicad/libraries/kicad-symbols/-/blob/master/Connector_Generic.kicad_sym
url_003470--gitlab.com-kicad-libraries-kicad-symbols-blob-master-Device.kicad_sym.md,url_003470,gitlab.com,04_kicad_libraries_symbols_footprints,gitlab_kicad_libraries,https://gitlab.com/kicad/libraries/kicad-symbols/-/blob/master/Device.kicad_sym
url_003471--gitlab.com-kicad-libraries-kicad-symbols-blob-master-Interface_USB.kicad_sym.md,url_003471,gitlab.com,04_kicad_libraries_symbols_footprints,gitlab_kicad_libraries,https://gitlab.com/kicad/libraries/kicad-symbols/-/blob/master/Interface_USB.kicad_sym
url_003472--gitlab.com-kicad-libraries-kicad-symbols-blob-master-MCU_Espressif.kicad_sym.md,url_003472,gitlab.com,04_kicad_libraries_symbols_footprints,gitlab_kicad_libraries,https://gitlab.com/kicad/libraries/kicad-symbols/-/blob/master/MCU_Espressif.kicad_sym
url_003473--gitlab.com-kicad-libraries-kicad-symbols-blob-master-MCU_Microchip_ATmega.kicad_sym.md,url_003473,gitlab.com,04_kicad_libraries_symbols_footprints,gitlab_kicad_libraries,https://gitlab.com/kicad/libraries/kicad-symbols/-/blob/master/MCU_Microchip_ATmega.kicad_sym
url_003474--gitlab.com-kicad-libraries-kicad-symbols-blob-master-MCU_Microchip_ATtiny.kicad_sym.md,url_003474,gitlab.com,04_kicad_libraries_symbols_footprints,gitlab_kicad_libraries,https://gitlab.com/kicad/libraries/kicad-symbols/-/blob/master/MCU_Microchip_ATtiny.kicad_sym
url_003475--gitlab.com-kicad-libraries-kicad-symbols-blob-master-MCU_Microchip_dsPIC33.kicad_sym.md,url_003475,gitlab.com,04_kicad_libraries_symbols_footprints,gitlab_kicad_libraries,https://gitlab.com/kicad/libraries/kicad-symbols/-/blob/master/MCU_Microchip_dsPIC33.kicad_sym
url_003476--gitlab.com-kicad-libraries-kicad-symbols-blob-master-MCU_Microchip_PIC10.kicad_sym.md,url_003476,gitlab.com,04_kicad_libraries_symbols_footprints,gitlab_kicad_libraries,https://gitlab.com/kicad/libraries/kicad-symbols/-/blob/master/MCU_Microchip_PIC10.kicad_sym
url_003477--gitlab.com-kicad-libraries-kicad-symbols-blob-master-MCU_Microchip_PIC12.kicad_sym.md,url_003477,gitlab.com,04_kicad_libraries_symbols_footprints,gitlab_kicad_libraries,https://gitlab.com/kicad/libraries/kicad-symbols/-/blob/master/MCU_Microchip_PIC12.kicad_sym
url_003478--gitlab.com-kicad-libraries-kicad-symbols-blob-master-MCU_Microchip_PIC16.kicad_sym.md,url_003478,gitlab.com,04_kicad_libraries_symbols_footprints,gitlab_kicad_libraries,https://gitlab.com/kicad/libraries/kicad-symbols/-/blob/master/MCU_Microchip_PIC16.kicad_sym
url_003479--gitlab.com-kicad-libraries-kicad-symbols-blob-master-MCU_Microchip_PIC18.kicad_sym.md,url_003479,gitlab.com,04_kicad_libraries_symbols_footprints,gitlab_kicad_libraries,https://gitlab.com/kicad/libraries/kicad-symbols/-/blob/master/MCU_Microchip_PIC18.kicad_sym
url_003480--gitlab.com-kicad-libraries-kicad-symbols-blob-master-MCU_Microchip_PIC24.kicad_sym.md,url_003480,gitlab.com,04_kicad_libraries_symbols_footprints,gitlab_kicad_libraries,https://gitlab.com/kicad/libraries/kicad-symbols/-/blob/master/MCU_Microchip_PIC24.kicad_sym
url_003481--gitlab.com-kicad-libraries-kicad-symbols-blob-master-MCU_Microchip_PIC32.kicad_sym.md,url_003481,gitlab.com,04_kicad_libraries_symbols_footprints,gitlab_kicad_libraries,https://gitlab.com/kicad/libraries/kicad-symbols/-/blob/master/MCU_Microchip_PIC32.kicad_sym
url_003482--gitlab.com-kicad-libraries-kicad-symbols-blob-master-MCU_Microchip_SAMD.kicad_sym.md,url_003482,gitlab.com,04_kicad_libraries_symbols_footprints,gitlab_kicad_libraries,https://gitlab.com/kicad/libraries/kicad-symbols/-/blob/master/MCU_Microchip_SAMD.kicad_sym
url_003483--gitlab.com-kicad-libraries-kicad-symbols-blob-master-MCU_Microchip_SAME.kicad_sym.md,url_003483,gitlab.com,04_kicad_libraries_symbols_footprints,gitlab_kicad_libraries,https://gitlab.com/kicad/libraries/kicad-symbols/-/blob/master/MCU_Microchip_SAME.kicad_sym
url_003484--gitlab.com-kicad-libraries-kicad-symbols-blob-master-MCU_Microchip_SAML.kicad_sym.md,url_003484,gitlab.com,04_kicad_libraries_symbols_footprints,gitlab_kicad_libraries,https://gitlab.com/kicad/libraries/kicad-symbols/-/blob/master/MCU_Microchip_SAML.kicad_sym
url_003485--gitlab.com-kicad-libraries-kicad-symbols-blob-master-MCU_Microchip_SAMV.kicad_sym.md,url_003485,gitlab.com,04_kicad_libraries_symbols_footprints,gitlab_kicad_libraries,https://gitlab.com/kicad/libraries/kicad-symbols/-/blob/master/MCU_Microchip_SAMV.kicad_sym
url_003486--gitlab.com-kicad-libraries-kicad-symbols-blob-master-MCU_Module.kicad_sym.md,url_003486,gitlab.com,04_kicad_libraries_symbols_footprints,gitlab_kicad_libraries,https://gitlab.com/kicad/libraries/kicad-symbols/-/blob/master/MCU_Module.kicad_sym
url_003487--gitlab.com-kicad-libraries-kicad-symbols-blob-master-MCU_Nordic.kicad_sym.md,url_003487,gitlab.com,04_kicad_libraries_symbols_footprints,gitlab_kicad_libraries,https://gitlab.com/kicad/libraries/kicad-symbols/-/blob/master/MCU_Nordic.kicad_sym
url_003488--gitlab.com-kicad-libraries-kicad-symbols-blob-master-MCU_NXP_Kinetis.kicad_sym.md,url_003488,gitlab.com,04_kicad_libraries_symbols_footprints,gitlab_kicad_libraries,https://gitlab.com/kicad/libraries/kicad-symbols/-/blob/master/MCU_NXP_Kinetis.kicad_sym
url_003489--gitlab.com-kicad-libraries-kicad-symbols-blob-master-MCU_NXP_LPC.kicad_sym.md,url_003489,gitlab.com,04_kicad_libraries_symbols_footprints,gitlab_kicad_libraries,https://gitlab.com/kicad/libraries/kicad-symbols/-/blob/master/MCU_NXP_LPC.kicad_sym
url_003490--gitlab.com-kicad-libraries-kicad-symbols-blob-master-MCU_RaspberryPi_and_Boards.kicad_sym.md,url_003490,gitlab.com,04_kicad_libraries_symbols_footprints,gitlab_kicad_libraries,https://gitlab.com/kicad/libraries/kicad-symbols/-/blob/master/MCU_RaspberryPi_and_Boards.kicad_sym
url_003491--gitlab.com-kicad-libraries-kicad-symbols-blob-master-MCU_SiliconLabs.kicad_sym.md,url_003491,gitlab.com,04_kicad_libraries_symbols_footprints,gitlab_kicad_libraries,https://gitlab.com/kicad/libraries/kicad-symbols/-/blob/master/MCU_SiliconLabs.kicad_sym
url_003492--gitlab.com-kicad-libraries-kicad-symbols-blob-master-MCU_ST_STM32C0.kicad_sym.md,url_003492,gitlab.com,04_kicad_libraries_symbols_footprints,gitlab_kicad_libraries,https://gitlab.com/kicad/libraries/kicad-symbols/-/blob/master/MCU_ST_STM32C0.kicad_sym
url_003493--gitlab.com-kicad-libraries-kicad-symbols-blob-master-MCU_ST_STM32F0.kicad_sym.md,url_003493,gitlab.com,04_kicad_libraries_symbols_footprints,gitlab_kicad_libraries,https://gitlab.com/kicad/libraries/kicad-symbols/-/blob/master/MCU_ST_STM32F0.kicad_sym
url_003494--gitlab.com-kicad-libraries-kicad-symbols-blob-master-MCU_ST_STM32F1.kicad_sym.md,url_003494,gitlab.com,04_kicad_libraries_symbols_footprints,gitlab_kicad_libraries,https://gitlab.com/kicad/libraries/kicad-symbols/-/blob/master/MCU_ST_STM32F1.kicad_sym
url_003495--gitlab.com-kicad-libraries-kicad-symbols-blob-master-MCU_ST_STM32F2.kicad_sym.md,url_003495,gitlab.com,04_kicad_libraries_symbols_footprints,gitlab_kicad_libraries,https://gitlab.com/kicad/libraries/kicad-symbols/-/blob/master/MCU_ST_STM32F2.kicad_sym
url_003496--gitlab.com-kicad-libraries-kicad-symbols-blob-master-MCU_ST_STM32F3.kicad_sym.md,url_003496,gitlab.com,04_kicad_libraries_symbols_footprints,gitlab_kicad_libraries,https://gitlab.com/kicad/libraries/kicad-symbols/-/blob/master/MCU_ST_STM32F3.kicad_sym
url_003497--gitlab.com-kicad-libraries-kicad-symbols-blob-master-MCU_ST_STM32F4.kicad_sym.md,url_003497,gitlab.com,04_kicad_libraries_symbols_footprints,gitlab_kicad_libraries,https://gitlab.com/kicad/libraries/kicad-symbols/-/blob/master/MCU_ST_STM32F4.kicad_sym
url_003498--gitlab.com-kicad-libraries-kicad-symbols-blob-master-MCU_ST_STM32F7.kicad_sym.md,url_003498,gitlab.com,04_kicad_libraries_symbols_footprints,gitlab_kicad_libraries,https://gitlab.com/kicad/libraries/kicad-symbols/-/blob/master/MCU_ST_STM32F7.kicad_sym
url_003499--gitlab.com-kicad-libraries-kicad-symbols-blob-master-MCU_ST_STM32G0.kicad_sym.md,url_003499,gitlab.com,04_kicad_libraries_symbols_footprints,gitlab_kicad_libraries,https://gitlab.com/kicad/libraries/kicad-symbols/-/blob/master/MCU_ST_STM32G0.kicad_sym
url_003500--gitlab.com-kicad-libraries-kicad-symbols-blob-master-MCU_ST_STM32G4.kicad_sym.md,url_003500,gitlab.com,04_kicad_libraries_symbols_footprints,gitlab_kicad_libraries,https://gitlab.com/kicad/libraries/kicad-symbols/-/blob/master/MCU_ST_STM32G4.kicad_sym
url_003501--gitlab.com-kicad-libraries-kicad-symbols-blob-master-MCU_ST_STM32H5.kicad_sym.md,url_003501,gitlab.com,04_kicad_libraries_symbols_footprints,gitlab_kicad_libraries,https://gitlab.com/kicad/libraries/kicad-symbols/-/blob/master/MCU_ST_STM32H5.kicad_sym
url_003502--gitlab.com-kicad-libraries-kicad-symbols-blob-master-MCU_ST_STM32H7.kicad_sym.md,url_003502,gitlab.com,04_kicad_libraries_symbols_footprints,gitlab_kicad_libraries,https://gitlab.com/kicad/libraries/kicad-symbols/-/blob/master/MCU_ST_STM32H7.kicad_sym
url_003503--gitlab.com-kicad-libraries-kicad-symbols-blob-master-MCU_ST_STM32L0.kicad_sym.md,url_003503,gitlab.com,04_kicad_libraries_symbols_footprints,gitlab_kicad_libraries,https://gitlab.com/kicad/libraries/kicad-symbols/-/blob/master/MCU_ST_STM32L0.kicad_sym
url_003504--gitlab.com-kicad-libraries-kicad-symbols-blob-master-MCU_ST_STM32L1.kicad_sym.md,url_003504,gitlab.com,04_kicad_libraries_symbols_footprints,gitlab_kicad_libraries,https://gitlab.com/kicad/libraries/kicad-symbols/-/blob/master/MCU_ST_STM32L1.kicad_sym
url_003505--gitlab.com-kicad-libraries-kicad-symbols-blob-master-MCU_ST_STM32L4.kicad_sym.md,url_003505,gitlab.com,04_kicad_libraries_symbols_footprints,gitlab_kicad_libraries,https://gitlab.com/kicad/libraries/kicad-symbols/-/blob/master/MCU_ST_STM32L4.kicad_sym
url_003506--gitlab.com-kicad-libraries-kicad-symbols-blob-master-MCU_ST_STM32L5.kicad_sym.md,url_003506,gitlab.com,04_kicad_libraries_symbols_footprints,gitlab_kicad_libraries,https://gitlab.com/kicad/libraries/kicad-symbols/-/blob/master/MCU_ST_STM32L5.kicad_sym
url_003507--gitlab.com-kicad-libraries-kicad-symbols-blob-master-MCU_ST_STM32U0.kicad_sym.md,url_003507,gitlab.com,04_kicad_libraries_symbols_footprints,gitlab_kicad_libraries,https://gitlab.com/kicad/libraries/kicad-symbols/-/blob/master/MCU_ST_STM32U0.kicad_sym
url_003508--gitlab.com-kicad-libraries-kicad-symbols-blob-master-MCU_ST_STM32U5.kicad_sym.md,url_003508,gitlab.com,04_kicad_libraries_symbols_footprints,gitlab_kicad_libraries,https://gitlab.com/kicad/libraries/kicad-symbols/-/blob/master/MCU_ST_STM32U5.kicad_sym
url_003509--gitlab.com-kicad-libraries-kicad-symbols-blob-master-MCU_ST_STM32WB.kicad_sym.md,url_003509,gitlab.com,04_kicad_libraries_symbols_footprints,gitlab_kicad_libraries,https://gitlab.com/kicad/libraries/kicad-symbols/-/blob/master/MCU_ST_STM32WB.kicad_sym
url_003510--gitlab.com-kicad-libraries-kicad-symbols-blob-master-MCU_ST_STM32WL.kicad_sym.md,url_003510,gitlab.com,04_kicad_libraries_symbols_footprints,gitlab_kicad_libraries,https://gitlab.com/kicad/libraries/kicad-symbols/-/blob/master/MCU_ST_STM32WL.kicad_sym
url_003511--gitlab.com-kicad-libraries-kicad-symbols-blob-master-MCU_Texas.kicad_sym.md,url_003511,gitlab.com,04_kicad_libraries_symbols_footprints,gitlab_kicad_libraries,https://gitlab.com/kicad/libraries/kicad-symbols/-/blob/master/MCU_Texas.kicad_sym
url_003512--gitlab.com-kicad-libraries-kicad-symbols-blob-master-Power_Management.kicad_sym.md,url_003512,gitlab.com,04_kicad_libraries_symbols_footprints,gitlab_kicad_libraries,https://gitlab.com/kicad/libraries/kicad-symbols/-/blob/master/Power_Management.kicad_sym
url_003513--gitlab.com-kicad-libraries-kicad-symbols-blob-master-Regulator_Switching.kicad_sym.md,url_003513,gitlab.com,04_kicad_libraries_symbols_footprints,gitlab_kicad_libraries,https://gitlab.com/kicad/libraries/kicad-symbols/-/blob/master/Regulator_Switching.kicad_sym
url_003514--gitlab.com-kicad-libraries-kicad-symbols-blob-master-RF_Module.kicad_sym.md,url_003514,gitlab.com,04_kicad_libraries_symbols_footprints,gitlab_kicad_libraries,https://gitlab.com/kicad/libraries/kicad-symbols/-/blob/master/RF_Module.kicad_sym
url_003515--gitlab.com-kicad-libraries-kicad-templates.md,url_003515,gitlab.com,04_kicad_libraries_symbols_footprints,gitlab_kicad_libraries,https://gitlab.com/kicad/libraries/kicad-templates
url_004550--jlcpcb.com-parts-componentSearch.md,url_004550,jlcpcb.com,13_vendor_parts_cad_models,fabricator_parts_index,https://jlcpcb.com/parts/componentSearch
url_004552--klc.kicad.org-footprint.md,url_004552,klc.kicad.org,04_kicad_libraries_symbols_footprints,klc,https://klc.kicad.org/footprint/
url_004553--klc.kicad.org-model.md,url_004553,klc.kicad.org,04_kicad_libraries_symbols_footprints,klc,https://klc.kicad.org/model/
url_004554--klc.kicad.org-symbol.md,url_004554,klc.kicad.org,04_kicad_libraries_symbols_footprints,klc,https://klc.kicad.org/symbol/
url_008230--pcbway.com-pcb_prototype-PCB_Assembly.html.md,url_008230,www.pcbway.com,10_dfm_fabrication_assembly,fabricator_dfm,https://www.pcbway.com/pcb_prototype/PCB_Assembly.html
url_008231--pcbway.com-pcb_prototype-PCB_Capabilities.html.md,url_008231,www.pcbway.com,10_dfm_fabrication_assembly,fabricator_dfm,https://www.pcbway.com/pcb_prototype/PCB_Capabilities.html
url_008233--pcbway.com-pcb_prototype-PCB_Impedance_Control.html.md,url_008233,www.pcbway.com,11_calculators_ipc_reference,fabricator_reference,https://www.pcbway.com/pcb_prototype/PCB_Impedance_Control.html
url_009919--ti.com-lit-pdf-slla414.md,url_009919,www.ti.com,07_usb_c_high_speed_esd,ti_usb_esd,https://www.ti.com/lit/pdf/slla414
url_009920--ti.com-lit-pdf-sllu149.md,url_009920,www.ti.com,07_usb_c_high_speed_esd,ti_usb_esd,https://www.ti.com/lit/pdf/sllu149
url_010035--ti.com-product-TPS54202.md,url_010035,www.ti.com,08_power_buck_regulators,ti_power,https://www.ti.com/product/TPS54202
url_010036--ti.com-product-TPS54302.md,url_010036,www.ti.com,08_power_buck_regulators,ti_power,https://www.ti.com/product/TPS54302
url_010037--ti.com-product-TPS562201.md,url_010037,www.ti.com,08_power_buck_regulators,ti_power,https://www.ti.com/product/TPS562201
url_010038--ti.com-product-TPS563201.md,url_010038,www.ti.com,08_power_buck_regulators,ti_power,https://www.ti.com/product/TPS563201
url_010039--ti.com-product-TPS62177.md,url_010039,www.ti.com,08_power_buck_regulators,ti_power,https://www.ti.com/product/TPS62177
url_010040--ti.com-product-TPS62827.md,url_010040,www.ti.com,08_power_buck_regulators,ti_power,https://www.ti.com/product/TPS62827
url_010041--ti.com-product-TPS62840.md,url_010041,www.ti.com,08_power_buck_regulators,ti_power,https://www.ti.com/product/TPS62840
url_010042--ti.com-product-TPS62933.md,url_010042,www.ti.com,08_power_buck_regulators,ti_power,https://www.ti.com/product/TPS62933
url_010043--ti.com-tool-TPS54202EVM-716.md,url_010043,www.ti.com,08_power_buck_regulators,ti_power,https://www.ti.com/tool/TPS54202EVM-716
url_010044--ti.com-tool-TPS54302EVM-716.md,url_010044,www.ti.com,08_power_buck_regulators,ti_power,https://www.ti.com/tool/TPS54302EVM-716
url_010047--ti.com-tool-WEBENCH-POWER-DESIGNER.md,url_010047,www.ti.com,08_power_buck_regulators,ti_power,https://www.ti.com/tool/WEBENCH-POWER-DESIGNER
url_010061--usb.org-documents.md,url_010061,www.usb.org,07_usb_c_high_speed_esd,usb_org,https://www.usb.org/documents
url_010063--usb.org-usb-charger-pd.md,url_010063,www.usb.org,07_usb_c_high_speed_esd,usb_org,https://www.usb.org/usb-charger-pd
url_010072--youtube.com-AltiumAcademy-videos.md,url_010072,www.youtube.com,15_video_reference_index,video_index,https://www.youtube.com/@AltiumAcademy/videos
url_010073--youtube.com-AndreasSpiess-videos.md,url_010073,www.youtube.com,15_video_reference_index,video_index,https://www.youtube.com/@AndreasSpiess/videos
url_010074--youtube.com-atomic14-videos.md,url_010074,www.youtube.com,15_video_reference_index,video_index,https://www.youtube.com/@atomic14/videos
url_010075--youtube.com-ContextualElectronics-videos.md,url_010075,www.youtube.com,15_video_reference_index,video_index,https://www.youtube.com/@ContextualElectronics/videos
url_010076--youtube.com-EEVblog-videos.md,url_010076,www.youtube.com,15_video_reference_index,video_index,https://www.youtube.com/@EEVblog/videos
url_010077--youtube.com-GreatScottLab-videos.md,url_010077,www.youtube.com,15_video_reference_index,video_index,https://www.youtube.com/@GreatScottLab/videos
url_010078--youtube.com-PhilsLab.md,url_010078,www.youtube.com,15_video_reference_index,video_index,https://www.youtube.com/@PhilsLab
url_010080--youtube.com-RobertFeranec-videos.md,url_010080,www.youtube.com,15_video_reference_index,video_index,https://www.youtube.com/@RobertFeranec/videos
