file_path,placeholder_type,severity,required_content
.codex/prompts/CREATE_REAL_KICAD_PROJECT_FROM_REQUIREMENTS.md,UNEXPANDED_TEMPLATE_VARIABLE,HIGH,Replace placeholders with verified content or clearly mark intentionally unverified/template-only status.
.codex/prompts/NEW_KICAD_PROJECT.md,UNEXPANDED_TEMPLATE_VARIABLE,HIGH,Replace placeholders with verified content or clearly mark intentionally unverified/template-only status.
.prompts/README.md,UNEXPANDED_TEMPLATE_VARIABLE,HIGH,Replace placeholders with verified content or clearly mark intentionally unverified/template-only status.
.prompts/codex/02_CREATE_NEW_PROJECT_WORKSPACE.md,UNEXPANDED_TEMPLATE_VARIABLE,HIGH,Replace placeholders with verified content or clearly mark intentionally unverified/template-only status.
.prompts/codex/03_RESEARCH_COMPONENT.md,UNEXPANDED_TEMPLATE_VARIABLE,HIGH,Replace placeholders with verified content or clearly mark intentionally unverified/template-only status.
.prompts/codex/04_ADD_COMPONENT_TO_DATABASE.md,UNEXPANDED_TEMPLATE_VARIABLE,HIGH,Replace placeholders with verified content or clearly mark intentionally unverified/template-only status.
.prompts/codex/05_PLAN_SCHEMATIC.md,UNEXPANDED_TEMPLATE_VARIABLE,HIGH,Replace placeholders with verified content or clearly mark intentionally unverified/template-only status.
.vscode/tasks.json,UNEXPANDED_TEMPLATE_VARIABLE,HIGH,Replace placeholders with verified content or clearly mark intentionally unverified/template-only status.
00_CODEX_START/HISTORY_INDEX.generated.json,UNEXPANDED_TEMPLATE_VARIABLE,HIGH,Replace placeholders with verified content or clearly mark intentionally unverified/template-only status.
00_CODEX_START/HISTORY_INDEX.generated.md,UNEXPANDED_TEMPLATE_VARIABLE,HIGH,Replace placeholders with verified content or clearly mark intentionally unverified/template-only status.
00_CODEX_START/HISTORY_INDEX.md,UNEXPANDED_TEMPLATE_VARIABLE,HIGH,Replace placeholders with verified content or clearly mark intentionally unverified/template-only status.
00_CODEX_START/MEMORY_INDEX.md,UNEXPANDED_TEMPLATE_VARIABLE,HIGH,Replace placeholders with verified content or clearly mark intentionally unverified/template-only status.
00_CODEX_START/SESSION_START_CHECKLIST.md,UNEXPANDED_TEMPLATE_VARIABLE,HIGH,Replace placeholders with verified content or clearly mark intentionally unverified/template-only status.
00_CODEX_START/TOOL_INDEX.md,UNEXPANDED_TEMPLATE_VARIABLE,HIGH,Replace placeholders with verified content or clearly mark intentionally unverified/template-only status.
00_CODEX_START/WORKFLOW_RULES.md,UNEXPANDED_TEMPLATE_VARIABLE,HIGH,Replace placeholders with verified content or clearly mark intentionally unverified/template-only status.
02_HISTORY/MASTER_HISTORY_INDEX.md,UNEXPANDED_TEMPLATE_VARIABLE,HIGH,Replace placeholders with verified content or clearly mark intentionally unverified/template-only status.
02_HISTORY/claim_evidence_matrices/MCU_DATASHEET_TREE_UPGRADE_CLAIM_EVIDENCE_MATRIX.md,UNEXPANDED_TEMPLATE_VARIABLE,HIGH,Replace placeholders with verified content or clearly mark intentionally unverified/template-only status.
02_HISTORY/claim_evidence_matrices/STM32_SOURCE_LINK_RESEARCH_CLAIM_EVIDENCE_MATRIX.md,UNEXPANDED_TEMPLATE_VARIABLE,HIGH,Replace placeholders with verified content or clearly mark intentionally unverified/template-only status.
02_HISTORY/command_logs/KIBOT_INSTALL_COMMANDS.md,UNEXPANDED_TEMPLATE_VARIABLE,HIGH,Replace placeholders with verified content or clearly mark intentionally unverified/template-only status.
02_HISTORY/command_logs/KICAD_HAPPY_INSTALL_COMMANDS.md,UNEXPANDED_TEMPLATE_VARIABLE,HIGH,Replace placeholders with verified content or clearly mark intentionally unverified/template-only status.
02_HISTORY/command_logs/KICAD_MCP_PRO_INSTALL_COMMANDS.md,UNEXPANDED_TEMPLATE_VARIABLE,HIGH,Replace placeholders with verified content or clearly mark intentionally unverified/template-only status.
02_HISTORY/command_logs/MCU_DATASHEET_TREE_UPGRADE_COMMANDS.md,UNEXPANDED_TEMPLATE_VARIABLE,HIGH,Replace placeholders with verified content or clearly mark intentionally unverified/template-only status.
02_HISTORY/command_logs/STM32_SOURCE_LINK_RESEARCH_COMMANDS.md,UNEXPANDED_TEMPLATE_VARIABLE,HIGH,Replace placeholders with verified content or clearly mark intentionally unverified/template-only status.
02_HISTORY/command_logs/VISUAL_TOOLS_INSTALL_COMMANDS.md,UNEXPANDED_TEMPLATE_VARIABLE,HIGH,Replace placeholders with verified content or clearly mark intentionally unverified/template-only status.
02_HISTORY/design_reviews/COMPONENT_DATABASE_CORE_SETUP_AUDIT.md,UNEXPANDED_TEMPLATE_VARIABLE,HIGH,Replace placeholders with verified content or clearly mark intentionally unverified/template-only status.
02_HISTORY/design_reviews/KICAD_ENGINE_FINAL_SETUP_AUDIT.md,UNEXPANDED_TEMPLATE_VARIABLE,HIGH,Replace placeholders with verified content or clearly mark intentionally unverified/template-only status.
02_HISTORY/design_reviews/MICROCONTROLLER_FAMILY_CONTENT_GENERATOR_AUDIT.md,UNEXPANDED_TEMPLATE_VARIABLE,HIGH,Replace placeholders with verified content or clearly mark intentionally unverified/template-only status.
02_HISTORY/design_reviews/STM32F1_PILOT_CONTENT_COMPLETION_REPORT.md,UNEXPANDED_TEMPLATE_VARIABLE,HIGH,Replace placeholders with verified content or clearly mark intentionally unverified/template-only status.
02_HISTORY/design_reviews/STM32_DATASHEET_TREE_CONTENT_COMPLETION_AUDIT.md,UNEXPANDED_TEMPLATE_VARIABLE,HIGH,Replace placeholders with verified content or clearly mark intentionally unverified/template-only status.
02_HISTORY/design_reviews/STM32_SOURCE_LINK_RESEARCH_REPORT.md,UNEXPANDED_TEMPLATE_VARIABLE,HIGH,Replace placeholders with verified content or clearly mark intentionally unverified/template-only status.
02_HISTORY/design_reviews/SUPPLIER_DATASHEET_FOOTPRINT_FINAL_AUDIT.md,UNEXPANDED_TEMPLATE_VARIABLE,HIGH,Replace placeholders with verified content or clearly mark intentionally unverified/template-only status.
02_HISTORY/fabrication_reviews,EMPTY_FOLDER,HIGH,"Add intended files, .gitkeep with purpose, or remove from production scope."
02_HISTORY/failed_attempts/MCU_TREE_UPGRADE_RG_DOLLAR_QUOTING.md,UNEXPANDED_TEMPLATE_VARIABLE,HIGH,Replace placeholders with verified content or clearly mark intentionally unverified/template-only status.
02_HISTORY/issue_logs/MCU_DATASHEET_SUPPORT_FOLDERS_REMAIN_WEAK.md,UNEXPANDED_TEMPLATE_VARIABLE,HIGH,Replace placeholders with verified content or clearly mark intentionally unverified/template-only status.
02_HISTORY/project_history/COMMAND_LINK_VERIFIED_REFERENCE,EMPTY_FOLDER,HIGH,"Add intended files, .gitkeep with purpose, or remove from production scope."
02_HISTORY/sessions/KICAD_VERIFICATION_SCRIPTS_CREATED.md,UNEXPANDED_TEMPLATE_VARIABLE,HIGH,Replace placeholders with verified content or clearly mark intentionally unverified/template-only status.
02_HISTORY/sessions/MCU_DATASHEET_TREE_UPGRADE_SESSION.md,UNEXPANDED_TEMPLATE_VARIABLE,HIGH,Replace placeholders with verified content or clearly mark intentionally unverified/template-only status.
02_HISTORY/sessions/STM32_SOURCE_LINK_RESEARCH_SESSION.md,UNEXPANDED_TEMPLATE_VARIABLE,HIGH,Replace placeholders with verified content or clearly mark intentionally unverified/template-only status.
03_TOOLS/common/docs,EMPTY_FOLDER,HIGH,"Add intended files, .gitkeep with purpose, or remove from production scope."
03_TOOLS/common/repos,EMPTY_FOLDER,HIGH,"Add intended files, .gitkeep with purpose, or remove from production scope."
03_TOOLS/common/scripts,EMPTY_FOLDER,HIGH,"Add intended files, .gitkeep with purpose, or remove from production scope."
03_TOOLS/kicad_app_intelligence/generated/kicad_resource_summary.windows.json,UNEXPANDED_TEMPLATE_VARIABLE,HIGH,Replace placeholders with verified content or clearly mark intentionally unverified/template-only status.
03_TOOLS/linux/logs,EMPTY_FOLDER,HIGH,"Add intended files, .gitkeep with purpose, or remove from production scope."
03_TOOLS/linux/repos,EMPTY_FOLDER,HIGH,"Add intended files, .gitkeep with purpose, or remove from production scope."
03_TOOLS/linux/scripts/appimage_control,EMPTY_FOLDER,HIGH,"Add intended files, .gitkeep with purpose, or remove from production scope."
03_TOOLS/linux/scripts/check_linux_kicad_env.sh,UNEXPANDED_TEMPLATE_VARIABLE,HIGH,Replace placeholders with verified content or clearly mark intentionally unverified/template-only status.
03_TOOLS/linux/scripts/dogtail,EMPTY_FOLDER,HIGH,"Add intended files, .gitkeep with purpose, or remove from production scope."
03_TOOLS/linux/scripts/screenshots,EMPTY_FOLDER,HIGH,"Add intended files, .gitkeep with purpose, or remove from production scope."
03_TOOLS/linux/scripts/ydotool,EMPTY_FOLDER,HIGH,"Add intended files, .gitkeep with purpose, or remove from production scope."
03_TOOLS/scripts/ai_quality/ai_quality_common.py,UNEXPANDED_TEMPLATE_VARIABLE,HIGH,Replace placeholders with verified content or clearly mark intentionally unverified/template-only status.
03_TOOLS/scripts/datasheets/build_datasheet_index.py,UNEXPANDED_TEMPLATE_VARIABLE,HIGH,Replace placeholders with verified content or clearly mark intentionally unverified/template-only status.
03_TOOLS/scripts/datasheets/build_stm32_ai_datasheet_tree.py,UNEXPANDED_TEMPLATE_VARIABLE,HIGH,Replace placeholders with verified content or clearly mark intentionally unverified/template-only status.
03_TOOLS/scripts/datasheets/build_stm32_source_link_indexes.py,UNEXPANDED_TEMPLATE_VARIABLE,HIGH,Replace placeholders with verified content or clearly mark intentionally unverified/template-only status.
03_TOOLS/scripts/datasheets/create_missing_datasheet_report.py,UNEXPANDED_TEMPLATE_VARIABLE,HIGH,Replace placeholders with verified content or clearly mark intentionally unverified/template-only status.
03_TOOLS/scripts/datasheets/generate_component_summary_stub.py,UNEXPANDED_TEMPLATE_VARIABLE,HIGH,Replace placeholders with verified content or clearly mark intentionally unverified/template-only status.
03_TOOLS/scripts/datasheets/validate_datasheet_links.py,UNEXPANDED_TEMPLATE_VARIABLE,HIGH,Replace placeholders with verified content or clearly mark intentionally unverified/template-only status.
03_TOOLS/scripts/kicad_app_audit/deep_kicad_folder_inventory.py,UNEXPANDED_TEMPLATE_VARIABLE,HIGH,Replace placeholders with verified content or clearly mark intentionally unverified/template-only status.
03_TOOLS/scripts/kicad_engine_health_check.ps1,UNEXPANDED_TEMPLATE_VARIABLE,HIGH,Replace placeholders with verified content or clearly mark intentionally unverified/template-only status.
03_TOOLS/scripts/kicad_libraries/index_footprints.py,UNEXPANDED_TEMPLATE_VARIABLE,HIGH,Replace placeholders with verified content or clearly mark intentionally unverified/template-only status.
03_TOOLS/scripts/kicad_libraries/index_symbols.py,UNEXPANDED_TEMPLATE_VARIABLE,HIGH,Replace placeholders with verified content or clearly mark intentionally unverified/template-only status.
03_TOOLS/scripts/memory_history/memory_history_common.py,UNEXPANDED_TEMPLATE_VARIABLE,HIGH,Replace placeholders with verified content or clearly mark intentionally unverified/template-only status.
03_TOOLS/scripts/project_validation/validate_kicad_project.py,UNEXPANDED_TEMPLATE_VARIABLE,HIGH,Replace placeholders with verified content or clearly mark intentionally unverified/template-only status.
03_TOOLS/tool_logs/KICAD_HAPPY_USAGE_GUIDE.md,UNEXPANDED_TEMPLATE_VARIABLE,HIGH,Replace placeholders with verified content or clearly mark intentionally unverified/template-only status.
03_TOOLS/windows/repos/AutoHotkey/.git/objects/info,EMPTY_FOLDER,HIGH,"Add intended files, .gitkeep with purpose, or remove from production scope."
03_TOOLS/windows/repos/AutoHotkey/.git/refs/tags,EMPTY_FOLDER,HIGH,"Add intended files, .gitkeep with purpose, or remove from production scope."
03_TOOLS/windows/repos/FlaUI/.git/objects/info,EMPTY_FOLDER,HIGH,"Add intended files, .gitkeep with purpose, or remove from production scope."
03_TOOLS/windows/repos/FlaUI/.git/refs/tags,EMPTY_FOLDER,HIGH,"Add intended files, .gitkeep with purpose, or remove from production scope."
03_TOOLS/windows/repos/FlaUInspect/.git/objects/info,EMPTY_FOLDER,HIGH,"Add intended files, .gitkeep with purpose, or remove from production scope."
03_TOOLS/windows/repos/FlaUInspect/.git/refs/tags,EMPTY_FOLDER,HIGH,"Add intended files, .gitkeep with purpose, or remove from production scope."
03_TOOLS/windows/repos/SikuliX1/.git/objects/info,EMPTY_FOLDER,HIGH,"Add intended files, .gitkeep with purpose, or remove from production scope."
03_TOOLS/windows/repos/SikuliX1/.git/refs/tags,EMPTY_FOLDER,HIGH,"Add intended files, .gitkeep with purpose, or remove from production scope."
03_TOOLS/windows/scripts/ahk,EMPTY_FOLDER,HIGH,"Add intended files, .gitkeep with purpose, or remove from production scope."
03_TOOLS/windows/scripts/pyautogui,EMPTY_FOLDER,HIGH,"Add intended files, .gitkeep with purpose, or remove from production scope."
04_KICAD_PROJECTS/active/COMMAND_LINK_VERIFIED_REFERENCE/history/command_logs,EMPTY_FOLDER,HIGH,"Add intended files, .gitkeep with purpose, or remove from production scope."
04_KICAD_PROJECTS/active/COMMAND_LINK_VERIFIED_REFERENCE/history/design_decisions,EMPTY_FOLDER,HIGH,"Add intended files, .gitkeep with purpose, or remove from production scope."
04_KICAD_PROJECTS/active/COMMAND_LINK_VERIFIED_REFERENCE/history/failed_attempts,EMPTY_FOLDER,HIGH,"Add intended files, .gitkeep with purpose, or remove from production scope."
04_KICAD_PROJECTS/active/COMMAND_LINK_VERIFIED_REFERENCE/history/issue_logs,EMPTY_FOLDER,HIGH,"Add intended files, .gitkeep with purpose, or remove from production scope."
04_KICAD_PROJECTS/active/COMMAND_LINK_VERIFIED_REFERENCE/history/sessions,EMPTY_FOLDER,HIGH,"Add intended files, .gitkeep with purpose, or remove from production scope."
04_KICAD_PROJECTS/active/COMMAND_LINK_VERIFIED_REFERENCE/history/user_corrections,EMPTY_FOLDER,HIGH,"Add intended files, .gitkeep with purpose, or remove from production scope."
04_KICAD_PROJECTS/active/COMMAND_LINK_VERIFIED_REFERENCE/history/verification_runs,EMPTY_FOLDER,HIGH,"Add intended files, .gitkeep with purpose, or remove from production scope."
04_KICAD_PROJECTS/active/COMMAND_LINK_VERIFIED_REFERENCE/history/workflow_runs,EMPTY_FOLDER,HIGH,"Add intended files, .gitkeep with purpose, or remove from production scope."
04_KICAD_PROJECTS/active/COMMAND_LINK_VERIFIED_REFERENCE/learning,EMPTY_FOLDER,HIGH,"Add intended files, .gitkeep with purpose, or remove from production scope."
04_KICAD_PROJECTS/active/COMMAND_LINK_VERIFIED_REFERENCE/notes,EMPTY_FOLDER,HIGH,"Add intended files, .gitkeep with purpose, or remove from production scope."
04_KICAD_PROJECTS/active/COMMAND_LINK_VERIFIED_REFERENCE/reference_original_inventory,EMPTY_FOLDER,HIGH,"Add intended files, .gitkeep with purpose, or remove from production scope."
04_KICAD_PROJECTS/active/ESP32_CSI_WIFI_NODE/bom,EMPTY_FOLDER,HIGH,"Add intended files, .gitkeep with purpose, or remove from production scope."
04_KICAD_PROJECTS/active/ESP32_CSI_WIFI_NODE/datasheets,EMPTY_FOLDER,HIGH,"Add intended files, .gitkeep with purpose, or remove from production scope."
04_KICAD_PROJECTS/active/ESP32_CSI_WIFI_NODE/fabrication,EMPTY_FOLDER,HIGH,"Add intended files, .gitkeep with purpose, or remove from production scope."
04_KICAD_PROJECTS/active/ESP32_CSI_WIFI_NODE/history/command_logs,EMPTY_FOLDER,HIGH,"Add intended files, .gitkeep with purpose, or remove from production scope."
04_KICAD_PROJECTS/active/ESP32_CSI_WIFI_NODE/history/design_decisions,EMPTY_FOLDER,HIGH,"Add intended files, .gitkeep with purpose, or remove from production scope."
04_KICAD_PROJECTS/active/ESP32_CSI_WIFI_NODE/history/sessions,EMPTY_FOLDER,HIGH,"Add intended files, .gitkeep with purpose, or remove from production scope."
04_KICAD_PROJECTS/active/ESP32_CSI_WIFI_NODE/history/workflow_runs,EMPTY_FOLDER,HIGH,"Add intended files, .gitkeep with purpose, or remove from production scope."
04_KICAD_PROJECTS/active/ESP32_CSI_WIFI_NODE/notes,EMPTY_FOLDER,HIGH,"Add intended files, .gitkeep with purpose, or remove from production scope."
04_KICAD_PROJECTS/active/ESP32_CSI_WIFI_NODE/scripts,EMPTY_FOLDER,HIGH,"Add intended files, .gitkeep with purpose, or remove from production scope."
04_KICAD_PROJECTS/archive/CLEAN_KICAD_PASSING_SAMPLE/datasheets,EMPTY_FOLDER,HIGH,"Add intended files, .gitkeep with purpose, or remove from production scope."
04_KICAD_PROJECTS/archive/CLEAN_KICAD_PASSING_SAMPLE/history,EMPTY_FOLDER,HIGH,"Add intended files, .gitkeep with purpose, or remove from production scope."
04_KICAD_PROJECTS/archive/CLEAN_KICAD_PASSING_SAMPLE/memory,EMPTY_FOLDER,HIGH,"Add intended files, .gitkeep with purpose, or remove from production scope."
04_KICAD_PROJECTS/archive/CLEAN_KICAD_PASSING_SAMPLE/notes,EMPTY_FOLDER,HIGH,"Add intended files, .gitkeep with purpose, or remove from production scope."
04_KICAD_PROJECTS/archive/CLEAN_KICAD_PASSING_SAMPLE/renders,EMPTY_FOLDER,HIGH,"Add intended files, .gitkeep with purpose, or remove from production scope."
04_KICAD_PROJECTS/archive/CLEAN_KICAD_PASSING_SAMPLE/scripts,EMPTY_FOLDER,HIGH,"Add intended files, .gitkeep with purpose, or remove from production scope."
04_KICAD_PROJECTS/archive/SAMPLE_KICAD_TEST_PROJECT/datasheets,EMPTY_FOLDER,HIGH,"Add intended files, .gitkeep with purpose, or remove from production scope."
04_KICAD_PROJECTS/archive/SAMPLE_KICAD_TEST_PROJECT/history,EMPTY_FOLDER,HIGH,"Add intended files, .gitkeep with purpose, or remove from production scope."
04_KICAD_PROJECTS/archive/SAMPLE_KICAD_TEST_PROJECT/memory,EMPTY_FOLDER,HIGH,"Add intended files, .gitkeep with purpose, or remove from production scope."
04_KICAD_PROJECTS/archive/SAMPLE_KICAD_TEST_PROJECT/notes,EMPTY_FOLDER,HIGH,"Add intended files, .gitkeep with purpose, or remove from production scope."
04_KICAD_PROJECTS/archive/SAMPLE_KICAD_TEST_PROJECT/renders,EMPTY_FOLDER,HIGH,"Add intended files, .gitkeep with purpose, or remove from production scope."
04_KICAD_PROJECTS/archive/SAMPLE_KICAD_TEST_PROJECT/scripts,EMPTY_FOLDER,HIGH,"Add intended files, .gitkeep with purpose, or remove from production scope."
04_KICAD_PROJECTS/templates/STANDARD_KICAD_PROJECT_TEMPLATE/bom,EMPTY_FOLDER,HIGH,"Add intended files, .gitkeep with purpose, or remove from production scope."
04_KICAD_PROJECTS/templates/STANDARD_KICAD_PROJECT_TEMPLATE/datasheets,EMPTY_FOLDER,HIGH,"Add intended files, .gitkeep with purpose, or remove from production scope."
04_KICAD_PROJECTS/templates/STANDARD_KICAD_PROJECT_TEMPLATE/fabrication,EMPTY_FOLDER,HIGH,"Add intended files, .gitkeep with purpose, or remove from production scope."
04_KICAD_PROJECTS/templates/STANDARD_KICAD_PROJECT_TEMPLATE/history,EMPTY_FOLDER,HIGH,"Add intended files, .gitkeep with purpose, or remove from production scope."
04_KICAD_PROJECTS/templates/STANDARD_KICAD_PROJECT_TEMPLATE/kicad,EMPTY_FOLDER,HIGH,"Add intended files, .gitkeep with purpose, or remove from production scope."
04_KICAD_PROJECTS/templates/STANDARD_KICAD_PROJECT_TEMPLATE/memory,EMPTY_FOLDER,HIGH,"Add intended files, .gitkeep with purpose, or remove from production scope."
04_KICAD_PROJECTS/templates/STANDARD_KICAD_PROJECT_TEMPLATE/notes,EMPTY_FOLDER,HIGH,"Add intended files, .gitkeep with purpose, or remove from production scope."
04_KICAD_PROJECTS/templates/STANDARD_KICAD_PROJECT_TEMPLATE/renders,EMPTY_FOLDER,HIGH,"Add intended files, .gitkeep with purpose, or remove from production scope."
04_KICAD_PROJECTS/templates/STANDARD_KICAD_PROJECT_TEMPLATE/reports,EMPTY_FOLDER,HIGH,"Add intended files, .gitkeep with purpose, or remove from production scope."
04_KICAD_PROJECTS/templates/STANDARD_KICAD_PROJECT_TEMPLATE/scripts,EMPTY_FOLDER,HIGH,"Add intended files, .gitkeep with purpose, or remove from production scope."
05_OUTPUTS/bom,EMPTY_FOLDER,HIGH,"Add intended files, .gitkeep with purpose, or remove from production scope."
05_OUTPUTS/clean_sample_candidate_tests/kibot_kicad9_20260430_173821/candidate_reports,EMPTY_FOLDER,HIGH,"Add intended files, .gitkeep with purpose, or remove from production scope."
05_OUTPUTS/datasheet_tree/MCU_TREE_GENERATION_RESULTS.json,UNEXPANDED_TEMPLATE_VARIABLE,HIGH,Replace placeholders with verified content or clearly mark intentionally unverified/template-only status.
05_OUTPUTS/datasheet_tree/MCU_TREE_GENERATION_RESULTS_RERUN.json,UNEXPANDED_TEMPLATE_VARIABLE,HIGH,Replace placeholders with verified content or clearly mark intentionally unverified/template-only status.
05_OUTPUTS/drill,EMPTY_FOLDER,HIGH,"Add intended files, .gitkeep with purpose, or remove from production scope."
05_OUTPUTS/gerbers,EMPTY_FOLDER,HIGH,"Add intended files, .gitkeep with purpose, or remove from production scope."
05_OUTPUTS/html_bom,EMPTY_FOLDER,HIGH,"Add intended files, .gitkeep with purpose, or remove from production scope."
05_OUTPUTS/installer_smoke_test/KICAD_ENGINE_TEST_2026-05-03T00-18-33-993Z/.codex/prompts/CREATE_REAL_KICAD_PROJECT_FROM_REQUIREMENTS.md,UNEXPANDED_TEMPLATE_VARIABLE,HIGH,Replace placeholders with verified content or clearly mark intentionally unverified/template-only status.
05_OUTPUTS/installer_smoke_test/KICAD_ENGINE_TEST_2026-05-03T00-18-33-993Z/.codex/prompts/NEW_KICAD_PROJECT.md,UNEXPANDED_TEMPLATE_VARIABLE,HIGH,Replace placeholders with verified content or clearly mark intentionally unverified/template-only status.
05_OUTPUTS/installer_smoke_test/KICAD_ENGINE_TEST_2026-05-03T00-18-33-993Z/.prompts/README.md,UNEXPANDED_TEMPLATE_VARIABLE,HIGH,Replace placeholders with verified content or clearly mark intentionally unverified/template-only status.
05_OUTPUTS/installer_smoke_test/KICAD_ENGINE_TEST_2026-05-03T00-18-33-993Z/.prompts/codex/02_CREATE_NEW_PROJECT_WORKSPACE.md,UNEXPANDED_TEMPLATE_VARIABLE,HIGH,Replace placeholders with verified content or clearly mark intentionally unverified/template-only status.
05_OUTPUTS/installer_smoke_test/KICAD_ENGINE_TEST_2026-05-03T00-18-33-993Z/.prompts/codex/03_RESEARCH_COMPONENT.md,UNEXPANDED_TEMPLATE_VARIABLE,HIGH,Replace placeholders with verified content or clearly mark intentionally unverified/template-only status.
05_OUTPUTS/installer_smoke_test/KICAD_ENGINE_TEST_2026-05-03T00-18-33-993Z/.prompts/codex/04_ADD_COMPONENT_TO_DATABASE.md,UNEXPANDED_TEMPLATE_VARIABLE,HIGH,Replace placeholders with verified content or clearly mark intentionally unverified/template-only status.
05_OUTPUTS/installer_smoke_test/KICAD_ENGINE_TEST_2026-05-03T00-18-33-993Z/.prompts/codex/05_PLAN_SCHEMATIC.md,UNEXPANDED_TEMPLATE_VARIABLE,HIGH,Replace placeholders with verified content or clearly mark intentionally unverified/template-only status.
05_OUTPUTS/installer_smoke_test/KICAD_ENGINE_TEST_2026-05-03T00-18-33-993Z/.vscode/tasks.json,UNEXPANDED_TEMPLATE_VARIABLE,HIGH,Replace placeholders with verified content or clearly mark intentionally unverified/template-only status.
05_OUTPUTS/installer_smoke_test/KICAD_ENGINE_TEST_2026-05-03T00-18-33-993Z/00_CODEX_START/HISTORY_INDEX.md,UNEXPANDED_TEMPLATE_VARIABLE,HIGH,Replace placeholders with verified content or clearly mark intentionally unverified/template-only status.
05_OUTPUTS/installer_smoke_test/KICAD_ENGINE_TEST_2026-05-03T00-18-33-993Z/00_CODEX_START/MEMORY_INDEX.md,UNEXPANDED_TEMPLATE_VARIABLE,HIGH,Replace placeholders with verified content or clearly mark intentionally unverified/template-only status.
05_OUTPUTS/installer_smoke_test/KICAD_ENGINE_TEST_2026-05-03T00-18-33-993Z/00_CODEX_START/SESSION_START_CHECKLIST.md,UNEXPANDED_TEMPLATE_VARIABLE,HIGH,Replace placeholders with verified content or clearly mark intentionally unverified/template-only status.
05_OUTPUTS/installer_smoke_test/KICAD_ENGINE_TEST_2026-05-03T00-18-33-993Z/00_CODEX_START/WORKFLOW_RULES.md,UNEXPANDED_TEMPLATE_VARIABLE,HIGH,Replace placeholders with verified content or clearly mark intentionally unverified/template-only status.
05_OUTPUTS/installer_smoke_test/KICAD_ENGINE_TEST_2026-05-03T00-18-33-993Z/01_MEMORY/projects/README.md,UNEXPANDED_TEMPLATE_VARIABLE,HIGH,Replace placeholders with verified content or clearly mark intentionally unverified/template-only status.
05_OUTPUTS/installer_smoke_test/KICAD_ENGINE_TEST_2026-05-03T00-18-33-993Z/03_TOOLS/linux/scripts/check_linux_kicad_env.sh,UNEXPANDED_TEMPLATE_VARIABLE,HIGH,Replace placeholders with verified content or clearly mark intentionally unverified/template-only status.
05_OUTPUTS/installer_smoke_test/KICAD_ENGINE_TEST_2026-05-03T00-18-33-993Z/03_TOOLS/scripts/datasheets/build_datasheet_index.py,UNEXPANDED_TEMPLATE_VARIABLE,HIGH,Replace placeholders with verified content or clearly mark intentionally unverified/template-only status.
05_OUTPUTS/installer_smoke_test/KICAD_ENGINE_TEST_2026-05-03T00-18-33-993Z/03_TOOLS/scripts/datasheets/create_missing_datasheet_report.py,UNEXPANDED_TEMPLATE_VARIABLE,HIGH,Replace placeholders with verified content or clearly mark intentionally unverified/template-only status.
05_OUTPUTS/installer_smoke_test/KICAD_ENGINE_TEST_2026-05-03T00-18-33-993Z/03_TOOLS/scripts/datasheets/generate_component_summary_stub.py,UNEXPANDED_TEMPLATE_VARIABLE,HIGH,Replace placeholders with verified content or clearly mark intentionally unverified/template-only status.
05_OUTPUTS/installer_smoke_test/KICAD_ENGINE_TEST_2026-05-03T00-18-33-993Z/03_TOOLS/scripts/datasheets/validate_datasheet_links.py,UNEXPANDED_TEMPLATE_VARIABLE,HIGH,Replace placeholders with verified content or clearly mark intentionally unverified/template-only status.
05_OUTPUTS/installer_smoke_test/KICAD_ENGINE_TEST_2026-05-03T00-18-33-993Z/03_TOOLS/scripts/kicad_engine_health_check.ps1,UNEXPANDED_TEMPLATE_VARIABLE,HIGH,Replace placeholders with verified content or clearly mark intentionally unverified/template-only status.
05_OUTPUTS/installer_smoke_test/KICAD_ENGINE_TEST_2026-05-03T00-18-33-993Z/03_TOOLS/scripts/kicad_libraries/index_footprints.py,UNEXPANDED_TEMPLATE_VARIABLE,HIGH,Replace placeholders with verified content or clearly mark intentionally unverified/template-only status.
05_OUTPUTS/installer_smoke_test/KICAD_ENGINE_TEST_2026-05-03T00-18-33-993Z/03_TOOLS/scripts/kicad_libraries/index_symbols.py,UNEXPANDED_TEMPLATE_VARIABLE,HIGH,Replace placeholders with verified content or clearly mark intentionally unverified/template-only status.
05_OUTPUTS/installer_smoke_test/KICAD_ENGINE_TEST_2026-05-03T00-18-33-993Z/03_TOOLS/scripts/project_validation/validate_kicad_project.py,UNEXPANDED_TEMPLATE_VARIABLE,HIGH,Replace placeholders with verified content or clearly mark intentionally unverified/template-only status.
05_OUTPUTS/installer_smoke_test/KICAD_ENGINE_TEST_2026-05-03T00-18-33-993Z/05_OUTPUTS/datasheet_research,EMPTY_FOLDER,HIGH,"Add intended files, .gitkeep with purpose, or remove from production scope."
05_OUTPUTS/installer_smoke_test/KICAD_ENGINE_TEST_2026-05-03T00-18-33-993Z/05_OUTPUTS/review_packages,EMPTY_FOLDER,HIGH,"Add intended files, .gitkeep with purpose, or remove from production scope."
05_OUTPUTS/installer_smoke_test/KICAD_ENGINE_TEST_2026-05-03T00-18-33-993Z/05_OUTPUTS/setup_indexes,EMPTY_FOLDER,HIGH,"Add intended files, .gitkeep with purpose, or remove from production scope."
05_OUTPUTS/installer_smoke_test/KICAD_ENGINE_TEST_2026-05-03T00-18-33-993Z/06_DATASHEETS/00_INDEX/DATASHEET_SUMMARY_TEMPLATE.md,UNEXPANDED_TEMPLATE_VARIABLE,HIGH,Replace placeholders with verified content or clearly mark intentionally unverified/template-only status.
05_OUTPUTS/installer_smoke_test/KICAD_ENGINE_TEST_2026-05-03T00-18-33-993Z/06_DATASHEETS/00_INDEX/DEV_BOARD_RECORD_TEMPLATE.md,UNEXPANDED_TEMPLATE_VARIABLE,HIGH,Replace placeholders with verified content or clearly mark intentionally unverified/template-only status.
05_OUTPUTS/installer_smoke_test/KICAD_ENGINE_TEST_2026-05-03T00-18-33-993Z/06_DATASHEETS/00_INDEX/METADATA_SCHEMA.md,UNEXPANDED_TEMPLATE_VARIABLE,HIGH,Replace placeholders with verified content or clearly mark intentionally unverified/template-only status.
05_OUTPUTS/installer_smoke_test/KICAD_ENGINE_TEST_2026-05-03T00-18-33-993Z/06_DATASHEETS/00_INDEX/PART_RECORD_TEMPLATE.md,UNEXPANDED_TEMPLATE_VARIABLE,HIGH,Replace placeholders with verified content or clearly mark intentionally unverified/template-only status.
05_OUTPUTS/installer_smoke_test/KICAD_ENGINE_TEST_2026-05-03T00-18-33-993Z/06_DATASHEETS/00_INDEX/README.md,UNEXPANDED_TEMPLATE_VARIABLE,HIGH,Replace placeholders with verified content or clearly mark intentionally unverified/template-only status.
05_OUTPUTS/installer_smoke_test/KICAD_ENGINE_TEST_2026-05-03T00-18-33-993Z/06_DATASHEETS/00_INDEX/REFERENCE_DOCUMENT_TEMPLATE.md,UNEXPANDED_TEMPLATE_VARIABLE,HIGH,Replace placeholders with verified content or clearly mark intentionally unverified/template-only status.
05_OUTPUTS/installer_smoke_test/KICAD_ENGINE_TEST_2026-05-03T00-18-33-993Z/06_DATASHEETS/00_INDEX/source_lists/connector_sources.csv,UNEXPANDED_TEMPLATE_VARIABLE,HIGH,Replace placeholders with verified content or clearly mark intentionally unverified/template-only status.
05_OUTPUTS/installer_smoke_test/KICAD_ENGINE_TEST_2026-05-03T00-18-33-993Z/06_DATASHEETS/00_INDEX/source_lists/espressif_sources.csv,UNEXPANDED_TEMPLATE_VARIABLE,HIGH,Replace placeholders with verified content or clearly mark intentionally unverified/template-only status.
05_OUTPUTS/installer_smoke_test/KICAD_ENGINE_TEST_2026-05-03T00-18-33-993Z/06_DATASHEETS/00_INDEX/source_lists/microchip_sources.csv,UNEXPANDED_TEMPLATE_VARIABLE,HIGH,Replace placeholders with verified content or clearly mark intentionally unverified/template-only status.
05_OUTPUTS/installer_smoke_test/KICAD_ENGINE_TEST_2026-05-03T00-18-33-993Z/06_DATASHEETS/00_INDEX/source_lists/nordic_sources.csv,UNEXPANDED_TEMPLATE_VARIABLE,HIGH,Replace placeholders with verified content or clearly mark intentionally unverified/template-only status.
05_OUTPUTS/installer_smoke_test/KICAD_ENGINE_TEST_2026-05-03T00-18-33-993Z/06_DATASHEETS/00_INDEX/source_lists/power_sources.csv,UNEXPANDED_TEMPLATE_VARIABLE,HIGH,Replace placeholders with verified content or clearly mark intentionally unverified/template-only status.
05_OUTPUTS/installer_smoke_test/KICAD_ENGINE_TEST_2026-05-03T00-18-33-993Z/06_DATASHEETS/00_INDEX/source_lists/protection_sources.csv,UNEXPANDED_TEMPLATE_VARIABLE,HIGH,Replace placeholders with verified content or clearly mark intentionally unverified/template-only status.
05_OUTPUTS/installer_smoke_test/KICAD_ENGINE_TEST_2026-05-03T00-18-33-993Z/06_DATASHEETS/00_INDEX/source_lists/raspberry_pi_sources.csv,UNEXPANDED_TEMPLATE_VARIABLE,HIGH,Replace placeholders with verified content or clearly mark intentionally unverified/template-only status.
05_OUTPUTS/installer_smoke_test/KICAD_ENGINE_TEST_2026-05-03T00-18-33-993Z/06_DATASHEETS/00_INDEX/source_lists/stmicro_sources.csv,UNEXPANDED_TEMPLATE_VARIABLE,HIGH,Replace placeholders with verified content or clearly mark intentionally unverified/template-only status.
05_OUTPUTS/installer_smoke_test/KICAD_ENGINE_TEST_2026-05-03T00-18-33-993Z/06_DATASHEETS/01_MICROCONTROLLERS/ATMEL_LEGACY/README.md,UNEXPANDED_TEMPLATE_VARIABLE,HIGH,Replace placeholders with verified content or clearly mark intentionally unverified/template-only status.
05_OUTPUTS/installer_smoke_test/KICAD_ENGINE_TEST_2026-05-03T00-18-33-993Z/06_DATASHEETS/01_MICROCONTROLLERS/ESPRESSIF/ANTENNA_RF_REFERENCES/README.md,UNEXPANDED_TEMPLATE_VARIABLE,HIGH,Replace placeholders with verified content or clearly mark intentionally unverified/template-only status.
05_OUTPUTS/installer_smoke_test/KICAD_ENGINE_TEST_2026-05-03T00-18-33-993Z/06_DATASHEETS/01_MICROCONTROLLERS/ESPRESSIF/DESIGN_GUIDES/README.md,UNEXPANDED_TEMPLATE_VARIABLE,HIGH,Replace placeholders with verified content or clearly mark intentionally unverified/template-only status.
05_OUTPUTS/installer_smoke_test/KICAD_ENGINE_TEST_2026-05-03T00-18-33-993Z/06_DATASHEETS/01_MICROCONTROLLERS/ESPRESSIF/ERRATA/README.md,UNEXPANDED_TEMPLATE_VARIABLE,HIGH,Replace placeholders with verified content or clearly mark intentionally unverified/template-only status.
05_OUTPUTS/installer_smoke_test/KICAD_ENGINE_TEST_2026-05-03T00-18-33-993Z/06_DATASHEETS/01_MICROCONTROLLERS/ESPRESSIF/ESP32/README.md,UNEXPANDED_TEMPLATE_VARIABLE,HIGH,Replace placeholders with verified content or clearly mark intentionally unverified/template-only status.
05_OUTPUTS/installer_smoke_test/KICAD_ENGINE_TEST_2026-05-03T00-18-33-993Z/06_DATASHEETS/01_MICROCONTROLLERS/ESPRESSIF/ESP32_C2/README.md,UNEXPANDED_TEMPLATE_VARIABLE,HIGH,Replace placeholders with verified content or clearly mark intentionally unverified/template-only status.
05_OUTPUTS/installer_smoke_test/KICAD_ENGINE_TEST_2026-05-03T00-18-33-993Z/06_DATASHEETS/01_MICROCONTROLLERS/ESPRESSIF/ESP32_C3/README.md,UNEXPANDED_TEMPLATE_VARIABLE,HIGH,Replace placeholders with verified content or clearly mark intentionally unverified/template-only status.
05_OUTPUTS/installer_smoke_test/KICAD_ENGINE_TEST_2026-05-03T00-18-33-993Z/06_DATASHEETS/01_MICROCONTROLLERS/ESPRESSIF/ESP32_C5/README.md,UNEXPANDED_TEMPLATE_VARIABLE,HIGH,Replace placeholders with verified content or clearly mark intentionally unverified/template-only status.
05_OUTPUTS/installer_smoke_test/KICAD_ENGINE_TEST_2026-05-03T00-18-33-993Z/06_DATASHEETS/01_MICROCONTROLLERS/ESPRESSIF/ESP32_C6/README.md,UNEXPANDED_TEMPLATE_VARIABLE,HIGH,Replace placeholders with verified content or clearly mark intentionally unverified/template-only status.
05_OUTPUTS/installer_smoke_test/KICAD_ENGINE_TEST_2026-05-03T00-18-33-993Z/06_DATASHEETS/01_MICROCONTROLLERS/ESPRESSIF/ESP32_H2/README.md,UNEXPANDED_TEMPLATE_VARIABLE,HIGH,Replace placeholders with verified content or clearly mark intentionally unverified/template-only status.
05_OUTPUTS/installer_smoke_test/KICAD_ENGINE_TEST_2026-05-03T00-18-33-993Z/06_DATASHEETS/01_MICROCONTROLLERS/ESPRESSIF/ESP32_P4/README.md,UNEXPANDED_TEMPLATE_VARIABLE,HIGH,Replace placeholders with verified content or clearly mark intentionally unverified/template-only status.
05_OUTPUTS/installer_smoke_test/KICAD_ENGINE_TEST_2026-05-03T00-18-33-993Z/06_DATASHEETS/01_MICROCONTROLLERS/ESPRESSIF/ESP32_S2/README.md,UNEXPANDED_TEMPLATE_VARIABLE,HIGH,Replace placeholders with verified content or clearly mark intentionally unverified/template-only status.
05_OUTPUTS/installer_smoke_test/KICAD_ENGINE_TEST_2026-05-03T00-18-33-993Z/06_DATASHEETS/01_MICROCONTROLLERS/ESPRESSIF/ESP32_S3/README.md,UNEXPANDED_TEMPLATE_VARIABLE,HIGH,Replace placeholders with verified content or clearly mark intentionally unverified/template-only status.
05_OUTPUTS/installer_smoke_test/KICAD_ENGINE_TEST_2026-05-03T00-18-33-993Z/06_DATASHEETS/01_MICROCONTROLLERS/ESPRESSIF/ESP8266/README.md,UNEXPANDED_TEMPLATE_VARIABLE,HIGH,Replace placeholders with verified content or clearly mark intentionally unverified/template-only status.
05_OUTPUTS/installer_smoke_test/KICAD_ENGINE_TEST_2026-05-03T00-18-33-993Z/06_DATASHEETS/01_MICROCONTROLLERS/ESPRESSIF/MODULES/README.md,UNEXPANDED_TEMPLATE_VARIABLE,HIGH,Replace placeholders with verified content or clearly mark intentionally unverified/template-only status.
05_OUTPUTS/installer_smoke_test/KICAD_ENGINE_TEST_2026-05-03T00-18-33-993Z/06_DATASHEETS/01_MICROCONTROLLERS/GIGADEVICE/README.md,UNEXPANDED_TEMPLATE_VARIABLE,HIGH,Replace placeholders with verified content or clearly mark intentionally unverified/template-only status.
05_OUTPUTS/installer_smoke_test/KICAD_ENGINE_TEST_2026-05-03T00-18-33-993Z/06_DATASHEETS/01_MICROCONTROLLERS/INFINEON/README.md,UNEXPANDED_TEMPLATE_VARIABLE,HIGH,Replace placeholders with verified content or clearly mark intentionally unverified/template-only status.
05_OUTPUTS/installer_smoke_test/KICAD_ENGINE_TEST_2026-05-03T00-18-33-993Z/06_DATASHEETS/01_MICROCONTROLLERS/MICROCHIP_AVR/README.md,UNEXPANDED_TEMPLATE_VARIABLE,HIGH,Replace placeholders with verified content or clearly mark intentionally unverified/template-only status.
05_OUTPUTS/installer_smoke_test/KICAD_ENGINE_TEST_2026-05-03T00-18-33-993Z/06_DATASHEETS/01_MICROCONTROLLERS/MICROCHIP_PIC/DESIGN_GUIDES/README.md,UNEXPANDED_TEMPLATE_VARIABLE,HIGH,Replace placeholders with verified content or clearly mark intentionally unverified/template-only status.
05_OUTPUTS/installer_smoke_test/KICAD_ENGINE_TEST_2026-05-03T00-18-33-993Z/06_DATASHEETS/01_MICROCONTROLLERS/MICROCHIP_PIC/DEVELOPMENT_BOARDS/README.md,UNEXPANDED_TEMPLATE_VARIABLE,HIGH,Replace placeholders with verified content or clearly mark intentionally unverified/template-only status.
05_OUTPUTS/installer_smoke_test/KICAD_ENGINE_TEST_2026-05-03T00-18-33-993Z/06_DATASHEETS/01_MICROCONTROLLERS/MICROCHIP_PIC/ERRATA/README.md,UNEXPANDED_TEMPLATE_VARIABLE,HIGH,Replace placeholders with verified content or clearly mark intentionally unverified/template-only status.
05_OUTPUTS/installer_smoke_test/KICAD_ENGINE_TEST_2026-05-03T00-18-33-993Z/06_DATASHEETS/01_MICROCONTROLLERS/MICROCHIP_PIC/PIC10/README.md,UNEXPANDED_TEMPLATE_VARIABLE,HIGH,Replace placeholders with verified content or clearly mark intentionally unverified/template-only status.
05_OUTPUTS/installer_smoke_test/KICAD_ENGINE_TEST_2026-05-03T00-18-33-993Z/06_DATASHEETS/01_MICROCONTROLLERS/MICROCHIP_PIC/PIC12/README.md,UNEXPANDED_TEMPLATE_VARIABLE,HIGH,Replace placeholders with verified content or clearly mark intentionally unverified/template-only status.
05_OUTPUTS/installer_smoke_test/KICAD_ENGINE_TEST_2026-05-03T00-18-33-993Z/06_DATASHEETS/01_MICROCONTROLLERS/MICROCHIP_PIC/PIC16/README.md,UNEXPANDED_TEMPLATE_VARIABLE,HIGH,Replace placeholders with verified content or clearly mark intentionally unverified/template-only status.
05_OUTPUTS/installer_smoke_test/KICAD_ENGINE_TEST_2026-05-03T00-18-33-993Z/06_DATASHEETS/01_MICROCONTROLLERS/MICROCHIP_PIC/PIC18/README.md,UNEXPANDED_TEMPLATE_VARIABLE,HIGH,Replace placeholders with verified content or clearly mark intentionally unverified/template-only status.
05_OUTPUTS/installer_smoke_test/KICAD_ENGINE_TEST_2026-05-03T00-18-33-993Z/06_DATASHEETS/01_MICROCONTROLLERS/MICROCHIP_PIC/PIC24/README.md,UNEXPANDED_TEMPLATE_VARIABLE,HIGH,Replace placeholders with verified content or clearly mark intentionally unverified/template-only status.
05_OUTPUTS/installer_smoke_test/KICAD_ENGINE_TEST_2026-05-03T00-18-33-993Z/06_DATASHEETS/01_MICROCONTROLLERS/MICROCHIP_PIC/PIC32/README.md,UNEXPANDED_TEMPLATE_VARIABLE,HIGH,Replace placeholders with verified content or clearly mark intentionally unverified/template-only status.
05_OUTPUTS/installer_smoke_test/KICAD_ENGINE_TEST_2026-05-03T00-18-33-993Z/06_DATASHEETS/01_MICROCONTROLLERS/MICROCHIP_PIC/PROGRAMMING_DEBUG_PICKIT/README.md,UNEXPANDED_TEMPLATE_VARIABLE,HIGH,Replace placeholders with verified content or clearly mark intentionally unverified/template-only status.
05_OUTPUTS/installer_smoke_test/KICAD_ENGINE_TEST_2026-05-03T00-18-33-993Z/06_DATASHEETS/01_MICROCONTROLLERS/MICROCHIP_PIC/dsPIC30/README.md,UNEXPANDED_TEMPLATE_VARIABLE,HIGH,Replace placeholders with verified content or clearly mark intentionally unverified/template-only status.
05_OUTPUTS/installer_smoke_test/KICAD_ENGINE_TEST_2026-05-03T00-18-33-993Z/06_DATASHEETS/01_MICROCONTROLLERS/MICROCHIP_PIC/dsPIC33/README.md,UNEXPANDED_TEMPLATE_VARIABLE,HIGH,Replace placeholders with verified content or clearly mark intentionally unverified/template-only status.
05_OUTPUTS/installer_smoke_test/KICAD_ENGINE_TEST_2026-05-03T00-18-33-993Z/06_DATASHEETS/01_MICROCONTROLLERS/NORDIC/README.md,UNEXPANDED_TEMPLATE_VARIABLE,HIGH,Replace placeholders with verified content or clearly mark intentionally unverified/template-only status.
05_OUTPUTS/installer_smoke_test/KICAD_ENGINE_TEST_2026-05-03T00-18-33-993Z/06_DATASHEETS/01_MICROCONTROLLERS/NXP/README.md,UNEXPANDED_TEMPLATE_VARIABLE,HIGH,Replace placeholders with verified content or clearly mark intentionally unverified/template-only status.
05_OUTPUTS/installer_smoke_test/KICAD_ENGINE_TEST_2026-05-03T00-18-33-993Z/06_DATASHEETS/01_MICROCONTROLLERS/OTHER/README.md,UNEXPANDED_TEMPLATE_VARIABLE,HIGH,Replace placeholders with verified content or clearly mark intentionally unverified/template-only status.
05_OUTPUTS/installer_smoke_test/KICAD_ENGINE_TEST_2026-05-03T00-18-33-993Z/06_DATASHEETS/01_MICROCONTROLLERS/RASPBERRY_PI_RP2040_RP2350/README.md,UNEXPANDED_TEMPLATE_VARIABLE,HIGH,Replace placeholders with verified content or clearly mark intentionally unverified/template-only status.
05_OUTPUTS/installer_smoke_test/KICAD_ENGINE_TEST_2026-05-03T00-18-33-993Z/06_DATASHEETS/01_MICROCONTROLLERS/README.md,UNEXPANDED_TEMPLATE_VARIABLE,HIGH,Replace placeholders with verified content or clearly mark intentionally unverified/template-only status.
05_OUTPUTS/installer_smoke_test/KICAD_ENGINE_TEST_2026-05-03T00-18-33-993Z/06_DATASHEETS/01_MICROCONTROLLERS/RENESAS/README.md,UNEXPANDED_TEMPLATE_VARIABLE,HIGH,Replace placeholders with verified content or clearly mark intentionally unverified/template-only status.
05_OUTPUTS/installer_smoke_test/KICAD_ENGINE_TEST_2026-05-03T00-18-33-993Z/06_DATASHEETS/01_MICROCONTROLLERS/SILABS/README.md,UNEXPANDED_TEMPLATE_VARIABLE,HIGH,Replace placeholders with verified content or clearly mark intentionally unverified/template-only status.
05_OUTPUTS/installer_smoke_test/KICAD_ENGINE_TEST_2026-05-03T00-18-33-993Z/06_DATASHEETS/01_MICROCONTROLLERS/STMICRO_STM32/DESIGN_GUIDES/README.md,UNEXPANDED_TEMPLATE_VARIABLE,HIGH,Replace placeholders with verified content or clearly mark intentionally unverified/template-only status.
05_OUTPUTS/installer_smoke_test/KICAD_ENGINE_TEST_2026-05-03T00-18-33-993Z/06_DATASHEETS/01_MICROCONTROLLERS/STMICRO_STM32/DISCOVERY_BOARDS/README.md,UNEXPANDED_TEMPLATE_VARIABLE,HIGH,Replace placeholders with verified content or clearly mark intentionally unverified/template-only status.
05_OUTPUTS/installer_smoke_test/KICAD_ENGINE_TEST_2026-05-03T00-18-33-993Z/06_DATASHEETS/01_MICROCONTROLLERS/STMICRO_STM32/ERRATA/README.md,UNEXPANDED_TEMPLATE_VARIABLE,HIGH,Replace placeholders with verified content or clearly mark intentionally unverified/template-only status.
05_OUTPUTS/installer_smoke_test/KICAD_ENGINE_TEST_2026-05-03T00-18-33-993Z/06_DATASHEETS/01_MICROCONTROLLERS/STMICRO_STM32/EVAL_BOARDS/README.md,UNEXPANDED_TEMPLATE_VARIABLE,HIGH,Replace placeholders with verified content or clearly mark intentionally unverified/template-only status.
05_OUTPUTS/installer_smoke_test/KICAD_ENGINE_TEST_2026-05-03T00-18-33-993Z/06_DATASHEETS/01_MICROCONTROLLERS/STMICRO_STM32/NUCLEO_BOARDS/README.md,UNEXPANDED_TEMPLATE_VARIABLE,HIGH,Replace placeholders with verified content or clearly mark intentionally unverified/template-only status.
05_OUTPUTS/installer_smoke_test/KICAD_ENGINE_TEST_2026-05-03T00-18-33-993Z/06_DATASHEETS/01_MICROCONTROLLERS/STMICRO_STM32/PROGRAMMING_DEBUG_STLINK/README.md,UNEXPANDED_TEMPLATE_VARIABLE,HIGH,Replace placeholders with verified content or clearly mark intentionally unverified/template-only status.
05_OUTPUTS/installer_smoke_test/KICAD_ENGINE_TEST_2026-05-03T00-18-33-993Z/06_DATASHEETS/01_MICROCONTROLLERS/STMICRO_STM32/STM32F0/README.md,UNEXPANDED_TEMPLATE_VARIABLE,HIGH,Replace placeholders with verified content or clearly mark intentionally unverified/template-only status.
05_OUTPUTS/installer_smoke_test/KICAD_ENGINE_TEST_2026-05-03T00-18-33-993Z/06_DATASHEETS/01_MICROCONTROLLERS/STMICRO_STM32/STM32F1/README.md,UNEXPANDED_TEMPLATE_VARIABLE,HIGH,Replace placeholders with verified content or clearly mark intentionally unverified/template-only status.
05_OUTPUTS/installer_smoke_test/KICAD_ENGINE_TEST_2026-05-03T00-18-33-993Z/06_DATASHEETS/01_MICROCONTROLLERS/STMICRO_STM32/STM32F2/README.md,UNEXPANDED_TEMPLATE_VARIABLE,HIGH,Replace placeholders with verified content or clearly mark intentionally unverified/template-only status.
05_OUTPUTS/installer_smoke_test/KICAD_ENGINE_TEST_2026-05-03T00-18-33-993Z/06_DATASHEETS/01_MICROCONTROLLERS/STMICRO_STM32/STM32F3/README.md,UNEXPANDED_TEMPLATE_VARIABLE,HIGH,Replace placeholders with verified content or clearly mark intentionally unverified/template-only status.
05_OUTPUTS/installer_smoke_test/KICAD_ENGINE_TEST_2026-05-03T00-18-33-993Z/06_DATASHEETS/01_MICROCONTROLLERS/STMICRO_STM32/STM32F4/README.md,UNEXPANDED_TEMPLATE_VARIABLE,HIGH,Replace placeholders with verified content or clearly mark intentionally unverified/template-only status.
05_OUTPUTS/installer_smoke_test/KICAD_ENGINE_TEST_2026-05-03T00-18-33-993Z/06_DATASHEETS/01_MICROCONTROLLERS/STMICRO_STM32/STM32F7/README.md,UNEXPANDED_TEMPLATE_VARIABLE,HIGH,Replace placeholders with verified content or clearly mark intentionally unverified/template-only status.
05_OUTPUTS/installer_smoke_test/KICAD_ENGINE_TEST_2026-05-03T00-18-33-993Z/06_DATASHEETS/01_MICROCONTROLLERS/STMICRO_STM32/STM32G0/README.md,UNEXPANDED_TEMPLATE_VARIABLE,HIGH,Replace placeholders with verified content or clearly mark intentionally unverified/template-only status.
05_OUTPUTS/installer_smoke_test/KICAD_ENGINE_TEST_2026-05-03T00-18-33-993Z/06_DATASHEETS/01_MICROCONTROLLERS/STMICRO_STM32/STM32G4/README.md,UNEXPANDED_TEMPLATE_VARIABLE,HIGH,Replace placeholders with verified content or clearly mark intentionally unverified/template-only status.
05_OUTPUTS/installer_smoke_test/KICAD_ENGINE_TEST_2026-05-03T00-18-33-993Z/06_DATASHEETS/01_MICROCONTROLLERS/STMICRO_STM32/STM32H5/README.md,UNEXPANDED_TEMPLATE_VARIABLE,HIGH,Replace placeholders with verified content or clearly mark intentionally unverified/template-only status.
05_OUTPUTS/installer_smoke_test/KICAD_ENGINE_TEST_2026-05-03T00-18-33-993Z/06_DATASHEETS/01_MICROCONTROLLERS/STMICRO_STM32/STM32H7/README.md,UNEXPANDED_TEMPLATE_VARIABLE,HIGH,Replace placeholders with verified content or clearly mark intentionally unverified/template-only status.
05_OUTPUTS/installer_smoke_test/KICAD_ENGINE_TEST_2026-05-03T00-18-33-993Z/06_DATASHEETS/01_MICROCONTROLLERS/STMICRO_STM32/STM32L0/README.md,UNEXPANDED_TEMPLATE_VARIABLE,HIGH,Replace placeholders with verified content or clearly mark intentionally unverified/template-only status.
05_OUTPUTS/installer_smoke_test/KICAD_ENGINE_TEST_2026-05-03T00-18-33-993Z/06_DATASHEETS/01_MICROCONTROLLERS/STMICRO_STM32/STM32L1/README.md,UNEXPANDED_TEMPLATE_VARIABLE,HIGH,Replace placeholders with verified content or clearly mark intentionally unverified/template-only status.
05_OUTPUTS/installer_smoke_test/KICAD_ENGINE_TEST_2026-05-03T00-18-33-993Z/06_DATASHEETS/01_MICROCONTROLLERS/STMICRO_STM32/STM32L4/README.md,UNEXPANDED_TEMPLATE_VARIABLE,HIGH,Replace placeholders with verified content or clearly mark intentionally unverified/template-only status.
05_OUTPUTS/installer_smoke_test/KICAD_ENGINE_TEST_2026-05-03T00-18-33-993Z/06_DATASHEETS/01_MICROCONTROLLERS/STMICRO_STM32/STM32L5/README.md,UNEXPANDED_TEMPLATE_VARIABLE,HIGH,Replace placeholders with verified content or clearly mark intentionally unverified/template-only status.
05_OUTPUTS/installer_smoke_test/KICAD_ENGINE_TEST_2026-05-03T00-18-33-993Z/06_DATASHEETS/01_MICROCONTROLLERS/STMICRO_STM32/STM32MP/README.md,UNEXPANDED_TEMPLATE_VARIABLE,HIGH,Replace placeholders with verified content or clearly mark intentionally unverified/template-only status.
05_OUTPUTS/installer_smoke_test/KICAD_ENGINE_TEST_2026-05-03T00-18-33-993Z/06_DATASHEETS/01_MICROCONTROLLERS/STMICRO_STM32/STM32U0/README.md,UNEXPANDED_TEMPLATE_VARIABLE,HIGH,Replace placeholders with verified content or clearly mark intentionally unverified/template-only status.
05_OUTPUTS/installer_smoke_test/KICAD_ENGINE_TEST_2026-05-03T00-18-33-993Z/06_DATASHEETS/01_MICROCONTROLLERS/STMICRO_STM32/STM32U5/README.md,UNEXPANDED_TEMPLATE_VARIABLE,HIGH,Replace placeholders with verified content or clearly mark intentionally unverified/template-only status.
05_OUTPUTS/installer_smoke_test/KICAD_ENGINE_TEST_2026-05-03T00-18-33-993Z/06_DATASHEETS/01_MICROCONTROLLERS/STMICRO_STM32/STM32WB/README.md,UNEXPANDED_TEMPLATE_VARIABLE,HIGH,Replace placeholders with verified content or clearly mark intentionally unverified/template-only status.
05_OUTPUTS/installer_smoke_test/KICAD_ENGINE_TEST_2026-05-03T00-18-33-993Z/06_DATASHEETS/01_MICROCONTROLLERS/STMICRO_STM32/STM32WL/README.md,UNEXPANDED_TEMPLATE_VARIABLE,HIGH,Replace placeholders with verified content or clearly mark intentionally unverified/template-only status.
05_OUTPUTS/installer_smoke_test/KICAD_ENGINE_TEST_2026-05-03T00-18-33-993Z/06_DATASHEETS/01_MICROCONTROLLERS/TI/README.md,UNEXPANDED_TEMPLATE_VARIABLE,HIGH,Replace placeholders with verified content or clearly mark intentionally unverified/template-only status.
05_OUTPUTS/installer_smoke_test/KICAD_ENGINE_TEST_2026-05-03T00-18-33-993Z/06_DATASHEETS/01_MICROCONTROLLERS/WCH/README.md,UNEXPANDED_TEMPLATE_VARIABLE,HIGH,Replace placeholders with verified content or clearly mark intentionally unverified/template-only status.
05_OUTPUTS/installer_smoke_test/KICAD_ENGINE_TEST_2026-05-03T00-18-33-993Z/06_DATASHEETS/02_DEV_BOARDS_AND_MODULES/README.md,UNEXPANDED_TEMPLATE_VARIABLE,HIGH,Replace placeholders with verified content or clearly mark intentionally unverified/template-only status.
05_OUTPUTS/installer_smoke_test/KICAD_ENGINE_TEST_2026-05-03T00-18-33-993Z/06_DATASHEETS/03_POWER/README.md,UNEXPANDED_TEMPLATE_VARIABLE,HIGH,Replace placeholders with verified content or clearly mark intentionally unverified/template-only status.
05_OUTPUTS/installer_smoke_test/KICAD_ENGINE_TEST_2026-05-03T00-18-33-993Z/06_DATASHEETS/04_COMMUNICATION/README.md,UNEXPANDED_TEMPLATE_VARIABLE,HIGH,Replace placeholders with verified content or clearly mark intentionally unverified/template-only status.
05_OUTPUTS/installer_smoke_test/KICAD_ENGINE_TEST_2026-05-03T00-18-33-993Z/06_DATASHEETS/05_CONNECTORS/README.md,UNEXPANDED_TEMPLATE_VARIABLE,HIGH,Replace placeholders with verified content or clearly mark intentionally unverified/template-only status.
05_OUTPUTS/installer_smoke_test/KICAD_ENGINE_TEST_2026-05-03T00-18-33-993Z/06_DATASHEETS/06_PROTECTION/README.md,UNEXPANDED_TEMPLATE_VARIABLE,HIGH,Replace placeholders with verified content or clearly mark intentionally unverified/template-only status.
05_OUTPUTS/installer_smoke_test/KICAD_ENGINE_TEST_2026-05-03T00-18-33-993Z/06_DATASHEETS/07_SENSORS/README.md,UNEXPANDED_TEMPLATE_VARIABLE,HIGH,Replace placeholders with verified content or clearly mark intentionally unverified/template-only status.
05_OUTPUTS/installer_smoke_test/KICAD_ENGINE_TEST_2026-05-03T00-18-33-993Z/06_DATASHEETS/08_ANALOG/README.md,UNEXPANDED_TEMPLATE_VARIABLE,HIGH,Replace placeholders with verified content or clearly mark intentionally unverified/template-only status.
05_OUTPUTS/installer_smoke_test/KICAD_ENGINE_TEST_2026-05-03T00-18-33-993Z/06_DATASHEETS/09_DRIVERS/README.md,UNEXPANDED_TEMPLATE_VARIABLE,HIGH,Replace placeholders with verified content or clearly mark intentionally unverified/template-only status.
05_OUTPUTS/installer_smoke_test/KICAD_ENGINE_TEST_2026-05-03T00-18-33-993Z/06_DATASHEETS/10_DISPLAYS/README.md,UNEXPANDED_TEMPLATE_VARIABLE,HIGH,Replace placeholders with verified content or clearly mark intentionally unverified/template-only status.
05_OUTPUTS/installer_smoke_test/KICAD_ENGINE_TEST_2026-05-03T00-18-33-993Z/06_DATASHEETS/11_PASSIVES/README.md,UNEXPANDED_TEMPLATE_VARIABLE,HIGH,Replace placeholders with verified content or clearly mark intentionally unverified/template-only status.
05_OUTPUTS/installer_smoke_test/KICAD_ENGINE_TEST_2026-05-03T00-18-33-993Z/06_DATASHEETS/12_RF_AND_ANTENNAS/README.md,UNEXPANDED_TEMPLATE_VARIABLE,HIGH,Replace placeholders with verified content or clearly mark intentionally unverified/template-only status.
05_OUTPUTS/installer_smoke_test/KICAD_ENGINE_TEST_2026-05-03T00-18-33-993Z/06_DATASHEETS/13_MEMORY_STORAGE/README.md,UNEXPANDED_TEMPLATE_VARIABLE,HIGH,Replace placeholders with verified content or clearly mark intentionally unverified/template-only status.
05_OUTPUTS/installer_smoke_test/KICAD_ENGINE_TEST_2026-05-03T00-18-33-993Z/06_DATASHEETS/14_CLOCKS_TIMING/README.md,UNEXPANDED_TEMPLATE_VARIABLE,HIGH,Replace placeholders with verified content or clearly mark intentionally unverified/template-only status.
05_OUTPUTS/installer_smoke_test/KICAD_ENGINE_TEST_2026-05-03T00-18-33-993Z/06_DATASHEETS/15_SWITCHES_BUTTONS_RELAYS/README.md,UNEXPANDED_TEMPLATE_VARIABLE,HIGH,Replace placeholders with verified content or clearly mark intentionally unverified/template-only status.
05_OUTPUTS/installer_smoke_test/KICAD_ENGINE_TEST_2026-05-03T00-18-33-993Z/06_DATASHEETS/16_FAB_ASSEMBLY_REFERENCES/README.md,UNEXPANDED_TEMPLATE_VARIABLE,HIGH,Replace placeholders with verified content or clearly mark intentionally unverified/template-only status.
05_OUTPUTS/installer_smoke_test/KICAD_ENGINE_TEST_2026-05-03T00-18-33-993Z/06_DATASHEETS/17_APPLICATION_NOTES/README.md,UNEXPANDED_TEMPLATE_VARIABLE,HIGH,Replace placeholders with verified content or clearly mark intentionally unverified/template-only status.
05_OUTPUTS/installer_smoke_test/KICAD_ENGINE_TEST_2026-05-03T00-18-33-993Z/06_DATASHEETS/18_REFERENCE_DESIGNS/README.md,UNEXPANDED_TEMPLATE_VARIABLE,HIGH,Replace placeholders with verified content or clearly mark intentionally unverified/template-only status.
05_OUTPUTS/installer_smoke_test/KICAD_ENGINE_TEST_2026-05-03T00-18-33-993Z/06_DATASHEETS/19_VENDOR_PORTALS/README.md,UNEXPANDED_TEMPLATE_VARIABLE,HIGH,Replace placeholders with verified content or clearly mark intentionally unverified/template-only status.
05_OUTPUTS/installer_smoke_test/KICAD_ENGINE_TEST_2026-05-03T00-18-33-993Z/08_COMPONENT_DATABASE/00_INDEX/PART_SCHEMA.md,UNEXPANDED_TEMPLATE_VARIABLE,HIGH,Replace placeholders with verified content or clearly mark intentionally unverified/template-only status.
05_OUTPUTS/installer_smoke_test/KICAD_ENGINE_TEST_2026-05-03T00-18-33-993Z/08_COMPONENT_DATABASE/00_INDEX/example_component_records.json,UNEXPANDED_TEMPLATE_VARIABLE,HIGH,Replace placeholders with verified content or clearly mark intentionally unverified/template-only status.
05_OUTPUTS/installer_smoke_test/KICAD_ENGINE_TEST_2026-05-03T00-18-33-993Z/08_COMPONENT_DATABASE/01_MICROCONTROLLERS/espressif_module_records.json,UNEXPANDED_TEMPLATE_VARIABLE,HIGH,Replace placeholders with verified content or clearly mark intentionally unverified/template-only status.
05_OUTPUTS/installer_smoke_test/KICAD_ENGINE_TEST_2026-05-03T00-18-33-993Z/08_COMPONENT_DATABASE/01_MICROCONTROLLERS/microchip_part_records.json,UNEXPANDED_TEMPLATE_VARIABLE,HIGH,Replace placeholders with verified content or clearly mark intentionally unverified/template-only status.
05_OUTPUTS/installer_smoke_test/KICAD_ENGINE_TEST_2026-05-03T00-18-33-993Z/08_COMPONENT_DATABASE/01_MICROCONTROLLERS/stm32_part_records.json,UNEXPANDED_TEMPLATE_VARIABLE,HIGH,Replace placeholders with verified content or clearly mark intentionally unverified/template-only status.
05_OUTPUTS/installer_smoke_test/KICAD_ENGINE_TEST_2026-05-03T00-18-33-993Z/08_COMPONENT_DATABASE/02_POWER/power_part_records.json,UNEXPANDED_TEMPLATE_VARIABLE,HIGH,Replace placeholders with verified content or clearly mark intentionally unverified/template-only status.
05_OUTPUTS/installer_smoke_test/KICAD_ENGINE_TEST_2026-05-03T00-18-33-993Z/08_COMPONENT_DATABASE/03_COMMUNICATION/communication_part_records.json,UNEXPANDED_TEMPLATE_VARIABLE,HIGH,Replace placeholders with verified content or clearly mark intentionally unverified/template-only status.
05_OUTPUTS/installer_smoke_test/KICAD_ENGINE_TEST_2026-05-03T00-18-33-993Z/08_COMPONENT_DATABASE/04_CONNECTORS/connector_records.json,UNEXPANDED_TEMPLATE_VARIABLE,HIGH,Replace placeholders with verified content or clearly mark intentionally unverified/template-only status.
05_OUTPUTS/installer_smoke_test/KICAD_ENGINE_TEST_2026-05-03T00-18-33-993Z/08_COMPONENT_DATABASE/05_PROTECTION/protection_records.json,UNEXPANDED_TEMPLATE_VARIABLE,HIGH,Replace placeholders with verified content or clearly mark intentionally unverified/template-only status.
05_OUTPUTS/installer_smoke_test/KICAD_ENGINE_TEST_2026-05-03T00-18-33-993Z/08_COMPONENT_DATABASE/06_SENSORS,EMPTY_FOLDER,HIGH,"Add intended files, .gitkeep with purpose, or remove from production scope."
05_OUTPUTS/installer_smoke_test/KICAD_ENGINE_TEST_2026-05-03T00-18-33-993Z/08_COMPONENT_DATABASE/07_ANALOG,EMPTY_FOLDER,HIGH,"Add intended files, .gitkeep with purpose, or remove from production scope."
05_OUTPUTS/installer_smoke_test/KICAD_ENGINE_TEST_2026-05-03T00-18-33-993Z/08_COMPONENT_DATABASE/08_DRIVERS,EMPTY_FOLDER,HIGH,"Add intended files, .gitkeep with purpose, or remove from production scope."
05_OUTPUTS/installer_smoke_test/KICAD_ENGINE_TEST_2026-05-03T00-18-33-993Z/08_COMPONENT_DATABASE/09_PASSIVES/passive_support_records.json,UNEXPANDED_TEMPLATE_VARIABLE,HIGH,Replace placeholders with verified content or clearly mark intentionally unverified/template-only status.
05_OUTPUTS/installer_smoke_test/KICAD_ENGINE_TEST_2026-05-03T00-18-33-993Z/08_COMPONENT_DATABASE/10_RF_AND_ANTENNAS/rf_antenna_records.json,UNEXPANDED_TEMPLATE_VARIABLE,HIGH,Replace placeholders with verified content or clearly mark intentionally unverified/template-only status.
05_OUTPUTS/installer_smoke_test/KICAD_ENGINE_TEST_2026-05-03T00-18-33-993Z/08_COMPONENT_DATABASE/11_DEV_BOARDS_AND_MODULES,EMPTY_FOLDER,HIGH,"Add intended files, .gitkeep with purpose, or remove from production scope."
05_OUTPUTS/installer_smoke_test/KICAD_ENGINE_TEST_2026-05-03T00-18-33-993Z/08_COMPONENT_DATABASE/12_KICAD_SYMBOL_FOOTPRINT_MATCHES,EMPTY_FOLDER,HIGH,"Add intended files, .gitkeep with purpose, or remove from production scope."
05_OUTPUTS/installer_smoke_test/KICAD_ENGINE_TEST_2026-05-03T00-18-33-993Z/08_COMPONENT_DATABASE/99_UNVERIFIED_INBOX,EMPTY_FOLDER,HIGH,"Add intended files, .gitkeep with purpose, or remove from production scope."
05_OUTPUTS/installer_smoke_test/KICAD_ENGINE_TEST_2026-05-03T00-18-33-993Z/99_BACKUPS/pre_codex_edits,EMPTY_FOLDER,HIGH,"Add intended files, .gitkeep with purpose, or remove from production scope."
05_OUTPUTS/installer_smoke_test/KICAD_ENGINE_TEST_2026-05-03T00-18-33-993Z/AGENTS.md,UNEXPANDED_TEMPLATE_VARIABLE,HIGH,Replace placeholders with verified content or clearly mark intentionally unverified/template-only status.
05_OUTPUTS/installer_smoke_test/KICAD_ENGINE_TEST_2026-05-03T00-18-33-993Z/setup/macos/install_missing_macos_tools.sh,UNEXPANDED_TEMPLATE_VARIABLE,HIGH,Replace placeholders with verified content or clearly mark intentionally unverified/template-only status.
05_OUTPUTS/kicad-mcp-pro-analysis,EMPTY_FOLDER,HIGH,"Add intended files, .gitkeep with purpose, or remove from production scope."
05_OUTPUTS/part_ingestion_smoke_test/TEST_PART_123_COMPONENT_RECORD.json,UNEXPANDED_TEMPLATE_VARIABLE,HIGH,Replace placeholders with verified content or clearly mark intentionally unverified/template-only status.
05_OUTPUTS/part_ingestion_smoke_test/TEST_PART_123_DATASHEET_SUMMARY.md,UNEXPANDED_TEMPLATE_VARIABLE,HIGH,Replace placeholders with verified content or clearly mark intentionally unverified/template-only status.
05_OUTPUTS/pdf,EMPTY_FOLDER,HIGH,"Add intended files, .gitkeep with purpose, or remove from production scope."
05_OUTPUTS/release_packages,EMPTY_FOLDER,HIGH,"Add intended files, .gitkeep with purpose, or remove from production scope."
05_OUTPUTS/step,EMPTY_FOLDER,HIGH,"Add intended files, .gitkeep with purpose, or remove from production scope."
05_OUTPUTS/svg,EMPTY_FOLDER,HIGH,"Add intended files, .gitkeep with purpose, or remove from production scope."
06_DATASHEETS/00_INDEX/DATASHEET_SUMMARY_TEMPLATE.md,UNEXPANDED_TEMPLATE_VARIABLE,HIGH,Replace placeholders with verified content or clearly mark intentionally unverified/template-only status.
06_DATASHEETS/00_INDEX/DEV_BOARD_RECORD_TEMPLATE.md,UNEXPANDED_TEMPLATE_VARIABLE,HIGH,Replace placeholders with verified content or clearly mark intentionally unverified/template-only status.
06_DATASHEETS/00_INDEX/METADATA_SCHEMA.md,UNEXPANDED_TEMPLATE_VARIABLE,HIGH,Replace placeholders with verified content or clearly mark intentionally unverified/template-only status.
06_DATASHEETS/00_INDEX/PART_RECORD_TEMPLATE.md,UNEXPANDED_TEMPLATE_VARIABLE,HIGH,Replace placeholders with verified content or clearly mark intentionally unverified/template-only status.
06_DATASHEETS/00_INDEX/PLAYWRIGHT_BATCH_SOURCE_LINKS.csv,UNEXPANDED_TEMPLATE_VARIABLE,HIGH,Replace placeholders with verified content or clearly mark intentionally unverified/template-only status.
06_DATASHEETS/00_INDEX/PLAYWRIGHT_PILOT_SOURCE_LINKS.csv,UNEXPANDED_TEMPLATE_VARIABLE,HIGH,Replace placeholders with verified content or clearly mark intentionally unverified/template-only status.
06_DATASHEETS/00_INDEX/README.md,UNEXPANDED_TEMPLATE_VARIABLE,HIGH,Replace placeholders with verified content or clearly mark intentionally unverified/template-only status.
06_DATASHEETS/00_INDEX/REFERENCE_DOCUMENT_TEMPLATE.md,UNEXPANDED_TEMPLATE_VARIABLE,HIGH,Replace placeholders with verified content or clearly mark intentionally unverified/template-only status.
06_DATASHEETS/00_INDEX/source_lists/connector_sources.csv,UNEXPANDED_TEMPLATE_VARIABLE,HIGH,Replace placeholders with verified content or clearly mark intentionally unverified/template-only status.
06_DATASHEETS/00_INDEX/source_lists/espressif_sources.csv,UNEXPANDED_TEMPLATE_VARIABLE,HIGH,Replace placeholders with verified content or clearly mark intentionally unverified/template-only status.
06_DATASHEETS/00_INDEX/source_lists/microchip_sources.csv,UNEXPANDED_TEMPLATE_VARIABLE,HIGH,Replace placeholders with verified content or clearly mark intentionally unverified/template-only status.
06_DATASHEETS/00_INDEX/source_lists/nordic_sources.csv,UNEXPANDED_TEMPLATE_VARIABLE,HIGH,Replace placeholders with verified content or clearly mark intentionally unverified/template-only status.
06_DATASHEETS/00_INDEX/source_lists/power_sources.csv,UNEXPANDED_TEMPLATE_VARIABLE,HIGH,Replace placeholders with verified content or clearly mark intentionally unverified/template-only status.
06_DATASHEETS/00_INDEX/source_lists/protection_sources.csv,UNEXPANDED_TEMPLATE_VARIABLE,HIGH,Replace placeholders with verified content or clearly mark intentionally unverified/template-only status.
06_DATASHEETS/00_INDEX/source_lists/raspberry_pi_sources.csv,UNEXPANDED_TEMPLATE_VARIABLE,HIGH,Replace placeholders with verified content or clearly mark intentionally unverified/template-only status.
06_DATASHEETS/00_INDEX/source_lists/stmicro_sources.csv,UNEXPANDED_TEMPLATE_VARIABLE,HIGH,Replace placeholders with verified content or clearly mark intentionally unverified/template-only status.
06_DATASHEETS/01_MICROCONTROLLERS/ATMEL_LEGACY/ATMEL_LEGACY_REPRESENTATIVE_PART_REQUIRES_SOURCE_PART_RECORD.md,UNEXPANDED_TEMPLATE_VARIABLE,HIGH,Replace placeholders with verified content or clearly mark intentionally unverified/template-only status.
06_DATASHEETS/01_MICROCONTROLLERS/ATMEL_LEGACY/INDEX.md,UNEXPANDED_TEMPLATE_VARIABLE,HIGH,Replace placeholders with verified content or clearly mark intentionally unverified/template-only status.
06_DATASHEETS/01_MICROCONTROLLERS/ESPRESSIF/ANTENNA_RF_REFERENCES/README.md,UNEXPANDED_TEMPLATE_VARIABLE,HIGH,Replace placeholders with verified content or clearly mark intentionally unverified/template-only status.
06_DATASHEETS/01_MICROCONTROLLERS/ESPRESSIF/DESIGN_GUIDES/README.md,UNEXPANDED_TEMPLATE_VARIABLE,HIGH,Replace placeholders with verified content or clearly mark intentionally unverified/template-only status.
06_DATASHEETS/01_MICROCONTROLLERS/ESPRESSIF/ERRATA/README.md,UNEXPANDED_TEMPLATE_VARIABLE,HIGH,Replace placeholders with verified content or clearly mark intentionally unverified/template-only status.
06_DATASHEETS/01_MICROCONTROLLERS/ESPRESSIF/ESP32/ESP32_WROOM_32_PART_RECORD.md,UNEXPANDED_TEMPLATE_VARIABLE,HIGH,Replace placeholders with verified content or clearly mark intentionally unverified/template-only status.
06_DATASHEETS/01_MICROCONTROLLERS/ESPRESSIF/ESP32/INDEX.md,UNEXPANDED_TEMPLATE_VARIABLE,HIGH,Replace placeholders with verified content or clearly mark intentionally unverified/template-only status.
06_DATASHEETS/01_MICROCONTROLLERS/ESPRESSIF/ESP32_C2/ESP32_C2_REPRESENTATIVE_PART_REQUIRES_SOURCE_PART_RECORD.md,UNEXPANDED_TEMPLATE_VARIABLE,HIGH,Replace placeholders with verified content or clearly mark intentionally unverified/template-only status.
06_DATASHEETS/01_MICROCONTROLLERS/ESPRESSIF/ESP32_C2/INDEX.md,UNEXPANDED_TEMPLATE_VARIABLE,HIGH,Replace placeholders with verified content or clearly mark intentionally unverified/template-only status.
06_DATASHEETS/01_MICROCONTROLLERS/ESPRESSIF/ESP32_C3/ESP32_C3_MINI_1_PART_RECORD.md,UNEXPANDED_TEMPLATE_VARIABLE,HIGH,Replace placeholders with verified content or clearly mark intentionally unverified/template-only status.
06_DATASHEETS/01_MICROCONTROLLERS/ESPRESSIF/ESP32_C3/INDEX.md,UNEXPANDED_TEMPLATE_VARIABLE,HIGH,Replace placeholders with verified content or clearly mark intentionally unverified/template-only status.
06_DATASHEETS/01_MICROCONTROLLERS/ESPRESSIF/ESP32_C5/ESP32_C5_REPRESENTATIVE_PART_REQUIRES_SOURCE_PART_RECORD.md,UNEXPANDED_TEMPLATE_VARIABLE,HIGH,Replace placeholders with verified content or clearly mark intentionally unverified/template-only status.
06_DATASHEETS/01_MICROCONTROLLERS/ESPRESSIF/ESP32_C5/INDEX.md,UNEXPANDED_TEMPLATE_VARIABLE,HIGH,Replace placeholders with verified content or clearly mark intentionally unverified/template-only status.
06_DATASHEETS/01_MICROCONTROLLERS/ESPRESSIF/ESP32_C6/ESP32_C6_WROOM_1_PART_RECORD.md,UNEXPANDED_TEMPLATE_VARIABLE,HIGH,Replace placeholders with verified content or clearly mark intentionally unverified/template-only status.
06_DATASHEETS/01_MICROCONTROLLERS/ESPRESSIF/ESP32_C6/INDEX.md,UNEXPANDED_TEMPLATE_VARIABLE,HIGH,Replace placeholders with verified content or clearly mark intentionally unverified/template-only status.
06_DATASHEETS/01_MICROCONTROLLERS/ESPRESSIF/ESP32_H2/ESP32_H2_MINI_1_PART_RECORD.md,UNEXPANDED_TEMPLATE_VARIABLE,HIGH,Replace placeholders with verified content or clearly mark intentionally unverified/template-only status.
06_DATASHEETS/01_MICROCONTROLLERS/ESPRESSIF/ESP32_H2/INDEX.md,UNEXPANDED_TEMPLATE_VARIABLE,HIGH,Replace placeholders with verified content or clearly mark intentionally unverified/template-only status.
06_DATASHEETS/01_MICROCONTROLLERS/ESPRESSIF/ESP32_P4/ESP32_P4_REPRESENTATIVE_PART_REQUIRES_SOURCE_PART_RECORD.md,UNEXPANDED_TEMPLATE_VARIABLE,HIGH,Replace placeholders with verified content or clearly mark intentionally unverified/template-only status.
06_DATASHEETS/01_MICROCONTROLLERS/ESPRESSIF/ESP32_P4/INDEX.md,UNEXPANDED_TEMPLATE_VARIABLE,HIGH,Replace placeholders with verified content or clearly mark intentionally unverified/template-only status.
06_DATASHEETS/01_MICROCONTROLLERS/ESPRESSIF/ESP32_S2/ESP32_S2_REPRESENTATIVE_PART_REQUIRES_SOURCE_PART_RECORD.md,UNEXPANDED_TEMPLATE_VARIABLE,HIGH,Replace placeholders with verified content or clearly mark intentionally unverified/template-only status.
06_DATASHEETS/01_MICROCONTROLLERS/ESPRESSIF/ESP32_S2/INDEX.md,UNEXPANDED_TEMPLATE_VARIABLE,HIGH,Replace placeholders with verified content or clearly mark intentionally unverified/template-only status.
06_DATASHEETS/01_MICROCONTROLLERS/ESPRESSIF/ESP32_S3/ESP32_S3_WROOM_1_PART_RECORD.md,UNEXPANDED_TEMPLATE_VARIABLE,HIGH,Replace placeholders with verified content or clearly mark intentionally unverified/template-only status.
06_DATASHEETS/01_MICROCONTROLLERS/ESPRESSIF/ESP32_S3/INDEX.md,UNEXPANDED_TEMPLATE_VARIABLE,HIGH,Replace placeholders with verified content or clearly mark intentionally unverified/template-only status.
06_DATASHEETS/01_MICROCONTROLLERS/ESPRESSIF/ESP8266/ESP8266EX_PART_RECORD.md,UNEXPANDED_TEMPLATE_VARIABLE,HIGH,Replace placeholders with verified content or clearly mark intentionally unverified/template-only status.
06_DATASHEETS/01_MICROCONTROLLERS/ESPRESSIF/ESP8266/INDEX.md,UNEXPANDED_TEMPLATE_VARIABLE,HIGH,Replace placeholders with verified content or clearly mark intentionally unverified/template-only status.
06_DATASHEETS/01_MICROCONTROLLERS/ESPRESSIF/MODULES/README.md,UNEXPANDED_TEMPLATE_VARIABLE,HIGH,Replace placeholders with verified content or clearly mark intentionally unverified/template-only status.
06_DATASHEETS/01_MICROCONTROLLERS/GIGADEVICE/GIGADEVICE_REPRESENTATIVE_PART_REQUIRES_SOURCE_PART_RECORD.md,UNEXPANDED_TEMPLATE_VARIABLE,HIGH,Replace placeholders with verified content or clearly mark intentionally unverified/template-only status.
06_DATASHEETS/01_MICROCONTROLLERS/GIGADEVICE/INDEX.md,UNEXPANDED_TEMPLATE_VARIABLE,HIGH,Replace placeholders with verified content or clearly mark intentionally unverified/template-only status.
06_DATASHEETS/01_MICROCONTROLLERS/INDEX.md,UNEXPANDED_TEMPLATE_VARIABLE,HIGH,Replace placeholders with verified content or clearly mark intentionally unverified/template-only status.
06_DATASHEETS/01_MICROCONTROLLERS/INFINEON/INDEX.md,UNEXPANDED_TEMPLATE_VARIABLE,HIGH,Replace placeholders with verified content or clearly mark intentionally unverified/template-only status.
06_DATASHEETS/01_MICROCONTROLLERS/INFINEON/INFINEON_REPRESENTATIVE_PART_REQUIRES_SOURCE_PART_RECORD.md,UNEXPANDED_TEMPLATE_VARIABLE,HIGH,Replace placeholders with verified content or clearly mark intentionally unverified/template-only status.
06_DATASHEETS/01_MICROCONTROLLERS/MICROCHIP_AVR/ATMEGA328P_PART_RECORD.md,UNEXPANDED_TEMPLATE_VARIABLE,HIGH,Replace placeholders with verified content or clearly mark intentionally unverified/template-only status.
06_DATASHEETS/01_MICROCONTROLLERS/MICROCHIP_AVR/INDEX.md,UNEXPANDED_TEMPLATE_VARIABLE,HIGH,Replace placeholders with verified content or clearly mark intentionally unverified/template-only status.
06_DATASHEETS/01_MICROCONTROLLERS/MICROCHIP_PIC/DESIGN_GUIDES/README.md,UNEXPANDED_TEMPLATE_VARIABLE,HIGH,Replace placeholders with verified content or clearly mark intentionally unverified/template-only status.
06_DATASHEETS/01_MICROCONTROLLERS/MICROCHIP_PIC/DEVELOPMENT_BOARDS/README.md,UNEXPANDED_TEMPLATE_VARIABLE,HIGH,Replace placeholders with verified content or clearly mark intentionally unverified/template-only status.
06_DATASHEETS/01_MICROCONTROLLERS/MICROCHIP_PIC/ERRATA/README.md,UNEXPANDED_TEMPLATE_VARIABLE,HIGH,Replace placeholders with verified content or clearly mark intentionally unverified/template-only status.
06_DATASHEETS/01_MICROCONTROLLERS/MICROCHIP_PIC/PIC10/INDEX.md,UNEXPANDED_TEMPLATE_VARIABLE,HIGH,Replace placeholders with verified content or clearly mark intentionally unverified/template-only status.
06_DATASHEETS/01_MICROCONTROLLERS/MICROCHIP_PIC/PIC10/PIC10_REPRESENTATIVE_PART_REQUIRES_SOURCE_PART_RECORD.md,UNEXPANDED_TEMPLATE_VARIABLE,HIGH,Replace placeholders with verified content or clearly mark intentionally unverified/template-only status.
06_DATASHEETS/01_MICROCONTROLLERS/MICROCHIP_PIC/PIC12/INDEX.md,UNEXPANDED_TEMPLATE_VARIABLE,HIGH,Replace placeholders with verified content or clearly mark intentionally unverified/template-only status.
06_DATASHEETS/01_MICROCONTROLLERS/MICROCHIP_PIC/PIC12/PIC12_REPRESENTATIVE_PART_REQUIRES_SOURCE_PART_RECORD.md,UNEXPANDED_TEMPLATE_VARIABLE,HIGH,Replace placeholders with verified content or clearly mark intentionally unverified/template-only status.
06_DATASHEETS/01_MICROCONTROLLERS/MICROCHIP_PIC/PIC16/INDEX.md,UNEXPANDED_TEMPLATE_VARIABLE,HIGH,Replace placeholders with verified content or clearly mark intentionally unverified/template-only status.
06_DATASHEETS/01_MICROCONTROLLERS/MICROCHIP_PIC/PIC16/PIC16F877A_PART_RECORD.md,UNEXPANDED_TEMPLATE_VARIABLE,HIGH,Replace placeholders with verified content or clearly mark intentionally unverified/template-only status.
06_DATASHEETS/01_MICROCONTROLLERS/MICROCHIP_PIC/PIC18/INDEX.md,UNEXPANDED_TEMPLATE_VARIABLE,HIGH,Replace placeholders with verified content or clearly mark intentionally unverified/template-only status.
06_DATASHEETS/01_MICROCONTROLLERS/MICROCHIP_PIC/PIC18/PIC18F4550_PART_RECORD.md,UNEXPANDED_TEMPLATE_VARIABLE,HIGH,Replace placeholders with verified content or clearly mark intentionally unverified/template-only status.
06_DATASHEETS/01_MICROCONTROLLERS/MICROCHIP_PIC/PIC24/INDEX.md,UNEXPANDED_TEMPLATE_VARIABLE,HIGH,Replace placeholders with verified content or clearly mark intentionally unverified/template-only status.
06_DATASHEETS/01_MICROCONTROLLERS/MICROCHIP_PIC/PIC24/PIC24_REPRESENTATIVE_PART_REQUIRES_SOURCE_PART_RECORD.md,UNEXPANDED_TEMPLATE_VARIABLE,HIGH,Replace placeholders with verified content or clearly mark intentionally unverified/template-only status.
06_DATASHEETS/01_MICROCONTROLLERS/MICROCHIP_PIC/PIC32/INDEX.md,UNEXPANDED_TEMPLATE_VARIABLE,HIGH,Replace placeholders with verified content or clearly mark intentionally unverified/template-only status.
06_DATASHEETS/01_MICROCONTROLLERS/MICROCHIP_PIC/PIC32/PIC32_REPRESENTATIVE_PART_REQUIRES_SOURCE_PART_RECORD.md,UNEXPANDED_TEMPLATE_VARIABLE,HIGH,Replace placeholders with verified content or clearly mark intentionally unverified/template-only status.
06_DATASHEETS/01_MICROCONTROLLERS/MICROCHIP_PIC/PROGRAMMING_DEBUG_PICKIT/README.md,UNEXPANDED_TEMPLATE_VARIABLE,HIGH,Replace placeholders with verified content or clearly mark intentionally unverified/template-only status.
06_DATASHEETS/01_MICROCONTROLLERS/MICROCHIP_PIC/dsPIC30/DSPIC30_REPRESENTATIVE_PART_REQUIRES_SOURCE_PART_RECORD.md,UNEXPANDED_TEMPLATE_VARIABLE,HIGH,Replace placeholders with verified content or clearly mark intentionally unverified/template-only status.
06_DATASHEETS/01_MICROCONTROLLERS/MICROCHIP_PIC/dsPIC30/INDEX.md,UNEXPANDED_TEMPLATE_VARIABLE,HIGH,Replace placeholders with verified content or clearly mark intentionally unverified/template-only status.
06_DATASHEETS/01_MICROCONTROLLERS/MICROCHIP_PIC/dsPIC33/DSPIC33_REPRESENTATIVE_PART_REQUIRES_SOURCE_PART_RECORD.md,UNEXPANDED_TEMPLATE_VARIABLE,HIGH,Replace placeholders with verified content or clearly mark intentionally unverified/template-only status.
06_DATASHEETS/01_MICROCONTROLLERS/MICROCHIP_PIC/dsPIC33/INDEX.md,UNEXPANDED_TEMPLATE_VARIABLE,HIGH,Replace placeholders with verified content or clearly mark intentionally unverified/template-only status.
06_DATASHEETS/01_MICROCONTROLLERS/NORDIC/INDEX.md,UNEXPANDED_TEMPLATE_VARIABLE,HIGH,Replace placeholders with verified content or clearly mark intentionally unverified/template-only status.
06_DATASHEETS/01_MICROCONTROLLERS/NORDIC/NORDIC_REPRESENTATIVE_PART_REQUIRES_SOURCE_PART_RECORD.md,UNEXPANDED_TEMPLATE_VARIABLE,HIGH,Replace placeholders with verified content or clearly mark intentionally unverified/template-only status.
06_DATASHEETS/01_MICROCONTROLLERS/NXP/INDEX.md,UNEXPANDED_TEMPLATE_VARIABLE,HIGH,Replace placeholders with verified content or clearly mark intentionally unverified/template-only status.
06_DATASHEETS/01_MICROCONTROLLERS/NXP/NXP_REPRESENTATIVE_PART_REQUIRES_SOURCE_PART_RECORD.md,UNEXPANDED_TEMPLATE_VARIABLE,HIGH,Replace placeholders with verified content or clearly mark intentionally unverified/template-only status.
06_DATASHEETS/01_MICROCONTROLLERS/OTHER/README.md,UNEXPANDED_TEMPLATE_VARIABLE,HIGH,Replace placeholders with verified content or clearly mark intentionally unverified/template-only status.
06_DATASHEETS/01_MICROCONTROLLERS/RASPBERRY_PI_RP2040_RP2350/INDEX.md,UNEXPANDED_TEMPLATE_VARIABLE,HIGH,Replace placeholders with verified content or clearly mark intentionally unverified/template-only status.
06_DATASHEETS/01_MICROCONTROLLERS/RASPBERRY_PI_RP2040_RP2350/RP2040_PART_RECORD.md,UNEXPANDED_TEMPLATE_VARIABLE,HIGH,Replace placeholders with verified content or clearly mark intentionally unverified/template-only status.
06_DATASHEETS/01_MICROCONTROLLERS/RENESAS/INDEX.md,UNEXPANDED_TEMPLATE_VARIABLE,HIGH,Replace placeholders with verified content or clearly mark intentionally unverified/template-only status.
06_DATASHEETS/01_MICROCONTROLLERS/RENESAS/RENESAS_REPRESENTATIVE_PART_REQUIRES_SOURCE_PART_RECORD.md,UNEXPANDED_TEMPLATE_VARIABLE,HIGH,Replace placeholders with verified content or clearly mark intentionally unverified/template-only status.
06_DATASHEETS/01_MICROCONTROLLERS/SILABS/INDEX.md,UNEXPANDED_TEMPLATE_VARIABLE,HIGH,Replace placeholders with verified content or clearly mark intentionally unverified/template-only status.
06_DATASHEETS/01_MICROCONTROLLERS/SILABS/SILABS_REPRESENTATIVE_PART_REQUIRES_SOURCE_PART_RECORD.md,UNEXPANDED_TEMPLATE_VARIABLE,HIGH,Replace placeholders with verified content or clearly mark intentionally unverified/template-only status.
06_DATASHEETS/01_MICROCONTROLLERS/STMICRO_STM32/DESIGN_GUIDES/README.md,UNEXPANDED_TEMPLATE_VARIABLE,HIGH,Replace placeholders with verified content or clearly mark intentionally unverified/template-only status.
06_DATASHEETS/01_MICROCONTROLLERS/STMICRO_STM32/DISCOVERY_BOARDS/README.md,UNEXPANDED_TEMPLATE_VARIABLE,HIGH,Replace placeholders with verified content or clearly mark intentionally unverified/template-only status.
06_DATASHEETS/01_MICROCONTROLLERS/STMICRO_STM32/ERRATA/README.md,UNEXPANDED_TEMPLATE_VARIABLE,HIGH,Replace placeholders with verified content or clearly mark intentionally unverified/template-only status.
06_DATASHEETS/01_MICROCONTROLLERS/STMICRO_STM32/EVAL_BOARDS/README.md,UNEXPANDED_TEMPLATE_VARIABLE,HIGH,Replace placeholders with verified content or clearly mark intentionally unverified/template-only status.
06_DATASHEETS/01_MICROCONTROLLERS/STMICRO_STM32/NUCLEO_BOARDS/README.md,UNEXPANDED_TEMPLATE_VARIABLE,HIGH,Replace placeholders with verified content or clearly mark intentionally unverified/template-only status.
06_DATASHEETS/01_MICROCONTROLLERS/STMICRO_STM32/PROGRAMMING_DEBUG_STLINK/README.md,UNEXPANDED_TEMPLATE_VARIABLE,HIGH,Replace placeholders with verified content or clearly mark intentionally unverified/template-only status.
06_DATASHEETS/01_MICROCONTROLLERS/STMICRO_STM32/STM32F0/DEV_BOARD_REFERENCES.md,UNEXPANDED_TEMPLATE_VARIABLE,HIGH,Replace placeholders with verified content or clearly mark intentionally unverified/template-only status.
06_DATASHEETS/01_MICROCONTROLLERS/STMICRO_STM32/STM32F0/INDEX.md,UNEXPANDED_TEMPLATE_VARIABLE,HIGH,Replace placeholders with verified content or clearly mark intentionally unverified/template-only status.
06_DATASHEETS/01_MICROCONTROLLERS/STMICRO_STM32/STM32F0/PART_NUMBER_INDEX.md,UNEXPANDED_TEMPLATE_VARIABLE,HIGH,Replace placeholders with verified content or clearly mark intentionally unverified/template-only status.
06_DATASHEETS/01_MICROCONTROLLERS/STMICRO_STM32/STM32F0/SOURCE_LINKS.md,UNEXPANDED_TEMPLATE_VARIABLE,HIGH,Replace placeholders with verified content or clearly mark intentionally unverified/template-only status.
06_DATASHEETS/01_MICROCONTROLLERS/STMICRO_STM32/STM32F0/STM32F0_REPRESENTATIVE_PART_REQUIRES_SOURCE_PART_RECORD.md,UNEXPANDED_TEMPLATE_VARIABLE,HIGH,Replace placeholders with verified content or clearly mark intentionally unverified/template-only status.
06_DATASHEETS/01_MICROCONTROLLERS/STMICRO_STM32/STM32F1/DEV_BOARD_REFERENCES.md,UNEXPANDED_TEMPLATE_VARIABLE,HIGH,Replace placeholders with verified content or clearly mark intentionally unverified/template-only status.
06_DATASHEETS/01_MICROCONTROLLERS/STMICRO_STM32/STM32F1/INDEX.md,UNEXPANDED_TEMPLATE_VARIABLE,HIGH,Replace placeholders with verified content or clearly mark intentionally unverified/template-only status.
06_DATASHEETS/01_MICROCONTROLLERS/STMICRO_STM32/STM32F1/PART_NUMBER_INDEX.md,UNEXPANDED_TEMPLATE_VARIABLE,HIGH,Replace placeholders with verified content or clearly mark intentionally unverified/template-only status.
06_DATASHEETS/01_MICROCONTROLLERS/STMICRO_STM32/STM32F1/README.md,UNEXPANDED_TEMPLATE_VARIABLE,HIGH,Replace placeholders with verified content or clearly mark intentionally unverified/template-only status.
06_DATASHEETS/01_MICROCONTROLLERS/STMICRO_STM32/STM32F1/SOURCE_LINKS.md,UNEXPANDED_TEMPLATE_VARIABLE,HIGH,Replace placeholders with verified content or clearly mark intentionally unverified/template-only status.
06_DATASHEETS/01_MICROCONTROLLERS/STMICRO_STM32/STM32F2/DEV_BOARD_REFERENCES.md,UNEXPANDED_TEMPLATE_VARIABLE,HIGH,Replace placeholders with verified content or clearly mark intentionally unverified/template-only status.
06_DATASHEETS/01_MICROCONTROLLERS/STMICRO_STM32/STM32F2/INDEX.md,UNEXPANDED_TEMPLATE_VARIABLE,HIGH,Replace placeholders with verified content or clearly mark intentionally unverified/template-only status.
06_DATASHEETS/01_MICROCONTROLLERS/STMICRO_STM32/STM32F2/PART_NUMBER_INDEX.md,UNEXPANDED_TEMPLATE_VARIABLE,HIGH,Replace placeholders with verified content or clearly mark intentionally unverified/template-only status.
06_DATASHEETS/01_MICROCONTROLLERS/STMICRO_STM32/STM32F2/SOURCE_LINKS.md,UNEXPANDED_TEMPLATE_VARIABLE,HIGH,Replace placeholders with verified content or clearly mark intentionally unverified/template-only status.
06_DATASHEETS/01_MICROCONTROLLERS/STMICRO_STM32/STM32F2/STM32F2_REPRESENTATIVE_PART_REQUIRES_SOURCE_PART_RECORD.md,UNEXPANDED_TEMPLATE_VARIABLE,HIGH,Replace placeholders with verified content or clearly mark intentionally unverified/template-only status.
06_DATASHEETS/01_MICROCONTROLLERS/STMICRO_STM32/STM32F3/DEV_BOARD_REFERENCES.md,UNEXPANDED_TEMPLATE_VARIABLE,HIGH,Replace placeholders with verified content or clearly mark intentionally unverified/template-only status.
06_DATASHEETS/01_MICROCONTROLLERS/STMICRO_STM32/STM32F3/INDEX.md,UNEXPANDED_TEMPLATE_VARIABLE,HIGH,Replace placeholders with verified content or clearly mark intentionally unverified/template-only status.
06_DATASHEETS/01_MICROCONTROLLERS/STMICRO_STM32/STM32F3/PART_NUMBER_INDEX.md,UNEXPANDED_TEMPLATE_VARIABLE,HIGH,Replace placeholders with verified content or clearly mark intentionally unverified/template-only status.
06_DATASHEETS/01_MICROCONTROLLERS/STMICRO_STM32/STM32F3/SOURCE_LINKS.md,UNEXPANDED_TEMPLATE_VARIABLE,HIGH,Replace placeholders with verified content or clearly mark intentionally unverified/template-only status.
06_DATASHEETS/01_MICROCONTROLLERS/STMICRO_STM32/STM32F3/STM32F3_REPRESENTATIVE_PART_REQUIRES_SOURCE_PART_RECORD.md,UNEXPANDED_TEMPLATE_VARIABLE,HIGH,Replace placeholders with verified content or clearly mark intentionally unverified/template-only status.
06_DATASHEETS/01_MICROCONTROLLERS/STMICRO_STM32/STM32F4/DEV_BOARD_REFERENCES.md,UNEXPANDED_TEMPLATE_VARIABLE,HIGH,Replace placeholders with verified content or clearly mark intentionally unverified/template-only status.
06_DATASHEETS/01_MICROCONTROLLERS/STMICRO_STM32/STM32F4/INDEX.md,UNEXPANDED_TEMPLATE_VARIABLE,HIGH,Replace placeholders with verified content or clearly mark intentionally unverified/template-only status.
06_DATASHEETS/01_MICROCONTROLLERS/STMICRO_STM32/STM32F4/PART_NUMBER_INDEX.md,UNEXPANDED_TEMPLATE_VARIABLE,HIGH,Replace placeholders with verified content or clearly mark intentionally unverified/template-only status.
06_DATASHEETS/01_MICROCONTROLLERS/STMICRO_STM32/STM32F4/SOURCE_LINKS.md,UNEXPANDED_TEMPLATE_VARIABLE,HIGH,Replace placeholders with verified content or clearly mark intentionally unverified/template-only status.
06_DATASHEETS/01_MICROCONTROLLERS/STMICRO_STM32/STM32F4/STM32F411CEU6_PART_RECORD.md,UNEXPANDED_TEMPLATE_VARIABLE,HIGH,Replace placeholders with verified content or clearly mark intentionally unverified/template-only status.
06_DATASHEETS/01_MICROCONTROLLERS/STMICRO_STM32/STM32F7/DEV_BOARD_REFERENCES.md,UNEXPANDED_TEMPLATE_VARIABLE,HIGH,Replace placeholders with verified content or clearly mark intentionally unverified/template-only status.
06_DATASHEETS/01_MICROCONTROLLERS/STMICRO_STM32/STM32F7/INDEX.md,UNEXPANDED_TEMPLATE_VARIABLE,HIGH,Replace placeholders with verified content or clearly mark intentionally unverified/template-only status.
06_DATASHEETS/01_MICROCONTROLLERS/STMICRO_STM32/STM32F7/PART_NUMBER_INDEX.md,UNEXPANDED_TEMPLATE_VARIABLE,HIGH,Replace placeholders with verified content or clearly mark intentionally unverified/template-only status.
06_DATASHEETS/01_MICROCONTROLLERS/STMICRO_STM32/STM32F7/SOURCE_LINKS.md,UNEXPANDED_TEMPLATE_VARIABLE,HIGH,Replace placeholders with verified content or clearly mark intentionally unverified/template-only status.
06_DATASHEETS/01_MICROCONTROLLERS/STMICRO_STM32/STM32F7/STM32F7_REPRESENTATIVE_PART_REQUIRES_SOURCE_PART_RECORD.md,UNEXPANDED_TEMPLATE_VARIABLE,HIGH,Replace placeholders with verified content or clearly mark intentionally unverified/template-only status.
06_DATASHEETS/01_MICROCONTROLLERS/STMICRO_STM32/STM32G0/DEV_BOARD_REFERENCES.md,UNEXPANDED_TEMPLATE_VARIABLE,HIGH,Replace placeholders with verified content or clearly mark intentionally unverified/template-only status.
06_DATASHEETS/01_MICROCONTROLLERS/STMICRO_STM32/STM32G0/INDEX.md,UNEXPANDED_TEMPLATE_VARIABLE,HIGH,Replace placeholders with verified content or clearly mark intentionally unverified/template-only status.
06_DATASHEETS/01_MICROCONTROLLERS/STMICRO_STM32/STM32G0/PART_NUMBER_INDEX.md,UNEXPANDED_TEMPLATE_VARIABLE,HIGH,Replace placeholders with verified content or clearly mark intentionally unverified/template-only status.
06_DATASHEETS/01_MICROCONTROLLERS/STMICRO_STM32/STM32G0/SOURCE_LINKS.md,UNEXPANDED_TEMPLATE_VARIABLE,HIGH,Replace placeholders with verified content or clearly mark intentionally unverified/template-only status.
06_DATASHEETS/01_MICROCONTROLLERS/STMICRO_STM32/STM32G0/STM32G030F6P6_PART_RECORD.md,UNEXPANDED_TEMPLATE_VARIABLE,HIGH,Replace placeholders with verified content or clearly mark intentionally unverified/template-only status.
06_DATASHEETS/01_MICROCONTROLLERS/STMICRO_STM32/STM32G4/DEV_BOARD_REFERENCES.md,UNEXPANDED_TEMPLATE_VARIABLE,HIGH,Replace placeholders with verified content or clearly mark intentionally unverified/template-only status.
06_DATASHEETS/01_MICROCONTROLLERS/STMICRO_STM32/STM32G4/INDEX.md,UNEXPANDED_TEMPLATE_VARIABLE,HIGH,Replace placeholders with verified content or clearly mark intentionally unverified/template-only status.
06_DATASHEETS/01_MICROCONTROLLERS/STMICRO_STM32/STM32G4/PART_NUMBER_INDEX.md,UNEXPANDED_TEMPLATE_VARIABLE,HIGH,Replace placeholders with verified content or clearly mark intentionally unverified/template-only status.
06_DATASHEETS/01_MICROCONTROLLERS/STMICRO_STM32/STM32G4/SOURCE_LINKS.md,UNEXPANDED_TEMPLATE_VARIABLE,HIGH,Replace placeholders with verified content or clearly mark intentionally unverified/template-only status.
06_DATASHEETS/01_MICROCONTROLLERS/STMICRO_STM32/STM32G4/STM32G431CBT6_PART_RECORD.md,UNEXPANDED_TEMPLATE_VARIABLE,HIGH,Replace placeholders with verified content or clearly mark intentionally unverified/template-only status.
06_DATASHEETS/01_MICROCONTROLLERS/STMICRO_STM32/STM32H5/DEV_BOARD_REFERENCES.md,UNEXPANDED_TEMPLATE_VARIABLE,HIGH,Replace placeholders with verified content or clearly mark intentionally unverified/template-only status.
06_DATASHEETS/01_MICROCONTROLLERS/STMICRO_STM32/STM32H5/INDEX.md,UNEXPANDED_TEMPLATE_VARIABLE,HIGH,Replace placeholders with verified content or clearly mark intentionally unverified/template-only status.
06_DATASHEETS/01_MICROCONTROLLERS/STMICRO_STM32/STM32H5/PART_NUMBER_INDEX.md,UNEXPANDED_TEMPLATE_VARIABLE,HIGH,Replace placeholders with verified content or clearly mark intentionally unverified/template-only status.
06_DATASHEETS/01_MICROCONTROLLERS/STMICRO_STM32/STM32H5/SOURCE_LINKS.md,UNEXPANDED_TEMPLATE_VARIABLE,HIGH,Replace placeholders with verified content or clearly mark intentionally unverified/template-only status.
06_DATASHEETS/01_MICROCONTROLLERS/STMICRO_STM32/STM32H5/STM32H5_REPRESENTATIVE_PART_REQUIRES_SOURCE_PART_RECORD.md,UNEXPANDED_TEMPLATE_VARIABLE,HIGH,Replace placeholders with verified content or clearly mark intentionally unverified/template-only status.
06_DATASHEETS/01_MICROCONTROLLERS/STMICRO_STM32/STM32H7/DEV_BOARD_REFERENCES.md,UNEXPANDED_TEMPLATE_VARIABLE,HIGH,Replace placeholders with verified content or clearly mark intentionally unverified/template-only status.
06_DATASHEETS/01_MICROCONTROLLERS/STMICRO_STM32/STM32H7/INDEX.md,UNEXPANDED_TEMPLATE_VARIABLE,HIGH,Replace placeholders with verified content or clearly mark intentionally unverified/template-only status.
06_DATASHEETS/01_MICROCONTROLLERS/STMICRO_STM32/STM32H7/PART_NUMBER_INDEX.md,UNEXPANDED_TEMPLATE_VARIABLE,HIGH,Replace placeholders with verified content or clearly mark intentionally unverified/template-only status.
06_DATASHEETS/01_MICROCONTROLLERS/STMICRO_STM32/STM32H7/SOURCE_LINKS.md,UNEXPANDED_TEMPLATE_VARIABLE,HIGH,Replace placeholders with verified content or clearly mark intentionally unverified/template-only status.
06_DATASHEETS/01_MICROCONTROLLERS/STMICRO_STM32/STM32H7/STM32H743VIT6_PART_RECORD.md,UNEXPANDED_TEMPLATE_VARIABLE,HIGH,Replace placeholders with verified content or clearly mark intentionally unverified/template-only status.
06_DATASHEETS/01_MICROCONTROLLERS/STMICRO_STM32/STM32L0/DEV_BOARD_REFERENCES.md,UNEXPANDED_TEMPLATE_VARIABLE,HIGH,Replace placeholders with verified content or clearly mark intentionally unverified/template-only status.
06_DATASHEETS/01_MICROCONTROLLERS/STMICRO_STM32/STM32L0/INDEX.md,UNEXPANDED_TEMPLATE_VARIABLE,HIGH,Replace placeholders with verified content or clearly mark intentionally unverified/template-only status.
06_DATASHEETS/01_MICROCONTROLLERS/STMICRO_STM32/STM32L0/PART_NUMBER_INDEX.md,UNEXPANDED_TEMPLATE_VARIABLE,HIGH,Replace placeholders with verified content or clearly mark intentionally unverified/template-only status.
06_DATASHEETS/01_MICROCONTROLLERS/STMICRO_STM32/STM32L0/SOURCE_LINKS.md,UNEXPANDED_TEMPLATE_VARIABLE,HIGH,Replace placeholders with verified content or clearly mark intentionally unverified/template-only status.
06_DATASHEETS/01_MICROCONTROLLERS/STMICRO_STM32/STM32L0/STM32L0_REPRESENTATIVE_PART_REQUIRES_SOURCE_PART_RECORD.md,UNEXPANDED_TEMPLATE_VARIABLE,HIGH,Replace placeholders with verified content or clearly mark intentionally unverified/template-only status.
06_DATASHEETS/01_MICROCONTROLLERS/STMICRO_STM32/STM32L1/DEV_BOARD_REFERENCES.md,UNEXPANDED_TEMPLATE_VARIABLE,HIGH,Replace placeholders with verified content or clearly mark intentionally unverified/template-only status.
06_DATASHEETS/01_MICROCONTROLLERS/STMICRO_STM32/STM32L1/INDEX.md,UNEXPANDED_TEMPLATE_VARIABLE,HIGH,Replace placeholders with verified content or clearly mark intentionally unverified/template-only status.
06_DATASHEETS/01_MICROCONTROLLERS/STMICRO_STM32/STM32L1/PART_NUMBER_INDEX.md,UNEXPANDED_TEMPLATE_VARIABLE,HIGH,Replace placeholders with verified content or clearly mark intentionally unverified/template-only status.
06_DATASHEETS/01_MICROCONTROLLERS/STMICRO_STM32/STM32L1/SOURCE_LINKS.md,UNEXPANDED_TEMPLATE_VARIABLE,HIGH,Replace placeholders with verified content or clearly mark intentionally unverified/template-only status.
06_DATASHEETS/01_MICROCONTROLLERS/STMICRO_STM32/STM32L1/STM32L1_REPRESENTATIVE_PART_REQUIRES_SOURCE_PART_RECORD.md,UNEXPANDED_TEMPLATE_VARIABLE,HIGH,Replace placeholders with verified content or clearly mark intentionally unverified/template-only status.
06_DATASHEETS/01_MICROCONTROLLERS/STMICRO_STM32/STM32L4/DEV_BOARD_REFERENCES.md,UNEXPANDED_TEMPLATE_VARIABLE,HIGH,Replace placeholders with verified content or clearly mark intentionally unverified/template-only status.
06_DATASHEETS/01_MICROCONTROLLERS/STMICRO_STM32/STM32L4/INDEX.md,UNEXPANDED_TEMPLATE_VARIABLE,HIGH,Replace placeholders with verified content or clearly mark intentionally unverified/template-only status.
06_DATASHEETS/01_MICROCONTROLLERS/STMICRO_STM32/STM32L4/PART_NUMBER_INDEX.md,UNEXPANDED_TEMPLATE_VARIABLE,HIGH,Replace placeholders with verified content or clearly mark intentionally unverified/template-only status.
06_DATASHEETS/01_MICROCONTROLLERS/STMICRO_STM32/STM32L4/SOURCE_LINKS.md,UNEXPANDED_TEMPLATE_VARIABLE,HIGH,Replace placeholders with verified content or clearly mark intentionally unverified/template-only status.
06_DATASHEETS/01_MICROCONTROLLERS/STMICRO_STM32/STM32L4/STM32L4_REPRESENTATIVE_PART_REQUIRES_SOURCE_PART_RECORD.md,UNEXPANDED_TEMPLATE_VARIABLE,HIGH,Replace placeholders with verified content or clearly mark intentionally unverified/template-only status.
06_DATASHEETS/01_MICROCONTROLLERS/STMICRO_STM32/STM32L5/DEV_BOARD_REFERENCES.md,UNEXPANDED_TEMPLATE_VARIABLE,HIGH,Replace placeholders with verified content or clearly mark intentionally unverified/template-only status.
06_DATASHEETS/01_MICROCONTROLLERS/STMICRO_STM32/STM32L5/INDEX.md,UNEXPANDED_TEMPLATE_VARIABLE,HIGH,Replace placeholders with verified content or clearly mark intentionally unverified/template-only status.
06_DATASHEETS/01_MICROCONTROLLERS/STMICRO_STM32/STM32L5/PART_NUMBER_INDEX.md,UNEXPANDED_TEMPLATE_VARIABLE,HIGH,Replace placeholders with verified content or clearly mark intentionally unverified/template-only status.
06_DATASHEETS/01_MICROCONTROLLERS/STMICRO_STM32/STM32L5/SOURCE_LINKS.md,UNEXPANDED_TEMPLATE_VARIABLE,HIGH,Replace placeholders with verified content or clearly mark intentionally unverified/template-only status.
06_DATASHEETS/01_MICROCONTROLLERS/STMICRO_STM32/STM32L5/STM32L5_REPRESENTATIVE_PART_REQUIRES_SOURCE_PART_RECORD.md,UNEXPANDED_TEMPLATE_VARIABLE,HIGH,Replace placeholders with verified content or clearly mark intentionally unverified/template-only status.
06_DATASHEETS/01_MICROCONTROLLERS/STMICRO_STM32/STM32MP/DEV_BOARD_REFERENCES.md,UNEXPANDED_TEMPLATE_VARIABLE,HIGH,Replace placeholders with verified content or clearly mark intentionally unverified/template-only status.
06_DATASHEETS/01_MICROCONTROLLERS/STMICRO_STM32/STM32MP/INDEX.md,UNEXPANDED_TEMPLATE_VARIABLE,HIGH,Replace placeholders with verified content or clearly mark intentionally unverified/template-only status.
06_DATASHEETS/01_MICROCONTROLLERS/STMICRO_STM32/STM32MP/PART_NUMBER_INDEX.md,UNEXPANDED_TEMPLATE_VARIABLE,HIGH,Replace placeholders with verified content or clearly mark intentionally unverified/template-only status.
06_DATASHEETS/01_MICROCONTROLLERS/STMICRO_STM32/STM32MP/SOURCE_LINKS.md,UNEXPANDED_TEMPLATE_VARIABLE,HIGH,Replace placeholders with verified content or clearly mark intentionally unverified/template-only status.
06_DATASHEETS/01_MICROCONTROLLERS/STMICRO_STM32/STM32MP/STM32MP_REPRESENTATIVE_PART_REQUIRES_SOURCE_PART_RECORD.md,UNEXPANDED_TEMPLATE_VARIABLE,HIGH,Replace placeholders with verified content or clearly mark intentionally unverified/template-only status.
06_DATASHEETS/01_MICROCONTROLLERS/STMICRO_STM32/STM32U0/DEV_BOARD_REFERENCES.md,UNEXPANDED_TEMPLATE_VARIABLE,HIGH,Replace placeholders with verified content or clearly mark intentionally unverified/template-only status.
06_DATASHEETS/01_MICROCONTROLLERS/STMICRO_STM32/STM32U0/INDEX.md,UNEXPANDED_TEMPLATE_VARIABLE,HIGH,Replace placeholders with verified content or clearly mark intentionally unverified/template-only status.
06_DATASHEETS/01_MICROCONTROLLERS/STMICRO_STM32/STM32U0/PART_NUMBER_INDEX.md,UNEXPANDED_TEMPLATE_VARIABLE,HIGH,Replace placeholders with verified content or clearly mark intentionally unverified/template-only status.
06_DATASHEETS/01_MICROCONTROLLERS/STMICRO_STM32/STM32U0/SOURCE_LINKS.md,UNEXPANDED_TEMPLATE_VARIABLE,HIGH,Replace placeholders with verified content or clearly mark intentionally unverified/template-only status.
06_DATASHEETS/01_MICROCONTROLLERS/STMICRO_STM32/STM32U0/STM32U0_REPRESENTATIVE_PART_REQUIRES_SOURCE_PART_RECORD.md,UNEXPANDED_TEMPLATE_VARIABLE,HIGH,Replace placeholders with verified content or clearly mark intentionally unverified/template-only status.
06_DATASHEETS/01_MICROCONTROLLERS/STMICRO_STM32/STM32U5/DEV_BOARD_REFERENCES.md,UNEXPANDED_TEMPLATE_VARIABLE,HIGH,Replace placeholders with verified content or clearly mark intentionally unverified/template-only status.
06_DATASHEETS/01_MICROCONTROLLERS/STMICRO_STM32/STM32U5/INDEX.md,UNEXPANDED_TEMPLATE_VARIABLE,HIGH,Replace placeholders with verified content or clearly mark intentionally unverified/template-only status.
06_DATASHEETS/01_MICROCONTROLLERS/STMICRO_STM32/STM32U5/PART_NUMBER_INDEX.md,UNEXPANDED_TEMPLATE_VARIABLE,HIGH,Replace placeholders with verified content or clearly mark intentionally unverified/template-only status.
06_DATASHEETS/01_MICROCONTROLLERS/STMICRO_STM32/STM32U5/SOURCE_LINKS.md,UNEXPANDED_TEMPLATE_VARIABLE,HIGH,Replace placeholders with verified content or clearly mark intentionally unverified/template-only status.
06_DATASHEETS/01_MICROCONTROLLERS/STMICRO_STM32/STM32U5/STM32U5_REPRESENTATIVE_PART_REQUIRES_SOURCE_PART_RECORD.md,UNEXPANDED_TEMPLATE_VARIABLE,HIGH,Replace placeholders with verified content or clearly mark intentionally unverified/template-only status.
06_DATASHEETS/01_MICROCONTROLLERS/STMICRO_STM32/STM32WB/DEV_BOARD_REFERENCES.md,UNEXPANDED_TEMPLATE_VARIABLE,HIGH,Replace placeholders with verified content or clearly mark intentionally unverified/template-only status.
06_DATASHEETS/01_MICROCONTROLLERS/STMICRO_STM32/STM32WB/INDEX.md,UNEXPANDED_TEMPLATE_VARIABLE,HIGH,Replace placeholders with verified content or clearly mark intentionally unverified/template-only status.
06_DATASHEETS/01_MICROCONTROLLERS/STMICRO_STM32/STM32WB/PART_NUMBER_INDEX.md,UNEXPANDED_TEMPLATE_VARIABLE,HIGH,Replace placeholders with verified content or clearly mark intentionally unverified/template-only status.
06_DATASHEETS/01_MICROCONTROLLERS/STMICRO_STM32/STM32WB/SOURCE_LINKS.md,UNEXPANDED_TEMPLATE_VARIABLE,HIGH,Replace placeholders with verified content or clearly mark intentionally unverified/template-only status.
06_DATASHEETS/01_MICROCONTROLLERS/STMICRO_STM32/STM32WB/STM32WB_REPRESENTATIVE_PART_REQUIRES_SOURCE_PART_RECORD.md,UNEXPANDED_TEMPLATE_VARIABLE,HIGH,Replace placeholders with verified content or clearly mark intentionally unverified/template-only status.
06_DATASHEETS/01_MICROCONTROLLERS/STMICRO_STM32/STM32WL/DEV_BOARD_REFERENCES.md,UNEXPANDED_TEMPLATE_VARIABLE,HIGH,Replace placeholders with verified content or clearly mark intentionally unverified/template-only status.
06_DATASHEETS/01_MICROCONTROLLERS/STMICRO_STM32/STM32WL/INDEX.md,UNEXPANDED_TEMPLATE_VARIABLE,HIGH,Replace placeholders with verified content or clearly mark intentionally unverified/template-only status.
06_DATASHEETS/01_MICROCONTROLLERS/STMICRO_STM32/STM32WL/PART_NUMBER_INDEX.md,UNEXPANDED_TEMPLATE_VARIABLE,HIGH,Replace placeholders with verified content or clearly mark intentionally unverified/template-only status.
06_DATASHEETS/01_MICROCONTROLLERS/STMICRO_STM32/STM32WL/SOURCE_LINKS.md,UNEXPANDED_TEMPLATE_VARIABLE,HIGH,Replace placeholders with verified content or clearly mark intentionally unverified/template-only status.
06_DATASHEETS/01_MICROCONTROLLERS/STMICRO_STM32/STM32WL/STM32WL_REPRESENTATIVE_PART_REQUIRES_SOURCE_PART_RECORD.md,UNEXPANDED_TEMPLATE_VARIABLE,HIGH,Replace placeholders with verified content or clearly mark intentionally unverified/template-only status.
06_DATASHEETS/01_MICROCONTROLLERS/STMICRO_STM32/STM32_AI_MASTER_INDEX.md,UNEXPANDED_TEMPLATE_VARIABLE,HIGH,Replace placeholders with verified content or clearly mark intentionally unverified/template-only status.
06_DATASHEETS/01_MICROCONTROLLERS/STMICRO_STM32/STM32_DEV_BOARD_INDEX.csv,UNEXPANDED_TEMPLATE_VARIABLE,HIGH,Replace placeholders with verified content or clearly mark intentionally unverified/template-only status.
06_DATASHEETS/01_MICROCONTROLLERS/STMICRO_STM32/STM32_OFFICIAL_SOURCE_LINKS.csv,UNEXPANDED_TEMPLATE_VARIABLE,HIGH,Replace placeholders with verified content or clearly mark intentionally unverified/template-only status.
06_DATASHEETS/01_MICROCONTROLLERS/STMICRO_STM32/STM32_PART_NUMBER_INDEX.csv,UNEXPANDED_TEMPLATE_VARIABLE,HIGH,Replace placeholders with verified content or clearly mark intentionally unverified/template-only status.
06_DATASHEETS/01_MICROCONTROLLERS/TI/INDEX.md,UNEXPANDED_TEMPLATE_VARIABLE,HIGH,Replace placeholders with verified content or clearly mark intentionally unverified/template-only status.
06_DATASHEETS/01_MICROCONTROLLERS/TI/TI_REPRESENTATIVE_PART_REQUIRES_SOURCE_PART_RECORD.md,UNEXPANDED_TEMPLATE_VARIABLE,HIGH,Replace placeholders with verified content or clearly mark intentionally unverified/template-only status.
06_DATASHEETS/01_MICROCONTROLLERS/WCH/INDEX.md,UNEXPANDED_TEMPLATE_VARIABLE,HIGH,Replace placeholders with verified content or clearly mark intentionally unverified/template-only status.
06_DATASHEETS/01_MICROCONTROLLERS/WCH/WCH_REPRESENTATIVE_PART_REQUIRES_SOURCE_PART_RECORD.md,UNEXPANDED_TEMPLATE_VARIABLE,HIGH,Replace placeholders with verified content or clearly mark intentionally unverified/template-only status.
06_DATASHEETS/02_DEV_BOARDS_AND_MODULES/README.md,UNEXPANDED_TEMPLATE_VARIABLE,HIGH,Replace placeholders with verified content or clearly mark intentionally unverified/template-only status.
06_DATASHEETS/03_POWER/README.md,UNEXPANDED_TEMPLATE_VARIABLE,HIGH,Replace placeholders with verified content or clearly mark intentionally unverified/template-only status.
06_DATASHEETS/04_COMMUNICATION/README.md,UNEXPANDED_TEMPLATE_VARIABLE,HIGH,Replace placeholders with verified content or clearly mark intentionally unverified/template-only status.
06_DATASHEETS/05_CONNECTORS/README.md,UNEXPANDED_TEMPLATE_VARIABLE,HIGH,Replace placeholders with verified content or clearly mark intentionally unverified/template-only status.
06_DATASHEETS/06_PROTECTION/README.md,UNEXPANDED_TEMPLATE_VARIABLE,HIGH,Replace placeholders with verified content or clearly mark intentionally unverified/template-only status.
06_DATASHEETS/07_SENSORS/README.md,UNEXPANDED_TEMPLATE_VARIABLE,HIGH,Replace placeholders with verified content or clearly mark intentionally unverified/template-only status.
06_DATASHEETS/08_ANALOG/README.md,UNEXPANDED_TEMPLATE_VARIABLE,HIGH,Replace placeholders with verified content or clearly mark intentionally unverified/template-only status.
06_DATASHEETS/09_DRIVERS/README.md,UNEXPANDED_TEMPLATE_VARIABLE,HIGH,Replace placeholders with verified content or clearly mark intentionally unverified/template-only status.
06_DATASHEETS/10_DISPLAYS/README.md,UNEXPANDED_TEMPLATE_VARIABLE,HIGH,Replace placeholders with verified content or clearly mark intentionally unverified/template-only status.
06_DATASHEETS/11_PASSIVES/README.md,UNEXPANDED_TEMPLATE_VARIABLE,HIGH,Replace placeholders with verified content or clearly mark intentionally unverified/template-only status.
06_DATASHEETS/12_RF_AND_ANTENNAS/README.md,UNEXPANDED_TEMPLATE_VARIABLE,HIGH,Replace placeholders with verified content or clearly mark intentionally unverified/template-only status.
06_DATASHEETS/13_MEMORY_STORAGE/README.md,UNEXPANDED_TEMPLATE_VARIABLE,HIGH,Replace placeholders with verified content or clearly mark intentionally unverified/template-only status.
06_DATASHEETS/14_CLOCKS_TIMING/README.md,UNEXPANDED_TEMPLATE_VARIABLE,HIGH,Replace placeholders with verified content or clearly mark intentionally unverified/template-only status.
06_DATASHEETS/15_SWITCHES_BUTTONS_RELAYS/README.md,UNEXPANDED_TEMPLATE_VARIABLE,HIGH,Replace placeholders with verified content or clearly mark intentionally unverified/template-only status.
06_DATASHEETS/16_FAB_ASSEMBLY_REFERENCES/README.md,UNEXPANDED_TEMPLATE_VARIABLE,HIGH,Replace placeholders with verified content or clearly mark intentionally unverified/template-only status.
06_DATASHEETS/17_APPLICATION_NOTES/README.md,UNEXPANDED_TEMPLATE_VARIABLE,HIGH,Replace placeholders with verified content or clearly mark intentionally unverified/template-only status.
06_DATASHEETS/18_REFERENCE_DESIGNS/README.md,UNEXPANDED_TEMPLATE_VARIABLE,HIGH,Replace placeholders with verified content or clearly mark intentionally unverified/template-only status.
06_DATASHEETS/19_VENDOR_PORTALS/README.md,UNEXPANDED_TEMPLATE_VARIABLE,HIGH,Replace placeholders with verified content or clearly mark intentionally unverified/template-only status.
06_DATASHEETS/99_UNSORTED_INBOX/LEGACY_MIGRATION_20260502_161444/components,EMPTY_FOLDER,HIGH,"Add intended files, .gitkeep with purpose, or remove from production scope."
06_DATASHEETS/99_UNSORTED_INBOX/LEGACY_MIGRATION_20260502_161444/connectors,EMPTY_FOLDER,HIGH,"Add intended files, .gitkeep with purpose, or remove from production scope."
06_DATASHEETS/99_UNSORTED_INBOX/LEGACY_MIGRATION_20260502_161444/microcontrollers,EMPTY_FOLDER,HIGH,"Add intended files, .gitkeep with purpose, or remove from production scope."
06_DATASHEETS/99_UNSORTED_INBOX/LEGACY_MIGRATION_20260502_161444/power,EMPTY_FOLDER,HIGH,"Add intended files, .gitkeep with purpose, or remove from production scope."
06_DATASHEETS/99_UNSORTED_INBOX/LEGACY_MIGRATION_20260502_161444/references,EMPTY_FOLDER,HIGH,"Add intended files, .gitkeep with purpose, or remove from production scope."
06_DATASHEETS/99_UNSORTED_INBOX/README.md,UNEXPANDED_TEMPLATE_VARIABLE,HIGH,Replace placeholders with verified content or clearly mark intentionally unverified/template-only status.
08_COMPONENT_DATABASE/00_INDEX/PART_SCHEMA.md,UNEXPANDED_TEMPLATE_VARIABLE,HIGH,Replace placeholders with verified content or clearly mark intentionally unverified/template-only status.
08_COMPONENT_DATABASE/00_INDEX/example_component_records.json,UNEXPANDED_TEMPLATE_VARIABLE,HIGH,Replace placeholders with verified content or clearly mark intentionally unverified/template-only status.
08_COMPONENT_DATABASE/01_MICROCONTROLLERS/STM32F103C8T6.md,UNEXPANDED_TEMPLATE_VARIABLE,HIGH,Replace placeholders with verified content or clearly mark intentionally unverified/template-only status.
08_COMPONENT_DATABASE/01_MICROCONTROLLERS/espressif_module_records.json,UNEXPANDED_TEMPLATE_VARIABLE,HIGH,Replace placeholders with verified content or clearly mark intentionally unverified/template-only status.
08_COMPONENT_DATABASE/01_MICROCONTROLLERS/microchip_part_records.json,UNEXPANDED_TEMPLATE_VARIABLE,HIGH,Replace placeholders with verified content or clearly mark intentionally unverified/template-only status.
08_COMPONENT_DATABASE/01_MICROCONTROLLERS/stm32_part_records.json,UNEXPANDED_TEMPLATE_VARIABLE,HIGH,Replace placeholders with verified content or clearly mark intentionally unverified/template-only status.
08_COMPONENT_DATABASE/02_POWER/power_part_records.json,UNEXPANDED_TEMPLATE_VARIABLE,HIGH,Replace placeholders with verified content or clearly mark intentionally unverified/template-only status.
08_COMPONENT_DATABASE/03_COMMUNICATION/communication_part_records.json,UNEXPANDED_TEMPLATE_VARIABLE,HIGH,Replace placeholders with verified content or clearly mark intentionally unverified/template-only status.
08_COMPONENT_DATABASE/04_CONNECTORS/connector_records.json,UNEXPANDED_TEMPLATE_VARIABLE,HIGH,Replace placeholders with verified content or clearly mark intentionally unverified/template-only status.
08_COMPONENT_DATABASE/05_PROTECTION/protection_records.json,UNEXPANDED_TEMPLATE_VARIABLE,HIGH,Replace placeholders with verified content or clearly mark intentionally unverified/template-only status.
08_COMPONENT_DATABASE/06_SENSORS,EMPTY_FOLDER,HIGH,"Add intended files, .gitkeep with purpose, or remove from production scope."
08_COMPONENT_DATABASE/07_ANALOG,EMPTY_FOLDER,HIGH,"Add intended files, .gitkeep with purpose, or remove from production scope."
08_COMPONENT_DATABASE/08_DRIVERS,EMPTY_FOLDER,HIGH,"Add intended files, .gitkeep with purpose, or remove from production scope."
08_COMPONENT_DATABASE/09_PASSIVES/passive_support_records.json,UNEXPANDED_TEMPLATE_VARIABLE,HIGH,Replace placeholders with verified content or clearly mark intentionally unverified/template-only status.
08_COMPONENT_DATABASE/10_RF_AND_ANTENNAS/rf_antenna_records.json,UNEXPANDED_TEMPLATE_VARIABLE,HIGH,Replace placeholders with verified content or clearly mark intentionally unverified/template-only status.
08_COMPONENT_DATABASE/11_DEV_BOARDS_AND_MODULES,EMPTY_FOLDER,HIGH,"Add intended files, .gitkeep with purpose, or remove from production scope."
08_COMPONENT_DATABASE/99_UNVERIFIED_INBOX/core_starter_records/core_starter_records.json,UNEXPANDED_TEMPLATE_VARIABLE,HIGH,Replace placeholders with verified content or clearly mark intentionally unverified/template-only status.
08_COMPONENT_DATABASE/99_UNVERIFIED_INBOX/playwright_batches/BATCH_COMPONENT_STUBS.json,UNEXPANDED_TEMPLATE_VARIABLE,HIGH,Replace placeholders with verified content or clearly mark intentionally unverified/template-only status.
08_COMPONENT_DATABASE/99_UNVERIFIED_INBOX/playwright_pilot/PILOT_COMPONENT_SOURCE_LINK_RECORDS.json,UNEXPANDED_TEMPLATE_VARIABLE,HIGH,Replace placeholders with verified content or clearly mark intentionally unverified/template-only status.
11_LIBRARY_FACTORY/scripts/README.md,UNEXPANDED_TEMPLATE_VARIABLE,HIGH,Replace placeholders with verified content or clearly mark intentionally unverified/template-only status.
13_PART_INGESTION/scripts/create_datasheet_summary_stub.py,UNEXPANDED_TEMPLATE_VARIABLE,HIGH,Replace placeholders with verified content or clearly mark intentionally unverified/template-only status.
13_PART_INGESTION/scripts/create_footprint_checklist_stub.py,UNEXPANDED_TEMPLATE_VARIABLE,HIGH,Replace placeholders with verified content or clearly mark intentionally unverified/template-only status.
13_PART_INGESTION/scripts/create_part_record_stub.py,UNEXPANDED_TEMPLATE_VARIABLE,HIGH,Replace placeholders with verified content or clearly mark intentionally unverified/template-only status.
13_PART_INGESTION/scripts/create_symbol_checklist_stub.py,UNEXPANDED_TEMPLATE_VARIABLE,HIGH,Replace placeholders with verified content or clearly mark intentionally unverified/template-only status.
25_VENDOR_DATABASE/00_INDEX/PLAYWRIGHT_BATCH_SOURCE_LINKS.json,UNEXPANDED_TEMPLATE_VARIABLE,HIGH,Replace placeholders with verified content or clearly mark intentionally unverified/template-only status.
28_SUPPLIER_INGESTION/DATASHEET_LINK_SCHEMA.md,UNEXPANDED_TEMPLATE_VARIABLE,HIGH,Replace placeholders with verified content or clearly mark intentionally unverified/template-only status.
28_SUPPLIER_INGESTION/DATA_NORMALIZATION_SCHEMA.md,UNEXPANDED_TEMPLATE_VARIABLE,HIGH,Replace placeholders with verified content or clearly mark intentionally unverified/template-only status.
28_SUPPLIER_INGESTION/FOOTPRINT_GAP_SCHEMA.md,UNEXPANDED_TEMPLATE_VARIABLE,HIGH,Replace placeholders with verified content or clearly mark intentionally unverified/template-only status.
28_SUPPLIER_INGESTION/INVENTORY_PRICE_SCHEMA.md,UNEXPANDED_TEMPLATE_VARIABLE,HIGH,Replace placeholders with verified content or clearly mark intentionally unverified/template-only status.
28_SUPPLIER_INGESTION/SUPPLIER_PART_SCHEMA.md,UNEXPANDED_TEMPLATE_VARIABLE,HIGH,Replace placeholders with verified content or clearly mark intentionally unverified/template-only status.
28_SUPPLIER_INGESTION/connectors/arrow/FIELD_MAPPING.md,UNEXPANDED_TEMPLATE_VARIABLE,HIGH,Replace placeholders with verified content or clearly mark intentionally unverified/template-only status.
28_SUPPLIER_INGESTION/connectors/arrow/sample_output.example.json,UNEXPANDED_TEMPLATE_VARIABLE,HIGH,Replace placeholders with verified content or clearly mark intentionally unverified/template-only status.
28_SUPPLIER_INGESTION/connectors/avnet/FIELD_MAPPING.md,UNEXPANDED_TEMPLATE_VARIABLE,HIGH,Replace placeholders with verified content or clearly mark intentionally unverified/template-only status.
28_SUPPLIER_INGESTION/connectors/avnet/sample_output.example.json,UNEXPANDED_TEMPLATE_VARIABLE,HIGH,Replace placeholders with verified content or clearly mark intentionally unverified/template-only status.
28_SUPPLIER_INGESTION/connectors/digikey/FIELD_MAPPING.md,UNEXPANDED_TEMPLATE_VARIABLE,HIGH,Replace placeholders with verified content or clearly mark intentionally unverified/template-only status.
28_SUPPLIER_INGESTION/connectors/digikey/digikey_connector.py,UNEXPANDED_TEMPLATE_VARIABLE,HIGH,Replace placeholders with verified content or clearly mark intentionally unverified/template-only status.
28_SUPPLIER_INGESTION/connectors/digikey/sample_output.example.json,UNEXPANDED_TEMPLATE_VARIABLE,HIGH,Replace placeholders with verified content or clearly mark intentionally unverified/template-only status.
28_SUPPLIER_INGESTION/connectors/farnell/FIELD_MAPPING.md,UNEXPANDED_TEMPLATE_VARIABLE,HIGH,Replace placeholders with verified content or clearly mark intentionally unverified/template-only status.
28_SUPPLIER_INGESTION/connectors/farnell/sample_output.example.json,UNEXPANDED_TEMPLATE_VARIABLE,HIGH,Replace placeholders with verified content or clearly mark intentionally unverified/template-only status.
28_SUPPLIER_INGESTION/connectors/future_electronics/FIELD_MAPPING.md,UNEXPANDED_TEMPLATE_VARIABLE,HIGH,Replace placeholders with verified content or clearly mark intentionally unverified/template-only status.
28_SUPPLIER_INGESTION/connectors/future_electronics/sample_output.example.json,UNEXPANDED_TEMPLATE_VARIABLE,HIGH,Replace placeholders with verified content or clearly mark intentionally unverified/template-only status.
28_SUPPLIER_INGESTION/connectors/jlcpcb/FIELD_MAPPING.md,UNEXPANDED_TEMPLATE_VARIABLE,HIGH,Replace placeholders with verified content or clearly mark intentionally unverified/template-only status.
28_SUPPLIER_INGESTION/connectors/jlcpcb/jlcpcb_connector.py,UNEXPANDED_TEMPLATE_VARIABLE,HIGH,Replace placeholders with verified content or clearly mark intentionally unverified/template-only status.
28_SUPPLIER_INGESTION/connectors/jlcpcb/sample_output.example.json,UNEXPANDED_TEMPLATE_VARIABLE,HIGH,Replace placeholders with verified content or clearly mark intentionally unverified/template-only status.
28_SUPPLIER_INGESTION/connectors/lcsc/FIELD_MAPPING.md,UNEXPANDED_TEMPLATE_VARIABLE,HIGH,Replace placeholders with verified content or clearly mark intentionally unverified/template-only status.
28_SUPPLIER_INGESTION/connectors/lcsc/lcsc_connector.py,UNEXPANDED_TEMPLATE_VARIABLE,HIGH,Replace placeholders with verified content or clearly mark intentionally unverified/template-only status.
28_SUPPLIER_INGESTION/connectors/lcsc/sample_output.example.json,UNEXPANDED_TEMPLATE_VARIABLE,HIGH,Replace placeholders with verified content or clearly mark intentionally unverified/template-only status.
28_SUPPLIER_INGESTION/connectors/manual_csv/FIELD_MAPPING.md,UNEXPANDED_TEMPLATE_VARIABLE,HIGH,Replace placeholders with verified content or clearly mark intentionally unverified/template-only status.
28_SUPPLIER_INGESTION/connectors/manual_csv/sample_output.example.json,UNEXPANDED_TEMPLATE_VARIABLE,HIGH,Replace placeholders with verified content or clearly mark intentionally unverified/template-only status.
28_SUPPLIER_INGESTION/connectors/mouser/FIELD_MAPPING.md,UNEXPANDED_TEMPLATE_VARIABLE,HIGH,Replace placeholders with verified content or clearly mark intentionally unverified/template-only status.
28_SUPPLIER_INGESTION/connectors/mouser/mouser_connector.py,UNEXPANDED_TEMPLATE_VARIABLE,HIGH,Replace placeholders with verified content or clearly mark intentionally unverified/template-only status.
28_SUPPLIER_INGESTION/connectors/mouser/sample_output.example.json,UNEXPANDED_TEMPLATE_VARIABLE,HIGH,Replace placeholders with verified content or clearly mark intentionally unverified/template-only status.
28_SUPPLIER_INGESTION/connectors/newark_element14/FIELD_MAPPING.md,UNEXPANDED_TEMPLATE_VARIABLE,HIGH,Replace placeholders with verified content or clearly mark intentionally unverified/template-only status.
28_SUPPLIER_INGESTION/connectors/newark_element14/sample_output.example.json,UNEXPANDED_TEMPLATE_VARIABLE,HIGH,Replace placeholders with verified content or clearly mark intentionally unverified/template-only status.
28_SUPPLIER_INGESTION/connectors/octopart/FIELD_MAPPING.md,UNEXPANDED_TEMPLATE_VARIABLE,HIGH,Replace placeholders with verified content or clearly mark intentionally unverified/template-only status.
28_SUPPLIER_INGESTION/connectors/octopart/sample_output.example.json,UNEXPANDED_TEMPLATE_VARIABLE,HIGH,Replace placeholders with verified content or clearly mark intentionally unverified/template-only status.
28_SUPPLIER_INGESTION/connectors/rs_components/FIELD_MAPPING.md,UNEXPANDED_TEMPLATE_VARIABLE,HIGH,Replace placeholders with verified content or clearly mark intentionally unverified/template-only status.
28_SUPPLIER_INGESTION/connectors/rs_components/sample_output.example.json,UNEXPANDED_TEMPLATE_VARIABLE,HIGH,Replace placeholders with verified content or clearly mark intentionally unverified/template-only status.
28_SUPPLIER_INGESTION/connectors/rutronik/FIELD_MAPPING.md,UNEXPANDED_TEMPLATE_VARIABLE,HIGH,Replace placeholders with verified content or clearly mark intentionally unverified/template-only status.
28_SUPPLIER_INGESTION/connectors/rutronik/sample_output.example.json,UNEXPANDED_TEMPLATE_VARIABLE,HIGH,Replace placeholders with verified content or clearly mark intentionally unverified/template-only status.
28_SUPPLIER_INGESTION/connectors/tme/FIELD_MAPPING.md,UNEXPANDED_TEMPLATE_VARIABLE,HIGH,Replace placeholders with verified content or clearly mark intentionally unverified/template-only status.
28_SUPPLIER_INGESTION/connectors/tme/sample_output.example.json,UNEXPANDED_TEMPLATE_VARIABLE,HIGH,Replace placeholders with verified content or clearly mark intentionally unverified/template-only status.
28_SUPPLIER_INGESTION/normalized/manual_csv/manual_supplier_csv_template.normalized.json,UNEXPANDED_TEMPLATE_VARIABLE,HIGH,Replace placeholders with verified content or clearly mark intentionally unverified/template-only status.
28_SUPPLIER_INGESTION/normalized/playwright_batch_expansion/batch_expansion_normalized_records.json,UNEXPANDED_TEMPLATE_VARIABLE,HIGH,Replace placeholders with verified content or clearly mark intentionally unverified/template-only status.
28_SUPPLIER_INGESTION/reports/SUPPLIER_GAP_REPORT.json,UNEXPANDED_TEMPLATE_VARIABLE,HIGH,Replace placeholders with verified content or clearly mark intentionally unverified/template-only status.
28_SUPPLIER_INGESTION/reports/SUPPLIER_INDEX.json,UNEXPANDED_TEMPLATE_VARIABLE,HIGH,Replace placeholders with verified content or clearly mark intentionally unverified/template-only status.
28_SUPPLIER_INGESTION/reports/SUPPLIER_TO_COMPONENT_DATABASE_MATCHES.json,UNEXPANDED_TEMPLATE_VARIABLE,HIGH,Replace placeholders with verified content or clearly mark intentionally unverified/template-only status.
28_SUPPLIER_INGESTION/reports/SUPPLIER_TO_KICAD_FOOTPRINT_CANDIDATES.json,UNEXPANDED_TEMPLATE_VARIABLE,HIGH,Replace placeholders with verified content or clearly mark intentionally unverified/template-only status.
28_SUPPLIER_INGESTION/scripts/build_supplier_index.py,UNEXPANDED_TEMPLATE_VARIABLE,HIGH,Replace placeholders with verified content or clearly mark intentionally unverified/template-only status.
28_SUPPLIER_INGESTION/scripts/create_supplier_gap_report.py,UNEXPANDED_TEMPLATE_VARIABLE,HIGH,Replace placeholders with verified content or clearly mark intentionally unverified/template-only status.
28_SUPPLIER_INGESTION/scripts/match_supplier_parts_to_component_database.py,UNEXPANDED_TEMPLATE_VARIABLE,HIGH,Replace placeholders with verified content or clearly mark intentionally unverified/template-only status.
28_SUPPLIER_INGESTION/scripts/match_supplier_parts_to_kicad_footprints.py,UNEXPANDED_TEMPLATE_VARIABLE,HIGH,Replace placeholders with verified content or clearly mark intentionally unverified/template-only status.
28_SUPPLIER_INGESTION/scripts/normalize_supplier_part.py,UNEXPANDED_TEMPLATE_VARIABLE,HIGH,Replace placeholders with verified content or clearly mark intentionally unverified/template-only status.
28_SUPPLIER_INGESTION/source_lists/supplier_source_list_template.csv,UNEXPANDED_TEMPLATE_VARIABLE,HIGH,Replace placeholders with verified content or clearly mark intentionally unverified/template-only status.
29_FOOTPRINT_GAP_ANALYSIS/GENERATED_INDEXES/component_db_to_footprint_matches.json,UNEXPANDED_TEMPLATE_VARIABLE,HIGH,Replace placeholders with verified content or clearly mark intentionally unverified/template-only status.
29_FOOTPRINT_GAP_ANALYSIS/GENERATED_INDEXES/footprint_creation_backlog.json,UNEXPANDED_TEMPLATE_VARIABLE,HIGH,Replace placeholders with verified content or clearly mark intentionally unverified/template-only status.
29_FOOTPRINT_GAP_ANALYSIS/reports/BATCH_MISSING_FOOTPRINT_BACKLOG.json,UNEXPANDED_TEMPLATE_VARIABLE,HIGH,Replace placeholders with verified content or clearly mark intentionally unverified/template-only status.
29_FOOTPRINT_GAP_ANALYSIS/scripts/create_missing_footprint_backlog.py,UNEXPANDED_TEMPLATE_VARIABLE,HIGH,Replace placeholders with verified content or clearly mark intentionally unverified/template-only status.
29_FOOTPRINT_GAP_ANALYSIS/scripts/match_component_db_to_footprints.py,UNEXPANDED_TEMPLATE_VARIABLE,HIGH,Replace placeholders with verified content or clearly mark intentionally unverified/template-only status.
30_SUPPLIER_FOOTPRINT_MATCHES/MATCH_SCHEMA.md,UNEXPANDED_TEMPLATE_VARIABLE,HIGH,Replace placeholders with verified content or clearly mark intentionally unverified/template-only status.
30_SUPPLIER_FOOTPRINT_MATCHES/matches/manual_source_link/BATCH_UNVERIFIED_MATCH_RECORDS.json,UNEXPANDED_TEMPLATE_VARIABLE,HIGH,Replace placeholders with verified content or clearly mark intentionally unverified/template-only status.
30_SUPPLIER_FOOTPRINT_MATCHES/matches/manual_verified/EXAMPLE_ONLY_MANUAL_VERIFIED_ALPHA_AND_OMEGA_SEMICONDUCTOR_AO3401A.json,UNEXPANDED_TEMPLATE_VARIABLE,HIGH,Replace placeholders with verified content or clearly mark intentionally unverified/template-only status.
30_SUPPLIER_FOOTPRINT_MATCHES/matches/manual_verified/EXAMPLE_ONLY_MANUAL_VERIFIED_DIODES_INCORPORATED_AP63203.json,UNEXPANDED_TEMPLATE_VARIABLE,HIGH,Replace placeholders with verified content or clearly mark intentionally unverified/template-only status.
30_SUPPLIER_FOOTPRINT_MATCHES/matches/manual_verified/EXAMPLE_ONLY_MANUAL_VERIFIED_ESPRESSIF_ESP32_S3_WROOM_1.json,UNEXPANDED_TEMPLATE_VARIABLE,HIGH,Replace placeholders with verified content or clearly mark intentionally unverified/template-only status.
30_SUPPLIER_FOOTPRINT_MATCHES/matches/manual_verified/EXAMPLE_ONLY_MANUAL_VERIFIED_GENERIC_USB_C_16_PIN_RECEPTACLE_GENERIC.json,UNEXPANDED_TEMPLATE_VARIABLE,HIGH,Replace placeholders with verified content or clearly mark intentionally unverified/template-only status.
30_SUPPLIER_FOOTPRINT_MATCHES/matches/manual_verified/EXAMPLE_ONLY_MANUAL_VERIFIED_STMICROELECTRONICS_STM32F103C8T6.json,UNEXPANDED_TEMPLATE_VARIABLE,HIGH,Replace placeholders with verified content or clearly mark intentionally unverified/template-only status.
30_SUPPLIER_FOOTPRINT_MATCHES/matches/manual_verified/EXAMPLE_ONLY_MANUAL_VERIFIED_TEXAS_INSTRUMENTS_TPD2EUSB30ADRTR.json,UNEXPANDED_TEMPLATE_VARIABLE,HIGH,Replace placeholders with verified content or clearly mark intentionally unverified/template-only status.
30_SUPPLIER_FOOTPRINT_MATCHES/scripts/create_match_record.py,UNEXPANDED_TEMPLATE_VARIABLE,HIGH,Replace placeholders with verified content or clearly mark intentionally unverified/template-only status.
30_SUPPLIER_FOOTPRINT_MATCHES/scripts/report_unmatched_supplier_parts.py,UNEXPANDED_TEMPLATE_VARIABLE,HIGH,Replace placeholders with verified content or clearly mark intentionally unverified/template-only status.
31_PLAYWRIGHT_RESEARCH_PIPELINE/DATASHEET_LINK_CAPTURE_SCHEMA.md,UNEXPANDED_TEMPLATE_VARIABLE,HIGH,Replace placeholders with verified content or clearly mark intentionally unverified/template-only status.
31_PLAYWRIGHT_RESEARCH_PIPELINE/DATA_CAPTURE_SCHEMA.md,UNEXPANDED_TEMPLATE_VARIABLE,HIGH,Replace placeholders with verified content or clearly mark intentionally unverified/template-only status.
31_PLAYWRIGHT_RESEARCH_PIPELINE/FOOTPRINT_CAPTURE_SCHEMA.md,UNEXPANDED_TEMPLATE_VARIABLE,HIGH,Replace placeholders with verified content or clearly mark intentionally unverified/template-only status.
31_PLAYWRIGHT_RESEARCH_PIPELINE/INDEX.md,UNEXPANDED_TEMPLATE_VARIABLE,HIGH,Replace placeholders with verified content or clearly mark intentionally unverified/template-only status.
31_PLAYWRIGHT_RESEARCH_PIPELINE/PART_NUMBER_CAPTURE_SCHEMA.md,UNEXPANDED_TEMPLATE_VARIABLE,HIGH,Replace placeholders with verified content or clearly mark intentionally unverified/template-only status.
31_PLAYWRIGHT_RESEARCH_PIPELINE/evidence/source_stub_example/source_evidence.json,UNEXPANDED_TEMPLATE_VARIABLE,HIGH,Replace placeholders with verified content or clearly mark intentionally unverified/template-only status.
31_PLAYWRIGHT_RESEARCH_PIPELINE/output/20260503_121150_pilot/captured_source_links.json,UNEXPANDED_TEMPLATE_VARIABLE,HIGH,Replace placeholders with verified content or clearly mark intentionally unverified/template-only status.
31_PLAYWRIGHT_RESEARCH_PIPELINE/output/20260503_121150_pilot/normalized_pilot_records.json,UNEXPANDED_TEMPLATE_VARIABLE,HIGH,Replace placeholders with verified content or clearly mark intentionally unverified/template-only status.
31_PLAYWRIGHT_RESEARCH_PIPELINE/output/20260503_121150_pilot/research_plan.json,UNEXPANDED_TEMPLATE_VARIABLE,HIGH,Replace placeholders with verified content or clearly mark intentionally unverified/template-only status.
31_PLAYWRIGHT_RESEARCH_PIPELINE/output/20260503_122259_batch_expansion/batch_001_esp32/normalized_records.json,UNEXPANDED_TEMPLATE_VARIABLE,HIGH,Replace placeholders with verified content or clearly mark intentionally unverified/template-only status.
31_PLAYWRIGHT_RESEARCH_PIPELINE/output/20260503_122259_batch_expansion/batch_001_esp32/research_plan.json,UNEXPANDED_TEMPLATE_VARIABLE,HIGH,Replace placeholders with verified content or clearly mark intentionally unverified/template-only status.
31_PLAYWRIGHT_RESEARCH_PIPELINE/output/20260503_122259_batch_expansion/batch_002_stm32/normalized_records.json,UNEXPANDED_TEMPLATE_VARIABLE,HIGH,Replace placeholders with verified content or clearly mark intentionally unverified/template-only status.
31_PLAYWRIGHT_RESEARCH_PIPELINE/output/20260503_122259_batch_expansion/batch_002_stm32/research_plan.json,UNEXPANDED_TEMPLATE_VARIABLE,HIGH,Replace placeholders with verified content or clearly mark intentionally unverified/template-only status.
31_PLAYWRIGHT_RESEARCH_PIPELINE/output/20260503_122259_batch_expansion/batch_003_pic_avr/normalized_records.json,UNEXPANDED_TEMPLATE_VARIABLE,HIGH,Replace placeholders with verified content or clearly mark intentionally unverified/template-only status.
31_PLAYWRIGHT_RESEARCH_PIPELINE/output/20260503_122259_batch_expansion/batch_003_pic_avr/research_plan.json,UNEXPANDED_TEMPLATE_VARIABLE,HIGH,Replace placeholders with verified content or clearly mark intentionally unverified/template-only status.
31_PLAYWRIGHT_RESEARCH_PIPELINE/output/20260503_122259_batch_expansion/batch_004_usb_c_connectors/normalized_records.json,UNEXPANDED_TEMPLATE_VARIABLE,HIGH,Replace placeholders with verified content or clearly mark intentionally unverified/template-only status.
31_PLAYWRIGHT_RESEARCH_PIPELINE/output/20260503_122259_batch_expansion/batch_004_usb_c_connectors/research_plan.json,UNEXPANDED_TEMPLATE_VARIABLE,HIGH,Replace placeholders with verified content or clearly mark intentionally unverified/template-only status.
31_PLAYWRIGHT_RESEARCH_PIPELINE/output/20260503_122259_batch_expansion/batch_005_can/normalized_records.json,UNEXPANDED_TEMPLATE_VARIABLE,HIGH,Replace placeholders with verified content or clearly mark intentionally unverified/template-only status.
31_PLAYWRIGHT_RESEARCH_PIPELINE/output/20260503_122259_batch_expansion/batch_005_can/research_plan.json,UNEXPANDED_TEMPLATE_VARIABLE,HIGH,Replace placeholders with verified content or clearly mark intentionally unverified/template-only status.
31_PLAYWRIGHT_RESEARCH_PIPELINE/output/20260503_122259_batch_expansion/batch_006_power/normalized_records.json,UNEXPANDED_TEMPLATE_VARIABLE,HIGH,Replace placeholders with verified content or clearly mark intentionally unverified/template-only status.
31_PLAYWRIGHT_RESEARCH_PIPELINE/output/20260503_122259_batch_expansion/batch_006_power/research_plan.json,UNEXPANDED_TEMPLATE_VARIABLE,HIGH,Replace placeholders with verified content or clearly mark intentionally unverified/template-only status.
31_PLAYWRIGHT_RESEARCH_PIPELINE/output/20260503_122259_batch_expansion/batch_007_rf_connectors/normalized_records.json,UNEXPANDED_TEMPLATE_VARIABLE,HIGH,Replace placeholders with verified content or clearly mark intentionally unverified/template-only status.
31_PLAYWRIGHT_RESEARCH_PIPELINE/output/20260503_122259_batch_expansion/batch_007_rf_connectors/research_plan.json,UNEXPANDED_TEMPLATE_VARIABLE,HIGH,Replace placeholders with verified content or clearly mark intentionally unverified/template-only status.
31_PLAYWRIGHT_RESEARCH_PIPELINE/output/20260503_122259_batch_expansion/batch_expansion_all_normalized_records.json,UNEXPANDED_TEMPLATE_VARIABLE,HIGH,Replace placeholders with verified content or clearly mark intentionally unverified/template-only status.
31_PLAYWRIGHT_RESEARCH_PIPELINE/output/20260503_122259_batch_expansion/batch_expansion_source_links.csv,UNEXPANDED_TEMPLATE_VARIABLE,HIGH,Replace placeholders with verified content or clearly mark intentionally unverified/template-only status.
31_PLAYWRIGHT_RESEARCH_PIPELINE/output/pilot_dry_run/research_plan.json,UNEXPANDED_TEMPLATE_VARIABLE,HIGH,Replace placeholders with verified content or clearly mark intentionally unverified/template-only status.
31_PLAYWRIGHT_RESEARCH_PIPELINE/research_targets/batch_001_esp32_targets.csv,UNEXPANDED_TEMPLATE_VARIABLE,HIGH,Replace placeholders with verified content or clearly mark intentionally unverified/template-only status.
31_PLAYWRIGHT_RESEARCH_PIPELINE/research_targets/batch_002_stm32_targets.csv,UNEXPANDED_TEMPLATE_VARIABLE,HIGH,Replace placeholders with verified content or clearly mark intentionally unverified/template-only status.
31_PLAYWRIGHT_RESEARCH_PIPELINE/research_targets/batch_003_pic_avr_targets.csv,UNEXPANDED_TEMPLATE_VARIABLE,HIGH,Replace placeholders with verified content or clearly mark intentionally unverified/template-only status.
31_PLAYWRIGHT_RESEARCH_PIPELINE/research_targets/batch_004_usb_c_connectors_targets.csv,UNEXPANDED_TEMPLATE_VARIABLE,HIGH,Replace placeholders with verified content or clearly mark intentionally unverified/template-only status.
31_PLAYWRIGHT_RESEARCH_PIPELINE/research_targets/batch_005_can_targets.csv,UNEXPANDED_TEMPLATE_VARIABLE,HIGH,Replace placeholders with verified content or clearly mark intentionally unverified/template-only status.
31_PLAYWRIGHT_RESEARCH_PIPELINE/research_targets/batch_006_power_targets.csv,UNEXPANDED_TEMPLATE_VARIABLE,HIGH,Replace placeholders with verified content or clearly mark intentionally unverified/template-only status.
31_PLAYWRIGHT_RESEARCH_PIPELINE/research_targets/batch_007_rf_connectors_targets.csv,UNEXPANDED_TEMPLATE_VARIABLE,HIGH,Replace placeholders with verified content or clearly mark intentionally unverified/template-only status.
31_PLAYWRIGHT_RESEARCH_PIPELINE/research_targets/communication_targets.csv,UNEXPANDED_TEMPLATE_VARIABLE,HIGH,Replace placeholders with verified content or clearly mark intentionally unverified/template-only status.
31_PLAYWRIGHT_RESEARCH_PIPELINE/research_targets/connector_targets.csv,UNEXPANDED_TEMPLATE_VARIABLE,HIGH,Replace placeholders with verified content or clearly mark intentionally unverified/template-only status.
31_PLAYWRIGHT_RESEARCH_PIPELINE/research_targets/esp32_targets.csv,UNEXPANDED_TEMPLATE_VARIABLE,HIGH,Replace placeholders with verified content or clearly mark intentionally unverified/template-only status.
31_PLAYWRIGHT_RESEARCH_PIPELINE/research_targets/pic_avr_targets.csv,UNEXPANDED_TEMPLATE_VARIABLE,HIGH,Replace placeholders with verified content or clearly mark intentionally unverified/template-only status.
31_PLAYWRIGHT_RESEARCH_PIPELINE/research_targets/pilot_live_targets.csv,UNEXPANDED_TEMPLATE_VARIABLE,HIGH,Replace placeholders with verified content or clearly mark intentionally unverified/template-only status.
31_PLAYWRIGHT_RESEARCH_PIPELINE/research_targets/power_targets.csv,UNEXPANDED_TEMPLATE_VARIABLE,HIGH,Replace placeholders with verified content or clearly mark intentionally unverified/template-only status.
31_PLAYWRIGHT_RESEARCH_PIPELINE/research_targets/protection_targets.csv,UNEXPANDED_TEMPLATE_VARIABLE,HIGH,Replace placeholders with verified content or clearly mark intentionally unverified/template-only status.
31_PLAYWRIGHT_RESEARCH_PIPELINE/research_targets/stm32_targets.csv,UNEXPANDED_TEMPLATE_VARIABLE,HIGH,Replace placeholders with verified content or clearly mark intentionally unverified/template-only status.
31_PLAYWRIGHT_RESEARCH_PIPELINE/research_targets/supplier_part_targets.csv,UNEXPANDED_TEMPLATE_VARIABLE,HIGH,Replace placeholders with verified content or clearly mark intentionally unverified/template-only status.
31_PLAYWRIGHT_RESEARCH_PIPELINE/scripts/capture_source_evidence.js,UNEXPANDED_TEMPLATE_VARIABLE,HIGH,Replace placeholders with verified content or clearly mark intentionally unverified/template-only status.
31_PLAYWRIGHT_RESEARCH_PIPELINE/scripts/dry_run_research_plan.js,UNEXPANDED_TEMPLATE_VARIABLE,HIGH,Replace placeholders with verified content or clearly mark intentionally unverified/template-only status.
31_PLAYWRIGHT_RESEARCH_PIPELINE/scripts/extract_part_metadata.js,UNEXPANDED_TEMPLATE_VARIABLE,HIGH,Replace placeholders with verified content or clearly mark intentionally unverified/template-only status.
31_PLAYWRIGHT_RESEARCH_PIPELINE/scripts/normalize_research_output.js,UNEXPANDED_TEMPLATE_VARIABLE,HIGH,Replace placeholders with verified content or clearly mark intentionally unverified/template-only status.
AGENTS.md,UNEXPANDED_TEMPLATE_VARIABLE,HIGH,Replace placeholders with verified content or clearly mark intentionally unverified/template-only status.
FOR CHAT GPT.MD,UNEXPANDED_TEMPLATE_VARIABLE,HIGH,Replace placeholders with verified content or clearly mark intentionally unverified/template-only status.
README_GPT.md,UNEXPANDED_TEMPLATE_VARIABLE,HIGH,Replace placeholders with verified content or clearly mark intentionally unverified/template-only status.
installer/build/windows/win-unpacked/resources/payload/manifests/payload.manifest.json,UNEXPANDED_TEMPLATE_VARIABLE,HIGH,Replace placeholders with verified content or clearly mark intentionally unverified/template-only status.
installer/build/windows/win-unpacked/resources/payload/repo-template/.codex/prompts/CREATE_REAL_KICAD_PROJECT_FROM_REQUIREMENTS.md,UNEXPANDED_TEMPLATE_VARIABLE,HIGH,Replace placeholders with verified content or clearly mark intentionally unverified/template-only status.
installer/build/windows/win-unpacked/resources/payload/repo-template/.codex/prompts/NEW_KICAD_PROJECT.md,UNEXPANDED_TEMPLATE_VARIABLE,HIGH,Replace placeholders with verified content or clearly mark intentionally unverified/template-only status.
installer/build/windows/win-unpacked/resources/payload/repo-template/.prompts/README.md,UNEXPANDED_TEMPLATE_VARIABLE,HIGH,Replace placeholders with verified content or clearly mark intentionally unverified/template-only status.
installer/build/windows/win-unpacked/resources/payload/repo-template/.prompts/codex/02_CREATE_NEW_PROJECT_WORKSPACE.md,UNEXPANDED_TEMPLATE_VARIABLE,HIGH,Replace placeholders with verified content or clearly mark intentionally unverified/template-only status.
installer/build/windows/win-unpacked/resources/payload/repo-template/.prompts/codex/03_RESEARCH_COMPONENT.md,UNEXPANDED_TEMPLATE_VARIABLE,HIGH,Replace placeholders with verified content or clearly mark intentionally unverified/template-only status.
installer/build/windows/win-unpacked/resources/payload/repo-template/.prompts/codex/04_ADD_COMPONENT_TO_DATABASE.md,UNEXPANDED_TEMPLATE_VARIABLE,HIGH,Replace placeholders with verified content or clearly mark intentionally unverified/template-only status.
installer/build/windows/win-unpacked/resources/payload/repo-template/.prompts/codex/05_PLAN_SCHEMATIC.md,UNEXPANDED_TEMPLATE_VARIABLE,HIGH,Replace placeholders with verified content or clearly mark intentionally unverified/template-only status.
installer/build/windows/win-unpacked/resources/payload/repo-template/.vscode/tasks.json,UNEXPANDED_TEMPLATE_VARIABLE,HIGH,Replace placeholders with verified content or clearly mark intentionally unverified/template-only status.
installer/build/windows/win-unpacked/resources/payload/repo-template/00_CODEX_START/HISTORY_INDEX.md,UNEXPANDED_TEMPLATE_VARIABLE,HIGH,Replace placeholders with verified content or clearly mark intentionally unverified/template-only status.
installer/build/windows/win-unpacked/resources/payload/repo-template/00_CODEX_START/MEMORY_INDEX.md,UNEXPANDED_TEMPLATE_VARIABLE,HIGH,Replace placeholders with verified content or clearly mark intentionally unverified/template-only status.
installer/build/windows/win-unpacked/resources/payload/repo-template/00_CODEX_START/SESSION_START_CHECKLIST.md,UNEXPANDED_TEMPLATE_VARIABLE,HIGH,Replace placeholders with verified content or clearly mark intentionally unverified/template-only status.
installer/build/windows/win-unpacked/resources/payload/repo-template/00_CODEX_START/WORKFLOW_RULES.md,UNEXPANDED_TEMPLATE_VARIABLE,HIGH,Replace placeholders with verified content or clearly mark intentionally unverified/template-only status.
installer/build/windows/win-unpacked/resources/payload/repo-template/01_MEMORY/projects/README.md,UNEXPANDED_TEMPLATE_VARIABLE,HIGH,Replace placeholders with verified content or clearly mark intentionally unverified/template-only status.
installer/build/windows/win-unpacked/resources/payload/repo-template/03_TOOLS/linux/scripts/check_linux_kicad_env.sh,UNEXPANDED_TEMPLATE_VARIABLE,HIGH,Replace placeholders with verified content or clearly mark intentionally unverified/template-only status.
installer/build/windows/win-unpacked/resources/payload/repo-template/03_TOOLS/scripts/datasheets/build_datasheet_index.py,UNEXPANDED_TEMPLATE_VARIABLE,HIGH,Replace placeholders with verified content or clearly mark intentionally unverified/template-only status.
installer/build/windows/win-unpacked/resources/payload/repo-template/03_TOOLS/scripts/datasheets/create_missing_datasheet_report.py,UNEXPANDED_TEMPLATE_VARIABLE,HIGH,Replace placeholders with verified content or clearly mark intentionally unverified/template-only status.
installer/build/windows/win-unpacked/resources/payload/repo-template/03_TOOLS/scripts/datasheets/generate_component_summary_stub.py,UNEXPANDED_TEMPLATE_VARIABLE,HIGH,Replace placeholders with verified content or clearly mark intentionally unverified/template-only status.
installer/build/windows/win-unpacked/resources/payload/repo-template/03_TOOLS/scripts/datasheets/validate_datasheet_links.py,UNEXPANDED_TEMPLATE_VARIABLE,HIGH,Replace placeholders with verified content or clearly mark intentionally unverified/template-only status.
installer/build/windows/win-unpacked/resources/payload/repo-template/03_TOOLS/scripts/kicad_engine_health_check.ps1,UNEXPANDED_TEMPLATE_VARIABLE,HIGH,Replace placeholders with verified content or clearly mark intentionally unverified/template-only status.
installer/build/windows/win-unpacked/resources/payload/repo-template/03_TOOLS/scripts/kicad_libraries/index_footprints.py,UNEXPANDED_TEMPLATE_VARIABLE,HIGH,Replace placeholders with verified content or clearly mark intentionally unverified/template-only status.
installer/build/windows/win-unpacked/resources/payload/repo-template/03_TOOLS/scripts/kicad_libraries/index_symbols.py,UNEXPANDED_TEMPLATE_VARIABLE,HIGH,Replace placeholders with verified content or clearly mark intentionally unverified/template-only status.
installer/build/windows/win-unpacked/resources/payload/repo-template/03_TOOLS/scripts/project_validation/validate_kicad_project.py,UNEXPANDED_TEMPLATE_VARIABLE,HIGH,Replace placeholders with verified content or clearly mark intentionally unverified/template-only status.
installer/build/windows/win-unpacked/resources/payload/repo-template/06_DATASHEETS/00_INDEX/DATASHEET_SUMMARY_TEMPLATE.md,UNEXPANDED_TEMPLATE_VARIABLE,HIGH,Replace placeholders with verified content or clearly mark intentionally unverified/template-only status.
installer/build/windows/win-unpacked/resources/payload/repo-template/06_DATASHEETS/00_INDEX/DEV_BOARD_RECORD_TEMPLATE.md,UNEXPANDED_TEMPLATE_VARIABLE,HIGH,Replace placeholders with verified content or clearly mark intentionally unverified/template-only status.
installer/build/windows/win-unpacked/resources/payload/repo-template/06_DATASHEETS/00_INDEX/METADATA_SCHEMA.md,UNEXPANDED_TEMPLATE_VARIABLE,HIGH,Replace placeholders with verified content or clearly mark intentionally unverified/template-only status.
installer/build/windows/win-unpacked/resources/payload/repo-template/06_DATASHEETS/00_INDEX/PART_RECORD_TEMPLATE.md,UNEXPANDED_TEMPLATE_VARIABLE,HIGH,Replace placeholders with verified content or clearly mark intentionally unverified/template-only status.
installer/build/windows/win-unpacked/resources/payload/repo-template/06_DATASHEETS/00_INDEX/README.md,UNEXPANDED_TEMPLATE_VARIABLE,HIGH,Replace placeholders with verified content or clearly mark intentionally unverified/template-only status.
installer/build/windows/win-unpacked/resources/payload/repo-template/06_DATASHEETS/00_INDEX/REFERENCE_DOCUMENT_TEMPLATE.md,UNEXPANDED_TEMPLATE_VARIABLE,HIGH,Replace placeholders with verified content or clearly mark intentionally unverified/template-only status.
installer/build/windows/win-unpacked/resources/payload/repo-template/06_DATASHEETS/00_INDEX/source_lists/connector_sources.csv,UNEXPANDED_TEMPLATE_VARIABLE,HIGH,Replace placeholders with verified content or clearly mark intentionally unverified/template-only status.
installer/build/windows/win-unpacked/resources/payload/repo-template/06_DATASHEETS/00_INDEX/source_lists/espressif_sources.csv,UNEXPANDED_TEMPLATE_VARIABLE,HIGH,Replace placeholders with verified content or clearly mark intentionally unverified/template-only status.
installer/build/windows/win-unpacked/resources/payload/repo-template/06_DATASHEETS/00_INDEX/source_lists/microchip_sources.csv,UNEXPANDED_TEMPLATE_VARIABLE,HIGH,Replace placeholders with verified content or clearly mark intentionally unverified/template-only status.
installer/build/windows/win-unpacked/resources/payload/repo-template/06_DATASHEETS/00_INDEX/source_lists/nordic_sources.csv,UNEXPANDED_TEMPLATE_VARIABLE,HIGH,Replace placeholders with verified content or clearly mark intentionally unverified/template-only status.
installer/build/windows/win-unpacked/resources/payload/repo-template/06_DATASHEETS/00_INDEX/source_lists/power_sources.csv,UNEXPANDED_TEMPLATE_VARIABLE,HIGH,Replace placeholders with verified content or clearly mark intentionally unverified/template-only status.
installer/build/windows/win-unpacked/resources/payload/repo-template/06_DATASHEETS/00_INDEX/source_lists/protection_sources.csv,UNEXPANDED_TEMPLATE_VARIABLE,HIGH,Replace placeholders with verified content or clearly mark intentionally unverified/template-only status.
installer/build/windows/win-unpacked/resources/payload/repo-template/06_DATASHEETS/00_INDEX/source_lists/raspberry_pi_sources.csv,UNEXPANDED_TEMPLATE_VARIABLE,HIGH,Replace placeholders with verified content or clearly mark intentionally unverified/template-only status.
installer/build/windows/win-unpacked/resources/payload/repo-template/06_DATASHEETS/00_INDEX/source_lists/stmicro_sources.csv,UNEXPANDED_TEMPLATE_VARIABLE,HIGH,Replace placeholders with verified content or clearly mark intentionally unverified/template-only status.
installer/build/windows/win-unpacked/resources/payload/repo-template/06_DATASHEETS/01_MICROCONTROLLERS/ATMEL_LEGACY/README.md,UNEXPANDED_TEMPLATE_VARIABLE,HIGH,Replace placeholders with verified content or clearly mark intentionally unverified/template-only status.
installer/build/windows/win-unpacked/resources/payload/repo-template/06_DATASHEETS/01_MICROCONTROLLERS/ESPRESSIF/ANTENNA_RF_REFERENCES/README.md,UNEXPANDED_TEMPLATE_VARIABLE,HIGH,Replace placeholders with verified content or clearly mark intentionally unverified/template-only status.
installer/build/windows/win-unpacked/resources/payload/repo-template/06_DATASHEETS/01_MICROCONTROLLERS/ESPRESSIF/DESIGN_GUIDES/README.md,UNEXPANDED_TEMPLATE_VARIABLE,HIGH,Replace placeholders with verified content or clearly mark intentionally unverified/template-only status.
installer/build/windows/win-unpacked/resources/payload/repo-template/06_DATASHEETS/01_MICROCONTROLLERS/ESPRESSIF/ERRATA/README.md,UNEXPANDED_TEMPLATE_VARIABLE,HIGH,Replace placeholders with verified content or clearly mark intentionally unverified/template-only status.
installer/build/windows/win-unpacked/resources/payload/repo-template/06_DATASHEETS/01_MICROCONTROLLERS/ESPRESSIF/ESP32/README.md,UNEXPANDED_TEMPLATE_VARIABLE,HIGH,Replace placeholders with verified content or clearly mark intentionally unverified/template-only status.
installer/build/windows/win-unpacked/resources/payload/repo-template/06_DATASHEETS/01_MICROCONTROLLERS/ESPRESSIF/ESP32_C2/README.md,UNEXPANDED_TEMPLATE_VARIABLE,HIGH,Replace placeholders with verified content or clearly mark intentionally unverified/template-only status.
installer/build/windows/win-unpacked/resources/payload/repo-template/06_DATASHEETS/01_MICROCONTROLLERS/ESPRESSIF/ESP32_C3/README.md,UNEXPANDED_TEMPLATE_VARIABLE,HIGH,Replace placeholders with verified content or clearly mark intentionally unverified/template-only status.
installer/build/windows/win-unpacked/resources/payload/repo-template/06_DATASHEETS/01_MICROCONTROLLERS/ESPRESSIF/ESP32_C5/README.md,UNEXPANDED_TEMPLATE_VARIABLE,HIGH,Replace placeholders with verified content or clearly mark intentionally unverified/template-only status.
installer/build/windows/win-unpacked/resources/payload/repo-template/06_DATASHEETS/01_MICROCONTROLLERS/ESPRESSIF/ESP32_C6/README.md,UNEXPANDED_TEMPLATE_VARIABLE,HIGH,Replace placeholders with verified content or clearly mark intentionally unverified/template-only status.
installer/build/windows/win-unpacked/resources/payload/repo-template/06_DATASHEETS/01_MICROCONTROLLERS/ESPRESSIF/ESP32_H2/README.md,UNEXPANDED_TEMPLATE_VARIABLE,HIGH,Replace placeholders with verified content or clearly mark intentionally unverified/template-only status.
installer/build/windows/win-unpacked/resources/payload/repo-template/06_DATASHEETS/01_MICROCONTROLLERS/ESPRESSIF/ESP32_P4/README.md,UNEXPANDED_TEMPLATE_VARIABLE,HIGH,Replace placeholders with verified content or clearly mark intentionally unverified/template-only status.
installer/build/windows/win-unpacked/resources/payload/repo-template/06_DATASHEETS/01_MICROCONTROLLERS/ESPRESSIF/ESP32_S2/README.md,UNEXPANDED_TEMPLATE_VARIABLE,HIGH,Replace placeholders with verified content or clearly mark intentionally unverified/template-only status.
installer/build/windows/win-unpacked/resources/payload/repo-template/06_DATASHEETS/01_MICROCONTROLLERS/ESPRESSIF/ESP32_S3/README.md,UNEXPANDED_TEMPLATE_VARIABLE,HIGH,Replace placeholders with verified content or clearly mark intentionally unverified/template-only status.
installer/build/windows/win-unpacked/resources/payload/repo-template/06_DATASHEETS/01_MICROCONTROLLERS/ESPRESSIF/ESP8266/README.md,UNEXPANDED_TEMPLATE_VARIABLE,HIGH,Replace placeholders with verified content or clearly mark intentionally unverified/template-only status.
installer/build/windows/win-unpacked/resources/payload/repo-template/06_DATASHEETS/01_MICROCONTROLLERS/ESPRESSIF/MODULES/README.md,UNEXPANDED_TEMPLATE_VARIABLE,HIGH,Replace placeholders with verified content or clearly mark intentionally unverified/template-only status.
installer/build/windows/win-unpacked/resources/payload/repo-template/06_DATASHEETS/01_MICROCONTROLLERS/GIGADEVICE/README.md,UNEXPANDED_TEMPLATE_VARIABLE,HIGH,Replace placeholders with verified content or clearly mark intentionally unverified/template-only status.
installer/build/windows/win-unpacked/resources/payload/repo-template/06_DATASHEETS/01_MICROCONTROLLERS/INFINEON/README.md,UNEXPANDED_TEMPLATE_VARIABLE,HIGH,Replace placeholders with verified content or clearly mark intentionally unverified/template-only status.
installer/build/windows/win-unpacked/resources/payload/repo-template/06_DATASHEETS/01_MICROCONTROLLERS/MICROCHIP_AVR/README.md,UNEXPANDED_TEMPLATE_VARIABLE,HIGH,Replace placeholders with verified content or clearly mark intentionally unverified/template-only status.
installer/build/windows/win-unpacked/resources/payload/repo-template/06_DATASHEETS/01_MICROCONTROLLERS/MICROCHIP_PIC/DESIGN_GUIDES/README.md,UNEXPANDED_TEMPLATE_VARIABLE,HIGH,Replace placeholders with verified content or clearly mark intentionally unverified/template-only status.
installer/build/windows/win-unpacked/resources/payload/repo-template/06_DATASHEETS/01_MICROCONTROLLERS/MICROCHIP_PIC/DEVELOPMENT_BOARDS/README.md,UNEXPANDED_TEMPLATE_VARIABLE,HIGH,Replace placeholders with verified content or clearly mark intentionally unverified/template-only status.
installer/build/windows/win-unpacked/resources/payload/repo-template/06_DATASHEETS/01_MICROCONTROLLERS/MICROCHIP_PIC/ERRATA/README.md,UNEXPANDED_TEMPLATE_VARIABLE,HIGH,Replace placeholders with verified content or clearly mark intentionally unverified/template-only status.
installer/build/windows/win-unpacked/resources/payload/repo-template/06_DATASHEETS/01_MICROCONTROLLERS/MICROCHIP_PIC/PIC10/README.md,UNEXPANDED_TEMPLATE_VARIABLE,HIGH,Replace placeholders with verified content or clearly mark intentionally unverified/template-only status.
installer/build/windows/win-unpacked/resources/payload/repo-template/06_DATASHEETS/01_MICROCONTROLLERS/MICROCHIP_PIC/PIC12/README.md,UNEXPANDED_TEMPLATE_VARIABLE,HIGH,Replace placeholders with verified content or clearly mark intentionally unverified/template-only status.
installer/build/windows/win-unpacked/resources/payload/repo-template/06_DATASHEETS/01_MICROCONTROLLERS/MICROCHIP_PIC/PIC16/README.md,UNEXPANDED_TEMPLATE_VARIABLE,HIGH,Replace placeholders with verified content or clearly mark intentionally unverified/template-only status.
installer/build/windows/win-unpacked/resources/payload/repo-template/06_DATASHEETS/01_MICROCONTROLLERS/MICROCHIP_PIC/PIC18/README.md,UNEXPANDED_TEMPLATE_VARIABLE,HIGH,Replace placeholders with verified content or clearly mark intentionally unverified/template-only status.
installer/build/windows/win-unpacked/resources/payload/repo-template/06_DATASHEETS/01_MICROCONTROLLERS/MICROCHIP_PIC/PIC24/README.md,UNEXPANDED_TEMPLATE_VARIABLE,HIGH,Replace placeholders with verified content or clearly mark intentionally unverified/template-only status.
installer/build/windows/win-unpacked/resources/payload/repo-template/06_DATASHEETS/01_MICROCONTROLLERS/MICROCHIP_PIC/PIC32/README.md,UNEXPANDED_TEMPLATE_VARIABLE,HIGH,Replace placeholders with verified content or clearly mark intentionally unverified/template-only status.
installer/build/windows/win-unpacked/resources/payload/repo-template/06_DATASHEETS/01_MICROCONTROLLERS/MICROCHIP_PIC/PROGRAMMING_DEBUG_PICKIT/README.md,UNEXPANDED_TEMPLATE_VARIABLE,HIGH,Replace placeholders with verified content or clearly mark intentionally unverified/template-only status.
installer/build/windows/win-unpacked/resources/payload/repo-template/06_DATASHEETS/01_MICROCONTROLLERS/MICROCHIP_PIC/dsPIC30/README.md,UNEXPANDED_TEMPLATE_VARIABLE,HIGH,Replace placeholders with verified content or clearly mark intentionally unverified/template-only status.
installer/build/windows/win-unpacked/resources/payload/repo-template/06_DATASHEETS/01_MICROCONTROLLERS/MICROCHIP_PIC/dsPIC33/README.md,UNEXPANDED_TEMPLATE_VARIABLE,HIGH,Replace placeholders with verified content or clearly mark intentionally unverified/template-only status.
installer/build/windows/win-unpacked/resources/payload/repo-template/06_DATASHEETS/01_MICROCONTROLLERS/NORDIC/README.md,UNEXPANDED_TEMPLATE_VARIABLE,HIGH,Replace placeholders with verified content or clearly mark intentionally unverified/template-only status.
installer/build/windows/win-unpacked/resources/payload/repo-template/06_DATASHEETS/01_MICROCONTROLLERS/NXP/README.md,UNEXPANDED_TEMPLATE_VARIABLE,HIGH,Replace placeholders with verified content or clearly mark intentionally unverified/template-only status.
installer/build/windows/win-unpacked/resources/payload/repo-template/06_DATASHEETS/01_MICROCONTROLLERS/OTHER/README.md,UNEXPANDED_TEMPLATE_VARIABLE,HIGH,Replace placeholders with verified content or clearly mark intentionally unverified/template-only status.
installer/build/windows/win-unpacked/resources/payload/repo-template/06_DATASHEETS/01_MICROCONTROLLERS/RASPBERRY_PI_RP2040_RP2350/README.md,UNEXPANDED_TEMPLATE_VARIABLE,HIGH,Replace placeholders with verified content or clearly mark intentionally unverified/template-only status.
installer/build/windows/win-unpacked/resources/payload/repo-template/06_DATASHEETS/01_MICROCONTROLLERS/README.md,UNEXPANDED_TEMPLATE_VARIABLE,HIGH,Replace placeholders with verified content or clearly mark intentionally unverified/template-only status.
installer/build/windows/win-unpacked/resources/payload/repo-template/06_DATASHEETS/01_MICROCONTROLLERS/RENESAS/README.md,UNEXPANDED_TEMPLATE_VARIABLE,HIGH,Replace placeholders with verified content or clearly mark intentionally unverified/template-only status.
installer/build/windows/win-unpacked/resources/payload/repo-template/06_DATASHEETS/01_MICROCONTROLLERS/SILABS/README.md,UNEXPANDED_TEMPLATE_VARIABLE,HIGH,Replace placeholders with verified content or clearly mark intentionally unverified/template-only status.
installer/build/windows/win-unpacked/resources/payload/repo-template/06_DATASHEETS/01_MICROCONTROLLERS/STMICRO_STM32/DESIGN_GUIDES/README.md,UNEXPANDED_TEMPLATE_VARIABLE,HIGH,Replace placeholders with verified content or clearly mark intentionally unverified/template-only status.
installer/build/windows/win-unpacked/resources/payload/repo-template/06_DATASHEETS/01_MICROCONTROLLERS/STMICRO_STM32/DISCOVERY_BOARDS/README.md,UNEXPANDED_TEMPLATE_VARIABLE,HIGH,Replace placeholders with verified content or clearly mark intentionally unverified/template-only status.
installer/build/windows/win-unpacked/resources/payload/repo-template/06_DATASHEETS/01_MICROCONTROLLERS/STMICRO_STM32/ERRATA/README.md,UNEXPANDED_TEMPLATE_VARIABLE,HIGH,Replace placeholders with verified content or clearly mark intentionally unverified/template-only status.
installer/build/windows/win-unpacked/resources/payload/repo-template/06_DATASHEETS/01_MICROCONTROLLERS/STMICRO_STM32/EVAL_BOARDS/README.md,UNEXPANDED_TEMPLATE_VARIABLE,HIGH,Replace placeholders with verified content or clearly mark intentionally unverified/template-only status.
installer/build/windows/win-unpacked/resources/payload/repo-template/06_DATASHEETS/01_MICROCONTROLLERS/STMICRO_STM32/NUCLEO_BOARDS/README.md,UNEXPANDED_TEMPLATE_VARIABLE,HIGH,Replace placeholders with verified content or clearly mark intentionally unverified/template-only status.
installer/build/windows/win-unpacked/resources/payload/repo-template/06_DATASHEETS/01_MICROCONTROLLERS/STMICRO_STM32/PROGRAMMING_DEBUG_STLINK/README.md,UNEXPANDED_TEMPLATE_VARIABLE,HIGH,Replace placeholders with verified content or clearly mark intentionally unverified/template-only status.
installer/build/windows/win-unpacked/resources/payload/repo-template/06_DATASHEETS/01_MICROCONTROLLERS/STMICRO_STM32/STM32F0/README.md,UNEXPANDED_TEMPLATE_VARIABLE,HIGH,Replace placeholders with verified content or clearly mark intentionally unverified/template-only status.
installer/build/windows/win-unpacked/resources/payload/repo-template/06_DATASHEETS/01_MICROCONTROLLERS/STMICRO_STM32/STM32F1/README.md,UNEXPANDED_TEMPLATE_VARIABLE,HIGH,Replace placeholders with verified content or clearly mark intentionally unverified/template-only status.
installer/build/windows/win-unpacked/resources/payload/repo-template/06_DATASHEETS/01_MICROCONTROLLERS/STMICRO_STM32/STM32F2/README.md,UNEXPANDED_TEMPLATE_VARIABLE,HIGH,Replace placeholders with verified content or clearly mark intentionally unverified/template-only status.
installer/build/windows/win-unpacked/resources/payload/repo-template/06_DATASHEETS/01_MICROCONTROLLERS/STMICRO_STM32/STM32F3/README.md,UNEXPANDED_TEMPLATE_VARIABLE,HIGH,Replace placeholders with verified content or clearly mark intentionally unverified/template-only status.
installer/build/windows/win-unpacked/resources/payload/repo-template/06_DATASHEETS/01_MICROCONTROLLERS/STMICRO_STM32/STM32F4/README.md,UNEXPANDED_TEMPLATE_VARIABLE,HIGH,Replace placeholders with verified content or clearly mark intentionally unverified/template-only status.
installer/build/windows/win-unpacked/resources/payload/repo-template/06_DATASHEETS/01_MICROCONTROLLERS/STMICRO_STM32/STM32F7/README.md,UNEXPANDED_TEMPLATE_VARIABLE,HIGH,Replace placeholders with verified content or clearly mark intentionally unverified/template-only status.
installer/build/windows/win-unpacked/resources/payload/repo-template/06_DATASHEETS/01_MICROCONTROLLERS/STMICRO_STM32/STM32G0/README.md,UNEXPANDED_TEMPLATE_VARIABLE,HIGH,Replace placeholders with verified content or clearly mark intentionally unverified/template-only status.
installer/build/windows/win-unpacked/resources/payload/repo-template/06_DATASHEETS/01_MICROCONTROLLERS/STMICRO_STM32/STM32G4/README.md,UNEXPANDED_TEMPLATE_VARIABLE,HIGH,Replace placeholders with verified content or clearly mark intentionally unverified/template-only status.
installer/build/windows/win-unpacked/resources/payload/repo-template/06_DATASHEETS/01_MICROCONTROLLERS/STMICRO_STM32/STM32H5/README.md,UNEXPANDED_TEMPLATE_VARIABLE,HIGH,Replace placeholders with verified content or clearly mark intentionally unverified/template-only status.
installer/build/windows/win-unpacked/resources/payload/repo-template/06_DATASHEETS/01_MICROCONTROLLERS/STMICRO_STM32/STM32H7/README.md,UNEXPANDED_TEMPLATE_VARIABLE,HIGH,Replace placeholders with verified content or clearly mark intentionally unverified/template-only status.
installer/build/windows/win-unpacked/resources/payload/repo-template/06_DATASHEETS/01_MICROCONTROLLERS/STMICRO_STM32/STM32L0/README.md,UNEXPANDED_TEMPLATE_VARIABLE,HIGH,Replace placeholders with verified content or clearly mark intentionally unverified/template-only status.
installer/build/windows/win-unpacked/resources/payload/repo-template/06_DATASHEETS/01_MICROCONTROLLERS/STMICRO_STM32/STM32L1/README.md,UNEXPANDED_TEMPLATE_VARIABLE,HIGH,Replace placeholders with verified content or clearly mark intentionally unverified/template-only status.
installer/build/windows/win-unpacked/resources/payload/repo-template/06_DATASHEETS/01_MICROCONTROLLERS/STMICRO_STM32/STM32L4/README.md,UNEXPANDED_TEMPLATE_VARIABLE,HIGH,Replace placeholders with verified content or clearly mark intentionally unverified/template-only status.
installer/build/windows/win-unpacked/resources/payload/repo-template/06_DATASHEETS/01_MICROCONTROLLERS/STMICRO_STM32/STM32L5/README.md,UNEXPANDED_TEMPLATE_VARIABLE,HIGH,Replace placeholders with verified content or clearly mark intentionally unverified/template-only status.
installer/build/windows/win-unpacked/resources/payload/repo-template/06_DATASHEETS/01_MICROCONTROLLERS/STMICRO_STM32/STM32MP/README.md,UNEXPANDED_TEMPLATE_VARIABLE,HIGH,Replace placeholders with verified content or clearly mark intentionally unverified/template-only status.
installer/build/windows/win-unpacked/resources/payload/repo-template/06_DATASHEETS/01_MICROCONTROLLERS/STMICRO_STM32/STM32U0/README.md,UNEXPANDED_TEMPLATE_VARIABLE,HIGH,Replace placeholders with verified content or clearly mark intentionally unverified/template-only status.
installer/build/windows/win-unpacked/resources/payload/repo-template/06_DATASHEETS/01_MICROCONTROLLERS/STMICRO_STM32/STM32U5/README.md,UNEXPANDED_TEMPLATE_VARIABLE,HIGH,Replace placeholders with verified content or clearly mark intentionally unverified/template-only status.
installer/build/windows/win-unpacked/resources/payload/repo-template/06_DATASHEETS/01_MICROCONTROLLERS/STMICRO_STM32/STM32WB/README.md,UNEXPANDED_TEMPLATE_VARIABLE,HIGH,Replace placeholders with verified content or clearly mark intentionally unverified/template-only status.
installer/build/windows/win-unpacked/resources/payload/repo-template/06_DATASHEETS/01_MICROCONTROLLERS/STMICRO_STM32/STM32WL/README.md,UNEXPANDED_TEMPLATE_VARIABLE,HIGH,Replace placeholders with verified content or clearly mark intentionally unverified/template-only status.
installer/build/windows/win-unpacked/resources/payload/repo-template/06_DATASHEETS/01_MICROCONTROLLERS/TI/README.md,UNEXPANDED_TEMPLATE_VARIABLE,HIGH,Replace placeholders with verified content or clearly mark intentionally unverified/template-only status.
installer/build/windows/win-unpacked/resources/payload/repo-template/06_DATASHEETS/01_MICROCONTROLLERS/WCH/README.md,UNEXPANDED_TEMPLATE_VARIABLE,HIGH,Replace placeholders with verified content or clearly mark intentionally unverified/template-only status.
installer/build/windows/win-unpacked/resources/payload/repo-template/06_DATASHEETS/02_DEV_BOARDS_AND_MODULES/README.md,UNEXPANDED_TEMPLATE_VARIABLE,HIGH,Replace placeholders with verified content or clearly mark intentionally unverified/template-only status.
installer/build/windows/win-unpacked/resources/payload/repo-template/06_DATASHEETS/03_POWER/README.md,UNEXPANDED_TEMPLATE_VARIABLE,HIGH,Replace placeholders with verified content or clearly mark intentionally unverified/template-only status.
installer/build/windows/win-unpacked/resources/payload/repo-template/06_DATASHEETS/04_COMMUNICATION/README.md,UNEXPANDED_TEMPLATE_VARIABLE,HIGH,Replace placeholders with verified content or clearly mark intentionally unverified/template-only status.
installer/build/windows/win-unpacked/resources/payload/repo-template/06_DATASHEETS/05_CONNECTORS/README.md,UNEXPANDED_TEMPLATE_VARIABLE,HIGH,Replace placeholders with verified content or clearly mark intentionally unverified/template-only status.
installer/build/windows/win-unpacked/resources/payload/repo-template/06_DATASHEETS/06_PROTECTION/README.md,UNEXPANDED_TEMPLATE_VARIABLE,HIGH,Replace placeholders with verified content or clearly mark intentionally unverified/template-only status.
installer/build/windows/win-unpacked/resources/payload/repo-template/06_DATASHEETS/07_SENSORS/README.md,UNEXPANDED_TEMPLATE_VARIABLE,HIGH,Replace placeholders with verified content or clearly mark intentionally unverified/template-only status.
installer/build/windows/win-unpacked/resources/payload/repo-template/06_DATASHEETS/08_ANALOG/README.md,UNEXPANDED_TEMPLATE_VARIABLE,HIGH,Replace placeholders with verified content or clearly mark intentionally unverified/template-only status.
installer/build/windows/win-unpacked/resources/payload/repo-template/06_DATASHEETS/09_DRIVERS/README.md,UNEXPANDED_TEMPLATE_VARIABLE,HIGH,Replace placeholders with verified content or clearly mark intentionally unverified/template-only status.
installer/build/windows/win-unpacked/resources/payload/repo-template/06_DATASHEETS/10_DISPLAYS/README.md,UNEXPANDED_TEMPLATE_VARIABLE,HIGH,Replace placeholders with verified content or clearly mark intentionally unverified/template-only status.
installer/build/windows/win-unpacked/resources/payload/repo-template/06_DATASHEETS/11_PASSIVES/README.md,UNEXPANDED_TEMPLATE_VARIABLE,HIGH,Replace placeholders with verified content or clearly mark intentionally unverified/template-only status.
installer/build/windows/win-unpacked/resources/payload/repo-template/06_DATASHEETS/12_RF_AND_ANTENNAS/README.md,UNEXPANDED_TEMPLATE_VARIABLE,HIGH,Replace placeholders with verified content or clearly mark intentionally unverified/template-only status.
installer/build/windows/win-unpacked/resources/payload/repo-template/06_DATASHEETS/13_MEMORY_STORAGE/README.md,UNEXPANDED_TEMPLATE_VARIABLE,HIGH,Replace placeholders with verified content or clearly mark intentionally unverified/template-only status.
installer/build/windows/win-unpacked/resources/payload/repo-template/06_DATASHEETS/14_CLOCKS_TIMING/README.md,UNEXPANDED_TEMPLATE_VARIABLE,HIGH,Replace placeholders with verified content or clearly mark intentionally unverified/template-only status.
installer/build/windows/win-unpacked/resources/payload/repo-template/06_DATASHEETS/15_SWITCHES_BUTTONS_RELAYS/README.md,UNEXPANDED_TEMPLATE_VARIABLE,HIGH,Replace placeholders with verified content or clearly mark intentionally unverified/template-only status.
installer/build/windows/win-unpacked/resources/payload/repo-template/06_DATASHEETS/16_FAB_ASSEMBLY_REFERENCES/README.md,UNEXPANDED_TEMPLATE_VARIABLE,HIGH,Replace placeholders with verified content or clearly mark intentionally unverified/template-only status.
installer/build/windows/win-unpacked/resources/payload/repo-template/06_DATASHEETS/17_APPLICATION_NOTES/README.md,UNEXPANDED_TEMPLATE_VARIABLE,HIGH,Replace placeholders with verified content or clearly mark intentionally unverified/template-only status.
installer/build/windows/win-unpacked/resources/payload/repo-template/06_DATASHEETS/18_REFERENCE_DESIGNS/README.md,UNEXPANDED_TEMPLATE_VARIABLE,HIGH,Replace placeholders with verified content or clearly mark intentionally unverified/template-only status.
installer/build/windows/win-unpacked/resources/payload/repo-template/06_DATASHEETS/19_VENDOR_PORTALS/README.md,UNEXPANDED_TEMPLATE_VARIABLE,HIGH,Replace placeholders with verified content or clearly mark intentionally unverified/template-only status.
installer/build/windows/win-unpacked/resources/payload/repo-template/08_COMPONENT_DATABASE/00_INDEX/PART_SCHEMA.md,UNEXPANDED_TEMPLATE_VARIABLE,HIGH,Replace placeholders with verified content or clearly mark intentionally unverified/template-only status.
installer/build/windows/win-unpacked/resources/payload/repo-template/08_COMPONENT_DATABASE/00_INDEX/example_component_records.json,UNEXPANDED_TEMPLATE_VARIABLE,HIGH,Replace placeholders with verified content or clearly mark intentionally unverified/template-only status.
installer/build/windows/win-unpacked/resources/payload/repo-template/08_COMPONENT_DATABASE/01_MICROCONTROLLERS/espressif_module_records.json,UNEXPANDED_TEMPLATE_VARIABLE,HIGH,Replace placeholders with verified content or clearly mark intentionally unverified/template-only status.
installer/build/windows/win-unpacked/resources/payload/repo-template/08_COMPONENT_DATABASE/01_MICROCONTROLLERS/microchip_part_records.json,UNEXPANDED_TEMPLATE_VARIABLE,HIGH,Replace placeholders with verified content or clearly mark intentionally unverified/template-only status.
installer/build/windows/win-unpacked/resources/payload/repo-template/08_COMPONENT_DATABASE/01_MICROCONTROLLERS/stm32_part_records.json,UNEXPANDED_TEMPLATE_VARIABLE,HIGH,Replace placeholders with verified content or clearly mark intentionally unverified/template-only status.
installer/build/windows/win-unpacked/resources/payload/repo-template/08_COMPONENT_DATABASE/02_POWER/power_part_records.json,UNEXPANDED_TEMPLATE_VARIABLE,HIGH,Replace placeholders with verified content or clearly mark intentionally unverified/template-only status.
installer/build/windows/win-unpacked/resources/payload/repo-template/08_COMPONENT_DATABASE/03_COMMUNICATION/communication_part_records.json,UNEXPANDED_TEMPLATE_VARIABLE,HIGH,Replace placeholders with verified content or clearly mark intentionally unverified/template-only status.
installer/build/windows/win-unpacked/resources/payload/repo-template/08_COMPONENT_DATABASE/04_CONNECTORS/connector_records.json,UNEXPANDED_TEMPLATE_VARIABLE,HIGH,Replace placeholders with verified content or clearly mark intentionally unverified/template-only status.
installer/build/windows/win-unpacked/resources/payload/repo-template/08_COMPONENT_DATABASE/05_PROTECTION/protection_records.json,UNEXPANDED_TEMPLATE_VARIABLE,HIGH,Replace placeholders with verified content or clearly mark intentionally unverified/template-only status.
installer/build/windows/win-unpacked/resources/payload/repo-template/08_COMPONENT_DATABASE/09_PASSIVES/passive_support_records.json,UNEXPANDED_TEMPLATE_VARIABLE,HIGH,Replace placeholders with verified content or clearly mark intentionally unverified/template-only status.
installer/build/windows/win-unpacked/resources/payload/repo-template/08_COMPONENT_DATABASE/10_RF_AND_ANTENNAS/rf_antenna_records.json,UNEXPANDED_TEMPLATE_VARIABLE,HIGH,Replace placeholders with verified content or clearly mark intentionally unverified/template-only status.
installer/build/windows/win-unpacked/resources/payload/repo-template/AGENTS.md,UNEXPANDED_TEMPLATE_VARIABLE,HIGH,Replace placeholders with verified content or clearly mark intentionally unverified/template-only status.
installer/build/windows/win-unpacked/resources/payload/repo-template/setup/macos/install_missing_macos_tools.sh,UNEXPANDED_TEMPLATE_VARIABLE,HIGH,Replace placeholders with verified content or clearly mark intentionally unverified/template-only status.
installer/payload/manifests/payload.manifest.json,UNEXPANDED_TEMPLATE_VARIABLE,HIGH,Replace placeholders with verified content or clearly mark intentionally unverified/template-only status.
installer/payload/payload.manifest.json,UNEXPANDED_TEMPLATE_VARIABLE,HIGH,Replace placeholders with verified content or clearly mark intentionally unverified/template-only status.
setup/linux/check_linux_requirements.sh,UNEXPANDED_TEMPLATE_VARIABLE,HIGH,Replace placeholders with verified content or clearly mark intentionally unverified/template-only status.
setup/macos/check_macos_requirements.sh,UNEXPANDED_TEMPLATE_VARIABLE,HIGH,Replace placeholders with verified content or clearly mark intentionally unverified/template-only status.
setup/macos/install_missing_macos_tools.sh,UNEXPANDED_TEMPLATE_VARIABLE,HIGH,Replace placeholders with verified content or clearly mark intentionally unverified/template-only status.
.github/RELEASE_WORKFLOW_README.md,GENERIC_FOLDER_TEXT,MEDIUM,Replace placeholders with verified content or clearly mark intentionally unverified/template-only status.
.prompts/claude/03_RESEARCH_COMPONENT.md,PLACEHOLDER_LANGUAGE,MEDIUM,Replace placeholders with verified content or clearly mark intentionally unverified/template-only status.
.prompts/claude/04_ADD_COMPONENT_TO_DATABASE.md,PLACEHOLDER_LANGUAGE,MEDIUM,Replace placeholders with verified content or clearly mark intentionally unverified/template-only status.
.prompts/kicad_pipeline/01_schematic_annotation_and_completeness.md,UNVERIFIED_OR_EXAMPLE_MARKER,MEDIUM,Replace placeholders with verified content or clearly mark intentionally unverified/template-only status.
.prompts/kicad_pipeline/03_schematic_visual_repair.md,UNVERIFIED_OR_EXAMPLE_MARKER,MEDIUM,Replace placeholders with verified content or clearly mark intentionally unverified/template-only status.
.prompts/kicad_pipeline/04_schematic_electrical_audit.md,UNVERIFIED_OR_EXAMPLE_MARKER,MEDIUM,Replace placeholders with verified content or clearly mark intentionally unverified/template-only status.
.prompts/kicad_pipeline/06_schematic_to_pcb_gate.md,UNVERIFIED_OR_EXAMPLE_MARKER,MEDIUM,Replace placeholders with verified content or clearly mark intentionally unverified/template-only status.
.prompts/shared/COMPONENT_RESEARCH_STANDARD.md,UNVERIFIED_OR_EXAMPLE_MARKER,MEDIUM,Replace placeholders with verified content or clearly mark intentionally unverified/template-only status.
00_CODEX_START/AI_QUALITY_INDEX.generated.json,UNVERIFIED_OR_EXAMPLE_MARKER,MEDIUM,Replace placeholders with verified content or clearly mark intentionally unverified/template-only status.
00_CODEX_START/AI_QUALITY_INDEX.generated.md,UNVERIFIED_OR_EXAMPLE_MARKER,MEDIUM,Replace placeholders with verified content or clearly mark intentionally unverified/template-only status.
00_CODEX_START/CURRENT_KNOWN_PROBLEMS.generated.json,UNVERIFIED_OR_EXAMPLE_MARKER,MEDIUM,Replace placeholders with verified content or clearly mark intentionally unverified/template-only status.
00_CODEX_START/CURRENT_KNOWN_PROBLEMS.md,UNVERIFIED_OR_EXAMPLE_MARKER,MEDIUM,Replace placeholders with verified content or clearly mark intentionally unverified/template-only status.
00_CODEX_START/FOLDER_ROUTING_RULES.md,PLACEHOLDER_LANGUAGE,MEDIUM,Replace placeholders with verified content or clearly mark intentionally unverified/template-only status.
00_CODEX_START/MEMORY_INDEX.generated.json,UNVERIFIED_OR_EXAMPLE_MARKER,MEDIUM,Replace placeholders with verified content or clearly mark intentionally unverified/template-only status.
00_CODEX_START/MEMORY_INDEX.generated.md,UNVERIFIED_OR_EXAMPLE_MARKER,MEDIUM,Replace placeholders with verified content or clearly mark intentionally unverified/template-only status.
00_CODEX_START/REPO_MAP.md,UNVERIFIED_OR_EXAMPLE_MARKER,MEDIUM,Replace placeholders with verified content or clearly mark intentionally unverified/template-only status.
00_CODEX_START/START_HERE.md,UNVERIFIED_OR_EXAMPLE_MARKER,MEDIUM,Replace placeholders with verified content or clearly mark intentionally unverified/template-only status.
01_MEMORY/AGENT_MISTAKES_TO_AVOID.md,UNVERIFIED_OR_EXAMPLE_MARKER,MEDIUM,Replace placeholders with verified content or clearly mark intentionally unverified/template-only status.
01_MEMORY/COMPONENT_PREFERENCES.md,TODO_OR_TBD,MEDIUM,Replace placeholders with verified content or clearly mark intentionally unverified/template-only status.
01_MEMORY/DESIGN_RULES_MEMORY.md,TODO_OR_TBD,MEDIUM,Replace placeholders with verified content or clearly mark intentionally unverified/template-only status.
01_MEMORY/EXAMPLE_ONLY_UNVERIFIED_CONNECTOR_FOOTPRINT_WARNING.md,UNVERIFIED_OR_EXAMPLE_MARKER,MEDIUM,Replace placeholders with verified content or clearly mark intentionally unverified/template-only status.
01_MEMORY/FAB_HOUSE_PREFERENCES.md,TODO_OR_TBD,MEDIUM,Replace placeholders with verified content or clearly mark intentionally unverified/template-only status.
01_MEMORY/MASTER_MEMORY_INDEX.md,UNVERIFIED_OR_EXAMPLE_MARKER,MEDIUM,Replace placeholders with verified content or clearly mark intentionally unverified/template-only status.
01_MEMORY/VERIFIED_WORKFLOWS.md,UNVERIFIED_OR_EXAMPLE_MARKER,MEDIUM,Replace placeholders with verified content or clearly mark intentionally unverified/template-only status.
01_MEMORY/projects/CLEAN_KICAD_PASSING_SAMPLE/PROJECT_MEMORY.md,VERY_SHORT_MARKDOWN,MEDIUM,"Add actionable content, schema fields, examples, or explicit intentionally-empty status."
01_MEMORY/projects/COMMAND_LINK_VERIFIED_REFERENCE/PROJECT_MEMORY.md,TODO_OR_TBD,MEDIUM,Replace placeholders with verified content or clearly mark intentionally unverified/template-only status.
01_MEMORY/projects/ESP32_CSI_WIFI_NODE/PROJECT_MEMORY.md,UNVERIFIED_OR_EXAMPLE_MARKER,MEDIUM,Replace placeholders with verified content or clearly mark intentionally unverified/template-only status.
02_HISTORY/ai_scorecards/COMPONENT_DATABASE_CORE_SETUP_AI_RESPONSE_SCORECARD.md,UNVERIFIED_OR_EXAMPLE_MARKER,MEDIUM,Replace placeholders with verified content or clearly mark intentionally unverified/template-only status.
02_HISTORY/ai_scorecards/ESP32_CSI_WIFI_NODE_SCHEMATIC_ELECTRICAL_BLOCKERS_SCORECARD.md,UNVERIFIED_OR_EXAMPLE_MARKER,MEDIUM,Replace placeholders with verified content or clearly mark intentionally unverified/template-only status.
02_HISTORY/ai_scorecards/PACKAGE_FAB_VENDOR_PROFILE_SETUP_SCORECARD.md,UNVERIFIED_OR_EXAMPLE_MARKER,MEDIUM,Replace placeholders with verified content or clearly mark intentionally unverified/template-only status.
02_HISTORY/ai_scorecards/README.md,VERY_SHORT_MARKDOWN,MEDIUM,"Add actionable content, schema fields, examples, or explicit intentionally-empty status."
02_HISTORY/ai_scorecards/STM32_SOURCE_LINK_RESEARCH_SCORECARD.md,UNVERIFIED_OR_EXAMPLE_MARKER,MEDIUM,Replace placeholders with verified content or clearly mark intentionally unverified/template-only status.
02_HISTORY/ai_scorecards/SUPPLIER_INGESTION_SYSTEM_SCORECARD.md,PLACEHOLDER_LANGUAGE,MEDIUM,Replace placeholders with verified content or clearly mark intentionally unverified/template-only status.
02_HISTORY/ai_scorecards/TEST_EXAMPLES_BENCHMARKS_SETUP_SCORECARD.md,UNVERIFIED_OR_EXAMPLE_MARKER,MEDIUM,Replace placeholders with verified content or clearly mark intentionally unverified/template-only status.
02_HISTORY/ai_self_reviews/COMPONENT_DATABASE_CORE_SETUP_AI_SELF_REVIEW.md,UNVERIFIED_OR_EXAMPLE_MARKER,MEDIUM,Replace placeholders with verified content or clearly mark intentionally unverified/template-only status.
02_HISTORY/ai_self_reviews/ESP32_CSI_WIFI_NODE_SCHEMATIC_ELECTRICAL_BLOCKERS_AI_SELF_REVIEW.md,UNVERIFIED_OR_EXAMPLE_MARKER,MEDIUM,Replace placeholders with verified content or clearly mark intentionally unverified/template-only status.
02_HISTORY/ai_self_reviews/MCU_DATASHEET_TREE_UPGRADE_SELF_REVIEW.md,UNVERIFIED_OR_EXAMPLE_MARKER,MEDIUM,Replace placeholders with verified content or clearly mark intentionally unverified/template-only status.
02_HISTORY/ai_self_reviews/MICROCONTROLLER_FAMILY_CONTENT_GENERATOR_SELF_REVIEW.md,UNVERIFIED_OR_EXAMPLE_MARKER,MEDIUM,Replace placeholders with verified content or clearly mark intentionally unverified/template-only status.
02_HISTORY/ai_self_reviews/PACKAGE_FAB_VENDOR_PROFILE_SETUP_AI_SELF_REVIEW.md,UNVERIFIED_OR_EXAMPLE_MARKER,MEDIUM,Replace placeholders with verified content or clearly mark intentionally unverified/template-only status.
02_HISTORY/ai_self_reviews/README.md,VERY_SHORT_MARKDOWN,MEDIUM,"Add actionable content, schema fields, examples, or explicit intentionally-empty status."
02_HISTORY/ai_self_reviews/STM32_DATASHEET_TREE_CONTENT_COMPLETION_SELF_REVIEW.md,UNVERIFIED_OR_EXAMPLE_MARKER,MEDIUM,Replace placeholders with verified content or clearly mark intentionally unverified/template-only status.
02_HISTORY/ai_self_reviews/STM32_SOURCE_LINK_RESEARCH_SELF_REVIEW.md,UNVERIFIED_OR_EXAMPLE_MARKER,MEDIUM,Replace placeholders with verified content or clearly mark intentionally unverified/template-only status.
02_HISTORY/ai_self_reviews/SUPPLIER_FOOTPRINT_MATCH_SELF_REVIEW.md,UNVERIFIED_OR_EXAMPLE_MARKER,MEDIUM,Replace placeholders with verified content or clearly mark intentionally unverified/template-only status.
02_HISTORY/ai_self_reviews/SUPPLIER_INGESTION_SYSTEM_REVALIDATION_SELF_REVIEW.md,PLACEHOLDER_LANGUAGE,MEDIUM,Replace placeholders with verified content or clearly mark intentionally unverified/template-only status.
02_HISTORY/ai_self_reviews/SUPPLIER_INGESTION_SYSTEM_SELF_REVIEW.md,PLACEHOLDER_LANGUAGE,MEDIUM,Replace placeholders with verified content or clearly mark intentionally unverified/template-only status.
02_HISTORY/ai_self_reviews/TEST_EXAMPLES_BENCHMARKS_SETUP_AI_SELF_REVIEW.md,UNVERIFIED_OR_EXAMPLE_MARKER,MEDIUM,Replace placeholders with verified content or clearly mark intentionally unverified/template-only status.
02_HISTORY/claim_evidence_matrices/COMPONENT_DATABASE_CORE_SETUP_CLAIM_EVIDENCE_MATRIX.md,PLACEHOLDER_LANGUAGE,MEDIUM,Replace placeholders with verified content or clearly mark intentionally unverified/template-only status.
02_HISTORY/claim_evidence_matrices/ESP32_CSI_WIFI_NODE_SCHEMATIC_ELECTRICAL_BLOCKERS_CLAIM_EVIDENCE_MATRIX.md,UNVERIFIED_OR_EXAMPLE_MARKER,MEDIUM,Replace placeholders with verified content or clearly mark intentionally unverified/template-only status.
02_HISTORY/claim_evidence_matrices/FINAL_PRODUCTION_STRUCTURE_AUDIT_CLAIM_EVIDENCE_MATRIX.md,PLACEHOLDER_LANGUAGE,MEDIUM,Replace placeholders with verified content or clearly mark intentionally unverified/template-only status.
02_HISTORY/claim_evidence_matrices/PACKAGE_FAB_VENDOR_PROFILE_SETUP_CLAIM_EVIDENCE_MATRIX.md,UNVERIFIED_OR_EXAMPLE_MARKER,MEDIUM,Replace placeholders with verified content or clearly mark intentionally unverified/template-only status.
02_HISTORY/claim_evidence_matrices/PLAYWRIGHT_PILOT_RESEARCH_CLAIM_EVIDENCE_MATRIX.md,UNVERIFIED_OR_EXAMPLE_MARKER,MEDIUM,Replace placeholders with verified content or clearly mark intentionally unverified/template-only status.
02_HISTORY/claim_evidence_matrices/README.md,VERY_SHORT_MARKDOWN,MEDIUM,"Add actionable content, schema fields, examples, or explicit intentionally-empty status."
02_HISTORY/claim_evidence_matrices/SCHEMATIC_TO_PCB_GATE_SYSTEM_CLAIM_EVIDENCE_MATRIX.md,UNVERIFIED_OR_EXAMPLE_MARKER,MEDIUM,Replace placeholders with verified content or clearly mark intentionally unverified/template-only status.
02_HISTORY/claim_evidence_matrices/STM32_DATASHEET_TREE_CONTENT_COMPLETION_CLAIM_EVIDENCE_MATRIX.md,UNVERIFIED_OR_EXAMPLE_MARKER,MEDIUM,Replace placeholders with verified content or clearly mark intentionally unverified/template-only status.
02_HISTORY/claim_evidence_matrices/SUPPLIER_CONNECTOR_STUBS_CLAIM_EVIDENCE_MATRIX.md,PLACEHOLDER_LANGUAGE,MEDIUM,Replace placeholders with verified content or clearly mark intentionally unverified/template-only status.
02_HISTORY/claim_evidence_matrices/SUPPLIER_DATASHEET_FOOTPRINT_FINAL_AUDIT_CLAIM_EVIDENCE_MATRIX.md,PLACEHOLDER_LANGUAGE,MEDIUM,Replace placeholders with verified content or clearly mark intentionally unverified/template-only status.
02_HISTORY/claim_evidence_matrices/TEST_EXAMPLES_BENCHMARKS_SETUP_CLAIM_EVIDENCE_MATRIX.md,UNVERIFIED_OR_EXAMPLE_MARKER,MEDIUM,Replace placeholders with verified content or clearly mark intentionally unverified/template-only status.
02_HISTORY/command_logs/CODEX_MCP_CONFIG_COMMANDS.md,PLACEHOLDER_LANGUAGE,MEDIUM,Replace placeholders with verified content or clearly mark intentionally unverified/template-only status.
02_HISTORY/command_logs/COMPONENT_DATABASE_CORE_SETUP_COMMANDS.md,PLACEHOLDER_LANGUAGE,MEDIUM,Replace placeholders with verified content or clearly mark intentionally unverified/template-only status.
02_HISTORY/command_logs/ESP32_CSI_WIFI_NODE_COPPER_ZONE_STRATEGY_COMMANDS.md,UNVERIFIED_OR_EXAMPLE_MARKER,MEDIUM,Replace placeholders with verified content or clearly mark intentionally unverified/template-only status.
02_HISTORY/command_logs/ESP32_CSI_WIFI_NODE_CRITICAL_NETS_ROUTING_COMMANDS.md,UNVERIFIED_OR_EXAMPLE_MARKER,MEDIUM,Replace placeholders with verified content or clearly mark intentionally unverified/template-only status.
02_HISTORY/command_logs/ESP32_CSI_WIFI_NODE_HOLE_PAD_VIA_STRATEGY_COMMANDS.md,PLACEHOLDER_LANGUAGE,MEDIUM,Replace placeholders with verified content or clearly mark intentionally unverified/template-only status.
02_HISTORY/command_logs/ESP32_CSI_WIFI_NODE_PCB_PLACEMENT_PASS_1_BLOCKED_COMMANDS.md,PLACEHOLDER_LANGUAGE,MEDIUM,Replace placeholders with verified content or clearly mark intentionally unverified/template-only status.
02_HISTORY/command_logs/ESP32_CSI_WIFI_NODE_PCB_PLACEMENT_PASS_2_ORIENTATION_COMMANDS.md,UNVERIFIED_OR_EXAMPLE_MARKER,MEDIUM,Replace placeholders with verified content or clearly mark intentionally unverified/template-only status.
02_HISTORY/command_logs/ESP32_CSI_WIFI_NODE_SCHEMATIC_ELECTRICAL_BLOCKERS_COMMANDS.md,UNVERIFIED_OR_EXAMPLE_MARKER,MEDIUM,Replace placeholders with verified content or clearly mark intentionally unverified/template-only status.
02_HISTORY/command_logs/FINAL_PRODUCTION_STRUCTURE_AUDIT_COMMANDS.md,PLACEHOLDER_LANGUAGE,MEDIUM,Replace placeholders with verified content or clearly mark intentionally unverified/template-only status.
02_HISTORY/command_logs/MICROCONTROLLER_FAMILY_CONTENT_GENERATOR_COMMANDS.md,UNVERIFIED_OR_EXAMPLE_MARKER,MEDIUM,Replace placeholders with verified content or clearly mark intentionally unverified/template-only status.
02_HISTORY/command_logs/PACKAGE_FAB_VENDOR_PROFILE_SETUP_COMMANDS.md,UNVERIFIED_OR_EXAMPLE_MARKER,MEDIUM,Replace placeholders with verified content or clearly mark intentionally unverified/template-only status.
02_HISTORY/command_logs/PLAYWRIGHT_PILOT_RESEARCH_COMMANDS.md,PLACEHOLDER_LANGUAGE,MEDIUM,Replace placeholders with verified content or clearly mark intentionally unverified/template-only status.
02_HISTORY/command_logs/SCHEMATIC_ANNOTATION_COMPLETENESS_CHECKERS_COMMANDS.md,UNVERIFIED_OR_EXAMPLE_MARKER,MEDIUM,Replace placeholders with verified content or clearly mark intentionally unverified/template-only status.
02_HISTORY/command_logs/STM32F1_PILOT_CONTENT_COMPLETION_COMMANDS.md,PLACEHOLDER_LANGUAGE,MEDIUM,Replace placeholders with verified content or clearly mark intentionally unverified/template-only status.
02_HISTORY/command_logs/SUPPLIER_FOOTPRINT_MATCH_COMMANDS.md,UNVERIFIED_OR_EXAMPLE_MARKER,MEDIUM,Replace placeholders with verified content or clearly mark intentionally unverified/template-only status.
02_HISTORY/command_logs/TEST_EXAMPLES_BENCHMARKS_SETUP_COMMANDS.md,UNVERIFIED_OR_EXAMPLE_MARKER,MEDIUM,Replace placeholders with verified content or clearly mark intentionally unverified/template-only status.
02_HISTORY/design_reviews/AI_QUALITY_GATE_SETUP_AUDIT.md,UNVERIFIED_OR_EXAMPLE_MARKER,MEDIUM,Replace placeholders with verified content or clearly mark intentionally unverified/template-only status.
02_HISTORY/design_reviews/CONNECTOR_DATABASE_STATUS.md,UNVERIFIED_OR_EXAMPLE_MARKER,MEDIUM,Replace placeholders with verified content or clearly mark intentionally unverified/template-only status.
02_HISTORY/design_reviews/END_USER_README_SYSTEM_STATUS.md,PLACEHOLDER_LANGUAGE,MEDIUM,Replace placeholders with verified content or clearly mark intentionally unverified/template-only status.
02_HISTORY/design_reviews/ESP32_CSI_WIFI_NODE_SCHEMATIC_DRAFT_REVIEW.md,UNVERIFIED_OR_EXAMPLE_MARKER,MEDIUM,Replace placeholders with verified content or clearly mark intentionally unverified/template-only status.
02_HISTORY/design_reviews/ESPRESSIF_RESEARCH_STATUS.md,PLACEHOLDER_LANGUAGE,MEDIUM,Replace placeholders with verified content or clearly mark intentionally unverified/template-only status.
02_HISTORY/design_reviews/FINAL_PRODUCTION_STRUCTURE_AUDIT.md,UNVERIFIED_OR_EXAMPLE_MARKER,MEDIUM,Replace placeholders with verified content or clearly mark intentionally unverified/template-only status.
02_HISTORY/design_reviews/FLUX_LEVEL_FEATURE_GAP_ANALYSIS.md,PLACEHOLDER_LANGUAGE,MEDIUM,Replace placeholders with verified content or clearly mark intentionally unverified/template-only status.
02_HISTORY/design_reviews/INSTALLER_PLAN_STATUS.md,PLACEHOLDER_LANGUAGE,MEDIUM,Replace placeholders with verified content or clearly mark intentionally unverified/template-only status.
02_HISTORY/design_reviews/KICAD_ENGINE_PRODUCT_GAP_AUDIT.md,PLACEHOLDER_LANGUAGE,MEDIUM,Replace placeholders with verified content or clearly mark intentionally unverified/template-only status.
02_HISTORY/design_reviews/KICAD_FOOTPRINT_GAP_ANALYSIS_REPORT.md,PLACEHOLDER_LANGUAGE,MEDIUM,Replace placeholders with verified content or clearly mark intentionally unverified/template-only status.
02_HISTORY/design_reviews/KICAD_PART_INGESTION_WORKFLOW_STATUS.md,UNVERIFIED_OR_EXAMPLE_MARKER,MEDIUM,Replace placeholders with verified content or clearly mark intentionally unverified/template-only status.
02_HISTORY/design_reviews/MCU_DATASHEET_TREE_UPGRADE_REPORT.md,TODO_OR_TBD,MEDIUM,Replace placeholders with verified content or clearly mark intentionally unverified/template-only status.
02_HISTORY/design_reviews/MICROCHIP_RESEARCH_STATUS.md,PLACEHOLDER_LANGUAGE,MEDIUM,Replace placeholders with verified content or clearly mark intentionally unverified/template-only status.
02_HISTORY/design_reviews/PACKAGE_FAB_VENDOR_PROFILE_SETUP_AUDIT.md,UNVERIFIED_OR_EXAMPLE_MARKER,MEDIUM,Replace placeholders with verified content or clearly mark intentionally unverified/template-only status.
02_HISTORY/design_reviews/PLAYWRIGHT_RESEARCH_PIPELINE_SETUP_AUDIT.md,PLACEHOLDER_LANGUAGE,MEDIUM,Replace placeholders with verified content or clearly mark intentionally unverified/template-only status.
02_HISTORY/design_reviews/PUBLIC_RELEASE_FINAL_AUDIT.md,PLACEHOLDER_LANGUAGE,MEDIUM,Replace placeholders with verified content or clearly mark intentionally unverified/template-only status.
02_HISTORY/design_reviews/SCHEMATIC_ANNOTATION_COMPLETENESS_CHECKER_SETUP_AUDIT.md,UNVERIFIED_OR_EXAMPLE_MARKER,MEDIUM,Replace placeholders with verified content or clearly mark intentionally unverified/template-only status.
02_HISTORY/design_reviews/SCHEMATIC_TO_PCB_GATE_SYSTEM_AUDIT.md,UNVERIFIED_OR_EXAMPLE_MARKER,MEDIUM,Replace placeholders with verified content or clearly mark intentionally unverified/template-only status.
02_HISTORY/design_reviews/STARTUP_CLOSEOUT_INDEX_WIRING_AUDIT.md,PLACEHOLDER_LANGUAGE,MEDIUM,Replace placeholders with verified content or clearly mark intentionally unverified/template-only status.
02_HISTORY/design_reviews/STM32_RESEARCH_STATUS.md,PLACEHOLDER_LANGUAGE,MEDIUM,Replace placeholders with verified content or clearly mark intentionally unverified/template-only status.
02_HISTORY/design_reviews/SUPPLIER_CONNECTOR_STUBS_AUDIT.md,PLACEHOLDER_LANGUAGE,MEDIUM,Replace placeholders with verified content or clearly mark intentionally unverified/template-only status.
02_HISTORY/design_reviews/SUPPLIER_FOOTPRINT_MATCH_SYSTEM_AUDIT.md,UNVERIFIED_OR_EXAMPLE_MARKER,MEDIUM,Replace placeholders with verified content or clearly mark intentionally unverified/template-only status.
02_HISTORY/design_reviews/SUPPLIER_INGESTION_SYSTEM_SETUP_AUDIT.md,PLACEHOLDER_LANGUAGE,MEDIUM,Replace placeholders with verified content or clearly mark intentionally unverified/template-only status.
02_HISTORY/design_reviews/SUPPORT_PARTS_DATABASE_STATUS.md,UNVERIFIED_OR_EXAMPLE_MARKER,MEDIUM,Replace placeholders with verified content or clearly mark intentionally unverified/template-only status.
02_HISTORY/design_reviews/TEST_EXAMPLES_BENCHMARKS_SETUP_AUDIT.md,UNVERIFIED_OR_EXAMPLE_MARKER,MEDIUM,Replace placeholders with verified content or clearly mark intentionally unverified/template-only status.
02_HISTORY/failed_attempts/ESP32_CSI_WIFI_NODE_MISSING_PROMPT_INPUT_FILES.md,UNVERIFIED_OR_EXAMPLE_MARKER,MEDIUM,Replace placeholders with verified content or clearly mark intentionally unverified/template-only status.
02_HISTORY/failed_attempts/README.md,VERY_SHORT_MARKDOWN,MEDIUM,"Add actionable content, schema fields, examples, or explicit intentionally-empty status."
02_HISTORY/hallucination_risk_logs/COMPONENT_DATABASE_CORE_SETUP_HALLUCINATION_RISK_LOG.md,UNVERIFIED_OR_EXAMPLE_MARKER,MEDIUM,Replace placeholders with verified content or clearly mark intentionally unverified/template-only status.
02_HISTORY/hallucination_risk_logs/ESP32_CSI_WIFI_NODE_SCHEMATIC_ELECTRICAL_BLOCKERS_HALLUCINATION_RISK_LOG.md,UNVERIFIED_OR_EXAMPLE_MARKER,MEDIUM,Replace placeholders with verified content or clearly mark intentionally unverified/template-only status.
02_HISTORY/hallucination_risk_logs/MCU_DATASHEET_TREE_UPGRADE_HALLUCINATION_RISK_LOG.md,UNVERIFIED_OR_EXAMPLE_MARKER,MEDIUM,Replace placeholders with verified content or clearly mark intentionally unverified/template-only status.
02_HISTORY/hallucination_risk_logs/MICROCONTROLLER_FAMILY_CONTENT_GENERATOR_HALLUCINATION_RISK_LOG.md,UNVERIFIED_OR_EXAMPLE_MARKER,MEDIUM,Replace placeholders with verified content or clearly mark intentionally unverified/template-only status.
02_HISTORY/hallucination_risk_logs/PACKAGE_FAB_VENDOR_PROFILE_SETUP_HALLUCINATION_RISK_LOG.md,UNVERIFIED_OR_EXAMPLE_MARKER,MEDIUM,Replace placeholders with verified content or clearly mark intentionally unverified/template-only status.
02_HISTORY/hallucination_risk_logs/PLAYWRIGHT_BATCH_RESEARCH_EXPANSION_HALLUCINATION_RISK_LOG.md,UNVERIFIED_OR_EXAMPLE_MARKER,MEDIUM,Replace placeholders with verified content or clearly mark intentionally unverified/template-only status.
02_HISTORY/hallucination_risk_logs/PLAYWRIGHT_PILOT_RESEARCH_HALLUCINATION_RISK_LOG.md,UNVERIFIED_OR_EXAMPLE_MARKER,MEDIUM,Replace placeholders with verified content or clearly mark intentionally unverified/template-only status.
02_HISTORY/hallucination_risk_logs/README.md,VERY_SHORT_MARKDOWN,MEDIUM,"Add actionable content, schema fields, examples, or explicit intentionally-empty status."
02_HISTORY/hallucination_risk_logs/SCHEMATIC_TO_PCB_GATE_SYSTEM_HALLUCINATION_RISK_LOG.md,UNVERIFIED_OR_EXAMPLE_MARKER,MEDIUM,Replace placeholders with verified content or clearly mark intentionally unverified/template-only status.
02_HISTORY/hallucination_risk_logs/STM32_DATASHEET_TREE_CONTENT_COMPLETION_HALLUCINATION_RISK_LOG.md,UNVERIFIED_OR_EXAMPLE_MARKER,MEDIUM,Replace placeholders with verified content or clearly mark intentionally unverified/template-only status.
02_HISTORY/hallucination_risk_logs/STM32_SOURCE_LINK_RESEARCH_HALLUCINATION_RISK_LOG.md,UNVERIFIED_OR_EXAMPLE_MARKER,MEDIUM,Replace placeholders with verified content or clearly mark intentionally unverified/template-only status.
02_HISTORY/hallucination_risk_logs/SUPPLIER_CONNECTOR_STUBS_HALLUCINATION_RISK_LOG.md,PLACEHOLDER_LANGUAGE,MEDIUM,Replace placeholders with verified content or clearly mark intentionally unverified/template-only status.
02_HISTORY/hallucination_risk_logs/SUPPLIER_DATASHEET_FOOTPRINT_FINAL_AUDIT_HALLUCINATION_RISK_LOG.md,UNVERIFIED_OR_EXAMPLE_MARKER,MEDIUM,Replace placeholders with verified content or clearly mark intentionally unverified/template-only status.
02_HISTORY/hallucination_risk_logs/SUPPLIER_FOOTPRINT_MATCH_HALLUCINATION_RISK_LOG.md,UNVERIFIED_OR_EXAMPLE_MARKER,MEDIUM,Replace placeholders with verified content or clearly mark intentionally unverified/template-only status.
02_HISTORY/hallucination_risk_logs/TEST_EXAMPLES_BENCHMARKS_SETUP_HALLUCINATION_RISK_LOG.md,UNVERIFIED_OR_EXAMPLE_MARKER,MEDIUM,Replace placeholders with verified content or clearly mark intentionally unverified/template-only status.
02_HISTORY/issue_logs/FINAL_PRODUCTION_STRUCTURE_PUBLIC_RELEASE_BLOCKERS.md,PLACEHOLDER_LANGUAGE,MEDIUM,Replace placeholders with verified content or clearly mark intentionally unverified/template-only status.
02_HISTORY/issue_logs/README.md,VERY_SHORT_MARKDOWN,MEDIUM,"Add actionable content, schema fields, examples, or explicit intentionally-empty status."
02_HISTORY/issue_logs/SCHEMATIC_TO_PCB_GATE_BLOCKED_ESP32_CSI_WIFI_NODE.md,UNVERIFIED_OR_EXAMPLE_MARKER,MEDIUM,Replace placeholders with verified content or clearly mark intentionally unverified/template-only status.
02_HISTORY/known_agent_mistakes/EXAMPLE_ONLY_USB_C_CONNECTOR_FOOTPRINT_WRONG.md,UNVERIFIED_OR_EXAMPLE_MARKER,MEDIUM,Replace placeholders with verified content or clearly mark intentionally unverified/template-only status.
02_HISTORY/known_agent_mistakes/README.md,VERY_SHORT_MARKDOWN,MEDIUM,"Add actionable content, schema fields, examples, or explicit intentionally-empty status."
02_HISTORY/lessons_learned,ONLY_BASIC_INDEX_FILES,MEDIUM,Add substantive family/component/workflow content or mark intentionally reserved.
02_HISTORY/lessons_learned/README.md,VERY_SHORT_MARKDOWN,MEDIUM,"Add actionable content, schema fields, examples, or explicit intentionally-empty status."
02_HISTORY/project_history/CLEAN_KICAD_PASSING_SAMPLE,ONLY_BASIC_INDEX_FILES,MEDIUM,Add substantive family/component/workflow content or mark intentionally reserved.
02_HISTORY/project_history/CLEAN_KICAD_PASSING_SAMPLE/README.md,VERY_SHORT_MARKDOWN,MEDIUM,"Add actionable content, schema fields, examples, or explicit intentionally-empty status."
02_HISTORY/project_history/ESP32_CSI_WIFI_NODE,ONLY_BASIC_INDEX_FILES,MEDIUM,Add substantive family/component/workflow content or mark intentionally reserved.
02_HISTORY/project_history/ESP32_CSI_WIFI_NODE/README.md,VERY_SHORT_MARKDOWN,MEDIUM,"Add actionable content, schema fields, examples, or explicit intentionally-empty status."
02_HISTORY/project_history/SAMPLE_KICAD_TEST_PROJECT,ONLY_BASIC_INDEX_FILES,MEDIUM,Add substantive family/component/workflow content or mark intentionally reserved.
02_HISTORY/project_history/SAMPLE_KICAD_TEST_PROJECT/README.md,VERY_SHORT_MARKDOWN,MEDIUM,"Add actionable content, schema fields, examples, or explicit intentionally-empty status."
02_HISTORY/quality_gate_failures/20260503_0754_ESP32_CSI_WIFI_NODE_SCHEMATIC_CHECKERS_GATE_FAILURE.md,UNVERIFIED_OR_EXAMPLE_MARKER,MEDIUM,Replace placeholders with verified content or clearly mark intentionally unverified/template-only status.
02_HISTORY/quality_gate_failures/README.md,VERY_SHORT_MARKDOWN,MEDIUM,"Add actionable content, schema fields, examples, or explicit intentionally-empty status."
02_HISTORY/quality_gate_failures/SCHEMATIC_TO_PCB_GATE_BLOCKED_ESP32_CSI_WIFI_NODE.md,UNVERIFIED_OR_EXAMPLE_MARKER,MEDIUM,Replace placeholders with verified content or clearly mark intentionally unverified/template-only status.
02_HISTORY/quality_gate_failures/SUPPLIER_DATASHEET_FOOTPRINT_NOT_PRODUCTION_READY.md,PLACEHOLDER_LANGUAGE,MEDIUM,Replace placeholders with verified content or clearly mark intentionally unverified/template-only status.
02_HISTORY/sessions/COMMUNICATION_COMPONENT_DATABASE_SESSION.md,UNVERIFIED_OR_EXAMPLE_MARKER,MEDIUM,Replace placeholders with verified content or clearly mark intentionally unverified/template-only status.
02_HISTORY/sessions/COMPONENT_DATABASE_CORE_SETUP_SESSION.md,PLACEHOLDER_LANGUAGE,MEDIUM,Replace placeholders with verified content or clearly mark intentionally unverified/template-only status.
02_HISTORY/sessions/COMPONENT_DATABASE_SCAFFOLD_SESSION.md,UNVERIFIED_OR_EXAMPLE_MARKER,MEDIUM,Replace placeholders with verified content or clearly mark intentionally unverified/template-only status.
02_HISTORY/sessions/CONNECTOR_DATABASE_SESSION.md,UNVERIFIED_OR_EXAMPLE_MARKER,MEDIUM,Replace placeholders with verified content or clearly mark intentionally unverified/template-only status.
02_HISTORY/sessions/DATASHEET_RESEARCH_PIPELINE_SESSION.md,PLACEHOLDER_LANGUAGE,MEDIUM,Replace placeholders with verified content or clearly mark intentionally unverified/template-only status.
02_HISTORY/sessions/ESP32_CSI_WIFI_NODE_COMPONENT_SELECTION_REVIEW.md,UNVERIFIED_OR_EXAMPLE_MARKER,MEDIUM,Replace placeholders with verified content or clearly mark intentionally unverified/template-only status.
02_HISTORY/sessions/ESP32_CSI_WIFI_NODE_SCHEMATIC_ELECTRICAL_BLOCKERS_REVIEWED.md,UNVERIFIED_OR_EXAMPLE_MARKER,MEDIUM,Replace placeholders with verified content or clearly mark intentionally unverified/template-only status.
02_HISTORY/sessions/ESPRESSIF_RESEARCH_SESSION.md,UNVERIFIED_OR_EXAMPLE_MARKER,MEDIUM,Replace placeholders with verified content or clearly mark intentionally unverified/template-only status.
02_HISTORY/sessions/MEMORY_STARTERS_CREATED.md,PLACEHOLDER_LANGUAGE,MEDIUM,Replace placeholders with verified content or clearly mark intentionally unverified/template-only status.
02_HISTORY/sessions/MICROCONTROLLER_FAMILY_CONTENT_GENERATOR_CREATED.md,PLACEHOLDER_LANGUAGE,MEDIUM,Replace placeholders with verified content or clearly mark intentionally unverified/template-only status.
02_HISTORY/sessions/PACKAGE_FAB_VENDOR_PROFILE_SETUP_SESSION.md,UNVERIFIED_OR_EXAMPLE_MARKER,MEDIUM,Replace placeholders with verified content or clearly mark intentionally unverified/template-only status.
02_HISTORY/sessions/PLAYWRIGHT_BATCH_RESEARCH_EXPANSION.md,UNVERIFIED_OR_EXAMPLE_MARKER,MEDIUM,Replace placeholders with verified content or clearly mark intentionally unverified/template-only status.
02_HISTORY/sessions/POWER_COMPONENT_DATABASE_SESSION.md,UNVERIFIED_OR_EXAMPLE_MARKER,MEDIUM,Replace placeholders with verified content or clearly mark intentionally unverified/template-only status.
02_HISTORY/sessions/SCHEMATIC_ANNOTATION_COMPLETENESS_CHECKERS_ADDED.md,UNVERIFIED_OR_EXAMPLE_MARKER,MEDIUM,Replace placeholders with verified content or clearly mark intentionally unverified/template-only status.
02_HISTORY/sessions/SCHEMATIC_TO_PCB_GATE_SYSTEM_ADDED.md,UNVERIFIED_OR_EXAMPLE_MARKER,MEDIUM,Replace placeholders with verified content or clearly mark intentionally unverified/template-only status.
02_HISTORY/sessions/SETUP_HEALTH_CHECK_SYSTEM_SESSION.md,PLACEHOLDER_LANGUAGE,MEDIUM,Replace placeholders with verified content or clearly mark intentionally unverified/template-only status.
02_HISTORY/sessions/STM32F1_PILOT_CONTENT_COMPLETION_SESSION.md,UNVERIFIED_OR_EXAMPLE_MARKER,MEDIUM,Replace placeholders with verified content or clearly mark intentionally unverified/template-only status.
02_HISTORY/sessions/STM32_RESEARCH_SESSION.md,PLACEHOLDER_LANGUAGE,MEDIUM,Replace placeholders with verified content or clearly mark intentionally unverified/template-only status.
02_HISTORY/sessions/SUPPLIER_FOOTPRINT_MATCH_SYSTEM_CREATED.md,UNVERIFIED_OR_EXAMPLE_MARKER,MEDIUM,Replace placeholders with verified content or clearly mark intentionally unverified/template-only status.
02_HISTORY/sessions/SUPPLIER_INGESTION_SYSTEM_CREATED.md,PLACEHOLDER_LANGUAGE,MEDIUM,Replace placeholders with verified content or clearly mark intentionally unverified/template-only status.
02_HISTORY/sessions/SUPPORT_PARTS_DATABASE_SESSION.md,UNVERIFIED_OR_EXAMPLE_MARKER,MEDIUM,Replace placeholders with verified content or clearly mark intentionally unverified/template-only status.
02_HISTORY/sessions/TEST_EXAMPLES_BENCHMARKS_SETUP_SESSION.md,UNVERIFIED_OR_EXAMPLE_MARKER,MEDIUM,Replace placeholders with verified content or clearly mark intentionally unverified/template-only status.
02_HISTORY/uncertainty_logs/20260503_0754_SCHEMATIC_ANNOTATION_COMPLETENESS_CHECKERS_UNCERTAINTY.md,UNVERIFIED_OR_EXAMPLE_MARKER,MEDIUM,Replace placeholders with verified content or clearly mark intentionally unverified/template-only status.
02_HISTORY/uncertainty_logs/COMPONENT_DATABASE_CORE_SETUP_UNCERTAINTY_LOG.md,UNVERIFIED_OR_EXAMPLE_MARKER,MEDIUM,Replace placeholders with verified content or clearly mark intentionally unverified/template-only status.
02_HISTORY/uncertainty_logs/ESP32_CSI_WIFI_NODE_SCHEMATIC_ELECTRICAL_BLOCKERS_UNCERTAINTY_LOG.md,UNVERIFIED_OR_EXAMPLE_MARKER,MEDIUM,Replace placeholders with verified content or clearly mark intentionally unverified/template-only status.
02_HISTORY/uncertainty_logs/FINAL_PRODUCTION_STRUCTURE_AUDIT_UNCERTAINTY_LOG.md,PLACEHOLDER_LANGUAGE,MEDIUM,Replace placeholders with verified content or clearly mark intentionally unverified/template-only status.
02_HISTORY/uncertainty_logs/FOOTPRINT_GAP_ANALYSIS_UNCERTAINTY_LOG.md,PLACEHOLDER_LANGUAGE,MEDIUM,Replace placeholders with verified content or clearly mark intentionally unverified/template-only status.
02_HISTORY/uncertainty_logs/MCU_DATASHEET_TREE_UPGRADE_UNCERTAINTY_LOG.md,UNVERIFIED_OR_EXAMPLE_MARKER,MEDIUM,Replace placeholders with verified content or clearly mark intentionally unverified/template-only status.
02_HISTORY/uncertainty_logs/README.md,VERY_SHORT_MARKDOWN,MEDIUM,"Add actionable content, schema fields, examples, or explicit intentionally-empty status."
02_HISTORY/uncertainty_logs/STM32_DATASHEET_TREE_CONTENT_COMPLETION_UNCERTAINTY_LOG.md,UNVERIFIED_OR_EXAMPLE_MARKER,MEDIUM,Replace placeholders with verified content or clearly mark intentionally unverified/template-only status.
02_HISTORY/uncertainty_logs/SUPPLIER_DATASHEET_FOOTPRINT_FINAL_AUDIT_UNCERTAINTY_LOG.md,PLACEHOLDER_LANGUAGE,MEDIUM,Replace placeholders with verified content or clearly mark intentionally unverified/template-only status.
02_HISTORY/uncertainty_logs/SUPPLIER_INGESTION_SYSTEM_REVALIDATION_UNCERTAINTY_LOG.md,PLACEHOLDER_LANGUAGE,MEDIUM,Replace placeholders with verified content or clearly mark intentionally unverified/template-only status.
02_HISTORY/uncertainty_logs/SUPPLIER_INGESTION_SYSTEM_UNCERTAINTY_LOG.md,UNVERIFIED_OR_EXAMPLE_MARKER,MEDIUM,Replace placeholders with verified content or clearly mark intentionally unverified/template-only status.
02_HISTORY/uncertainty_logs/TEST_EXAMPLES_BENCHMARKS_SETUP_UNCERTAINTY_LOG.md,PLACEHOLDER_LANGUAGE,MEDIUM,Replace placeholders with verified content or clearly mark intentionally unverified/template-only status.
02_HISTORY/user_corrections,ONLY_BASIC_INDEX_FILES,MEDIUM,Add substantive family/component/workflow content or mark intentionally reserved.
02_HISTORY/user_corrections/README.md,VERY_SHORT_MARKDOWN,MEDIUM,"Add actionable content, schema fields, examples, or explicit intentionally-empty status."
02_HISTORY/user_corrections/README.md,GENERIC_FOLDER_TEXT,MEDIUM,Replace placeholders with verified content or clearly mark intentionally unverified/template-only status.
02_HISTORY/workflow_runs/MCU_DATASHEET_TREE_STUB_GENERATION_WORKFLOW.md,UNVERIFIED_OR_EXAMPLE_MARKER,MEDIUM,Replace placeholders with verified content or clearly mark intentionally unverified/template-only status.
02_HISTORY/workflow_runs/README.md,VERY_SHORT_MARKDOWN,MEDIUM,"Add actionable content, schema fields, examples, or explicit intentionally-empty status."
02_HISTORY/workflow_runs/SCHEMATIC_ANNOTATION_COMPLETENESS_CHECKER_SMOKE_TEST.md,UNVERIFIED_OR_EXAMPLE_MARKER,MEDIUM,Replace placeholders with verified content or clearly mark intentionally unverified/template-only status.
03_TOOLS/kicad_app_intelligence/KICAD_AGENT_TASK_MAP.md,PLACEHOLDER_LANGUAGE,MEDIUM,Replace placeholders with verified content or clearly mark intentionally unverified/template-only status.
03_TOOLS/kicad_library_intelligence/CONNECTOR_FOOTPRINT_WARNINGS.md,PLACEHOLDER_LANGUAGE,MEDIUM,Replace placeholders with verified content or clearly mark intentionally unverified/template-only status.
03_TOOLS/kicad_library_intelligence/SYMBOL_LIBRARY_INDEX.md,PLACEHOLDER_LANGUAGE,MEDIUM,Replace placeholders with verified content or clearly mark intentionally unverified/template-only status.
03_TOOLS/scripts/datasheet_tree/create_microcontroller_family_content.py,TODO_OR_TBD,MEDIUM,Replace placeholders with verified content or clearly mark intentionally unverified/template-only status.
03_TOOLS/scripts/datasheet_tree/family_content_schema.json,UNVERIFIED_OR_EXAMPLE_MARKER,MEDIUM,Replace placeholders with verified content or clearly mark intentionally unverified/template-only status.
03_TOOLS/scripts/indexing/build_known_problems.py,UNVERIFIED_OR_EXAMPLE_MARKER,MEDIUM,Replace placeholders with verified content or clearly mark intentionally unverified/template-only status.
03_TOOLS/scripts/kicad_schematic_checks/README.md,TODO_OR_TBD,MEDIUM,Replace placeholders with verified content or clearly mark intentionally unverified/template-only status.
03_TOOLS/scripts/kicad_schematic_checks/check_needs_review_markers.py,TODO_OR_TBD,MEDIUM,Replace placeholders with verified content or clearly mark intentionally unverified/template-only status.
03_TOOLS/scripts/kicad_schematic_checks/check_schematic_annotation.py,TODO_OR_TBD,MEDIUM,Replace placeholders with verified content or clearly mark intentionally unverified/template-only status.
03_TOOLS/scripts/kicad_schematic_checks/schematic_check_common.py,UNVERIFIED_OR_EXAMPLE_MARKER,MEDIUM,Replace placeholders with verified content or clearly mark intentionally unverified/template-only status.
03_TOOLS/scripts/new_kicad_project_workspace.ps1,TODO_OR_TBD,MEDIUM,Replace placeholders with verified content or clearly mark intentionally unverified/template-only status.
03_TOOLS/scripts/visual/README.md,GENERIC_FOLDER_TEXT,MEDIUM,Replace placeholders with verified content or clearly mark intentionally unverified/template-only status.
03_TOOLS/scripts/visual/generate_schematic_closeups.py,UNVERIFIED_OR_EXAMPLE_MARKER,MEDIUM,Replace placeholders with verified content or clearly mark intentionally unverified/template-only status.
03_TOOLS/windows/repos/AutoHotkey/README-LIB.md,PLACEHOLDER_LANGUAGE,MEDIUM,Replace placeholders with verified content or clearly mark intentionally unverified/template-only status.
03_TOOLS/windows/repos/SikuliX1/API/src/main/resources/htdocs/ControlBox.html,PLACEHOLDER_LANGUAGE,MEDIUM,Replace placeholders with verified content or clearly mark intentionally unverified/template-only status.
03_TOOLS/windows/repos/SikuliX1/IDE/src/main/resources/Lib/HTMLTestRunner.py,TODO_OR_TBD,MEDIUM,Replace placeholders with verified content or clearly mark intentionally unverified/template-only status.
03_TOOLS/windows/repos/SikuliX1/IDE/src/main/resources/Lib/guide/guide.py,TODO_OR_TBD,MEDIUM,Replace placeholders with verified content or clearly mark intentionally unverified/template-only status.
03_TOOLS/windows/repos/SikuliX1/IDE/src/main/resources/Lib/sikuli/Finder.py,TODO_OR_TBD,MEDIUM,Replace placeholders with verified content or clearly mark intentionally unverified/template-only status.
03_TOOLS/windows/repos/SikuliX1/IDE/src/main/resources/Lib/sikuli/Sikuli.py,TODO_OR_TBD,MEDIUM,Replace placeholders with verified content or clearly mark intentionally unverified/template-only status.
03_TOOLS/windows/repos/SikuliX1/IDE/src/main/resources/Lib/site-packages/sites_example.txt,PLACEHOLDER_LANGUAGE,MEDIUM,Replace placeholders with verified content or clearly mark intentionally unverified/template-only status.
03_TOOLS/windows/repos/SikuliX1/IDE/src/main/resources/Lib/xlrd/compdoc.py,TODO_OR_TBD,MEDIUM,Replace placeholders with verified content or clearly mark intentionally unverified/template-only status.
03_TOOLS/windows/repos/SikuliX1/IDE/src/main/resources/Lib/xlrd/formatting.py,TODO_OR_TBD,MEDIUM,Replace placeholders with verified content or clearly mark intentionally unverified/template-only status.
03_TOOLS/windows/repos/SikuliX1/IDE/src/main/resources/Lib/xlrd/formula.py,TODO_OR_TBD,MEDIUM,Replace placeholders with verified content or clearly mark intentionally unverified/template-only status.
03_TOOLS/windows/repos/SikuliX1/IDE/src/main/resources/Lib/xlrd/sheet.py,TODO_OR_TBD,MEDIUM,Replace placeholders with verified content or clearly mark intentionally unverified/template-only status.
03_TOOLS/windows/repos/SikuliX1/IDE/src/main/resources/Lib/xlutils/filter.py,TODO_OR_TBD,MEDIUM,Replace placeholders with verified content or clearly mark intentionally unverified/template-only status.
03_TOOLS/windows/repos/SikuliX1/IDE/src/main/resources/Lib/xlwt/BIFFRecords.py,TODO_OR_TBD,MEDIUM,Replace placeholders with verified content or clearly mark intentionally unverified/template-only status.
03_TOOLS/windows/repos/SikuliX1/IDE/src/main/resources/Lib/xlwt/ExcelFormulaParser.py,TODO_OR_TBD,MEDIUM,Replace placeholders with verified content or clearly mark intentionally unverified/template-only status.
03_TOOLS/windows/repos/SikuliX1/IDE/src/main/resources/Lib/xlwt/antlr.py,TODO_OR_TBD,MEDIUM,Replace placeholders with verified content or clearly mark intentionally unverified/template-only status.
03_TOOLS/windows/repos/SikuliX1/IDE/src/main/resources/scripts/sikuli2html.py,TODO_OR_TBD,MEDIUM,Replace placeholders with verified content or clearly mark intentionally unverified/template-only status.
03_TOOLS/windows/repos/SikuliX1/pages/README.md,VERY_SHORT_MARKDOWN,MEDIUM,"Add actionable content, schema fields, examples, or explicit intentionally-empty status."
04_KICAD_PROJECTS/active/COMMAND_LINK_VERIFIED_REFERENCE/history/ai_scorecards,ONLY_BASIC_INDEX_FILES,MEDIUM,Add substantive family/component/workflow content or mark intentionally reserved.
04_KICAD_PROJECTS/active/COMMAND_LINK_VERIFIED_REFERENCE/history/ai_scorecards/README.md,VERY_SHORT_MARKDOWN,MEDIUM,"Add actionable content, schema fields, examples, or explicit intentionally-empty status."
04_KICAD_PROJECTS/active/COMMAND_LINK_VERIFIED_REFERENCE/history/ai_self_reviews,ONLY_BASIC_INDEX_FILES,MEDIUM,Add substantive family/component/workflow content or mark intentionally reserved.
04_KICAD_PROJECTS/active/COMMAND_LINK_VERIFIED_REFERENCE/history/ai_self_reviews/README.md,VERY_SHORT_MARKDOWN,MEDIUM,"Add actionable content, schema fields, examples, or explicit intentionally-empty status."
04_KICAD_PROJECTS/active/COMMAND_LINK_VERIFIED_REFERENCE/history/claim_evidence_matrices,ONLY_BASIC_INDEX_FILES,MEDIUM,Add substantive family/component/workflow content or mark intentionally reserved.
04_KICAD_PROJECTS/active/COMMAND_LINK_VERIFIED_REFERENCE/history/claim_evidence_matrices/README.md,VERY_SHORT_MARKDOWN,MEDIUM,"Add actionable content, schema fields, examples, or explicit intentionally-empty status."
04_KICAD_PROJECTS/active/COMMAND_LINK_VERIFIED_REFERENCE/history/hallucination_risk_logs,ONLY_BASIC_INDEX_FILES,MEDIUM,Add substantive family/component/workflow content or mark intentionally reserved.
04_KICAD_PROJECTS/active/COMMAND_LINK_VERIFIED_REFERENCE/history/hallucination_risk_logs/README.md,VERY_SHORT_MARKDOWN,MEDIUM,"Add actionable content, schema fields, examples, or explicit intentionally-empty status."
04_KICAD_PROJECTS/active/COMMAND_LINK_VERIFIED_REFERENCE/history/quality_gate_failures,ONLY_BASIC_INDEX_FILES,MEDIUM,Add substantive family/component/workflow content or mark intentionally reserved.
04_KICAD_PROJECTS/active/COMMAND_LINK_VERIFIED_REFERENCE/history/quality_gate_failures/README.md,VERY_SHORT_MARKDOWN,MEDIUM,"Add actionable content, schema fields, examples, or explicit intentionally-empty status."
04_KICAD_PROJECTS/active/COMMAND_LINK_VERIFIED_REFERENCE/history/uncertainty_logs,ONLY_BASIC_INDEX_FILES,MEDIUM,Add substantive family/component/workflow content or mark intentionally reserved.
04_KICAD_PROJECTS/active/COMMAND_LINK_VERIFIED_REFERENCE/history/uncertainty_logs/README.md,VERY_SHORT_MARKDOWN,MEDIUM,"Add actionable content, schema fields, examples, or explicit intentionally-empty status."
04_KICAD_PROJECTS/active/COMMAND_LINK_VERIFIED_REFERENCE/review_outputs/NOT_FINAL_read_only_review_20260430_180511/NOT_FINAL_README.md,GENERIC_FOLDER_TEXT,MEDIUM,Replace placeholders with verified content or clearly mark intentionally unverified/template-only status.
04_KICAD_PROJECTS/active/ESP32_CSI_WIFI_NODE/COMPONENT_SELECTION_PLAN.md,UNVERIFIED_OR_EXAMPLE_MARKER,MEDIUM,Replace placeholders with verified content or clearly mark intentionally unverified/template-only status.
04_KICAD_PROJECTS/active/ESP32_CSI_WIFI_NODE/COMPONENT_SELECTION_REPORT.md,UNVERIFIED_OR_EXAMPLE_MARKER,MEDIUM,Replace placeholders with verified content or clearly mark intentionally unverified/template-only status.
04_KICAD_PROJECTS/active/ESP32_CSI_WIFI_NODE/DATASHEET_CHECKLIST.md,UNVERIFIED_OR_EXAMPLE_MARKER,MEDIUM,Replace placeholders with verified content or clearly mark intentionally unverified/template-only status.
04_KICAD_PROJECTS/active/ESP32_CSI_WIFI_NODE/DESIGN_PLAN.md,PLACEHOLDER_LANGUAGE,MEDIUM,Replace placeholders with verified content or clearly mark intentionally unverified/template-only status.
04_KICAD_PROJECTS/active/ESP32_CSI_WIFI_NODE/REQUIREMENTS.md,PLACEHOLDER_LANGUAGE,MEDIUM,Replace placeholders with verified content or clearly mark intentionally unverified/template-only status.
04_KICAD_PROJECTS/active/ESP32_CSI_WIFI_NODE/SCHEMATIC_ELECTRICAL_AUDIT.md,UNVERIFIED_OR_EXAMPLE_MARKER,MEDIUM,Replace placeholders with verified content or clearly mark intentionally unverified/template-only status.
04_KICAD_PROJECTS/active/ESP32_CSI_WIFI_NODE/history/ai_scorecards/EXAMPLE_ONLY_USB_C_UNVERIFIED_FOOTPRINT_SCORECARD.md,UNVERIFIED_OR_EXAMPLE_MARKER,MEDIUM,Replace placeholders with verified content or clearly mark intentionally unverified/template-only status.
04_KICAD_PROJECTS/active/ESP32_CSI_WIFI_NODE/history/ai_scorecards/README.md,VERY_SHORT_MARKDOWN,MEDIUM,"Add actionable content, schema fields, examples, or explicit intentionally-empty status."
04_KICAD_PROJECTS/active/ESP32_CSI_WIFI_NODE/history/ai_self_reviews/FOOTPRINT_PACKAGE_AUDIT_SELF_REVIEW.md,UNVERIFIED_OR_EXAMPLE_MARKER,MEDIUM,Replace placeholders with verified content or clearly mark intentionally unverified/template-only status.
04_KICAD_PROJECTS/active/ESP32_CSI_WIFI_NODE/history/ai_self_reviews/README.md,VERY_SHORT_MARKDOWN,MEDIUM,"Add actionable content, schema fields, examples, or explicit intentionally-empty status."
04_KICAD_PROJECTS/active/ESP32_CSI_WIFI_NODE/history/claim_evidence_matrices/EXAMPLE_ONLY_USB_C_UNVERIFIED_FOOTPRINT_MATRIX.md,VERY_SHORT_MARKDOWN,MEDIUM,"Add actionable content, schema fields, examples, or explicit intentionally-empty status."
04_KICAD_PROJECTS/active/ESP32_CSI_WIFI_NODE/history/claim_evidence_matrices/EXAMPLE_ONLY_USB_C_UNVERIFIED_FOOTPRINT_MATRIX.md,UNVERIFIED_OR_EXAMPLE_MARKER,MEDIUM,Replace placeholders with verified content or clearly mark intentionally unverified/template-only status.
04_KICAD_PROJECTS/active/ESP32_CSI_WIFI_NODE/history/claim_evidence_matrices/FOOTPRINT_PACKAGE_AUDIT_CLAIM_EVIDENCE_MATRIX.md,UNVERIFIED_OR_EXAMPLE_MARKER,MEDIUM,Replace placeholders with verified content or clearly mark intentionally unverified/template-only status.
04_KICAD_PROJECTS/active/ESP32_CSI_WIFI_NODE/history/claim_evidence_matrices/README.md,VERY_SHORT_MARKDOWN,MEDIUM,"Add actionable content, schema fields, examples, or explicit intentionally-empty status."
04_KICAD_PROJECTS/active/ESP32_CSI_WIFI_NODE/history/failed_attempts/EXAMPLE_ONLY_USB_C_CONNECTOR_FOOTPRINT_WRONG.md,UNVERIFIED_OR_EXAMPLE_MARKER,MEDIUM,Replace placeholders with verified content or clearly mark intentionally unverified/template-only status.
04_KICAD_PROJECTS/active/ESP32_CSI_WIFI_NODE/history/hallucination_risk_logs/EXAMPLE_ONLY_USB_C_UNVERIFIED_FOOTPRINT_RISK.md,UNVERIFIED_OR_EXAMPLE_MARKER,MEDIUM,Replace placeholders with verified content or clearly mark intentionally unverified/template-only status.
04_KICAD_PROJECTS/active/ESP32_CSI_WIFI_NODE/history/hallucination_risk_logs/FOOTPRINT_PACKAGE_AUDIT_HALLUCINATION_RISK_LOG.md,UNVERIFIED_OR_EXAMPLE_MARKER,MEDIUM,Replace placeholders with verified content or clearly mark intentionally unverified/template-only status.
04_KICAD_PROJECTS/active/ESP32_CSI_WIFI_NODE/history/hallucination_risk_logs/PCB_PLACEMENT_PASS_2_BLOCKED_HALLUCINATION_RISK_LOG.md,UNVERIFIED_OR_EXAMPLE_MARKER,MEDIUM,Replace placeholders with verified content or clearly mark intentionally unverified/template-only status.
04_KICAD_PROJECTS/active/ESP32_CSI_WIFI_NODE/history/hallucination_risk_logs/README.md,VERY_SHORT_MARKDOWN,MEDIUM,"Add actionable content, schema fields, examples, or explicit intentionally-empty status."
04_KICAD_PROJECTS/active/ESP32_CSI_WIFI_NODE/history/issue_logs/EXAMPLE_ONLY_USB_C_CONNECTOR_FOOTPRINT_REVIEW.md,UNVERIFIED_OR_EXAMPLE_MARKER,MEDIUM,Replace placeholders with verified content or clearly mark intentionally unverified/template-only status.
04_KICAD_PROJECTS/active/ESP32_CSI_WIFI_NODE/history/issue_logs/EXAMPLE_ONLY_USB_C_EXACT_FOOTPRINT_REVIEW_REQUIRED.md,UNVERIFIED_OR_EXAMPLE_MARKER,MEDIUM,Replace placeholders with verified content or clearly mark intentionally unverified/template-only status.
04_KICAD_PROJECTS/active/ESP32_CSI_WIFI_NODE/history/issue_logs/FOOTPRINT_PACKAGE_AUDIT_OPEN_ISSUES.md,UNVERIFIED_OR_EXAMPLE_MARKER,MEDIUM,Replace placeholders with verified content or clearly mark intentionally unverified/template-only status.
04_KICAD_PROJECTS/active/ESP32_CSI_WIFI_NODE/history/issue_logs/SCHEMATIC_ELECTRICAL_BLOCKERS_REMAIN_OPEN.md,UNVERIFIED_OR_EXAMPLE_MARKER,MEDIUM,Replace placeholders with verified content or clearly mark intentionally unverified/template-only status.
04_KICAD_PROJECTS/active/ESP32_CSI_WIFI_NODE/history/issue_logs/SCHEMATIC_TO_PCB_GATE_BLOCKED.md,UNVERIFIED_OR_EXAMPLE_MARKER,MEDIUM,Replace placeholders with verified content or clearly mark intentionally unverified/template-only status.
04_KICAD_PROJECTS/active/ESP32_CSI_WIFI_NODE/history/quality_gate_failures/EXAMPLE_ONLY_USB_C_UNVERIFIED_FOOTPRINT_GATE_FAILURE.md,UNVERIFIED_OR_EXAMPLE_MARKER,MEDIUM,Replace placeholders with verified content or clearly mark intentionally unverified/template-only status.
04_KICAD_PROJECTS/active/ESP32_CSI_WIFI_NODE/history/quality_gate_failures/PCB_CRITICAL_NETS_ROUTING_BLOCKED_NO_PCB.md,UNVERIFIED_OR_EXAMPLE_MARKER,MEDIUM,Replace placeholders with verified content or clearly mark intentionally unverified/template-only status.
04_KICAD_PROJECTS/active/ESP32_CSI_WIFI_NODE/history/quality_gate_failures/README.md,VERY_SHORT_MARKDOWN,MEDIUM,"Add actionable content, schema fields, examples, or explicit intentionally-empty status."
04_KICAD_PROJECTS/active/ESP32_CSI_WIFI_NODE/history/uncertainty_logs/EXAMPLE_ONLY_USB_C_UNVERIFIED_FOOTPRINT_UNCERTAINTY.md,UNVERIFIED_OR_EXAMPLE_MARKER,MEDIUM,Replace placeholders with verified content or clearly mark intentionally unverified/template-only status.
04_KICAD_PROJECTS/active/ESP32_CSI_WIFI_NODE/history/uncertainty_logs/FOOTPRINT_PACKAGE_AUDIT_UNCERTAINTY_LOG.md,UNVERIFIED_OR_EXAMPLE_MARKER,MEDIUM,Replace placeholders with verified content or clearly mark intentionally unverified/template-only status.
04_KICAD_PROJECTS/active/ESP32_CSI_WIFI_NODE/history/uncertainty_logs/README.md,VERY_SHORT_MARKDOWN,MEDIUM,"Add actionable content, schema fields, examples, or explicit intentionally-empty status."
04_KICAD_PROJECTS/active/ESP32_CSI_WIFI_NODE/history/user_corrections/EXAMPLE_ONLY_USB_C_CONNECTOR_FOOTPRINT_WRONG.md,UNVERIFIED_OR_EXAMPLE_MARKER,MEDIUM,Replace placeholders with verified content or clearly mark intentionally unverified/template-only status.
04_KICAD_PROJECTS/active/ESP32_CSI_WIFI_NODE/memory/EXAMPLE_ONLY_USB_C_CONNECTOR_MEMORY_UPDATE.md,UNVERIFIED_OR_EXAMPLE_MARKER,MEDIUM,Replace placeholders with verified content or clearly mark intentionally unverified/template-only status.
04_KICAD_PROJECTS/active/ESP32_CSI_WIFI_NODE/memory/EXAMPLE_ONLY_USB_C_GENERIC_FOOTPRINT_WARNING.md,UNVERIFIED_OR_EXAMPLE_MARKER,MEDIUM,Replace placeholders with verified content or clearly mark intentionally unverified/template-only status.
04_KICAD_PROJECTS/active/ESP32_CSI_WIFI_NODE/memory/OPEN_DESIGN_RISKS.md,UNVERIFIED_OR_EXAMPLE_MARKER,MEDIUM,Replace placeholders with verified content or clearly mark intentionally unverified/template-only status.
04_KICAD_PROJECTS/active/ESP32_CSI_WIFI_NODE/reports/CLOSE_UP_REVIEW.md,UNVERIFIED_OR_EXAMPLE_MARKER,MEDIUM,Replace placeholders with verified content or clearly mark intentionally unverified/template-only status.
04_KICAD_PROJECTS/active/ESP32_CSI_WIFI_NODE/reports/FOOTPRINT_PACKAGE_AUDIT.md,UNVERIFIED_OR_EXAMPLE_MARKER,MEDIUM,Replace placeholders with verified content or clearly mark intentionally unverified/template-only status.
04_KICAD_PROJECTS/active/ESP32_CSI_WIFI_NODE/reports/PCB_CRITICAL_NETS_ROUTING_REPORT.md,UNVERIFIED_OR_EXAMPLE_MARKER,MEDIUM,Replace placeholders with verified content or clearly mark intentionally unverified/template-only status.
04_KICAD_PROJECTS/active/ESP32_CSI_WIFI_NODE/reports/PCB_PLACEMENT_PASS_2_ORIENTATION_REPORT.md,UNVERIFIED_OR_EXAMPLE_MARKER,MEDIUM,Replace placeholders with verified content or clearly mark intentionally unverified/template-only status.
04_KICAD_PROJECTS/active/ESP32_CSI_WIFI_NODE/reports/PCB_ROUTING_PLAN.md,UNVERIFIED_OR_EXAMPLE_MARKER,MEDIUM,Replace placeholders with verified content or clearly mark intentionally unverified/template-only status.
04_KICAD_PROJECTS/active/ESP32_CSI_WIFI_NODE/reports/PCB_UPDATE_FROM_SCHEMATIC_REPORT.md,UNVERIFIED_OR_EXAMPLE_MARKER,MEDIUM,Replace placeholders with verified content or clearly mark intentionally unverified/template-only status.
04_KICAD_PROJECTS/active/ESP32_CSI_WIFI_NODE/reports/SCHEMATIC_ANNOTATION_CHECK.json,UNVERIFIED_OR_EXAMPLE_MARKER,MEDIUM,Replace placeholders with verified content or clearly mark intentionally unverified/template-only status.
04_KICAD_PROJECTS/active/ESP32_CSI_WIFI_NODE/reports/SCHEMATIC_ANNOTATION_CHECK.md,UNVERIFIED_OR_EXAMPLE_MARKER,MEDIUM,Replace placeholders with verified content or clearly mark intentionally unverified/template-only status.
04_KICAD_PROJECTS/active/ESP32_CSI_WIFI_NODE/reports/SCHEMATIC_CLOSE_UP_VISUAL_REVIEW.md,UNVERIFIED_OR_EXAMPLE_MARKER,MEDIUM,Replace placeholders with verified content or clearly mark intentionally unverified/template-only status.
04_KICAD_PROJECTS/active/ESP32_CSI_WIFI_NODE/reports/SCHEMATIC_ELECTRICAL_BLOCKERS_REPAIR_PLAN.md,UNVERIFIED_OR_EXAMPLE_MARKER,MEDIUM,Replace placeholders with verified content or clearly mark intentionally unverified/template-only status.
04_KICAD_PROJECTS/active/ESP32_CSI_WIFI_NODE/reports/SCHEMATIC_NEEDS_REVIEW_MARKER_CHECK.json,UNVERIFIED_OR_EXAMPLE_MARKER,MEDIUM,Replace placeholders with verified content or clearly mark intentionally unverified/template-only status.
04_KICAD_PROJECTS/active/ESP32_CSI_WIFI_NODE/reports/SCHEMATIC_NEEDS_REVIEW_MARKER_CHECK.md,UNVERIFIED_OR_EXAMPLE_MARKER,MEDIUM,Replace placeholders with verified content or clearly mark intentionally unverified/template-only status.
04_KICAD_PROJECTS/active/ESP32_CSI_WIFI_NODE/reports/SCHEMATIC_TO_PCB_GATE_STATUS.md,UNVERIFIED_OR_EXAMPLE_MARKER,MEDIUM,Replace placeholders with verified content or clearly mark intentionally unverified/template-only status.
05_OUTPUTS/datasheet_research/datasheet_source_index.md,PLACEHOLDER_LANGUAGE,MEDIUM,Replace placeholders with verified content or clearly mark intentionally unverified/template-only status.
05_OUTPUTS/datasheet_research/summary_stubs/Espressif_ESP32-S3-WROOM-1U_MODULE_DATASHEET_SUMMARY_STUB.md,PLACEHOLDER_LANGUAGE,MEDIUM,Replace placeholders with verified content or clearly mark intentionally unverified/template-only status.
05_OUTPUTS/datasheet_tree/MCU_TREE_COMPLETION_SUMMARY.md,TODO_OR_TBD,MEDIUM,Replace placeholders with verified content or clearly mark intentionally unverified/template-only status.
05_OUTPUTS/installer_smoke_test/KICAD_ENGINE_TEST_2026-05-03T00-18-33-993Z/.claude,ONLY_BASIC_INDEX_FILES,MEDIUM,Add substantive family/component/workflow content or mark intentionally reserved.
05_OUTPUTS/installer_smoke_test/KICAD_ENGINE_TEST_2026-05-03T00-18-33-993Z/.claude/README.md,VERY_SHORT_MARKDOWN,MEDIUM,"Add actionable content, schema fields, examples, or explicit intentionally-empty status."
05_OUTPUTS/installer_smoke_test/KICAD_ENGINE_TEST_2026-05-03T00-18-33-993Z/.codex/README.md,VERY_SHORT_MARKDOWN,MEDIUM,"Add actionable content, schema fields, examples, or explicit intentionally-empty status."
05_OUTPUTS/installer_smoke_test/KICAD_ENGINE_TEST_2026-05-03T00-18-33-993Z/.codex/README.md,PLACEHOLDER_LANGUAGE,MEDIUM,Replace placeholders with verified content or clearly mark intentionally unverified/template-only status.
05_OUTPUTS/installer_smoke_test/KICAD_ENGINE_TEST_2026-05-03T00-18-33-993Z/.prompts/claude/03_RESEARCH_COMPONENT.md,PLACEHOLDER_LANGUAGE,MEDIUM,Replace placeholders with verified content or clearly mark intentionally unverified/template-only status.
05_OUTPUTS/installer_smoke_test/KICAD_ENGINE_TEST_2026-05-03T00-18-33-993Z/.prompts/claude/04_ADD_COMPONENT_TO_DATABASE.md,PLACEHOLDER_LANGUAGE,MEDIUM,Replace placeholders with verified content or clearly mark intentionally unverified/template-only status.
05_OUTPUTS/installer_smoke_test/KICAD_ENGINE_TEST_2026-05-03T00-18-33-993Z/.prompts/shared/COMPONENT_RESEARCH_STANDARD.md,UNVERIFIED_OR_EXAMPLE_MARKER,MEDIUM,Replace placeholders with verified content or clearly mark intentionally unverified/template-only status.
05_OUTPUTS/installer_smoke_test/KICAD_ENGINE_TEST_2026-05-03T00-18-33-993Z/00_CODEX_START/START_HERE.md,PLACEHOLDER_LANGUAGE,MEDIUM,Replace placeholders with verified content or clearly mark intentionally unverified/template-only status.
05_OUTPUTS/installer_smoke_test/KICAD_ENGINE_TEST_2026-05-03T00-18-33-993Z/01_MEMORY/CODING_AND_SCRIPTING_RULES.md,VERY_SHORT_MARKDOWN,MEDIUM,"Add actionable content, schema fields, examples, or explicit intentionally-empty status."
05_OUTPUTS/installer_smoke_test/KICAD_ENGINE_TEST_2026-05-03T00-18-33-993Z/01_MEMORY/COMPONENT_PREFERENCES.md,VERY_SHORT_MARKDOWN,MEDIUM,"Add actionable content, schema fields, examples, or explicit intentionally-empty status."
05_OUTPUTS/installer_smoke_test/KICAD_ENGINE_TEST_2026-05-03T00-18-33-993Z/01_MEMORY/DESIGN_RULES_MEMORY.md,VERY_SHORT_MARKDOWN,MEDIUM,"Add actionable content, schema fields, examples, or explicit intentionally-empty status."
05_OUTPUTS/installer_smoke_test/KICAD_ENGINE_TEST_2026-05-03T00-18-33-993Z/01_MEMORY/DESIGN_RULES_MEMORY.md,TODO_OR_TBD,MEDIUM,Replace placeholders with verified content or clearly mark intentionally unverified/template-only status.
05_OUTPUTS/installer_smoke_test/KICAD_ENGINE_TEST_2026-05-03T00-18-33-993Z/01_MEMORY/FAB_HOUSE_PREFERENCES.md,VERY_SHORT_MARKDOWN,MEDIUM,"Add actionable content, schema fields, examples, or explicit intentionally-empty status."
05_OUTPUTS/installer_smoke_test/KICAD_ENGINE_TEST_2026-05-03T00-18-33-993Z/01_MEMORY/projects,ONLY_BASIC_INDEX_FILES,MEDIUM,Add substantive family/component/workflow content or mark intentionally reserved.
05_OUTPUTS/installer_smoke_test/KICAD_ENGINE_TEST_2026-05-03T00-18-33-993Z/01_MEMORY/projects/README.md,VERY_SHORT_MARKDOWN,MEDIUM,"Add actionable content, schema fields, examples, or explicit intentionally-empty status."
05_OUTPUTS/installer_smoke_test/KICAD_ENGINE_TEST_2026-05-03T00-18-33-993Z/02_HISTORY/README.md,VERY_SHORT_MARKDOWN,MEDIUM,"Add actionable content, schema fields, examples, or explicit intentionally-empty status."
05_OUTPUTS/installer_smoke_test/KICAD_ENGINE_TEST_2026-05-03T00-18-33-993Z/02_HISTORY/command_logs,ONLY_BASIC_INDEX_FILES,MEDIUM,Add substantive family/component/workflow content or mark intentionally reserved.
05_OUTPUTS/installer_smoke_test/KICAD_ENGINE_TEST_2026-05-03T00-18-33-993Z/02_HISTORY/command_logs/README.md,VERY_SHORT_MARKDOWN,MEDIUM,"Add actionable content, schema fields, examples, or explicit intentionally-empty status."
05_OUTPUTS/installer_smoke_test/KICAD_ENGINE_TEST_2026-05-03T00-18-33-993Z/02_HISTORY/design_reviews,ONLY_BASIC_INDEX_FILES,MEDIUM,Add substantive family/component/workflow content or mark intentionally reserved.
05_OUTPUTS/installer_smoke_test/KICAD_ENGINE_TEST_2026-05-03T00-18-33-993Z/02_HISTORY/design_reviews/README.md,VERY_SHORT_MARKDOWN,MEDIUM,"Add actionable content, schema fields, examples, or explicit intentionally-empty status."
05_OUTPUTS/installer_smoke_test/KICAD_ENGINE_TEST_2026-05-03T00-18-33-993Z/02_HISTORY/erc_drc_reports,ONLY_BASIC_INDEX_FILES,MEDIUM,Add substantive family/component/workflow content or mark intentionally reserved.
05_OUTPUTS/installer_smoke_test/KICAD_ENGINE_TEST_2026-05-03T00-18-33-993Z/02_HISTORY/erc_drc_reports/README.md,VERY_SHORT_MARKDOWN,MEDIUM,"Add actionable content, schema fields, examples, or explicit intentionally-empty status."
05_OUTPUTS/installer_smoke_test/KICAD_ENGINE_TEST_2026-05-03T00-18-33-993Z/02_HISTORY/fabrication_reviews,ONLY_BASIC_INDEX_FILES,MEDIUM,Add substantive family/component/workflow content or mark intentionally reserved.
05_OUTPUTS/installer_smoke_test/KICAD_ENGINE_TEST_2026-05-03T00-18-33-993Z/02_HISTORY/fabrication_reviews/README.md,VERY_SHORT_MARKDOWN,MEDIUM,"Add actionable content, schema fields, examples, or explicit intentionally-empty status."
05_OUTPUTS/installer_smoke_test/KICAD_ENGINE_TEST_2026-05-03T00-18-33-993Z/02_HISTORY/project_history,ONLY_BASIC_INDEX_FILES,MEDIUM,Add substantive family/component/workflow content or mark intentionally reserved.
05_OUTPUTS/installer_smoke_test/KICAD_ENGINE_TEST_2026-05-03T00-18-33-993Z/02_HISTORY/project_history/README.md,VERY_SHORT_MARKDOWN,MEDIUM,"Add actionable content, schema fields, examples, or explicit intentionally-empty status."
05_OUTPUTS/installer_smoke_test/KICAD_ENGINE_TEST_2026-05-03T00-18-33-993Z/02_HISTORY/sessions,ONLY_BASIC_INDEX_FILES,MEDIUM,Add substantive family/component/workflow content or mark intentionally reserved.
05_OUTPUTS/installer_smoke_test/KICAD_ENGINE_TEST_2026-05-03T00-18-33-993Z/02_HISTORY/sessions/README.md,VERY_SHORT_MARKDOWN,MEDIUM,"Add actionable content, schema fields, examples, or explicit intentionally-empty status."
05_OUTPUTS/installer_smoke_test/KICAD_ENGINE_TEST_2026-05-03T00-18-33-993Z/03_TOOLS/common,ONLY_BASIC_INDEX_FILES,MEDIUM,Add substantive family/component/workflow content or mark intentionally reserved.
05_OUTPUTS/installer_smoke_test/KICAD_ENGINE_TEST_2026-05-03T00-18-33-993Z/03_TOOLS/kicad_app_intelligence/KICAD_AGENT_TASK_MAP.md,PLACEHOLDER_LANGUAGE,MEDIUM,Replace placeholders with verified content or clearly mark intentionally unverified/template-only status.
05_OUTPUTS/installer_smoke_test/KICAD_ENGINE_TEST_2026-05-03T00-18-33-993Z/03_TOOLS/kicad_library_intelligence/CONNECTOR_FOOTPRINT_WARNINGS.md,PLACEHOLDER_LANGUAGE,MEDIUM,Replace placeholders with verified content or clearly mark intentionally unverified/template-only status.
05_OUTPUTS/installer_smoke_test/KICAD_ENGINE_TEST_2026-05-03T00-18-33-993Z/03_TOOLS/kicad_library_intelligence/GENERATED_INDEXES,ONLY_BASIC_INDEX_FILES,MEDIUM,Add substantive family/component/workflow content or mark intentionally reserved.
05_OUTPUTS/installer_smoke_test/KICAD_ENGINE_TEST_2026-05-03T00-18-33-993Z/03_TOOLS/kicad_library_intelligence/GENERATED_INDEXES/README.md,VERY_SHORT_MARKDOWN,MEDIUM,"Add actionable content, schema fields, examples, or explicit intentionally-empty status."
05_OUTPUTS/installer_smoke_test/KICAD_ENGINE_TEST_2026-05-03T00-18-33-993Z/03_TOOLS/kicad_library_intelligence/SYMBOL_LIBRARY_INDEX.md,PLACEHOLDER_LANGUAGE,MEDIUM,Replace placeholders with verified content or clearly mark intentionally unverified/template-only status.
05_OUTPUTS/installer_smoke_test/KICAD_ENGINE_TEST_2026-05-03T00-18-33-993Z/03_TOOLS/scripts/new_kicad_project_workspace.ps1,TODO_OR_TBD,MEDIUM,Replace placeholders with verified content or clearly mark intentionally unverified/template-only status.
05_OUTPUTS/installer_smoke_test/KICAD_ENGINE_TEST_2026-05-03T00-18-33-993Z/04_KICAD_PROJECTS/README.md,VERY_SHORT_MARKDOWN,MEDIUM,"Add actionable content, schema fields, examples, or explicit intentionally-empty status."
05_OUTPUTS/installer_smoke_test/KICAD_ENGINE_TEST_2026-05-03T00-18-33-993Z/04_KICAD_PROJECTS/active,ONLY_BASIC_INDEX_FILES,MEDIUM,Add substantive family/component/workflow content or mark intentionally reserved.
05_OUTPUTS/installer_smoke_test/KICAD_ENGINE_TEST_2026-05-03T00-18-33-993Z/04_KICAD_PROJECTS/active/README.md,VERY_SHORT_MARKDOWN,MEDIUM,"Add actionable content, schema fields, examples, or explicit intentionally-empty status."
05_OUTPUTS/installer_smoke_test/KICAD_ENGINE_TEST_2026-05-03T00-18-33-993Z/04_KICAD_PROJECTS/archive,ONLY_BASIC_INDEX_FILES,MEDIUM,Add substantive family/component/workflow content or mark intentionally reserved.
05_OUTPUTS/installer_smoke_test/KICAD_ENGINE_TEST_2026-05-03T00-18-33-993Z/04_KICAD_PROJECTS/archive/README.md,VERY_SHORT_MARKDOWN,MEDIUM,"Add actionable content, schema fields, examples, or explicit intentionally-empty status."
05_OUTPUTS/installer_smoke_test/KICAD_ENGINE_TEST_2026-05-03T00-18-33-993Z/05_OUTPUTS/README.md,VERY_SHORT_MARKDOWN,MEDIUM,"Add actionable content, schema fields, examples, or explicit intentionally-empty status."
05_OUTPUTS/installer_smoke_test/KICAD_ENGINE_TEST_2026-05-03T00-18-33-993Z/06_DATASHEETS/00_INDEX/DATASHEET_LIBRARY_README.md,GENERIC_FOLDER_TEXT,MEDIUM,Replace placeholders with verified content or clearly mark intentionally unverified/template-only status.
05_OUTPUTS/installer_smoke_test/KICAD_ENGINE_TEST_2026-05-03T00-18-33-993Z/06_DATASHEETS/00_INDEX/DUPLICATES_AND_REVISIONS.md,TODO_OR_TBD,MEDIUM,Replace placeholders with verified content or clearly mark intentionally unverified/template-only status.
05_OUTPUTS/installer_smoke_test/KICAD_ENGINE_TEST_2026-05-03T00-18-33-993Z/06_DATASHEETS/00_INDEX/INDEX.md,VERY_SHORT_MARKDOWN,MEDIUM,"Add actionable content, schema fields, examples, or explicit intentionally-empty status."
05_OUTPUTS/installer_smoke_test/KICAD_ENGINE_TEST_2026-05-03T00-18-33-993Z/06_DATASHEETS/00_INDEX/INDEX.md,TODO_OR_TBD,MEDIUM,Replace placeholders with verified content or clearly mark intentionally unverified/template-only status.
05_OUTPUTS/installer_smoke_test/KICAD_ENGINE_TEST_2026-05-03T00-18-33-993Z/06_DATASHEETS/00_INDEX/MASTER_DATASHEET_INDEX.md,TODO_OR_TBD,MEDIUM,Replace placeholders with verified content or clearly mark intentionally unverified/template-only status.
05_OUTPUTS/installer_smoke_test/KICAD_ENGINE_TEST_2026-05-03T00-18-33-993Z/06_DATASHEETS/00_INDEX/MISSING.md,VERY_SHORT_MARKDOWN,MEDIUM,"Add actionable content, schema fields, examples, or explicit intentionally-empty status."
05_OUTPUTS/installer_smoke_test/KICAD_ENGINE_TEST_2026-05-03T00-18-33-993Z/06_DATASHEETS/00_INDEX/MISSING.md,TODO_OR_TBD,MEDIUM,Replace placeholders with verified content or clearly mark intentionally unverified/template-only status.
05_OUTPUTS/installer_smoke_test/KICAD_ENGINE_TEST_2026-05-03T00-18-33-993Z/06_DATASHEETS/00_INDEX/MISSING_DATASHEETS.md,VERY_SHORT_MARKDOWN,MEDIUM,"Add actionable content, schema fields, examples, or explicit intentionally-empty status."
05_OUTPUTS/installer_smoke_test/KICAD_ENGINE_TEST_2026-05-03T00-18-33-993Z/06_DATASHEETS/00_INDEX/SOURCES.md,VERY_SHORT_MARKDOWN,MEDIUM,"Add actionable content, schema fields, examples, or explicit intentionally-empty status."
05_OUTPUTS/installer_smoke_test/KICAD_ENGINE_TEST_2026-05-03T00-18-33-993Z/06_DATASHEETS/00_INDEX/SOURCES.md,TODO_OR_TBD,MEDIUM,Replace placeholders with verified content or clearly mark intentionally unverified/template-only status.
05_OUTPUTS/installer_smoke_test/KICAD_ENGINE_TEST_2026-05-03T00-18-33-993Z/06_DATASHEETS/01_MICROCONTROLLERS/ATMEL_LEGACY,ONLY_BASIC_INDEX_FILES,MEDIUM,Add substantive family/component/workflow content or mark intentionally reserved.
05_OUTPUTS/installer_smoke_test/KICAD_ENGINE_TEST_2026-05-03T00-18-33-993Z/06_DATASHEETS/01_MICROCONTROLLERS/ATMEL_LEGACY/INDEX.md,VERY_SHORT_MARKDOWN,MEDIUM,"Add actionable content, schema fields, examples, or explicit intentionally-empty status."
05_OUTPUTS/installer_smoke_test/KICAD_ENGINE_TEST_2026-05-03T00-18-33-993Z/06_DATASHEETS/01_MICROCONTROLLERS/ATMEL_LEGACY/INDEX.md,TODO_OR_TBD,MEDIUM,Replace placeholders with verified content or clearly mark intentionally unverified/template-only status.
05_OUTPUTS/installer_smoke_test/KICAD_ENGINE_TEST_2026-05-03T00-18-33-993Z/06_DATASHEETS/01_MICROCONTROLLERS/ATMEL_LEGACY/MISSING.md,VERY_SHORT_MARKDOWN,MEDIUM,"Add actionable content, schema fields, examples, or explicit intentionally-empty status."
05_OUTPUTS/installer_smoke_test/KICAD_ENGINE_TEST_2026-05-03T00-18-33-993Z/06_DATASHEETS/01_MICROCONTROLLERS/ATMEL_LEGACY/MISSING.md,TODO_OR_TBD,MEDIUM,Replace placeholders with verified content or clearly mark intentionally unverified/template-only status.
05_OUTPUTS/installer_smoke_test/KICAD_ENGINE_TEST_2026-05-03T00-18-33-993Z/06_DATASHEETS/01_MICROCONTROLLERS/ATMEL_LEGACY/SOURCES.md,VERY_SHORT_MARKDOWN,MEDIUM,"Add actionable content, schema fields, examples, or explicit intentionally-empty status."
05_OUTPUTS/installer_smoke_test/KICAD_ENGINE_TEST_2026-05-03T00-18-33-993Z/06_DATASHEETS/01_MICROCONTROLLERS/ATMEL_LEGACY/SOURCES.md,TODO_OR_TBD,MEDIUM,Replace placeholders with verified content or clearly mark intentionally unverified/template-only status.
05_OUTPUTS/installer_smoke_test/KICAD_ENGINE_TEST_2026-05-03T00-18-33-993Z/06_DATASHEETS/01_MICROCONTROLLERS/ESPRESSIF/ANTENNA_RF_REFERENCES,ONLY_BASIC_INDEX_FILES,MEDIUM,Add substantive family/component/workflow content or mark intentionally reserved.
05_OUTPUTS/installer_smoke_test/KICAD_ENGINE_TEST_2026-05-03T00-18-33-993Z/06_DATASHEETS/01_MICROCONTROLLERS/ESPRESSIF/ANTENNA_RF_REFERENCES/INDEX.md,VERY_SHORT_MARKDOWN,MEDIUM,"Add actionable content, schema fields, examples, or explicit intentionally-empty status."
05_OUTPUTS/installer_smoke_test/KICAD_ENGINE_TEST_2026-05-03T00-18-33-993Z/06_DATASHEETS/01_MICROCONTROLLERS/ESPRESSIF/ANTENNA_RF_REFERENCES/INDEX.md,TODO_OR_TBD,MEDIUM,Replace placeholders with verified content or clearly mark intentionally unverified/template-only status.
05_OUTPUTS/installer_smoke_test/KICAD_ENGINE_TEST_2026-05-03T00-18-33-993Z/06_DATASHEETS/01_MICROCONTROLLERS/ESPRESSIF/ANTENNA_RF_REFERENCES/MISSING.md,VERY_SHORT_MARKDOWN,MEDIUM,"Add actionable content, schema fields, examples, or explicit intentionally-empty status."
05_OUTPUTS/installer_smoke_test/KICAD_ENGINE_TEST_2026-05-03T00-18-33-993Z/06_DATASHEETS/01_MICROCONTROLLERS/ESPRESSIF/ANTENNA_RF_REFERENCES/MISSING.md,TODO_OR_TBD,MEDIUM,Replace placeholders with verified content or clearly mark intentionally unverified/template-only status.
05_OUTPUTS/installer_smoke_test/KICAD_ENGINE_TEST_2026-05-03T00-18-33-993Z/06_DATASHEETS/01_MICROCONTROLLERS/ESPRESSIF/ANTENNA_RF_REFERENCES/SOURCES.md,VERY_SHORT_MARKDOWN,MEDIUM,"Add actionable content, schema fields, examples, or explicit intentionally-empty status."
05_OUTPUTS/installer_smoke_test/KICAD_ENGINE_TEST_2026-05-03T00-18-33-993Z/06_DATASHEETS/01_MICROCONTROLLERS/ESPRESSIF/ANTENNA_RF_REFERENCES/SOURCES.md,TODO_OR_TBD,MEDIUM,Replace placeholders with verified content or clearly mark intentionally unverified/template-only status.
05_OUTPUTS/installer_smoke_test/KICAD_ENGINE_TEST_2026-05-03T00-18-33-993Z/06_DATASHEETS/01_MICROCONTROLLERS/ESPRESSIF/DESIGN_GUIDES,ONLY_BASIC_INDEX_FILES,MEDIUM,Add substantive family/component/workflow content or mark intentionally reserved.
05_OUTPUTS/installer_smoke_test/KICAD_ENGINE_TEST_2026-05-03T00-18-33-993Z/06_DATASHEETS/01_MICROCONTROLLERS/ESPRESSIF/DESIGN_GUIDES/INDEX.md,VERY_SHORT_MARKDOWN,MEDIUM,"Add actionable content, schema fields, examples, or explicit intentionally-empty status."
05_OUTPUTS/installer_smoke_test/KICAD_ENGINE_TEST_2026-05-03T00-18-33-993Z/06_DATASHEETS/01_MICROCONTROLLERS/ESPRESSIF/DESIGN_GUIDES/INDEX.md,TODO_OR_TBD,MEDIUM,Replace placeholders with verified content or clearly mark intentionally unverified/template-only status.
05_OUTPUTS/installer_smoke_test/KICAD_ENGINE_TEST_2026-05-03T00-18-33-993Z/06_DATASHEETS/01_MICROCONTROLLERS/ESPRESSIF/DESIGN_GUIDES/MISSING.md,VERY_SHORT_MARKDOWN,MEDIUM,"Add actionable content, schema fields, examples, or explicit intentionally-empty status."
05_OUTPUTS/installer_smoke_test/KICAD_ENGINE_TEST_2026-05-03T00-18-33-993Z/06_DATASHEETS/01_MICROCONTROLLERS/ESPRESSIF/DESIGN_GUIDES/MISSING.md,TODO_OR_TBD,MEDIUM,Replace placeholders with verified content or clearly mark intentionally unverified/template-only status.
05_OUTPUTS/installer_smoke_test/KICAD_ENGINE_TEST_2026-05-03T00-18-33-993Z/06_DATASHEETS/01_MICROCONTROLLERS/ESPRESSIF/DESIGN_GUIDES/SOURCES.md,VERY_SHORT_MARKDOWN,MEDIUM,"Add actionable content, schema fields, examples, or explicit intentionally-empty status."
05_OUTPUTS/installer_smoke_test/KICAD_ENGINE_TEST_2026-05-03T00-18-33-993Z/06_DATASHEETS/01_MICROCONTROLLERS/ESPRESSIF/DESIGN_GUIDES/SOURCES.md,TODO_OR_TBD,MEDIUM,Replace placeholders with verified content or clearly mark intentionally unverified/template-only status.
05_OUTPUTS/installer_smoke_test/KICAD_ENGINE_TEST_2026-05-03T00-18-33-993Z/06_DATASHEETS/01_MICROCONTROLLERS/ESPRESSIF/ERRATA,ONLY_BASIC_INDEX_FILES,MEDIUM,Add substantive family/component/workflow content or mark intentionally reserved.
05_OUTPUTS/installer_smoke_test/KICAD_ENGINE_TEST_2026-05-03T00-18-33-993Z/06_DATASHEETS/01_MICROCONTROLLERS/ESPRESSIF/ERRATA/INDEX.md,VERY_SHORT_MARKDOWN,MEDIUM,"Add actionable content, schema fields, examples, or explicit intentionally-empty status."
05_OUTPUTS/installer_smoke_test/KICAD_ENGINE_TEST_2026-05-03T00-18-33-993Z/06_DATASHEETS/01_MICROCONTROLLERS/ESPRESSIF/ERRATA/INDEX.md,TODO_OR_TBD,MEDIUM,Replace placeholders with verified content or clearly mark intentionally unverified/template-only status.
05_OUTPUTS/installer_smoke_test/KICAD_ENGINE_TEST_2026-05-03T00-18-33-993Z/06_DATASHEETS/01_MICROCONTROLLERS/ESPRESSIF/ERRATA/MISSING.md,VERY_SHORT_MARKDOWN,MEDIUM,"Add actionable content, schema fields, examples, or explicit intentionally-empty status."
05_OUTPUTS/installer_smoke_test/KICAD_ENGINE_TEST_2026-05-03T00-18-33-993Z/06_DATASHEETS/01_MICROCONTROLLERS/ESPRESSIF/ERRATA/MISSING.md,TODO_OR_TBD,MEDIUM,Replace placeholders with verified content or clearly mark intentionally unverified/template-only status.
05_OUTPUTS/installer_smoke_test/KICAD_ENGINE_TEST_2026-05-03T00-18-33-993Z/06_DATASHEETS/01_MICROCONTROLLERS/ESPRESSIF/ERRATA/SOURCES.md,VERY_SHORT_MARKDOWN,MEDIUM,"Add actionable content, schema fields, examples, or explicit intentionally-empty status."
05_OUTPUTS/installer_smoke_test/KICAD_ENGINE_TEST_2026-05-03T00-18-33-993Z/06_DATASHEETS/01_MICROCONTROLLERS/ESPRESSIF/ERRATA/SOURCES.md,TODO_OR_TBD,MEDIUM,Replace placeholders with verified content or clearly mark intentionally unverified/template-only status.
05_OUTPUTS/installer_smoke_test/KICAD_ENGINE_TEST_2026-05-03T00-18-33-993Z/06_DATASHEETS/01_MICROCONTROLLERS/ESPRESSIF/ESP32,ONLY_BASIC_INDEX_FILES,MEDIUM,Add substantive family/component/workflow content or mark intentionally reserved.
05_OUTPUTS/installer_smoke_test/KICAD_ENGINE_TEST_2026-05-03T00-18-33-993Z/06_DATASHEETS/01_MICROCONTROLLERS/ESPRESSIF/ESP32/INDEX.md,VERY_SHORT_MARKDOWN,MEDIUM,"Add actionable content, schema fields, examples, or explicit intentionally-empty status."
05_OUTPUTS/installer_smoke_test/KICAD_ENGINE_TEST_2026-05-03T00-18-33-993Z/06_DATASHEETS/01_MICROCONTROLLERS/ESPRESSIF/ESP32/INDEX.md,TODO_OR_TBD,MEDIUM,Replace placeholders with verified content or clearly mark intentionally unverified/template-only status.
05_OUTPUTS/installer_smoke_test/KICAD_ENGINE_TEST_2026-05-03T00-18-33-993Z/06_DATASHEETS/01_MICROCONTROLLERS/ESPRESSIF/ESP32/MISSING.md,VERY_SHORT_MARKDOWN,MEDIUM,"Add actionable content, schema fields, examples, or explicit intentionally-empty status."
05_OUTPUTS/installer_smoke_test/KICAD_ENGINE_TEST_2026-05-03T00-18-33-993Z/06_DATASHEETS/01_MICROCONTROLLERS/ESPRESSIF/ESP32/MISSING.md,TODO_OR_TBD,MEDIUM,Replace placeholders with verified content or clearly mark intentionally unverified/template-only status.
05_OUTPUTS/installer_smoke_test/KICAD_ENGINE_TEST_2026-05-03T00-18-33-993Z/06_DATASHEETS/01_MICROCONTROLLERS/ESPRESSIF/ESP32/SOURCES.md,VERY_SHORT_MARKDOWN,MEDIUM,"Add actionable content, schema fields, examples, or explicit intentionally-empty status."
05_OUTPUTS/installer_smoke_test/KICAD_ENGINE_TEST_2026-05-03T00-18-33-993Z/06_DATASHEETS/01_MICROCONTROLLERS/ESPRESSIF/ESP32/SOURCES.md,TODO_OR_TBD,MEDIUM,Replace placeholders with verified content or clearly mark intentionally unverified/template-only status.
05_OUTPUTS/installer_smoke_test/KICAD_ENGINE_TEST_2026-05-03T00-18-33-993Z/06_DATASHEETS/01_MICROCONTROLLERS/ESPRESSIF/ESP32_C2,ONLY_BASIC_INDEX_FILES,MEDIUM,Add substantive family/component/workflow content or mark intentionally reserved.
05_OUTPUTS/installer_smoke_test/KICAD_ENGINE_TEST_2026-05-03T00-18-33-993Z/06_DATASHEETS/01_MICROCONTROLLERS/ESPRESSIF/ESP32_C2/INDEX.md,VERY_SHORT_MARKDOWN,MEDIUM,"Add actionable content, schema fields, examples, or explicit intentionally-empty status."
05_OUTPUTS/installer_smoke_test/KICAD_ENGINE_TEST_2026-05-03T00-18-33-993Z/06_DATASHEETS/01_MICROCONTROLLERS/ESPRESSIF/ESP32_C2/INDEX.md,TODO_OR_TBD,MEDIUM,Replace placeholders with verified content or clearly mark intentionally unverified/template-only status.
05_OUTPUTS/installer_smoke_test/KICAD_ENGINE_TEST_2026-05-03T00-18-33-993Z/06_DATASHEETS/01_MICROCONTROLLERS/ESPRESSIF/ESP32_C2/MISSING.md,VERY_SHORT_MARKDOWN,MEDIUM,"Add actionable content, schema fields, examples, or explicit intentionally-empty status."
05_OUTPUTS/installer_smoke_test/KICAD_ENGINE_TEST_2026-05-03T00-18-33-993Z/06_DATASHEETS/01_MICROCONTROLLERS/ESPRESSIF/ESP32_C2/MISSING.md,TODO_OR_TBD,MEDIUM,Replace placeholders with verified content or clearly mark intentionally unverified/template-only status.
05_OUTPUTS/installer_smoke_test/KICAD_ENGINE_TEST_2026-05-03T00-18-33-993Z/06_DATASHEETS/01_MICROCONTROLLERS/ESPRESSIF/ESP32_C2/SOURCES.md,VERY_SHORT_MARKDOWN,MEDIUM,"Add actionable content, schema fields, examples, or explicit intentionally-empty status."
05_OUTPUTS/installer_smoke_test/KICAD_ENGINE_TEST_2026-05-03T00-18-33-993Z/06_DATASHEETS/01_MICROCONTROLLERS/ESPRESSIF/ESP32_C2/SOURCES.md,TODO_OR_TBD,MEDIUM,Replace placeholders with verified content or clearly mark intentionally unverified/template-only status.
05_OUTPUTS/installer_smoke_test/KICAD_ENGINE_TEST_2026-05-03T00-18-33-993Z/06_DATASHEETS/01_MICROCONTROLLERS/ESPRESSIF/ESP32_C3,ONLY_BASIC_INDEX_FILES,MEDIUM,Add substantive family/component/workflow content or mark intentionally reserved.
05_OUTPUTS/installer_smoke_test/KICAD_ENGINE_TEST_2026-05-03T00-18-33-993Z/06_DATASHEETS/01_MICROCONTROLLERS/ESPRESSIF/ESP32_C3/INDEX.md,VERY_SHORT_MARKDOWN,MEDIUM,"Add actionable content, schema fields, examples, or explicit intentionally-empty status."
05_OUTPUTS/installer_smoke_test/KICAD_ENGINE_TEST_2026-05-03T00-18-33-993Z/06_DATASHEETS/01_MICROCONTROLLERS/ESPRESSIF/ESP32_C3/INDEX.md,TODO_OR_TBD,MEDIUM,Replace placeholders with verified content or clearly mark intentionally unverified/template-only status.
05_OUTPUTS/installer_smoke_test/KICAD_ENGINE_TEST_2026-05-03T00-18-33-993Z/06_DATASHEETS/01_MICROCONTROLLERS/ESPRESSIF/ESP32_C3/MISSING.md,VERY_SHORT_MARKDOWN,MEDIUM,"Add actionable content, schema fields, examples, or explicit intentionally-empty status."
05_OUTPUTS/installer_smoke_test/KICAD_ENGINE_TEST_2026-05-03T00-18-33-993Z/06_DATASHEETS/01_MICROCONTROLLERS/ESPRESSIF/ESP32_C3/MISSING.md,TODO_OR_TBD,MEDIUM,Replace placeholders with verified content or clearly mark intentionally unverified/template-only status.
05_OUTPUTS/installer_smoke_test/KICAD_ENGINE_TEST_2026-05-03T00-18-33-993Z/06_DATASHEETS/01_MICROCONTROLLERS/ESPRESSIF/ESP32_C3/SOURCES.md,VERY_SHORT_MARKDOWN,MEDIUM,"Add actionable content, schema fields, examples, or explicit intentionally-empty status."
05_OUTPUTS/installer_smoke_test/KICAD_ENGINE_TEST_2026-05-03T00-18-33-993Z/06_DATASHEETS/01_MICROCONTROLLERS/ESPRESSIF/ESP32_C3/SOURCES.md,TODO_OR_TBD,MEDIUM,Replace placeholders with verified content or clearly mark intentionally unverified/template-only status.
05_OUTPUTS/installer_smoke_test/KICAD_ENGINE_TEST_2026-05-03T00-18-33-993Z/06_DATASHEETS/01_MICROCONTROLLERS/ESPRESSIF/ESP32_C5,ONLY_BASIC_INDEX_FILES,MEDIUM,Add substantive family/component/workflow content or mark intentionally reserved.
05_OUTPUTS/installer_smoke_test/KICAD_ENGINE_TEST_2026-05-03T00-18-33-993Z/06_DATASHEETS/01_MICROCONTROLLERS/ESPRESSIF/ESP32_C5/INDEX.md,VERY_SHORT_MARKDOWN,MEDIUM,"Add actionable content, schema fields, examples, or explicit intentionally-empty status."
05_OUTPUTS/installer_smoke_test/KICAD_ENGINE_TEST_2026-05-03T00-18-33-993Z/06_DATASHEETS/01_MICROCONTROLLERS/ESPRESSIF/ESP32_C5/INDEX.md,TODO_OR_TBD,MEDIUM,Replace placeholders with verified content or clearly mark intentionally unverified/template-only status.
05_OUTPUTS/installer_smoke_test/KICAD_ENGINE_TEST_2026-05-03T00-18-33-993Z/06_DATASHEETS/01_MICROCONTROLLERS/ESPRESSIF/ESP32_C5/MISSING.md,VERY_SHORT_MARKDOWN,MEDIUM,"Add actionable content, schema fields, examples, or explicit intentionally-empty status."
05_OUTPUTS/installer_smoke_test/KICAD_ENGINE_TEST_2026-05-03T00-18-33-993Z/06_DATASHEETS/01_MICROCONTROLLERS/ESPRESSIF/ESP32_C5/MISSING.md,TODO_OR_TBD,MEDIUM,Replace placeholders with verified content or clearly mark intentionally unverified/template-only status.
05_OUTPUTS/installer_smoke_test/KICAD_ENGINE_TEST_2026-05-03T00-18-33-993Z/06_DATASHEETS/01_MICROCONTROLLERS/ESPRESSIF/ESP32_C5/SOURCES.md,VERY_SHORT_MARKDOWN,MEDIUM,"Add actionable content, schema fields, examples, or explicit intentionally-empty status."
05_OUTPUTS/installer_smoke_test/KICAD_ENGINE_TEST_2026-05-03T00-18-33-993Z/06_DATASHEETS/01_MICROCONTROLLERS/ESPRESSIF/ESP32_C5/SOURCES.md,TODO_OR_TBD,MEDIUM,Replace placeholders with verified content or clearly mark intentionally unverified/template-only status.
05_OUTPUTS/installer_smoke_test/KICAD_ENGINE_TEST_2026-05-03T00-18-33-993Z/06_DATASHEETS/01_MICROCONTROLLERS/ESPRESSIF/ESP32_C6,ONLY_BASIC_INDEX_FILES,MEDIUM,Add substantive family/component/workflow content or mark intentionally reserved.
05_OUTPUTS/installer_smoke_test/KICAD_ENGINE_TEST_2026-05-03T00-18-33-993Z/06_DATASHEETS/01_MICROCONTROLLERS/ESPRESSIF/ESP32_C6/INDEX.md,VERY_SHORT_MARKDOWN,MEDIUM,"Add actionable content, schema fields, examples, or explicit intentionally-empty status."
05_OUTPUTS/installer_smoke_test/KICAD_ENGINE_TEST_2026-05-03T00-18-33-993Z/06_DATASHEETS/01_MICROCONTROLLERS/ESPRESSIF/ESP32_C6/INDEX.md,TODO_OR_TBD,MEDIUM,Replace placeholders with verified content or clearly mark intentionally unverified/template-only status.
05_OUTPUTS/installer_smoke_test/KICAD_ENGINE_TEST_2026-05-03T00-18-33-993Z/06_DATASHEETS/01_MICROCONTROLLERS/ESPRESSIF/ESP32_C6/MISSING.md,VERY_SHORT_MARKDOWN,MEDIUM,"Add actionable content, schema fields, examples, or explicit intentionally-empty status."
05_OUTPUTS/installer_smoke_test/KICAD_ENGINE_TEST_2026-05-03T00-18-33-993Z/06_DATASHEETS/01_MICROCONTROLLERS/ESPRESSIF/ESP32_C6/MISSING.md,TODO_OR_TBD,MEDIUM,Replace placeholders with verified content or clearly mark intentionally unverified/template-only status.
05_OUTPUTS/installer_smoke_test/KICAD_ENGINE_TEST_2026-05-03T00-18-33-993Z/06_DATASHEETS/01_MICROCONTROLLERS/ESPRESSIF/ESP32_C6/SOURCES.md,VERY_SHORT_MARKDOWN,MEDIUM,"Add actionable content, schema fields, examples, or explicit intentionally-empty status."
05_OUTPUTS/installer_smoke_test/KICAD_ENGINE_TEST_2026-05-03T00-18-33-993Z/06_DATASHEETS/01_MICROCONTROLLERS/ESPRESSIF/ESP32_C6/SOURCES.md,TODO_OR_TBD,MEDIUM,Replace placeholders with verified content or clearly mark intentionally unverified/template-only status.
05_OUTPUTS/installer_smoke_test/KICAD_ENGINE_TEST_2026-05-03T00-18-33-993Z/06_DATASHEETS/01_MICROCONTROLLERS/ESPRESSIF/ESP32_H2,ONLY_BASIC_INDEX_FILES,MEDIUM,Add substantive family/component/workflow content or mark intentionally reserved.
05_OUTPUTS/installer_smoke_test/KICAD_ENGINE_TEST_2026-05-03T00-18-33-993Z/06_DATASHEETS/01_MICROCONTROLLERS/ESPRESSIF/ESP32_H2/INDEX.md,VERY_SHORT_MARKDOWN,MEDIUM,"Add actionable content, schema fields, examples, or explicit intentionally-empty status."
05_OUTPUTS/installer_smoke_test/KICAD_ENGINE_TEST_2026-05-03T00-18-33-993Z/06_DATASHEETS/01_MICROCONTROLLERS/ESPRESSIF/ESP32_H2/INDEX.md,TODO_OR_TBD,MEDIUM,Replace placeholders with verified content or clearly mark intentionally unverified/template-only status.
05_OUTPUTS/installer_smoke_test/KICAD_ENGINE_TEST_2026-05-03T00-18-33-993Z/06_DATASHEETS/01_MICROCONTROLLERS/ESPRESSIF/ESP32_H2/MISSING.md,VERY_SHORT_MARKDOWN,MEDIUM,"Add actionable content, schema fields, examples, or explicit intentionally-empty status."
05_OUTPUTS/installer_smoke_test/KICAD_ENGINE_TEST_2026-05-03T00-18-33-993Z/06_DATASHEETS/01_MICROCONTROLLERS/ESPRESSIF/ESP32_H2/MISSING.md,TODO_OR_TBD,MEDIUM,Replace placeholders with verified content or clearly mark intentionally unverified/template-only status.
05_OUTPUTS/installer_smoke_test/KICAD_ENGINE_TEST_2026-05-03T00-18-33-993Z/06_DATASHEETS/01_MICROCONTROLLERS/ESPRESSIF/ESP32_H2/SOURCES.md,VERY_SHORT_MARKDOWN,MEDIUM,"Add actionable content, schema fields, examples, or explicit intentionally-empty status."
05_OUTPUTS/installer_smoke_test/KICAD_ENGINE_TEST_2026-05-03T00-18-33-993Z/06_DATASHEETS/01_MICROCONTROLLERS/ESPRESSIF/ESP32_H2/SOURCES.md,TODO_OR_TBD,MEDIUM,Replace placeholders with verified content or clearly mark intentionally unverified/template-only status.
05_OUTPUTS/installer_smoke_test/KICAD_ENGINE_TEST_2026-05-03T00-18-33-993Z/06_DATASHEETS/01_MICROCONTROLLERS/ESPRESSIF/ESP32_P4,ONLY_BASIC_INDEX_FILES,MEDIUM,Add substantive family/component/workflow content or mark intentionally reserved.
05_OUTPUTS/installer_smoke_test/KICAD_ENGINE_TEST_2026-05-03T00-18-33-993Z/06_DATASHEETS/01_MICROCONTROLLERS/ESPRESSIF/ESP32_P4/INDEX.md,VERY_SHORT_MARKDOWN,MEDIUM,"Add actionable content, schema fields, examples, or explicit intentionally-empty status."
05_OUTPUTS/installer_smoke_test/KICAD_ENGINE_TEST_2026-05-03T00-18-33-993Z/06_DATASHEETS/01_MICROCONTROLLERS/ESPRESSIF/ESP32_P4/INDEX.md,TODO_OR_TBD,MEDIUM,Replace placeholders with verified content or clearly mark intentionally unverified/template-only status.
05_OUTPUTS/installer_smoke_test/KICAD_ENGINE_TEST_2026-05-03T00-18-33-993Z/06_DATASHEETS/01_MICROCONTROLLERS/ESPRESSIF/ESP32_P4/MISSING.md,VERY_SHORT_MARKDOWN,MEDIUM,"Add actionable content, schema fields, examples, or explicit intentionally-empty status."
05_OUTPUTS/installer_smoke_test/KICAD_ENGINE_TEST_2026-05-03T00-18-33-993Z/06_DATASHEETS/01_MICROCONTROLLERS/ESPRESSIF/ESP32_P4/MISSING.md,TODO_OR_TBD,MEDIUM,Replace placeholders with verified content or clearly mark intentionally unverified/template-only status.
05_OUTPUTS/installer_smoke_test/KICAD_ENGINE_TEST_2026-05-03T00-18-33-993Z/06_DATASHEETS/01_MICROCONTROLLERS/ESPRESSIF/ESP32_P4/SOURCES.md,VERY_SHORT_MARKDOWN,MEDIUM,"Add actionable content, schema fields, examples, or explicit intentionally-empty status."
05_OUTPUTS/installer_smoke_test/KICAD_ENGINE_TEST_2026-05-03T00-18-33-993Z/06_DATASHEETS/01_MICROCONTROLLERS/ESPRESSIF/ESP32_P4/SOURCES.md,TODO_OR_TBD,MEDIUM,Replace placeholders with verified content or clearly mark intentionally unverified/template-only status.
05_OUTPUTS/installer_smoke_test/KICAD_ENGINE_TEST_2026-05-03T00-18-33-993Z/06_DATASHEETS/01_MICROCONTROLLERS/ESPRESSIF/ESP32_S2,ONLY_BASIC_INDEX_FILES,MEDIUM,Add substantive family/component/workflow content or mark intentionally reserved.
05_OUTPUTS/installer_smoke_test/KICAD_ENGINE_TEST_2026-05-03T00-18-33-993Z/06_DATASHEETS/01_MICROCONTROLLERS/ESPRESSIF/ESP32_S2/INDEX.md,VERY_SHORT_MARKDOWN,MEDIUM,"Add actionable content, schema fields, examples, or explicit intentionally-empty status."
05_OUTPUTS/installer_smoke_test/KICAD_ENGINE_TEST_2026-05-03T00-18-33-993Z/06_DATASHEETS/01_MICROCONTROLLERS/ESPRESSIF/ESP32_S2/INDEX.md,TODO_OR_TBD,MEDIUM,Replace placeholders with verified content or clearly mark intentionally unverified/template-only status.
05_OUTPUTS/installer_smoke_test/KICAD_ENGINE_TEST_2026-05-03T00-18-33-993Z/06_DATASHEETS/01_MICROCONTROLLERS/ESPRESSIF/ESP32_S2/MISSING.md,VERY_SHORT_MARKDOWN,MEDIUM,"Add actionable content, schema fields, examples, or explicit intentionally-empty status."
05_OUTPUTS/installer_smoke_test/KICAD_ENGINE_TEST_2026-05-03T00-18-33-993Z/06_DATASHEETS/01_MICROCONTROLLERS/ESPRESSIF/ESP32_S2/MISSING.md,TODO_OR_TBD,MEDIUM,Replace placeholders with verified content or clearly mark intentionally unverified/template-only status.
05_OUTPUTS/installer_smoke_test/KICAD_ENGINE_TEST_2026-05-03T00-18-33-993Z/06_DATASHEETS/01_MICROCONTROLLERS/ESPRESSIF/ESP32_S2/SOURCES.md,VERY_SHORT_MARKDOWN,MEDIUM,"Add actionable content, schema fields, examples, or explicit intentionally-empty status."
05_OUTPUTS/installer_smoke_test/KICAD_ENGINE_TEST_2026-05-03T00-18-33-993Z/06_DATASHEETS/01_MICROCONTROLLERS/ESPRESSIF/ESP32_S2/SOURCES.md,TODO_OR_TBD,MEDIUM,Replace placeholders with verified content or clearly mark intentionally unverified/template-only status.
05_OUTPUTS/installer_smoke_test/KICAD_ENGINE_TEST_2026-05-03T00-18-33-993Z/06_DATASHEETS/01_MICROCONTROLLERS/ESPRESSIF/ESP32_S3,ONLY_BASIC_INDEX_FILES,MEDIUM,Add substantive family/component/workflow content or mark intentionally reserved.
05_OUTPUTS/installer_smoke_test/KICAD_ENGINE_TEST_2026-05-03T00-18-33-993Z/06_DATASHEETS/01_MICROCONTROLLERS/ESPRESSIF/ESP32_S3/INDEX.md,VERY_SHORT_MARKDOWN,MEDIUM,"Add actionable content, schema fields, examples, or explicit intentionally-empty status."
05_OUTPUTS/installer_smoke_test/KICAD_ENGINE_TEST_2026-05-03T00-18-33-993Z/06_DATASHEETS/01_MICROCONTROLLERS/ESPRESSIF/ESP32_S3/INDEX.md,TODO_OR_TBD,MEDIUM,Replace placeholders with verified content or clearly mark intentionally unverified/template-only status.
05_OUTPUTS/installer_smoke_test/KICAD_ENGINE_TEST_2026-05-03T00-18-33-993Z/06_DATASHEETS/01_MICROCONTROLLERS/ESPRESSIF/ESP32_S3/MISSING.md,VERY_SHORT_MARKDOWN,MEDIUM,"Add actionable content, schema fields, examples, or explicit intentionally-empty status."
05_OUTPUTS/installer_smoke_test/KICAD_ENGINE_TEST_2026-05-03T00-18-33-993Z/06_DATASHEETS/01_MICROCONTROLLERS/ESPRESSIF/ESP32_S3/MISSING.md,TODO_OR_TBD,MEDIUM,Replace placeholders with verified content or clearly mark intentionally unverified/template-only status.
05_OUTPUTS/installer_smoke_test/KICAD_ENGINE_TEST_2026-05-03T00-18-33-993Z/06_DATASHEETS/01_MICROCONTROLLERS/ESPRESSIF/ESP32_S3/SOURCES.md,VERY_SHORT_MARKDOWN,MEDIUM,"Add actionable content, schema fields, examples, or explicit intentionally-empty status."
05_OUTPUTS/installer_smoke_test/KICAD_ENGINE_TEST_2026-05-03T00-18-33-993Z/06_DATASHEETS/01_MICROCONTROLLERS/ESPRESSIF/ESP32_S3/SOURCES.md,TODO_OR_TBD,MEDIUM,Replace placeholders with verified content or clearly mark intentionally unverified/template-only status.
05_OUTPUTS/installer_smoke_test/KICAD_ENGINE_TEST_2026-05-03T00-18-33-993Z/06_DATASHEETS/01_MICROCONTROLLERS/ESPRESSIF/ESP8266,ONLY_BASIC_INDEX_FILES,MEDIUM,Add substantive family/component/workflow content or mark intentionally reserved.
05_OUTPUTS/installer_smoke_test/KICAD_ENGINE_TEST_2026-05-03T00-18-33-993Z/06_DATASHEETS/01_MICROCONTROLLERS/ESPRESSIF/ESP8266/INDEX.md,VERY_SHORT_MARKDOWN,MEDIUM,"Add actionable content, schema fields, examples, or explicit intentionally-empty status."
05_OUTPUTS/installer_smoke_test/KICAD_ENGINE_TEST_2026-05-03T00-18-33-993Z/06_DATASHEETS/01_MICROCONTROLLERS/ESPRESSIF/ESP8266/INDEX.md,TODO_OR_TBD,MEDIUM,Replace placeholders with verified content or clearly mark intentionally unverified/template-only status.
05_OUTPUTS/installer_smoke_test/KICAD_ENGINE_TEST_2026-05-03T00-18-33-993Z/06_DATASHEETS/01_MICROCONTROLLERS/ESPRESSIF/ESP8266/MISSING.md,VERY_SHORT_MARKDOWN,MEDIUM,"Add actionable content, schema fields, examples, or explicit intentionally-empty status."
05_OUTPUTS/installer_smoke_test/KICAD_ENGINE_TEST_2026-05-03T00-18-33-993Z/06_DATASHEETS/01_MICROCONTROLLERS/ESPRESSIF/ESP8266/MISSING.md,TODO_OR_TBD,MEDIUM,Replace placeholders with verified content or clearly mark intentionally unverified/template-only status.
05_OUTPUTS/installer_smoke_test/KICAD_ENGINE_TEST_2026-05-03T00-18-33-993Z/06_DATASHEETS/01_MICROCONTROLLERS/ESPRESSIF/ESP8266/SOURCES.md,VERY_SHORT_MARKDOWN,MEDIUM,"Add actionable content, schema fields, examples, or explicit intentionally-empty status."
05_OUTPUTS/installer_smoke_test/KICAD_ENGINE_TEST_2026-05-03T00-18-33-993Z/06_DATASHEETS/01_MICROCONTROLLERS/ESPRESSIF/ESP8266/SOURCES.md,TODO_OR_TBD,MEDIUM,Replace placeholders with verified content or clearly mark intentionally unverified/template-only status.
05_OUTPUTS/installer_smoke_test/KICAD_ENGINE_TEST_2026-05-03T00-18-33-993Z/06_DATASHEETS/01_MICROCONTROLLERS/ESPRESSIF/INDEX.md,VERY_SHORT_MARKDOWN,MEDIUM,"Add actionable content, schema fields, examples, or explicit intentionally-empty status."
05_OUTPUTS/installer_smoke_test/KICAD_ENGINE_TEST_2026-05-03T00-18-33-993Z/06_DATASHEETS/01_MICROCONTROLLERS/ESPRESSIF/INDEX.md,TODO_OR_TBD,MEDIUM,Replace placeholders with verified content or clearly mark intentionally unverified/template-only status.
05_OUTPUTS/installer_smoke_test/KICAD_ENGINE_TEST_2026-05-03T00-18-33-993Z/06_DATASHEETS/01_MICROCONTROLLERS/ESPRESSIF/MISSING.md,VERY_SHORT_MARKDOWN,MEDIUM,"Add actionable content, schema fields, examples, or explicit intentionally-empty status."
05_OUTPUTS/installer_smoke_test/KICAD_ENGINE_TEST_2026-05-03T00-18-33-993Z/06_DATASHEETS/01_MICROCONTROLLERS/ESPRESSIF/MISSING.md,TODO_OR_TBD,MEDIUM,Replace placeholders with verified content or clearly mark intentionally unverified/template-only status.
05_OUTPUTS/installer_smoke_test/KICAD_ENGINE_TEST_2026-05-03T00-18-33-993Z/06_DATASHEETS/01_MICROCONTROLLERS/ESPRESSIF/MODULES,ONLY_BASIC_INDEX_FILES,MEDIUM,Add substantive family/component/workflow content or mark intentionally reserved.
05_OUTPUTS/installer_smoke_test/KICAD_ENGINE_TEST_2026-05-03T00-18-33-993Z/06_DATASHEETS/01_MICROCONTROLLERS/ESPRESSIF/MODULES/INDEX.md,VERY_SHORT_MARKDOWN,MEDIUM,"Add actionable content, schema fields, examples, or explicit intentionally-empty status."
05_OUTPUTS/installer_smoke_test/KICAD_ENGINE_TEST_2026-05-03T00-18-33-993Z/06_DATASHEETS/01_MICROCONTROLLERS/ESPRESSIF/MODULES/INDEX.md,TODO_OR_TBD,MEDIUM,Replace placeholders with verified content or clearly mark intentionally unverified/template-only status.
05_OUTPUTS/installer_smoke_test/KICAD_ENGINE_TEST_2026-05-03T00-18-33-993Z/06_DATASHEETS/01_MICROCONTROLLERS/ESPRESSIF/MODULES/MISSING.md,VERY_SHORT_MARKDOWN,MEDIUM,"Add actionable content, schema fields, examples, or explicit intentionally-empty status."
05_OUTPUTS/installer_smoke_test/KICAD_ENGINE_TEST_2026-05-03T00-18-33-993Z/06_DATASHEETS/01_MICROCONTROLLERS/ESPRESSIF/MODULES/MISSING.md,TODO_OR_TBD,MEDIUM,Replace placeholders with verified content or clearly mark intentionally unverified/template-only status.
05_OUTPUTS/installer_smoke_test/KICAD_ENGINE_TEST_2026-05-03T00-18-33-993Z/06_DATASHEETS/01_MICROCONTROLLERS/ESPRESSIF/MODULES/SOURCES.md,VERY_SHORT_MARKDOWN,MEDIUM,"Add actionable content, schema fields, examples, or explicit intentionally-empty status."
05_OUTPUTS/installer_smoke_test/KICAD_ENGINE_TEST_2026-05-03T00-18-33-993Z/06_DATASHEETS/01_MICROCONTROLLERS/ESPRESSIF/MODULES/SOURCES.md,TODO_OR_TBD,MEDIUM,Replace placeholders with verified content or clearly mark intentionally unverified/template-only status.
05_OUTPUTS/installer_smoke_test/KICAD_ENGINE_TEST_2026-05-03T00-18-33-993Z/06_DATASHEETS/01_MICROCONTROLLERS/ESPRESSIF/README.md,PLACEHOLDER_LANGUAGE,MEDIUM,Replace placeholders with verified content or clearly mark intentionally unverified/template-only status.
05_OUTPUTS/installer_smoke_test/KICAD_ENGINE_TEST_2026-05-03T00-18-33-993Z/06_DATASHEETS/01_MICROCONTROLLERS/ESPRESSIF/SOURCES.md,VERY_SHORT_MARKDOWN,MEDIUM,"Add actionable content, schema fields, examples, or explicit intentionally-empty status."
05_OUTPUTS/installer_smoke_test/KICAD_ENGINE_TEST_2026-05-03T00-18-33-993Z/06_DATASHEETS/01_MICROCONTROLLERS/ESPRESSIF/SOURCES.md,TODO_OR_TBD,MEDIUM,Replace placeholders with verified content or clearly mark intentionally unverified/template-only status.
05_OUTPUTS/installer_smoke_test/KICAD_ENGINE_TEST_2026-05-03T00-18-33-993Z/06_DATASHEETS/01_MICROCONTROLLERS/GIGADEVICE,ONLY_BASIC_INDEX_FILES,MEDIUM,Add substantive family/component/workflow content or mark intentionally reserved.
05_OUTPUTS/installer_smoke_test/KICAD_ENGINE_TEST_2026-05-03T00-18-33-993Z/06_DATASHEETS/01_MICROCONTROLLERS/GIGADEVICE/INDEX.md,VERY_SHORT_MARKDOWN,MEDIUM,"Add actionable content, schema fields, examples, or explicit intentionally-empty status."
05_OUTPUTS/installer_smoke_test/KICAD_ENGINE_TEST_2026-05-03T00-18-33-993Z/06_DATASHEETS/01_MICROCONTROLLERS/GIGADEVICE/INDEX.md,TODO_OR_TBD,MEDIUM,Replace placeholders with verified content or clearly mark intentionally unverified/template-only status.
05_OUTPUTS/installer_smoke_test/KICAD_ENGINE_TEST_2026-05-03T00-18-33-993Z/06_DATASHEETS/01_MICROCONTROLLERS/GIGADEVICE/MISSING.md,VERY_SHORT_MARKDOWN,MEDIUM,"Add actionable content, schema fields, examples, or explicit intentionally-empty status."
05_OUTPUTS/installer_smoke_test/KICAD_ENGINE_TEST_2026-05-03T00-18-33-993Z/06_DATASHEETS/01_MICROCONTROLLERS/GIGADEVICE/MISSING.md,TODO_OR_TBD,MEDIUM,Replace placeholders with verified content or clearly mark intentionally unverified/template-only status.
05_OUTPUTS/installer_smoke_test/KICAD_ENGINE_TEST_2026-05-03T00-18-33-993Z/06_DATASHEETS/01_MICROCONTROLLERS/GIGADEVICE/SOURCES.md,VERY_SHORT_MARKDOWN,MEDIUM,"Add actionable content, schema fields, examples, or explicit intentionally-empty status."
05_OUTPUTS/installer_smoke_test/KICAD_ENGINE_TEST_2026-05-03T00-18-33-993Z/06_DATASHEETS/01_MICROCONTROLLERS/GIGADEVICE/SOURCES.md,TODO_OR_TBD,MEDIUM,Replace placeholders with verified content or clearly mark intentionally unverified/template-only status.
05_OUTPUTS/installer_smoke_test/KICAD_ENGINE_TEST_2026-05-03T00-18-33-993Z/06_DATASHEETS/01_MICROCONTROLLERS/INDEX.md,VERY_SHORT_MARKDOWN,MEDIUM,"Add actionable content, schema fields, examples, or explicit intentionally-empty status."
05_OUTPUTS/installer_smoke_test/KICAD_ENGINE_TEST_2026-05-03T00-18-33-993Z/06_DATASHEETS/01_MICROCONTROLLERS/INDEX.md,TODO_OR_TBD,MEDIUM,Replace placeholders with verified content or clearly mark intentionally unverified/template-only status.
05_OUTPUTS/installer_smoke_test/KICAD_ENGINE_TEST_2026-05-03T00-18-33-993Z/06_DATASHEETS/01_MICROCONTROLLERS/INFINEON,ONLY_BASIC_INDEX_FILES,MEDIUM,Add substantive family/component/workflow content or mark intentionally reserved.
05_OUTPUTS/installer_smoke_test/KICAD_ENGINE_TEST_2026-05-03T00-18-33-993Z/06_DATASHEETS/01_MICROCONTROLLERS/INFINEON/INDEX.md,VERY_SHORT_MARKDOWN,MEDIUM,"Add actionable content, schema fields, examples, or explicit intentionally-empty status."
05_OUTPUTS/installer_smoke_test/KICAD_ENGINE_TEST_2026-05-03T00-18-33-993Z/06_DATASHEETS/01_MICROCONTROLLERS/INFINEON/INDEX.md,TODO_OR_TBD,MEDIUM,Replace placeholders with verified content or clearly mark intentionally unverified/template-only status.
05_OUTPUTS/installer_smoke_test/KICAD_ENGINE_TEST_2026-05-03T00-18-33-993Z/06_DATASHEETS/01_MICROCONTROLLERS/INFINEON/MISSING.md,VERY_SHORT_MARKDOWN,MEDIUM,"Add actionable content, schema fields, examples, or explicit intentionally-empty status."
05_OUTPUTS/installer_smoke_test/KICAD_ENGINE_TEST_2026-05-03T00-18-33-993Z/06_DATASHEETS/01_MICROCONTROLLERS/INFINEON/MISSING.md,TODO_OR_TBD,MEDIUM,Replace placeholders with verified content or clearly mark intentionally unverified/template-only status.
05_OUTPUTS/installer_smoke_test/KICAD_ENGINE_TEST_2026-05-03T00-18-33-993Z/06_DATASHEETS/01_MICROCONTROLLERS/INFINEON/SOURCES.md,VERY_SHORT_MARKDOWN,MEDIUM,"Add actionable content, schema fields, examples, or explicit intentionally-empty status."
05_OUTPUTS/installer_smoke_test/KICAD_ENGINE_TEST_2026-05-03T00-18-33-993Z/06_DATASHEETS/01_MICROCONTROLLERS/INFINEON/SOURCES.md,TODO_OR_TBD,MEDIUM,Replace placeholders with verified content or clearly mark intentionally unverified/template-only status.
05_OUTPUTS/installer_smoke_test/KICAD_ENGINE_TEST_2026-05-03T00-18-33-993Z/06_DATASHEETS/01_MICROCONTROLLERS/MICROCHIP_AVR/INDEX.md,VERY_SHORT_MARKDOWN,MEDIUM,"Add actionable content, schema fields, examples, or explicit intentionally-empty status."
05_OUTPUTS/installer_smoke_test/KICAD_ENGINE_TEST_2026-05-03T00-18-33-993Z/06_DATASHEETS/01_MICROCONTROLLERS/MICROCHIP_AVR/INDEX.md,TODO_OR_TBD,MEDIUM,Replace placeholders with verified content or clearly mark intentionally unverified/template-only status.
05_OUTPUTS/installer_smoke_test/KICAD_ENGINE_TEST_2026-05-03T00-18-33-993Z/06_DATASHEETS/01_MICROCONTROLLERS/MICROCHIP_AVR/MISSING.md,VERY_SHORT_MARKDOWN,MEDIUM,"Add actionable content, schema fields, examples, or explicit intentionally-empty status."
05_OUTPUTS/installer_smoke_test/KICAD_ENGINE_TEST_2026-05-03T00-18-33-993Z/06_DATASHEETS/01_MICROCONTROLLERS/MICROCHIP_AVR/MISSING.md,TODO_OR_TBD,MEDIUM,Replace placeholders with verified content or clearly mark intentionally unverified/template-only status.
05_OUTPUTS/installer_smoke_test/KICAD_ENGINE_TEST_2026-05-03T00-18-33-993Z/06_DATASHEETS/01_MICROCONTROLLERS/MICROCHIP_PIC/DESIGN_GUIDES,ONLY_BASIC_INDEX_FILES,MEDIUM,Add substantive family/component/workflow content or mark intentionally reserved.
05_OUTPUTS/installer_smoke_test/KICAD_ENGINE_TEST_2026-05-03T00-18-33-993Z/06_DATASHEETS/01_MICROCONTROLLERS/MICROCHIP_PIC/DESIGN_GUIDES/INDEX.md,VERY_SHORT_MARKDOWN,MEDIUM,"Add actionable content, schema fields, examples, or explicit intentionally-empty status."
05_OUTPUTS/installer_smoke_test/KICAD_ENGINE_TEST_2026-05-03T00-18-33-993Z/06_DATASHEETS/01_MICROCONTROLLERS/MICROCHIP_PIC/DESIGN_GUIDES/INDEX.md,TODO_OR_TBD,MEDIUM,Replace placeholders with verified content or clearly mark intentionally unverified/template-only status.
05_OUTPUTS/installer_smoke_test/KICAD_ENGINE_TEST_2026-05-03T00-18-33-993Z/06_DATASHEETS/01_MICROCONTROLLERS/MICROCHIP_PIC/DESIGN_GUIDES/MISSING.md,VERY_SHORT_MARKDOWN,MEDIUM,"Add actionable content, schema fields, examples, or explicit intentionally-empty status."
05_OUTPUTS/installer_smoke_test/KICAD_ENGINE_TEST_2026-05-03T00-18-33-993Z/06_DATASHEETS/01_MICROCONTROLLERS/MICROCHIP_PIC/DESIGN_GUIDES/MISSING.md,TODO_OR_TBD,MEDIUM,Replace placeholders with verified content or clearly mark intentionally unverified/template-only status.
05_OUTPUTS/installer_smoke_test/KICAD_ENGINE_TEST_2026-05-03T00-18-33-993Z/06_DATASHEETS/01_MICROCONTROLLERS/MICROCHIP_PIC/DESIGN_GUIDES/SOURCES.md,VERY_SHORT_MARKDOWN,MEDIUM,"Add actionable content, schema fields, examples, or explicit intentionally-empty status."
05_OUTPUTS/installer_smoke_test/KICAD_ENGINE_TEST_2026-05-03T00-18-33-993Z/06_DATASHEETS/01_MICROCONTROLLERS/MICROCHIP_PIC/DESIGN_GUIDES/SOURCES.md,TODO_OR_TBD,MEDIUM,Replace placeholders with verified content or clearly mark intentionally unverified/template-only status.
05_OUTPUTS/installer_smoke_test/KICAD_ENGINE_TEST_2026-05-03T00-18-33-993Z/06_DATASHEETS/01_MICROCONTROLLERS/MICROCHIP_PIC/DEVELOPMENT_BOARDS,ONLY_BASIC_INDEX_FILES,MEDIUM,Add substantive family/component/workflow content or mark intentionally reserved.
05_OUTPUTS/installer_smoke_test/KICAD_ENGINE_TEST_2026-05-03T00-18-33-993Z/06_DATASHEETS/01_MICROCONTROLLERS/MICROCHIP_PIC/DEVELOPMENT_BOARDS/INDEX.md,VERY_SHORT_MARKDOWN,MEDIUM,"Add actionable content, schema fields, examples, or explicit intentionally-empty status."
05_OUTPUTS/installer_smoke_test/KICAD_ENGINE_TEST_2026-05-03T00-18-33-993Z/06_DATASHEETS/01_MICROCONTROLLERS/MICROCHIP_PIC/DEVELOPMENT_BOARDS/INDEX.md,TODO_OR_TBD,MEDIUM,Replace placeholders with verified content or clearly mark intentionally unverified/template-only status.
05_OUTPUTS/installer_smoke_test/KICAD_ENGINE_TEST_2026-05-03T00-18-33-993Z/06_DATASHEETS/01_MICROCONTROLLERS/MICROCHIP_PIC/DEVELOPMENT_BOARDS/MISSING.md,VERY_SHORT_MARKDOWN,MEDIUM,"Add actionable content, schema fields, examples, or explicit intentionally-empty status."
05_OUTPUTS/installer_smoke_test/KICAD_ENGINE_TEST_2026-05-03T00-18-33-993Z/06_DATASHEETS/01_MICROCONTROLLERS/MICROCHIP_PIC/DEVELOPMENT_BOARDS/MISSING.md,TODO_OR_TBD,MEDIUM,Replace placeholders with verified content or clearly mark intentionally unverified/template-only status.
05_OUTPUTS/installer_smoke_test/KICAD_ENGINE_TEST_2026-05-03T00-18-33-993Z/06_DATASHEETS/01_MICROCONTROLLERS/MICROCHIP_PIC/DEVELOPMENT_BOARDS/SOURCES.md,VERY_SHORT_MARKDOWN,MEDIUM,"Add actionable content, schema fields, examples, or explicit intentionally-empty status."
05_OUTPUTS/installer_smoke_test/KICAD_ENGINE_TEST_2026-05-03T00-18-33-993Z/06_DATASHEETS/01_MICROCONTROLLERS/MICROCHIP_PIC/DEVELOPMENT_BOARDS/SOURCES.md,TODO_OR_TBD,MEDIUM,Replace placeholders with verified content or clearly mark intentionally unverified/template-only status.
05_OUTPUTS/installer_smoke_test/KICAD_ENGINE_TEST_2026-05-03T00-18-33-993Z/06_DATASHEETS/01_MICROCONTROLLERS/MICROCHIP_PIC/ERRATA,ONLY_BASIC_INDEX_FILES,MEDIUM,Add substantive family/component/workflow content or mark intentionally reserved.
05_OUTPUTS/installer_smoke_test/KICAD_ENGINE_TEST_2026-05-03T00-18-33-993Z/06_DATASHEETS/01_MICROCONTROLLERS/MICROCHIP_PIC/ERRATA/INDEX.md,VERY_SHORT_MARKDOWN,MEDIUM,"Add actionable content, schema fields, examples, or explicit intentionally-empty status."
05_OUTPUTS/installer_smoke_test/KICAD_ENGINE_TEST_2026-05-03T00-18-33-993Z/06_DATASHEETS/01_MICROCONTROLLERS/MICROCHIP_PIC/ERRATA/INDEX.md,TODO_OR_TBD,MEDIUM,Replace placeholders with verified content or clearly mark intentionally unverified/template-only status.
05_OUTPUTS/installer_smoke_test/KICAD_ENGINE_TEST_2026-05-03T00-18-33-993Z/06_DATASHEETS/01_MICROCONTROLLERS/MICROCHIP_PIC/ERRATA/MISSING.md,VERY_SHORT_MARKDOWN,MEDIUM,"Add actionable content, schema fields, examples, or explicit intentionally-empty status."
05_OUTPUTS/installer_smoke_test/KICAD_ENGINE_TEST_2026-05-03T00-18-33-993Z/06_DATASHEETS/01_MICROCONTROLLERS/MICROCHIP_PIC/ERRATA/MISSING.md,TODO_OR_TBD,MEDIUM,Replace placeholders with verified content or clearly mark intentionally unverified/template-only status.
05_OUTPUTS/installer_smoke_test/KICAD_ENGINE_TEST_2026-05-03T00-18-33-993Z/06_DATASHEETS/01_MICROCONTROLLERS/MICROCHIP_PIC/ERRATA/SOURCES.md,VERY_SHORT_MARKDOWN,MEDIUM,"Add actionable content, schema fields, examples, or explicit intentionally-empty status."
05_OUTPUTS/installer_smoke_test/KICAD_ENGINE_TEST_2026-05-03T00-18-33-993Z/06_DATASHEETS/01_MICROCONTROLLERS/MICROCHIP_PIC/ERRATA/SOURCES.md,TODO_OR_TBD,MEDIUM,Replace placeholders with verified content or clearly mark intentionally unverified/template-only status.
05_OUTPUTS/installer_smoke_test/KICAD_ENGINE_TEST_2026-05-03T00-18-33-993Z/06_DATASHEETS/01_MICROCONTROLLERS/MICROCHIP_PIC/INDEX.md,VERY_SHORT_MARKDOWN,MEDIUM,"Add actionable content, schema fields, examples, or explicit intentionally-empty status."
05_OUTPUTS/installer_smoke_test/KICAD_ENGINE_TEST_2026-05-03T00-18-33-993Z/06_DATASHEETS/01_MICROCONTROLLERS/MICROCHIP_PIC/INDEX.md,TODO_OR_TBD,MEDIUM,Replace placeholders with verified content or clearly mark intentionally unverified/template-only status.
05_OUTPUTS/installer_smoke_test/KICAD_ENGINE_TEST_2026-05-03T00-18-33-993Z/06_DATASHEETS/01_MICROCONTROLLERS/MICROCHIP_PIC/MISSING.md,VERY_SHORT_MARKDOWN,MEDIUM,"Add actionable content, schema fields, examples, or explicit intentionally-empty status."
05_OUTPUTS/installer_smoke_test/KICAD_ENGINE_TEST_2026-05-03T00-18-33-993Z/06_DATASHEETS/01_MICROCONTROLLERS/MICROCHIP_PIC/MISSING.md,TODO_OR_TBD,MEDIUM,Replace placeholders with verified content or clearly mark intentionally unverified/template-only status.
05_OUTPUTS/installer_smoke_test/KICAD_ENGINE_TEST_2026-05-03T00-18-33-993Z/06_DATASHEETS/01_MICROCONTROLLERS/MICROCHIP_PIC/PIC10,ONLY_BASIC_INDEX_FILES,MEDIUM,Add substantive family/component/workflow content or mark intentionally reserved.
05_OUTPUTS/installer_smoke_test/KICAD_ENGINE_TEST_2026-05-03T00-18-33-993Z/06_DATASHEETS/01_MICROCONTROLLERS/MICROCHIP_PIC/PIC10/INDEX.md,VERY_SHORT_MARKDOWN,MEDIUM,"Add actionable content, schema fields, examples, or explicit intentionally-empty status."
05_OUTPUTS/installer_smoke_test/KICAD_ENGINE_TEST_2026-05-03T00-18-33-993Z/06_DATASHEETS/01_MICROCONTROLLERS/MICROCHIP_PIC/PIC10/INDEX.md,TODO_OR_TBD,MEDIUM,Replace placeholders with verified content or clearly mark intentionally unverified/template-only status.
05_OUTPUTS/installer_smoke_test/KICAD_ENGINE_TEST_2026-05-03T00-18-33-993Z/06_DATASHEETS/01_MICROCONTROLLERS/MICROCHIP_PIC/PIC10/MISSING.md,VERY_SHORT_MARKDOWN,MEDIUM,"Add actionable content, schema fields, examples, or explicit intentionally-empty status."
05_OUTPUTS/installer_smoke_test/KICAD_ENGINE_TEST_2026-05-03T00-18-33-993Z/06_DATASHEETS/01_MICROCONTROLLERS/MICROCHIP_PIC/PIC10/MISSING.md,TODO_OR_TBD,MEDIUM,Replace placeholders with verified content or clearly mark intentionally unverified/template-only status.
05_OUTPUTS/installer_smoke_test/KICAD_ENGINE_TEST_2026-05-03T00-18-33-993Z/06_DATASHEETS/01_MICROCONTROLLERS/MICROCHIP_PIC/PIC10/SOURCES.md,VERY_SHORT_MARKDOWN,MEDIUM,"Add actionable content, schema fields, examples, or explicit intentionally-empty status."
05_OUTPUTS/installer_smoke_test/KICAD_ENGINE_TEST_2026-05-03T00-18-33-993Z/06_DATASHEETS/01_MICROCONTROLLERS/MICROCHIP_PIC/PIC10/SOURCES.md,TODO_OR_TBD,MEDIUM,Replace placeholders with verified content or clearly mark intentionally unverified/template-only status.
05_OUTPUTS/installer_smoke_test/KICAD_ENGINE_TEST_2026-05-03T00-18-33-993Z/06_DATASHEETS/01_MICROCONTROLLERS/MICROCHIP_PIC/PIC12,ONLY_BASIC_INDEX_FILES,MEDIUM,Add substantive family/component/workflow content or mark intentionally reserved.
05_OUTPUTS/installer_smoke_test/KICAD_ENGINE_TEST_2026-05-03T00-18-33-993Z/06_DATASHEETS/01_MICROCONTROLLERS/MICROCHIP_PIC/PIC12/INDEX.md,VERY_SHORT_MARKDOWN,MEDIUM,"Add actionable content, schema fields, examples, or explicit intentionally-empty status."
05_OUTPUTS/installer_smoke_test/KICAD_ENGINE_TEST_2026-05-03T00-18-33-993Z/06_DATASHEETS/01_MICROCONTROLLERS/MICROCHIP_PIC/PIC12/INDEX.md,TODO_OR_TBD,MEDIUM,Replace placeholders with verified content or clearly mark intentionally unverified/template-only status.
05_OUTPUTS/installer_smoke_test/KICAD_ENGINE_TEST_2026-05-03T00-18-33-993Z/06_DATASHEETS/01_MICROCONTROLLERS/MICROCHIP_PIC/PIC12/MISSING.md,VERY_SHORT_MARKDOWN,MEDIUM,"Add actionable content, schema fields, examples, or explicit intentionally-empty status."
05_OUTPUTS/installer_smoke_test/KICAD_ENGINE_TEST_2026-05-03T00-18-33-993Z/06_DATASHEETS/01_MICROCONTROLLERS/MICROCHIP_PIC/PIC12/MISSING.md,TODO_OR_TBD,MEDIUM,Replace placeholders with verified content or clearly mark intentionally unverified/template-only status.
05_OUTPUTS/installer_smoke_test/KICAD_ENGINE_TEST_2026-05-03T00-18-33-993Z/06_DATASHEETS/01_MICROCONTROLLERS/MICROCHIP_PIC/PIC12/SOURCES.md,VERY_SHORT_MARKDOWN,MEDIUM,"Add actionable content, schema fields, examples, or explicit intentionally-empty status."
05_OUTPUTS/installer_smoke_test/KICAD_ENGINE_TEST_2026-05-03T00-18-33-993Z/06_DATASHEETS/01_MICROCONTROLLERS/MICROCHIP_PIC/PIC12/SOURCES.md,TODO_OR_TBD,MEDIUM,Replace placeholders with verified content or clearly mark intentionally unverified/template-only status.
05_OUTPUTS/installer_smoke_test/KICAD_ENGINE_TEST_2026-05-03T00-18-33-993Z/06_DATASHEETS/01_MICROCONTROLLERS/MICROCHIP_PIC/PIC16,ONLY_BASIC_INDEX_FILES,MEDIUM,Add substantive family/component/workflow content or mark intentionally reserved.
05_OUTPUTS/installer_smoke_test/KICAD_ENGINE_TEST_2026-05-03T00-18-33-993Z/06_DATASHEETS/01_MICROCONTROLLERS/MICROCHIP_PIC/PIC16/INDEX.md,VERY_SHORT_MARKDOWN,MEDIUM,"Add actionable content, schema fields, examples, or explicit intentionally-empty status."
05_OUTPUTS/installer_smoke_test/KICAD_ENGINE_TEST_2026-05-03T00-18-33-993Z/06_DATASHEETS/01_MICROCONTROLLERS/MICROCHIP_PIC/PIC16/INDEX.md,TODO_OR_TBD,MEDIUM,Replace placeholders with verified content or clearly mark intentionally unverified/template-only status.
05_OUTPUTS/installer_smoke_test/KICAD_ENGINE_TEST_2026-05-03T00-18-33-993Z/06_DATASHEETS/01_MICROCONTROLLERS/MICROCHIP_PIC/PIC16/MISSING.md,VERY_SHORT_MARKDOWN,MEDIUM,"Add actionable content, schema fields, examples, or explicit intentionally-empty status."
05_OUTPUTS/installer_smoke_test/KICAD_ENGINE_TEST_2026-05-03T00-18-33-993Z/06_DATASHEETS/01_MICROCONTROLLERS/MICROCHIP_PIC/PIC16/MISSING.md,TODO_OR_TBD,MEDIUM,Replace placeholders with verified content or clearly mark intentionally unverified/template-only status.
05_OUTPUTS/installer_smoke_test/KICAD_ENGINE_TEST_2026-05-03T00-18-33-993Z/06_DATASHEETS/01_MICROCONTROLLERS/MICROCHIP_PIC/PIC16/SOURCES.md,VERY_SHORT_MARKDOWN,MEDIUM,"Add actionable content, schema fields, examples, or explicit intentionally-empty status."
05_OUTPUTS/installer_smoke_test/KICAD_ENGINE_TEST_2026-05-03T00-18-33-993Z/06_DATASHEETS/01_MICROCONTROLLERS/MICROCHIP_PIC/PIC16/SOURCES.md,TODO_OR_TBD,MEDIUM,Replace placeholders with verified content or clearly mark intentionally unverified/template-only status.
05_OUTPUTS/installer_smoke_test/KICAD_ENGINE_TEST_2026-05-03T00-18-33-993Z/06_DATASHEETS/01_MICROCONTROLLERS/MICROCHIP_PIC/PIC18,ONLY_BASIC_INDEX_FILES,MEDIUM,Add substantive family/component/workflow content or mark intentionally reserved.
05_OUTPUTS/installer_smoke_test/KICAD_ENGINE_TEST_2026-05-03T00-18-33-993Z/06_DATASHEETS/01_MICROCONTROLLERS/MICROCHIP_PIC/PIC18/INDEX.md,VERY_SHORT_MARKDOWN,MEDIUM,"Add actionable content, schema fields, examples, or explicit intentionally-empty status."
05_OUTPUTS/installer_smoke_test/KICAD_ENGINE_TEST_2026-05-03T00-18-33-993Z/06_DATASHEETS/01_MICROCONTROLLERS/MICROCHIP_PIC/PIC18/INDEX.md,TODO_OR_TBD,MEDIUM,Replace placeholders with verified content or clearly mark intentionally unverified/template-only status.
05_OUTPUTS/installer_smoke_test/KICAD_ENGINE_TEST_2026-05-03T00-18-33-993Z/06_DATASHEETS/01_MICROCONTROLLERS/MICROCHIP_PIC/PIC18/MISSING.md,VERY_SHORT_MARKDOWN,MEDIUM,"Add actionable content, schema fields, examples, or explicit intentionally-empty status."
05_OUTPUTS/installer_smoke_test/KICAD_ENGINE_TEST_2026-05-03T00-18-33-993Z/06_DATASHEETS/01_MICROCONTROLLERS/MICROCHIP_PIC/PIC18/MISSING.md,TODO_OR_TBD,MEDIUM,Replace placeholders with verified content or clearly mark intentionally unverified/template-only status.
05_OUTPUTS/installer_smoke_test/KICAD_ENGINE_TEST_2026-05-03T00-18-33-993Z/06_DATASHEETS/01_MICROCONTROLLERS/MICROCHIP_PIC/PIC18/SOURCES.md,VERY_SHORT_MARKDOWN,MEDIUM,"Add actionable content, schema fields, examples, or explicit intentionally-empty status."
05_OUTPUTS/installer_smoke_test/KICAD_ENGINE_TEST_2026-05-03T00-18-33-993Z/06_DATASHEETS/01_MICROCONTROLLERS/MICROCHIP_PIC/PIC18/SOURCES.md,TODO_OR_TBD,MEDIUM,Replace placeholders with verified content or clearly mark intentionally unverified/template-only status.
05_OUTPUTS/installer_smoke_test/KICAD_ENGINE_TEST_2026-05-03T00-18-33-993Z/06_DATASHEETS/01_MICROCONTROLLERS/MICROCHIP_PIC/PIC24,ONLY_BASIC_INDEX_FILES,MEDIUM,Add substantive family/component/workflow content or mark intentionally reserved.
05_OUTPUTS/installer_smoke_test/KICAD_ENGINE_TEST_2026-05-03T00-18-33-993Z/06_DATASHEETS/01_MICROCONTROLLERS/MICROCHIP_PIC/PIC24/INDEX.md,VERY_SHORT_MARKDOWN,MEDIUM,"Add actionable content, schema fields, examples, or explicit intentionally-empty status."
05_OUTPUTS/installer_smoke_test/KICAD_ENGINE_TEST_2026-05-03T00-18-33-993Z/06_DATASHEETS/01_MICROCONTROLLERS/MICROCHIP_PIC/PIC24/INDEX.md,TODO_OR_TBD,MEDIUM,Replace placeholders with verified content or clearly mark intentionally unverified/template-only status.
05_OUTPUTS/installer_smoke_test/KICAD_ENGINE_TEST_2026-05-03T00-18-33-993Z/06_DATASHEETS/01_MICROCONTROLLERS/MICROCHIP_PIC/PIC24/MISSING.md,VERY_SHORT_MARKDOWN,MEDIUM,"Add actionable content, schema fields, examples, or explicit intentionally-empty status."
05_OUTPUTS/installer_smoke_test/KICAD_ENGINE_TEST_2026-05-03T00-18-33-993Z/06_DATASHEETS/01_MICROCONTROLLERS/MICROCHIP_PIC/PIC24/MISSING.md,TODO_OR_TBD,MEDIUM,Replace placeholders with verified content or clearly mark intentionally unverified/template-only status.
05_OUTPUTS/installer_smoke_test/KICAD_ENGINE_TEST_2026-05-03T00-18-33-993Z/06_DATASHEETS/01_MICROCONTROLLERS/MICROCHIP_PIC/PIC24/SOURCES.md,VERY_SHORT_MARKDOWN,MEDIUM,"Add actionable content, schema fields, examples, or explicit intentionally-empty status."
05_OUTPUTS/installer_smoke_test/KICAD_ENGINE_TEST_2026-05-03T00-18-33-993Z/06_DATASHEETS/01_MICROCONTROLLERS/MICROCHIP_PIC/PIC24/SOURCES.md,TODO_OR_TBD,MEDIUM,Replace placeholders with verified content or clearly mark intentionally unverified/template-only status.
05_OUTPUTS/installer_smoke_test/KICAD_ENGINE_TEST_2026-05-03T00-18-33-993Z/06_DATASHEETS/01_MICROCONTROLLERS/MICROCHIP_PIC/PIC32,ONLY_BASIC_INDEX_FILES,MEDIUM,Add substantive family/component/workflow content or mark intentionally reserved.
05_OUTPUTS/installer_smoke_test/KICAD_ENGINE_TEST_2026-05-03T00-18-33-993Z/06_DATASHEETS/01_MICROCONTROLLERS/MICROCHIP_PIC/PIC32/INDEX.md,VERY_SHORT_MARKDOWN,MEDIUM,"Add actionable content, schema fields, examples, or explicit intentionally-empty status."
05_OUTPUTS/installer_smoke_test/KICAD_ENGINE_TEST_2026-05-03T00-18-33-993Z/06_DATASHEETS/01_MICROCONTROLLERS/MICROCHIP_PIC/PIC32/INDEX.md,TODO_OR_TBD,MEDIUM,Replace placeholders with verified content or clearly mark intentionally unverified/template-only status.
05_OUTPUTS/installer_smoke_test/KICAD_ENGINE_TEST_2026-05-03T00-18-33-993Z/06_DATASHEETS/01_MICROCONTROLLERS/MICROCHIP_PIC/PIC32/MISSING.md,VERY_SHORT_MARKDOWN,MEDIUM,"Add actionable content, schema fields, examples, or explicit intentionally-empty status."
05_OUTPUTS/installer_smoke_test/KICAD_ENGINE_TEST_2026-05-03T00-18-33-993Z/06_DATASHEETS/01_MICROCONTROLLERS/MICROCHIP_PIC/PIC32/MISSING.md,TODO_OR_TBD,MEDIUM,Replace placeholders with verified content or clearly mark intentionally unverified/template-only status.
05_OUTPUTS/installer_smoke_test/KICAD_ENGINE_TEST_2026-05-03T00-18-33-993Z/06_DATASHEETS/01_MICROCONTROLLERS/MICROCHIP_PIC/PIC32/SOURCES.md,VERY_SHORT_MARKDOWN,MEDIUM,"Add actionable content, schema fields, examples, or explicit intentionally-empty status."
05_OUTPUTS/installer_smoke_test/KICAD_ENGINE_TEST_2026-05-03T00-18-33-993Z/06_DATASHEETS/01_MICROCONTROLLERS/MICROCHIP_PIC/PIC32/SOURCES.md,TODO_OR_TBD,MEDIUM,Replace placeholders with verified content or clearly mark intentionally unverified/template-only status.
05_OUTPUTS/installer_smoke_test/KICAD_ENGINE_TEST_2026-05-03T00-18-33-993Z/06_DATASHEETS/01_MICROCONTROLLERS/MICROCHIP_PIC/PROGRAMMING_DEBUG_PICKIT,ONLY_BASIC_INDEX_FILES,MEDIUM,Add substantive family/component/workflow content or mark intentionally reserved.
05_OUTPUTS/installer_smoke_test/KICAD_ENGINE_TEST_2026-05-03T00-18-33-993Z/06_DATASHEETS/01_MICROCONTROLLERS/MICROCHIP_PIC/PROGRAMMING_DEBUG_PICKIT/INDEX.md,VERY_SHORT_MARKDOWN,MEDIUM,"Add actionable content, schema fields, examples, or explicit intentionally-empty status."
05_OUTPUTS/installer_smoke_test/KICAD_ENGINE_TEST_2026-05-03T00-18-33-993Z/06_DATASHEETS/01_MICROCONTROLLERS/MICROCHIP_PIC/PROGRAMMING_DEBUG_PICKIT/INDEX.md,TODO_OR_TBD,MEDIUM,Replace placeholders with verified content or clearly mark intentionally unverified/template-only status.
05_OUTPUTS/installer_smoke_test/KICAD_ENGINE_TEST_2026-05-03T00-18-33-993Z/06_DATASHEETS/01_MICROCONTROLLERS/MICROCHIP_PIC/PROGRAMMING_DEBUG_PICKIT/MISSING.md,VERY_SHORT_MARKDOWN,MEDIUM,"Add actionable content, schema fields, examples, or explicit intentionally-empty status."
05_OUTPUTS/installer_smoke_test/KICAD_ENGINE_TEST_2026-05-03T00-18-33-993Z/06_DATASHEETS/01_MICROCONTROLLERS/MICROCHIP_PIC/PROGRAMMING_DEBUG_PICKIT/MISSING.md,TODO_OR_TBD,MEDIUM,Replace placeholders with verified content or clearly mark intentionally unverified/template-only status.
05_OUTPUTS/installer_smoke_test/KICAD_ENGINE_TEST_2026-05-03T00-18-33-993Z/06_DATASHEETS/01_MICROCONTROLLERS/MICROCHIP_PIC/PROGRAMMING_DEBUG_PICKIT/SOURCES.md,VERY_SHORT_MARKDOWN,MEDIUM,"Add actionable content, schema fields, examples, or explicit intentionally-empty status."
05_OUTPUTS/installer_smoke_test/KICAD_ENGINE_TEST_2026-05-03T00-18-33-993Z/06_DATASHEETS/01_MICROCONTROLLERS/MICROCHIP_PIC/PROGRAMMING_DEBUG_PICKIT/SOURCES.md,TODO_OR_TBD,MEDIUM,Replace placeholders with verified content or clearly mark intentionally unverified/template-only status.
05_OUTPUTS/installer_smoke_test/KICAD_ENGINE_TEST_2026-05-03T00-18-33-993Z/06_DATASHEETS/01_MICROCONTROLLERS/MICROCHIP_PIC/README.md,GENERIC_FOLDER_TEXT,MEDIUM,Replace placeholders with verified content or clearly mark intentionally unverified/template-only status.
05_OUTPUTS/installer_smoke_test/KICAD_ENGINE_TEST_2026-05-03T00-18-33-993Z/06_DATASHEETS/01_MICROCONTROLLERS/MICROCHIP_PIC/dsPIC30,ONLY_BASIC_INDEX_FILES,MEDIUM,Add substantive family/component/workflow content or mark intentionally reserved.
05_OUTPUTS/installer_smoke_test/KICAD_ENGINE_TEST_2026-05-03T00-18-33-993Z/06_DATASHEETS/01_MICROCONTROLLERS/MICROCHIP_PIC/dsPIC30/INDEX.md,VERY_SHORT_MARKDOWN,MEDIUM,"Add actionable content, schema fields, examples, or explicit intentionally-empty status."
05_OUTPUTS/installer_smoke_test/KICAD_ENGINE_TEST_2026-05-03T00-18-33-993Z/06_DATASHEETS/01_MICROCONTROLLERS/MICROCHIP_PIC/dsPIC30/INDEX.md,TODO_OR_TBD,MEDIUM,Replace placeholders with verified content or clearly mark intentionally unverified/template-only status.
05_OUTPUTS/installer_smoke_test/KICAD_ENGINE_TEST_2026-05-03T00-18-33-993Z/06_DATASHEETS/01_MICROCONTROLLERS/MICROCHIP_PIC/dsPIC30/MISSING.md,VERY_SHORT_MARKDOWN,MEDIUM,"Add actionable content, schema fields, examples, or explicit intentionally-empty status."
05_OUTPUTS/installer_smoke_test/KICAD_ENGINE_TEST_2026-05-03T00-18-33-993Z/06_DATASHEETS/01_MICROCONTROLLERS/MICROCHIP_PIC/dsPIC30/MISSING.md,TODO_OR_TBD,MEDIUM,Replace placeholders with verified content or clearly mark intentionally unverified/template-only status.
05_OUTPUTS/installer_smoke_test/KICAD_ENGINE_TEST_2026-05-03T00-18-33-993Z/06_DATASHEETS/01_MICROCONTROLLERS/MICROCHIP_PIC/dsPIC30/SOURCES.md,VERY_SHORT_MARKDOWN,MEDIUM,"Add actionable content, schema fields, examples, or explicit intentionally-empty status."
05_OUTPUTS/installer_smoke_test/KICAD_ENGINE_TEST_2026-05-03T00-18-33-993Z/06_DATASHEETS/01_MICROCONTROLLERS/MICROCHIP_PIC/dsPIC30/SOURCES.md,TODO_OR_TBD,MEDIUM,Replace placeholders with verified content or clearly mark intentionally unverified/template-only status.
05_OUTPUTS/installer_smoke_test/KICAD_ENGINE_TEST_2026-05-03T00-18-33-993Z/06_DATASHEETS/01_MICROCONTROLLERS/MICROCHIP_PIC/dsPIC33,ONLY_BASIC_INDEX_FILES,MEDIUM,Add substantive family/component/workflow content or mark intentionally reserved.
05_OUTPUTS/installer_smoke_test/KICAD_ENGINE_TEST_2026-05-03T00-18-33-993Z/06_DATASHEETS/01_MICROCONTROLLERS/MICROCHIP_PIC/dsPIC33/INDEX.md,VERY_SHORT_MARKDOWN,MEDIUM,"Add actionable content, schema fields, examples, or explicit intentionally-empty status."
05_OUTPUTS/installer_smoke_test/KICAD_ENGINE_TEST_2026-05-03T00-18-33-993Z/06_DATASHEETS/01_MICROCONTROLLERS/MICROCHIP_PIC/dsPIC33/INDEX.md,TODO_OR_TBD,MEDIUM,Replace placeholders with verified content or clearly mark intentionally unverified/template-only status.
05_OUTPUTS/installer_smoke_test/KICAD_ENGINE_TEST_2026-05-03T00-18-33-993Z/06_DATASHEETS/01_MICROCONTROLLERS/MICROCHIP_PIC/dsPIC33/MISSING.md,VERY_SHORT_MARKDOWN,MEDIUM,"Add actionable content, schema fields, examples, or explicit intentionally-empty status."
05_OUTPUTS/installer_smoke_test/KICAD_ENGINE_TEST_2026-05-03T00-18-33-993Z/06_DATASHEETS/01_MICROCONTROLLERS/MICROCHIP_PIC/dsPIC33/MISSING.md,TODO_OR_TBD,MEDIUM,Replace placeholders with verified content or clearly mark intentionally unverified/template-only status.
05_OUTPUTS/installer_smoke_test/KICAD_ENGINE_TEST_2026-05-03T00-18-33-993Z/06_DATASHEETS/01_MICROCONTROLLERS/MICROCHIP_PIC/dsPIC33/SOURCES.md,VERY_SHORT_MARKDOWN,MEDIUM,"Add actionable content, schema fields, examples, or explicit intentionally-empty status."
05_OUTPUTS/installer_smoke_test/KICAD_ENGINE_TEST_2026-05-03T00-18-33-993Z/06_DATASHEETS/01_MICROCONTROLLERS/MICROCHIP_PIC/dsPIC33/SOURCES.md,TODO_OR_TBD,MEDIUM,Replace placeholders with verified content or clearly mark intentionally unverified/template-only status.
05_OUTPUTS/installer_smoke_test/KICAD_ENGINE_TEST_2026-05-03T00-18-33-993Z/06_DATASHEETS/01_MICROCONTROLLERS/MISSING.md,VERY_SHORT_MARKDOWN,MEDIUM,"Add actionable content, schema fields, examples, or explicit intentionally-empty status."
05_OUTPUTS/installer_smoke_test/KICAD_ENGINE_TEST_2026-05-03T00-18-33-993Z/06_DATASHEETS/01_MICROCONTROLLERS/MISSING.md,TODO_OR_TBD,MEDIUM,Replace placeholders with verified content or clearly mark intentionally unverified/template-only status.
05_OUTPUTS/installer_smoke_test/KICAD_ENGINE_TEST_2026-05-03T00-18-33-993Z/06_DATASHEETS/01_MICROCONTROLLERS/NORDIC,ONLY_BASIC_INDEX_FILES,MEDIUM,Add substantive family/component/workflow content or mark intentionally reserved.
05_OUTPUTS/installer_smoke_test/KICAD_ENGINE_TEST_2026-05-03T00-18-33-993Z/06_DATASHEETS/01_MICROCONTROLLERS/NORDIC/INDEX.md,VERY_SHORT_MARKDOWN,MEDIUM,"Add actionable content, schema fields, examples, or explicit intentionally-empty status."
05_OUTPUTS/installer_smoke_test/KICAD_ENGINE_TEST_2026-05-03T00-18-33-993Z/06_DATASHEETS/01_MICROCONTROLLERS/NORDIC/INDEX.md,TODO_OR_TBD,MEDIUM,Replace placeholders with verified content or clearly mark intentionally unverified/template-only status.
05_OUTPUTS/installer_smoke_test/KICAD_ENGINE_TEST_2026-05-03T00-18-33-993Z/06_DATASHEETS/01_MICROCONTROLLERS/NORDIC/MISSING.md,VERY_SHORT_MARKDOWN,MEDIUM,"Add actionable content, schema fields, examples, or explicit intentionally-empty status."
05_OUTPUTS/installer_smoke_test/KICAD_ENGINE_TEST_2026-05-03T00-18-33-993Z/06_DATASHEETS/01_MICROCONTROLLERS/NORDIC/MISSING.md,TODO_OR_TBD,MEDIUM,Replace placeholders with verified content or clearly mark intentionally unverified/template-only status.
05_OUTPUTS/installer_smoke_test/KICAD_ENGINE_TEST_2026-05-03T00-18-33-993Z/06_DATASHEETS/01_MICROCONTROLLERS/NORDIC/SOURCES.md,VERY_SHORT_MARKDOWN,MEDIUM,"Add actionable content, schema fields, examples, or explicit intentionally-empty status."
05_OUTPUTS/installer_smoke_test/KICAD_ENGINE_TEST_2026-05-03T00-18-33-993Z/06_DATASHEETS/01_MICROCONTROLLERS/NORDIC/SOURCES.md,TODO_OR_TBD,MEDIUM,Replace placeholders with verified content or clearly mark intentionally unverified/template-only status.
05_OUTPUTS/installer_smoke_test/KICAD_ENGINE_TEST_2026-05-03T00-18-33-993Z/06_DATASHEETS/01_MICROCONTROLLERS/NXP,ONLY_BASIC_INDEX_FILES,MEDIUM,Add substantive family/component/workflow content or mark intentionally reserved.
05_OUTPUTS/installer_smoke_test/KICAD_ENGINE_TEST_2026-05-03T00-18-33-993Z/06_DATASHEETS/01_MICROCONTROLLERS/NXP/INDEX.md,VERY_SHORT_MARKDOWN,MEDIUM,"Add actionable content, schema fields, examples, or explicit intentionally-empty status."
05_OUTPUTS/installer_smoke_test/KICAD_ENGINE_TEST_2026-05-03T00-18-33-993Z/06_DATASHEETS/01_MICROCONTROLLERS/NXP/INDEX.md,TODO_OR_TBD,MEDIUM,Replace placeholders with verified content or clearly mark intentionally unverified/template-only status.
05_OUTPUTS/installer_smoke_test/KICAD_ENGINE_TEST_2026-05-03T00-18-33-993Z/06_DATASHEETS/01_MICROCONTROLLERS/NXP/MISSING.md,VERY_SHORT_MARKDOWN,MEDIUM,"Add actionable content, schema fields, examples, or explicit intentionally-empty status."
05_OUTPUTS/installer_smoke_test/KICAD_ENGINE_TEST_2026-05-03T00-18-33-993Z/06_DATASHEETS/01_MICROCONTROLLERS/NXP/MISSING.md,TODO_OR_TBD,MEDIUM,Replace placeholders with verified content or clearly mark intentionally unverified/template-only status.
05_OUTPUTS/installer_smoke_test/KICAD_ENGINE_TEST_2026-05-03T00-18-33-993Z/06_DATASHEETS/01_MICROCONTROLLERS/NXP/SOURCES.md,VERY_SHORT_MARKDOWN,MEDIUM,"Add actionable content, schema fields, examples, or explicit intentionally-empty status."
05_OUTPUTS/installer_smoke_test/KICAD_ENGINE_TEST_2026-05-03T00-18-33-993Z/06_DATASHEETS/01_MICROCONTROLLERS/NXP/SOURCES.md,TODO_OR_TBD,MEDIUM,Replace placeholders with verified content or clearly mark intentionally unverified/template-only status.
05_OUTPUTS/installer_smoke_test/KICAD_ENGINE_TEST_2026-05-03T00-18-33-993Z/06_DATASHEETS/01_MICROCONTROLLERS/OTHER,ONLY_BASIC_INDEX_FILES,MEDIUM,Add substantive family/component/workflow content or mark intentionally reserved.
05_OUTPUTS/installer_smoke_test/KICAD_ENGINE_TEST_2026-05-03T00-18-33-993Z/06_DATASHEETS/01_MICROCONTROLLERS/OTHER/INDEX.md,VERY_SHORT_MARKDOWN,MEDIUM,"Add actionable content, schema fields, examples, or explicit intentionally-empty status."
05_OUTPUTS/installer_smoke_test/KICAD_ENGINE_TEST_2026-05-03T00-18-33-993Z/06_DATASHEETS/01_MICROCONTROLLERS/OTHER/INDEX.md,TODO_OR_TBD,MEDIUM,Replace placeholders with verified content or clearly mark intentionally unverified/template-only status.
05_OUTPUTS/installer_smoke_test/KICAD_ENGINE_TEST_2026-05-03T00-18-33-993Z/06_DATASHEETS/01_MICROCONTROLLERS/OTHER/MISSING.md,VERY_SHORT_MARKDOWN,MEDIUM,"Add actionable content, schema fields, examples, or explicit intentionally-empty status."
05_OUTPUTS/installer_smoke_test/KICAD_ENGINE_TEST_2026-05-03T00-18-33-993Z/06_DATASHEETS/01_MICROCONTROLLERS/OTHER/MISSING.md,TODO_OR_TBD,MEDIUM,Replace placeholders with verified content or clearly mark intentionally unverified/template-only status.
05_OUTPUTS/installer_smoke_test/KICAD_ENGINE_TEST_2026-05-03T00-18-33-993Z/06_DATASHEETS/01_MICROCONTROLLERS/OTHER/SOURCES.md,VERY_SHORT_MARKDOWN,MEDIUM,"Add actionable content, schema fields, examples, or explicit intentionally-empty status."
05_OUTPUTS/installer_smoke_test/KICAD_ENGINE_TEST_2026-05-03T00-18-33-993Z/06_DATASHEETS/01_MICROCONTROLLERS/OTHER/SOURCES.md,TODO_OR_TBD,MEDIUM,Replace placeholders with verified content or clearly mark intentionally unverified/template-only status.
05_OUTPUTS/installer_smoke_test/KICAD_ENGINE_TEST_2026-05-03T00-18-33-993Z/06_DATASHEETS/01_MICROCONTROLLERS/RASPBERRY_PI_RP2040_RP2350,ONLY_BASIC_INDEX_FILES,MEDIUM,Add substantive family/component/workflow content or mark intentionally reserved.
05_OUTPUTS/installer_smoke_test/KICAD_ENGINE_TEST_2026-05-03T00-18-33-993Z/06_DATASHEETS/01_MICROCONTROLLERS/RASPBERRY_PI_RP2040_RP2350/INDEX.md,VERY_SHORT_MARKDOWN,MEDIUM,"Add actionable content, schema fields, examples, or explicit intentionally-empty status."
05_OUTPUTS/installer_smoke_test/KICAD_ENGINE_TEST_2026-05-03T00-18-33-993Z/06_DATASHEETS/01_MICROCONTROLLERS/RASPBERRY_PI_RP2040_RP2350/INDEX.md,TODO_OR_TBD,MEDIUM,Replace placeholders with verified content or clearly mark intentionally unverified/template-only status.
05_OUTPUTS/installer_smoke_test/KICAD_ENGINE_TEST_2026-05-03T00-18-33-993Z/06_DATASHEETS/01_MICROCONTROLLERS/RASPBERRY_PI_RP2040_RP2350/MISSING.md,VERY_SHORT_MARKDOWN,MEDIUM,"Add actionable content, schema fields, examples, or explicit intentionally-empty status."
05_OUTPUTS/installer_smoke_test/KICAD_ENGINE_TEST_2026-05-03T00-18-33-993Z/06_DATASHEETS/01_MICROCONTROLLERS/RASPBERRY_PI_RP2040_RP2350/MISSING.md,TODO_OR_TBD,MEDIUM,Replace placeholders with verified content or clearly mark intentionally unverified/template-only status.
05_OUTPUTS/installer_smoke_test/KICAD_ENGINE_TEST_2026-05-03T00-18-33-993Z/06_DATASHEETS/01_MICROCONTROLLERS/RASPBERRY_PI_RP2040_RP2350/SOURCES.md,VERY_SHORT_MARKDOWN,MEDIUM,"Add actionable content, schema fields, examples, or explicit intentionally-empty status."
05_OUTPUTS/installer_smoke_test/KICAD_ENGINE_TEST_2026-05-03T00-18-33-993Z/06_DATASHEETS/01_MICROCONTROLLERS/RASPBERRY_PI_RP2040_RP2350/SOURCES.md,TODO_OR_TBD,MEDIUM,Replace placeholders with verified content or clearly mark intentionally unverified/template-only status.
05_OUTPUTS/installer_smoke_test/KICAD_ENGINE_TEST_2026-05-03T00-18-33-993Z/06_DATASHEETS/01_MICROCONTROLLERS/RENESAS,ONLY_BASIC_INDEX_FILES,MEDIUM,Add substantive family/component/workflow content or mark intentionally reserved.
05_OUTPUTS/installer_smoke_test/KICAD_ENGINE_TEST_2026-05-03T00-18-33-993Z/06_DATASHEETS/01_MICROCONTROLLERS/RENESAS/INDEX.md,VERY_SHORT_MARKDOWN,MEDIUM,"Add actionable content, schema fields, examples, or explicit intentionally-empty status."
05_OUTPUTS/installer_smoke_test/KICAD_ENGINE_TEST_2026-05-03T00-18-33-993Z/06_DATASHEETS/01_MICROCONTROLLERS/RENESAS/INDEX.md,TODO_OR_TBD,MEDIUM,Replace placeholders with verified content or clearly mark intentionally unverified/template-only status.
05_OUTPUTS/installer_smoke_test/KICAD_ENGINE_TEST_2026-05-03T00-18-33-993Z/06_DATASHEETS/01_MICROCONTROLLERS/RENESAS/MISSING.md,VERY_SHORT_MARKDOWN,MEDIUM,"Add actionable content, schema fields, examples, or explicit intentionally-empty status."
05_OUTPUTS/installer_smoke_test/KICAD_ENGINE_TEST_2026-05-03T00-18-33-993Z/06_DATASHEETS/01_MICROCONTROLLERS/RENESAS/MISSING.md,TODO_OR_TBD,MEDIUM,Replace placeholders with verified content or clearly mark intentionally unverified/template-only status.
05_OUTPUTS/installer_smoke_test/KICAD_ENGINE_TEST_2026-05-03T00-18-33-993Z/06_DATASHEETS/01_MICROCONTROLLERS/RENESAS/SOURCES.md,VERY_SHORT_MARKDOWN,MEDIUM,"Add actionable content, schema fields, examples, or explicit intentionally-empty status."
05_OUTPUTS/installer_smoke_test/KICAD_ENGINE_TEST_2026-05-03T00-18-33-993Z/06_DATASHEETS/01_MICROCONTROLLERS/RENESAS/SOURCES.md,TODO_OR_TBD,MEDIUM,Replace placeholders with verified content or clearly mark intentionally unverified/template-only status.
05_OUTPUTS/installer_smoke_test/KICAD_ENGINE_TEST_2026-05-03T00-18-33-993Z/06_DATASHEETS/01_MICROCONTROLLERS/SILABS,ONLY_BASIC_INDEX_FILES,MEDIUM,Add substantive family/component/workflow content or mark intentionally reserved.
05_OUTPUTS/installer_smoke_test/KICAD_ENGINE_TEST_2026-05-03T00-18-33-993Z/06_DATASHEETS/01_MICROCONTROLLERS/SILABS/INDEX.md,VERY_SHORT_MARKDOWN,MEDIUM,"Add actionable content, schema fields, examples, or explicit intentionally-empty status."
05_OUTPUTS/installer_smoke_test/KICAD_ENGINE_TEST_2026-05-03T00-18-33-993Z/06_DATASHEETS/01_MICROCONTROLLERS/SILABS/INDEX.md,TODO_OR_TBD,MEDIUM,Replace placeholders with verified content or clearly mark intentionally unverified/template-only status.
05_OUTPUTS/installer_smoke_test/KICAD_ENGINE_TEST_2026-05-03T00-18-33-993Z/06_DATASHEETS/01_MICROCONTROLLERS/SILABS/MISSING.md,VERY_SHORT_MARKDOWN,MEDIUM,"Add actionable content, schema fields, examples, or explicit intentionally-empty status."
05_OUTPUTS/installer_smoke_test/KICAD_ENGINE_TEST_2026-05-03T00-18-33-993Z/06_DATASHEETS/01_MICROCONTROLLERS/SILABS/MISSING.md,TODO_OR_TBD,MEDIUM,Replace placeholders with verified content or clearly mark intentionally unverified/template-only status.
05_OUTPUTS/installer_smoke_test/KICAD_ENGINE_TEST_2026-05-03T00-18-33-993Z/06_DATASHEETS/01_MICROCONTROLLERS/SILABS/SOURCES.md,VERY_SHORT_MARKDOWN,MEDIUM,"Add actionable content, schema fields, examples, or explicit intentionally-empty status."
05_OUTPUTS/installer_smoke_test/KICAD_ENGINE_TEST_2026-05-03T00-18-33-993Z/06_DATASHEETS/01_MICROCONTROLLERS/SILABS/SOURCES.md,TODO_OR_TBD,MEDIUM,Replace placeholders with verified content or clearly mark intentionally unverified/template-only status.
05_OUTPUTS/installer_smoke_test/KICAD_ENGINE_TEST_2026-05-03T00-18-33-993Z/06_DATASHEETS/01_MICROCONTROLLERS/SOURCES.md,VERY_SHORT_MARKDOWN,MEDIUM,"Add actionable content, schema fields, examples, or explicit intentionally-empty status."
05_OUTPUTS/installer_smoke_test/KICAD_ENGINE_TEST_2026-05-03T00-18-33-993Z/06_DATASHEETS/01_MICROCONTROLLERS/SOURCES.md,TODO_OR_TBD,MEDIUM,Replace placeholders with verified content or clearly mark intentionally unverified/template-only status.
05_OUTPUTS/installer_smoke_test/KICAD_ENGINE_TEST_2026-05-03T00-18-33-993Z/06_DATASHEETS/01_MICROCONTROLLERS/STMICRO_STM32/DESIGN_GUIDES,ONLY_BASIC_INDEX_FILES,MEDIUM,Add substantive family/component/workflow content or mark intentionally reserved.
05_OUTPUTS/installer_smoke_test/KICAD_ENGINE_TEST_2026-05-03T00-18-33-993Z/06_DATASHEETS/01_MICROCONTROLLERS/STMICRO_STM32/DESIGN_GUIDES/INDEX.md,VERY_SHORT_MARKDOWN,MEDIUM,"Add actionable content, schema fields, examples, or explicit intentionally-empty status."
05_OUTPUTS/installer_smoke_test/KICAD_ENGINE_TEST_2026-05-03T00-18-33-993Z/06_DATASHEETS/01_MICROCONTROLLERS/STMICRO_STM32/DESIGN_GUIDES/INDEX.md,TODO_OR_TBD,MEDIUM,Replace placeholders with verified content or clearly mark intentionally unverified/template-only status.
05_OUTPUTS/installer_smoke_test/KICAD_ENGINE_TEST_2026-05-03T00-18-33-993Z/06_DATASHEETS/01_MICROCONTROLLERS/STMICRO_STM32/DESIGN_GUIDES/MISSING.md,VERY_SHORT_MARKDOWN,MEDIUM,"Add actionable content, schema fields, examples, or explicit intentionally-empty status."
05_OUTPUTS/installer_smoke_test/KICAD_ENGINE_TEST_2026-05-03T00-18-33-993Z/06_DATASHEETS/01_MICROCONTROLLERS/STMICRO_STM32/DESIGN_GUIDES/MISSING.md,TODO_OR_TBD,MEDIUM,Replace placeholders with verified content or clearly mark intentionally unverified/template-only status.
05_OUTPUTS/installer_smoke_test/KICAD_ENGINE_TEST_2026-05-03T00-18-33-993Z/06_DATASHEETS/01_MICROCONTROLLERS/STMICRO_STM32/DESIGN_GUIDES/SOURCES.md,VERY_SHORT_MARKDOWN,MEDIUM,"Add actionable content, schema fields, examples, or explicit intentionally-empty status."
05_OUTPUTS/installer_smoke_test/KICAD_ENGINE_TEST_2026-05-03T00-18-33-993Z/06_DATASHEETS/01_MICROCONTROLLERS/STMICRO_STM32/DESIGN_GUIDES/SOURCES.md,TODO_OR_TBD,MEDIUM,Replace placeholders with verified content or clearly mark intentionally unverified/template-only status.
05_OUTPUTS/installer_smoke_test/KICAD_ENGINE_TEST_2026-05-03T00-18-33-993Z/06_DATASHEETS/01_MICROCONTROLLERS/STMICRO_STM32/DISCOVERY_BOARDS/DISCOVERY_BOARD_INDEX.md,PLACEHOLDER_LANGUAGE,MEDIUM,Replace placeholders with verified content or clearly mark intentionally unverified/template-only status.
05_OUTPUTS/installer_smoke_test/KICAD_ENGINE_TEST_2026-05-03T00-18-33-993Z/06_DATASHEETS/01_MICROCONTROLLERS/STMICRO_STM32/DISCOVERY_BOARDS/INDEX.md,VERY_SHORT_MARKDOWN,MEDIUM,"Add actionable content, schema fields, examples, or explicit intentionally-empty status."
05_OUTPUTS/installer_smoke_test/KICAD_ENGINE_TEST_2026-05-03T00-18-33-993Z/06_DATASHEETS/01_MICROCONTROLLERS/STMICRO_STM32/DISCOVERY_BOARDS/INDEX.md,TODO_OR_TBD,MEDIUM,Replace placeholders with verified content or clearly mark intentionally unverified/template-only status.
05_OUTPUTS/installer_smoke_test/KICAD_ENGINE_TEST_2026-05-03T00-18-33-993Z/06_DATASHEETS/01_MICROCONTROLLERS/STMICRO_STM32/DISCOVERY_BOARDS/MISSING.md,VERY_SHORT_MARKDOWN,MEDIUM,"Add actionable content, schema fields, examples, or explicit intentionally-empty status."
05_OUTPUTS/installer_smoke_test/KICAD_ENGINE_TEST_2026-05-03T00-18-33-993Z/06_DATASHEETS/01_MICROCONTROLLERS/STMICRO_STM32/DISCOVERY_BOARDS/MISSING.md,TODO_OR_TBD,MEDIUM,Replace placeholders with verified content or clearly mark intentionally unverified/template-only status.
05_OUTPUTS/installer_smoke_test/KICAD_ENGINE_TEST_2026-05-03T00-18-33-993Z/06_DATASHEETS/01_MICROCONTROLLERS/STMICRO_STM32/DISCOVERY_BOARDS/SOURCES.md,VERY_SHORT_MARKDOWN,MEDIUM,"Add actionable content, schema fields, examples, or explicit intentionally-empty status."
05_OUTPUTS/installer_smoke_test/KICAD_ENGINE_TEST_2026-05-03T00-18-33-993Z/06_DATASHEETS/01_MICROCONTROLLERS/STMICRO_STM32/DISCOVERY_BOARDS/SOURCES.md,TODO_OR_TBD,MEDIUM,Replace placeholders with verified content or clearly mark intentionally unverified/template-only status.
05_OUTPUTS/installer_smoke_test/KICAD_ENGINE_TEST_2026-05-03T00-18-33-993Z/06_DATASHEETS/01_MICROCONTROLLERS/STMICRO_STM32/ERRATA,ONLY_BASIC_INDEX_FILES,MEDIUM,Add substantive family/component/workflow content or mark intentionally reserved.
05_OUTPUTS/installer_smoke_test/KICAD_ENGINE_TEST_2026-05-03T00-18-33-993Z/06_DATASHEETS/01_MICROCONTROLLERS/STMICRO_STM32/ERRATA/INDEX.md,VERY_SHORT_MARKDOWN,MEDIUM,"Add actionable content, schema fields, examples, or explicit intentionally-empty status."
05_OUTPUTS/installer_smoke_test/KICAD_ENGINE_TEST_2026-05-03T00-18-33-993Z/06_DATASHEETS/01_MICROCONTROLLERS/STMICRO_STM32/ERRATA/INDEX.md,TODO_OR_TBD,MEDIUM,Replace placeholders with verified content or clearly mark intentionally unverified/template-only status.
05_OUTPUTS/installer_smoke_test/KICAD_ENGINE_TEST_2026-05-03T00-18-33-993Z/06_DATASHEETS/01_MICROCONTROLLERS/STMICRO_STM32/ERRATA/MISSING.md,VERY_SHORT_MARKDOWN,MEDIUM,"Add actionable content, schema fields, examples, or explicit intentionally-empty status."
05_OUTPUTS/installer_smoke_test/KICAD_ENGINE_TEST_2026-05-03T00-18-33-993Z/06_DATASHEETS/01_MICROCONTROLLERS/STMICRO_STM32/ERRATA/MISSING.md,TODO_OR_TBD,MEDIUM,Replace placeholders with verified content or clearly mark intentionally unverified/template-only status.
05_OUTPUTS/installer_smoke_test/KICAD_ENGINE_TEST_2026-05-03T00-18-33-993Z/06_DATASHEETS/01_MICROCONTROLLERS/STMICRO_STM32/ERRATA/SOURCES.md,VERY_SHORT_MARKDOWN,MEDIUM,"Add actionable content, schema fields, examples, or explicit intentionally-empty status."
05_OUTPUTS/installer_smoke_test/KICAD_ENGINE_TEST_2026-05-03T00-18-33-993Z/06_DATASHEETS/01_MICROCONTROLLERS/STMICRO_STM32/ERRATA/SOURCES.md,TODO_OR_TBD,MEDIUM,Replace placeholders with verified content or clearly mark intentionally unverified/template-only status.
05_OUTPUTS/installer_smoke_test/KICAD_ENGINE_TEST_2026-05-03T00-18-33-993Z/06_DATASHEETS/01_MICROCONTROLLERS/STMICRO_STM32/EVAL_BOARDS,ONLY_BASIC_INDEX_FILES,MEDIUM,Add substantive family/component/workflow content or mark intentionally reserved.
05_OUTPUTS/installer_smoke_test/KICAD_ENGINE_TEST_2026-05-03T00-18-33-993Z/06_DATASHEETS/01_MICROCONTROLLERS/STMICRO_STM32/EVAL_BOARDS/INDEX.md,VERY_SHORT_MARKDOWN,MEDIUM,"Add actionable content, schema fields, examples, or explicit intentionally-empty status."
05_OUTPUTS/installer_smoke_test/KICAD_ENGINE_TEST_2026-05-03T00-18-33-993Z/06_DATASHEETS/01_MICROCONTROLLERS/STMICRO_STM32/EVAL_BOARDS/INDEX.md,TODO_OR_TBD,MEDIUM,Replace placeholders with verified content or clearly mark intentionally unverified/template-only status.
05_OUTPUTS/installer_smoke_test/KICAD_ENGINE_TEST_2026-05-03T00-18-33-993Z/06_DATASHEETS/01_MICROCONTROLLERS/STMICRO_STM32/EVAL_BOARDS/MISSING.md,VERY_SHORT_MARKDOWN,MEDIUM,"Add actionable content, schema fields, examples, or explicit intentionally-empty status."
05_OUTPUTS/installer_smoke_test/KICAD_ENGINE_TEST_2026-05-03T00-18-33-993Z/06_DATASHEETS/01_MICROCONTROLLERS/STMICRO_STM32/EVAL_BOARDS/MISSING.md,TODO_OR_TBD,MEDIUM,Replace placeholders with verified content or clearly mark intentionally unverified/template-only status.
05_OUTPUTS/installer_smoke_test/KICAD_ENGINE_TEST_2026-05-03T00-18-33-993Z/06_DATASHEETS/01_MICROCONTROLLERS/STMICRO_STM32/EVAL_BOARDS/SOURCES.md,VERY_SHORT_MARKDOWN,MEDIUM,"Add actionable content, schema fields, examples, or explicit intentionally-empty status."
05_OUTPUTS/installer_smoke_test/KICAD_ENGINE_TEST_2026-05-03T00-18-33-993Z/06_DATASHEETS/01_MICROCONTROLLERS/STMICRO_STM32/EVAL_BOARDS/SOURCES.md,TODO_OR_TBD,MEDIUM,Replace placeholders with verified content or clearly mark intentionally unverified/template-only status.
05_OUTPUTS/installer_smoke_test/KICAD_ENGINE_TEST_2026-05-03T00-18-33-993Z/06_DATASHEETS/01_MICROCONTROLLERS/STMICRO_STM32/INDEX.md,VERY_SHORT_MARKDOWN,MEDIUM,"Add actionable content, schema fields, examples, or explicit intentionally-empty status."
05_OUTPUTS/installer_smoke_test/KICAD_ENGINE_TEST_2026-05-03T00-18-33-993Z/06_DATASHEETS/01_MICROCONTROLLERS/STMICRO_STM32/INDEX.md,TODO_OR_TBD,MEDIUM,Replace placeholders with verified content or clearly mark intentionally unverified/template-only status.
05_OUTPUTS/installer_smoke_test/KICAD_ENGINE_TEST_2026-05-03T00-18-33-993Z/06_DATASHEETS/01_MICROCONTROLLERS/STMICRO_STM32/MISSING.md,VERY_SHORT_MARKDOWN,MEDIUM,"Add actionable content, schema fields, examples, or explicit intentionally-empty status."
05_OUTPUTS/installer_smoke_test/KICAD_ENGINE_TEST_2026-05-03T00-18-33-993Z/06_DATASHEETS/01_MICROCONTROLLERS/STMICRO_STM32/MISSING.md,TODO_OR_TBD,MEDIUM,Replace placeholders with verified content or clearly mark intentionally unverified/template-only status.
05_OUTPUTS/installer_smoke_test/KICAD_ENGINE_TEST_2026-05-03T00-18-33-993Z/06_DATASHEETS/01_MICROCONTROLLERS/STMICRO_STM32/NUCLEO_BOARDS/INDEX.md,VERY_SHORT_MARKDOWN,MEDIUM,"Add actionable content, schema fields, examples, or explicit intentionally-empty status."
05_OUTPUTS/installer_smoke_test/KICAD_ENGINE_TEST_2026-05-03T00-18-33-993Z/06_DATASHEETS/01_MICROCONTROLLERS/STMICRO_STM32/NUCLEO_BOARDS/INDEX.md,TODO_OR_TBD,MEDIUM,Replace placeholders with verified content or clearly mark intentionally unverified/template-only status.
05_OUTPUTS/installer_smoke_test/KICAD_ENGINE_TEST_2026-05-03T00-18-33-993Z/06_DATASHEETS/01_MICROCONTROLLERS/STMICRO_STM32/NUCLEO_BOARDS/MISSING.md,VERY_SHORT_MARKDOWN,MEDIUM,"Add actionable content, schema fields, examples, or explicit intentionally-empty status."
05_OUTPUTS/installer_smoke_test/KICAD_ENGINE_TEST_2026-05-03T00-18-33-993Z/06_DATASHEETS/01_MICROCONTROLLERS/STMICRO_STM32/NUCLEO_BOARDS/MISSING.md,TODO_OR_TBD,MEDIUM,Replace placeholders with verified content or clearly mark intentionally unverified/template-only status.
05_OUTPUTS/installer_smoke_test/KICAD_ENGINE_TEST_2026-05-03T00-18-33-993Z/06_DATASHEETS/01_MICROCONTROLLERS/STMICRO_STM32/NUCLEO_BOARDS/SOURCES.md,VERY_SHORT_MARKDOWN,MEDIUM,"Add actionable content, schema fields, examples, or explicit intentionally-empty status."
05_OUTPUTS/installer_smoke_test/KICAD_ENGINE_TEST_2026-05-03T00-18-33-993Z/06_DATASHEETS/01_MICROCONTROLLERS/STMICRO_STM32/NUCLEO_BOARDS/SOURCES.md,TODO_OR_TBD,MEDIUM,Replace placeholders with verified content or clearly mark intentionally unverified/template-only status.
05_OUTPUTS/installer_smoke_test/KICAD_ENGINE_TEST_2026-05-03T00-18-33-993Z/06_DATASHEETS/01_MICROCONTROLLERS/STMICRO_STM32/PROGRAMMING_DEBUG_STLINK,ONLY_BASIC_INDEX_FILES,MEDIUM,Add substantive family/component/workflow content or mark intentionally reserved.
05_OUTPUTS/installer_smoke_test/KICAD_ENGINE_TEST_2026-05-03T00-18-33-993Z/06_DATASHEETS/01_MICROCONTROLLERS/STMICRO_STM32/PROGRAMMING_DEBUG_STLINK/INDEX.md,VERY_SHORT_MARKDOWN,MEDIUM,"Add actionable content, schema fields, examples, or explicit intentionally-empty status."
05_OUTPUTS/installer_smoke_test/KICAD_ENGINE_TEST_2026-05-03T00-18-33-993Z/06_DATASHEETS/01_MICROCONTROLLERS/STMICRO_STM32/PROGRAMMING_DEBUG_STLINK/INDEX.md,TODO_OR_TBD,MEDIUM,Replace placeholders with verified content or clearly mark intentionally unverified/template-only status.
05_OUTPUTS/installer_smoke_test/KICAD_ENGINE_TEST_2026-05-03T00-18-33-993Z/06_DATASHEETS/01_MICROCONTROLLERS/STMICRO_STM32/PROGRAMMING_DEBUG_STLINK/MISSING.md,VERY_SHORT_MARKDOWN,MEDIUM,"Add actionable content, schema fields, examples, or explicit intentionally-empty status."
05_OUTPUTS/installer_smoke_test/KICAD_ENGINE_TEST_2026-05-03T00-18-33-993Z/06_DATASHEETS/01_MICROCONTROLLERS/STMICRO_STM32/PROGRAMMING_DEBUG_STLINK/MISSING.md,TODO_OR_TBD,MEDIUM,Replace placeholders with verified content or clearly mark intentionally unverified/template-only status.
05_OUTPUTS/installer_smoke_test/KICAD_ENGINE_TEST_2026-05-03T00-18-33-993Z/06_DATASHEETS/01_MICROCONTROLLERS/STMICRO_STM32/PROGRAMMING_DEBUG_STLINK/SOURCES.md,VERY_SHORT_MARKDOWN,MEDIUM,"Add actionable content, schema fields, examples, or explicit intentionally-empty status."
05_OUTPUTS/installer_smoke_test/KICAD_ENGINE_TEST_2026-05-03T00-18-33-993Z/06_DATASHEETS/01_MICROCONTROLLERS/STMICRO_STM32/PROGRAMMING_DEBUG_STLINK/SOURCES.md,TODO_OR_TBD,MEDIUM,Replace placeholders with verified content or clearly mark intentionally unverified/template-only status.
05_OUTPUTS/installer_smoke_test/KICAD_ENGINE_TEST_2026-05-03T00-18-33-993Z/06_DATASHEETS/01_MICROCONTROLLERS/STMICRO_STM32/README.md,GENERIC_FOLDER_TEXT,MEDIUM,Replace placeholders with verified content or clearly mark intentionally unverified/template-only status.
05_OUTPUTS/installer_smoke_test/KICAD_ENGINE_TEST_2026-05-03T00-18-33-993Z/06_DATASHEETS/01_MICROCONTROLLERS/STMICRO_STM32/SOURCES.md,VERY_SHORT_MARKDOWN,MEDIUM,"Add actionable content, schema fields, examples, or explicit intentionally-empty status."
05_OUTPUTS/installer_smoke_test/KICAD_ENGINE_TEST_2026-05-03T00-18-33-993Z/06_DATASHEETS/01_MICROCONTROLLERS/STMICRO_STM32/SOURCES.md,TODO_OR_TBD,MEDIUM,Replace placeholders with verified content or clearly mark intentionally unverified/template-only status.
05_OUTPUTS/installer_smoke_test/KICAD_ENGINE_TEST_2026-05-03T00-18-33-993Z/06_DATASHEETS/01_MICROCONTROLLERS/STMICRO_STM32/STM32F0,ONLY_BASIC_INDEX_FILES,MEDIUM,Add substantive family/component/workflow content or mark intentionally reserved.
05_OUTPUTS/installer_smoke_test/KICAD_ENGINE_TEST_2026-05-03T00-18-33-993Z/06_DATASHEETS/01_MICROCONTROLLERS/STMICRO_STM32/STM32F0/INDEX.md,VERY_SHORT_MARKDOWN,MEDIUM,"Add actionable content, schema fields, examples, or explicit intentionally-empty status."
05_OUTPUTS/installer_smoke_test/KICAD_ENGINE_TEST_2026-05-03T00-18-33-993Z/06_DATASHEETS/01_MICROCONTROLLERS/STMICRO_STM32/STM32F0/INDEX.md,TODO_OR_TBD,MEDIUM,Replace placeholders with verified content or clearly mark intentionally unverified/template-only status.
05_OUTPUTS/installer_smoke_test/KICAD_ENGINE_TEST_2026-05-03T00-18-33-993Z/06_DATASHEETS/01_MICROCONTROLLERS/STMICRO_STM32/STM32F0/MISSING.md,VERY_SHORT_MARKDOWN,MEDIUM,"Add actionable content, schema fields, examples, or explicit intentionally-empty status."
05_OUTPUTS/installer_smoke_test/KICAD_ENGINE_TEST_2026-05-03T00-18-33-993Z/06_DATASHEETS/01_MICROCONTROLLERS/STMICRO_STM32/STM32F0/MISSING.md,TODO_OR_TBD,MEDIUM,Replace placeholders with verified content or clearly mark intentionally unverified/template-only status.
05_OUTPUTS/installer_smoke_test/KICAD_ENGINE_TEST_2026-05-03T00-18-33-993Z/06_DATASHEETS/01_MICROCONTROLLERS/STMICRO_STM32/STM32F0/SOURCES.md,VERY_SHORT_MARKDOWN,MEDIUM,"Add actionable content, schema fields, examples, or explicit intentionally-empty status."
05_OUTPUTS/installer_smoke_test/KICAD_ENGINE_TEST_2026-05-03T00-18-33-993Z/06_DATASHEETS/01_MICROCONTROLLERS/STMICRO_STM32/STM32F0/SOURCES.md,TODO_OR_TBD,MEDIUM,Replace placeholders with verified content or clearly mark intentionally unverified/template-only status.
05_OUTPUTS/installer_smoke_test/KICAD_ENGINE_TEST_2026-05-03T00-18-33-993Z/06_DATASHEETS/01_MICROCONTROLLERS/STMICRO_STM32/STM32F1,ONLY_BASIC_INDEX_FILES,MEDIUM,Add substantive family/component/workflow content or mark intentionally reserved.
05_OUTPUTS/installer_smoke_test/KICAD_ENGINE_TEST_2026-05-03T00-18-33-993Z/06_DATASHEETS/01_MICROCONTROLLERS/STMICRO_STM32/STM32F1/INDEX.md,VERY_SHORT_MARKDOWN,MEDIUM,"Add actionable content, schema fields, examples, or explicit intentionally-empty status."
05_OUTPUTS/installer_smoke_test/KICAD_ENGINE_TEST_2026-05-03T00-18-33-993Z/06_DATASHEETS/01_MICROCONTROLLERS/STMICRO_STM32/STM32F1/INDEX.md,TODO_OR_TBD,MEDIUM,Replace placeholders with verified content or clearly mark intentionally unverified/template-only status.
05_OUTPUTS/installer_smoke_test/KICAD_ENGINE_TEST_2026-05-03T00-18-33-993Z/06_DATASHEETS/01_MICROCONTROLLERS/STMICRO_STM32/STM32F1/MISSING.md,VERY_SHORT_MARKDOWN,MEDIUM,"Add actionable content, schema fields, examples, or explicit intentionally-empty status."
05_OUTPUTS/installer_smoke_test/KICAD_ENGINE_TEST_2026-05-03T00-18-33-993Z/06_DATASHEETS/01_MICROCONTROLLERS/STMICRO_STM32/STM32F1/MISSING.md,TODO_OR_TBD,MEDIUM,Replace placeholders with verified content or clearly mark intentionally unverified/template-only status.
05_OUTPUTS/installer_smoke_test/KICAD_ENGINE_TEST_2026-05-03T00-18-33-993Z/06_DATASHEETS/01_MICROCONTROLLERS/STMICRO_STM32/STM32F1/SOURCES.md,VERY_SHORT_MARKDOWN,MEDIUM,"Add actionable content, schema fields, examples, or explicit intentionally-empty status."
05_OUTPUTS/installer_smoke_test/KICAD_ENGINE_TEST_2026-05-03T00-18-33-993Z/06_DATASHEETS/01_MICROCONTROLLERS/STMICRO_STM32/STM32F1/SOURCES.md,TODO_OR_TBD,MEDIUM,Replace placeholders with verified content or clearly mark intentionally unverified/template-only status.
05_OUTPUTS/installer_smoke_test/KICAD_ENGINE_TEST_2026-05-03T00-18-33-993Z/06_DATASHEETS/01_MICROCONTROLLERS/STMICRO_STM32/STM32F2,ONLY_BASIC_INDEX_FILES,MEDIUM,Add substantive family/component/workflow content or mark intentionally reserved.
05_OUTPUTS/installer_smoke_test/KICAD_ENGINE_TEST_2026-05-03T00-18-33-993Z/06_DATASHEETS/01_MICROCONTROLLERS/STMICRO_STM32/STM32F2/INDEX.md,VERY_SHORT_MARKDOWN,MEDIUM,"Add actionable content, schema fields, examples, or explicit intentionally-empty status."
05_OUTPUTS/installer_smoke_test/KICAD_ENGINE_TEST_2026-05-03T00-18-33-993Z/06_DATASHEETS/01_MICROCONTROLLERS/STMICRO_STM32/STM32F2/INDEX.md,TODO_OR_TBD,MEDIUM,Replace placeholders with verified content or clearly mark intentionally unverified/template-only status.
05_OUTPUTS/installer_smoke_test/KICAD_ENGINE_TEST_2026-05-03T00-18-33-993Z/06_DATASHEETS/01_MICROCONTROLLERS/STMICRO_STM32/STM32F2/MISSING.md,VERY_SHORT_MARKDOWN,MEDIUM,"Add actionable content, schema fields, examples, or explicit intentionally-empty status."
05_OUTPUTS/installer_smoke_test/KICAD_ENGINE_TEST_2026-05-03T00-18-33-993Z/06_DATASHEETS/01_MICROCONTROLLERS/STMICRO_STM32/STM32F2/MISSING.md,TODO_OR_TBD,MEDIUM,Replace placeholders with verified content or clearly mark intentionally unverified/template-only status.
05_OUTPUTS/installer_smoke_test/KICAD_ENGINE_TEST_2026-05-03T00-18-33-993Z/06_DATASHEETS/01_MICROCONTROLLERS/STMICRO_STM32/STM32F2/SOURCES.md,VERY_SHORT_MARKDOWN,MEDIUM,"Add actionable content, schema fields, examples, or explicit intentionally-empty status."
05_OUTPUTS/installer_smoke_test/KICAD_ENGINE_TEST_2026-05-03T00-18-33-993Z/06_DATASHEETS/01_MICROCONTROLLERS/STMICRO_STM32/STM32F2/SOURCES.md,TODO_OR_TBD,MEDIUM,Replace placeholders with verified content or clearly mark intentionally unverified/template-only status.
05_OUTPUTS/installer_smoke_test/KICAD_ENGINE_TEST_2026-05-03T00-18-33-993Z/06_DATASHEETS/01_MICROCONTROLLERS/STMICRO_STM32/STM32F3,ONLY_BASIC_INDEX_FILES,MEDIUM,Add substantive family/component/workflow content or mark intentionally reserved.
05_OUTPUTS/installer_smoke_test/KICAD_ENGINE_TEST_2026-05-03T00-18-33-993Z/06_DATASHEETS/01_MICROCONTROLLERS/STMICRO_STM32/STM32F3/INDEX.md,VERY_SHORT_MARKDOWN,MEDIUM,"Add actionable content, schema fields, examples, or explicit intentionally-empty status."
05_OUTPUTS/installer_smoke_test/KICAD_ENGINE_TEST_2026-05-03T00-18-33-993Z/06_DATASHEETS/01_MICROCONTROLLERS/STMICRO_STM32/STM32F3/INDEX.md,TODO_OR_TBD,MEDIUM,Replace placeholders with verified content or clearly mark intentionally unverified/template-only status.
05_OUTPUTS/installer_smoke_test/KICAD_ENGINE_TEST_2026-05-03T00-18-33-993Z/06_DATASHEETS/01_MICROCONTROLLERS/STMICRO_STM32/STM32F3/MISSING.md,VERY_SHORT_MARKDOWN,MEDIUM,"Add actionable content, schema fields, examples, or explicit intentionally-empty status."
05_OUTPUTS/installer_smoke_test/KICAD_ENGINE_TEST_2026-05-03T00-18-33-993Z/06_DATASHEETS/01_MICROCONTROLLERS/STMICRO_STM32/STM32F3/MISSING.md,TODO_OR_TBD,MEDIUM,Replace placeholders with verified content or clearly mark intentionally unverified/template-only status.
05_OUTPUTS/installer_smoke_test/KICAD_ENGINE_TEST_2026-05-03T00-18-33-993Z/06_DATASHEETS/01_MICROCONTROLLERS/STMICRO_STM32/STM32F3/SOURCES.md,VERY_SHORT_MARKDOWN,MEDIUM,"Add actionable content, schema fields, examples, or explicit intentionally-empty status."
05_OUTPUTS/installer_smoke_test/KICAD_ENGINE_TEST_2026-05-03T00-18-33-993Z/06_DATASHEETS/01_MICROCONTROLLERS/STMICRO_STM32/STM32F3/SOURCES.md,TODO_OR_TBD,MEDIUM,Replace placeholders with verified content or clearly mark intentionally unverified/template-only status.
05_OUTPUTS/installer_smoke_test/KICAD_ENGINE_TEST_2026-05-03T00-18-33-993Z/06_DATASHEETS/01_MICROCONTROLLERS/STMICRO_STM32/STM32F4,ONLY_BASIC_INDEX_FILES,MEDIUM,Add substantive family/component/workflow content or mark intentionally reserved.
05_OUTPUTS/installer_smoke_test/KICAD_ENGINE_TEST_2026-05-03T00-18-33-993Z/06_DATASHEETS/01_MICROCONTROLLERS/STMICRO_STM32/STM32F4/INDEX.md,VERY_SHORT_MARKDOWN,MEDIUM,"Add actionable content, schema fields, examples, or explicit intentionally-empty status."
05_OUTPUTS/installer_smoke_test/KICAD_ENGINE_TEST_2026-05-03T00-18-33-993Z/06_DATASHEETS/01_MICROCONTROLLERS/STMICRO_STM32/STM32F4/INDEX.md,TODO_OR_TBD,MEDIUM,Replace placeholders with verified content or clearly mark intentionally unverified/template-only status.
05_OUTPUTS/installer_smoke_test/KICAD_ENGINE_TEST_2026-05-03T00-18-33-993Z/06_DATASHEETS/01_MICROCONTROLLERS/STMICRO_STM32/STM32F4/MISSING.md,VERY_SHORT_MARKDOWN,MEDIUM,"Add actionable content, schema fields, examples, or explicit intentionally-empty status."
05_OUTPUTS/installer_smoke_test/KICAD_ENGINE_TEST_2026-05-03T00-18-33-993Z/06_DATASHEETS/01_MICROCONTROLLERS/STMICRO_STM32/STM32F4/MISSING.md,TODO_OR_TBD,MEDIUM,Replace placeholders with verified content or clearly mark intentionally unverified/template-only status.
05_OUTPUTS/installer_smoke_test/KICAD_ENGINE_TEST_2026-05-03T00-18-33-993Z/06_DATASHEETS/01_MICROCONTROLLERS/STMICRO_STM32/STM32F4/SOURCES.md,VERY_SHORT_MARKDOWN,MEDIUM,"Add actionable content, schema fields, examples, or explicit intentionally-empty status."
05_OUTPUTS/installer_smoke_test/KICAD_ENGINE_TEST_2026-05-03T00-18-33-993Z/06_DATASHEETS/01_MICROCONTROLLERS/STMICRO_STM32/STM32F4/SOURCES.md,TODO_OR_TBD,MEDIUM,Replace placeholders with verified content or clearly mark intentionally unverified/template-only status.
05_OUTPUTS/installer_smoke_test/KICAD_ENGINE_TEST_2026-05-03T00-18-33-993Z/06_DATASHEETS/01_MICROCONTROLLERS/STMICRO_STM32/STM32F7,ONLY_BASIC_INDEX_FILES,MEDIUM,Add substantive family/component/workflow content or mark intentionally reserved.
05_OUTPUTS/installer_smoke_test/KICAD_ENGINE_TEST_2026-05-03T00-18-33-993Z/06_DATASHEETS/01_MICROCONTROLLERS/STMICRO_STM32/STM32F7/INDEX.md,VERY_SHORT_MARKDOWN,MEDIUM,"Add actionable content, schema fields, examples, or explicit intentionally-empty status."
05_OUTPUTS/installer_smoke_test/KICAD_ENGINE_TEST_2026-05-03T00-18-33-993Z/06_DATASHEETS/01_MICROCONTROLLERS/STMICRO_STM32/STM32F7/INDEX.md,TODO_OR_TBD,MEDIUM,Replace placeholders with verified content or clearly mark intentionally unverified/template-only status.
05_OUTPUTS/installer_smoke_test/KICAD_ENGINE_TEST_2026-05-03T00-18-33-993Z/06_DATASHEETS/01_MICROCONTROLLERS/STMICRO_STM32/STM32F7/MISSING.md,VERY_SHORT_MARKDOWN,MEDIUM,"Add actionable content, schema fields, examples, or explicit intentionally-empty status."
05_OUTPUTS/installer_smoke_test/KICAD_ENGINE_TEST_2026-05-03T00-18-33-993Z/06_DATASHEETS/01_MICROCONTROLLERS/STMICRO_STM32/STM32F7/MISSING.md,TODO_OR_TBD,MEDIUM,Replace placeholders with verified content or clearly mark intentionally unverified/template-only status.
05_OUTPUTS/installer_smoke_test/KICAD_ENGINE_TEST_2026-05-03T00-18-33-993Z/06_DATASHEETS/01_MICROCONTROLLERS/STMICRO_STM32/STM32F7/SOURCES.md,VERY_SHORT_MARKDOWN,MEDIUM,"Add actionable content, schema fields, examples, or explicit intentionally-empty status."
05_OUTPUTS/installer_smoke_test/KICAD_ENGINE_TEST_2026-05-03T00-18-33-993Z/06_DATASHEETS/01_MICROCONTROLLERS/STMICRO_STM32/STM32F7/SOURCES.md,TODO_OR_TBD,MEDIUM,Replace placeholders with verified content or clearly mark intentionally unverified/template-only status.
05_OUTPUTS/installer_smoke_test/KICAD_ENGINE_TEST_2026-05-03T00-18-33-993Z/06_DATASHEETS/01_MICROCONTROLLERS/STMICRO_STM32/STM32G0,ONLY_BASIC_INDEX_FILES,MEDIUM,Add substantive family/component/workflow content or mark intentionally reserved.
05_OUTPUTS/installer_smoke_test/KICAD_ENGINE_TEST_2026-05-03T00-18-33-993Z/06_DATASHEETS/01_MICROCONTROLLERS/STMICRO_STM32/STM32G0/INDEX.md,VERY_SHORT_MARKDOWN,MEDIUM,"Add actionable content, schema fields, examples, or explicit intentionally-empty status."
05_OUTPUTS/installer_smoke_test/KICAD_ENGINE_TEST_2026-05-03T00-18-33-993Z/06_DATASHEETS/01_MICROCONTROLLERS/STMICRO_STM32/STM32G0/INDEX.md,TODO_OR_TBD,MEDIUM,Replace placeholders with verified content or clearly mark intentionally unverified/template-only status.
05_OUTPUTS/installer_smoke_test/KICAD_ENGINE_TEST_2026-05-03T00-18-33-993Z/06_DATASHEETS/01_MICROCONTROLLERS/STMICRO_STM32/STM32G0/MISSING.md,VERY_SHORT_MARKDOWN,MEDIUM,"Add actionable content, schema fields, examples, or explicit intentionally-empty status."
05_OUTPUTS/installer_smoke_test/KICAD_ENGINE_TEST_2026-05-03T00-18-33-993Z/06_DATASHEETS/01_MICROCONTROLLERS/STMICRO_STM32/STM32G0/MISSING.md,TODO_OR_TBD,MEDIUM,Replace placeholders with verified content or clearly mark intentionally unverified/template-only status.
05_OUTPUTS/installer_smoke_test/KICAD_ENGINE_TEST_2026-05-03T00-18-33-993Z/06_DATASHEETS/01_MICROCONTROLLERS/STMICRO_STM32/STM32G0/SOURCES.md,VERY_SHORT_MARKDOWN,MEDIUM,"Add actionable content, schema fields, examples, or explicit intentionally-empty status."
05_OUTPUTS/installer_smoke_test/KICAD_ENGINE_TEST_2026-05-03T00-18-33-993Z/06_DATASHEETS/01_MICROCONTROLLERS/STMICRO_STM32/STM32G0/SOURCES.md,TODO_OR_TBD,MEDIUM,Replace placeholders with verified content or clearly mark intentionally unverified/template-only status.
05_OUTPUTS/installer_smoke_test/KICAD_ENGINE_TEST_2026-05-03T00-18-33-993Z/06_DATASHEETS/01_MICROCONTROLLERS/STMICRO_STM32/STM32G4,ONLY_BASIC_INDEX_FILES,MEDIUM,Add substantive family/component/workflow content or mark intentionally reserved.
05_OUTPUTS/installer_smoke_test/KICAD_ENGINE_TEST_2026-05-03T00-18-33-993Z/06_DATASHEETS/01_MICROCONTROLLERS/STMICRO_STM32/STM32G4/INDEX.md,VERY_SHORT_MARKDOWN,MEDIUM,"Add actionable content, schema fields, examples, or explicit intentionally-empty status."
05_OUTPUTS/installer_smoke_test/KICAD_ENGINE_TEST_2026-05-03T00-18-33-993Z/06_DATASHEETS/01_MICROCONTROLLERS/STMICRO_STM32/STM32G4/INDEX.md,TODO_OR_TBD,MEDIUM,Replace placeholders with verified content or clearly mark intentionally unverified/template-only status.
05_OUTPUTS/installer_smoke_test/KICAD_ENGINE_TEST_2026-05-03T00-18-33-993Z/06_DATASHEETS/01_MICROCONTROLLERS/STMICRO_STM32/STM32G4/MISSING.md,VERY_SHORT_MARKDOWN,MEDIUM,"Add actionable content, schema fields, examples, or explicit intentionally-empty status."
05_OUTPUTS/installer_smoke_test/KICAD_ENGINE_TEST_2026-05-03T00-18-33-993Z/06_DATASHEETS/01_MICROCONTROLLERS/STMICRO_STM32/STM32G4/MISSING.md,TODO_OR_TBD,MEDIUM,Replace placeholders with verified content or clearly mark intentionally unverified/template-only status.
05_OUTPUTS/installer_smoke_test/KICAD_ENGINE_TEST_2026-05-03T00-18-33-993Z/06_DATASHEETS/01_MICROCONTROLLERS/STMICRO_STM32/STM32G4/SOURCES.md,VERY_SHORT_MARKDOWN,MEDIUM,"Add actionable content, schema fields, examples, or explicit intentionally-empty status."
05_OUTPUTS/installer_smoke_test/KICAD_ENGINE_TEST_2026-05-03T00-18-33-993Z/06_DATASHEETS/01_MICROCONTROLLERS/STMICRO_STM32/STM32G4/SOURCES.md,TODO_OR_TBD,MEDIUM,Replace placeholders with verified content or clearly mark intentionally unverified/template-only status.
05_OUTPUTS/installer_smoke_test/KICAD_ENGINE_TEST_2026-05-03T00-18-33-993Z/06_DATASHEETS/01_MICROCONTROLLERS/STMICRO_STM32/STM32H5,ONLY_BASIC_INDEX_FILES,MEDIUM,Add substantive family/component/workflow content or mark intentionally reserved.
05_OUTPUTS/installer_smoke_test/KICAD_ENGINE_TEST_2026-05-03T00-18-33-993Z/06_DATASHEETS/01_MICROCONTROLLERS/STMICRO_STM32/STM32H5/INDEX.md,VERY_SHORT_MARKDOWN,MEDIUM,"Add actionable content, schema fields, examples, or explicit intentionally-empty status."
05_OUTPUTS/installer_smoke_test/KICAD_ENGINE_TEST_2026-05-03T00-18-33-993Z/06_DATASHEETS/01_MICROCONTROLLERS/STMICRO_STM32/STM32H5/INDEX.md,TODO_OR_TBD,MEDIUM,Replace placeholders with verified content or clearly mark intentionally unverified/template-only status.
05_OUTPUTS/installer_smoke_test/KICAD_ENGINE_TEST_2026-05-03T00-18-33-993Z/06_DATASHEETS/01_MICROCONTROLLERS/STMICRO_STM32/STM32H5/MISSING.md,VERY_SHORT_MARKDOWN,MEDIUM,"Add actionable content, schema fields, examples, or explicit intentionally-empty status."
05_OUTPUTS/installer_smoke_test/KICAD_ENGINE_TEST_2026-05-03T00-18-33-993Z/06_DATASHEETS/01_MICROCONTROLLERS/STMICRO_STM32/STM32H5/MISSING.md,TODO_OR_TBD,MEDIUM,Replace placeholders with verified content or clearly mark intentionally unverified/template-only status.
05_OUTPUTS/installer_smoke_test/KICAD_ENGINE_TEST_2026-05-03T00-18-33-993Z/06_DATASHEETS/01_MICROCONTROLLERS/STMICRO_STM32/STM32H5/SOURCES.md,VERY_SHORT_MARKDOWN,MEDIUM,"Add actionable content, schema fields, examples, or explicit intentionally-empty status."
05_OUTPUTS/installer_smoke_test/KICAD_ENGINE_TEST_2026-05-03T00-18-33-993Z/06_DATASHEETS/01_MICROCONTROLLERS/STMICRO_STM32/STM32H5/SOURCES.md,TODO_OR_TBD,MEDIUM,Replace placeholders with verified content or clearly mark intentionally unverified/template-only status.
05_OUTPUTS/installer_smoke_test/KICAD_ENGINE_TEST_2026-05-03T00-18-33-993Z/06_DATASHEETS/01_MICROCONTROLLERS/STMICRO_STM32/STM32H7,ONLY_BASIC_INDEX_FILES,MEDIUM,Add substantive family/component/workflow content or mark intentionally reserved.
05_OUTPUTS/installer_smoke_test/KICAD_ENGINE_TEST_2026-05-03T00-18-33-993Z/06_DATASHEETS/01_MICROCONTROLLERS/STMICRO_STM32/STM32H7/INDEX.md,VERY_SHORT_MARKDOWN,MEDIUM,"Add actionable content, schema fields, examples, or explicit intentionally-empty status."
05_OUTPUTS/installer_smoke_test/KICAD_ENGINE_TEST_2026-05-03T00-18-33-993Z/06_DATASHEETS/01_MICROCONTROLLERS/STMICRO_STM32/STM32H7/INDEX.md,TODO_OR_TBD,MEDIUM,Replace placeholders with verified content or clearly mark intentionally unverified/template-only status.
05_OUTPUTS/installer_smoke_test/KICAD_ENGINE_TEST_2026-05-03T00-18-33-993Z/06_DATASHEETS/01_MICROCONTROLLERS/STMICRO_STM32/STM32H7/MISSING.md,VERY_SHORT_MARKDOWN,MEDIUM,"Add actionable content, schema fields, examples, or explicit intentionally-empty status."
05_OUTPUTS/installer_smoke_test/KICAD_ENGINE_TEST_2026-05-03T00-18-33-993Z/06_DATASHEETS/01_MICROCONTROLLERS/STMICRO_STM32/STM32H7/MISSING.md,TODO_OR_TBD,MEDIUM,Replace placeholders with verified content or clearly mark intentionally unverified/template-only status.
05_OUTPUTS/installer_smoke_test/KICAD_ENGINE_TEST_2026-05-03T00-18-33-993Z/06_DATASHEETS/01_MICROCONTROLLERS/STMICRO_STM32/STM32H7/SOURCES.md,VERY_SHORT_MARKDOWN,MEDIUM,"Add actionable content, schema fields, examples, or explicit intentionally-empty status."
05_OUTPUTS/installer_smoke_test/KICAD_ENGINE_TEST_2026-05-03T00-18-33-993Z/06_DATASHEETS/01_MICROCONTROLLERS/STMICRO_STM32/STM32H7/SOURCES.md,TODO_OR_TBD,MEDIUM,Replace placeholders with verified content or clearly mark intentionally unverified/template-only status.
05_OUTPUTS/installer_smoke_test/KICAD_ENGINE_TEST_2026-05-03T00-18-33-993Z/06_DATASHEETS/01_MICROCONTROLLERS/STMICRO_STM32/STM32L0,ONLY_BASIC_INDEX_FILES,MEDIUM,Add substantive family/component/workflow content or mark intentionally reserved.
05_OUTPUTS/installer_smoke_test/KICAD_ENGINE_TEST_2026-05-03T00-18-33-993Z/06_DATASHEETS/01_MICROCONTROLLERS/STMICRO_STM32/STM32L0/INDEX.md,VERY_SHORT_MARKDOWN,MEDIUM,"Add actionable content, schema fields, examples, or explicit intentionally-empty status."
05_OUTPUTS/installer_smoke_test/KICAD_ENGINE_TEST_2026-05-03T00-18-33-993Z/06_DATASHEETS/01_MICROCONTROLLERS/STMICRO_STM32/STM32L0/INDEX.md,TODO_OR_TBD,MEDIUM,Replace placeholders with verified content or clearly mark intentionally unverified/template-only status.
05_OUTPUTS/installer_smoke_test/KICAD_ENGINE_TEST_2026-05-03T00-18-33-993Z/06_DATASHEETS/01_MICROCONTROLLERS/STMICRO_STM32/STM32L0/MISSING.md,VERY_SHORT_MARKDOWN,MEDIUM,"Add actionable content, schema fields, examples, or explicit intentionally-empty status."
05_OUTPUTS/installer_smoke_test/KICAD_ENGINE_TEST_2026-05-03T00-18-33-993Z/06_DATASHEETS/01_MICROCONTROLLERS/STMICRO_STM32/STM32L0/MISSING.md,TODO_OR_TBD,MEDIUM,Replace placeholders with verified content or clearly mark intentionally unverified/template-only status.
05_OUTPUTS/installer_smoke_test/KICAD_ENGINE_TEST_2026-05-03T00-18-33-993Z/06_DATASHEETS/01_MICROCONTROLLERS/STMICRO_STM32/STM32L0/SOURCES.md,VERY_SHORT_MARKDOWN,MEDIUM,"Add actionable content, schema fields, examples, or explicit intentionally-empty status."
05_OUTPUTS/installer_smoke_test/KICAD_ENGINE_TEST_2026-05-03T00-18-33-993Z/06_DATASHEETS/01_MICROCONTROLLERS/STMICRO_STM32/STM32L0/SOURCES.md,TODO_OR_TBD,MEDIUM,Replace placeholders with verified content or clearly mark intentionally unverified/template-only status.
05_OUTPUTS/installer_smoke_test/KICAD_ENGINE_TEST_2026-05-03T00-18-33-993Z/06_DATASHEETS/01_MICROCONTROLLERS/STMICRO_STM32/STM32L1,ONLY_BASIC_INDEX_FILES,MEDIUM,Add substantive family/component/workflow content or mark intentionally reserved.
05_OUTPUTS/installer_smoke_test/KICAD_ENGINE_TEST_2026-05-03T00-18-33-993Z/06_DATASHEETS/01_MICROCONTROLLERS/STMICRO_STM32/STM32L1/INDEX.md,VERY_SHORT_MARKDOWN,MEDIUM,"Add actionable content, schema fields, examples, or explicit intentionally-empty status."
05_OUTPUTS/installer_smoke_test/KICAD_ENGINE_TEST_2026-05-03T00-18-33-993Z/06_DATASHEETS/01_MICROCONTROLLERS/STMICRO_STM32/STM32L1/INDEX.md,TODO_OR_TBD,MEDIUM,Replace placeholders with verified content or clearly mark intentionally unverified/template-only status.
05_OUTPUTS/installer_smoke_test/KICAD_ENGINE_TEST_2026-05-03T00-18-33-993Z/06_DATASHEETS/01_MICROCONTROLLERS/STMICRO_STM32/STM32L1/MISSING.md,VERY_SHORT_MARKDOWN,MEDIUM,"Add actionable content, schema fields, examples, or explicit intentionally-empty status."
05_OUTPUTS/installer_smoke_test/KICAD_ENGINE_TEST_2026-05-03T00-18-33-993Z/06_DATASHEETS/01_MICROCONTROLLERS/STMICRO_STM32/STM32L1/MISSING.md,TODO_OR_TBD,MEDIUM,Replace placeholders with verified content or clearly mark intentionally unverified/template-only status.
05_OUTPUTS/installer_smoke_test/KICAD_ENGINE_TEST_2026-05-03T00-18-33-993Z/06_DATASHEETS/01_MICROCONTROLLERS/STMICRO_STM32/STM32L1/SOURCES.md,VERY_SHORT_MARKDOWN,MEDIUM,"Add actionable content, schema fields, examples, or explicit intentionally-empty status."
05_OUTPUTS/installer_smoke_test/KICAD_ENGINE_TEST_2026-05-03T00-18-33-993Z/06_DATASHEETS/01_MICROCONTROLLERS/STMICRO_STM32/STM32L1/SOURCES.md,TODO_OR_TBD,MEDIUM,Replace placeholders with verified content or clearly mark intentionally unverified/template-only status.
05_OUTPUTS/installer_smoke_test/KICAD_ENGINE_TEST_2026-05-03T00-18-33-993Z/06_DATASHEETS/01_MICROCONTROLLERS/STMICRO_STM32/STM32L4,ONLY_BASIC_INDEX_FILES,MEDIUM,Add substantive family/component/workflow content or mark intentionally reserved.
05_OUTPUTS/installer_smoke_test/KICAD_ENGINE_TEST_2026-05-03T00-18-33-993Z/06_DATASHEETS/01_MICROCONTROLLERS/STMICRO_STM32/STM32L4/INDEX.md,VERY_SHORT_MARKDOWN,MEDIUM,"Add actionable content, schema fields, examples, or explicit intentionally-empty status."
05_OUTPUTS/installer_smoke_test/KICAD_ENGINE_TEST_2026-05-03T00-18-33-993Z/06_DATASHEETS/01_MICROCONTROLLERS/STMICRO_STM32/STM32L4/INDEX.md,TODO_OR_TBD,MEDIUM,Replace placeholders with verified content or clearly mark intentionally unverified/template-only status.
05_OUTPUTS/installer_smoke_test/KICAD_ENGINE_TEST_2026-05-03T00-18-33-993Z/06_DATASHEETS/01_MICROCONTROLLERS/STMICRO_STM32/STM32L4/MISSING.md,VERY_SHORT_MARKDOWN,MEDIUM,"Add actionable content, schema fields, examples, or explicit intentionally-empty status."
05_OUTPUTS/installer_smoke_test/KICAD_ENGINE_TEST_2026-05-03T00-18-33-993Z/06_DATASHEETS/01_MICROCONTROLLERS/STMICRO_STM32/STM32L4/MISSING.md,TODO_OR_TBD,MEDIUM,Replace placeholders with verified content or clearly mark intentionally unverified/template-only status.
05_OUTPUTS/installer_smoke_test/KICAD_ENGINE_TEST_2026-05-03T00-18-33-993Z/06_DATASHEETS/01_MICROCONTROLLERS/STMICRO_STM32/STM32L4/SOURCES.md,VERY_SHORT_MARKDOWN,MEDIUM,"Add actionable content, schema fields, examples, or explicit intentionally-empty status."
05_OUTPUTS/installer_smoke_test/KICAD_ENGINE_TEST_2026-05-03T00-18-33-993Z/06_DATASHEETS/01_MICROCONTROLLERS/STMICRO_STM32/STM32L4/SOURCES.md,TODO_OR_TBD,MEDIUM,Replace placeholders with verified content or clearly mark intentionally unverified/template-only status.
05_OUTPUTS/installer_smoke_test/KICAD_ENGINE_TEST_2026-05-03T00-18-33-993Z/06_DATASHEETS/01_MICROCONTROLLERS/STMICRO_STM32/STM32L5,ONLY_BASIC_INDEX_FILES,MEDIUM,Add substantive family/component/workflow content or mark intentionally reserved.
05_OUTPUTS/installer_smoke_test/KICAD_ENGINE_TEST_2026-05-03T00-18-33-993Z/06_DATASHEETS/01_MICROCONTROLLERS/STMICRO_STM32/STM32L5/INDEX.md,VERY_SHORT_MARKDOWN,MEDIUM,"Add actionable content, schema fields, examples, or explicit intentionally-empty status."
05_OUTPUTS/installer_smoke_test/KICAD_ENGINE_TEST_2026-05-03T00-18-33-993Z/06_DATASHEETS/01_MICROCONTROLLERS/STMICRO_STM32/STM32L5/INDEX.md,TODO_OR_TBD,MEDIUM,Replace placeholders with verified content or clearly mark intentionally unverified/template-only status.
05_OUTPUTS/installer_smoke_test/KICAD_ENGINE_TEST_2026-05-03T00-18-33-993Z/06_DATASHEETS/01_MICROCONTROLLERS/STMICRO_STM32/STM32L5/MISSING.md,VERY_SHORT_MARKDOWN,MEDIUM,"Add actionable content, schema fields, examples, or explicit intentionally-empty status."
05_OUTPUTS/installer_smoke_test/KICAD_ENGINE_TEST_2026-05-03T00-18-33-993Z/06_DATASHEETS/01_MICROCONTROLLERS/STMICRO_STM32/STM32L5/MISSING.md,TODO_OR_TBD,MEDIUM,Replace placeholders with verified content or clearly mark intentionally unverified/template-only status.
05_OUTPUTS/installer_smoke_test/KICAD_ENGINE_TEST_2026-05-03T00-18-33-993Z/06_DATASHEETS/01_MICROCONTROLLERS/STMICRO_STM32/STM32L5/SOURCES.md,VERY_SHORT_MARKDOWN,MEDIUM,"Add actionable content, schema fields, examples, or explicit intentionally-empty status."
05_OUTPUTS/installer_smoke_test/KICAD_ENGINE_TEST_2026-05-03T00-18-33-993Z/06_DATASHEETS/01_MICROCONTROLLERS/STMICRO_STM32/STM32L5/SOURCES.md,TODO_OR_TBD,MEDIUM,Replace placeholders with verified content or clearly mark intentionally unverified/template-only status.
05_OUTPUTS/installer_smoke_test/KICAD_ENGINE_TEST_2026-05-03T00-18-33-993Z/06_DATASHEETS/01_MICROCONTROLLERS/STMICRO_STM32/STM32MP,ONLY_BASIC_INDEX_FILES,MEDIUM,Add substantive family/component/workflow content or mark intentionally reserved.
05_OUTPUTS/installer_smoke_test/KICAD_ENGINE_TEST_2026-05-03T00-18-33-993Z/06_DATASHEETS/01_MICROCONTROLLERS/STMICRO_STM32/STM32MP/INDEX.md,VERY_SHORT_MARKDOWN,MEDIUM,"Add actionable content, schema fields, examples, or explicit intentionally-empty status."
05_OUTPUTS/installer_smoke_test/KICAD_ENGINE_TEST_2026-05-03T00-18-33-993Z/06_DATASHEETS/01_MICROCONTROLLERS/STMICRO_STM32/STM32MP/INDEX.md,TODO_OR_TBD,MEDIUM,Replace placeholders with verified content or clearly mark intentionally unverified/template-only status.
05_OUTPUTS/installer_smoke_test/KICAD_ENGINE_TEST_2026-05-03T00-18-33-993Z/06_DATASHEETS/01_MICROCONTROLLERS/STMICRO_STM32/STM32MP/MISSING.md,VERY_SHORT_MARKDOWN,MEDIUM,"Add actionable content, schema fields, examples, or explicit intentionally-empty status."
05_OUTPUTS/installer_smoke_test/KICAD_ENGINE_TEST_2026-05-03T00-18-33-993Z/06_DATASHEETS/01_MICROCONTROLLERS/STMICRO_STM32/STM32MP/MISSING.md,TODO_OR_TBD,MEDIUM,Replace placeholders with verified content or clearly mark intentionally unverified/template-only status.
05_OUTPUTS/installer_smoke_test/KICAD_ENGINE_TEST_2026-05-03T00-18-33-993Z/06_DATASHEETS/01_MICROCONTROLLERS/STMICRO_STM32/STM32MP/SOURCES.md,VERY_SHORT_MARKDOWN,MEDIUM,"Add actionable content, schema fields, examples, or explicit intentionally-empty status."
05_OUTPUTS/installer_smoke_test/KICAD_ENGINE_TEST_2026-05-03T00-18-33-993Z/06_DATASHEETS/01_MICROCONTROLLERS/STMICRO_STM32/STM32MP/SOURCES.md,TODO_OR_TBD,MEDIUM,Replace placeholders with verified content or clearly mark intentionally unverified/template-only status.
05_OUTPUTS/installer_smoke_test/KICAD_ENGINE_TEST_2026-05-03T00-18-33-993Z/06_DATASHEETS/01_MICROCONTROLLERS/STMICRO_STM32/STM32U0,ONLY_BASIC_INDEX_FILES,MEDIUM,Add substantive family/component/workflow content or mark intentionally reserved.
05_OUTPUTS/installer_smoke_test/KICAD_ENGINE_TEST_2026-05-03T00-18-33-993Z/06_DATASHEETS/01_MICROCONTROLLERS/STMICRO_STM32/STM32U0/INDEX.md,VERY_SHORT_MARKDOWN,MEDIUM,"Add actionable content, schema fields, examples, or explicit intentionally-empty status."
05_OUTPUTS/installer_smoke_test/KICAD_ENGINE_TEST_2026-05-03T00-18-33-993Z/06_DATASHEETS/01_MICROCONTROLLERS/STMICRO_STM32/STM32U0/INDEX.md,TODO_OR_TBD,MEDIUM,Replace placeholders with verified content or clearly mark intentionally unverified/template-only status.
05_OUTPUTS/installer_smoke_test/KICAD_ENGINE_TEST_2026-05-03T00-18-33-993Z/06_DATASHEETS/01_MICROCONTROLLERS/STMICRO_STM32/STM32U0/MISSING.md,VERY_SHORT_MARKDOWN,MEDIUM,"Add actionable content, schema fields, examples, or explicit intentionally-empty status."
05_OUTPUTS/installer_smoke_test/KICAD_ENGINE_TEST_2026-05-03T00-18-33-993Z/06_DATASHEETS/01_MICROCONTROLLERS/STMICRO_STM32/STM32U0/MISSING.md,TODO_OR_TBD,MEDIUM,Replace placeholders with verified content or clearly mark intentionally unverified/template-only status.
05_OUTPUTS/installer_smoke_test/KICAD_ENGINE_TEST_2026-05-03T00-18-33-993Z/06_DATASHEETS/01_MICROCONTROLLERS/STMICRO_STM32/STM32U0/SOURCES.md,VERY_SHORT_MARKDOWN,MEDIUM,"Add actionable content, schema fields, examples, or explicit intentionally-empty status."
05_OUTPUTS/installer_smoke_test/KICAD_ENGINE_TEST_2026-05-03T00-18-33-993Z/06_DATASHEETS/01_MICROCONTROLLERS/STMICRO_STM32/STM32U0/SOURCES.md,TODO_OR_TBD,MEDIUM,Replace placeholders with verified content or clearly mark intentionally unverified/template-only status.
05_OUTPUTS/installer_smoke_test/KICAD_ENGINE_TEST_2026-05-03T00-18-33-993Z/06_DATASHEETS/01_MICROCONTROLLERS/STMICRO_STM32/STM32U5,ONLY_BASIC_INDEX_FILES,MEDIUM,Add substantive family/component/workflow content or mark intentionally reserved.
05_OUTPUTS/installer_smoke_test/KICAD_ENGINE_TEST_2026-05-03T00-18-33-993Z/06_DATASHEETS/01_MICROCONTROLLERS/STMICRO_STM32/STM32U5/INDEX.md,VERY_SHORT_MARKDOWN,MEDIUM,"Add actionable content, schema fields, examples, or explicit intentionally-empty status."
05_OUTPUTS/installer_smoke_test/KICAD_ENGINE_TEST_2026-05-03T00-18-33-993Z/06_DATASHEETS/01_MICROCONTROLLERS/STMICRO_STM32/STM32U5/INDEX.md,TODO_OR_TBD,MEDIUM,Replace placeholders with verified content or clearly mark intentionally unverified/template-only status.
05_OUTPUTS/installer_smoke_test/KICAD_ENGINE_TEST_2026-05-03T00-18-33-993Z/06_DATASHEETS/01_MICROCONTROLLERS/STMICRO_STM32/STM32U5/MISSING.md,VERY_SHORT_MARKDOWN,MEDIUM,"Add actionable content, schema fields, examples, or explicit intentionally-empty status."
05_OUTPUTS/installer_smoke_test/KICAD_ENGINE_TEST_2026-05-03T00-18-33-993Z/06_DATASHEETS/01_MICROCONTROLLERS/STMICRO_STM32/STM32U5/MISSING.md,TODO_OR_TBD,MEDIUM,Replace placeholders with verified content or clearly mark intentionally unverified/template-only status.
05_OUTPUTS/installer_smoke_test/KICAD_ENGINE_TEST_2026-05-03T00-18-33-993Z/06_DATASHEETS/01_MICROCONTROLLERS/STMICRO_STM32/STM32U5/SOURCES.md,VERY_SHORT_MARKDOWN,MEDIUM,"Add actionable content, schema fields, examples, or explicit intentionally-empty status."
05_OUTPUTS/installer_smoke_test/KICAD_ENGINE_TEST_2026-05-03T00-18-33-993Z/06_DATASHEETS/01_MICROCONTROLLERS/STMICRO_STM32/STM32U5/SOURCES.md,TODO_OR_TBD,MEDIUM,Replace placeholders with verified content or clearly mark intentionally unverified/template-only status.
05_OUTPUTS/installer_smoke_test/KICAD_ENGINE_TEST_2026-05-03T00-18-33-993Z/06_DATASHEETS/01_MICROCONTROLLERS/STMICRO_STM32/STM32WB,ONLY_BASIC_INDEX_FILES,MEDIUM,Add substantive family/component/workflow content or mark intentionally reserved.
05_OUTPUTS/installer_smoke_test/KICAD_ENGINE_TEST_2026-05-03T00-18-33-993Z/06_DATASHEETS/01_MICROCONTROLLERS/STMICRO_STM32/STM32WB/INDEX.md,VERY_SHORT_MARKDOWN,MEDIUM,"Add actionable content, schema fields, examples, or explicit intentionally-empty status."
05_OUTPUTS/installer_smoke_test/KICAD_ENGINE_TEST_2026-05-03T00-18-33-993Z/06_DATASHEETS/01_MICROCONTROLLERS/STMICRO_STM32/STM32WB/INDEX.md,TODO_OR_TBD,MEDIUM,Replace placeholders with verified content or clearly mark intentionally unverified/template-only status.
05_OUTPUTS/installer_smoke_test/KICAD_ENGINE_TEST_2026-05-03T00-18-33-993Z/06_DATASHEETS/01_MICROCONTROLLERS/STMICRO_STM32/STM32WB/MISSING.md,VERY_SHORT_MARKDOWN,MEDIUM,"Add actionable content, schema fields, examples, or explicit intentionally-empty status."
05_OUTPUTS/installer_smoke_test/KICAD_ENGINE_TEST_2026-05-03T00-18-33-993Z/06_DATASHEETS/01_MICROCONTROLLERS/STMICRO_STM32/STM32WB/MISSING.md,TODO_OR_TBD,MEDIUM,Replace placeholders with verified content or clearly mark intentionally unverified/template-only status.
05_OUTPUTS/installer_smoke_test/KICAD_ENGINE_TEST_2026-05-03T00-18-33-993Z/06_DATASHEETS/01_MICROCONTROLLERS/STMICRO_STM32/STM32WB/SOURCES.md,VERY_SHORT_MARKDOWN,MEDIUM,"Add actionable content, schema fields, examples, or explicit intentionally-empty status."
05_OUTPUTS/installer_smoke_test/KICAD_ENGINE_TEST_2026-05-03T00-18-33-993Z/06_DATASHEETS/01_MICROCONTROLLERS/STMICRO_STM32/STM32WB/SOURCES.md,TODO_OR_TBD,MEDIUM,Replace placeholders with verified content or clearly mark intentionally unverified/template-only status.
05_OUTPUTS/installer_smoke_test/KICAD_ENGINE_TEST_2026-05-03T00-18-33-993Z/06_DATASHEETS/01_MICROCONTROLLERS/STMICRO_STM32/STM32WL,ONLY_BASIC_INDEX_FILES,MEDIUM,Add substantive family/component/workflow content or mark intentionally reserved.
05_OUTPUTS/installer_smoke_test/KICAD_ENGINE_TEST_2026-05-03T00-18-33-993Z/06_DATASHEETS/01_MICROCONTROLLERS/STMICRO_STM32/STM32WL/INDEX.md,VERY_SHORT_MARKDOWN,MEDIUM,"Add actionable content, schema fields, examples, or explicit intentionally-empty status."
05_OUTPUTS/installer_smoke_test/KICAD_ENGINE_TEST_2026-05-03T00-18-33-993Z/06_DATASHEETS/01_MICROCONTROLLERS/STMICRO_STM32/STM32WL/INDEX.md,TODO_OR_TBD,MEDIUM,Replace placeholders with verified content or clearly mark intentionally unverified/template-only status.
05_OUTPUTS/installer_smoke_test/KICAD_ENGINE_TEST_2026-05-03T00-18-33-993Z/06_DATASHEETS/01_MICROCONTROLLERS/STMICRO_STM32/STM32WL/MISSING.md,VERY_SHORT_MARKDOWN,MEDIUM,"Add actionable content, schema fields, examples, or explicit intentionally-empty status."
05_OUTPUTS/installer_smoke_test/KICAD_ENGINE_TEST_2026-05-03T00-18-33-993Z/06_DATASHEETS/01_MICROCONTROLLERS/STMICRO_STM32/STM32WL/MISSING.md,TODO_OR_TBD,MEDIUM,Replace placeholders with verified content or clearly mark intentionally unverified/template-only status.
05_OUTPUTS/installer_smoke_test/KICAD_ENGINE_TEST_2026-05-03T00-18-33-993Z/06_DATASHEETS/01_MICROCONTROLLERS/STMICRO_STM32/STM32WL/SOURCES.md,VERY_SHORT_MARKDOWN,MEDIUM,"Add actionable content, schema fields, examples, or explicit intentionally-empty status."
05_OUTPUTS/installer_smoke_test/KICAD_ENGINE_TEST_2026-05-03T00-18-33-993Z/06_DATASHEETS/01_MICROCONTROLLERS/STMICRO_STM32/STM32WL/SOURCES.md,TODO_OR_TBD,MEDIUM,Replace placeholders with verified content or clearly mark intentionally unverified/template-only status.
05_OUTPUTS/installer_smoke_test/KICAD_ENGINE_TEST_2026-05-03T00-18-33-993Z/06_DATASHEETS/01_MICROCONTROLLERS/STMICRO_STM32/STM32_MASTER_INDEX.md,PLACEHOLDER_LANGUAGE,MEDIUM,Replace placeholders with verified content or clearly mark intentionally unverified/template-only status.
05_OUTPUTS/installer_smoke_test/KICAD_ENGINE_TEST_2026-05-03T00-18-33-993Z/06_DATASHEETS/01_MICROCONTROLLERS/TI,ONLY_BASIC_INDEX_FILES,MEDIUM,Add substantive family/component/workflow content or mark intentionally reserved.
05_OUTPUTS/installer_smoke_test/KICAD_ENGINE_TEST_2026-05-03T00-18-33-993Z/06_DATASHEETS/01_MICROCONTROLLERS/TI/INDEX.md,VERY_SHORT_MARKDOWN,MEDIUM,"Add actionable content, schema fields, examples, or explicit intentionally-empty status."
05_OUTPUTS/installer_smoke_test/KICAD_ENGINE_TEST_2026-05-03T00-18-33-993Z/06_DATASHEETS/01_MICROCONTROLLERS/TI/INDEX.md,TODO_OR_TBD,MEDIUM,Replace placeholders with verified content or clearly mark intentionally unverified/template-only status.
05_OUTPUTS/installer_smoke_test/KICAD_ENGINE_TEST_2026-05-03T00-18-33-993Z/06_DATASHEETS/01_MICROCONTROLLERS/TI/MISSING.md,VERY_SHORT_MARKDOWN,MEDIUM,"Add actionable content, schema fields, examples, or explicit intentionally-empty status."
05_OUTPUTS/installer_smoke_test/KICAD_ENGINE_TEST_2026-05-03T00-18-33-993Z/06_DATASHEETS/01_MICROCONTROLLERS/TI/MISSING.md,TODO_OR_TBD,MEDIUM,Replace placeholders with verified content or clearly mark intentionally unverified/template-only status.
05_OUTPUTS/installer_smoke_test/KICAD_ENGINE_TEST_2026-05-03T00-18-33-993Z/06_DATASHEETS/01_MICROCONTROLLERS/TI/SOURCES.md,VERY_SHORT_MARKDOWN,MEDIUM,"Add actionable content, schema fields, examples, or explicit intentionally-empty status."
05_OUTPUTS/installer_smoke_test/KICAD_ENGINE_TEST_2026-05-03T00-18-33-993Z/06_DATASHEETS/01_MICROCONTROLLERS/TI/SOURCES.md,TODO_OR_TBD,MEDIUM,Replace placeholders with verified content or clearly mark intentionally unverified/template-only status.
05_OUTPUTS/installer_smoke_test/KICAD_ENGINE_TEST_2026-05-03T00-18-33-993Z/06_DATASHEETS/01_MICROCONTROLLERS/WCH,ONLY_BASIC_INDEX_FILES,MEDIUM,Add substantive family/component/workflow content or mark intentionally reserved.
05_OUTPUTS/installer_smoke_test/KICAD_ENGINE_TEST_2026-05-03T00-18-33-993Z/06_DATASHEETS/01_MICROCONTROLLERS/WCH/INDEX.md,VERY_SHORT_MARKDOWN,MEDIUM,"Add actionable content, schema fields, examples, or explicit intentionally-empty status."
05_OUTPUTS/installer_smoke_test/KICAD_ENGINE_TEST_2026-05-03T00-18-33-993Z/06_DATASHEETS/01_MICROCONTROLLERS/WCH/INDEX.md,TODO_OR_TBD,MEDIUM,Replace placeholders with verified content or clearly mark intentionally unverified/template-only status.
05_OUTPUTS/installer_smoke_test/KICAD_ENGINE_TEST_2026-05-03T00-18-33-993Z/06_DATASHEETS/01_MICROCONTROLLERS/WCH/MISSING.md,VERY_SHORT_MARKDOWN,MEDIUM,"Add actionable content, schema fields, examples, or explicit intentionally-empty status."
05_OUTPUTS/installer_smoke_test/KICAD_ENGINE_TEST_2026-05-03T00-18-33-993Z/06_DATASHEETS/01_MICROCONTROLLERS/WCH/MISSING.md,TODO_OR_TBD,MEDIUM,Replace placeholders with verified content or clearly mark intentionally unverified/template-only status.
05_OUTPUTS/installer_smoke_test/KICAD_ENGINE_TEST_2026-05-03T00-18-33-993Z/06_DATASHEETS/01_MICROCONTROLLERS/WCH/SOURCES.md,VERY_SHORT_MARKDOWN,MEDIUM,"Add actionable content, schema fields, examples, or explicit intentionally-empty status."
05_OUTPUTS/installer_smoke_test/KICAD_ENGINE_TEST_2026-05-03T00-18-33-993Z/06_DATASHEETS/01_MICROCONTROLLERS/WCH/SOURCES.md,TODO_OR_TBD,MEDIUM,Replace placeholders with verified content or clearly mark intentionally unverified/template-only status.
05_OUTPUTS/installer_smoke_test/KICAD_ENGINE_TEST_2026-05-03T00-18-33-993Z/06_DATASHEETS/02_DEV_BOARDS_AND_MODULES,ONLY_BASIC_INDEX_FILES,MEDIUM,Add substantive family/component/workflow content or mark intentionally reserved.
05_OUTPUTS/installer_smoke_test/KICAD_ENGINE_TEST_2026-05-03T00-18-33-993Z/06_DATASHEETS/02_DEV_BOARDS_AND_MODULES/INDEX.md,VERY_SHORT_MARKDOWN,MEDIUM,"Add actionable content, schema fields, examples, or explicit intentionally-empty status."
05_OUTPUTS/installer_smoke_test/KICAD_ENGINE_TEST_2026-05-03T00-18-33-993Z/06_DATASHEETS/02_DEV_BOARDS_AND_MODULES/INDEX.md,TODO_OR_TBD,MEDIUM,Replace placeholders with verified content or clearly mark intentionally unverified/template-only status.
05_OUTPUTS/installer_smoke_test/KICAD_ENGINE_TEST_2026-05-03T00-18-33-993Z/06_DATASHEETS/02_DEV_BOARDS_AND_MODULES/MISSING.md,VERY_SHORT_MARKDOWN,MEDIUM,"Add actionable content, schema fields, examples, or explicit intentionally-empty status."
05_OUTPUTS/installer_smoke_test/KICAD_ENGINE_TEST_2026-05-03T00-18-33-993Z/06_DATASHEETS/02_DEV_BOARDS_AND_MODULES/MISSING.md,TODO_OR_TBD,MEDIUM,Replace placeholders with verified content or clearly mark intentionally unverified/template-only status.
05_OUTPUTS/installer_smoke_test/KICAD_ENGINE_TEST_2026-05-03T00-18-33-993Z/06_DATASHEETS/02_DEV_BOARDS_AND_MODULES/SOURCES.md,VERY_SHORT_MARKDOWN,MEDIUM,"Add actionable content, schema fields, examples, or explicit intentionally-empty status."
05_OUTPUTS/installer_smoke_test/KICAD_ENGINE_TEST_2026-05-03T00-18-33-993Z/06_DATASHEETS/02_DEV_BOARDS_AND_MODULES/SOURCES.md,TODO_OR_TBD,MEDIUM,Replace placeholders with verified content or clearly mark intentionally unverified/template-only status.
05_OUTPUTS/installer_smoke_test/KICAD_ENGINE_TEST_2026-05-03T00-18-33-993Z/06_DATASHEETS/03_POWER/INDEX.md,VERY_SHORT_MARKDOWN,MEDIUM,"Add actionable content, schema fields, examples, or explicit intentionally-empty status."
05_OUTPUTS/installer_smoke_test/KICAD_ENGINE_TEST_2026-05-03T00-18-33-993Z/06_DATASHEETS/03_POWER/INDEX.md,TODO_OR_TBD,MEDIUM,Replace placeholders with verified content or clearly mark intentionally unverified/template-only status.
05_OUTPUTS/installer_smoke_test/KICAD_ENGINE_TEST_2026-05-03T00-18-33-993Z/06_DATASHEETS/03_POWER/MISSING.md,VERY_SHORT_MARKDOWN,MEDIUM,"Add actionable content, schema fields, examples, or explicit intentionally-empty status."
05_OUTPUTS/installer_smoke_test/KICAD_ENGINE_TEST_2026-05-03T00-18-33-993Z/06_DATASHEETS/03_POWER/MISSING.md,TODO_OR_TBD,MEDIUM,Replace placeholders with verified content or clearly mark intentionally unverified/template-only status.
05_OUTPUTS/installer_smoke_test/KICAD_ENGINE_TEST_2026-05-03T00-18-33-993Z/06_DATASHEETS/03_POWER/POWER_MASTER_INDEX.md,UNVERIFIED_OR_EXAMPLE_MARKER,MEDIUM,Replace placeholders with verified content or clearly mark intentionally unverified/template-only status.
05_OUTPUTS/installer_smoke_test/KICAD_ENGINE_TEST_2026-05-03T00-18-33-993Z/06_DATASHEETS/04_COMMUNICATION/COMMUNICATION_MASTER_INDEX.md,UNVERIFIED_OR_EXAMPLE_MARKER,MEDIUM,Replace placeholders with verified content or clearly mark intentionally unverified/template-only status.
05_OUTPUTS/installer_smoke_test/KICAD_ENGINE_TEST_2026-05-03T00-18-33-993Z/06_DATASHEETS/04_COMMUNICATION/INDEX.md,VERY_SHORT_MARKDOWN,MEDIUM,"Add actionable content, schema fields, examples, or explicit intentionally-empty status."
05_OUTPUTS/installer_smoke_test/KICAD_ENGINE_TEST_2026-05-03T00-18-33-993Z/06_DATASHEETS/04_COMMUNICATION/INDEX.md,TODO_OR_TBD,MEDIUM,Replace placeholders with verified content or clearly mark intentionally unverified/template-only status.
05_OUTPUTS/installer_smoke_test/KICAD_ENGINE_TEST_2026-05-03T00-18-33-993Z/06_DATASHEETS/04_COMMUNICATION/MISSING.md,VERY_SHORT_MARKDOWN,MEDIUM,"Add actionable content, schema fields, examples, or explicit intentionally-empty status."
05_OUTPUTS/installer_smoke_test/KICAD_ENGINE_TEST_2026-05-03T00-18-33-993Z/06_DATASHEETS/04_COMMUNICATION/MISSING.md,TODO_OR_TBD,MEDIUM,Replace placeholders with verified content or clearly mark intentionally unverified/template-only status.
05_OUTPUTS/installer_smoke_test/KICAD_ENGINE_TEST_2026-05-03T00-18-33-993Z/06_DATASHEETS/05_CONNECTORS/CONNECTOR_MASTER_INDEX.md,UNVERIFIED_OR_EXAMPLE_MARKER,MEDIUM,Replace placeholders with verified content or clearly mark intentionally unverified/template-only status.
05_OUTPUTS/installer_smoke_test/KICAD_ENGINE_TEST_2026-05-03T00-18-33-993Z/06_DATASHEETS/05_CONNECTORS/INDEX.md,VERY_SHORT_MARKDOWN,MEDIUM,"Add actionable content, schema fields, examples, or explicit intentionally-empty status."
05_OUTPUTS/installer_smoke_test/KICAD_ENGINE_TEST_2026-05-03T00-18-33-993Z/06_DATASHEETS/05_CONNECTORS/INDEX.md,TODO_OR_TBD,MEDIUM,Replace placeholders with verified content or clearly mark intentionally unverified/template-only status.
05_OUTPUTS/installer_smoke_test/KICAD_ENGINE_TEST_2026-05-03T00-18-33-993Z/06_DATASHEETS/05_CONNECTORS/MISSING.md,VERY_SHORT_MARKDOWN,MEDIUM,"Add actionable content, schema fields, examples, or explicit intentionally-empty status."
05_OUTPUTS/installer_smoke_test/KICAD_ENGINE_TEST_2026-05-03T00-18-33-993Z/06_DATASHEETS/05_CONNECTORS/MISSING.md,TODO_OR_TBD,MEDIUM,Replace placeholders with verified content or clearly mark intentionally unverified/template-only status.
05_OUTPUTS/installer_smoke_test/KICAD_ENGINE_TEST_2026-05-03T00-18-33-993Z/06_DATASHEETS/05_CONNECTORS/SOURCES.md,PLACEHOLDER_LANGUAGE,MEDIUM,Replace placeholders with verified content or clearly mark intentionally unverified/template-only status.
05_OUTPUTS/installer_smoke_test/KICAD_ENGINE_TEST_2026-05-03T00-18-33-993Z/06_DATASHEETS/06_PROTECTION/INDEX.md,VERY_SHORT_MARKDOWN,MEDIUM,"Add actionable content, schema fields, examples, or explicit intentionally-empty status."
05_OUTPUTS/installer_smoke_test/KICAD_ENGINE_TEST_2026-05-03T00-18-33-993Z/06_DATASHEETS/06_PROTECTION/INDEX.md,TODO_OR_TBD,MEDIUM,Replace placeholders with verified content or clearly mark intentionally unverified/template-only status.
05_OUTPUTS/installer_smoke_test/KICAD_ENGINE_TEST_2026-05-03T00-18-33-993Z/06_DATASHEETS/06_PROTECTION/MISSING.md,VERY_SHORT_MARKDOWN,MEDIUM,"Add actionable content, schema fields, examples, or explicit intentionally-empty status."
05_OUTPUTS/installer_smoke_test/KICAD_ENGINE_TEST_2026-05-03T00-18-33-993Z/06_DATASHEETS/06_PROTECTION/MISSING.md,TODO_OR_TBD,MEDIUM,Replace placeholders with verified content or clearly mark intentionally unverified/template-only status.
05_OUTPUTS/installer_smoke_test/KICAD_ENGINE_TEST_2026-05-03T00-18-33-993Z/06_DATASHEETS/06_PROTECTION/PROTECTION_MASTER_INDEX.md,UNVERIFIED_OR_EXAMPLE_MARKER,MEDIUM,Replace placeholders with verified content or clearly mark intentionally unverified/template-only status.
05_OUTPUTS/installer_smoke_test/KICAD_ENGINE_TEST_2026-05-03T00-18-33-993Z/06_DATASHEETS/06_PROTECTION/SOURCES.md,VERY_SHORT_MARKDOWN,MEDIUM,"Add actionable content, schema fields, examples, or explicit intentionally-empty status."
05_OUTPUTS/installer_smoke_test/KICAD_ENGINE_TEST_2026-05-03T00-18-33-993Z/06_DATASHEETS/06_PROTECTION/SOURCES.md,TODO_OR_TBD,MEDIUM,Replace placeholders with verified content or clearly mark intentionally unverified/template-only status.
05_OUTPUTS/installer_smoke_test/KICAD_ENGINE_TEST_2026-05-03T00-18-33-993Z/06_DATASHEETS/07_SENSORS,ONLY_BASIC_INDEX_FILES,MEDIUM,Add substantive family/component/workflow content or mark intentionally reserved.
05_OUTPUTS/installer_smoke_test/KICAD_ENGINE_TEST_2026-05-03T00-18-33-993Z/06_DATASHEETS/07_SENSORS/INDEX.md,VERY_SHORT_MARKDOWN,MEDIUM,"Add actionable content, schema fields, examples, or explicit intentionally-empty status."
05_OUTPUTS/installer_smoke_test/KICAD_ENGINE_TEST_2026-05-03T00-18-33-993Z/06_DATASHEETS/07_SENSORS/INDEX.md,TODO_OR_TBD,MEDIUM,Replace placeholders with verified content or clearly mark intentionally unverified/template-only status.
05_OUTPUTS/installer_smoke_test/KICAD_ENGINE_TEST_2026-05-03T00-18-33-993Z/06_DATASHEETS/07_SENSORS/MISSING.md,VERY_SHORT_MARKDOWN,MEDIUM,"Add actionable content, schema fields, examples, or explicit intentionally-empty status."
05_OUTPUTS/installer_smoke_test/KICAD_ENGINE_TEST_2026-05-03T00-18-33-993Z/06_DATASHEETS/07_SENSORS/MISSING.md,TODO_OR_TBD,MEDIUM,Replace placeholders with verified content or clearly mark intentionally unverified/template-only status.
05_OUTPUTS/installer_smoke_test/KICAD_ENGINE_TEST_2026-05-03T00-18-33-993Z/06_DATASHEETS/07_SENSORS/SOURCES.md,VERY_SHORT_MARKDOWN,MEDIUM,"Add actionable content, schema fields, examples, or explicit intentionally-empty status."
05_OUTPUTS/installer_smoke_test/KICAD_ENGINE_TEST_2026-05-03T00-18-33-993Z/06_DATASHEETS/07_SENSORS/SOURCES.md,TODO_OR_TBD,MEDIUM,Replace placeholders with verified content or clearly mark intentionally unverified/template-only status.
05_OUTPUTS/installer_smoke_test/KICAD_ENGINE_TEST_2026-05-03T00-18-33-993Z/06_DATASHEETS/08_ANALOG,ONLY_BASIC_INDEX_FILES,MEDIUM,Add substantive family/component/workflow content or mark intentionally reserved.
05_OUTPUTS/installer_smoke_test/KICAD_ENGINE_TEST_2026-05-03T00-18-33-993Z/06_DATASHEETS/08_ANALOG/INDEX.md,VERY_SHORT_MARKDOWN,MEDIUM,"Add actionable content, schema fields, examples, or explicit intentionally-empty status."
05_OUTPUTS/installer_smoke_test/KICAD_ENGINE_TEST_2026-05-03T00-18-33-993Z/06_DATASHEETS/08_ANALOG/INDEX.md,TODO_OR_TBD,MEDIUM,Replace placeholders with verified content or clearly mark intentionally unverified/template-only status.
05_OUTPUTS/installer_smoke_test/KICAD_ENGINE_TEST_2026-05-03T00-18-33-993Z/06_DATASHEETS/08_ANALOG/MISSING.md,VERY_SHORT_MARKDOWN,MEDIUM,"Add actionable content, schema fields, examples, or explicit intentionally-empty status."
05_OUTPUTS/installer_smoke_test/KICAD_ENGINE_TEST_2026-05-03T00-18-33-993Z/06_DATASHEETS/08_ANALOG/MISSING.md,TODO_OR_TBD,MEDIUM,Replace placeholders with verified content or clearly mark intentionally unverified/template-only status.
05_OUTPUTS/installer_smoke_test/KICAD_ENGINE_TEST_2026-05-03T00-18-33-993Z/06_DATASHEETS/08_ANALOG/SOURCES.md,VERY_SHORT_MARKDOWN,MEDIUM,"Add actionable content, schema fields, examples, or explicit intentionally-empty status."
05_OUTPUTS/installer_smoke_test/KICAD_ENGINE_TEST_2026-05-03T00-18-33-993Z/06_DATASHEETS/08_ANALOG/SOURCES.md,TODO_OR_TBD,MEDIUM,Replace placeholders with verified content or clearly mark intentionally unverified/template-only status.
05_OUTPUTS/installer_smoke_test/KICAD_ENGINE_TEST_2026-05-03T00-18-33-993Z/06_DATASHEETS/09_DRIVERS,ONLY_BASIC_INDEX_FILES,MEDIUM,Add substantive family/component/workflow content or mark intentionally reserved.
05_OUTPUTS/installer_smoke_test/KICAD_ENGINE_TEST_2026-05-03T00-18-33-993Z/06_DATASHEETS/09_DRIVERS/INDEX.md,VERY_SHORT_MARKDOWN,MEDIUM,"Add actionable content, schema fields, examples, or explicit intentionally-empty status."
05_OUTPUTS/installer_smoke_test/KICAD_ENGINE_TEST_2026-05-03T00-18-33-993Z/06_DATASHEETS/09_DRIVERS/INDEX.md,TODO_OR_TBD,MEDIUM,Replace placeholders with verified content or clearly mark intentionally unverified/template-only status.
05_OUTPUTS/installer_smoke_test/KICAD_ENGINE_TEST_2026-05-03T00-18-33-993Z/06_DATASHEETS/09_DRIVERS/MISSING.md,VERY_SHORT_MARKDOWN,MEDIUM,"Add actionable content, schema fields, examples, or explicit intentionally-empty status."
05_OUTPUTS/installer_smoke_test/KICAD_ENGINE_TEST_2026-05-03T00-18-33-993Z/06_DATASHEETS/09_DRIVERS/MISSING.md,TODO_OR_TBD,MEDIUM,Replace placeholders with verified content or clearly mark intentionally unverified/template-only status.
05_OUTPUTS/installer_smoke_test/KICAD_ENGINE_TEST_2026-05-03T00-18-33-993Z/06_DATASHEETS/09_DRIVERS/SOURCES.md,VERY_SHORT_MARKDOWN,MEDIUM,"Add actionable content, schema fields, examples, or explicit intentionally-empty status."
05_OUTPUTS/installer_smoke_test/KICAD_ENGINE_TEST_2026-05-03T00-18-33-993Z/06_DATASHEETS/09_DRIVERS/SOURCES.md,TODO_OR_TBD,MEDIUM,Replace placeholders with verified content or clearly mark intentionally unverified/template-only status.
05_OUTPUTS/installer_smoke_test/KICAD_ENGINE_TEST_2026-05-03T00-18-33-993Z/06_DATASHEETS/10_DISPLAYS,ONLY_BASIC_INDEX_FILES,MEDIUM,Add substantive family/component/workflow content or mark intentionally reserved.
05_OUTPUTS/installer_smoke_test/KICAD_ENGINE_TEST_2026-05-03T00-18-33-993Z/06_DATASHEETS/10_DISPLAYS/INDEX.md,VERY_SHORT_MARKDOWN,MEDIUM,"Add actionable content, schema fields, examples, or explicit intentionally-empty status."
05_OUTPUTS/installer_smoke_test/KICAD_ENGINE_TEST_2026-05-03T00-18-33-993Z/06_DATASHEETS/10_DISPLAYS/INDEX.md,TODO_OR_TBD,MEDIUM,Replace placeholders with verified content or clearly mark intentionally unverified/template-only status.
05_OUTPUTS/installer_smoke_test/KICAD_ENGINE_TEST_2026-05-03T00-18-33-993Z/06_DATASHEETS/10_DISPLAYS/MISSING.md,VERY_SHORT_MARKDOWN,MEDIUM,"Add actionable content, schema fields, examples, or explicit intentionally-empty status."
05_OUTPUTS/installer_smoke_test/KICAD_ENGINE_TEST_2026-05-03T00-18-33-993Z/06_DATASHEETS/10_DISPLAYS/MISSING.md,TODO_OR_TBD,MEDIUM,Replace placeholders with verified content or clearly mark intentionally unverified/template-only status.
05_OUTPUTS/installer_smoke_test/KICAD_ENGINE_TEST_2026-05-03T00-18-33-993Z/06_DATASHEETS/10_DISPLAYS/SOURCES.md,VERY_SHORT_MARKDOWN,MEDIUM,"Add actionable content, schema fields, examples, or explicit intentionally-empty status."
05_OUTPUTS/installer_smoke_test/KICAD_ENGINE_TEST_2026-05-03T00-18-33-993Z/06_DATASHEETS/10_DISPLAYS/SOURCES.md,TODO_OR_TBD,MEDIUM,Replace placeholders with verified content or clearly mark intentionally unverified/template-only status.
05_OUTPUTS/installer_smoke_test/KICAD_ENGINE_TEST_2026-05-03T00-18-33-993Z/06_DATASHEETS/11_PASSIVES/INDEX.md,VERY_SHORT_MARKDOWN,MEDIUM,"Add actionable content, schema fields, examples, or explicit intentionally-empty status."
05_OUTPUTS/installer_smoke_test/KICAD_ENGINE_TEST_2026-05-03T00-18-33-993Z/06_DATASHEETS/11_PASSIVES/INDEX.md,TODO_OR_TBD,MEDIUM,Replace placeholders with verified content or clearly mark intentionally unverified/template-only status.
05_OUTPUTS/installer_smoke_test/KICAD_ENGINE_TEST_2026-05-03T00-18-33-993Z/06_DATASHEETS/11_PASSIVES/MISSING.md,VERY_SHORT_MARKDOWN,MEDIUM,"Add actionable content, schema fields, examples, or explicit intentionally-empty status."
05_OUTPUTS/installer_smoke_test/KICAD_ENGINE_TEST_2026-05-03T00-18-33-993Z/06_DATASHEETS/11_PASSIVES/MISSING.md,TODO_OR_TBD,MEDIUM,Replace placeholders with verified content or clearly mark intentionally unverified/template-only status.
05_OUTPUTS/installer_smoke_test/KICAD_ENGINE_TEST_2026-05-03T00-18-33-993Z/06_DATASHEETS/11_PASSIVES/PASSIVES_MASTER_INDEX.md,UNVERIFIED_OR_EXAMPLE_MARKER,MEDIUM,Replace placeholders with verified content or clearly mark intentionally unverified/template-only status.
05_OUTPUTS/installer_smoke_test/KICAD_ENGINE_TEST_2026-05-03T00-18-33-993Z/06_DATASHEETS/11_PASSIVES/SOURCES.md,TODO_OR_TBD,MEDIUM,Replace placeholders with verified content or clearly mark intentionally unverified/template-only status.
05_OUTPUTS/installer_smoke_test/KICAD_ENGINE_TEST_2026-05-03T00-18-33-993Z/06_DATASHEETS/12_RF_AND_ANTENNAS/INDEX.md,VERY_SHORT_MARKDOWN,MEDIUM,"Add actionable content, schema fields, examples, or explicit intentionally-empty status."
05_OUTPUTS/installer_smoke_test/KICAD_ENGINE_TEST_2026-05-03T00-18-33-993Z/06_DATASHEETS/12_RF_AND_ANTENNAS/INDEX.md,TODO_OR_TBD,MEDIUM,Replace placeholders with verified content or clearly mark intentionally unverified/template-only status.
05_OUTPUTS/installer_smoke_test/KICAD_ENGINE_TEST_2026-05-03T00-18-33-993Z/06_DATASHEETS/12_RF_AND_ANTENNAS/MISSING.md,VERY_SHORT_MARKDOWN,MEDIUM,"Add actionable content, schema fields, examples, or explicit intentionally-empty status."
05_OUTPUTS/installer_smoke_test/KICAD_ENGINE_TEST_2026-05-03T00-18-33-993Z/06_DATASHEETS/12_RF_AND_ANTENNAS/MISSING.md,TODO_OR_TBD,MEDIUM,Replace placeholders with verified content or clearly mark intentionally unverified/template-only status.
05_OUTPUTS/installer_smoke_test/KICAD_ENGINE_TEST_2026-05-03T00-18-33-993Z/06_DATASHEETS/12_RF_AND_ANTENNAS/RF_ANTENNA_MASTER_INDEX.md,UNVERIFIED_OR_EXAMPLE_MARKER,MEDIUM,Replace placeholders with verified content or clearly mark intentionally unverified/template-only status.
05_OUTPUTS/installer_smoke_test/KICAD_ENGINE_TEST_2026-05-03T00-18-33-993Z/06_DATASHEETS/12_RF_AND_ANTENNAS/SOURCES.md,TODO_OR_TBD,MEDIUM,Replace placeholders with verified content or clearly mark intentionally unverified/template-only status.
05_OUTPUTS/installer_smoke_test/KICAD_ENGINE_TEST_2026-05-03T00-18-33-993Z/06_DATASHEETS/13_MEMORY_STORAGE,ONLY_BASIC_INDEX_FILES,MEDIUM,Add substantive family/component/workflow content or mark intentionally reserved.
05_OUTPUTS/installer_smoke_test/KICAD_ENGINE_TEST_2026-05-03T00-18-33-993Z/06_DATASHEETS/13_MEMORY_STORAGE/INDEX.md,VERY_SHORT_MARKDOWN,MEDIUM,"Add actionable content, schema fields, examples, or explicit intentionally-empty status."
05_OUTPUTS/installer_smoke_test/KICAD_ENGINE_TEST_2026-05-03T00-18-33-993Z/06_DATASHEETS/13_MEMORY_STORAGE/INDEX.md,TODO_OR_TBD,MEDIUM,Replace placeholders with verified content or clearly mark intentionally unverified/template-only status.
05_OUTPUTS/installer_smoke_test/KICAD_ENGINE_TEST_2026-05-03T00-18-33-993Z/06_DATASHEETS/13_MEMORY_STORAGE/MISSING.md,VERY_SHORT_MARKDOWN,MEDIUM,"Add actionable content, schema fields, examples, or explicit intentionally-empty status."
05_OUTPUTS/installer_smoke_test/KICAD_ENGINE_TEST_2026-05-03T00-18-33-993Z/06_DATASHEETS/13_MEMORY_STORAGE/MISSING.md,TODO_OR_TBD,MEDIUM,Replace placeholders with verified content or clearly mark intentionally unverified/template-only status.
05_OUTPUTS/installer_smoke_test/KICAD_ENGINE_TEST_2026-05-03T00-18-33-993Z/06_DATASHEETS/13_MEMORY_STORAGE/SOURCES.md,VERY_SHORT_MARKDOWN,MEDIUM,"Add actionable content, schema fields, examples, or explicit intentionally-empty status."
05_OUTPUTS/installer_smoke_test/KICAD_ENGINE_TEST_2026-05-03T00-18-33-993Z/06_DATASHEETS/13_MEMORY_STORAGE/SOURCES.md,TODO_OR_TBD,MEDIUM,Replace placeholders with verified content or clearly mark intentionally unverified/template-only status.
05_OUTPUTS/installer_smoke_test/KICAD_ENGINE_TEST_2026-05-03T00-18-33-993Z/06_DATASHEETS/14_CLOCKS_TIMING/CLOCKS_TIMING_MASTER_INDEX.md,UNVERIFIED_OR_EXAMPLE_MARKER,MEDIUM,Replace placeholders with verified content or clearly mark intentionally unverified/template-only status.
05_OUTPUTS/installer_smoke_test/KICAD_ENGINE_TEST_2026-05-03T00-18-33-993Z/06_DATASHEETS/14_CLOCKS_TIMING/INDEX.md,VERY_SHORT_MARKDOWN,MEDIUM,"Add actionable content, schema fields, examples, or explicit intentionally-empty status."
05_OUTPUTS/installer_smoke_test/KICAD_ENGINE_TEST_2026-05-03T00-18-33-993Z/06_DATASHEETS/14_CLOCKS_TIMING/INDEX.md,TODO_OR_TBD,MEDIUM,Replace placeholders with verified content or clearly mark intentionally unverified/template-only status.
05_OUTPUTS/installer_smoke_test/KICAD_ENGINE_TEST_2026-05-03T00-18-33-993Z/06_DATASHEETS/14_CLOCKS_TIMING/MISSING.md,VERY_SHORT_MARKDOWN,MEDIUM,"Add actionable content, schema fields, examples, or explicit intentionally-empty status."
05_OUTPUTS/installer_smoke_test/KICAD_ENGINE_TEST_2026-05-03T00-18-33-993Z/06_DATASHEETS/14_CLOCKS_TIMING/MISSING.md,TODO_OR_TBD,MEDIUM,Replace placeholders with verified content or clearly mark intentionally unverified/template-only status.
05_OUTPUTS/installer_smoke_test/KICAD_ENGINE_TEST_2026-05-03T00-18-33-993Z/06_DATASHEETS/14_CLOCKS_TIMING/SOURCES.md,TODO_OR_TBD,MEDIUM,Replace placeholders with verified content or clearly mark intentionally unverified/template-only status.
05_OUTPUTS/installer_smoke_test/KICAD_ENGINE_TEST_2026-05-03T00-18-33-993Z/06_DATASHEETS/15_SWITCHES_BUTTONS_RELAYS,ONLY_BASIC_INDEX_FILES,MEDIUM,Add substantive family/component/workflow content or mark intentionally reserved.
05_OUTPUTS/installer_smoke_test/KICAD_ENGINE_TEST_2026-05-03T00-18-33-993Z/06_DATASHEETS/15_SWITCHES_BUTTONS_RELAYS/INDEX.md,VERY_SHORT_MARKDOWN,MEDIUM,"Add actionable content, schema fields, examples, or explicit intentionally-empty status."
05_OUTPUTS/installer_smoke_test/KICAD_ENGINE_TEST_2026-05-03T00-18-33-993Z/06_DATASHEETS/15_SWITCHES_BUTTONS_RELAYS/INDEX.md,TODO_OR_TBD,MEDIUM,Replace placeholders with verified content or clearly mark intentionally unverified/template-only status.
05_OUTPUTS/installer_smoke_test/KICAD_ENGINE_TEST_2026-05-03T00-18-33-993Z/06_DATASHEETS/15_SWITCHES_BUTTONS_RELAYS/MISSING.md,VERY_SHORT_MARKDOWN,MEDIUM,"Add actionable content, schema fields, examples, or explicit intentionally-empty status."
05_OUTPUTS/installer_smoke_test/KICAD_ENGINE_TEST_2026-05-03T00-18-33-993Z/06_DATASHEETS/15_SWITCHES_BUTTONS_RELAYS/MISSING.md,TODO_OR_TBD,MEDIUM,Replace placeholders with verified content or clearly mark intentionally unverified/template-only status.
05_OUTPUTS/installer_smoke_test/KICAD_ENGINE_TEST_2026-05-03T00-18-33-993Z/06_DATASHEETS/15_SWITCHES_BUTTONS_RELAYS/SOURCES.md,VERY_SHORT_MARKDOWN,MEDIUM,"Add actionable content, schema fields, examples, or explicit intentionally-empty status."
05_OUTPUTS/installer_smoke_test/KICAD_ENGINE_TEST_2026-05-03T00-18-33-993Z/06_DATASHEETS/15_SWITCHES_BUTTONS_RELAYS/SOURCES.md,TODO_OR_TBD,MEDIUM,Replace placeholders with verified content or clearly mark intentionally unverified/template-only status.
05_OUTPUTS/installer_smoke_test/KICAD_ENGINE_TEST_2026-05-03T00-18-33-993Z/06_DATASHEETS/16_FAB_ASSEMBLY_REFERENCES,ONLY_BASIC_INDEX_FILES,MEDIUM,Add substantive family/component/workflow content or mark intentionally reserved.
05_OUTPUTS/installer_smoke_test/KICAD_ENGINE_TEST_2026-05-03T00-18-33-993Z/06_DATASHEETS/16_FAB_ASSEMBLY_REFERENCES/INDEX.md,VERY_SHORT_MARKDOWN,MEDIUM,"Add actionable content, schema fields, examples, or explicit intentionally-empty status."
05_OUTPUTS/installer_smoke_test/KICAD_ENGINE_TEST_2026-05-03T00-18-33-993Z/06_DATASHEETS/16_FAB_ASSEMBLY_REFERENCES/INDEX.md,TODO_OR_TBD,MEDIUM,Replace placeholders with verified content or clearly mark intentionally unverified/template-only status.
05_OUTPUTS/installer_smoke_test/KICAD_ENGINE_TEST_2026-05-03T00-18-33-993Z/06_DATASHEETS/16_FAB_ASSEMBLY_REFERENCES/MISSING.md,VERY_SHORT_MARKDOWN,MEDIUM,"Add actionable content, schema fields, examples, or explicit intentionally-empty status."
05_OUTPUTS/installer_smoke_test/KICAD_ENGINE_TEST_2026-05-03T00-18-33-993Z/06_DATASHEETS/16_FAB_ASSEMBLY_REFERENCES/MISSING.md,TODO_OR_TBD,MEDIUM,Replace placeholders with verified content or clearly mark intentionally unverified/template-only status.
05_OUTPUTS/installer_smoke_test/KICAD_ENGINE_TEST_2026-05-03T00-18-33-993Z/06_DATASHEETS/16_FAB_ASSEMBLY_REFERENCES/SOURCES.md,VERY_SHORT_MARKDOWN,MEDIUM,"Add actionable content, schema fields, examples, or explicit intentionally-empty status."
05_OUTPUTS/installer_smoke_test/KICAD_ENGINE_TEST_2026-05-03T00-18-33-993Z/06_DATASHEETS/16_FAB_ASSEMBLY_REFERENCES/SOURCES.md,TODO_OR_TBD,MEDIUM,Replace placeholders with verified content or clearly mark intentionally unverified/template-only status.
05_OUTPUTS/installer_smoke_test/KICAD_ENGINE_TEST_2026-05-03T00-18-33-993Z/06_DATASHEETS/17_APPLICATION_NOTES,ONLY_BASIC_INDEX_FILES,MEDIUM,Add substantive family/component/workflow content or mark intentionally reserved.
05_OUTPUTS/installer_smoke_test/KICAD_ENGINE_TEST_2026-05-03T00-18-33-993Z/06_DATASHEETS/17_APPLICATION_NOTES/INDEX.md,VERY_SHORT_MARKDOWN,MEDIUM,"Add actionable content, schema fields, examples, or explicit intentionally-empty status."
05_OUTPUTS/installer_smoke_test/KICAD_ENGINE_TEST_2026-05-03T00-18-33-993Z/06_DATASHEETS/17_APPLICATION_NOTES/INDEX.md,TODO_OR_TBD,MEDIUM,Replace placeholders with verified content or clearly mark intentionally unverified/template-only status.
05_OUTPUTS/installer_smoke_test/KICAD_ENGINE_TEST_2026-05-03T00-18-33-993Z/06_DATASHEETS/17_APPLICATION_NOTES/MISSING.md,VERY_SHORT_MARKDOWN,MEDIUM,"Add actionable content, schema fields, examples, or explicit intentionally-empty status."
05_OUTPUTS/installer_smoke_test/KICAD_ENGINE_TEST_2026-05-03T00-18-33-993Z/06_DATASHEETS/17_APPLICATION_NOTES/MISSING.md,TODO_OR_TBD,MEDIUM,Replace placeholders with verified content or clearly mark intentionally unverified/template-only status.
05_OUTPUTS/installer_smoke_test/KICAD_ENGINE_TEST_2026-05-03T00-18-33-993Z/06_DATASHEETS/17_APPLICATION_NOTES/SOURCES.md,VERY_SHORT_MARKDOWN,MEDIUM,"Add actionable content, schema fields, examples, or explicit intentionally-empty status."
05_OUTPUTS/installer_smoke_test/KICAD_ENGINE_TEST_2026-05-03T00-18-33-993Z/06_DATASHEETS/17_APPLICATION_NOTES/SOURCES.md,TODO_OR_TBD,MEDIUM,Replace placeholders with verified content or clearly mark intentionally unverified/template-only status.
05_OUTPUTS/installer_smoke_test/KICAD_ENGINE_TEST_2026-05-03T00-18-33-993Z/06_DATASHEETS/18_REFERENCE_DESIGNS,ONLY_BASIC_INDEX_FILES,MEDIUM,Add substantive family/component/workflow content or mark intentionally reserved.
05_OUTPUTS/installer_smoke_test/KICAD_ENGINE_TEST_2026-05-03T00-18-33-993Z/06_DATASHEETS/18_REFERENCE_DESIGNS/INDEX.md,VERY_SHORT_MARKDOWN,MEDIUM,"Add actionable content, schema fields, examples, or explicit intentionally-empty status."
05_OUTPUTS/installer_smoke_test/KICAD_ENGINE_TEST_2026-05-03T00-18-33-993Z/06_DATASHEETS/18_REFERENCE_DESIGNS/INDEX.md,TODO_OR_TBD,MEDIUM,Replace placeholders with verified content or clearly mark intentionally unverified/template-only status.
05_OUTPUTS/installer_smoke_test/KICAD_ENGINE_TEST_2026-05-03T00-18-33-993Z/06_DATASHEETS/18_REFERENCE_DESIGNS/MISSING.md,VERY_SHORT_MARKDOWN,MEDIUM,"Add actionable content, schema fields, examples, or explicit intentionally-empty status."
05_OUTPUTS/installer_smoke_test/KICAD_ENGINE_TEST_2026-05-03T00-18-33-993Z/06_DATASHEETS/18_REFERENCE_DESIGNS/MISSING.md,TODO_OR_TBD,MEDIUM,Replace placeholders with verified content or clearly mark intentionally unverified/template-only status.
05_OUTPUTS/installer_smoke_test/KICAD_ENGINE_TEST_2026-05-03T00-18-33-993Z/06_DATASHEETS/18_REFERENCE_DESIGNS/SOURCES.md,VERY_SHORT_MARKDOWN,MEDIUM,"Add actionable content, schema fields, examples, or explicit intentionally-empty status."
05_OUTPUTS/installer_smoke_test/KICAD_ENGINE_TEST_2026-05-03T00-18-33-993Z/06_DATASHEETS/18_REFERENCE_DESIGNS/SOURCES.md,TODO_OR_TBD,MEDIUM,Replace placeholders with verified content or clearly mark intentionally unverified/template-only status.
05_OUTPUTS/installer_smoke_test/KICAD_ENGINE_TEST_2026-05-03T00-18-33-993Z/06_DATASHEETS/19_VENDOR_PORTALS,ONLY_BASIC_INDEX_FILES,MEDIUM,Add substantive family/component/workflow content or mark intentionally reserved.
05_OUTPUTS/installer_smoke_test/KICAD_ENGINE_TEST_2026-05-03T00-18-33-993Z/06_DATASHEETS/19_VENDOR_PORTALS/INDEX.md,VERY_SHORT_MARKDOWN,MEDIUM,"Add actionable content, schema fields, examples, or explicit intentionally-empty status."
05_OUTPUTS/installer_smoke_test/KICAD_ENGINE_TEST_2026-05-03T00-18-33-993Z/06_DATASHEETS/19_VENDOR_PORTALS/INDEX.md,TODO_OR_TBD,MEDIUM,Replace placeholders with verified content or clearly mark intentionally unverified/template-only status.
05_OUTPUTS/installer_smoke_test/KICAD_ENGINE_TEST_2026-05-03T00-18-33-993Z/06_DATASHEETS/19_VENDOR_PORTALS/MISSING.md,VERY_SHORT_MARKDOWN,MEDIUM,"Add actionable content, schema fields, examples, or explicit intentionally-empty status."
05_OUTPUTS/installer_smoke_test/KICAD_ENGINE_TEST_2026-05-03T00-18-33-993Z/06_DATASHEETS/19_VENDOR_PORTALS/MISSING.md,TODO_OR_TBD,MEDIUM,Replace placeholders with verified content or clearly mark intentionally unverified/template-only status.
05_OUTPUTS/installer_smoke_test/KICAD_ENGINE_TEST_2026-05-03T00-18-33-993Z/06_DATASHEETS/19_VENDOR_PORTALS/SOURCES.md,VERY_SHORT_MARKDOWN,MEDIUM,"Add actionable content, schema fields, examples, or explicit intentionally-empty status."
05_OUTPUTS/installer_smoke_test/KICAD_ENGINE_TEST_2026-05-03T00-18-33-993Z/06_DATASHEETS/19_VENDOR_PORTALS/SOURCES.md,TODO_OR_TBD,MEDIUM,Replace placeholders with verified content or clearly mark intentionally unverified/template-only status.
05_OUTPUTS/installer_smoke_test/KICAD_ENGINE_TEST_2026-05-03T00-18-33-993Z/06_DATASHEETS/99_UNSORTED_INBOX,ONLY_BASIC_INDEX_FILES,MEDIUM,Add substantive family/component/workflow content or mark intentionally reserved.
05_OUTPUTS/installer_smoke_test/KICAD_ENGINE_TEST_2026-05-03T00-18-33-993Z/06_DATASHEETS/99_UNSORTED_INBOX/INDEX.md,VERY_SHORT_MARKDOWN,MEDIUM,"Add actionable content, schema fields, examples, or explicit intentionally-empty status."
05_OUTPUTS/installer_smoke_test/KICAD_ENGINE_TEST_2026-05-03T00-18-33-993Z/06_DATASHEETS/99_UNSORTED_INBOX/INDEX.md,TODO_OR_TBD,MEDIUM,Replace placeholders with verified content or clearly mark intentionally unverified/template-only status.
05_OUTPUTS/installer_smoke_test/KICAD_ENGINE_TEST_2026-05-03T00-18-33-993Z/06_DATASHEETS/99_UNSORTED_INBOX/MISSING.md,VERY_SHORT_MARKDOWN,MEDIUM,"Add actionable content, schema fields, examples, or explicit intentionally-empty status."
05_OUTPUTS/installer_smoke_test/KICAD_ENGINE_TEST_2026-05-03T00-18-33-993Z/06_DATASHEETS/99_UNSORTED_INBOX/MISSING.md,TODO_OR_TBD,MEDIUM,Replace placeholders with verified content or clearly mark intentionally unverified/template-only status.
05_OUTPUTS/installer_smoke_test/KICAD_ENGINE_TEST_2026-05-03T00-18-33-993Z/06_DATASHEETS/99_UNSORTED_INBOX/README.md,VERY_SHORT_MARKDOWN,MEDIUM,"Add actionable content, schema fields, examples, or explicit intentionally-empty status."
05_OUTPUTS/installer_smoke_test/KICAD_ENGINE_TEST_2026-05-03T00-18-33-993Z/06_DATASHEETS/99_UNSORTED_INBOX/SOURCES.md,VERY_SHORT_MARKDOWN,MEDIUM,"Add actionable content, schema fields, examples, or explicit intentionally-empty status."
05_OUTPUTS/installer_smoke_test/KICAD_ENGINE_TEST_2026-05-03T00-18-33-993Z/06_DATASHEETS/99_UNSORTED_INBOX/SOURCES.md,TODO_OR_TBD,MEDIUM,Replace placeholders with verified content or clearly mark intentionally unverified/template-only status.
05_OUTPUTS/installer_smoke_test/KICAD_ENGINE_TEST_2026-05-03T00-18-33-993Z/08_COMPONENT_DATABASE/00_INDEX/AI_USAGE_RULES.md,UNVERIFIED_OR_EXAMPLE_MARKER,MEDIUM,Replace placeholders with verified content or clearly mark intentionally unverified/template-only status.
05_OUTPUTS/installer_smoke_test/KICAD_ENGINE_TEST_2026-05-03T00-18-33-993Z/08_COMPONENT_DATABASE/00_INDEX/COMPONENT_DATABASE_README.md,UNVERIFIED_OR_EXAMPLE_MARKER,MEDIUM,Replace placeholders with verified content or clearly mark intentionally unverified/template-only status.
05_OUTPUTS/installer_smoke_test/KICAD_ENGINE_TEST_2026-05-03T00-18-33-993Z/08_COMPONENT_DATABASE/00_INDEX/EXAMPLE_COMPONENT_RECORDS.md,UNVERIFIED_OR_EXAMPLE_MARKER,MEDIUM,Replace placeholders with verified content or clearly mark intentionally unverified/template-only status.
05_OUTPUTS/installer_smoke_test/KICAD_ENGINE_TEST_2026-05-03T00-18-33-993Z/08_COMPONENT_DATABASE/00_INDEX/MASTER_COMPONENT_INDEX.md,UNVERIFIED_OR_EXAMPLE_MARKER,MEDIUM,Replace placeholders with verified content or clearly mark intentionally unverified/template-only status.
05_OUTPUTS/installer_smoke_test/KICAD_ENGINE_TEST_2026-05-03T00-18-33-993Z/08_COMPONENT_DATABASE/00_INDEX/VERIFICATION_LEVELS.md,UNVERIFIED_OR_EXAMPLE_MARKER,MEDIUM,Replace placeholders with verified content or clearly mark intentionally unverified/template-only status.
05_OUTPUTS/installer_smoke_test/KICAD_ENGINE_TEST_2026-05-03T00-18-33-993Z/08_COMPONENT_DATABASE/01_MICROCONTROLLERS/ESPRESSIF_MODULE_RECORDS.md,UNVERIFIED_OR_EXAMPLE_MARKER,MEDIUM,Replace placeholders with verified content or clearly mark intentionally unverified/template-only status.
05_OUTPUTS/installer_smoke_test/KICAD_ENGINE_TEST_2026-05-03T00-18-33-993Z/08_COMPONENT_DATABASE/01_MICROCONTROLLERS/MICROCHIP_DEV_BOARD_RECORDS.md,UNVERIFIED_OR_EXAMPLE_MARKER,MEDIUM,Replace placeholders with verified content or clearly mark intentionally unverified/template-only status.
05_OUTPUTS/installer_smoke_test/KICAD_ENGINE_TEST_2026-05-03T00-18-33-993Z/08_COMPONENT_DATABASE/01_MICROCONTROLLERS/MICROCHIP_PART_RECORDS.md,UNVERIFIED_OR_EXAMPLE_MARKER,MEDIUM,Replace placeholders with verified content or clearly mark intentionally unverified/template-only status.
05_OUTPUTS/installer_smoke_test/KICAD_ENGINE_TEST_2026-05-03T00-18-33-993Z/08_COMPONENT_DATABASE/01_MICROCONTROLLERS/MICROCHIP_PIC_FAMILY_OVERVIEW.md,PLACEHOLDER_LANGUAGE,MEDIUM,Replace placeholders with verified content or clearly mark intentionally unverified/template-only status.
05_OUTPUTS/installer_smoke_test/KICAD_ENGINE_TEST_2026-05-03T00-18-33-993Z/08_COMPONENT_DATABASE/01_MICROCONTROLLERS/STM32_DEV_BOARD_RECORDS.md,UNVERIFIED_OR_EXAMPLE_MARKER,MEDIUM,Replace placeholders with verified content or clearly mark intentionally unverified/template-only status.
05_OUTPUTS/installer_smoke_test/KICAD_ENGINE_TEST_2026-05-03T00-18-33-993Z/08_COMPONENT_DATABASE/01_MICROCONTROLLERS/STM32_PART_RECORDS.md,UNVERIFIED_OR_EXAMPLE_MARKER,MEDIUM,Replace placeholders with verified content or clearly mark intentionally unverified/template-only status.
05_OUTPUTS/installer_smoke_test/KICAD_ENGINE_TEST_2026-05-03T00-18-33-993Z/08_COMPONENT_DATABASE/02_POWER/POWER_PART_RECORDS.md,UNVERIFIED_OR_EXAMPLE_MARKER,MEDIUM,Replace placeholders with verified content or clearly mark intentionally unverified/template-only status.
05_OUTPUTS/installer_smoke_test/KICAD_ENGINE_TEST_2026-05-03T00-18-33-993Z/08_COMPONENT_DATABASE/03_COMMUNICATION/COMMUNICATION_PART_RECORDS.md,UNVERIFIED_OR_EXAMPLE_MARKER,MEDIUM,Replace placeholders with verified content or clearly mark intentionally unverified/template-only status.
05_OUTPUTS/installer_smoke_test/KICAD_ENGINE_TEST_2026-05-03T00-18-33-993Z/08_COMPONENT_DATABASE/04_CONNECTORS/CONNECTOR_RECORDS.md,UNVERIFIED_OR_EXAMPLE_MARKER,MEDIUM,Replace placeholders with verified content or clearly mark intentionally unverified/template-only status.
05_OUTPUTS/installer_smoke_test/KICAD_ENGINE_TEST_2026-05-03T00-18-33-993Z/08_COMPONENT_DATABASE/04_CONNECTORS/CONNECTOR_SELECTION_GUIDE.md,UNVERIFIED_OR_EXAMPLE_MARKER,MEDIUM,Replace placeholders with verified content or clearly mark intentionally unverified/template-only status.
05_OUTPUTS/installer_smoke_test/KICAD_ENGINE_TEST_2026-05-03T00-18-33-993Z/08_COMPONENT_DATABASE/05_PROTECTION/PROTECTION_GUIDE.md,UNVERIFIED_OR_EXAMPLE_MARKER,MEDIUM,Replace placeholders with verified content or clearly mark intentionally unverified/template-only status.
05_OUTPUTS/installer_smoke_test/KICAD_ENGINE_TEST_2026-05-03T00-18-33-993Z/08_COMPONENT_DATABASE/05_PROTECTION/PROTECTION_RECORDS.md,UNVERIFIED_OR_EXAMPLE_MARKER,MEDIUM,Replace placeholders with verified content or clearly mark intentionally unverified/template-only status.
05_OUTPUTS/installer_smoke_test/KICAD_ENGINE_TEST_2026-05-03T00-18-33-993Z/08_COMPONENT_DATABASE/09_PASSIVES/PASSIVES_GUIDE.md,PLACEHOLDER_LANGUAGE,MEDIUM,Replace placeholders with verified content or clearly mark intentionally unverified/template-only status.
05_OUTPUTS/installer_smoke_test/KICAD_ENGINE_TEST_2026-05-03T00-18-33-993Z/08_COMPONENT_DATABASE/09_PASSIVES/PASSIVE_SUPPORT_RECORDS.md,UNVERIFIED_OR_EXAMPLE_MARKER,MEDIUM,Replace placeholders with verified content or clearly mark intentionally unverified/template-only status.
05_OUTPUTS/installer_smoke_test/KICAD_ENGINE_TEST_2026-05-03T00-18-33-993Z/08_COMPONENT_DATABASE/10_RF_AND_ANTENNAS/RF_ANTENNA_GUIDE.md,UNVERIFIED_OR_EXAMPLE_MARKER,MEDIUM,Replace placeholders with verified content or clearly mark intentionally unverified/template-only status.
05_OUTPUTS/installer_smoke_test/KICAD_ENGINE_TEST_2026-05-03T00-18-33-993Z/08_COMPONENT_DATABASE/10_RF_AND_ANTENNAS/RF_ANTENNA_RECORDS.md,UNVERIFIED_OR_EXAMPLE_MARKER,MEDIUM,Replace placeholders with verified content or clearly mark intentionally unverified/template-only status.
05_OUTPUTS/installer_smoke_test/KICAD_ENGINE_TEST_2026-05-03T00-18-33-993Z/08_COMPONENT_DATABASE/13_DESIGN_RULE_SNIPPETS/AUTOMOTIVE_CONNECTOR_RULES.md,UNVERIFIED_OR_EXAMPLE_MARKER,MEDIUM,Replace placeholders with verified content or clearly mark intentionally unverified/template-only status.
05_OUTPUTS/installer_smoke_test/KICAD_ENGINE_TEST_2026-05-03T00-18-33-993Z/08_COMPONENT_DATABASE/13_DESIGN_RULE_SNIPPETS/CRYSTAL_LAYOUT_RULES.md,PLACEHOLDER_LANGUAGE,MEDIUM,Replace placeholders with verified content or clearly mark intentionally unverified/template-only status.
05_OUTPUTS/installer_smoke_test/KICAD_ENGINE_TEST_2026-05-03T00-18-33-993Z/08_COMPONENT_DATABASE/13_DESIGN_RULE_SNIPPETS/DECOUPLING_CAPACITOR_RULES.md,PLACEHOLDER_LANGUAGE,MEDIUM,Replace placeholders with verified content or clearly mark intentionally unverified/template-only status.
05_OUTPUTS/installer_smoke_test/KICAD_ENGINE_TEST_2026-05-03T00-18-33-993Z/08_COMPONENT_DATABASE/13_DESIGN_RULE_SNIPPETS/RF_CONNECTOR_RULES.md,UNVERIFIED_OR_EXAMPLE_MARKER,MEDIUM,Replace placeholders with verified content or clearly mark intentionally unverified/template-only status.
05_OUTPUTS/installer_smoke_test/KICAD_ENGINE_TEST_2026-05-03T00-18-33-993Z/08_COMPONENT_DATABASE/13_DESIGN_RULE_SNIPPETS/USB_C_CONNECTOR_RULES.md,UNVERIFIED_OR_EXAMPLE_MARKER,MEDIUM,Replace placeholders with verified content or clearly mark intentionally unverified/template-only status.
05_OUTPUTS/installer_smoke_test/KICAD_ENGINE_TEST_2026-05-03T00-18-33-993Z/99_BACKUPS/README.md,VERY_SHORT_MARKDOWN,MEDIUM,"Add actionable content, schema fields, examples, or explicit intentionally-empty status."
05_OUTPUTS/installer_smoke_test/KICAD_ENGINE_TEST_2026-05-03T00-18-33-993Z/FOR CHAT GPT.MD,PLACEHOLDER_LANGUAGE,MEDIUM,Replace placeholders with verified content or clearly mark intentionally unverified/template-only status.
05_OUTPUTS/installer_smoke_test/KICAD_ENGINE_TEST_2026-05-03T00-18-33-993Z/HEALTH_CHECK_REPORT_TEMPLATE.md,TODO_OR_TBD,MEDIUM,Replace placeholders with verified content or clearly mark intentionally unverified/template-only status.
05_OUTPUTS/installer_smoke_test/KICAD_ENGINE_TEST_2026-05-03T00-18-33-993Z/README.md,PLACEHOLDER_LANGUAGE,MEDIUM,Replace placeholders with verified content or clearly mark intentionally unverified/template-only status.
05_OUTPUTS/installer_smoke_test/KICAD_ENGINE_TEST_2026-05-03T00-18-33-993Z/README_GPT.md,PLACEHOLDER_LANGUAGE,MEDIUM,Replace placeholders with verified content or clearly mark intentionally unverified/template-only status.
05_OUTPUTS/installer_smoke_test/KICAD_ENGINE_TEST_2026-05-03T00-18-33-993Z/ROADMAP.md,PLACEHOLDER_LANGUAGE,MEDIUM,Replace placeholders with verified content or clearly mark intentionally unverified/template-only status.
05_OUTPUTS/installer_smoke_test/KICAD_ENGINE_TEST_2026-05-03T00-18-33-993Z/health_check.py,PLACEHOLDER_LANGUAGE,MEDIUM,Replace placeholders with verified content or clearly mark intentionally unverified/template-only status.
05_OUTPUTS/part_ingestion_smoke_test/TEST_PART_123_COMPONENT_RECORD.md,UNVERIFIED_OR_EXAMPLE_MARKER,MEDIUM,Replace placeholders with verified content or clearly mark intentionally unverified/template-only status.
05_OUTPUTS/playwright_research/PILOT_RESEARCH_RUN_SUMMARY.md,PLACEHOLDER_LANGUAGE,MEDIUM,Replace placeholders with verified content or clearly mark intentionally unverified/template-only status.
05_OUTPUTS/release_readiness/FINAL_STRUCTURE_BLOCKERS.md,PLACEHOLDER_LANGUAGE,MEDIUM,Replace placeholders with verified content or clearly mark intentionally unverified/template-only status.
05_OUTPUTS/release_readiness/FINAL_STRUCTURE_NEXT_STEPS.md,PLACEHOLDER_LANGUAGE,MEDIUM,Replace placeholders with verified content or clearly mark intentionally unverified/template-only status.
05_OUTPUTS/release_readiness/PUBLIC_RELEASE_BLOCKERS.md,PLACEHOLDER_LANGUAGE,MEDIUM,Replace placeholders with verified content or clearly mark intentionally unverified/template-only status.
05_OUTPUTS/release_readiness/PUBLIC_RELEASE_SCORECARD.md,PLACEHOLDER_LANGUAGE,MEDIUM,Replace placeholders with verified content or clearly mark intentionally unverified/template-only status.
05_OUTPUTS/release_readiness/SUPPLIER_DATASHEET_FOOTPRINT_BLOCKERS.md,UNVERIFIED_OR_EXAMPLE_MARKER,MEDIUM,Replace placeholders with verified content or clearly mark intentionally unverified/template-only status.
05_OUTPUTS/release_readiness/SUPPLIER_DATASHEET_FOOTPRINT_SCORECARD.md,PLACEHOLDER_LANGUAGE,MEDIUM,Replace placeholders with verified content or clearly mark intentionally unverified/template-only status.
05_OUTPUTS/setup_indexes/datasheet_source_index.md,PLACEHOLDER_LANGUAGE,MEDIUM,Replace placeholders with verified content or clearly mark intentionally unverified/template-only status.
06_DATASHEETS/00_INDEX/DATASHEET_LIBRARY_README.md,GENERIC_FOLDER_TEXT,MEDIUM,Replace placeholders with verified content or clearly mark intentionally unverified/template-only status.
06_DATASHEETS/00_INDEX/DUPLICATES_AND_REVISIONS.md,TODO_OR_TBD,MEDIUM,Replace placeholders with verified content or clearly mark intentionally unverified/template-only status.
06_DATASHEETS/00_INDEX/INDEX.md,VERY_SHORT_MARKDOWN,MEDIUM,"Add actionable content, schema fields, examples, or explicit intentionally-empty status."
06_DATASHEETS/00_INDEX/INDEX.md,TODO_OR_TBD,MEDIUM,Replace placeholders with verified content or clearly mark intentionally unverified/template-only status.
06_DATASHEETS/00_INDEX/MASTER_DATASHEET_INDEX.md,TODO_OR_TBD,MEDIUM,Replace placeholders with verified content or clearly mark intentionally unverified/template-only status.
06_DATASHEETS/00_INDEX/MISSING.md,VERY_SHORT_MARKDOWN,MEDIUM,"Add actionable content, schema fields, examples, or explicit intentionally-empty status."
06_DATASHEETS/00_INDEX/MISSING.md,TODO_OR_TBD,MEDIUM,Replace placeholders with verified content or clearly mark intentionally unverified/template-only status.
06_DATASHEETS/00_INDEX/MISSING_DATASHEETS.md,VERY_SHORT_MARKDOWN,MEDIUM,"Add actionable content, schema fields, examples, or explicit intentionally-empty status."
06_DATASHEETS/00_INDEX/SOURCES.md,VERY_SHORT_MARKDOWN,MEDIUM,"Add actionable content, schema fields, examples, or explicit intentionally-empty status."
06_DATASHEETS/00_INDEX/SOURCES.md,TODO_OR_TBD,MEDIUM,Replace placeholders with verified content or clearly mark intentionally unverified/template-only status.
06_DATASHEETS/01_MICROCONTROLLERS/ATMEL_LEGACY/ATMEL_LEGACY_AI_OVERVIEW.md,UNVERIFIED_OR_EXAMPLE_MARKER,MEDIUM,Replace placeholders with verified content or clearly mark intentionally unverified/template-only status.
06_DATASHEETS/01_MICROCONTROLLERS/ATMEL_LEGACY/ATMEL_LEGACY_COMMON_PART_NUMBERS.md,UNVERIFIED_OR_EXAMPLE_MARKER,MEDIUM,Replace placeholders with verified content or clearly mark intentionally unverified/template-only status.
06_DATASHEETS/01_MICROCONTROLLERS/ATMEL_LEGACY/ATMEL_LEGACY_KICAD_SYMBOL_FOOTPRINT_NOTES.md,UNVERIFIED_OR_EXAMPLE_MARKER,MEDIUM,Replace placeholders with verified content or clearly mark intentionally unverified/template-only status.
06_DATASHEETS/01_MICROCONTROLLERS/ATMEL_LEGACY/ATMEL_LEGACY_REPRESENTATIVE_PART_REQUIRES_SOURCE_BOOT_DEBUG_NOTES.md,UNVERIFIED_OR_EXAMPLE_MARKER,MEDIUM,Replace placeholders with verified content or clearly mark intentionally unverified/template-only status.
06_DATASHEETS/01_MICROCONTROLLERS/ATMEL_LEGACY/ATMEL_LEGACY_REPRESENTATIVE_PART_REQUIRES_SOURCE_DEV_BOARD_NOTES.md,UNVERIFIED_OR_EXAMPLE_MARKER,MEDIUM,Replace placeholders with verified content or clearly mark intentionally unverified/template-only status.
06_DATASHEETS/01_MICROCONTROLLERS/ATMEL_LEGACY/ATMEL_LEGACY_REPRESENTATIVE_PART_REQUIRES_SOURCE_PACKAGE_FOOTPRINT_NOTES.md,UNVERIFIED_OR_EXAMPLE_MARKER,MEDIUM,Replace placeholders with verified content or clearly mark intentionally unverified/template-only status.
06_DATASHEETS/01_MICROCONTROLLERS/ATMEL_LEGACY/ATMEL_LEGACY_REPRESENTATIVE_PART_REQUIRES_SOURCE_PCB_LAYOUT_NOTES.md,UNVERIFIED_OR_EXAMPLE_MARKER,MEDIUM,Replace placeholders with verified content or clearly mark intentionally unverified/template-only status.
06_DATASHEETS/01_MICROCONTROLLERS/ATMEL_LEGACY/ATMEL_LEGACY_REPRESENTATIVE_PART_REQUIRES_SOURCE_POWER_CLOCK_NOTES.md,UNVERIFIED_OR_EXAMPLE_MARKER,MEDIUM,Replace placeholders with verified content or clearly mark intentionally unverified/template-only status.
06_DATASHEETS/01_MICROCONTROLLERS/ATMEL_LEGACY/ATMEL_LEGACY_SOURCE_LINKS.md,UNVERIFIED_OR_EXAMPLE_MARKER,MEDIUM,Replace placeholders with verified content or clearly mark intentionally unverified/template-only status.
06_DATASHEETS/01_MICROCONTROLLERS/ATMEL_LEGACY/README.md,UNVERIFIED_OR_EXAMPLE_MARKER,MEDIUM,Replace placeholders with verified content or clearly mark intentionally unverified/template-only status.
06_DATASHEETS/01_MICROCONTROLLERS/ATMEL_LEGACY/SOURCES.md,VERY_SHORT_MARKDOWN,MEDIUM,"Add actionable content, schema fields, examples, or explicit intentionally-empty status."
06_DATASHEETS/01_MICROCONTROLLERS/ATMEL_LEGACY/SOURCES.md,TODO_OR_TBD,MEDIUM,Replace placeholders with verified content or clearly mark intentionally unverified/template-only status.
06_DATASHEETS/01_MICROCONTROLLERS/ESPRESSIF/ANTENNA_RF_REFERENCES,ONLY_BASIC_INDEX_FILES,MEDIUM,Add substantive family/component/workflow content or mark intentionally reserved.
06_DATASHEETS/01_MICROCONTROLLERS/ESPRESSIF/ANTENNA_RF_REFERENCES/INDEX.md,VERY_SHORT_MARKDOWN,MEDIUM,"Add actionable content, schema fields, examples, or explicit intentionally-empty status."
06_DATASHEETS/01_MICROCONTROLLERS/ESPRESSIF/ANTENNA_RF_REFERENCES/INDEX.md,TODO_OR_TBD,MEDIUM,Replace placeholders with verified content or clearly mark intentionally unverified/template-only status.
06_DATASHEETS/01_MICROCONTROLLERS/ESPRESSIF/ANTENNA_RF_REFERENCES/MISSING.md,VERY_SHORT_MARKDOWN,MEDIUM,"Add actionable content, schema fields, examples, or explicit intentionally-empty status."
06_DATASHEETS/01_MICROCONTROLLERS/ESPRESSIF/ANTENNA_RF_REFERENCES/MISSING.md,TODO_OR_TBD,MEDIUM,Replace placeholders with verified content or clearly mark intentionally unverified/template-only status.
06_DATASHEETS/01_MICROCONTROLLERS/ESPRESSIF/ANTENNA_RF_REFERENCES/SOURCES.md,VERY_SHORT_MARKDOWN,MEDIUM,"Add actionable content, schema fields, examples, or explicit intentionally-empty status."
06_DATASHEETS/01_MICROCONTROLLERS/ESPRESSIF/ANTENNA_RF_REFERENCES/SOURCES.md,TODO_OR_TBD,MEDIUM,Replace placeholders with verified content or clearly mark intentionally unverified/template-only status.
06_DATASHEETS/01_MICROCONTROLLERS/ESPRESSIF/DESIGN_GUIDES,ONLY_BASIC_INDEX_FILES,MEDIUM,Add substantive family/component/workflow content or mark intentionally reserved.
06_DATASHEETS/01_MICROCONTROLLERS/ESPRESSIF/DESIGN_GUIDES/INDEX.md,VERY_SHORT_MARKDOWN,MEDIUM,"Add actionable content, schema fields, examples, or explicit intentionally-empty status."
06_DATASHEETS/01_MICROCONTROLLERS/ESPRESSIF/DESIGN_GUIDES/INDEX.md,TODO_OR_TBD,MEDIUM,Replace placeholders with verified content or clearly mark intentionally unverified/template-only status.
06_DATASHEETS/01_MICROCONTROLLERS/ESPRESSIF/DESIGN_GUIDES/MISSING.md,VERY_SHORT_MARKDOWN,MEDIUM,"Add actionable content, schema fields, examples, or explicit intentionally-empty status."
06_DATASHEETS/01_MICROCONTROLLERS/ESPRESSIF/DESIGN_GUIDES/MISSING.md,TODO_OR_TBD,MEDIUM,Replace placeholders with verified content or clearly mark intentionally unverified/template-only status.
06_DATASHEETS/01_MICROCONTROLLERS/ESPRESSIF/DESIGN_GUIDES/SOURCES.md,VERY_SHORT_MARKDOWN,MEDIUM,"Add actionable content, schema fields, examples, or explicit intentionally-empty status."
06_DATASHEETS/01_MICROCONTROLLERS/ESPRESSIF/DESIGN_GUIDES/SOURCES.md,TODO_OR_TBD,MEDIUM,Replace placeholders with verified content or clearly mark intentionally unverified/template-only status.
06_DATASHEETS/01_MICROCONTROLLERS/ESPRESSIF/ERRATA,ONLY_BASIC_INDEX_FILES,MEDIUM,Add substantive family/component/workflow content or mark intentionally reserved.
06_DATASHEETS/01_MICROCONTROLLERS/ESPRESSIF/ERRATA/INDEX.md,VERY_SHORT_MARKDOWN,MEDIUM,"Add actionable content, schema fields, examples, or explicit intentionally-empty status."
06_DATASHEETS/01_MICROCONTROLLERS/ESPRESSIF/ERRATA/INDEX.md,TODO_OR_TBD,MEDIUM,Replace placeholders with verified content or clearly mark intentionally unverified/template-only status.
06_DATASHEETS/01_MICROCONTROLLERS/ESPRESSIF/ERRATA/MISSING.md,VERY_SHORT_MARKDOWN,MEDIUM,"Add actionable content, schema fields, examples, or explicit intentionally-empty status."
06_DATASHEETS/01_MICROCONTROLLERS/ESPRESSIF/ERRATA/MISSING.md,TODO_OR_TBD,MEDIUM,Replace placeholders with verified content or clearly mark intentionally unverified/template-only status.
06_DATASHEETS/01_MICROCONTROLLERS/ESPRESSIF/ERRATA/SOURCES.md,VERY_SHORT_MARKDOWN,MEDIUM,"Add actionable content, schema fields, examples, or explicit intentionally-empty status."
06_DATASHEETS/01_MICROCONTROLLERS/ESPRESSIF/ERRATA/SOURCES.md,TODO_OR_TBD,MEDIUM,Replace placeholders with verified content or clearly mark intentionally unverified/template-only status.
06_DATASHEETS/01_MICROCONTROLLERS/ESPRESSIF/ESP32/ESP32_AI_OVERVIEW.md,UNVERIFIED_OR_EXAMPLE_MARKER,MEDIUM,Replace placeholders with verified content or clearly mark intentionally unverified/template-only status.
06_DATASHEETS/01_MICROCONTROLLERS/ESPRESSIF/ESP32/ESP32_COMMON_PART_NUMBERS.md,UNVERIFIED_OR_EXAMPLE_MARKER,MEDIUM,Replace placeholders with verified content or clearly mark intentionally unverified/template-only status.
06_DATASHEETS/01_MICROCONTROLLERS/ESPRESSIF/ESP32/ESP32_KICAD_SYMBOL_FOOTPRINT_NOTES.md,UNVERIFIED_OR_EXAMPLE_MARKER,MEDIUM,Replace placeholders with verified content or clearly mark intentionally unverified/template-only status.
06_DATASHEETS/01_MICROCONTROLLERS/ESPRESSIF/ESP32/ESP32_SOURCE_LINKS.md,UNVERIFIED_OR_EXAMPLE_MARKER,MEDIUM,Replace placeholders with verified content or clearly mark intentionally unverified/template-only status.
06_DATASHEETS/01_MICROCONTROLLERS/ESPRESSIF/ESP32/ESP32_WROOM_32_BOOT_DEBUG_NOTES.md,UNVERIFIED_OR_EXAMPLE_MARKER,MEDIUM,Replace placeholders with verified content or clearly mark intentionally unverified/template-only status.
06_DATASHEETS/01_MICROCONTROLLERS/ESPRESSIF/ESP32/ESP32_WROOM_32_DEV_BOARD_NOTES.md,UNVERIFIED_OR_EXAMPLE_MARKER,MEDIUM,Replace placeholders with verified content or clearly mark intentionally unverified/template-only status.
06_DATASHEETS/01_MICROCONTROLLERS/ESPRESSIF/ESP32/ESP32_WROOM_32_PACKAGE_FOOTPRINT_NOTES.md,UNVERIFIED_OR_EXAMPLE_MARKER,MEDIUM,Replace placeholders with verified content or clearly mark intentionally unverified/template-only status.
06_DATASHEETS/01_MICROCONTROLLERS/ESPRESSIF/ESP32/ESP32_WROOM_32_PCB_LAYOUT_NOTES.md,UNVERIFIED_OR_EXAMPLE_MARKER,MEDIUM,Replace placeholders with verified content or clearly mark intentionally unverified/template-only status.
06_DATASHEETS/01_MICROCONTROLLERS/ESPRESSIF/ESP32/ESP32_WROOM_32_POWER_CLOCK_NOTES.md,UNVERIFIED_OR_EXAMPLE_MARKER,MEDIUM,Replace placeholders with verified content or clearly mark intentionally unverified/template-only status.
06_DATASHEETS/01_MICROCONTROLLERS/ESPRESSIF/ESP32/README.md,UNVERIFIED_OR_EXAMPLE_MARKER,MEDIUM,Replace placeholders with verified content or clearly mark intentionally unverified/template-only status.
06_DATASHEETS/01_MICROCONTROLLERS/ESPRESSIF/ESP32/SOURCES.md,VERY_SHORT_MARKDOWN,MEDIUM,"Add actionable content, schema fields, examples, or explicit intentionally-empty status."
06_DATASHEETS/01_MICROCONTROLLERS/ESPRESSIF/ESP32/SOURCES.md,TODO_OR_TBD,MEDIUM,Replace placeholders with verified content or clearly mark intentionally unverified/template-only status.
06_DATASHEETS/01_MICROCONTROLLERS/ESPRESSIF/ESP32_C2/ESP32_C2_AI_OVERVIEW.md,UNVERIFIED_OR_EXAMPLE_MARKER,MEDIUM,Replace placeholders with verified content or clearly mark intentionally unverified/template-only status.
06_DATASHEETS/01_MICROCONTROLLERS/ESPRESSIF/ESP32_C2/ESP32_C2_COMMON_PART_NUMBERS.md,UNVERIFIED_OR_EXAMPLE_MARKER,MEDIUM,Replace placeholders with verified content or clearly mark intentionally unverified/template-only status.
06_DATASHEETS/01_MICROCONTROLLERS/ESPRESSIF/ESP32_C2/ESP32_C2_KICAD_SYMBOL_FOOTPRINT_NOTES.md,UNVERIFIED_OR_EXAMPLE_MARKER,MEDIUM,Replace placeholders with verified content or clearly mark intentionally unverified/template-only status.
06_DATASHEETS/01_MICROCONTROLLERS/ESPRESSIF/ESP32_C2/ESP32_C2_REPRESENTATIVE_PART_REQUIRES_SOURCE_BOOT_DEBUG_NOTES.md,UNVERIFIED_OR_EXAMPLE_MARKER,MEDIUM,Replace placeholders with verified content or clearly mark intentionally unverified/template-only status.
06_DATASHEETS/01_MICROCONTROLLERS/ESPRESSIF/ESP32_C2/ESP32_C2_REPRESENTATIVE_PART_REQUIRES_SOURCE_DEV_BOARD_NOTES.md,UNVERIFIED_OR_EXAMPLE_MARKER,MEDIUM,Replace placeholders with verified content or clearly mark intentionally unverified/template-only status.
06_DATASHEETS/01_MICROCONTROLLERS/ESPRESSIF/ESP32_C2/ESP32_C2_REPRESENTATIVE_PART_REQUIRES_SOURCE_PACKAGE_FOOTPRINT_NOTES.md,UNVERIFIED_OR_EXAMPLE_MARKER,MEDIUM,Replace placeholders with verified content or clearly mark intentionally unverified/template-only status.
06_DATASHEETS/01_MICROCONTROLLERS/ESPRESSIF/ESP32_C2/ESP32_C2_REPRESENTATIVE_PART_REQUIRES_SOURCE_PCB_LAYOUT_NOTES.md,UNVERIFIED_OR_EXAMPLE_MARKER,MEDIUM,Replace placeholders with verified content or clearly mark intentionally unverified/template-only status.
06_DATASHEETS/01_MICROCONTROLLERS/ESPRESSIF/ESP32_C2/ESP32_C2_REPRESENTATIVE_PART_REQUIRES_SOURCE_POWER_CLOCK_NOTES.md,UNVERIFIED_OR_EXAMPLE_MARKER,MEDIUM,Replace placeholders with verified content or clearly mark intentionally unverified/template-only status.
06_DATASHEETS/01_MICROCONTROLLERS/ESPRESSIF/ESP32_C2/ESP32_C2_SOURCE_LINKS.md,UNVERIFIED_OR_EXAMPLE_MARKER,MEDIUM,Replace placeholders with verified content or clearly mark intentionally unverified/template-only status.
06_DATASHEETS/01_MICROCONTROLLERS/ESPRESSIF/ESP32_C2/README.md,UNVERIFIED_OR_EXAMPLE_MARKER,MEDIUM,Replace placeholders with verified content or clearly mark intentionally unverified/template-only status.
06_DATASHEETS/01_MICROCONTROLLERS/ESPRESSIF/ESP32_C2/SOURCES.md,VERY_SHORT_MARKDOWN,MEDIUM,"Add actionable content, schema fields, examples, or explicit intentionally-empty status."
06_DATASHEETS/01_MICROCONTROLLERS/ESPRESSIF/ESP32_C2/SOURCES.md,TODO_OR_TBD,MEDIUM,Replace placeholders with verified content or clearly mark intentionally unverified/template-only status.
06_DATASHEETS/01_MICROCONTROLLERS/ESPRESSIF/ESP32_C3/ESP32_C3_AI_OVERVIEW.md,UNVERIFIED_OR_EXAMPLE_MARKER,MEDIUM,Replace placeholders with verified content or clearly mark intentionally unverified/template-only status.
06_DATASHEETS/01_MICROCONTROLLERS/ESPRESSIF/ESP32_C3/ESP32_C3_COMMON_PART_NUMBERS.md,UNVERIFIED_OR_EXAMPLE_MARKER,MEDIUM,Replace placeholders with verified content or clearly mark intentionally unverified/template-only status.
06_DATASHEETS/01_MICROCONTROLLERS/ESPRESSIF/ESP32_C3/ESP32_C3_KICAD_SYMBOL_FOOTPRINT_NOTES.md,UNVERIFIED_OR_EXAMPLE_MARKER,MEDIUM,Replace placeholders with verified content or clearly mark intentionally unverified/template-only status.
06_DATASHEETS/01_MICROCONTROLLERS/ESPRESSIF/ESP32_C3/ESP32_C3_MINI_1_BOOT_DEBUG_NOTES.md,UNVERIFIED_OR_EXAMPLE_MARKER,MEDIUM,Replace placeholders with verified content or clearly mark intentionally unverified/template-only status.
06_DATASHEETS/01_MICROCONTROLLERS/ESPRESSIF/ESP32_C3/ESP32_C3_MINI_1_DEV_BOARD_NOTES.md,UNVERIFIED_OR_EXAMPLE_MARKER,MEDIUM,Replace placeholders with verified content or clearly mark intentionally unverified/template-only status.
06_DATASHEETS/01_MICROCONTROLLERS/ESPRESSIF/ESP32_C3/ESP32_C3_MINI_1_PACKAGE_FOOTPRINT_NOTES.md,UNVERIFIED_OR_EXAMPLE_MARKER,MEDIUM,Replace placeholders with verified content or clearly mark intentionally unverified/template-only status.
06_DATASHEETS/01_MICROCONTROLLERS/ESPRESSIF/ESP32_C3/ESP32_C3_MINI_1_PCB_LAYOUT_NOTES.md,UNVERIFIED_OR_EXAMPLE_MARKER,MEDIUM,Replace placeholders with verified content or clearly mark intentionally unverified/template-only status.
06_DATASHEETS/01_MICROCONTROLLERS/ESPRESSIF/ESP32_C3/ESP32_C3_MINI_1_POWER_CLOCK_NOTES.md,UNVERIFIED_OR_EXAMPLE_MARKER,MEDIUM,Replace placeholders with verified content or clearly mark intentionally unverified/template-only status.
06_DATASHEETS/01_MICROCONTROLLERS/ESPRESSIF/ESP32_C3/ESP32_C3_SOURCE_LINKS.md,UNVERIFIED_OR_EXAMPLE_MARKER,MEDIUM,Replace placeholders with verified content or clearly mark intentionally unverified/template-only status.
06_DATASHEETS/01_MICROCONTROLLERS/ESPRESSIF/ESP32_C3/README.md,UNVERIFIED_OR_EXAMPLE_MARKER,MEDIUM,Replace placeholders with verified content or clearly mark intentionally unverified/template-only status.
06_DATASHEETS/01_MICROCONTROLLERS/ESPRESSIF/ESP32_C3/SOURCES.md,VERY_SHORT_MARKDOWN,MEDIUM,"Add actionable content, schema fields, examples, or explicit intentionally-empty status."
06_DATASHEETS/01_MICROCONTROLLERS/ESPRESSIF/ESP32_C3/SOURCES.md,TODO_OR_TBD,MEDIUM,Replace placeholders with verified content or clearly mark intentionally unverified/template-only status.
06_DATASHEETS/01_MICROCONTROLLERS/ESPRESSIF/ESP32_C5/ESP32_C5_AI_OVERVIEW.md,UNVERIFIED_OR_EXAMPLE_MARKER,MEDIUM,Replace placeholders with verified content or clearly mark intentionally unverified/template-only status.
06_DATASHEETS/01_MICROCONTROLLERS/ESPRESSIF/ESP32_C5/ESP32_C5_COMMON_PART_NUMBERS.md,UNVERIFIED_OR_EXAMPLE_MARKER,MEDIUM,Replace placeholders with verified content or clearly mark intentionally unverified/template-only status.
06_DATASHEETS/01_MICROCONTROLLERS/ESPRESSIF/ESP32_C5/ESP32_C5_KICAD_SYMBOL_FOOTPRINT_NOTES.md,UNVERIFIED_OR_EXAMPLE_MARKER,MEDIUM,Replace placeholders with verified content or clearly mark intentionally unverified/template-only status.
06_DATASHEETS/01_MICROCONTROLLERS/ESPRESSIF/ESP32_C5/ESP32_C5_REPRESENTATIVE_PART_REQUIRES_SOURCE_BOOT_DEBUG_NOTES.md,UNVERIFIED_OR_EXAMPLE_MARKER,MEDIUM,Replace placeholders with verified content or clearly mark intentionally unverified/template-only status.
06_DATASHEETS/01_MICROCONTROLLERS/ESPRESSIF/ESP32_C5/ESP32_C5_REPRESENTATIVE_PART_REQUIRES_SOURCE_DEV_BOARD_NOTES.md,UNVERIFIED_OR_EXAMPLE_MARKER,MEDIUM,Replace placeholders with verified content or clearly mark intentionally unverified/template-only status.
06_DATASHEETS/01_MICROCONTROLLERS/ESPRESSIF/ESP32_C5/ESP32_C5_REPRESENTATIVE_PART_REQUIRES_SOURCE_PACKAGE_FOOTPRINT_NOTES.md,UNVERIFIED_OR_EXAMPLE_MARKER,MEDIUM,Replace placeholders with verified content or clearly mark intentionally unverified/template-only status.
06_DATASHEETS/01_MICROCONTROLLERS/ESPRESSIF/ESP32_C5/ESP32_C5_REPRESENTATIVE_PART_REQUIRES_SOURCE_PCB_LAYOUT_NOTES.md,UNVERIFIED_OR_EXAMPLE_MARKER,MEDIUM,Replace placeholders with verified content or clearly mark intentionally unverified/template-only status.
06_DATASHEETS/01_MICROCONTROLLERS/ESPRESSIF/ESP32_C5/ESP32_C5_REPRESENTATIVE_PART_REQUIRES_SOURCE_POWER_CLOCK_NOTES.md,UNVERIFIED_OR_EXAMPLE_MARKER,MEDIUM,Replace placeholders with verified content or clearly mark intentionally unverified/template-only status.
06_DATASHEETS/01_MICROCONTROLLERS/ESPRESSIF/ESP32_C5/ESP32_C5_SOURCE_LINKS.md,UNVERIFIED_OR_EXAMPLE_MARKER,MEDIUM,Replace placeholders with verified content or clearly mark intentionally unverified/template-only status.
06_DATASHEETS/01_MICROCONTROLLERS/ESPRESSIF/ESP32_C5/README.md,UNVERIFIED_OR_EXAMPLE_MARKER,MEDIUM,Replace placeholders with verified content or clearly mark intentionally unverified/template-only status.
06_DATASHEETS/01_MICROCONTROLLERS/ESPRESSIF/ESP32_C5/SOURCES.md,VERY_SHORT_MARKDOWN,MEDIUM,"Add actionable content, schema fields, examples, or explicit intentionally-empty status."
06_DATASHEETS/01_MICROCONTROLLERS/ESPRESSIF/ESP32_C5/SOURCES.md,TODO_OR_TBD,MEDIUM,Replace placeholders with verified content or clearly mark intentionally unverified/template-only status.
06_DATASHEETS/01_MICROCONTROLLERS/ESPRESSIF/ESP32_C6/ESP32_C6_AI_OVERVIEW.md,UNVERIFIED_OR_EXAMPLE_MARKER,MEDIUM,Replace placeholders with verified content or clearly mark intentionally unverified/template-only status.
06_DATASHEETS/01_MICROCONTROLLERS/ESPRESSIF/ESP32_C6/ESP32_C6_COMMON_PART_NUMBERS.md,UNVERIFIED_OR_EXAMPLE_MARKER,MEDIUM,Replace placeholders with verified content or clearly mark intentionally unverified/template-only status.
06_DATASHEETS/01_MICROCONTROLLERS/ESPRESSIF/ESP32_C6/ESP32_C6_KICAD_SYMBOL_FOOTPRINT_NOTES.md,UNVERIFIED_OR_EXAMPLE_MARKER,MEDIUM,Replace placeholders with verified content or clearly mark intentionally unverified/template-only status.
06_DATASHEETS/01_MICROCONTROLLERS/ESPRESSIF/ESP32_C6/ESP32_C6_SOURCE_LINKS.md,UNVERIFIED_OR_EXAMPLE_MARKER,MEDIUM,Replace placeholders with verified content or clearly mark intentionally unverified/template-only status.
06_DATASHEETS/01_MICROCONTROLLERS/ESPRESSIF/ESP32_C6/ESP32_C6_WROOM_1_BOOT_DEBUG_NOTES.md,UNVERIFIED_OR_EXAMPLE_MARKER,MEDIUM,Replace placeholders with verified content or clearly mark intentionally unverified/template-only status.
06_DATASHEETS/01_MICROCONTROLLERS/ESPRESSIF/ESP32_C6/ESP32_C6_WROOM_1_DEV_BOARD_NOTES.md,UNVERIFIED_OR_EXAMPLE_MARKER,MEDIUM,Replace placeholders with verified content or clearly mark intentionally unverified/template-only status.
06_DATASHEETS/01_MICROCONTROLLERS/ESPRESSIF/ESP32_C6/ESP32_C6_WROOM_1_PACKAGE_FOOTPRINT_NOTES.md,UNVERIFIED_OR_EXAMPLE_MARKER,MEDIUM,Replace placeholders with verified content or clearly mark intentionally unverified/template-only status.
06_DATASHEETS/01_MICROCONTROLLERS/ESPRESSIF/ESP32_C6/ESP32_C6_WROOM_1_PCB_LAYOUT_NOTES.md,UNVERIFIED_OR_EXAMPLE_MARKER,MEDIUM,Replace placeholders with verified content or clearly mark intentionally unverified/template-only status.
06_DATASHEETS/01_MICROCONTROLLERS/ESPRESSIF/ESP32_C6/ESP32_C6_WROOM_1_POWER_CLOCK_NOTES.md,UNVERIFIED_OR_EXAMPLE_MARKER,MEDIUM,Replace placeholders with verified content or clearly mark intentionally unverified/template-only status.
06_DATASHEETS/01_MICROCONTROLLERS/ESPRESSIF/ESP32_C6/README.md,UNVERIFIED_OR_EXAMPLE_MARKER,MEDIUM,Replace placeholders with verified content or clearly mark intentionally unverified/template-only status.
06_DATASHEETS/01_MICROCONTROLLERS/ESPRESSIF/ESP32_C6/SOURCES.md,VERY_SHORT_MARKDOWN,MEDIUM,"Add actionable content, schema fields, examples, or explicit intentionally-empty status."
06_DATASHEETS/01_MICROCONTROLLERS/ESPRESSIF/ESP32_C6/SOURCES.md,TODO_OR_TBD,MEDIUM,Replace placeholders with verified content or clearly mark intentionally unverified/template-only status.
06_DATASHEETS/01_MICROCONTROLLERS/ESPRESSIF/ESP32_H2/ESP32_H2_AI_OVERVIEW.md,UNVERIFIED_OR_EXAMPLE_MARKER,MEDIUM,Replace placeholders with verified content or clearly mark intentionally unverified/template-only status.
06_DATASHEETS/01_MICROCONTROLLERS/ESPRESSIF/ESP32_H2/ESP32_H2_COMMON_PART_NUMBERS.md,UNVERIFIED_OR_EXAMPLE_MARKER,MEDIUM,Replace placeholders with verified content or clearly mark intentionally unverified/template-only status.
06_DATASHEETS/01_MICROCONTROLLERS/ESPRESSIF/ESP32_H2/ESP32_H2_KICAD_SYMBOL_FOOTPRINT_NOTES.md,UNVERIFIED_OR_EXAMPLE_MARKER,MEDIUM,Replace placeholders with verified content or clearly mark intentionally unverified/template-only status.
06_DATASHEETS/01_MICROCONTROLLERS/ESPRESSIF/ESP32_H2/ESP32_H2_MINI_1_BOOT_DEBUG_NOTES.md,UNVERIFIED_OR_EXAMPLE_MARKER,MEDIUM,Replace placeholders with verified content or clearly mark intentionally unverified/template-only status.
06_DATASHEETS/01_MICROCONTROLLERS/ESPRESSIF/ESP32_H2/ESP32_H2_MINI_1_DEV_BOARD_NOTES.md,UNVERIFIED_OR_EXAMPLE_MARKER,MEDIUM,Replace placeholders with verified content or clearly mark intentionally unverified/template-only status.
06_DATASHEETS/01_MICROCONTROLLERS/ESPRESSIF/ESP32_H2/ESP32_H2_MINI_1_PACKAGE_FOOTPRINT_NOTES.md,UNVERIFIED_OR_EXAMPLE_MARKER,MEDIUM,Replace placeholders with verified content or clearly mark intentionally unverified/template-only status.
06_DATASHEETS/01_MICROCONTROLLERS/ESPRESSIF/ESP32_H2/ESP32_H2_MINI_1_PCB_LAYOUT_NOTES.md,UNVERIFIED_OR_EXAMPLE_MARKER,MEDIUM,Replace placeholders with verified content or clearly mark intentionally unverified/template-only status.
06_DATASHEETS/01_MICROCONTROLLERS/ESPRESSIF/ESP32_H2/ESP32_H2_MINI_1_POWER_CLOCK_NOTES.md,UNVERIFIED_OR_EXAMPLE_MARKER,MEDIUM,Replace placeholders with verified content or clearly mark intentionally unverified/template-only status.
06_DATASHEETS/01_MICROCONTROLLERS/ESPRESSIF/ESP32_H2/ESP32_H2_SOURCE_LINKS.md,UNVERIFIED_OR_EXAMPLE_MARKER,MEDIUM,Replace placeholders with verified content or clearly mark intentionally unverified/template-only status.
06_DATASHEETS/01_MICROCONTROLLERS/ESPRESSIF/ESP32_H2/README.md,UNVERIFIED_OR_EXAMPLE_MARKER,MEDIUM,Replace placeholders with verified content or clearly mark intentionally unverified/template-only status.
06_DATASHEETS/01_MICROCONTROLLERS/ESPRESSIF/ESP32_H2/SOURCES.md,VERY_SHORT_MARKDOWN,MEDIUM,"Add actionable content, schema fields, examples, or explicit intentionally-empty status."
06_DATASHEETS/01_MICROCONTROLLERS/ESPRESSIF/ESP32_H2/SOURCES.md,TODO_OR_TBD,MEDIUM,Replace placeholders with verified content or clearly mark intentionally unverified/template-only status.
06_DATASHEETS/01_MICROCONTROLLERS/ESPRESSIF/ESP32_P4/ESP32_P4_AI_OVERVIEW.md,UNVERIFIED_OR_EXAMPLE_MARKER,MEDIUM,Replace placeholders with verified content or clearly mark intentionally unverified/template-only status.
06_DATASHEETS/01_MICROCONTROLLERS/ESPRESSIF/ESP32_P4/ESP32_P4_COMMON_PART_NUMBERS.md,UNVERIFIED_OR_EXAMPLE_MARKER,MEDIUM,Replace placeholders with verified content or clearly mark intentionally unverified/template-only status.
06_DATASHEETS/01_MICROCONTROLLERS/ESPRESSIF/ESP32_P4/ESP32_P4_KICAD_SYMBOL_FOOTPRINT_NOTES.md,UNVERIFIED_OR_EXAMPLE_MARKER,MEDIUM,Replace placeholders with verified content or clearly mark intentionally unverified/template-only status.
06_DATASHEETS/01_MICROCONTROLLERS/ESPRESSIF/ESP32_P4/ESP32_P4_REPRESENTATIVE_PART_REQUIRES_SOURCE_BOOT_DEBUG_NOTES.md,UNVERIFIED_OR_EXAMPLE_MARKER,MEDIUM,Replace placeholders with verified content or clearly mark intentionally unverified/template-only status.
06_DATASHEETS/01_MICROCONTROLLERS/ESPRESSIF/ESP32_P4/ESP32_P4_REPRESENTATIVE_PART_REQUIRES_SOURCE_DEV_BOARD_NOTES.md,UNVERIFIED_OR_EXAMPLE_MARKER,MEDIUM,Replace placeholders with verified content or clearly mark intentionally unverified/template-only status.
06_DATASHEETS/01_MICROCONTROLLERS/ESPRESSIF/ESP32_P4/ESP32_P4_REPRESENTATIVE_PART_REQUIRES_SOURCE_PACKAGE_FOOTPRINT_NOTES.md,UNVERIFIED_OR_EXAMPLE_MARKER,MEDIUM,Replace placeholders with verified content or clearly mark intentionally unverified/template-only status.
06_DATASHEETS/01_MICROCONTROLLERS/ESPRESSIF/ESP32_P4/ESP32_P4_REPRESENTATIVE_PART_REQUIRES_SOURCE_PCB_LAYOUT_NOTES.md,UNVERIFIED_OR_EXAMPLE_MARKER,MEDIUM,Replace placeholders with verified content or clearly mark intentionally unverified/template-only status.
06_DATASHEETS/01_MICROCONTROLLERS/ESPRESSIF/ESP32_P4/ESP32_P4_REPRESENTATIVE_PART_REQUIRES_SOURCE_POWER_CLOCK_NOTES.md,UNVERIFIED_OR_EXAMPLE_MARKER,MEDIUM,Replace placeholders with verified content or clearly mark intentionally unverified/template-only status.
06_DATASHEETS/01_MICROCONTROLLERS/ESPRESSIF/ESP32_P4/ESP32_P4_SOURCE_LINKS.md,UNVERIFIED_OR_EXAMPLE_MARKER,MEDIUM,Replace placeholders with verified content or clearly mark intentionally unverified/template-only status.
06_DATASHEETS/01_MICROCONTROLLERS/ESPRESSIF/ESP32_P4/README.md,UNVERIFIED_OR_EXAMPLE_MARKER,MEDIUM,Replace placeholders with verified content or clearly mark intentionally unverified/template-only status.
06_DATASHEETS/01_MICROCONTROLLERS/ESPRESSIF/ESP32_P4/SOURCES.md,VERY_SHORT_MARKDOWN,MEDIUM,"Add actionable content, schema fields, examples, or explicit intentionally-empty status."
06_DATASHEETS/01_MICROCONTROLLERS/ESPRESSIF/ESP32_P4/SOURCES.md,TODO_OR_TBD,MEDIUM,Replace placeholders with verified content or clearly mark intentionally unverified/template-only status.
06_DATASHEETS/01_MICROCONTROLLERS/ESPRESSIF/ESP32_S2/ESP32_S2_AI_OVERVIEW.md,UNVERIFIED_OR_EXAMPLE_MARKER,MEDIUM,Replace placeholders with verified content or clearly mark intentionally unverified/template-only status.
06_DATASHEETS/01_MICROCONTROLLERS/ESPRESSIF/ESP32_S2/ESP32_S2_COMMON_PART_NUMBERS.md,UNVERIFIED_OR_EXAMPLE_MARKER,MEDIUM,Replace placeholders with verified content or clearly mark intentionally unverified/template-only status.
06_DATASHEETS/01_MICROCONTROLLERS/ESPRESSIF/ESP32_S2/ESP32_S2_KICAD_SYMBOL_FOOTPRINT_NOTES.md,UNVERIFIED_OR_EXAMPLE_MARKER,MEDIUM,Replace placeholders with verified content or clearly mark intentionally unverified/template-only status.
06_DATASHEETS/01_MICROCONTROLLERS/ESPRESSIF/ESP32_S2/ESP32_S2_REPRESENTATIVE_PART_REQUIRES_SOURCE_BOOT_DEBUG_NOTES.md,UNVERIFIED_OR_EXAMPLE_MARKER,MEDIUM,Replace placeholders with verified content or clearly mark intentionally unverified/template-only status.
06_DATASHEETS/01_MICROCONTROLLERS/ESPRESSIF/ESP32_S2/ESP32_S2_REPRESENTATIVE_PART_REQUIRES_SOURCE_DEV_BOARD_NOTES.md,UNVERIFIED_OR_EXAMPLE_MARKER,MEDIUM,Replace placeholders with verified content or clearly mark intentionally unverified/template-only status.
06_DATASHEETS/01_MICROCONTROLLERS/ESPRESSIF/ESP32_S2/ESP32_S2_REPRESENTATIVE_PART_REQUIRES_SOURCE_PACKAGE_FOOTPRINT_NOTES.md,UNVERIFIED_OR_EXAMPLE_MARKER,MEDIUM,Replace placeholders with verified content or clearly mark intentionally unverified/template-only status.
06_DATASHEETS/01_MICROCONTROLLERS/ESPRESSIF/ESP32_S2/ESP32_S2_REPRESENTATIVE_PART_REQUIRES_SOURCE_PCB_LAYOUT_NOTES.md,UNVERIFIED_OR_EXAMPLE_MARKER,MEDIUM,Replace placeholders with verified content or clearly mark intentionally unverified/template-only status.
06_DATASHEETS/01_MICROCONTROLLERS/ESPRESSIF/ESP32_S2/ESP32_S2_REPRESENTATIVE_PART_REQUIRES_SOURCE_POWER_CLOCK_NOTES.md,UNVERIFIED_OR_EXAMPLE_MARKER,MEDIUM,Replace placeholders with verified content or clearly mark intentionally unverified/template-only status.
06_DATASHEETS/01_MICROCONTROLLERS/ESPRESSIF/ESP32_S2/ESP32_S2_SOURCE_LINKS.md,UNVERIFIED_OR_EXAMPLE_MARKER,MEDIUM,Replace placeholders with verified content or clearly mark intentionally unverified/template-only status.
06_DATASHEETS/01_MICROCONTROLLERS/ESPRESSIF/ESP32_S2/README.md,UNVERIFIED_OR_EXAMPLE_MARKER,MEDIUM,Replace placeholders with verified content or clearly mark intentionally unverified/template-only status.
06_DATASHEETS/01_MICROCONTROLLERS/ESPRESSIF/ESP32_S2/SOURCES.md,VERY_SHORT_MARKDOWN,MEDIUM,"Add actionable content, schema fields, examples, or explicit intentionally-empty status."
06_DATASHEETS/01_MICROCONTROLLERS/ESPRESSIF/ESP32_S2/SOURCES.md,TODO_OR_TBD,MEDIUM,Replace placeholders with verified content or clearly mark intentionally unverified/template-only status.
06_DATASHEETS/01_MICROCONTROLLERS/ESPRESSIF/ESP32_S3/ESP32_S3_AI_OVERVIEW.md,UNVERIFIED_OR_EXAMPLE_MARKER,MEDIUM,Replace placeholders with verified content or clearly mark intentionally unverified/template-only status.
06_DATASHEETS/01_MICROCONTROLLERS/ESPRESSIF/ESP32_S3/ESP32_S3_COMMON_PART_NUMBERS.md,UNVERIFIED_OR_EXAMPLE_MARKER,MEDIUM,Replace placeholders with verified content or clearly mark intentionally unverified/template-only status.
06_DATASHEETS/01_MICROCONTROLLERS/ESPRESSIF/ESP32_S3/ESP32_S3_KICAD_SYMBOL_FOOTPRINT_NOTES.md,UNVERIFIED_OR_EXAMPLE_MARKER,MEDIUM,Replace placeholders with verified content or clearly mark intentionally unverified/template-only status.
06_DATASHEETS/01_MICROCONTROLLERS/ESPRESSIF/ESP32_S3/ESP32_S3_SOURCE_LINKS.md,UNVERIFIED_OR_EXAMPLE_MARKER,MEDIUM,Replace placeholders with verified content or clearly mark intentionally unverified/template-only status.
06_DATASHEETS/01_MICROCONTROLLERS/ESPRESSIF/ESP32_S3/ESP32_S3_WROOM_1_BOOT_DEBUG_NOTES.md,UNVERIFIED_OR_EXAMPLE_MARKER,MEDIUM,Replace placeholders with verified content or clearly mark intentionally unverified/template-only status.
06_DATASHEETS/01_MICROCONTROLLERS/ESPRESSIF/ESP32_S3/ESP32_S3_WROOM_1_DEV_BOARD_NOTES.md,UNVERIFIED_OR_EXAMPLE_MARKER,MEDIUM,Replace placeholders with verified content or clearly mark intentionally unverified/template-only status.
06_DATASHEETS/01_MICROCONTROLLERS/ESPRESSIF/ESP32_S3/ESP32_S3_WROOM_1_PACKAGE_FOOTPRINT_NOTES.md,UNVERIFIED_OR_EXAMPLE_MARKER,MEDIUM,Replace placeholders with verified content or clearly mark intentionally unverified/template-only status.
06_DATASHEETS/01_MICROCONTROLLERS/ESPRESSIF/ESP32_S3/ESP32_S3_WROOM_1_PCB_LAYOUT_NOTES.md,UNVERIFIED_OR_EXAMPLE_MARKER,MEDIUM,Replace placeholders with verified content or clearly mark intentionally unverified/template-only status.
06_DATASHEETS/01_MICROCONTROLLERS/ESPRESSIF/ESP32_S3/ESP32_S3_WROOM_1_POWER_CLOCK_NOTES.md,UNVERIFIED_OR_EXAMPLE_MARKER,MEDIUM,Replace placeholders with verified content or clearly mark intentionally unverified/template-only status.
06_DATASHEETS/01_MICROCONTROLLERS/ESPRESSIF/ESP32_S3/README.md,UNVERIFIED_OR_EXAMPLE_MARKER,MEDIUM,Replace placeholders with verified content or clearly mark intentionally unverified/template-only status.
06_DATASHEETS/01_MICROCONTROLLERS/ESPRESSIF/ESP32_S3/SOURCES.md,VERY_SHORT_MARKDOWN,MEDIUM,"Add actionable content, schema fields, examples, or explicit intentionally-empty status."
06_DATASHEETS/01_MICROCONTROLLERS/ESPRESSIF/ESP32_S3/SOURCES.md,TODO_OR_TBD,MEDIUM,Replace placeholders with verified content or clearly mark intentionally unverified/template-only status.
06_DATASHEETS/01_MICROCONTROLLERS/ESPRESSIF/ESP8266/ESP8266EX_BOOT_DEBUG_NOTES.md,UNVERIFIED_OR_EXAMPLE_MARKER,MEDIUM,Replace placeholders with verified content or clearly mark intentionally unverified/template-only status.
06_DATASHEETS/01_MICROCONTROLLERS/ESPRESSIF/ESP8266/ESP8266EX_DEV_BOARD_NOTES.md,UNVERIFIED_OR_EXAMPLE_MARKER,MEDIUM,Replace placeholders with verified content or clearly mark intentionally unverified/template-only status.
06_DATASHEETS/01_MICROCONTROLLERS/ESPRESSIF/ESP8266/ESP8266EX_PACKAGE_FOOTPRINT_NOTES.md,UNVERIFIED_OR_EXAMPLE_MARKER,MEDIUM,Replace placeholders with verified content or clearly mark intentionally unverified/template-only status.
06_DATASHEETS/01_MICROCONTROLLERS/ESPRESSIF/ESP8266/ESP8266EX_PCB_LAYOUT_NOTES.md,UNVERIFIED_OR_EXAMPLE_MARKER,MEDIUM,Replace placeholders with verified content or clearly mark intentionally unverified/template-only status.
06_DATASHEETS/01_MICROCONTROLLERS/ESPRESSIF/ESP8266/ESP8266EX_POWER_CLOCK_NOTES.md,UNVERIFIED_OR_EXAMPLE_MARKER,MEDIUM,Replace placeholders with verified content or clearly mark intentionally unverified/template-only status.
06_DATASHEETS/01_MICROCONTROLLERS/ESPRESSIF/ESP8266/ESP8266_AI_OVERVIEW.md,UNVERIFIED_OR_EXAMPLE_MARKER,MEDIUM,Replace placeholders with verified content or clearly mark intentionally unverified/template-only status.
06_DATASHEETS/01_MICROCONTROLLERS/ESPRESSIF/ESP8266/ESP8266_COMMON_PART_NUMBERS.md,UNVERIFIED_OR_EXAMPLE_MARKER,MEDIUM,Replace placeholders with verified content or clearly mark intentionally unverified/template-only status.
06_DATASHEETS/01_MICROCONTROLLERS/ESPRESSIF/ESP8266/ESP8266_KICAD_SYMBOL_FOOTPRINT_NOTES.md,UNVERIFIED_OR_EXAMPLE_MARKER,MEDIUM,Replace placeholders with verified content or clearly mark intentionally unverified/template-only status.
06_DATASHEETS/01_MICROCONTROLLERS/ESPRESSIF/ESP8266/ESP8266_SOURCE_LINKS.md,UNVERIFIED_OR_EXAMPLE_MARKER,MEDIUM,Replace placeholders with verified content or clearly mark intentionally unverified/template-only status.
06_DATASHEETS/01_MICROCONTROLLERS/ESPRESSIF/ESP8266/README.md,UNVERIFIED_OR_EXAMPLE_MARKER,MEDIUM,Replace placeholders with verified content or clearly mark intentionally unverified/template-only status.
06_DATASHEETS/01_MICROCONTROLLERS/ESPRESSIF/ESP8266/SOURCES.md,VERY_SHORT_MARKDOWN,MEDIUM,"Add actionable content, schema fields, examples, or explicit intentionally-empty status."
06_DATASHEETS/01_MICROCONTROLLERS/ESPRESSIF/ESP8266/SOURCES.md,TODO_OR_TBD,MEDIUM,Replace placeholders with verified content or clearly mark intentionally unverified/template-only status.
06_DATASHEETS/01_MICROCONTROLLERS/ESPRESSIF/INDEX.md,VERY_SHORT_MARKDOWN,MEDIUM,"Add actionable content, schema fields, examples, or explicit intentionally-empty status."
06_DATASHEETS/01_MICROCONTROLLERS/ESPRESSIF/INDEX.md,TODO_OR_TBD,MEDIUM,Replace placeholders with verified content or clearly mark intentionally unverified/template-only status.
06_DATASHEETS/01_MICROCONTROLLERS/ESPRESSIF/MISSING.md,VERY_SHORT_MARKDOWN,MEDIUM,"Add actionable content, schema fields, examples, or explicit intentionally-empty status."
06_DATASHEETS/01_MICROCONTROLLERS/ESPRESSIF/MISSING.md,TODO_OR_TBD,MEDIUM,Replace placeholders with verified content or clearly mark intentionally unverified/template-only status.
06_DATASHEETS/01_MICROCONTROLLERS/ESPRESSIF/MODULES,ONLY_BASIC_INDEX_FILES,MEDIUM,Add substantive family/component/workflow content or mark intentionally reserved.
06_DATASHEETS/01_MICROCONTROLLERS/ESPRESSIF/MODULES/INDEX.md,VERY_SHORT_MARKDOWN,MEDIUM,"Add actionable content, schema fields, examples, or explicit intentionally-empty status."
06_DATASHEETS/01_MICROCONTROLLERS/ESPRESSIF/MODULES/INDEX.md,TODO_OR_TBD,MEDIUM,Replace placeholders with verified content or clearly mark intentionally unverified/template-only status.
06_DATASHEETS/01_MICROCONTROLLERS/ESPRESSIF/MODULES/MISSING.md,VERY_SHORT_MARKDOWN,MEDIUM,"Add actionable content, schema fields, examples, or explicit intentionally-empty status."
06_DATASHEETS/01_MICROCONTROLLERS/ESPRESSIF/MODULES/MISSING.md,TODO_OR_TBD,MEDIUM,Replace placeholders with verified content or clearly mark intentionally unverified/template-only status.
06_DATASHEETS/01_MICROCONTROLLERS/ESPRESSIF/MODULES/SOURCES.md,VERY_SHORT_MARKDOWN,MEDIUM,"Add actionable content, schema fields, examples, or explicit intentionally-empty status."
06_DATASHEETS/01_MICROCONTROLLERS/ESPRESSIF/MODULES/SOURCES.md,TODO_OR_TBD,MEDIUM,Replace placeholders with verified content or clearly mark intentionally unverified/template-only status.
06_DATASHEETS/01_MICROCONTROLLERS/ESPRESSIF/README.md,PLACEHOLDER_LANGUAGE,MEDIUM,Replace placeholders with verified content or clearly mark intentionally unverified/template-only status.
06_DATASHEETS/01_MICROCONTROLLERS/ESPRESSIF/SOURCES.md,VERY_SHORT_MARKDOWN,MEDIUM,"Add actionable content, schema fields, examples, or explicit intentionally-empty status."
06_DATASHEETS/01_MICROCONTROLLERS/ESPRESSIF/SOURCES.md,TODO_OR_TBD,MEDIUM,Replace placeholders with verified content or clearly mark intentionally unverified/template-only status.
06_DATASHEETS/01_MICROCONTROLLERS/GIGADEVICE/GIGADEVICE_AI_OVERVIEW.md,UNVERIFIED_OR_EXAMPLE_MARKER,MEDIUM,Replace placeholders with verified content or clearly mark intentionally unverified/template-only status.
06_DATASHEETS/01_MICROCONTROLLERS/GIGADEVICE/GIGADEVICE_COMMON_PART_NUMBERS.md,UNVERIFIED_OR_EXAMPLE_MARKER,MEDIUM,Replace placeholders with verified content or clearly mark intentionally unverified/template-only status.
06_DATASHEETS/01_MICROCONTROLLERS/GIGADEVICE/GIGADEVICE_KICAD_SYMBOL_FOOTPRINT_NOTES.md,UNVERIFIED_OR_EXAMPLE_MARKER,MEDIUM,Replace placeholders with verified content or clearly mark intentionally unverified/template-only status.
06_DATASHEETS/01_MICROCONTROLLERS/GIGADEVICE/GIGADEVICE_REPRESENTATIVE_PART_REQUIRES_SOURCE_BOOT_DEBUG_NOTES.md,UNVERIFIED_OR_EXAMPLE_MARKER,MEDIUM,Replace placeholders with verified content or clearly mark intentionally unverified/template-only status.
06_DATASHEETS/01_MICROCONTROLLERS/GIGADEVICE/GIGADEVICE_REPRESENTATIVE_PART_REQUIRES_SOURCE_DEV_BOARD_NOTES.md,UNVERIFIED_OR_EXAMPLE_MARKER,MEDIUM,Replace placeholders with verified content or clearly mark intentionally unverified/template-only status.
06_DATASHEETS/01_MICROCONTROLLERS/GIGADEVICE/GIGADEVICE_REPRESENTATIVE_PART_REQUIRES_SOURCE_PACKAGE_FOOTPRINT_NOTES.md,UNVERIFIED_OR_EXAMPLE_MARKER,MEDIUM,Replace placeholders with verified content or clearly mark intentionally unverified/template-only status.
06_DATASHEETS/01_MICROCONTROLLERS/GIGADEVICE/GIGADEVICE_REPRESENTATIVE_PART_REQUIRES_SOURCE_PCB_LAYOUT_NOTES.md,UNVERIFIED_OR_EXAMPLE_MARKER,MEDIUM,Replace placeholders with verified content or clearly mark intentionally unverified/template-only status.
06_DATASHEETS/01_MICROCONTROLLERS/GIGADEVICE/GIGADEVICE_REPRESENTATIVE_PART_REQUIRES_SOURCE_POWER_CLOCK_NOTES.md,UNVERIFIED_OR_EXAMPLE_MARKER,MEDIUM,Replace placeholders with verified content or clearly mark intentionally unverified/template-only status.
06_DATASHEETS/01_MICROCONTROLLERS/GIGADEVICE/GIGADEVICE_SOURCE_LINKS.md,UNVERIFIED_OR_EXAMPLE_MARKER,MEDIUM,Replace placeholders with verified content or clearly mark intentionally unverified/template-only status.
06_DATASHEETS/01_MICROCONTROLLERS/GIGADEVICE/README.md,UNVERIFIED_OR_EXAMPLE_MARKER,MEDIUM,Replace placeholders with verified content or clearly mark intentionally unverified/template-only status.
06_DATASHEETS/01_MICROCONTROLLERS/GIGADEVICE/SOURCES.md,VERY_SHORT_MARKDOWN,MEDIUM,"Add actionable content, schema fields, examples, or explicit intentionally-empty status."
06_DATASHEETS/01_MICROCONTROLLERS/GIGADEVICE/SOURCES.md,TODO_OR_TBD,MEDIUM,Replace placeholders with verified content or clearly mark intentionally unverified/template-only status.
06_DATASHEETS/01_MICROCONTROLLERS/INFINEON/INFINEON_AI_OVERVIEW.md,UNVERIFIED_OR_EXAMPLE_MARKER,MEDIUM,Replace placeholders with verified content or clearly mark intentionally unverified/template-only status.
06_DATASHEETS/01_MICROCONTROLLERS/INFINEON/INFINEON_COMMON_PART_NUMBERS.md,UNVERIFIED_OR_EXAMPLE_MARKER,MEDIUM,Replace placeholders with verified content or clearly mark intentionally unverified/template-only status.
06_DATASHEETS/01_MICROCONTROLLERS/INFINEON/INFINEON_KICAD_SYMBOL_FOOTPRINT_NOTES.md,UNVERIFIED_OR_EXAMPLE_MARKER,MEDIUM,Replace placeholders with verified content or clearly mark intentionally unverified/template-only status.
06_DATASHEETS/01_MICROCONTROLLERS/INFINEON/INFINEON_REPRESENTATIVE_PART_REQUIRES_SOURCE_BOOT_DEBUG_NOTES.md,UNVERIFIED_OR_EXAMPLE_MARKER,MEDIUM,Replace placeholders with verified content or clearly mark intentionally unverified/template-only status.
06_DATASHEETS/01_MICROCONTROLLERS/INFINEON/INFINEON_REPRESENTATIVE_PART_REQUIRES_SOURCE_DEV_BOARD_NOTES.md,UNVERIFIED_OR_EXAMPLE_MARKER,MEDIUM,Replace placeholders with verified content or clearly mark intentionally unverified/template-only status.
06_DATASHEETS/01_MICROCONTROLLERS/INFINEON/INFINEON_REPRESENTATIVE_PART_REQUIRES_SOURCE_PACKAGE_FOOTPRINT_NOTES.md,UNVERIFIED_OR_EXAMPLE_MARKER,MEDIUM,Replace placeholders with verified content or clearly mark intentionally unverified/template-only status.
06_DATASHEETS/01_MICROCONTROLLERS/INFINEON/INFINEON_REPRESENTATIVE_PART_REQUIRES_SOURCE_PCB_LAYOUT_NOTES.md,UNVERIFIED_OR_EXAMPLE_MARKER,MEDIUM,Replace placeholders with verified content or clearly mark intentionally unverified/template-only status.
06_DATASHEETS/01_MICROCONTROLLERS/INFINEON/INFINEON_REPRESENTATIVE_PART_REQUIRES_SOURCE_POWER_CLOCK_NOTES.md,UNVERIFIED_OR_EXAMPLE_MARKER,MEDIUM,Replace placeholders with verified content or clearly mark intentionally unverified/template-only status.
06_DATASHEETS/01_MICROCONTROLLERS/INFINEON/INFINEON_SOURCE_LINKS.md,UNVERIFIED_OR_EXAMPLE_MARKER,MEDIUM,Replace placeholders with verified content or clearly mark intentionally unverified/template-only status.
06_DATASHEETS/01_MICROCONTROLLERS/INFINEON/README.md,UNVERIFIED_OR_EXAMPLE_MARKER,MEDIUM,Replace placeholders with verified content or clearly mark intentionally unverified/template-only status.
06_DATASHEETS/01_MICROCONTROLLERS/INFINEON/SOURCES.md,VERY_SHORT_MARKDOWN,MEDIUM,"Add actionable content, schema fields, examples, or explicit intentionally-empty status."
06_DATASHEETS/01_MICROCONTROLLERS/INFINEON/SOURCES.md,TODO_OR_TBD,MEDIUM,Replace placeholders with verified content or clearly mark intentionally unverified/template-only status.
06_DATASHEETS/01_MICROCONTROLLERS/MICROCHIP_AVR/ATMEGA328P_BOOT_DEBUG_NOTES.md,UNVERIFIED_OR_EXAMPLE_MARKER,MEDIUM,Replace placeholders with verified content or clearly mark intentionally unverified/template-only status.
06_DATASHEETS/01_MICROCONTROLLERS/MICROCHIP_AVR/ATMEGA328P_DEV_BOARD_NOTES.md,UNVERIFIED_OR_EXAMPLE_MARKER,MEDIUM,Replace placeholders with verified content or clearly mark intentionally unverified/template-only status.
06_DATASHEETS/01_MICROCONTROLLERS/MICROCHIP_AVR/ATMEGA328P_PACKAGE_FOOTPRINT_NOTES.md,UNVERIFIED_OR_EXAMPLE_MARKER,MEDIUM,Replace placeholders with verified content or clearly mark intentionally unverified/template-only status.
06_DATASHEETS/01_MICROCONTROLLERS/MICROCHIP_AVR/ATMEGA328P_PCB_LAYOUT_NOTES.md,UNVERIFIED_OR_EXAMPLE_MARKER,MEDIUM,Replace placeholders with verified content or clearly mark intentionally unverified/template-only status.
06_DATASHEETS/01_MICROCONTROLLERS/MICROCHIP_AVR/ATMEGA328P_POWER_CLOCK_NOTES.md,UNVERIFIED_OR_EXAMPLE_MARKER,MEDIUM,Replace placeholders with verified content or clearly mark intentionally unverified/template-only status.
06_DATASHEETS/01_MICROCONTROLLERS/MICROCHIP_AVR/MICROCHIP_AVR_AI_OVERVIEW.md,UNVERIFIED_OR_EXAMPLE_MARKER,MEDIUM,Replace placeholders with verified content or clearly mark intentionally unverified/template-only status.
06_DATASHEETS/01_MICROCONTROLLERS/MICROCHIP_AVR/MICROCHIP_AVR_COMMON_PART_NUMBERS.md,UNVERIFIED_OR_EXAMPLE_MARKER,MEDIUM,Replace placeholders with verified content or clearly mark intentionally unverified/template-only status.
06_DATASHEETS/01_MICROCONTROLLERS/MICROCHIP_AVR/MICROCHIP_AVR_KICAD_SYMBOL_FOOTPRINT_NOTES.md,UNVERIFIED_OR_EXAMPLE_MARKER,MEDIUM,Replace placeholders with verified content or clearly mark intentionally unverified/template-only status.
06_DATASHEETS/01_MICROCONTROLLERS/MICROCHIP_AVR/MICROCHIP_AVR_SOURCE_LINKS.md,UNVERIFIED_OR_EXAMPLE_MARKER,MEDIUM,Replace placeholders with verified content or clearly mark intentionally unverified/template-only status.
06_DATASHEETS/01_MICROCONTROLLERS/MICROCHIP_AVR/README.md,UNVERIFIED_OR_EXAMPLE_MARKER,MEDIUM,Replace placeholders with verified content or clearly mark intentionally unverified/template-only status.
06_DATASHEETS/01_MICROCONTROLLERS/MICROCHIP_PIC/DESIGN_GUIDES,ONLY_BASIC_INDEX_FILES,MEDIUM,Add substantive family/component/workflow content or mark intentionally reserved.
06_DATASHEETS/01_MICROCONTROLLERS/MICROCHIP_PIC/DESIGN_GUIDES/INDEX.md,VERY_SHORT_MARKDOWN,MEDIUM,"Add actionable content, schema fields, examples, or explicit intentionally-empty status."
06_DATASHEETS/01_MICROCONTROLLERS/MICROCHIP_PIC/DESIGN_GUIDES/INDEX.md,TODO_OR_TBD,MEDIUM,Replace placeholders with verified content or clearly mark intentionally unverified/template-only status.
06_DATASHEETS/01_MICROCONTROLLERS/MICROCHIP_PIC/DESIGN_GUIDES/MISSING.md,VERY_SHORT_MARKDOWN,MEDIUM,"Add actionable content, schema fields, examples, or explicit intentionally-empty status."
06_DATASHEETS/01_MICROCONTROLLERS/MICROCHIP_PIC/DESIGN_GUIDES/MISSING.md,TODO_OR_TBD,MEDIUM,Replace placeholders with verified content or clearly mark intentionally unverified/template-only status.
06_DATASHEETS/01_MICROCONTROLLERS/MICROCHIP_PIC/DESIGN_GUIDES/SOURCES.md,VERY_SHORT_MARKDOWN,MEDIUM,"Add actionable content, schema fields, examples, or explicit intentionally-empty status."
06_DATASHEETS/01_MICROCONTROLLERS/MICROCHIP_PIC/DESIGN_GUIDES/SOURCES.md,TODO_OR_TBD,MEDIUM,Replace placeholders with verified content or clearly mark intentionally unverified/template-only status.
06_DATASHEETS/01_MICROCONTROLLERS/MICROCHIP_PIC/DEVELOPMENT_BOARDS,ONLY_BASIC_INDEX_FILES,MEDIUM,Add substantive family/component/workflow content or mark intentionally reserved.
06_DATASHEETS/01_MICROCONTROLLERS/MICROCHIP_PIC/DEVELOPMENT_BOARDS/INDEX.md,VERY_SHORT_MARKDOWN,MEDIUM,"Add actionable content, schema fields, examples, or explicit intentionally-empty status."
06_DATASHEETS/01_MICROCONTROLLERS/MICROCHIP_PIC/DEVELOPMENT_BOARDS/INDEX.md,TODO_OR_TBD,MEDIUM,Replace placeholders with verified content or clearly mark intentionally unverified/template-only status.
06_DATASHEETS/01_MICROCONTROLLERS/MICROCHIP_PIC/DEVELOPMENT_BOARDS/MISSING.md,VERY_SHORT_MARKDOWN,MEDIUM,"Add actionable content, schema fields, examples, or explicit intentionally-empty status."
06_DATASHEETS/01_MICROCONTROLLERS/MICROCHIP_PIC/DEVELOPMENT_BOARDS/MISSING.md,TODO_OR_TBD,MEDIUM,Replace placeholders with verified content or clearly mark intentionally unverified/template-only status.
06_DATASHEETS/01_MICROCONTROLLERS/MICROCHIP_PIC/DEVELOPMENT_BOARDS/SOURCES.md,VERY_SHORT_MARKDOWN,MEDIUM,"Add actionable content, schema fields, examples, or explicit intentionally-empty status."
06_DATASHEETS/01_MICROCONTROLLERS/MICROCHIP_PIC/DEVELOPMENT_BOARDS/SOURCES.md,TODO_OR_TBD,MEDIUM,Replace placeholders with verified content or clearly mark intentionally unverified/template-only status.
06_DATASHEETS/01_MICROCONTROLLERS/MICROCHIP_PIC/ERRATA,ONLY_BASIC_INDEX_FILES,MEDIUM,Add substantive family/component/workflow content or mark intentionally reserved.
06_DATASHEETS/01_MICROCONTROLLERS/MICROCHIP_PIC/ERRATA/INDEX.md,VERY_SHORT_MARKDOWN,MEDIUM,"Add actionable content, schema fields, examples, or explicit intentionally-empty status."
06_DATASHEETS/01_MICROCONTROLLERS/MICROCHIP_PIC/ERRATA/INDEX.md,TODO_OR_TBD,MEDIUM,Replace placeholders with verified content or clearly mark intentionally unverified/template-only status.
06_DATASHEETS/01_MICROCONTROLLERS/MICROCHIP_PIC/ERRATA/MISSING.md,VERY_SHORT_MARKDOWN,MEDIUM,"Add actionable content, schema fields, examples, or explicit intentionally-empty status."
06_DATASHEETS/01_MICROCONTROLLERS/MICROCHIP_PIC/ERRATA/MISSING.md,TODO_OR_TBD,MEDIUM,Replace placeholders with verified content or clearly mark intentionally unverified/template-only status.
06_DATASHEETS/01_MICROCONTROLLERS/MICROCHIP_PIC/ERRATA/SOURCES.md,VERY_SHORT_MARKDOWN,MEDIUM,"Add actionable content, schema fields, examples, or explicit intentionally-empty status."
06_DATASHEETS/01_MICROCONTROLLERS/MICROCHIP_PIC/ERRATA/SOURCES.md,TODO_OR_TBD,MEDIUM,Replace placeholders with verified content or clearly mark intentionally unverified/template-only status.
06_DATASHEETS/01_MICROCONTROLLERS/MICROCHIP_PIC/INDEX.md,VERY_SHORT_MARKDOWN,MEDIUM,"Add actionable content, schema fields, examples, or explicit intentionally-empty status."
06_DATASHEETS/01_MICROCONTROLLERS/MICROCHIP_PIC/INDEX.md,TODO_OR_TBD,MEDIUM,Replace placeholders with verified content or clearly mark intentionally unverified/template-only status.
06_DATASHEETS/01_MICROCONTROLLERS/MICROCHIP_PIC/MISSING.md,VERY_SHORT_MARKDOWN,MEDIUM,"Add actionable content, schema fields, examples, or explicit intentionally-empty status."
06_DATASHEETS/01_MICROCONTROLLERS/MICROCHIP_PIC/MISSING.md,TODO_OR_TBD,MEDIUM,Replace placeholders with verified content or clearly mark intentionally unverified/template-only status.
06_DATASHEETS/01_MICROCONTROLLERS/MICROCHIP_PIC/PIC10/PIC10_AI_OVERVIEW.md,UNVERIFIED_OR_EXAMPLE_MARKER,MEDIUM,Replace placeholders with verified content or clearly mark intentionally unverified/template-only status.
06_DATASHEETS/01_MICROCONTROLLERS/MICROCHIP_PIC/PIC10/PIC10_COMMON_PART_NUMBERS.md,UNVERIFIED_OR_EXAMPLE_MARKER,MEDIUM,Replace placeholders with verified content or clearly mark intentionally unverified/template-only status.
06_DATASHEETS/01_MICROCONTROLLERS/MICROCHIP_PIC/PIC10/PIC10_KICAD_SYMBOL_FOOTPRINT_NOTES.md,UNVERIFIED_OR_EXAMPLE_MARKER,MEDIUM,Replace placeholders with verified content or clearly mark intentionally unverified/template-only status.
06_DATASHEETS/01_MICROCONTROLLERS/MICROCHIP_PIC/PIC10/PIC10_REPRESENTATIVE_PART_REQUIRES_SOURCE_BOOT_DEBUG_NOTES.md,UNVERIFIED_OR_EXAMPLE_MARKER,MEDIUM,Replace placeholders with verified content or clearly mark intentionally unverified/template-only status.
06_DATASHEETS/01_MICROCONTROLLERS/MICROCHIP_PIC/PIC10/PIC10_REPRESENTATIVE_PART_REQUIRES_SOURCE_DEV_BOARD_NOTES.md,UNVERIFIED_OR_EXAMPLE_MARKER,MEDIUM,Replace placeholders with verified content or clearly mark intentionally unverified/template-only status.
06_DATASHEETS/01_MICROCONTROLLERS/MICROCHIP_PIC/PIC10/PIC10_REPRESENTATIVE_PART_REQUIRES_SOURCE_PACKAGE_FOOTPRINT_NOTES.md,UNVERIFIED_OR_EXAMPLE_MARKER,MEDIUM,Replace placeholders with verified content or clearly mark intentionally unverified/template-only status.
06_DATASHEETS/01_MICROCONTROLLERS/MICROCHIP_PIC/PIC10/PIC10_REPRESENTATIVE_PART_REQUIRES_SOURCE_PCB_LAYOUT_NOTES.md,UNVERIFIED_OR_EXAMPLE_MARKER,MEDIUM,Replace placeholders with verified content or clearly mark intentionally unverified/template-only status.
06_DATASHEETS/01_MICROCONTROLLERS/MICROCHIP_PIC/PIC10/PIC10_REPRESENTATIVE_PART_REQUIRES_SOURCE_POWER_CLOCK_NOTES.md,UNVERIFIED_OR_EXAMPLE_MARKER,MEDIUM,Replace placeholders with verified content or clearly mark intentionally unverified/template-only status.
06_DATASHEETS/01_MICROCONTROLLERS/MICROCHIP_PIC/PIC10/PIC10_SOURCE_LINKS.md,UNVERIFIED_OR_EXAMPLE_MARKER,MEDIUM,Replace placeholders with verified content or clearly mark intentionally unverified/template-only status.
06_DATASHEETS/01_MICROCONTROLLERS/MICROCHIP_PIC/PIC10/README.md,UNVERIFIED_OR_EXAMPLE_MARKER,MEDIUM,Replace placeholders with verified content or clearly mark intentionally unverified/template-only status.
06_DATASHEETS/01_MICROCONTROLLERS/MICROCHIP_PIC/PIC10/SOURCES.md,VERY_SHORT_MARKDOWN,MEDIUM,"Add actionable content, schema fields, examples, or explicit intentionally-empty status."
06_DATASHEETS/01_MICROCONTROLLERS/MICROCHIP_PIC/PIC10/SOURCES.md,TODO_OR_TBD,MEDIUM,Replace placeholders with verified content or clearly mark intentionally unverified/template-only status.
06_DATASHEETS/01_MICROCONTROLLERS/MICROCHIP_PIC/PIC12/PIC12_AI_OVERVIEW.md,UNVERIFIED_OR_EXAMPLE_MARKER,MEDIUM,Replace placeholders with verified content or clearly mark intentionally unverified/template-only status.
06_DATASHEETS/01_MICROCONTROLLERS/MICROCHIP_PIC/PIC12/PIC12_COMMON_PART_NUMBERS.md,UNVERIFIED_OR_EXAMPLE_MARKER,MEDIUM,Replace placeholders with verified content or clearly mark intentionally unverified/template-only status.
06_DATASHEETS/01_MICROCONTROLLERS/MICROCHIP_PIC/PIC12/PIC12_KICAD_SYMBOL_FOOTPRINT_NOTES.md,UNVERIFIED_OR_EXAMPLE_MARKER,MEDIUM,Replace placeholders with verified content or clearly mark intentionally unverified/template-only status.
06_DATASHEETS/01_MICROCONTROLLERS/MICROCHIP_PIC/PIC12/PIC12_REPRESENTATIVE_PART_REQUIRES_SOURCE_BOOT_DEBUG_NOTES.md,UNVERIFIED_OR_EXAMPLE_MARKER,MEDIUM,Replace placeholders with verified content or clearly mark intentionally unverified/template-only status.
06_DATASHEETS/01_MICROCONTROLLERS/MICROCHIP_PIC/PIC12/PIC12_REPRESENTATIVE_PART_REQUIRES_SOURCE_DEV_BOARD_NOTES.md,UNVERIFIED_OR_EXAMPLE_MARKER,MEDIUM,Replace placeholders with verified content or clearly mark intentionally unverified/template-only status.
06_DATASHEETS/01_MICROCONTROLLERS/MICROCHIP_PIC/PIC12/PIC12_REPRESENTATIVE_PART_REQUIRES_SOURCE_PACKAGE_FOOTPRINT_NOTES.md,UNVERIFIED_OR_EXAMPLE_MARKER,MEDIUM,Replace placeholders with verified content or clearly mark intentionally unverified/template-only status.
06_DATASHEETS/01_MICROCONTROLLERS/MICROCHIP_PIC/PIC12/PIC12_REPRESENTATIVE_PART_REQUIRES_SOURCE_PCB_LAYOUT_NOTES.md,UNVERIFIED_OR_EXAMPLE_MARKER,MEDIUM,Replace placeholders with verified content or clearly mark intentionally unverified/template-only status.
06_DATASHEETS/01_MICROCONTROLLERS/MICROCHIP_PIC/PIC12/PIC12_REPRESENTATIVE_PART_REQUIRES_SOURCE_POWER_CLOCK_NOTES.md,UNVERIFIED_OR_EXAMPLE_MARKER,MEDIUM,Replace placeholders with verified content or clearly mark intentionally unverified/template-only status.
06_DATASHEETS/01_MICROCONTROLLERS/MICROCHIP_PIC/PIC12/PIC12_SOURCE_LINKS.md,UNVERIFIED_OR_EXAMPLE_MARKER,MEDIUM,Replace placeholders with verified content or clearly mark intentionally unverified/template-only status.
06_DATASHEETS/01_MICROCONTROLLERS/MICROCHIP_PIC/PIC12/README.md,UNVERIFIED_OR_EXAMPLE_MARKER,MEDIUM,Replace placeholders with verified content or clearly mark intentionally unverified/template-only status.
06_DATASHEETS/01_MICROCONTROLLERS/MICROCHIP_PIC/PIC12/SOURCES.md,VERY_SHORT_MARKDOWN,MEDIUM,"Add actionable content, schema fields, examples, or explicit intentionally-empty status."
06_DATASHEETS/01_MICROCONTROLLERS/MICROCHIP_PIC/PIC12/SOURCES.md,TODO_OR_TBD,MEDIUM,Replace placeholders with verified content or clearly mark intentionally unverified/template-only status.
06_DATASHEETS/01_MICROCONTROLLERS/MICROCHIP_PIC/PIC16/PIC16F877A_BOOT_DEBUG_NOTES.md,UNVERIFIED_OR_EXAMPLE_MARKER,MEDIUM,Replace placeholders with verified content or clearly mark intentionally unverified/template-only status.
06_DATASHEETS/01_MICROCONTROLLERS/MICROCHIP_PIC/PIC16/PIC16F877A_DEV_BOARD_NOTES.md,UNVERIFIED_OR_EXAMPLE_MARKER,MEDIUM,Replace placeholders with verified content or clearly mark intentionally unverified/template-only status.
06_DATASHEETS/01_MICROCONTROLLERS/MICROCHIP_PIC/PIC16/PIC16F877A_PACKAGE_FOOTPRINT_NOTES.md,UNVERIFIED_OR_EXAMPLE_MARKER,MEDIUM,Replace placeholders with verified content or clearly mark intentionally unverified/template-only status.
06_DATASHEETS/01_MICROCONTROLLERS/MICROCHIP_PIC/PIC16/PIC16F877A_PCB_LAYOUT_NOTES.md,UNVERIFIED_OR_EXAMPLE_MARKER,MEDIUM,Replace placeholders with verified content or clearly mark intentionally unverified/template-only status.
06_DATASHEETS/01_MICROCONTROLLERS/MICROCHIP_PIC/PIC16/PIC16F877A_POWER_CLOCK_NOTES.md,UNVERIFIED_OR_EXAMPLE_MARKER,MEDIUM,Replace placeholders with verified content or clearly mark intentionally unverified/template-only status.
06_DATASHEETS/01_MICROCONTROLLERS/MICROCHIP_PIC/PIC16/PIC16_AI_OVERVIEW.md,UNVERIFIED_OR_EXAMPLE_MARKER,MEDIUM,Replace placeholders with verified content or clearly mark intentionally unverified/template-only status.
06_DATASHEETS/01_MICROCONTROLLERS/MICROCHIP_PIC/PIC16/PIC16_COMMON_PART_NUMBERS.md,UNVERIFIED_OR_EXAMPLE_MARKER,MEDIUM,Replace placeholders with verified content or clearly mark intentionally unverified/template-only status.
06_DATASHEETS/01_MICROCONTROLLERS/MICROCHIP_PIC/PIC16/PIC16_KICAD_SYMBOL_FOOTPRINT_NOTES.md,UNVERIFIED_OR_EXAMPLE_MARKER,MEDIUM,Replace placeholders with verified content or clearly mark intentionally unverified/template-only status.
06_DATASHEETS/01_MICROCONTROLLERS/MICROCHIP_PIC/PIC16/PIC16_SOURCE_LINKS.md,UNVERIFIED_OR_EXAMPLE_MARKER,MEDIUM,Replace placeholders with verified content or clearly mark intentionally unverified/template-only status.
06_DATASHEETS/01_MICROCONTROLLERS/MICROCHIP_PIC/PIC16/README.md,UNVERIFIED_OR_EXAMPLE_MARKER,MEDIUM,Replace placeholders with verified content or clearly mark intentionally unverified/template-only status.
06_DATASHEETS/01_MICROCONTROLLERS/MICROCHIP_PIC/PIC16/SOURCES.md,VERY_SHORT_MARKDOWN,MEDIUM,"Add actionable content, schema fields, examples, or explicit intentionally-empty status."
06_DATASHEETS/01_MICROCONTROLLERS/MICROCHIP_PIC/PIC16/SOURCES.md,TODO_OR_TBD,MEDIUM,Replace placeholders with verified content or clearly mark intentionally unverified/template-only status.
06_DATASHEETS/01_MICROCONTROLLERS/MICROCHIP_PIC/PIC18/PIC18F4550_BOOT_DEBUG_NOTES.md,UNVERIFIED_OR_EXAMPLE_MARKER,MEDIUM,Replace placeholders with verified content or clearly mark intentionally unverified/template-only status.
06_DATASHEETS/01_MICROCONTROLLERS/MICROCHIP_PIC/PIC18/PIC18F4550_DEV_BOARD_NOTES.md,UNVERIFIED_OR_EXAMPLE_MARKER,MEDIUM,Replace placeholders with verified content or clearly mark intentionally unverified/template-only status.
06_DATASHEETS/01_MICROCONTROLLERS/MICROCHIP_PIC/PIC18/PIC18F4550_PACKAGE_FOOTPRINT_NOTES.md,UNVERIFIED_OR_EXAMPLE_MARKER,MEDIUM,Replace placeholders with verified content or clearly mark intentionally unverified/template-only status.
06_DATASHEETS/01_MICROCONTROLLERS/MICROCHIP_PIC/PIC18/PIC18F4550_PCB_LAYOUT_NOTES.md,UNVERIFIED_OR_EXAMPLE_MARKER,MEDIUM,Replace placeholders with verified content or clearly mark intentionally unverified/template-only status.
06_DATASHEETS/01_MICROCONTROLLERS/MICROCHIP_PIC/PIC18/PIC18F4550_POWER_CLOCK_NOTES.md,UNVERIFIED_OR_EXAMPLE_MARKER,MEDIUM,Replace placeholders with verified content or clearly mark intentionally unverified/template-only status.
06_DATASHEETS/01_MICROCONTROLLERS/MICROCHIP_PIC/PIC18/PIC18_AI_OVERVIEW.md,UNVERIFIED_OR_EXAMPLE_MARKER,MEDIUM,Replace placeholders with verified content or clearly mark intentionally unverified/template-only status.
06_DATASHEETS/01_MICROCONTROLLERS/MICROCHIP_PIC/PIC18/PIC18_COMMON_PART_NUMBERS.md,UNVERIFIED_OR_EXAMPLE_MARKER,MEDIUM,Replace placeholders with verified content or clearly mark intentionally unverified/template-only status.
06_DATASHEETS/01_MICROCONTROLLERS/MICROCHIP_PIC/PIC18/PIC18_KICAD_SYMBOL_FOOTPRINT_NOTES.md,UNVERIFIED_OR_EXAMPLE_MARKER,MEDIUM,Replace placeholders with verified content or clearly mark intentionally unverified/template-only status.
06_DATASHEETS/01_MICROCONTROLLERS/MICROCHIP_PIC/PIC18/PIC18_SOURCE_LINKS.md,UNVERIFIED_OR_EXAMPLE_MARKER,MEDIUM,Replace placeholders with verified content or clearly mark intentionally unverified/template-only status.
06_DATASHEETS/01_MICROCONTROLLERS/MICROCHIP_PIC/PIC18/README.md,UNVERIFIED_OR_EXAMPLE_MARKER,MEDIUM,Replace placeholders with verified content or clearly mark intentionally unverified/template-only status.
06_DATASHEETS/01_MICROCONTROLLERS/MICROCHIP_PIC/PIC18/SOURCES.md,VERY_SHORT_MARKDOWN,MEDIUM,"Add actionable content, schema fields, examples, or explicit intentionally-empty status."
06_DATASHEETS/01_MICROCONTROLLERS/MICROCHIP_PIC/PIC18/SOURCES.md,TODO_OR_TBD,MEDIUM,Replace placeholders with verified content or clearly mark intentionally unverified/template-only status.
06_DATASHEETS/01_MICROCONTROLLERS/MICROCHIP_PIC/PIC24/PIC24_AI_OVERVIEW.md,UNVERIFIED_OR_EXAMPLE_MARKER,MEDIUM,Replace placeholders with verified content or clearly mark intentionally unverified/template-only status.
06_DATASHEETS/01_MICROCONTROLLERS/MICROCHIP_PIC/PIC24/PIC24_COMMON_PART_NUMBERS.md,UNVERIFIED_OR_EXAMPLE_MARKER,MEDIUM,Replace placeholders with verified content or clearly mark intentionally unverified/template-only status.
06_DATASHEETS/01_MICROCONTROLLERS/MICROCHIP_PIC/PIC24/PIC24_KICAD_SYMBOL_FOOTPRINT_NOTES.md,UNVERIFIED_OR_EXAMPLE_MARKER,MEDIUM,Replace placeholders with verified content or clearly mark intentionally unverified/template-only status.
06_DATASHEETS/01_MICROCONTROLLERS/MICROCHIP_PIC/PIC24/PIC24_REPRESENTATIVE_PART_REQUIRES_SOURCE_BOOT_DEBUG_NOTES.md,UNVERIFIED_OR_EXAMPLE_MARKER,MEDIUM,Replace placeholders with verified content or clearly mark intentionally unverified/template-only status.
06_DATASHEETS/01_MICROCONTROLLERS/MICROCHIP_PIC/PIC24/PIC24_REPRESENTATIVE_PART_REQUIRES_SOURCE_DEV_BOARD_NOTES.md,UNVERIFIED_OR_EXAMPLE_MARKER,MEDIUM,Replace placeholders with verified content or clearly mark intentionally unverified/template-only status.
06_DATASHEETS/01_MICROCONTROLLERS/MICROCHIP_PIC/PIC24/PIC24_REPRESENTATIVE_PART_REQUIRES_SOURCE_PACKAGE_FOOTPRINT_NOTES.md,UNVERIFIED_OR_EXAMPLE_MARKER,MEDIUM,Replace placeholders with verified content or clearly mark intentionally unverified/template-only status.
06_DATASHEETS/01_MICROCONTROLLERS/MICROCHIP_PIC/PIC24/PIC24_REPRESENTATIVE_PART_REQUIRES_SOURCE_PCB_LAYOUT_NOTES.md,UNVERIFIED_OR_EXAMPLE_MARKER,MEDIUM,Replace placeholders with verified content or clearly mark intentionally unverified/template-only status.
06_DATASHEETS/01_MICROCONTROLLERS/MICROCHIP_PIC/PIC24/PIC24_REPRESENTATIVE_PART_REQUIRES_SOURCE_POWER_CLOCK_NOTES.md,UNVERIFIED_OR_EXAMPLE_MARKER,MEDIUM,Replace placeholders with verified content or clearly mark intentionally unverified/template-only status.
06_DATASHEETS/01_MICROCONTROLLERS/MICROCHIP_PIC/PIC24/PIC24_SOURCE_LINKS.md,UNVERIFIED_OR_EXAMPLE_MARKER,MEDIUM,Replace placeholders with verified content or clearly mark intentionally unverified/template-only status.
06_DATASHEETS/01_MICROCONTROLLERS/MICROCHIP_PIC/PIC24/README.md,UNVERIFIED_OR_EXAMPLE_MARKER,MEDIUM,Replace placeholders with verified content or clearly mark intentionally unverified/template-only status.
06_DATASHEETS/01_MICROCONTROLLERS/MICROCHIP_PIC/PIC24/SOURCES.md,VERY_SHORT_MARKDOWN,MEDIUM,"Add actionable content, schema fields, examples, or explicit intentionally-empty status."
06_DATASHEETS/01_MICROCONTROLLERS/MICROCHIP_PIC/PIC24/SOURCES.md,TODO_OR_TBD,MEDIUM,Replace placeholders with verified content or clearly mark intentionally unverified/template-only status.
06_DATASHEETS/01_MICROCONTROLLERS/MICROCHIP_PIC/PIC32/PIC32_AI_OVERVIEW.md,UNVERIFIED_OR_EXAMPLE_MARKER,MEDIUM,Replace placeholders with verified content or clearly mark intentionally unverified/template-only status.
06_DATASHEETS/01_MICROCONTROLLERS/MICROCHIP_PIC/PIC32/PIC32_COMMON_PART_NUMBERS.md,UNVERIFIED_OR_EXAMPLE_MARKER,MEDIUM,Replace placeholders with verified content or clearly mark intentionally unverified/template-only status.
06_DATASHEETS/01_MICROCONTROLLERS/MICROCHIP_PIC/PIC32/PIC32_KICAD_SYMBOL_FOOTPRINT_NOTES.md,UNVERIFIED_OR_EXAMPLE_MARKER,MEDIUM,Replace placeholders with verified content or clearly mark intentionally unverified/template-only status.
06_DATASHEETS/01_MICROCONTROLLERS/MICROCHIP_PIC/PIC32/PIC32_REPRESENTATIVE_PART_REQUIRES_SOURCE_BOOT_DEBUG_NOTES.md,UNVERIFIED_OR_EXAMPLE_MARKER,MEDIUM,Replace placeholders with verified content or clearly mark intentionally unverified/template-only status.
06_DATASHEETS/01_MICROCONTROLLERS/MICROCHIP_PIC/PIC32/PIC32_REPRESENTATIVE_PART_REQUIRES_SOURCE_DEV_BOARD_NOTES.md,UNVERIFIED_OR_EXAMPLE_MARKER,MEDIUM,Replace placeholders with verified content or clearly mark intentionally unverified/template-only status.
06_DATASHEETS/01_MICROCONTROLLERS/MICROCHIP_PIC/PIC32/PIC32_REPRESENTATIVE_PART_REQUIRES_SOURCE_PACKAGE_FOOTPRINT_NOTES.md,UNVERIFIED_OR_EXAMPLE_MARKER,MEDIUM,Replace placeholders with verified content or clearly mark intentionally unverified/template-only status.
06_DATASHEETS/01_MICROCONTROLLERS/MICROCHIP_PIC/PIC32/PIC32_REPRESENTATIVE_PART_REQUIRES_SOURCE_PCB_LAYOUT_NOTES.md,UNVERIFIED_OR_EXAMPLE_MARKER,MEDIUM,Replace placeholders with verified content or clearly mark intentionally unverified/template-only status.
06_DATASHEETS/01_MICROCONTROLLERS/MICROCHIP_PIC/PIC32/PIC32_REPRESENTATIVE_PART_REQUIRES_SOURCE_POWER_CLOCK_NOTES.md,UNVERIFIED_OR_EXAMPLE_MARKER,MEDIUM,Replace placeholders with verified content or clearly mark intentionally unverified/template-only status.
06_DATASHEETS/01_MICROCONTROLLERS/MICROCHIP_PIC/PIC32/PIC32_SOURCE_LINKS.md,UNVERIFIED_OR_EXAMPLE_MARKER,MEDIUM,Replace placeholders with verified content or clearly mark intentionally unverified/template-only status.
06_DATASHEETS/01_MICROCONTROLLERS/MICROCHIP_PIC/PIC32/README.md,UNVERIFIED_OR_EXAMPLE_MARKER,MEDIUM,Replace placeholders with verified content or clearly mark intentionally unverified/template-only status.
06_DATASHEETS/01_MICROCONTROLLERS/MICROCHIP_PIC/PIC32/SOURCES.md,VERY_SHORT_MARKDOWN,MEDIUM,"Add actionable content, schema fields, examples, or explicit intentionally-empty status."
06_DATASHEETS/01_MICROCONTROLLERS/MICROCHIP_PIC/PIC32/SOURCES.md,TODO_OR_TBD,MEDIUM,Replace placeholders with verified content or clearly mark intentionally unverified/template-only status.
06_DATASHEETS/01_MICROCONTROLLERS/MICROCHIP_PIC/PROGRAMMING_DEBUG_PICKIT,ONLY_BASIC_INDEX_FILES,MEDIUM,Add substantive family/component/workflow content or mark intentionally reserved.
06_DATASHEETS/01_MICROCONTROLLERS/MICROCHIP_PIC/PROGRAMMING_DEBUG_PICKIT/INDEX.md,VERY_SHORT_MARKDOWN,MEDIUM,"Add actionable content, schema fields, examples, or explicit intentionally-empty status."
06_DATASHEETS/01_MICROCONTROLLERS/MICROCHIP_PIC/PROGRAMMING_DEBUG_PICKIT/INDEX.md,TODO_OR_TBD,MEDIUM,Replace placeholders with verified content or clearly mark intentionally unverified/template-only status.
06_DATASHEETS/01_MICROCONTROLLERS/MICROCHIP_PIC/PROGRAMMING_DEBUG_PICKIT/MISSING.md,VERY_SHORT_MARKDOWN,MEDIUM,"Add actionable content, schema fields, examples, or explicit intentionally-empty status."
06_DATASHEETS/01_MICROCONTROLLERS/MICROCHIP_PIC/PROGRAMMING_DEBUG_PICKIT/MISSING.md,TODO_OR_TBD,MEDIUM,Replace placeholders with verified content or clearly mark intentionally unverified/template-only status.
06_DATASHEETS/01_MICROCONTROLLERS/MICROCHIP_PIC/PROGRAMMING_DEBUG_PICKIT/SOURCES.md,VERY_SHORT_MARKDOWN,MEDIUM,"Add actionable content, schema fields, examples, or explicit intentionally-empty status."
06_DATASHEETS/01_MICROCONTROLLERS/MICROCHIP_PIC/PROGRAMMING_DEBUG_PICKIT/SOURCES.md,TODO_OR_TBD,MEDIUM,Replace placeholders with verified content or clearly mark intentionally unverified/template-only status.
06_DATASHEETS/01_MICROCONTROLLERS/MICROCHIP_PIC/README.md,GENERIC_FOLDER_TEXT,MEDIUM,Replace placeholders with verified content or clearly mark intentionally unverified/template-only status.
06_DATASHEETS/01_MICROCONTROLLERS/MICROCHIP_PIC/dsPIC30/DSPIC30_AI_OVERVIEW.md,UNVERIFIED_OR_EXAMPLE_MARKER,MEDIUM,Replace placeholders with verified content or clearly mark intentionally unverified/template-only status.
06_DATASHEETS/01_MICROCONTROLLERS/MICROCHIP_PIC/dsPIC30/DSPIC30_COMMON_PART_NUMBERS.md,UNVERIFIED_OR_EXAMPLE_MARKER,MEDIUM,Replace placeholders with verified content or clearly mark intentionally unverified/template-only status.
06_DATASHEETS/01_MICROCONTROLLERS/MICROCHIP_PIC/dsPIC30/DSPIC30_KICAD_SYMBOL_FOOTPRINT_NOTES.md,UNVERIFIED_OR_EXAMPLE_MARKER,MEDIUM,Replace placeholders with verified content or clearly mark intentionally unverified/template-only status.
06_DATASHEETS/01_MICROCONTROLLERS/MICROCHIP_PIC/dsPIC30/DSPIC30_REPRESENTATIVE_PART_REQUIRES_SOURCE_BOOT_DEBUG_NOTES.md,UNVERIFIED_OR_EXAMPLE_MARKER,MEDIUM,Replace placeholders with verified content or clearly mark intentionally unverified/template-only status.
06_DATASHEETS/01_MICROCONTROLLERS/MICROCHIP_PIC/dsPIC30/DSPIC30_REPRESENTATIVE_PART_REQUIRES_SOURCE_DEV_BOARD_NOTES.md,UNVERIFIED_OR_EXAMPLE_MARKER,MEDIUM,Replace placeholders with verified content or clearly mark intentionally unverified/template-only status.
06_DATASHEETS/01_MICROCONTROLLERS/MICROCHIP_PIC/dsPIC30/DSPIC30_REPRESENTATIVE_PART_REQUIRES_SOURCE_PACKAGE_FOOTPRINT_NOTES.md,UNVERIFIED_OR_EXAMPLE_MARKER,MEDIUM,Replace placeholders with verified content or clearly mark intentionally unverified/template-only status.
06_DATASHEETS/01_MICROCONTROLLERS/MICROCHIP_PIC/dsPIC30/DSPIC30_REPRESENTATIVE_PART_REQUIRES_SOURCE_PCB_LAYOUT_NOTES.md,UNVERIFIED_OR_EXAMPLE_MARKER,MEDIUM,Replace placeholders with verified content or clearly mark intentionally unverified/template-only status.
06_DATASHEETS/01_MICROCONTROLLERS/MICROCHIP_PIC/dsPIC30/DSPIC30_REPRESENTATIVE_PART_REQUIRES_SOURCE_POWER_CLOCK_NOTES.md,UNVERIFIED_OR_EXAMPLE_MARKER,MEDIUM,Replace placeholders with verified content or clearly mark intentionally unverified/template-only status.
06_DATASHEETS/01_MICROCONTROLLERS/MICROCHIP_PIC/dsPIC30/DSPIC30_SOURCE_LINKS.md,UNVERIFIED_OR_EXAMPLE_MARKER,MEDIUM,Replace placeholders with verified content or clearly mark intentionally unverified/template-only status.
06_DATASHEETS/01_MICROCONTROLLERS/MICROCHIP_PIC/dsPIC30/README.md,UNVERIFIED_OR_EXAMPLE_MARKER,MEDIUM,Replace placeholders with verified content or clearly mark intentionally unverified/template-only status.
06_DATASHEETS/01_MICROCONTROLLERS/MICROCHIP_PIC/dsPIC30/SOURCES.md,VERY_SHORT_MARKDOWN,MEDIUM,"Add actionable content, schema fields, examples, or explicit intentionally-empty status."
06_DATASHEETS/01_MICROCONTROLLERS/MICROCHIP_PIC/dsPIC30/SOURCES.md,TODO_OR_TBD,MEDIUM,Replace placeholders with verified content or clearly mark intentionally unverified/template-only status.
06_DATASHEETS/01_MICROCONTROLLERS/MICROCHIP_PIC/dsPIC33/DSPIC33_AI_OVERVIEW.md,UNVERIFIED_OR_EXAMPLE_MARKER,MEDIUM,Replace placeholders with verified content or clearly mark intentionally unverified/template-only status.
06_DATASHEETS/01_MICROCONTROLLERS/MICROCHIP_PIC/dsPIC33/DSPIC33_COMMON_PART_NUMBERS.md,UNVERIFIED_OR_EXAMPLE_MARKER,MEDIUM,Replace placeholders with verified content or clearly mark intentionally unverified/template-only status.
06_DATASHEETS/01_MICROCONTROLLERS/MICROCHIP_PIC/dsPIC33/DSPIC33_KICAD_SYMBOL_FOOTPRINT_NOTES.md,UNVERIFIED_OR_EXAMPLE_MARKER,MEDIUM,Replace placeholders with verified content or clearly mark intentionally unverified/template-only status.
06_DATASHEETS/01_MICROCONTROLLERS/MICROCHIP_PIC/dsPIC33/DSPIC33_REPRESENTATIVE_PART_REQUIRES_SOURCE_BOOT_DEBUG_NOTES.md,UNVERIFIED_OR_EXAMPLE_MARKER,MEDIUM,Replace placeholders with verified content or clearly mark intentionally unverified/template-only status.
06_DATASHEETS/01_MICROCONTROLLERS/MICROCHIP_PIC/dsPIC33/DSPIC33_REPRESENTATIVE_PART_REQUIRES_SOURCE_DEV_BOARD_NOTES.md,UNVERIFIED_OR_EXAMPLE_MARKER,MEDIUM,Replace placeholders with verified content or clearly mark intentionally unverified/template-only status.
06_DATASHEETS/01_MICROCONTROLLERS/MICROCHIP_PIC/dsPIC33/DSPIC33_REPRESENTATIVE_PART_REQUIRES_SOURCE_PACKAGE_FOOTPRINT_NOTES.md,UNVERIFIED_OR_EXAMPLE_MARKER,MEDIUM,Replace placeholders with verified content or clearly mark intentionally unverified/template-only status.
06_DATASHEETS/01_MICROCONTROLLERS/MICROCHIP_PIC/dsPIC33/DSPIC33_REPRESENTATIVE_PART_REQUIRES_SOURCE_PCB_LAYOUT_NOTES.md,UNVERIFIED_OR_EXAMPLE_MARKER,MEDIUM,Replace placeholders with verified content or clearly mark intentionally unverified/template-only status.
06_DATASHEETS/01_MICROCONTROLLERS/MICROCHIP_PIC/dsPIC33/DSPIC33_REPRESENTATIVE_PART_REQUIRES_SOURCE_POWER_CLOCK_NOTES.md,UNVERIFIED_OR_EXAMPLE_MARKER,MEDIUM,Replace placeholders with verified content or clearly mark intentionally unverified/template-only status.
06_DATASHEETS/01_MICROCONTROLLERS/MICROCHIP_PIC/dsPIC33/DSPIC33_SOURCE_LINKS.md,UNVERIFIED_OR_EXAMPLE_MARKER,MEDIUM,Replace placeholders with verified content or clearly mark intentionally unverified/template-only status.
06_DATASHEETS/01_MICROCONTROLLERS/MICROCHIP_PIC/dsPIC33/README.md,UNVERIFIED_OR_EXAMPLE_MARKER,MEDIUM,Replace placeholders with verified content or clearly mark intentionally unverified/template-only status.
06_DATASHEETS/01_MICROCONTROLLERS/MICROCHIP_PIC/dsPIC33/SOURCES.md,VERY_SHORT_MARKDOWN,MEDIUM,"Add actionable content, schema fields, examples, or explicit intentionally-empty status."
06_DATASHEETS/01_MICROCONTROLLERS/MICROCHIP_PIC/dsPIC33/SOURCES.md,TODO_OR_TBD,MEDIUM,Replace placeholders with verified content or clearly mark intentionally unverified/template-only status.
06_DATASHEETS/01_MICROCONTROLLERS/MISSING.md,UNVERIFIED_OR_EXAMPLE_MARKER,MEDIUM,Replace placeholders with verified content or clearly mark intentionally unverified/template-only status.
06_DATASHEETS/01_MICROCONTROLLERS/NORDIC/NORDIC_AI_OVERVIEW.md,UNVERIFIED_OR_EXAMPLE_MARKER,MEDIUM,Replace placeholders with verified content or clearly mark intentionally unverified/template-only status.
06_DATASHEETS/01_MICROCONTROLLERS/NORDIC/NORDIC_COMMON_PART_NUMBERS.md,UNVERIFIED_OR_EXAMPLE_MARKER,MEDIUM,Replace placeholders with verified content or clearly mark intentionally unverified/template-only status.
06_DATASHEETS/01_MICROCONTROLLERS/NORDIC/NORDIC_KICAD_SYMBOL_FOOTPRINT_NOTES.md,UNVERIFIED_OR_EXAMPLE_MARKER,MEDIUM,Replace placeholders with verified content or clearly mark intentionally unverified/template-only status.
06_DATASHEETS/01_MICROCONTROLLERS/NORDIC/NORDIC_REPRESENTATIVE_PART_REQUIRES_SOURCE_BOOT_DEBUG_NOTES.md,UNVERIFIED_OR_EXAMPLE_MARKER,MEDIUM,Replace placeholders with verified content or clearly mark intentionally unverified/template-only status.
06_DATASHEETS/01_MICROCONTROLLERS/NORDIC/NORDIC_REPRESENTATIVE_PART_REQUIRES_SOURCE_DEV_BOARD_NOTES.md,UNVERIFIED_OR_EXAMPLE_MARKER,MEDIUM,Replace placeholders with verified content or clearly mark intentionally unverified/template-only status.
06_DATASHEETS/01_MICROCONTROLLERS/NORDIC/NORDIC_REPRESENTATIVE_PART_REQUIRES_SOURCE_PACKAGE_FOOTPRINT_NOTES.md,UNVERIFIED_OR_EXAMPLE_MARKER,MEDIUM,Replace placeholders with verified content or clearly mark intentionally unverified/template-only status.
06_DATASHEETS/01_MICROCONTROLLERS/NORDIC/NORDIC_REPRESENTATIVE_PART_REQUIRES_SOURCE_PCB_LAYOUT_NOTES.md,UNVERIFIED_OR_EXAMPLE_MARKER,MEDIUM,Replace placeholders with verified content or clearly mark intentionally unverified/template-only status.
06_DATASHEETS/01_MICROCONTROLLERS/NORDIC/NORDIC_REPRESENTATIVE_PART_REQUIRES_SOURCE_POWER_CLOCK_NOTES.md,UNVERIFIED_OR_EXAMPLE_MARKER,MEDIUM,Replace placeholders with verified content or clearly mark intentionally unverified/template-only status.
06_DATASHEETS/01_MICROCONTROLLERS/NORDIC/NORDIC_SOURCE_LINKS.md,UNVERIFIED_OR_EXAMPLE_MARKER,MEDIUM,Replace placeholders with verified content or clearly mark intentionally unverified/template-only status.
06_DATASHEETS/01_MICROCONTROLLERS/NORDIC/README.md,UNVERIFIED_OR_EXAMPLE_MARKER,MEDIUM,Replace placeholders with verified content or clearly mark intentionally unverified/template-only status.
06_DATASHEETS/01_MICROCONTROLLERS/NORDIC/SOURCES.md,VERY_SHORT_MARKDOWN,MEDIUM,"Add actionable content, schema fields, examples, or explicit intentionally-empty status."
06_DATASHEETS/01_MICROCONTROLLERS/NORDIC/SOURCES.md,TODO_OR_TBD,MEDIUM,Replace placeholders with verified content or clearly mark intentionally unverified/template-only status.
06_DATASHEETS/01_MICROCONTROLLERS/NXP/NXP_AI_OVERVIEW.md,UNVERIFIED_OR_EXAMPLE_MARKER,MEDIUM,Replace placeholders with verified content or clearly mark intentionally unverified/template-only status.
06_DATASHEETS/01_MICROCONTROLLERS/NXP/NXP_COMMON_PART_NUMBERS.md,UNVERIFIED_OR_EXAMPLE_MARKER,MEDIUM,Replace placeholders with verified content or clearly mark intentionally unverified/template-only status.
06_DATASHEETS/01_MICROCONTROLLERS/NXP/NXP_KICAD_SYMBOL_FOOTPRINT_NOTES.md,UNVERIFIED_OR_EXAMPLE_MARKER,MEDIUM,Replace placeholders with verified content or clearly mark intentionally unverified/template-only status.
06_DATASHEETS/01_MICROCONTROLLERS/NXP/NXP_REPRESENTATIVE_PART_REQUIRES_SOURCE_BOOT_DEBUG_NOTES.md,UNVERIFIED_OR_EXAMPLE_MARKER,MEDIUM,Replace placeholders with verified content or clearly mark intentionally unverified/template-only status.
06_DATASHEETS/01_MICROCONTROLLERS/NXP/NXP_REPRESENTATIVE_PART_REQUIRES_SOURCE_DEV_BOARD_NOTES.md,UNVERIFIED_OR_EXAMPLE_MARKER,MEDIUM,Replace placeholders with verified content or clearly mark intentionally unverified/template-only status.
06_DATASHEETS/01_MICROCONTROLLERS/NXP/NXP_REPRESENTATIVE_PART_REQUIRES_SOURCE_PACKAGE_FOOTPRINT_NOTES.md,UNVERIFIED_OR_EXAMPLE_MARKER,MEDIUM,Replace placeholders with verified content or clearly mark intentionally unverified/template-only status.
06_DATASHEETS/01_MICROCONTROLLERS/NXP/NXP_REPRESENTATIVE_PART_REQUIRES_SOURCE_PCB_LAYOUT_NOTES.md,UNVERIFIED_OR_EXAMPLE_MARKER,MEDIUM,Replace placeholders with verified content or clearly mark intentionally unverified/template-only status.
06_DATASHEETS/01_MICROCONTROLLERS/NXP/NXP_REPRESENTATIVE_PART_REQUIRES_SOURCE_POWER_CLOCK_NOTES.md,UNVERIFIED_OR_EXAMPLE_MARKER,MEDIUM,Replace placeholders with verified content or clearly mark intentionally unverified/template-only status.
06_DATASHEETS/01_MICROCONTROLLERS/NXP/NXP_SOURCE_LINKS.md,UNVERIFIED_OR_EXAMPLE_MARKER,MEDIUM,Replace placeholders with verified content or clearly mark intentionally unverified/template-only status.
06_DATASHEETS/01_MICROCONTROLLERS/NXP/README.md,UNVERIFIED_OR_EXAMPLE_MARKER,MEDIUM,Replace placeholders with verified content or clearly mark intentionally unverified/template-only status.
06_DATASHEETS/01_MICROCONTROLLERS/NXP/SOURCES.md,VERY_SHORT_MARKDOWN,MEDIUM,"Add actionable content, schema fields, examples, or explicit intentionally-empty status."
06_DATASHEETS/01_MICROCONTROLLERS/NXP/SOURCES.md,TODO_OR_TBD,MEDIUM,Replace placeholders with verified content or clearly mark intentionally unverified/template-only status.
06_DATASHEETS/01_MICROCONTROLLERS/OTHER,ONLY_BASIC_INDEX_FILES,MEDIUM,Add substantive family/component/workflow content or mark intentionally reserved.
06_DATASHEETS/01_MICROCONTROLLERS/OTHER/INDEX.md,VERY_SHORT_MARKDOWN,MEDIUM,"Add actionable content, schema fields, examples, or explicit intentionally-empty status."
06_DATASHEETS/01_MICROCONTROLLERS/OTHER/INDEX.md,TODO_OR_TBD,MEDIUM,Replace placeholders with verified content or clearly mark intentionally unverified/template-only status.
06_DATASHEETS/01_MICROCONTROLLERS/OTHER/MISSING.md,VERY_SHORT_MARKDOWN,MEDIUM,"Add actionable content, schema fields, examples, or explicit intentionally-empty status."
06_DATASHEETS/01_MICROCONTROLLERS/OTHER/MISSING.md,TODO_OR_TBD,MEDIUM,Replace placeholders with verified content or clearly mark intentionally unverified/template-only status.
06_DATASHEETS/01_MICROCONTROLLERS/OTHER/SOURCES.md,VERY_SHORT_MARKDOWN,MEDIUM,"Add actionable content, schema fields, examples, or explicit intentionally-empty status."
06_DATASHEETS/01_MICROCONTROLLERS/OTHER/SOURCES.md,TODO_OR_TBD,MEDIUM,Replace placeholders with verified content or clearly mark intentionally unverified/template-only status.
06_DATASHEETS/01_MICROCONTROLLERS/RASPBERRY_PI_RP2040_RP2350/README.md,UNVERIFIED_OR_EXAMPLE_MARKER,MEDIUM,Replace placeholders with verified content or clearly mark intentionally unverified/template-only status.
06_DATASHEETS/01_MICROCONTROLLERS/RASPBERRY_PI_RP2040_RP2350/RP2040_BOOT_DEBUG_NOTES.md,UNVERIFIED_OR_EXAMPLE_MARKER,MEDIUM,Replace placeholders with verified content or clearly mark intentionally unverified/template-only status.
06_DATASHEETS/01_MICROCONTROLLERS/RASPBERRY_PI_RP2040_RP2350/RP2040_DEV_BOARD_NOTES.md,UNVERIFIED_OR_EXAMPLE_MARKER,MEDIUM,Replace placeholders with verified content or clearly mark intentionally unverified/template-only status.
06_DATASHEETS/01_MICROCONTROLLERS/RASPBERRY_PI_RP2040_RP2350/RP2040_PACKAGE_FOOTPRINT_NOTES.md,UNVERIFIED_OR_EXAMPLE_MARKER,MEDIUM,Replace placeholders with verified content or clearly mark intentionally unverified/template-only status.
06_DATASHEETS/01_MICROCONTROLLERS/RASPBERRY_PI_RP2040_RP2350/RP2040_PCB_LAYOUT_NOTES.md,UNVERIFIED_OR_EXAMPLE_MARKER,MEDIUM,Replace placeholders with verified content or clearly mark intentionally unverified/template-only status.
06_DATASHEETS/01_MICROCONTROLLERS/RASPBERRY_PI_RP2040_RP2350/RP2040_POWER_CLOCK_NOTES.md,UNVERIFIED_OR_EXAMPLE_MARKER,MEDIUM,Replace placeholders with verified content or clearly mark intentionally unverified/template-only status.
06_DATASHEETS/01_MICROCONTROLLERS/RASPBERRY_PI_RP2040_RP2350/RP2040_RP2350_AI_OVERVIEW.md,UNVERIFIED_OR_EXAMPLE_MARKER,MEDIUM,Replace placeholders with verified content or clearly mark intentionally unverified/template-only status.
06_DATASHEETS/01_MICROCONTROLLERS/RASPBERRY_PI_RP2040_RP2350/RP2040_RP2350_COMMON_PART_NUMBERS.md,UNVERIFIED_OR_EXAMPLE_MARKER,MEDIUM,Replace placeholders with verified content or clearly mark intentionally unverified/template-only status.
06_DATASHEETS/01_MICROCONTROLLERS/RASPBERRY_PI_RP2040_RP2350/RP2040_RP2350_KICAD_SYMBOL_FOOTPRINT_NOTES.md,UNVERIFIED_OR_EXAMPLE_MARKER,MEDIUM,Replace placeholders with verified content or clearly mark intentionally unverified/template-only status.
06_DATASHEETS/01_MICROCONTROLLERS/RASPBERRY_PI_RP2040_RP2350/RP2040_RP2350_SOURCE_LINKS.md,UNVERIFIED_OR_EXAMPLE_MARKER,MEDIUM,Replace placeholders with verified content or clearly mark intentionally unverified/template-only status.
06_DATASHEETS/01_MICROCONTROLLERS/RASPBERRY_PI_RP2040_RP2350/SOURCES.md,VERY_SHORT_MARKDOWN,MEDIUM,"Add actionable content, schema fields, examples, or explicit intentionally-empty status."
06_DATASHEETS/01_MICROCONTROLLERS/RASPBERRY_PI_RP2040_RP2350/SOURCES.md,TODO_OR_TBD,MEDIUM,Replace placeholders with verified content or clearly mark intentionally unverified/template-only status.
06_DATASHEETS/01_MICROCONTROLLERS/README.md,UNVERIFIED_OR_EXAMPLE_MARKER,MEDIUM,Replace placeholders with verified content or clearly mark intentionally unverified/template-only status.
06_DATASHEETS/01_MICROCONTROLLERS/RENESAS/README.md,UNVERIFIED_OR_EXAMPLE_MARKER,MEDIUM,Replace placeholders with verified content or clearly mark intentionally unverified/template-only status.
06_DATASHEETS/01_MICROCONTROLLERS/RENESAS/RENESAS_AI_OVERVIEW.md,UNVERIFIED_OR_EXAMPLE_MARKER,MEDIUM,Replace placeholders with verified content or clearly mark intentionally unverified/template-only status.
06_DATASHEETS/01_MICROCONTROLLERS/RENESAS/RENESAS_COMMON_PART_NUMBERS.md,UNVERIFIED_OR_EXAMPLE_MARKER,MEDIUM,Replace placeholders with verified content or clearly mark intentionally unverified/template-only status.
06_DATASHEETS/01_MICROCONTROLLERS/RENESAS/RENESAS_KICAD_SYMBOL_FOOTPRINT_NOTES.md,UNVERIFIED_OR_EXAMPLE_MARKER,MEDIUM,Replace placeholders with verified content or clearly mark intentionally unverified/template-only status.
06_DATASHEETS/01_MICROCONTROLLERS/RENESAS/RENESAS_REPRESENTATIVE_PART_REQUIRES_SOURCE_BOOT_DEBUG_NOTES.md,UNVERIFIED_OR_EXAMPLE_MARKER,MEDIUM,Replace placeholders with verified content or clearly mark intentionally unverified/template-only status.
06_DATASHEETS/01_MICROCONTROLLERS/RENESAS/RENESAS_REPRESENTATIVE_PART_REQUIRES_SOURCE_DEV_BOARD_NOTES.md,UNVERIFIED_OR_EXAMPLE_MARKER,MEDIUM,Replace placeholders with verified content or clearly mark intentionally unverified/template-only status.
06_DATASHEETS/01_MICROCONTROLLERS/RENESAS/RENESAS_REPRESENTATIVE_PART_REQUIRES_SOURCE_PACKAGE_FOOTPRINT_NOTES.md,UNVERIFIED_OR_EXAMPLE_MARKER,MEDIUM,Replace placeholders with verified content or clearly mark intentionally unverified/template-only status.
06_DATASHEETS/01_MICROCONTROLLERS/RENESAS/RENESAS_REPRESENTATIVE_PART_REQUIRES_SOURCE_PCB_LAYOUT_NOTES.md,UNVERIFIED_OR_EXAMPLE_MARKER,MEDIUM,Replace placeholders with verified content or clearly mark intentionally unverified/template-only status.
06_DATASHEETS/01_MICROCONTROLLERS/RENESAS/RENESAS_REPRESENTATIVE_PART_REQUIRES_SOURCE_POWER_CLOCK_NOTES.md,UNVERIFIED_OR_EXAMPLE_MARKER,MEDIUM,Replace placeholders with verified content or clearly mark intentionally unverified/template-only status.
06_DATASHEETS/01_MICROCONTROLLERS/RENESAS/RENESAS_SOURCE_LINKS.md,UNVERIFIED_OR_EXAMPLE_MARKER,MEDIUM,Replace placeholders with verified content or clearly mark intentionally unverified/template-only status.
06_DATASHEETS/01_MICROCONTROLLERS/RENESAS/SOURCES.md,VERY_SHORT_MARKDOWN,MEDIUM,"Add actionable content, schema fields, examples, or explicit intentionally-empty status."
06_DATASHEETS/01_MICROCONTROLLERS/RENESAS/SOURCES.md,TODO_OR_TBD,MEDIUM,Replace placeholders with verified content or clearly mark intentionally unverified/template-only status.
06_DATASHEETS/01_MICROCONTROLLERS/SILABS/README.md,UNVERIFIED_OR_EXAMPLE_MARKER,MEDIUM,Replace placeholders with verified content or clearly mark intentionally unverified/template-only status.
06_DATASHEETS/01_MICROCONTROLLERS/SILABS/SILABS_AI_OVERVIEW.md,UNVERIFIED_OR_EXAMPLE_MARKER,MEDIUM,Replace placeholders with verified content or clearly mark intentionally unverified/template-only status.
06_DATASHEETS/01_MICROCONTROLLERS/SILABS/SILABS_COMMON_PART_NUMBERS.md,UNVERIFIED_OR_EXAMPLE_MARKER,MEDIUM,Replace placeholders with verified content or clearly mark intentionally unverified/template-only status.
06_DATASHEETS/01_MICROCONTROLLERS/SILABS/SILABS_KICAD_SYMBOL_FOOTPRINT_NOTES.md,UNVERIFIED_OR_EXAMPLE_MARKER,MEDIUM,Replace placeholders with verified content or clearly mark intentionally unverified/template-only status.
06_DATASHEETS/01_MICROCONTROLLERS/SILABS/SILABS_REPRESENTATIVE_PART_REQUIRES_SOURCE_BOOT_DEBUG_NOTES.md,UNVERIFIED_OR_EXAMPLE_MARKER,MEDIUM,Replace placeholders with verified content or clearly mark intentionally unverified/template-only status.
06_DATASHEETS/01_MICROCONTROLLERS/SILABS/SILABS_REPRESENTATIVE_PART_REQUIRES_SOURCE_DEV_BOARD_NOTES.md,UNVERIFIED_OR_EXAMPLE_MARKER,MEDIUM,Replace placeholders with verified content or clearly mark intentionally unverified/template-only status.
06_DATASHEETS/01_MICROCONTROLLERS/SILABS/SILABS_REPRESENTATIVE_PART_REQUIRES_SOURCE_PACKAGE_FOOTPRINT_NOTES.md,UNVERIFIED_OR_EXAMPLE_MARKER,MEDIUM,Replace placeholders with verified content or clearly mark intentionally unverified/template-only status.
06_DATASHEETS/01_MICROCONTROLLERS/SILABS/SILABS_REPRESENTATIVE_PART_REQUIRES_SOURCE_PCB_LAYOUT_NOTES.md,UNVERIFIED_OR_EXAMPLE_MARKER,MEDIUM,Replace placeholders with verified content or clearly mark intentionally unverified/template-only status.
06_DATASHEETS/01_MICROCONTROLLERS/SILABS/SILABS_REPRESENTATIVE_PART_REQUIRES_SOURCE_POWER_CLOCK_NOTES.md,UNVERIFIED_OR_EXAMPLE_MARKER,MEDIUM,Replace placeholders with verified content or clearly mark intentionally unverified/template-only status.
06_DATASHEETS/01_MICROCONTROLLERS/SILABS/SILABS_SOURCE_LINKS.md,UNVERIFIED_OR_EXAMPLE_MARKER,MEDIUM,Replace placeholders with verified content or clearly mark intentionally unverified/template-only status.
06_DATASHEETS/01_MICROCONTROLLERS/SILABS/SOURCES.md,VERY_SHORT_MARKDOWN,MEDIUM,"Add actionable content, schema fields, examples, or explicit intentionally-empty status."
06_DATASHEETS/01_MICROCONTROLLERS/SILABS/SOURCES.md,TODO_OR_TBD,MEDIUM,Replace placeholders with verified content or clearly mark intentionally unverified/template-only status.
06_DATASHEETS/01_MICROCONTROLLERS/SOURCES.md,UNVERIFIED_OR_EXAMPLE_MARKER,MEDIUM,Replace placeholders with verified content or clearly mark intentionally unverified/template-only status.
06_DATASHEETS/01_MICROCONTROLLERS/STMICRO_STM32/DESIGN_GUIDES,ONLY_BASIC_INDEX_FILES,MEDIUM,Add substantive family/component/workflow content or mark intentionally reserved.
06_DATASHEETS/01_MICROCONTROLLERS/STMICRO_STM32/DESIGN_GUIDES/INDEX.md,VERY_SHORT_MARKDOWN,MEDIUM,"Add actionable content, schema fields, examples, or explicit intentionally-empty status."
06_DATASHEETS/01_MICROCONTROLLERS/STMICRO_STM32/DESIGN_GUIDES/INDEX.md,TODO_OR_TBD,MEDIUM,Replace placeholders with verified content or clearly mark intentionally unverified/template-only status.
06_DATASHEETS/01_MICROCONTROLLERS/STMICRO_STM32/DESIGN_GUIDES/MISSING.md,VERY_SHORT_MARKDOWN,MEDIUM,"Add actionable content, schema fields, examples, or explicit intentionally-empty status."
06_DATASHEETS/01_MICROCONTROLLERS/STMICRO_STM32/DESIGN_GUIDES/MISSING.md,TODO_OR_TBD,MEDIUM,Replace placeholders with verified content or clearly mark intentionally unverified/template-only status.
06_DATASHEETS/01_MICROCONTROLLERS/STMICRO_STM32/DESIGN_GUIDES/SOURCES.md,VERY_SHORT_MARKDOWN,MEDIUM,"Add actionable content, schema fields, examples, or explicit intentionally-empty status."
06_DATASHEETS/01_MICROCONTROLLERS/STMICRO_STM32/DESIGN_GUIDES/SOURCES.md,TODO_OR_TBD,MEDIUM,Replace placeholders with verified content or clearly mark intentionally unverified/template-only status.
06_DATASHEETS/01_MICROCONTROLLERS/STMICRO_STM32/DISCOVERY_BOARDS/DISCOVERY_BOARD_INDEX.md,PLACEHOLDER_LANGUAGE,MEDIUM,Replace placeholders with verified content or clearly mark intentionally unverified/template-only status.
06_DATASHEETS/01_MICROCONTROLLERS/STMICRO_STM32/DISCOVERY_BOARDS/INDEX.md,VERY_SHORT_MARKDOWN,MEDIUM,"Add actionable content, schema fields, examples, or explicit intentionally-empty status."
06_DATASHEETS/01_MICROCONTROLLERS/STMICRO_STM32/DISCOVERY_BOARDS/INDEX.md,TODO_OR_TBD,MEDIUM,Replace placeholders with verified content or clearly mark intentionally unverified/template-only status.
06_DATASHEETS/01_MICROCONTROLLERS/STMICRO_STM32/DISCOVERY_BOARDS/MISSING.md,VERY_SHORT_MARKDOWN,MEDIUM,"Add actionable content, schema fields, examples, or explicit intentionally-empty status."
06_DATASHEETS/01_MICROCONTROLLERS/STMICRO_STM32/DISCOVERY_BOARDS/MISSING.md,TODO_OR_TBD,MEDIUM,Replace placeholders with verified content or clearly mark intentionally unverified/template-only status.
06_DATASHEETS/01_MICROCONTROLLERS/STMICRO_STM32/DISCOVERY_BOARDS/SOURCES.md,VERY_SHORT_MARKDOWN,MEDIUM,"Add actionable content, schema fields, examples, or explicit intentionally-empty status."
06_DATASHEETS/01_MICROCONTROLLERS/STMICRO_STM32/DISCOVERY_BOARDS/SOURCES.md,TODO_OR_TBD,MEDIUM,Replace placeholders with verified content or clearly mark intentionally unverified/template-only status.
06_DATASHEETS/01_MICROCONTROLLERS/STMICRO_STM32/ERRATA,ONLY_BASIC_INDEX_FILES,MEDIUM,Add substantive family/component/workflow content or mark intentionally reserved.
06_DATASHEETS/01_MICROCONTROLLERS/STMICRO_STM32/ERRATA/INDEX.md,VERY_SHORT_MARKDOWN,MEDIUM,"Add actionable content, schema fields, examples, or explicit intentionally-empty status."
06_DATASHEETS/01_MICROCONTROLLERS/STMICRO_STM32/ERRATA/INDEX.md,TODO_OR_TBD,MEDIUM,Replace placeholders with verified content or clearly mark intentionally unverified/template-only status.
06_DATASHEETS/01_MICROCONTROLLERS/STMICRO_STM32/ERRATA/MISSING.md,VERY_SHORT_MARKDOWN,MEDIUM,"Add actionable content, schema fields, examples, or explicit intentionally-empty status."
06_DATASHEETS/01_MICROCONTROLLERS/STMICRO_STM32/ERRATA/MISSING.md,TODO_OR_TBD,MEDIUM,Replace placeholders with verified content or clearly mark intentionally unverified/template-only status.
06_DATASHEETS/01_MICROCONTROLLERS/STMICRO_STM32/ERRATA/SOURCES.md,VERY_SHORT_MARKDOWN,MEDIUM,"Add actionable content, schema fields, examples, or explicit intentionally-empty status."
06_DATASHEETS/01_MICROCONTROLLERS/STMICRO_STM32/ERRATA/SOURCES.md,TODO_OR_TBD,MEDIUM,Replace placeholders with verified content or clearly mark intentionally unverified/template-only status.
06_DATASHEETS/01_MICROCONTROLLERS/STMICRO_STM32/EVAL_BOARDS,ONLY_BASIC_INDEX_FILES,MEDIUM,Add substantive family/component/workflow content or mark intentionally reserved.
06_DATASHEETS/01_MICROCONTROLLERS/STMICRO_STM32/EVAL_BOARDS/INDEX.md,VERY_SHORT_MARKDOWN,MEDIUM,"Add actionable content, schema fields, examples, or explicit intentionally-empty status."
06_DATASHEETS/01_MICROCONTROLLERS/STMICRO_STM32/EVAL_BOARDS/INDEX.md,TODO_OR_TBD,MEDIUM,Replace placeholders with verified content or clearly mark intentionally unverified/template-only status.
06_DATASHEETS/01_MICROCONTROLLERS/STMICRO_STM32/EVAL_BOARDS/MISSING.md,VERY_SHORT_MARKDOWN,MEDIUM,"Add actionable content, schema fields, examples, or explicit intentionally-empty status."
06_DATASHEETS/01_MICROCONTROLLERS/STMICRO_STM32/EVAL_BOARDS/MISSING.md,TODO_OR_TBD,MEDIUM,Replace placeholders with verified content or clearly mark intentionally unverified/template-only status.
06_DATASHEETS/01_MICROCONTROLLERS/STMICRO_STM32/EVAL_BOARDS/SOURCES.md,VERY_SHORT_MARKDOWN,MEDIUM,"Add actionable content, schema fields, examples, or explicit intentionally-empty status."
06_DATASHEETS/01_MICROCONTROLLERS/STMICRO_STM32/EVAL_BOARDS/SOURCES.md,TODO_OR_TBD,MEDIUM,Replace placeholders with verified content or clearly mark intentionally unverified/template-only status.
06_DATASHEETS/01_MICROCONTROLLERS/STMICRO_STM32/INDEX.md,VERY_SHORT_MARKDOWN,MEDIUM,"Add actionable content, schema fields, examples, or explicit intentionally-empty status."
06_DATASHEETS/01_MICROCONTROLLERS/STMICRO_STM32/INDEX.md,TODO_OR_TBD,MEDIUM,Replace placeholders with verified content or clearly mark intentionally unverified/template-only status.
06_DATASHEETS/01_MICROCONTROLLERS/STMICRO_STM32/MISSING.md,VERY_SHORT_MARKDOWN,MEDIUM,"Add actionable content, schema fields, examples, or explicit intentionally-empty status."
06_DATASHEETS/01_MICROCONTROLLERS/STMICRO_STM32/MISSING.md,TODO_OR_TBD,MEDIUM,Replace placeholders with verified content or clearly mark intentionally unverified/template-only status.
06_DATASHEETS/01_MICROCONTROLLERS/STMICRO_STM32/NUCLEO_BOARDS/INDEX.md,VERY_SHORT_MARKDOWN,MEDIUM,"Add actionable content, schema fields, examples, or explicit intentionally-empty status."
06_DATASHEETS/01_MICROCONTROLLERS/STMICRO_STM32/NUCLEO_BOARDS/INDEX.md,TODO_OR_TBD,MEDIUM,Replace placeholders with verified content or clearly mark intentionally unverified/template-only status.
06_DATASHEETS/01_MICROCONTROLLERS/STMICRO_STM32/NUCLEO_BOARDS/MISSING.md,VERY_SHORT_MARKDOWN,MEDIUM,"Add actionable content, schema fields, examples, or explicit intentionally-empty status."
06_DATASHEETS/01_MICROCONTROLLERS/STMICRO_STM32/NUCLEO_BOARDS/MISSING.md,TODO_OR_TBD,MEDIUM,Replace placeholders with verified content or clearly mark intentionally unverified/template-only status.
06_DATASHEETS/01_MICROCONTROLLERS/STMICRO_STM32/NUCLEO_BOARDS/SOURCES.md,VERY_SHORT_MARKDOWN,MEDIUM,"Add actionable content, schema fields, examples, or explicit intentionally-empty status."
06_DATASHEETS/01_MICROCONTROLLERS/STMICRO_STM32/NUCLEO_BOARDS/SOURCES.md,TODO_OR_TBD,MEDIUM,Replace placeholders with verified content or clearly mark intentionally unverified/template-only status.
06_DATASHEETS/01_MICROCONTROLLERS/STMICRO_STM32/PROGRAMMING_DEBUG_STLINK,ONLY_BASIC_INDEX_FILES,MEDIUM,Add substantive family/component/workflow content or mark intentionally reserved.
06_DATASHEETS/01_MICROCONTROLLERS/STMICRO_STM32/PROGRAMMING_DEBUG_STLINK/INDEX.md,VERY_SHORT_MARKDOWN,MEDIUM,"Add actionable content, schema fields, examples, or explicit intentionally-empty status."
06_DATASHEETS/01_MICROCONTROLLERS/STMICRO_STM32/PROGRAMMING_DEBUG_STLINK/INDEX.md,TODO_OR_TBD,MEDIUM,Replace placeholders with verified content or clearly mark intentionally unverified/template-only status.
06_DATASHEETS/01_MICROCONTROLLERS/STMICRO_STM32/PROGRAMMING_DEBUG_STLINK/MISSING.md,VERY_SHORT_MARKDOWN,MEDIUM,"Add actionable content, schema fields, examples, or explicit intentionally-empty status."
06_DATASHEETS/01_MICROCONTROLLERS/STMICRO_STM32/PROGRAMMING_DEBUG_STLINK/MISSING.md,TODO_OR_TBD,MEDIUM,Replace placeholders with verified content or clearly mark intentionally unverified/template-only status.
06_DATASHEETS/01_MICROCONTROLLERS/STMICRO_STM32/PROGRAMMING_DEBUG_STLINK/SOURCES.md,VERY_SHORT_MARKDOWN,MEDIUM,"Add actionable content, schema fields, examples, or explicit intentionally-empty status."
06_DATASHEETS/01_MICROCONTROLLERS/STMICRO_STM32/PROGRAMMING_DEBUG_STLINK/SOURCES.md,TODO_OR_TBD,MEDIUM,Replace placeholders with verified content or clearly mark intentionally unverified/template-only status.
06_DATASHEETS/01_MICROCONTROLLERS/STMICRO_STM32/README.md,GENERIC_FOLDER_TEXT,MEDIUM,Replace placeholders with verified content or clearly mark intentionally unverified/template-only status.
06_DATASHEETS/01_MICROCONTROLLERS/STMICRO_STM32/SOURCES.md,VERY_SHORT_MARKDOWN,MEDIUM,"Add actionable content, schema fields, examples, or explicit intentionally-empty status."
06_DATASHEETS/01_MICROCONTROLLERS/STMICRO_STM32/SOURCES.md,TODO_OR_TBD,MEDIUM,Replace placeholders with verified content or clearly mark intentionally unverified/template-only status.
06_DATASHEETS/01_MICROCONTROLLERS/STMICRO_STM32/STM32F0/COMMON_MISTAKES.md,UNVERIFIED_OR_EXAMPLE_MARKER,MEDIUM,Replace placeholders with verified content or clearly mark intentionally unverified/template-only status.
06_DATASHEETS/01_MICROCONTROLLERS/STMICRO_STM32/STM32F0/COMMON_USE_CASES.md,UNVERIFIED_OR_EXAMPLE_MARKER,MEDIUM,Replace placeholders with verified content or clearly mark intentionally unverified/template-only status.
06_DATASHEETS/01_MICROCONTROLLERS/STMICRO_STM32/STM32F0/DESIGN_TIPS.md,UNVERIFIED_OR_EXAMPLE_MARKER,MEDIUM,Replace placeholders with verified content or clearly mark intentionally unverified/template-only status.
06_DATASHEETS/01_MICROCONTROLLERS/STMICRO_STM32/STM32F0/FAMILY_OVERVIEW.md,UNVERIFIED_OR_EXAMPLE_MARKER,MEDIUM,Replace placeholders with verified content or clearly mark intentionally unverified/template-only status.
06_DATASHEETS/01_MICROCONTROLLERS/STMICRO_STM32/STM32F0/NEEDS_RESEARCH.md,UNVERIFIED_OR_EXAMPLE_MARKER,MEDIUM,Replace placeholders with verified content or clearly mark intentionally unverified/template-only status.
06_DATASHEETS/01_MICROCONTROLLERS/STMICRO_STM32/STM32F0/PACKAGE_FOOTPRINT_NOTES.md,UNVERIFIED_OR_EXAMPLE_MARKER,MEDIUM,Replace placeholders with verified content or clearly mark intentionally unverified/template-only status.
06_DATASHEETS/01_MICROCONTROLLERS/STMICRO_STM32/STM32F0/PCB_LAYOUT_CHECKLIST.md,UNVERIFIED_OR_EXAMPLE_MARKER,MEDIUM,Replace placeholders with verified content or clearly mark intentionally unverified/template-only status.
06_DATASHEETS/01_MICROCONTROLLERS/STMICRO_STM32/STM32F0/POWER_CLOCK_RESET_NOTES.md,UNVERIFIED_OR_EXAMPLE_MARKER,MEDIUM,Replace placeholders with verified content or clearly mark intentionally unverified/template-only status.
06_DATASHEETS/01_MICROCONTROLLERS/STMICRO_STM32/STM32F0/README.md,UNVERIFIED_OR_EXAMPLE_MARKER,MEDIUM,Replace placeholders with verified content or clearly mark intentionally unverified/template-only status.
06_DATASHEETS/01_MICROCONTROLLERS/STMICRO_STM32/STM32F0/SCHEMATIC_BLOCK_CHECKLIST.md,UNVERIFIED_OR_EXAMPLE_MARKER,MEDIUM,Replace placeholders with verified content or clearly mark intentionally unverified/template-only status.
06_DATASHEETS/01_MICROCONTROLLERS/STMICRO_STM32/STM32F0/SOURCES.md,VERY_SHORT_MARKDOWN,MEDIUM,"Add actionable content, schema fields, examples, or explicit intentionally-empty status."
06_DATASHEETS/01_MICROCONTROLLERS/STMICRO_STM32/STM32F0/SOURCES.md,TODO_OR_TBD,MEDIUM,Replace placeholders with verified content or clearly mark intentionally unverified/template-only status.
06_DATASHEETS/01_MICROCONTROLLERS/STMICRO_STM32/STM32F0/STM32F0_AI_OVERVIEW.md,UNVERIFIED_OR_EXAMPLE_MARKER,MEDIUM,Replace placeholders with verified content or clearly mark intentionally unverified/template-only status.
06_DATASHEETS/01_MICROCONTROLLERS/STMICRO_STM32/STM32F0/STM32F0_COMMON_PART_NUMBERS.md,UNVERIFIED_OR_EXAMPLE_MARKER,MEDIUM,Replace placeholders with verified content or clearly mark intentionally unverified/template-only status.
06_DATASHEETS/01_MICROCONTROLLERS/STMICRO_STM32/STM32F0/STM32F0_KICAD_SYMBOL_FOOTPRINT_NOTES.md,UNVERIFIED_OR_EXAMPLE_MARKER,MEDIUM,Replace placeholders with verified content or clearly mark intentionally unverified/template-only status.
06_DATASHEETS/01_MICROCONTROLLERS/STMICRO_STM32/STM32F0/STM32F0_REPRESENTATIVE_PART_REQUIRES_SOURCE_BOOT_DEBUG_NOTES.md,UNVERIFIED_OR_EXAMPLE_MARKER,MEDIUM,Replace placeholders with verified content or clearly mark intentionally unverified/template-only status.
06_DATASHEETS/01_MICROCONTROLLERS/STMICRO_STM32/STM32F0/STM32F0_REPRESENTATIVE_PART_REQUIRES_SOURCE_DEV_BOARD_NOTES.md,UNVERIFIED_OR_EXAMPLE_MARKER,MEDIUM,Replace placeholders with verified content or clearly mark intentionally unverified/template-only status.
06_DATASHEETS/01_MICROCONTROLLERS/STMICRO_STM32/STM32F0/STM32F0_REPRESENTATIVE_PART_REQUIRES_SOURCE_PACKAGE_FOOTPRINT_NOTES.md,UNVERIFIED_OR_EXAMPLE_MARKER,MEDIUM,Replace placeholders with verified content or clearly mark intentionally unverified/template-only status.
06_DATASHEETS/01_MICROCONTROLLERS/STMICRO_STM32/STM32F0/STM32F0_REPRESENTATIVE_PART_REQUIRES_SOURCE_PCB_LAYOUT_NOTES.md,UNVERIFIED_OR_EXAMPLE_MARKER,MEDIUM,Replace placeholders with verified content or clearly mark intentionally unverified/template-only status.
06_DATASHEETS/01_MICROCONTROLLERS/STMICRO_STM32/STM32F0/STM32F0_REPRESENTATIVE_PART_REQUIRES_SOURCE_POWER_CLOCK_NOTES.md,UNVERIFIED_OR_EXAMPLE_MARKER,MEDIUM,Replace placeholders with verified content or clearly mark intentionally unverified/template-only status.
06_DATASHEETS/01_MICROCONTROLLERS/STMICRO_STM32/STM32F0/STM32F0_SOURCE_LINKS.md,UNVERIFIED_OR_EXAMPLE_MARKER,MEDIUM,Replace placeholders with verified content or clearly mark intentionally unverified/template-only status.
06_DATASHEETS/01_MICROCONTROLLERS/STMICRO_STM32/STM32F0/USB_CAN_COMMUNICATION_NOTES.md,UNVERIFIED_OR_EXAMPLE_MARKER,MEDIUM,Replace placeholders with verified content or clearly mark intentionally unverified/template-only status.
06_DATASHEETS/01_MICROCONTROLLERS/STMICRO_STM32/STM32F1/COMMON_MISTAKES.md,UNVERIFIED_OR_EXAMPLE_MARKER,MEDIUM,Replace placeholders with verified content or clearly mark intentionally unverified/template-only status.
06_DATASHEETS/01_MICROCONTROLLERS/STMICRO_STM32/STM32F1/COMMON_USE_CASES.md,UNVERIFIED_OR_EXAMPLE_MARKER,MEDIUM,Replace placeholders with verified content or clearly mark intentionally unverified/template-only status.
06_DATASHEETS/01_MICROCONTROLLERS/STMICRO_STM32/STM32F1/DESIGN_TIPS.md,UNVERIFIED_OR_EXAMPLE_MARKER,MEDIUM,Replace placeholders with verified content or clearly mark intentionally unverified/template-only status.
06_DATASHEETS/01_MICROCONTROLLERS/STMICRO_STM32/STM32F1/FAMILY_OVERVIEW.md,UNVERIFIED_OR_EXAMPLE_MARKER,MEDIUM,Replace placeholders with verified content or clearly mark intentionally unverified/template-only status.
06_DATASHEETS/01_MICROCONTROLLERS/STMICRO_STM32/STM32F1/NEEDS_RESEARCH.md,UNVERIFIED_OR_EXAMPLE_MARKER,MEDIUM,Replace placeholders with verified content or clearly mark intentionally unverified/template-only status.
06_DATASHEETS/01_MICROCONTROLLERS/STMICRO_STM32/STM32F1/PACKAGE_FOOTPRINT_NOTES.md,UNVERIFIED_OR_EXAMPLE_MARKER,MEDIUM,Replace placeholders with verified content or clearly mark intentionally unverified/template-only status.
06_DATASHEETS/01_MICROCONTROLLERS/STMICRO_STM32/STM32F1/PCB_LAYOUT_CHECKLIST.md,UNVERIFIED_OR_EXAMPLE_MARKER,MEDIUM,Replace placeholders with verified content or clearly mark intentionally unverified/template-only status.
06_DATASHEETS/01_MICROCONTROLLERS/STMICRO_STM32/STM32F1/POWER_CLOCK_RESET_NOTES.md,UNVERIFIED_OR_EXAMPLE_MARKER,MEDIUM,Replace placeholders with verified content or clearly mark intentionally unverified/template-only status.
06_DATASHEETS/01_MICROCONTROLLERS/STMICRO_STM32/STM32F1/SCHEMATIC_BLOCK_CHECKLIST.md,UNVERIFIED_OR_EXAMPLE_MARKER,MEDIUM,Replace placeholders with verified content or clearly mark intentionally unverified/template-only status.
06_DATASHEETS/01_MICROCONTROLLERS/STMICRO_STM32/STM32F1/STM32F103C8T6_PART_RECORD.md,PLACEHOLDER_LANGUAGE,MEDIUM,Replace placeholders with verified content or clearly mark intentionally unverified/template-only status.
06_DATASHEETS/01_MICROCONTROLLERS/STMICRO_STM32/STM32F1/STM32F103C8T6_PCB_LAYOUT_NOTES.md,UNVERIFIED_OR_EXAMPLE_MARKER,MEDIUM,Replace placeholders with verified content or clearly mark intentionally unverified/template-only status.
06_DATASHEETS/01_MICROCONTROLLERS/STMICRO_STM32/STM32F1/STM32F103C8T6_SCHEMATIC_NOTES.md,UNVERIFIED_OR_EXAMPLE_MARKER,MEDIUM,Replace placeholders with verified content or clearly mark intentionally unverified/template-only status.
06_DATASHEETS/01_MICROCONTROLLERS/STMICRO_STM32/STM32F1/STM32F1_AI_OVERVIEW.md,GENERIC_FOLDER_TEXT,MEDIUM,Replace placeholders with verified content or clearly mark intentionally unverified/template-only status.
06_DATASHEETS/01_MICROCONTROLLERS/STMICRO_STM32/STM32F1/USB_CAN_COMMUNICATION_NOTES.md,UNVERIFIED_OR_EXAMPLE_MARKER,MEDIUM,Replace placeholders with verified content or clearly mark intentionally unverified/template-only status.
06_DATASHEETS/01_MICROCONTROLLERS/STMICRO_STM32/STM32F2/COMMON_MISTAKES.md,UNVERIFIED_OR_EXAMPLE_MARKER,MEDIUM,Replace placeholders with verified content or clearly mark intentionally unverified/template-only status.
06_DATASHEETS/01_MICROCONTROLLERS/STMICRO_STM32/STM32F2/COMMON_USE_CASES.md,UNVERIFIED_OR_EXAMPLE_MARKER,MEDIUM,Replace placeholders with verified content or clearly mark intentionally unverified/template-only status.
06_DATASHEETS/01_MICROCONTROLLERS/STMICRO_STM32/STM32F2/DESIGN_TIPS.md,UNVERIFIED_OR_EXAMPLE_MARKER,MEDIUM,Replace placeholders with verified content or clearly mark intentionally unverified/template-only status.
06_DATASHEETS/01_MICROCONTROLLERS/STMICRO_STM32/STM32F2/FAMILY_OVERVIEW.md,UNVERIFIED_OR_EXAMPLE_MARKER,MEDIUM,Replace placeholders with verified content or clearly mark intentionally unverified/template-only status.
06_DATASHEETS/01_MICROCONTROLLERS/STMICRO_STM32/STM32F2/NEEDS_RESEARCH.md,UNVERIFIED_OR_EXAMPLE_MARKER,MEDIUM,Replace placeholders with verified content or clearly mark intentionally unverified/template-only status.
06_DATASHEETS/01_MICROCONTROLLERS/STMICRO_STM32/STM32F2/PACKAGE_FOOTPRINT_NOTES.md,UNVERIFIED_OR_EXAMPLE_MARKER,MEDIUM,Replace placeholders with verified content or clearly mark intentionally unverified/template-only status.
06_DATASHEETS/01_MICROCONTROLLERS/STMICRO_STM32/STM32F2/PCB_LAYOUT_CHECKLIST.md,UNVERIFIED_OR_EXAMPLE_MARKER,MEDIUM,Replace placeholders with verified content or clearly mark intentionally unverified/template-only status.
06_DATASHEETS/01_MICROCONTROLLERS/STMICRO_STM32/STM32F2/POWER_CLOCK_RESET_NOTES.md,UNVERIFIED_OR_EXAMPLE_MARKER,MEDIUM,Replace placeholders with verified content or clearly mark intentionally unverified/template-only status.
06_DATASHEETS/01_MICROCONTROLLERS/STMICRO_STM32/STM32F2/README.md,UNVERIFIED_OR_EXAMPLE_MARKER,MEDIUM,Replace placeholders with verified content or clearly mark intentionally unverified/template-only status.
06_DATASHEETS/01_MICROCONTROLLERS/STMICRO_STM32/STM32F2/SCHEMATIC_BLOCK_CHECKLIST.md,UNVERIFIED_OR_EXAMPLE_MARKER,MEDIUM,Replace placeholders with verified content or clearly mark intentionally unverified/template-only status.
06_DATASHEETS/01_MICROCONTROLLERS/STMICRO_STM32/STM32F2/SOURCES.md,VERY_SHORT_MARKDOWN,MEDIUM,"Add actionable content, schema fields, examples, or explicit intentionally-empty status."
06_DATASHEETS/01_MICROCONTROLLERS/STMICRO_STM32/STM32F2/SOURCES.md,TODO_OR_TBD,MEDIUM,Replace placeholders with verified content or clearly mark intentionally unverified/template-only status.
06_DATASHEETS/01_MICROCONTROLLERS/STMICRO_STM32/STM32F2/STM32F2_AI_OVERVIEW.md,UNVERIFIED_OR_EXAMPLE_MARKER,MEDIUM,Replace placeholders with verified content or clearly mark intentionally unverified/template-only status.
06_DATASHEETS/01_MICROCONTROLLERS/STMICRO_STM32/STM32F2/STM32F2_COMMON_PART_NUMBERS.md,UNVERIFIED_OR_EXAMPLE_MARKER,MEDIUM,Replace placeholders with verified content or clearly mark intentionally unverified/template-only status.
06_DATASHEETS/01_MICROCONTROLLERS/STMICRO_STM32/STM32F2/STM32F2_KICAD_SYMBOL_FOOTPRINT_NOTES.md,UNVERIFIED_OR_EXAMPLE_MARKER,MEDIUM,Replace placeholders with verified content or clearly mark intentionally unverified/template-only status.
06_DATASHEETS/01_MICROCONTROLLERS/STMICRO_STM32/STM32F2/STM32F2_REPRESENTATIVE_PART_REQUIRES_SOURCE_BOOT_DEBUG_NOTES.md,UNVERIFIED_OR_EXAMPLE_MARKER,MEDIUM,Replace placeholders with verified content or clearly mark intentionally unverified/template-only status.
06_DATASHEETS/01_MICROCONTROLLERS/STMICRO_STM32/STM32F2/STM32F2_REPRESENTATIVE_PART_REQUIRES_SOURCE_DEV_BOARD_NOTES.md,UNVERIFIED_OR_EXAMPLE_MARKER,MEDIUM,Replace placeholders with verified content or clearly mark intentionally unverified/template-only status.
06_DATASHEETS/01_MICROCONTROLLERS/STMICRO_STM32/STM32F2/STM32F2_REPRESENTATIVE_PART_REQUIRES_SOURCE_PACKAGE_FOOTPRINT_NOTES.md,UNVERIFIED_OR_EXAMPLE_MARKER,MEDIUM,Replace placeholders with verified content or clearly mark intentionally unverified/template-only status.
06_DATASHEETS/01_MICROCONTROLLERS/STMICRO_STM32/STM32F2/STM32F2_REPRESENTATIVE_PART_REQUIRES_SOURCE_PCB_LAYOUT_NOTES.md,UNVERIFIED_OR_EXAMPLE_MARKER,MEDIUM,Replace placeholders with verified content or clearly mark intentionally unverified/template-only status.
06_DATASHEETS/01_MICROCONTROLLERS/STMICRO_STM32/STM32F2/STM32F2_REPRESENTATIVE_PART_REQUIRES_SOURCE_POWER_CLOCK_NOTES.md,UNVERIFIED_OR_EXAMPLE_MARKER,MEDIUM,Replace placeholders with verified content or clearly mark intentionally unverified/template-only status.
06_DATASHEETS/01_MICROCONTROLLERS/STMICRO_STM32/STM32F2/STM32F2_SOURCE_LINKS.md,UNVERIFIED_OR_EXAMPLE_MARKER,MEDIUM,Replace placeholders with verified content or clearly mark intentionally unverified/template-only status.
06_DATASHEETS/01_MICROCONTROLLERS/STMICRO_STM32/STM32F2/USB_CAN_COMMUNICATION_NOTES.md,UNVERIFIED_OR_EXAMPLE_MARKER,MEDIUM,Replace placeholders with verified content or clearly mark intentionally unverified/template-only status.
06_DATASHEETS/01_MICROCONTROLLERS/STMICRO_STM32/STM32F3/COMMON_MISTAKES.md,UNVERIFIED_OR_EXAMPLE_MARKER,MEDIUM,Replace placeholders with verified content or clearly mark intentionally unverified/template-only status.
06_DATASHEETS/01_MICROCONTROLLERS/STMICRO_STM32/STM32F3/COMMON_USE_CASES.md,UNVERIFIED_OR_EXAMPLE_MARKER,MEDIUM,Replace placeholders with verified content or clearly mark intentionally unverified/template-only status.
06_DATASHEETS/01_MICROCONTROLLERS/STMICRO_STM32/STM32F3/DESIGN_TIPS.md,UNVERIFIED_OR_EXAMPLE_MARKER,MEDIUM,Replace placeholders with verified content or clearly mark intentionally unverified/template-only status.
06_DATASHEETS/01_MICROCONTROLLERS/STMICRO_STM32/STM32F3/FAMILY_OVERVIEW.md,UNVERIFIED_OR_EXAMPLE_MARKER,MEDIUM,Replace placeholders with verified content or clearly mark intentionally unverified/template-only status.
06_DATASHEETS/01_MICROCONTROLLERS/STMICRO_STM32/STM32F3/NEEDS_RESEARCH.md,UNVERIFIED_OR_EXAMPLE_MARKER,MEDIUM,Replace placeholders with verified content or clearly mark intentionally unverified/template-only status.
06_DATASHEETS/01_MICROCONTROLLERS/STMICRO_STM32/STM32F3/PACKAGE_FOOTPRINT_NOTES.md,UNVERIFIED_OR_EXAMPLE_MARKER,MEDIUM,Replace placeholders with verified content or clearly mark intentionally unverified/template-only status.
06_DATASHEETS/01_MICROCONTROLLERS/STMICRO_STM32/STM32F3/PCB_LAYOUT_CHECKLIST.md,UNVERIFIED_OR_EXAMPLE_MARKER,MEDIUM,Replace placeholders with verified content or clearly mark intentionally unverified/template-only status.
06_DATASHEETS/01_MICROCONTROLLERS/STMICRO_STM32/STM32F3/POWER_CLOCK_RESET_NOTES.md,UNVERIFIED_OR_EXAMPLE_MARKER,MEDIUM,Replace placeholders with verified content or clearly mark intentionally unverified/template-only status.
06_DATASHEETS/01_MICROCONTROLLERS/STMICRO_STM32/STM32F3/README.md,UNVERIFIED_OR_EXAMPLE_MARKER,MEDIUM,Replace placeholders with verified content or clearly mark intentionally unverified/template-only status.
06_DATASHEETS/01_MICROCONTROLLERS/STMICRO_STM32/STM32F3/SCHEMATIC_BLOCK_CHECKLIST.md,UNVERIFIED_OR_EXAMPLE_MARKER,MEDIUM,Replace placeholders with verified content or clearly mark intentionally unverified/template-only status.
06_DATASHEETS/01_MICROCONTROLLERS/STMICRO_STM32/STM32F3/SOURCES.md,VERY_SHORT_MARKDOWN,MEDIUM,"Add actionable content, schema fields, examples, or explicit intentionally-empty status."
06_DATASHEETS/01_MICROCONTROLLERS/STMICRO_STM32/STM32F3/SOURCES.md,TODO_OR_TBD,MEDIUM,Replace placeholders with verified content or clearly mark intentionally unverified/template-only status.
06_DATASHEETS/01_MICROCONTROLLERS/STMICRO_STM32/STM32F3/STM32F3_AI_OVERVIEW.md,UNVERIFIED_OR_EXAMPLE_MARKER,MEDIUM,Replace placeholders with verified content or clearly mark intentionally unverified/template-only status.
06_DATASHEETS/01_MICROCONTROLLERS/STMICRO_STM32/STM32F3/STM32F3_COMMON_PART_NUMBERS.md,UNVERIFIED_OR_EXAMPLE_MARKER,MEDIUM,Replace placeholders with verified content or clearly mark intentionally unverified/template-only status.
06_DATASHEETS/01_MICROCONTROLLERS/STMICRO_STM32/STM32F3/STM32F3_KICAD_SYMBOL_FOOTPRINT_NOTES.md,UNVERIFIED_OR_EXAMPLE_MARKER,MEDIUM,Replace placeholders with verified content or clearly mark intentionally unverified/template-only status.
06_DATASHEETS/01_MICROCONTROLLERS/STMICRO_STM32/STM32F3/STM32F3_REPRESENTATIVE_PART_REQUIRES_SOURCE_BOOT_DEBUG_NOTES.md,UNVERIFIED_OR_EXAMPLE_MARKER,MEDIUM,Replace placeholders with verified content or clearly mark intentionally unverified/template-only status.
06_DATASHEETS/01_MICROCONTROLLERS/STMICRO_STM32/STM32F3/STM32F3_REPRESENTATIVE_PART_REQUIRES_SOURCE_DEV_BOARD_NOTES.md,UNVERIFIED_OR_EXAMPLE_MARKER,MEDIUM,Replace placeholders with verified content or clearly mark intentionally unverified/template-only status.
06_DATASHEETS/01_MICROCONTROLLERS/STMICRO_STM32/STM32F3/STM32F3_REPRESENTATIVE_PART_REQUIRES_SOURCE_PACKAGE_FOOTPRINT_NOTES.md,UNVERIFIED_OR_EXAMPLE_MARKER,MEDIUM,Replace placeholders with verified content or clearly mark intentionally unverified/template-only status.
06_DATASHEETS/01_MICROCONTROLLERS/STMICRO_STM32/STM32F3/STM32F3_REPRESENTATIVE_PART_REQUIRES_SOURCE_PCB_LAYOUT_NOTES.md,UNVERIFIED_OR_EXAMPLE_MARKER,MEDIUM,Replace placeholders with verified content or clearly mark intentionally unverified/template-only status.
06_DATASHEETS/01_MICROCONTROLLERS/STMICRO_STM32/STM32F3/STM32F3_REPRESENTATIVE_PART_REQUIRES_SOURCE_POWER_CLOCK_NOTES.md,UNVERIFIED_OR_EXAMPLE_MARKER,MEDIUM,Replace placeholders with verified content or clearly mark intentionally unverified/template-only status.
06_DATASHEETS/01_MICROCONTROLLERS/STMICRO_STM32/STM32F3/STM32F3_SOURCE_LINKS.md,UNVERIFIED_OR_EXAMPLE_MARKER,MEDIUM,Replace placeholders with verified content or clearly mark intentionally unverified/template-only status.
06_DATASHEETS/01_MICROCONTROLLERS/STMICRO_STM32/STM32F3/USB_CAN_COMMUNICATION_NOTES.md,UNVERIFIED_OR_EXAMPLE_MARKER,MEDIUM,Replace placeholders with verified content or clearly mark intentionally unverified/template-only status.
06_DATASHEETS/01_MICROCONTROLLERS/STMICRO_STM32/STM32F4/COMMON_MISTAKES.md,UNVERIFIED_OR_EXAMPLE_MARKER,MEDIUM,Replace placeholders with verified content or clearly mark intentionally unverified/template-only status.
06_DATASHEETS/01_MICROCONTROLLERS/STMICRO_STM32/STM32F4/COMMON_USE_CASES.md,UNVERIFIED_OR_EXAMPLE_MARKER,MEDIUM,Replace placeholders with verified content or clearly mark intentionally unverified/template-only status.
06_DATASHEETS/01_MICROCONTROLLERS/STMICRO_STM32/STM32F4/DESIGN_TIPS.md,UNVERIFIED_OR_EXAMPLE_MARKER,MEDIUM,Replace placeholders with verified content or clearly mark intentionally unverified/template-only status.
06_DATASHEETS/01_MICROCONTROLLERS/STMICRO_STM32/STM32F4/FAMILY_OVERVIEW.md,UNVERIFIED_OR_EXAMPLE_MARKER,MEDIUM,Replace placeholders with verified content or clearly mark intentionally unverified/template-only status.
06_DATASHEETS/01_MICROCONTROLLERS/STMICRO_STM32/STM32F4/NEEDS_RESEARCH.md,UNVERIFIED_OR_EXAMPLE_MARKER,MEDIUM,Replace placeholders with verified content or clearly mark intentionally unverified/template-only status.
06_DATASHEETS/01_MICROCONTROLLERS/STMICRO_STM32/STM32F4/PACKAGE_FOOTPRINT_NOTES.md,UNVERIFIED_OR_EXAMPLE_MARKER,MEDIUM,Replace placeholders with verified content or clearly mark intentionally unverified/template-only status.
06_DATASHEETS/01_MICROCONTROLLERS/STMICRO_STM32/STM32F4/PCB_LAYOUT_CHECKLIST.md,UNVERIFIED_OR_EXAMPLE_MARKER,MEDIUM,Replace placeholders with verified content or clearly mark intentionally unverified/template-only status.
06_DATASHEETS/01_MICROCONTROLLERS/STMICRO_STM32/STM32F4/POWER_CLOCK_RESET_NOTES.md,UNVERIFIED_OR_EXAMPLE_MARKER,MEDIUM,Replace placeholders with verified content or clearly mark intentionally unverified/template-only status.
06_DATASHEETS/01_MICROCONTROLLERS/STMICRO_STM32/STM32F4/README.md,UNVERIFIED_OR_EXAMPLE_MARKER,MEDIUM,Replace placeholders with verified content or clearly mark intentionally unverified/template-only status.
06_DATASHEETS/01_MICROCONTROLLERS/STMICRO_STM32/STM32F4/SCHEMATIC_BLOCK_CHECKLIST.md,UNVERIFIED_OR_EXAMPLE_MARKER,MEDIUM,Replace placeholders with verified content or clearly mark intentionally unverified/template-only status.
06_DATASHEETS/01_MICROCONTROLLERS/STMICRO_STM32/STM32F4/SOURCES.md,VERY_SHORT_MARKDOWN,MEDIUM,"Add actionable content, schema fields, examples, or explicit intentionally-empty status."
06_DATASHEETS/01_MICROCONTROLLERS/STMICRO_STM32/STM32F4/SOURCES.md,TODO_OR_TBD,MEDIUM,Replace placeholders with verified content or clearly mark intentionally unverified/template-only status.
06_DATASHEETS/01_MICROCONTROLLERS/STMICRO_STM32/STM32F4/STM32F411CEU6_BOOT_DEBUG_NOTES.md,UNVERIFIED_OR_EXAMPLE_MARKER,MEDIUM,Replace placeholders with verified content or clearly mark intentionally unverified/template-only status.
06_DATASHEETS/01_MICROCONTROLLERS/STMICRO_STM32/STM32F4/STM32F411CEU6_DEV_BOARD_NOTES.md,UNVERIFIED_OR_EXAMPLE_MARKER,MEDIUM,Replace placeholders with verified content or clearly mark intentionally unverified/template-only status.
06_DATASHEETS/01_MICROCONTROLLERS/STMICRO_STM32/STM32F4/STM32F411CEU6_PACKAGE_FOOTPRINT_NOTES.md,UNVERIFIED_OR_EXAMPLE_MARKER,MEDIUM,Replace placeholders with verified content or clearly mark intentionally unverified/template-only status.
06_DATASHEETS/01_MICROCONTROLLERS/STMICRO_STM32/STM32F4/STM32F411CEU6_PCB_LAYOUT_NOTES.md,UNVERIFIED_OR_EXAMPLE_MARKER,MEDIUM,Replace placeholders with verified content or clearly mark intentionally unverified/template-only status.
06_DATASHEETS/01_MICROCONTROLLERS/STMICRO_STM32/STM32F4/STM32F411CEU6_POWER_CLOCK_NOTES.md,UNVERIFIED_OR_EXAMPLE_MARKER,MEDIUM,Replace placeholders with verified content or clearly mark intentionally unverified/template-only status.
06_DATASHEETS/01_MICROCONTROLLERS/STMICRO_STM32/STM32F4/STM32F4_AI_OVERVIEW.md,UNVERIFIED_OR_EXAMPLE_MARKER,MEDIUM,Replace placeholders with verified content or clearly mark intentionally unverified/template-only status.
06_DATASHEETS/01_MICROCONTROLLERS/STMICRO_STM32/STM32F4/STM32F4_COMMON_PART_NUMBERS.md,UNVERIFIED_OR_EXAMPLE_MARKER,MEDIUM,Replace placeholders with verified content or clearly mark intentionally unverified/template-only status.
06_DATASHEETS/01_MICROCONTROLLERS/STMICRO_STM32/STM32F4/STM32F4_KICAD_SYMBOL_FOOTPRINT_NOTES.md,UNVERIFIED_OR_EXAMPLE_MARKER,MEDIUM,Replace placeholders with verified content or clearly mark intentionally unverified/template-only status.
06_DATASHEETS/01_MICROCONTROLLERS/STMICRO_STM32/STM32F4/STM32F4_SOURCE_LINKS.md,UNVERIFIED_OR_EXAMPLE_MARKER,MEDIUM,Replace placeholders with verified content or clearly mark intentionally unverified/template-only status.
06_DATASHEETS/01_MICROCONTROLLERS/STMICRO_STM32/STM32F4/USB_CAN_COMMUNICATION_NOTES.md,UNVERIFIED_OR_EXAMPLE_MARKER,MEDIUM,Replace placeholders with verified content or clearly mark intentionally unverified/template-only status.
06_DATASHEETS/01_MICROCONTROLLERS/STMICRO_STM32/STM32F7/COMMON_MISTAKES.md,UNVERIFIED_OR_EXAMPLE_MARKER,MEDIUM,Replace placeholders with verified content or clearly mark intentionally unverified/template-only status.
06_DATASHEETS/01_MICROCONTROLLERS/STMICRO_STM32/STM32F7/COMMON_USE_CASES.md,UNVERIFIED_OR_EXAMPLE_MARKER,MEDIUM,Replace placeholders with verified content or clearly mark intentionally unverified/template-only status.
06_DATASHEETS/01_MICROCONTROLLERS/STMICRO_STM32/STM32F7/DESIGN_TIPS.md,UNVERIFIED_OR_EXAMPLE_MARKER,MEDIUM,Replace placeholders with verified content or clearly mark intentionally unverified/template-only status.
06_DATASHEETS/01_MICROCONTROLLERS/STMICRO_STM32/STM32F7/FAMILY_OVERVIEW.md,UNVERIFIED_OR_EXAMPLE_MARKER,MEDIUM,Replace placeholders with verified content or clearly mark intentionally unverified/template-only status.
06_DATASHEETS/01_MICROCONTROLLERS/STMICRO_STM32/STM32F7/NEEDS_RESEARCH.md,UNVERIFIED_OR_EXAMPLE_MARKER,MEDIUM,Replace placeholders with verified content or clearly mark intentionally unverified/template-only status.
06_DATASHEETS/01_MICROCONTROLLERS/STMICRO_STM32/STM32F7/PACKAGE_FOOTPRINT_NOTES.md,UNVERIFIED_OR_EXAMPLE_MARKER,MEDIUM,Replace placeholders with verified content or clearly mark intentionally unverified/template-only status.
06_DATASHEETS/01_MICROCONTROLLERS/STMICRO_STM32/STM32F7/PCB_LAYOUT_CHECKLIST.md,UNVERIFIED_OR_EXAMPLE_MARKER,MEDIUM,Replace placeholders with verified content or clearly mark intentionally unverified/template-only status.
06_DATASHEETS/01_MICROCONTROLLERS/STMICRO_STM32/STM32F7/POWER_CLOCK_RESET_NOTES.md,UNVERIFIED_OR_EXAMPLE_MARKER,MEDIUM,Replace placeholders with verified content or clearly mark intentionally unverified/template-only status.
06_DATASHEETS/01_MICROCONTROLLERS/STMICRO_STM32/STM32F7/README.md,UNVERIFIED_OR_EXAMPLE_MARKER,MEDIUM,Replace placeholders with verified content or clearly mark intentionally unverified/template-only status.
06_DATASHEETS/01_MICROCONTROLLERS/STMICRO_STM32/STM32F7/SCHEMATIC_BLOCK_CHECKLIST.md,UNVERIFIED_OR_EXAMPLE_MARKER,MEDIUM,Replace placeholders with verified content or clearly mark intentionally unverified/template-only status.
06_DATASHEETS/01_MICROCONTROLLERS/STMICRO_STM32/STM32F7/SOURCES.md,VERY_SHORT_MARKDOWN,MEDIUM,"Add actionable content, schema fields, examples, or explicit intentionally-empty status."
06_DATASHEETS/01_MICROCONTROLLERS/STMICRO_STM32/STM32F7/SOURCES.md,TODO_OR_TBD,MEDIUM,Replace placeholders with verified content or clearly mark intentionally unverified/template-only status.
06_DATASHEETS/01_MICROCONTROLLERS/STMICRO_STM32/STM32F7/STM32F7_AI_OVERVIEW.md,UNVERIFIED_OR_EXAMPLE_MARKER,MEDIUM,Replace placeholders with verified content or clearly mark intentionally unverified/template-only status.
06_DATASHEETS/01_MICROCONTROLLERS/STMICRO_STM32/STM32F7/STM32F7_COMMON_PART_NUMBERS.md,UNVERIFIED_OR_EXAMPLE_MARKER,MEDIUM,Replace placeholders with verified content or clearly mark intentionally unverified/template-only status.
06_DATASHEETS/01_MICROCONTROLLERS/STMICRO_STM32/STM32F7/STM32F7_KICAD_SYMBOL_FOOTPRINT_NOTES.md,UNVERIFIED_OR_EXAMPLE_MARKER,MEDIUM,Replace placeholders with verified content or clearly mark intentionally unverified/template-only status.
06_DATASHEETS/01_MICROCONTROLLERS/STMICRO_STM32/STM32F7/STM32F7_REPRESENTATIVE_PART_REQUIRES_SOURCE_BOOT_DEBUG_NOTES.md,UNVERIFIED_OR_EXAMPLE_MARKER,MEDIUM,Replace placeholders with verified content or clearly mark intentionally unverified/template-only status.
06_DATASHEETS/01_MICROCONTROLLERS/STMICRO_STM32/STM32F7/STM32F7_REPRESENTATIVE_PART_REQUIRES_SOURCE_DEV_BOARD_NOTES.md,UNVERIFIED_OR_EXAMPLE_MARKER,MEDIUM,Replace placeholders with verified content or clearly mark intentionally unverified/template-only status.
06_DATASHEETS/01_MICROCONTROLLERS/STMICRO_STM32/STM32F7/STM32F7_REPRESENTATIVE_PART_REQUIRES_SOURCE_PACKAGE_FOOTPRINT_NOTES.md,UNVERIFIED_OR_EXAMPLE_MARKER,MEDIUM,Replace placeholders with verified content or clearly mark intentionally unverified/template-only status.
06_DATASHEETS/01_MICROCONTROLLERS/STMICRO_STM32/STM32F7/STM32F7_REPRESENTATIVE_PART_REQUIRES_SOURCE_PCB_LAYOUT_NOTES.md,UNVERIFIED_OR_EXAMPLE_MARKER,MEDIUM,Replace placeholders with verified content or clearly mark intentionally unverified/template-only status.
06_DATASHEETS/01_MICROCONTROLLERS/STMICRO_STM32/STM32F7/STM32F7_REPRESENTATIVE_PART_REQUIRES_SOURCE_POWER_CLOCK_NOTES.md,UNVERIFIED_OR_EXAMPLE_MARKER,MEDIUM,Replace placeholders with verified content or clearly mark intentionally unverified/template-only status.
06_DATASHEETS/01_MICROCONTROLLERS/STMICRO_STM32/STM32F7/STM32F7_SOURCE_LINKS.md,UNVERIFIED_OR_EXAMPLE_MARKER,MEDIUM,Replace placeholders with verified content or clearly mark intentionally unverified/template-only status.
06_DATASHEETS/01_MICROCONTROLLERS/STMICRO_STM32/STM32F7/USB_CAN_COMMUNICATION_NOTES.md,UNVERIFIED_OR_EXAMPLE_MARKER,MEDIUM,Replace placeholders with verified content or clearly mark intentionally unverified/template-only status.
06_DATASHEETS/01_MICROCONTROLLERS/STMICRO_STM32/STM32G0/COMMON_MISTAKES.md,UNVERIFIED_OR_EXAMPLE_MARKER,MEDIUM,Replace placeholders with verified content or clearly mark intentionally unverified/template-only status.
06_DATASHEETS/01_MICROCONTROLLERS/STMICRO_STM32/STM32G0/COMMON_USE_CASES.md,UNVERIFIED_OR_EXAMPLE_MARKER,MEDIUM,Replace placeholders with verified content or clearly mark intentionally unverified/template-only status.
06_DATASHEETS/01_MICROCONTROLLERS/STMICRO_STM32/STM32G0/DESIGN_TIPS.md,UNVERIFIED_OR_EXAMPLE_MARKER,MEDIUM,Replace placeholders with verified content or clearly mark intentionally unverified/template-only status.
06_DATASHEETS/01_MICROCONTROLLERS/STMICRO_STM32/STM32G0/FAMILY_OVERVIEW.md,UNVERIFIED_OR_EXAMPLE_MARKER,MEDIUM,Replace placeholders with verified content or clearly mark intentionally unverified/template-only status.
06_DATASHEETS/01_MICROCONTROLLERS/STMICRO_STM32/STM32G0/NEEDS_RESEARCH.md,UNVERIFIED_OR_EXAMPLE_MARKER,MEDIUM,Replace placeholders with verified content or clearly mark intentionally unverified/template-only status.
06_DATASHEETS/01_MICROCONTROLLERS/STMICRO_STM32/STM32G0/PACKAGE_FOOTPRINT_NOTES.md,UNVERIFIED_OR_EXAMPLE_MARKER,MEDIUM,Replace placeholders with verified content or clearly mark intentionally unverified/template-only status.
06_DATASHEETS/01_MICROCONTROLLERS/STMICRO_STM32/STM32G0/PCB_LAYOUT_CHECKLIST.md,UNVERIFIED_OR_EXAMPLE_MARKER,MEDIUM,Replace placeholders with verified content or clearly mark intentionally unverified/template-only status.
06_DATASHEETS/01_MICROCONTROLLERS/STMICRO_STM32/STM32G0/POWER_CLOCK_RESET_NOTES.md,UNVERIFIED_OR_EXAMPLE_MARKER,MEDIUM,Replace placeholders with verified content or clearly mark intentionally unverified/template-only status.
06_DATASHEETS/01_MICROCONTROLLERS/STMICRO_STM32/STM32G0/README.md,UNVERIFIED_OR_EXAMPLE_MARKER,MEDIUM,Replace placeholders with verified content or clearly mark intentionally unverified/template-only status.
06_DATASHEETS/01_MICROCONTROLLERS/STMICRO_STM32/STM32G0/SCHEMATIC_BLOCK_CHECKLIST.md,UNVERIFIED_OR_EXAMPLE_MARKER,MEDIUM,Replace placeholders with verified content or clearly mark intentionally unverified/template-only status.
06_DATASHEETS/01_MICROCONTROLLERS/STMICRO_STM32/STM32G0/SOURCES.md,VERY_SHORT_MARKDOWN,MEDIUM,"Add actionable content, schema fields, examples, or explicit intentionally-empty status."
06_DATASHEETS/01_MICROCONTROLLERS/STMICRO_STM32/STM32G0/SOURCES.md,TODO_OR_TBD,MEDIUM,Replace placeholders with verified content or clearly mark intentionally unverified/template-only status.
06_DATASHEETS/01_MICROCONTROLLERS/STMICRO_STM32/STM32G0/STM32G030F6P6_BOOT_DEBUG_NOTES.md,UNVERIFIED_OR_EXAMPLE_MARKER,MEDIUM,Replace placeholders with verified content or clearly mark intentionally unverified/template-only status.
06_DATASHEETS/01_MICROCONTROLLERS/STMICRO_STM32/STM32G0/STM32G030F6P6_DEV_BOARD_NOTES.md,UNVERIFIED_OR_EXAMPLE_MARKER,MEDIUM,Replace placeholders with verified content or clearly mark intentionally unverified/template-only status.
06_DATASHEETS/01_MICROCONTROLLERS/STMICRO_STM32/STM32G0/STM32G030F6P6_PACKAGE_FOOTPRINT_NOTES.md,UNVERIFIED_OR_EXAMPLE_MARKER,MEDIUM,Replace placeholders with verified content or clearly mark intentionally unverified/template-only status.
06_DATASHEETS/01_MICROCONTROLLERS/STMICRO_STM32/STM32G0/STM32G030F6P6_PCB_LAYOUT_NOTES.md,UNVERIFIED_OR_EXAMPLE_MARKER,MEDIUM,Replace placeholders with verified content or clearly mark intentionally unverified/template-only status.
06_DATASHEETS/01_MICROCONTROLLERS/STMICRO_STM32/STM32G0/STM32G030F6P6_POWER_CLOCK_NOTES.md,UNVERIFIED_OR_EXAMPLE_MARKER,MEDIUM,Replace placeholders with verified content or clearly mark intentionally unverified/template-only status.
06_DATASHEETS/01_MICROCONTROLLERS/STMICRO_STM32/STM32G0/STM32G0_AI_OVERVIEW.md,UNVERIFIED_OR_EXAMPLE_MARKER,MEDIUM,Replace placeholders with verified content or clearly mark intentionally unverified/template-only status.
06_DATASHEETS/01_MICROCONTROLLERS/STMICRO_STM32/STM32G0/STM32G0_COMMON_PART_NUMBERS.md,UNVERIFIED_OR_EXAMPLE_MARKER,MEDIUM,Replace placeholders with verified content or clearly mark intentionally unverified/template-only status.
06_DATASHEETS/01_MICROCONTROLLERS/STMICRO_STM32/STM32G0/STM32G0_KICAD_SYMBOL_FOOTPRINT_NOTES.md,UNVERIFIED_OR_EXAMPLE_MARKER,MEDIUM,Replace placeholders with verified content or clearly mark intentionally unverified/template-only status.
06_DATASHEETS/01_MICROCONTROLLERS/STMICRO_STM32/STM32G0/STM32G0_SOURCE_LINKS.md,UNVERIFIED_OR_EXAMPLE_MARKER,MEDIUM,Replace placeholders with verified content or clearly mark intentionally unverified/template-only status.
06_DATASHEETS/01_MICROCONTROLLERS/STMICRO_STM32/STM32G0/USB_CAN_COMMUNICATION_NOTES.md,UNVERIFIED_OR_EXAMPLE_MARKER,MEDIUM,Replace placeholders with verified content or clearly mark intentionally unverified/template-only status.
06_DATASHEETS/01_MICROCONTROLLERS/STMICRO_STM32/STM32G4/COMMON_MISTAKES.md,UNVERIFIED_OR_EXAMPLE_MARKER,MEDIUM,Replace placeholders with verified content or clearly mark intentionally unverified/template-only status.
06_DATASHEETS/01_MICROCONTROLLERS/STMICRO_STM32/STM32G4/COMMON_USE_CASES.md,UNVERIFIED_OR_EXAMPLE_MARKER,MEDIUM,Replace placeholders with verified content or clearly mark intentionally unverified/template-only status.
06_DATASHEETS/01_MICROCONTROLLERS/STMICRO_STM32/STM32G4/DESIGN_TIPS.md,UNVERIFIED_OR_EXAMPLE_MARKER,MEDIUM,Replace placeholders with verified content or clearly mark intentionally unverified/template-only status.
06_DATASHEETS/01_MICROCONTROLLERS/STMICRO_STM32/STM32G4/FAMILY_OVERVIEW.md,UNVERIFIED_OR_EXAMPLE_MARKER,MEDIUM,Replace placeholders with verified content or clearly mark intentionally unverified/template-only status.
06_DATASHEETS/01_MICROCONTROLLERS/STMICRO_STM32/STM32G4/NEEDS_RESEARCH.md,UNVERIFIED_OR_EXAMPLE_MARKER,MEDIUM,Replace placeholders with verified content or clearly mark intentionally unverified/template-only status.
06_DATASHEETS/01_MICROCONTROLLERS/STMICRO_STM32/STM32G4/PACKAGE_FOOTPRINT_NOTES.md,UNVERIFIED_OR_EXAMPLE_MARKER,MEDIUM,Replace placeholders with verified content or clearly mark intentionally unverified/template-only status.
06_DATASHEETS/01_MICROCONTROLLERS/STMICRO_STM32/STM32G4/PCB_LAYOUT_CHECKLIST.md,UNVERIFIED_OR_EXAMPLE_MARKER,MEDIUM,Replace placeholders with verified content or clearly mark intentionally unverified/template-only status.
06_DATASHEETS/01_MICROCONTROLLERS/STMICRO_STM32/STM32G4/POWER_CLOCK_RESET_NOTES.md,UNVERIFIED_OR_EXAMPLE_MARKER,MEDIUM,Replace placeholders with verified content or clearly mark intentionally unverified/template-only status.
06_DATASHEETS/01_MICROCONTROLLERS/STMICRO_STM32/STM32G4/README.md,UNVERIFIED_OR_EXAMPLE_MARKER,MEDIUM,Replace placeholders with verified content or clearly mark intentionally unverified/template-only status.
06_DATASHEETS/01_MICROCONTROLLERS/STMICRO_STM32/STM32G4/SCHEMATIC_BLOCK_CHECKLIST.md,UNVERIFIED_OR_EXAMPLE_MARKER,MEDIUM,Replace placeholders with verified content or clearly mark intentionally unverified/template-only status.
06_DATASHEETS/01_MICROCONTROLLERS/STMICRO_STM32/STM32G4/SOURCES.md,VERY_SHORT_MARKDOWN,MEDIUM,"Add actionable content, schema fields, examples, or explicit intentionally-empty status."
06_DATASHEETS/01_MICROCONTROLLERS/STMICRO_STM32/STM32G4/SOURCES.md,TODO_OR_TBD,MEDIUM,Replace placeholders with verified content or clearly mark intentionally unverified/template-only status.
06_DATASHEETS/01_MICROCONTROLLERS/STMICRO_STM32/STM32G4/STM32G431CBT6_BOOT_DEBUG_NOTES.md,UNVERIFIED_OR_EXAMPLE_MARKER,MEDIUM,Replace placeholders with verified content or clearly mark intentionally unverified/template-only status.
06_DATASHEETS/01_MICROCONTROLLERS/STMICRO_STM32/STM32G4/STM32G431CBT6_DEV_BOARD_NOTES.md,UNVERIFIED_OR_EXAMPLE_MARKER,MEDIUM,Replace placeholders with verified content or clearly mark intentionally unverified/template-only status.
06_DATASHEETS/01_MICROCONTROLLERS/STMICRO_STM32/STM32G4/STM32G431CBT6_PACKAGE_FOOTPRINT_NOTES.md,UNVERIFIED_OR_EXAMPLE_MARKER,MEDIUM,Replace placeholders with verified content or clearly mark intentionally unverified/template-only status.
06_DATASHEETS/01_MICROCONTROLLERS/STMICRO_STM32/STM32G4/STM32G431CBT6_PCB_LAYOUT_NOTES.md,UNVERIFIED_OR_EXAMPLE_MARKER,MEDIUM,Replace placeholders with verified content or clearly mark intentionally unverified/template-only status.
06_DATASHEETS/01_MICROCONTROLLERS/STMICRO_STM32/STM32G4/STM32G431CBT6_POWER_CLOCK_NOTES.md,UNVERIFIED_OR_EXAMPLE_MARKER,MEDIUM,Replace placeholders with verified content or clearly mark intentionally unverified/template-only status.
06_DATASHEETS/01_MICROCONTROLLERS/STMICRO_STM32/STM32G4/STM32G4_AI_OVERVIEW.md,UNVERIFIED_OR_EXAMPLE_MARKER,MEDIUM,Replace placeholders with verified content or clearly mark intentionally unverified/template-only status.
06_DATASHEETS/01_MICROCONTROLLERS/STMICRO_STM32/STM32G4/STM32G4_COMMON_PART_NUMBERS.md,UNVERIFIED_OR_EXAMPLE_MARKER,MEDIUM,Replace placeholders with verified content or clearly mark intentionally unverified/template-only status.
06_DATASHEETS/01_MICROCONTROLLERS/STMICRO_STM32/STM32G4/STM32G4_KICAD_SYMBOL_FOOTPRINT_NOTES.md,UNVERIFIED_OR_EXAMPLE_MARKER,MEDIUM,Replace placeholders with verified content or clearly mark intentionally unverified/template-only status.
06_DATASHEETS/01_MICROCONTROLLERS/STMICRO_STM32/STM32G4/STM32G4_SOURCE_LINKS.md,UNVERIFIED_OR_EXAMPLE_MARKER,MEDIUM,Replace placeholders with verified content or clearly mark intentionally unverified/template-only status.
06_DATASHEETS/01_MICROCONTROLLERS/STMICRO_STM32/STM32G4/USB_CAN_COMMUNICATION_NOTES.md,UNVERIFIED_OR_EXAMPLE_MARKER,MEDIUM,Replace placeholders with verified content or clearly mark intentionally unverified/template-only status.
06_DATASHEETS/01_MICROCONTROLLERS/STMICRO_STM32/STM32H5/COMMON_MISTAKES.md,UNVERIFIED_OR_EXAMPLE_MARKER,MEDIUM,Replace placeholders with verified content or clearly mark intentionally unverified/template-only status.
06_DATASHEETS/01_MICROCONTROLLERS/STMICRO_STM32/STM32H5/COMMON_USE_CASES.md,UNVERIFIED_OR_EXAMPLE_MARKER,MEDIUM,Replace placeholders with verified content or clearly mark intentionally unverified/template-only status.
06_DATASHEETS/01_MICROCONTROLLERS/STMICRO_STM32/STM32H5/DESIGN_TIPS.md,UNVERIFIED_OR_EXAMPLE_MARKER,MEDIUM,Replace placeholders with verified content or clearly mark intentionally unverified/template-only status.
06_DATASHEETS/01_MICROCONTROLLERS/STMICRO_STM32/STM32H5/FAMILY_OVERVIEW.md,UNVERIFIED_OR_EXAMPLE_MARKER,MEDIUM,Replace placeholders with verified content or clearly mark intentionally unverified/template-only status.
06_DATASHEETS/01_MICROCONTROLLERS/STMICRO_STM32/STM32H5/NEEDS_RESEARCH.md,UNVERIFIED_OR_EXAMPLE_MARKER,MEDIUM,Replace placeholders with verified content or clearly mark intentionally unverified/template-only status.
06_DATASHEETS/01_MICROCONTROLLERS/STMICRO_STM32/STM32H5/PACKAGE_FOOTPRINT_NOTES.md,UNVERIFIED_OR_EXAMPLE_MARKER,MEDIUM,Replace placeholders with verified content or clearly mark intentionally unverified/template-only status.
06_DATASHEETS/01_MICROCONTROLLERS/STMICRO_STM32/STM32H5/PCB_LAYOUT_CHECKLIST.md,UNVERIFIED_OR_EXAMPLE_MARKER,MEDIUM,Replace placeholders with verified content or clearly mark intentionally unverified/template-only status.
06_DATASHEETS/01_MICROCONTROLLERS/STMICRO_STM32/STM32H5/POWER_CLOCK_RESET_NOTES.md,UNVERIFIED_OR_EXAMPLE_MARKER,MEDIUM,Replace placeholders with verified content or clearly mark intentionally unverified/template-only status.
06_DATASHEETS/01_MICROCONTROLLERS/STMICRO_STM32/STM32H5/README.md,UNVERIFIED_OR_EXAMPLE_MARKER,MEDIUM,Replace placeholders with verified content or clearly mark intentionally unverified/template-only status.
06_DATASHEETS/01_MICROCONTROLLERS/STMICRO_STM32/STM32H5/SCHEMATIC_BLOCK_CHECKLIST.md,UNVERIFIED_OR_EXAMPLE_MARKER,MEDIUM,Replace placeholders with verified content or clearly mark intentionally unverified/template-only status.
06_DATASHEETS/01_MICROCONTROLLERS/STMICRO_STM32/STM32H5/SOURCES.md,VERY_SHORT_MARKDOWN,MEDIUM,"Add actionable content, schema fields, examples, or explicit intentionally-empty status."
06_DATASHEETS/01_MICROCONTROLLERS/STMICRO_STM32/STM32H5/SOURCES.md,TODO_OR_TBD,MEDIUM,Replace placeholders with verified content or clearly mark intentionally unverified/template-only status.
06_DATASHEETS/01_MICROCONTROLLERS/STMICRO_STM32/STM32H5/STM32H5_AI_OVERVIEW.md,UNVERIFIED_OR_EXAMPLE_MARKER,MEDIUM,Replace placeholders with verified content or clearly mark intentionally unverified/template-only status.
06_DATASHEETS/01_MICROCONTROLLERS/STMICRO_STM32/STM32H5/STM32H5_COMMON_PART_NUMBERS.md,UNVERIFIED_OR_EXAMPLE_MARKER,MEDIUM,Replace placeholders with verified content or clearly mark intentionally unverified/template-only status.
06_DATASHEETS/01_MICROCONTROLLERS/STMICRO_STM32/STM32H5/STM32H5_KICAD_SYMBOL_FOOTPRINT_NOTES.md,UNVERIFIED_OR_EXAMPLE_MARKER,MEDIUM,Replace placeholders with verified content or clearly mark intentionally unverified/template-only status.
06_DATASHEETS/01_MICROCONTROLLERS/STMICRO_STM32/STM32H5/STM32H5_REPRESENTATIVE_PART_REQUIRES_SOURCE_BOOT_DEBUG_NOTES.md,UNVERIFIED_OR_EXAMPLE_MARKER,MEDIUM,Replace placeholders with verified content or clearly mark intentionally unverified/template-only status.
06_DATASHEETS/01_MICROCONTROLLERS/STMICRO_STM32/STM32H5/STM32H5_REPRESENTATIVE_PART_REQUIRES_SOURCE_DEV_BOARD_NOTES.md,UNVERIFIED_OR_EXAMPLE_MARKER,MEDIUM,Replace placeholders with verified content or clearly mark intentionally unverified/template-only status.
06_DATASHEETS/01_MICROCONTROLLERS/STMICRO_STM32/STM32H5/STM32H5_REPRESENTATIVE_PART_REQUIRES_SOURCE_PACKAGE_FOOTPRINT_NOTES.md,UNVERIFIED_OR_EXAMPLE_MARKER,MEDIUM,Replace placeholders with verified content or clearly mark intentionally unverified/template-only status.
06_DATASHEETS/01_MICROCONTROLLERS/STMICRO_STM32/STM32H5/STM32H5_REPRESENTATIVE_PART_REQUIRES_SOURCE_PCB_LAYOUT_NOTES.md,UNVERIFIED_OR_EXAMPLE_MARKER,MEDIUM,Replace placeholders with verified content or clearly mark intentionally unverified/template-only status.
06_DATASHEETS/01_MICROCONTROLLERS/STMICRO_STM32/STM32H5/STM32H5_REPRESENTATIVE_PART_REQUIRES_SOURCE_POWER_CLOCK_NOTES.md,UNVERIFIED_OR_EXAMPLE_MARKER,MEDIUM,Replace placeholders with verified content or clearly mark intentionally unverified/template-only status.
06_DATASHEETS/01_MICROCONTROLLERS/STMICRO_STM32/STM32H5/STM32H5_SOURCE_LINKS.md,UNVERIFIED_OR_EXAMPLE_MARKER,MEDIUM,Replace placeholders with verified content or clearly mark intentionally unverified/template-only status.
06_DATASHEETS/01_MICROCONTROLLERS/STMICRO_STM32/STM32H5/USB_CAN_COMMUNICATION_NOTES.md,UNVERIFIED_OR_EXAMPLE_MARKER,MEDIUM,Replace placeholders with verified content or clearly mark intentionally unverified/template-only status.
06_DATASHEETS/01_MICROCONTROLLERS/STMICRO_STM32/STM32H7/COMMON_MISTAKES.md,UNVERIFIED_OR_EXAMPLE_MARKER,MEDIUM,Replace placeholders with verified content or clearly mark intentionally unverified/template-only status.
06_DATASHEETS/01_MICROCONTROLLERS/STMICRO_STM32/STM32H7/COMMON_USE_CASES.md,UNVERIFIED_OR_EXAMPLE_MARKER,MEDIUM,Replace placeholders with verified content or clearly mark intentionally unverified/template-only status.
06_DATASHEETS/01_MICROCONTROLLERS/STMICRO_STM32/STM32H7/DESIGN_TIPS.md,UNVERIFIED_OR_EXAMPLE_MARKER,MEDIUM,Replace placeholders with verified content or clearly mark intentionally unverified/template-only status.
06_DATASHEETS/01_MICROCONTROLLERS/STMICRO_STM32/STM32H7/FAMILY_OVERVIEW.md,UNVERIFIED_OR_EXAMPLE_MARKER,MEDIUM,Replace placeholders with verified content or clearly mark intentionally unverified/template-only status.
06_DATASHEETS/01_MICROCONTROLLERS/STMICRO_STM32/STM32H7/NEEDS_RESEARCH.md,UNVERIFIED_OR_EXAMPLE_MARKER,MEDIUM,Replace placeholders with verified content or clearly mark intentionally unverified/template-only status.
06_DATASHEETS/01_MICROCONTROLLERS/STMICRO_STM32/STM32H7/PACKAGE_FOOTPRINT_NOTES.md,UNVERIFIED_OR_EXAMPLE_MARKER,MEDIUM,Replace placeholders with verified content or clearly mark intentionally unverified/template-only status.
06_DATASHEETS/01_MICROCONTROLLERS/STMICRO_STM32/STM32H7/PCB_LAYOUT_CHECKLIST.md,UNVERIFIED_OR_EXAMPLE_MARKER,MEDIUM,Replace placeholders with verified content or clearly mark intentionally unverified/template-only status.
06_DATASHEETS/01_MICROCONTROLLERS/STMICRO_STM32/STM32H7/POWER_CLOCK_RESET_NOTES.md,UNVERIFIED_OR_EXAMPLE_MARKER,MEDIUM,Replace placeholders with verified content or clearly mark intentionally unverified/template-only status.
06_DATASHEETS/01_MICROCONTROLLERS/STMICRO_STM32/STM32H7/README.md,UNVERIFIED_OR_EXAMPLE_MARKER,MEDIUM,Replace placeholders with verified content or clearly mark intentionally unverified/template-only status.
06_DATASHEETS/01_MICROCONTROLLERS/STMICRO_STM32/STM32H7/SCHEMATIC_BLOCK_CHECKLIST.md,UNVERIFIED_OR_EXAMPLE_MARKER,MEDIUM,Replace placeholders with verified content or clearly mark intentionally unverified/template-only status.
06_DATASHEETS/01_MICROCONTROLLERS/STMICRO_STM32/STM32H7/SOURCES.md,VERY_SHORT_MARKDOWN,MEDIUM,"Add actionable content, schema fields, examples, or explicit intentionally-empty status."
06_DATASHEETS/01_MICROCONTROLLERS/STMICRO_STM32/STM32H7/SOURCES.md,TODO_OR_TBD,MEDIUM,Replace placeholders with verified content or clearly mark intentionally unverified/template-only status.
06_DATASHEETS/01_MICROCONTROLLERS/STMICRO_STM32/STM32H7/STM32H743VIT6_BOOT_DEBUG_NOTES.md,UNVERIFIED_OR_EXAMPLE_MARKER,MEDIUM,Replace placeholders with verified content or clearly mark intentionally unverified/template-only status.
06_DATASHEETS/01_MICROCONTROLLERS/STMICRO_STM32/STM32H7/STM32H743VIT6_DEV_BOARD_NOTES.md,UNVERIFIED_OR_EXAMPLE_MARKER,MEDIUM,Replace placeholders with verified content or clearly mark intentionally unverified/template-only status.
06_DATASHEETS/01_MICROCONTROLLERS/STMICRO_STM32/STM32H7/STM32H743VIT6_PACKAGE_FOOTPRINT_NOTES.md,UNVERIFIED_OR_EXAMPLE_MARKER,MEDIUM,Replace placeholders with verified content or clearly mark intentionally unverified/template-only status.
06_DATASHEETS/01_MICROCONTROLLERS/STMICRO_STM32/STM32H7/STM32H743VIT6_PCB_LAYOUT_NOTES.md,UNVERIFIED_OR_EXAMPLE_MARKER,MEDIUM,Replace placeholders with verified content or clearly mark intentionally unverified/template-only status.
06_DATASHEETS/01_MICROCONTROLLERS/STMICRO_STM32/STM32H7/STM32H743VIT6_POWER_CLOCK_NOTES.md,UNVERIFIED_OR_EXAMPLE_MARKER,MEDIUM,Replace placeholders with verified content or clearly mark intentionally unverified/template-only status.
06_DATASHEETS/01_MICROCONTROLLERS/STMICRO_STM32/STM32H7/STM32H7_AI_OVERVIEW.md,UNVERIFIED_OR_EXAMPLE_MARKER,MEDIUM,Replace placeholders with verified content or clearly mark intentionally unverified/template-only status.
06_DATASHEETS/01_MICROCONTROLLERS/STMICRO_STM32/STM32H7/STM32H7_COMMON_PART_NUMBERS.md,UNVERIFIED_OR_EXAMPLE_MARKER,MEDIUM,Replace placeholders with verified content or clearly mark intentionally unverified/template-only status.
06_DATASHEETS/01_MICROCONTROLLERS/STMICRO_STM32/STM32H7/STM32H7_KICAD_SYMBOL_FOOTPRINT_NOTES.md,UNVERIFIED_OR_EXAMPLE_MARKER,MEDIUM,Replace placeholders with verified content or clearly mark intentionally unverified/template-only status.
06_DATASHEETS/01_MICROCONTROLLERS/STMICRO_STM32/STM32H7/STM32H7_SOURCE_LINKS.md,UNVERIFIED_OR_EXAMPLE_MARKER,MEDIUM,Replace placeholders with verified content or clearly mark intentionally unverified/template-only status.
06_DATASHEETS/01_MICROCONTROLLERS/STMICRO_STM32/STM32H7/USB_CAN_COMMUNICATION_NOTES.md,UNVERIFIED_OR_EXAMPLE_MARKER,MEDIUM,Replace placeholders with verified content or clearly mark intentionally unverified/template-only status.
06_DATASHEETS/01_MICROCONTROLLERS/STMICRO_STM32/STM32L0/COMMON_MISTAKES.md,UNVERIFIED_OR_EXAMPLE_MARKER,MEDIUM,Replace placeholders with verified content or clearly mark intentionally unverified/template-only status.
06_DATASHEETS/01_MICROCONTROLLERS/STMICRO_STM32/STM32L0/COMMON_USE_CASES.md,UNVERIFIED_OR_EXAMPLE_MARKER,MEDIUM,Replace placeholders with verified content or clearly mark intentionally unverified/template-only status.
06_DATASHEETS/01_MICROCONTROLLERS/STMICRO_STM32/STM32L0/DESIGN_TIPS.md,UNVERIFIED_OR_EXAMPLE_MARKER,MEDIUM,Replace placeholders with verified content or clearly mark intentionally unverified/template-only status.
06_DATASHEETS/01_MICROCONTROLLERS/STMICRO_STM32/STM32L0/FAMILY_OVERVIEW.md,UNVERIFIED_OR_EXAMPLE_MARKER,MEDIUM,Replace placeholders with verified content or clearly mark intentionally unverified/template-only status.
06_DATASHEETS/01_MICROCONTROLLERS/STMICRO_STM32/STM32L0/NEEDS_RESEARCH.md,UNVERIFIED_OR_EXAMPLE_MARKER,MEDIUM,Replace placeholders with verified content or clearly mark intentionally unverified/template-only status.
06_DATASHEETS/01_MICROCONTROLLERS/STMICRO_STM32/STM32L0/PACKAGE_FOOTPRINT_NOTES.md,UNVERIFIED_OR_EXAMPLE_MARKER,MEDIUM,Replace placeholders with verified content or clearly mark intentionally unverified/template-only status.
06_DATASHEETS/01_MICROCONTROLLERS/STMICRO_STM32/STM32L0/PCB_LAYOUT_CHECKLIST.md,UNVERIFIED_OR_EXAMPLE_MARKER,MEDIUM,Replace placeholders with verified content or clearly mark intentionally unverified/template-only status.
06_DATASHEETS/01_MICROCONTROLLERS/STMICRO_STM32/STM32L0/POWER_CLOCK_RESET_NOTES.md,UNVERIFIED_OR_EXAMPLE_MARKER,MEDIUM,Replace placeholders with verified content or clearly mark intentionally unverified/template-only status.
06_DATASHEETS/01_MICROCONTROLLERS/STMICRO_STM32/STM32L0/README.md,UNVERIFIED_OR_EXAMPLE_MARKER,MEDIUM,Replace placeholders with verified content or clearly mark intentionally unverified/template-only status.
06_DATASHEETS/01_MICROCONTROLLERS/STMICRO_STM32/STM32L0/SCHEMATIC_BLOCK_CHECKLIST.md,UNVERIFIED_OR_EXAMPLE_MARKER,MEDIUM,Replace placeholders with verified content or clearly mark intentionally unverified/template-only status.
06_DATASHEETS/01_MICROCONTROLLERS/STMICRO_STM32/STM32L0/SOURCES.md,VERY_SHORT_MARKDOWN,MEDIUM,"Add actionable content, schema fields, examples, or explicit intentionally-empty status."
06_DATASHEETS/01_MICROCONTROLLERS/STMICRO_STM32/STM32L0/SOURCES.md,TODO_OR_TBD,MEDIUM,Replace placeholders with verified content or clearly mark intentionally unverified/template-only status.
06_DATASHEETS/01_MICROCONTROLLERS/STMICRO_STM32/STM32L0/STM32L0_AI_OVERVIEW.md,UNVERIFIED_OR_EXAMPLE_MARKER,MEDIUM,Replace placeholders with verified content or clearly mark intentionally unverified/template-only status.
06_DATASHEETS/01_MICROCONTROLLERS/STMICRO_STM32/STM32L0/STM32L0_COMMON_PART_NUMBERS.md,UNVERIFIED_OR_EXAMPLE_MARKER,MEDIUM,Replace placeholders with verified content or clearly mark intentionally unverified/template-only status.
06_DATASHEETS/01_MICROCONTROLLERS/STMICRO_STM32/STM32L0/STM32L0_KICAD_SYMBOL_FOOTPRINT_NOTES.md,UNVERIFIED_OR_EXAMPLE_MARKER,MEDIUM,Replace placeholders with verified content or clearly mark intentionally unverified/template-only status.
06_DATASHEETS/01_MICROCONTROLLERS/STMICRO_STM32/STM32L0/STM32L0_REPRESENTATIVE_PART_REQUIRES_SOURCE_BOOT_DEBUG_NOTES.md,UNVERIFIED_OR_EXAMPLE_MARKER,MEDIUM,Replace placeholders with verified content or clearly mark intentionally unverified/template-only status.
06_DATASHEETS/01_MICROCONTROLLERS/STMICRO_STM32/STM32L0/STM32L0_REPRESENTATIVE_PART_REQUIRES_SOURCE_DEV_BOARD_NOTES.md,UNVERIFIED_OR_EXAMPLE_MARKER,MEDIUM,Replace placeholders with verified content or clearly mark intentionally unverified/template-only status.
06_DATASHEETS/01_MICROCONTROLLERS/STMICRO_STM32/STM32L0/STM32L0_REPRESENTATIVE_PART_REQUIRES_SOURCE_PACKAGE_FOOTPRINT_NOTES.md,UNVERIFIED_OR_EXAMPLE_MARKER,MEDIUM,Replace placeholders with verified content or clearly mark intentionally unverified/template-only status.
06_DATASHEETS/01_MICROCONTROLLERS/STMICRO_STM32/STM32L0/STM32L0_REPRESENTATIVE_PART_REQUIRES_SOURCE_PCB_LAYOUT_NOTES.md,UNVERIFIED_OR_EXAMPLE_MARKER,MEDIUM,Replace placeholders with verified content or clearly mark intentionally unverified/template-only status.
06_DATASHEETS/01_MICROCONTROLLERS/STMICRO_STM32/STM32L0/STM32L0_REPRESENTATIVE_PART_REQUIRES_SOURCE_POWER_CLOCK_NOTES.md,UNVERIFIED_OR_EXAMPLE_MARKER,MEDIUM,Replace placeholders with verified content or clearly mark intentionally unverified/template-only status.
06_DATASHEETS/01_MICROCONTROLLERS/STMICRO_STM32/STM32L0/STM32L0_SOURCE_LINKS.md,UNVERIFIED_OR_EXAMPLE_MARKER,MEDIUM,Replace placeholders with verified content or clearly mark intentionally unverified/template-only status.
06_DATASHEETS/01_MICROCONTROLLERS/STMICRO_STM32/STM32L0/USB_CAN_COMMUNICATION_NOTES.md,UNVERIFIED_OR_EXAMPLE_MARKER,MEDIUM,Replace placeholders with verified content or clearly mark intentionally unverified/template-only status.
06_DATASHEETS/01_MICROCONTROLLERS/STMICRO_STM32/STM32L1/COMMON_MISTAKES.md,UNVERIFIED_OR_EXAMPLE_MARKER,MEDIUM,Replace placeholders with verified content or clearly mark intentionally unverified/template-only status.
06_DATASHEETS/01_MICROCONTROLLERS/STMICRO_STM32/STM32L1/COMMON_USE_CASES.md,UNVERIFIED_OR_EXAMPLE_MARKER,MEDIUM,Replace placeholders with verified content or clearly mark intentionally unverified/template-only status.
06_DATASHEETS/01_MICROCONTROLLERS/STMICRO_STM32/STM32L1/DESIGN_TIPS.md,UNVERIFIED_OR_EXAMPLE_MARKER,MEDIUM,Replace placeholders with verified content or clearly mark intentionally unverified/template-only status.
06_DATASHEETS/01_MICROCONTROLLERS/STMICRO_STM32/STM32L1/FAMILY_OVERVIEW.md,UNVERIFIED_OR_EXAMPLE_MARKER,MEDIUM,Replace placeholders with verified content or clearly mark intentionally unverified/template-only status.
06_DATASHEETS/01_MICROCONTROLLERS/STMICRO_STM32/STM32L1/NEEDS_RESEARCH.md,UNVERIFIED_OR_EXAMPLE_MARKER,MEDIUM,Replace placeholders with verified content or clearly mark intentionally unverified/template-only status.
06_DATASHEETS/01_MICROCONTROLLERS/STMICRO_STM32/STM32L1/PACKAGE_FOOTPRINT_NOTES.md,UNVERIFIED_OR_EXAMPLE_MARKER,MEDIUM,Replace placeholders with verified content or clearly mark intentionally unverified/template-only status.
06_DATASHEETS/01_MICROCONTROLLERS/STMICRO_STM32/STM32L1/PCB_LAYOUT_CHECKLIST.md,UNVERIFIED_OR_EXAMPLE_MARKER,MEDIUM,Replace placeholders with verified content or clearly mark intentionally unverified/template-only status.
06_DATASHEETS/01_MICROCONTROLLERS/STMICRO_STM32/STM32L1/POWER_CLOCK_RESET_NOTES.md,UNVERIFIED_OR_EXAMPLE_MARKER,MEDIUM,Replace placeholders with verified content or clearly mark intentionally unverified/template-only status.
06_DATASHEETS/01_MICROCONTROLLERS/STMICRO_STM32/STM32L1/README.md,UNVERIFIED_OR_EXAMPLE_MARKER,MEDIUM,Replace placeholders with verified content or clearly mark intentionally unverified/template-only status.
06_DATASHEETS/01_MICROCONTROLLERS/STMICRO_STM32/STM32L1/SCHEMATIC_BLOCK_CHECKLIST.md,UNVERIFIED_OR_EXAMPLE_MARKER,MEDIUM,Replace placeholders with verified content or clearly mark intentionally unverified/template-only status.
06_DATASHEETS/01_MICROCONTROLLERS/STMICRO_STM32/STM32L1/SOURCES.md,VERY_SHORT_MARKDOWN,MEDIUM,"Add actionable content, schema fields, examples, or explicit intentionally-empty status."
06_DATASHEETS/01_MICROCONTROLLERS/STMICRO_STM32/STM32L1/SOURCES.md,TODO_OR_TBD,MEDIUM,Replace placeholders with verified content or clearly mark intentionally unverified/template-only status.
06_DATASHEETS/01_MICROCONTROLLERS/STMICRO_STM32/STM32L1/STM32L1_AI_OVERVIEW.md,UNVERIFIED_OR_EXAMPLE_MARKER,MEDIUM,Replace placeholders with verified content or clearly mark intentionally unverified/template-only status.
06_DATASHEETS/01_MICROCONTROLLERS/STMICRO_STM32/STM32L1/STM32L1_COMMON_PART_NUMBERS.md,UNVERIFIED_OR_EXAMPLE_MARKER,MEDIUM,Replace placeholders with verified content or clearly mark intentionally unverified/template-only status.
06_DATASHEETS/01_MICROCONTROLLERS/STMICRO_STM32/STM32L1/STM32L1_KICAD_SYMBOL_FOOTPRINT_NOTES.md,UNVERIFIED_OR_EXAMPLE_MARKER,MEDIUM,Replace placeholders with verified content or clearly mark intentionally unverified/template-only status.
06_DATASHEETS/01_MICROCONTROLLERS/STMICRO_STM32/STM32L1/STM32L1_REPRESENTATIVE_PART_REQUIRES_SOURCE_BOOT_DEBUG_NOTES.md,UNVERIFIED_OR_EXAMPLE_MARKER,MEDIUM,Replace placeholders with verified content or clearly mark intentionally unverified/template-only status.
06_DATASHEETS/01_MICROCONTROLLERS/STMICRO_STM32/STM32L1/STM32L1_REPRESENTATIVE_PART_REQUIRES_SOURCE_DEV_BOARD_NOTES.md,UNVERIFIED_OR_EXAMPLE_MARKER,MEDIUM,Replace placeholders with verified content or clearly mark intentionally unverified/template-only status.
06_DATASHEETS/01_MICROCONTROLLERS/STMICRO_STM32/STM32L1/STM32L1_REPRESENTATIVE_PART_REQUIRES_SOURCE_PACKAGE_FOOTPRINT_NOTES.md,UNVERIFIED_OR_EXAMPLE_MARKER,MEDIUM,Replace placeholders with verified content or clearly mark intentionally unverified/template-only status.
06_DATASHEETS/01_MICROCONTROLLERS/STMICRO_STM32/STM32L1/STM32L1_REPRESENTATIVE_PART_REQUIRES_SOURCE_PCB_LAYOUT_NOTES.md,UNVERIFIED_OR_EXAMPLE_MARKER,MEDIUM,Replace placeholders with verified content or clearly mark intentionally unverified/template-only status.
06_DATASHEETS/01_MICROCONTROLLERS/STMICRO_STM32/STM32L1/STM32L1_REPRESENTATIVE_PART_REQUIRES_SOURCE_POWER_CLOCK_NOTES.md,UNVERIFIED_OR_EXAMPLE_MARKER,MEDIUM,Replace placeholders with verified content or clearly mark intentionally unverified/template-only status.
06_DATASHEETS/01_MICROCONTROLLERS/STMICRO_STM32/STM32L1/STM32L1_SOURCE_LINKS.md,UNVERIFIED_OR_EXAMPLE_MARKER,MEDIUM,Replace placeholders with verified content or clearly mark intentionally unverified/template-only status.
06_DATASHEETS/01_MICROCONTROLLERS/STMICRO_STM32/STM32L1/USB_CAN_COMMUNICATION_NOTES.md,UNVERIFIED_OR_EXAMPLE_MARKER,MEDIUM,Replace placeholders with verified content or clearly mark intentionally unverified/template-only status.
06_DATASHEETS/01_MICROCONTROLLERS/STMICRO_STM32/STM32L4/COMMON_MISTAKES.md,UNVERIFIED_OR_EXAMPLE_MARKER,MEDIUM,Replace placeholders with verified content or clearly mark intentionally unverified/template-only status.
06_DATASHEETS/01_MICROCONTROLLERS/STMICRO_STM32/STM32L4/COMMON_USE_CASES.md,UNVERIFIED_OR_EXAMPLE_MARKER,MEDIUM,Replace placeholders with verified content or clearly mark intentionally unverified/template-only status.
06_DATASHEETS/01_MICROCONTROLLERS/STMICRO_STM32/STM32L4/DESIGN_TIPS.md,UNVERIFIED_OR_EXAMPLE_MARKER,MEDIUM,Replace placeholders with verified content or clearly mark intentionally unverified/template-only status.
06_DATASHEETS/01_MICROCONTROLLERS/STMICRO_STM32/STM32L4/FAMILY_OVERVIEW.md,UNVERIFIED_OR_EXAMPLE_MARKER,MEDIUM,Replace placeholders with verified content or clearly mark intentionally unverified/template-only status.
06_DATASHEETS/01_MICROCONTROLLERS/STMICRO_STM32/STM32L4/NEEDS_RESEARCH.md,UNVERIFIED_OR_EXAMPLE_MARKER,MEDIUM,Replace placeholders with verified content or clearly mark intentionally unverified/template-only status.
06_DATASHEETS/01_MICROCONTROLLERS/STMICRO_STM32/STM32L4/PACKAGE_FOOTPRINT_NOTES.md,UNVERIFIED_OR_EXAMPLE_MARKER,MEDIUM,Replace placeholders with verified content or clearly mark intentionally unverified/template-only status.
06_DATASHEETS/01_MICROCONTROLLERS/STMICRO_STM32/STM32L4/PCB_LAYOUT_CHECKLIST.md,UNVERIFIED_OR_EXAMPLE_MARKER,MEDIUM,Replace placeholders with verified content or clearly mark intentionally unverified/template-only status.
06_DATASHEETS/01_MICROCONTROLLERS/STMICRO_STM32/STM32L4/POWER_CLOCK_RESET_NOTES.md,UNVERIFIED_OR_EXAMPLE_MARKER,MEDIUM,Replace placeholders with verified content or clearly mark intentionally unverified/template-only status.
06_DATASHEETS/01_MICROCONTROLLERS/STMICRO_STM32/STM32L4/README.md,UNVERIFIED_OR_EXAMPLE_MARKER,MEDIUM,Replace placeholders with verified content or clearly mark intentionally unverified/template-only status.
06_DATASHEETS/01_MICROCONTROLLERS/STMICRO_STM32/STM32L4/SCHEMATIC_BLOCK_CHECKLIST.md,UNVERIFIED_OR_EXAMPLE_MARKER,MEDIUM,Replace placeholders with verified content or clearly mark intentionally unverified/template-only status.
06_DATASHEETS/01_MICROCONTROLLERS/STMICRO_STM32/STM32L4/SOURCES.md,VERY_SHORT_MARKDOWN,MEDIUM,"Add actionable content, schema fields, examples, or explicit intentionally-empty status."
06_DATASHEETS/01_MICROCONTROLLERS/STMICRO_STM32/STM32L4/SOURCES.md,TODO_OR_TBD,MEDIUM,Replace placeholders with verified content or clearly mark intentionally unverified/template-only status.
06_DATASHEETS/01_MICROCONTROLLERS/STMICRO_STM32/STM32L4/STM32L4_AI_OVERVIEW.md,UNVERIFIED_OR_EXAMPLE_MARKER,MEDIUM,Replace placeholders with verified content or clearly mark intentionally unverified/template-only status.
06_DATASHEETS/01_MICROCONTROLLERS/STMICRO_STM32/STM32L4/STM32L4_COMMON_PART_NUMBERS.md,UNVERIFIED_OR_EXAMPLE_MARKER,MEDIUM,Replace placeholders with verified content or clearly mark intentionally unverified/template-only status.
06_DATASHEETS/01_MICROCONTROLLERS/STMICRO_STM32/STM32L4/STM32L4_KICAD_SYMBOL_FOOTPRINT_NOTES.md,UNVERIFIED_OR_EXAMPLE_MARKER,MEDIUM,Replace placeholders with verified content or clearly mark intentionally unverified/template-only status.
06_DATASHEETS/01_MICROCONTROLLERS/STMICRO_STM32/STM32L4/STM32L4_REPRESENTATIVE_PART_REQUIRES_SOURCE_BOOT_DEBUG_NOTES.md,UNVERIFIED_OR_EXAMPLE_MARKER,MEDIUM,Replace placeholders with verified content or clearly mark intentionally unverified/template-only status.
06_DATASHEETS/01_MICROCONTROLLERS/STMICRO_STM32/STM32L4/STM32L4_REPRESENTATIVE_PART_REQUIRES_SOURCE_DEV_BOARD_NOTES.md,UNVERIFIED_OR_EXAMPLE_MARKER,MEDIUM,Replace placeholders with verified content or clearly mark intentionally unverified/template-only status.
06_DATASHEETS/01_MICROCONTROLLERS/STMICRO_STM32/STM32L4/STM32L4_REPRESENTATIVE_PART_REQUIRES_SOURCE_PACKAGE_FOOTPRINT_NOTES.md,UNVERIFIED_OR_EXAMPLE_MARKER,MEDIUM,Replace placeholders with verified content or clearly mark intentionally unverified/template-only status.
06_DATASHEETS/01_MICROCONTROLLERS/STMICRO_STM32/STM32L4/STM32L4_REPRESENTATIVE_PART_REQUIRES_SOURCE_PCB_LAYOUT_NOTES.md,UNVERIFIED_OR_EXAMPLE_MARKER,MEDIUM,Replace placeholders with verified content or clearly mark intentionally unverified/template-only status.
06_DATASHEETS/01_MICROCONTROLLERS/STMICRO_STM32/STM32L4/STM32L4_REPRESENTATIVE_PART_REQUIRES_SOURCE_POWER_CLOCK_NOTES.md,UNVERIFIED_OR_EXAMPLE_MARKER,MEDIUM,Replace placeholders with verified content or clearly mark intentionally unverified/template-only status.
06_DATASHEETS/01_MICROCONTROLLERS/STMICRO_STM32/STM32L4/STM32L4_SOURCE_LINKS.md,UNVERIFIED_OR_EXAMPLE_MARKER,MEDIUM,Replace placeholders with verified content or clearly mark intentionally unverified/template-only status.
06_DATASHEETS/01_MICROCONTROLLERS/STMICRO_STM32/STM32L4/USB_CAN_COMMUNICATION_NOTES.md,UNVERIFIED_OR_EXAMPLE_MARKER,MEDIUM,Replace placeholders with verified content or clearly mark intentionally unverified/template-only status.
06_DATASHEETS/01_MICROCONTROLLERS/STMICRO_STM32/STM32L5/COMMON_MISTAKES.md,UNVERIFIED_OR_EXAMPLE_MARKER,MEDIUM,Replace placeholders with verified content or clearly mark intentionally unverified/template-only status.
06_DATASHEETS/01_MICROCONTROLLERS/STMICRO_STM32/STM32L5/COMMON_USE_CASES.md,UNVERIFIED_OR_EXAMPLE_MARKER,MEDIUM,Replace placeholders with verified content or clearly mark intentionally unverified/template-only status.
06_DATASHEETS/01_MICROCONTROLLERS/STMICRO_STM32/STM32L5/DESIGN_TIPS.md,UNVERIFIED_OR_EXAMPLE_MARKER,MEDIUM,Replace placeholders with verified content or clearly mark intentionally unverified/template-only status.
06_DATASHEETS/01_MICROCONTROLLERS/STMICRO_STM32/STM32L5/FAMILY_OVERVIEW.md,UNVERIFIED_OR_EXAMPLE_MARKER,MEDIUM,Replace placeholders with verified content or clearly mark intentionally unverified/template-only status.
06_DATASHEETS/01_MICROCONTROLLERS/STMICRO_STM32/STM32L5/NEEDS_RESEARCH.md,UNVERIFIED_OR_EXAMPLE_MARKER,MEDIUM,Replace placeholders with verified content or clearly mark intentionally unverified/template-only status.
06_DATASHEETS/01_MICROCONTROLLERS/STMICRO_STM32/STM32L5/PACKAGE_FOOTPRINT_NOTES.md,UNVERIFIED_OR_EXAMPLE_MARKER,MEDIUM,Replace placeholders with verified content or clearly mark intentionally unverified/template-only status.
06_DATASHEETS/01_MICROCONTROLLERS/STMICRO_STM32/STM32L5/PCB_LAYOUT_CHECKLIST.md,UNVERIFIED_OR_EXAMPLE_MARKER,MEDIUM,Replace placeholders with verified content or clearly mark intentionally unverified/template-only status.
06_DATASHEETS/01_MICROCONTROLLERS/STMICRO_STM32/STM32L5/POWER_CLOCK_RESET_NOTES.md,UNVERIFIED_OR_EXAMPLE_MARKER,MEDIUM,Replace placeholders with verified content or clearly mark intentionally unverified/template-only status.
06_DATASHEETS/01_MICROCONTROLLERS/STMICRO_STM32/STM32L5/README.md,UNVERIFIED_OR_EXAMPLE_MARKER,MEDIUM,Replace placeholders with verified content or clearly mark intentionally unverified/template-only status.
06_DATASHEETS/01_MICROCONTROLLERS/STMICRO_STM32/STM32L5/SCHEMATIC_BLOCK_CHECKLIST.md,UNVERIFIED_OR_EXAMPLE_MARKER,MEDIUM,Replace placeholders with verified content or clearly mark intentionally unverified/template-only status.
06_DATASHEETS/01_MICROCONTROLLERS/STMICRO_STM32/STM32L5/SOURCES.md,VERY_SHORT_MARKDOWN,MEDIUM,"Add actionable content, schema fields, examples, or explicit intentionally-empty status."
06_DATASHEETS/01_MICROCONTROLLERS/STMICRO_STM32/STM32L5/SOURCES.md,TODO_OR_TBD,MEDIUM,Replace placeholders with verified content or clearly mark intentionally unverified/template-only status.
06_DATASHEETS/01_MICROCONTROLLERS/STMICRO_STM32/STM32L5/STM32L5_AI_OVERVIEW.md,UNVERIFIED_OR_EXAMPLE_MARKER,MEDIUM,Replace placeholders with verified content or clearly mark intentionally unverified/template-only status.
06_DATASHEETS/01_MICROCONTROLLERS/STMICRO_STM32/STM32L5/STM32L5_COMMON_PART_NUMBERS.md,UNVERIFIED_OR_EXAMPLE_MARKER,MEDIUM,Replace placeholders with verified content or clearly mark intentionally unverified/template-only status.
06_DATASHEETS/01_MICROCONTROLLERS/STMICRO_STM32/STM32L5/STM32L5_KICAD_SYMBOL_FOOTPRINT_NOTES.md,UNVERIFIED_OR_EXAMPLE_MARKER,MEDIUM,Replace placeholders with verified content or clearly mark intentionally unverified/template-only status.
06_DATASHEETS/01_MICROCONTROLLERS/STMICRO_STM32/STM32L5/STM32L5_REPRESENTATIVE_PART_REQUIRES_SOURCE_BOOT_DEBUG_NOTES.md,UNVERIFIED_OR_EXAMPLE_MARKER,MEDIUM,Replace placeholders with verified content or clearly mark intentionally unverified/template-only status.
06_DATASHEETS/01_MICROCONTROLLERS/STMICRO_STM32/STM32L5/STM32L5_REPRESENTATIVE_PART_REQUIRES_SOURCE_DEV_BOARD_NOTES.md,UNVERIFIED_OR_EXAMPLE_MARKER,MEDIUM,Replace placeholders with verified content or clearly mark intentionally unverified/template-only status.
06_DATASHEETS/01_MICROCONTROLLERS/STMICRO_STM32/STM32L5/STM32L5_REPRESENTATIVE_PART_REQUIRES_SOURCE_PACKAGE_FOOTPRINT_NOTES.md,UNVERIFIED_OR_EXAMPLE_MARKER,MEDIUM,Replace placeholders with verified content or clearly mark intentionally unverified/template-only status.
06_DATASHEETS/01_MICROCONTROLLERS/STMICRO_STM32/STM32L5/STM32L5_REPRESENTATIVE_PART_REQUIRES_SOURCE_PCB_LAYOUT_NOTES.md,UNVERIFIED_OR_EXAMPLE_MARKER,MEDIUM,Replace placeholders with verified content or clearly mark intentionally unverified/template-only status.
06_DATASHEETS/01_MICROCONTROLLERS/STMICRO_STM32/STM32L5/STM32L5_REPRESENTATIVE_PART_REQUIRES_SOURCE_POWER_CLOCK_NOTES.md,UNVERIFIED_OR_EXAMPLE_MARKER,MEDIUM,Replace placeholders with verified content or clearly mark intentionally unverified/template-only status.
06_DATASHEETS/01_MICROCONTROLLERS/STMICRO_STM32/STM32L5/STM32L5_SOURCE_LINKS.md,UNVERIFIED_OR_EXAMPLE_MARKER,MEDIUM,Replace placeholders with verified content or clearly mark intentionally unverified/template-only status.
06_DATASHEETS/01_MICROCONTROLLERS/STMICRO_STM32/STM32L5/USB_CAN_COMMUNICATION_NOTES.md,UNVERIFIED_OR_EXAMPLE_MARKER,MEDIUM,Replace placeholders with verified content or clearly mark intentionally unverified/template-only status.
06_DATASHEETS/01_MICROCONTROLLERS/STMICRO_STM32/STM32MP/COMMON_MISTAKES.md,UNVERIFIED_OR_EXAMPLE_MARKER,MEDIUM,Replace placeholders with verified content or clearly mark intentionally unverified/template-only status.
06_DATASHEETS/01_MICROCONTROLLERS/STMICRO_STM32/STM32MP/COMMON_USE_CASES.md,UNVERIFIED_OR_EXAMPLE_MARKER,MEDIUM,Replace placeholders with verified content or clearly mark intentionally unverified/template-only status.
06_DATASHEETS/01_MICROCONTROLLERS/STMICRO_STM32/STM32MP/DESIGN_TIPS.md,UNVERIFIED_OR_EXAMPLE_MARKER,MEDIUM,Replace placeholders with verified content or clearly mark intentionally unverified/template-only status.
06_DATASHEETS/01_MICROCONTROLLERS/STMICRO_STM32/STM32MP/FAMILY_OVERVIEW.md,UNVERIFIED_OR_EXAMPLE_MARKER,MEDIUM,Replace placeholders with verified content or clearly mark intentionally unverified/template-only status.
06_DATASHEETS/01_MICROCONTROLLERS/STMICRO_STM32/STM32MP/NEEDS_RESEARCH.md,UNVERIFIED_OR_EXAMPLE_MARKER,MEDIUM,Replace placeholders with verified content or clearly mark intentionally unverified/template-only status.
06_DATASHEETS/01_MICROCONTROLLERS/STMICRO_STM32/STM32MP/PACKAGE_FOOTPRINT_NOTES.md,UNVERIFIED_OR_EXAMPLE_MARKER,MEDIUM,Replace placeholders with verified content or clearly mark intentionally unverified/template-only status.
06_DATASHEETS/01_MICROCONTROLLERS/STMICRO_STM32/STM32MP/PCB_LAYOUT_CHECKLIST.md,UNVERIFIED_OR_EXAMPLE_MARKER,MEDIUM,Replace placeholders with verified content or clearly mark intentionally unverified/template-only status.
06_DATASHEETS/01_MICROCONTROLLERS/STMICRO_STM32/STM32MP/POWER_CLOCK_RESET_NOTES.md,UNVERIFIED_OR_EXAMPLE_MARKER,MEDIUM,Replace placeholders with verified content or clearly mark intentionally unverified/template-only status.
06_DATASHEETS/01_MICROCONTROLLERS/STMICRO_STM32/STM32MP/README.md,UNVERIFIED_OR_EXAMPLE_MARKER,MEDIUM,Replace placeholders with verified content or clearly mark intentionally unverified/template-only status.
06_DATASHEETS/01_MICROCONTROLLERS/STMICRO_STM32/STM32MP/SCHEMATIC_BLOCK_CHECKLIST.md,UNVERIFIED_OR_EXAMPLE_MARKER,MEDIUM,Replace placeholders with verified content or clearly mark intentionally unverified/template-only status.
06_DATASHEETS/01_MICROCONTROLLERS/STMICRO_STM32/STM32MP/SOURCES.md,VERY_SHORT_MARKDOWN,MEDIUM,"Add actionable content, schema fields, examples, or explicit intentionally-empty status."
06_DATASHEETS/01_MICROCONTROLLERS/STMICRO_STM32/STM32MP/SOURCES.md,TODO_OR_TBD,MEDIUM,Replace placeholders with verified content or clearly mark intentionally unverified/template-only status.
06_DATASHEETS/01_MICROCONTROLLERS/STMICRO_STM32/STM32MP/STM32MP_AI_OVERVIEW.md,UNVERIFIED_OR_EXAMPLE_MARKER,MEDIUM,Replace placeholders with verified content or clearly mark intentionally unverified/template-only status.
06_DATASHEETS/01_MICROCONTROLLERS/STMICRO_STM32/STM32MP/STM32MP_COMMON_PART_NUMBERS.md,UNVERIFIED_OR_EXAMPLE_MARKER,MEDIUM,Replace placeholders with verified content or clearly mark intentionally unverified/template-only status.
06_DATASHEETS/01_MICROCONTROLLERS/STMICRO_STM32/STM32MP/STM32MP_KICAD_SYMBOL_FOOTPRINT_NOTES.md,UNVERIFIED_OR_EXAMPLE_MARKER,MEDIUM,Replace placeholders with verified content or clearly mark intentionally unverified/template-only status.
06_DATASHEETS/01_MICROCONTROLLERS/STMICRO_STM32/STM32MP/STM32MP_REPRESENTATIVE_PART_REQUIRES_SOURCE_BOOT_DEBUG_NOTES.md,UNVERIFIED_OR_EXAMPLE_MARKER,MEDIUM,Replace placeholders with verified content or clearly mark intentionally unverified/template-only status.
06_DATASHEETS/01_MICROCONTROLLERS/STMICRO_STM32/STM32MP/STM32MP_REPRESENTATIVE_PART_REQUIRES_SOURCE_DEV_BOARD_NOTES.md,UNVERIFIED_OR_EXAMPLE_MARKER,MEDIUM,Replace placeholders with verified content or clearly mark intentionally unverified/template-only status.
06_DATASHEETS/01_MICROCONTROLLERS/STMICRO_STM32/STM32MP/STM32MP_REPRESENTATIVE_PART_REQUIRES_SOURCE_PACKAGE_FOOTPRINT_NOTES.md,UNVERIFIED_OR_EXAMPLE_MARKER,MEDIUM,Replace placeholders with verified content or clearly mark intentionally unverified/template-only status.
06_DATASHEETS/01_MICROCONTROLLERS/STMICRO_STM32/STM32MP/STM32MP_REPRESENTATIVE_PART_REQUIRES_SOURCE_PCB_LAYOUT_NOTES.md,UNVERIFIED_OR_EXAMPLE_MARKER,MEDIUM,Replace placeholders with verified content or clearly mark intentionally unverified/template-only status.
06_DATASHEETS/01_MICROCONTROLLERS/STMICRO_STM32/STM32MP/STM32MP_REPRESENTATIVE_PART_REQUIRES_SOURCE_POWER_CLOCK_NOTES.md,UNVERIFIED_OR_EXAMPLE_MARKER,MEDIUM,Replace placeholders with verified content or clearly mark intentionally unverified/template-only status.
06_DATASHEETS/01_MICROCONTROLLERS/STMICRO_STM32/STM32MP/STM32MP_SOURCE_LINKS.md,UNVERIFIED_OR_EXAMPLE_MARKER,MEDIUM,Replace placeholders with verified content or clearly mark intentionally unverified/template-only status.
06_DATASHEETS/01_MICROCONTROLLERS/STMICRO_STM32/STM32MP/USB_CAN_COMMUNICATION_NOTES.md,UNVERIFIED_OR_EXAMPLE_MARKER,MEDIUM,Replace placeholders with verified content or clearly mark intentionally unverified/template-only status.
06_DATASHEETS/01_MICROCONTROLLERS/STMICRO_STM32/STM32U0/COMMON_MISTAKES.md,UNVERIFIED_OR_EXAMPLE_MARKER,MEDIUM,Replace placeholders with verified content or clearly mark intentionally unverified/template-only status.
06_DATASHEETS/01_MICROCONTROLLERS/STMICRO_STM32/STM32U0/COMMON_USE_CASES.md,UNVERIFIED_OR_EXAMPLE_MARKER,MEDIUM,Replace placeholders with verified content or clearly mark intentionally unverified/template-only status.
06_DATASHEETS/01_MICROCONTROLLERS/STMICRO_STM32/STM32U0/DESIGN_TIPS.md,UNVERIFIED_OR_EXAMPLE_MARKER,MEDIUM,Replace placeholders with verified content or clearly mark intentionally unverified/template-only status.
06_DATASHEETS/01_MICROCONTROLLERS/STMICRO_STM32/STM32U0/FAMILY_OVERVIEW.md,UNVERIFIED_OR_EXAMPLE_MARKER,MEDIUM,Replace placeholders with verified content or clearly mark intentionally unverified/template-only status.
06_DATASHEETS/01_MICROCONTROLLERS/STMICRO_STM32/STM32U0/NEEDS_RESEARCH.md,UNVERIFIED_OR_EXAMPLE_MARKER,MEDIUM,Replace placeholders with verified content or clearly mark intentionally unverified/template-only status.
06_DATASHEETS/01_MICROCONTROLLERS/STMICRO_STM32/STM32U0/PACKAGE_FOOTPRINT_NOTES.md,UNVERIFIED_OR_EXAMPLE_MARKER,MEDIUM,Replace placeholders with verified content or clearly mark intentionally unverified/template-only status.
06_DATASHEETS/01_MICROCONTROLLERS/STMICRO_STM32/STM32U0/PCB_LAYOUT_CHECKLIST.md,UNVERIFIED_OR_EXAMPLE_MARKER,MEDIUM,Replace placeholders with verified content or clearly mark intentionally unverified/template-only status.
06_DATASHEETS/01_MICROCONTROLLERS/STMICRO_STM32/STM32U0/POWER_CLOCK_RESET_NOTES.md,UNVERIFIED_OR_EXAMPLE_MARKER,MEDIUM,Replace placeholders with verified content or clearly mark intentionally unverified/template-only status.
06_DATASHEETS/01_MICROCONTROLLERS/STMICRO_STM32/STM32U0/README.md,UNVERIFIED_OR_EXAMPLE_MARKER,MEDIUM,Replace placeholders with verified content or clearly mark intentionally unverified/template-only status.
06_DATASHEETS/01_MICROCONTROLLERS/STMICRO_STM32/STM32U0/SCHEMATIC_BLOCK_CHECKLIST.md,UNVERIFIED_OR_EXAMPLE_MARKER,MEDIUM,Replace placeholders with verified content or clearly mark intentionally unverified/template-only status.
06_DATASHEETS/01_MICROCONTROLLERS/STMICRO_STM32/STM32U0/SOURCES.md,VERY_SHORT_MARKDOWN,MEDIUM,"Add actionable content, schema fields, examples, or explicit intentionally-empty status."
06_DATASHEETS/01_MICROCONTROLLERS/STMICRO_STM32/STM32U0/SOURCES.md,TODO_OR_TBD,MEDIUM,Replace placeholders with verified content or clearly mark intentionally unverified/template-only status.
06_DATASHEETS/01_MICROCONTROLLERS/STMICRO_STM32/STM32U0/STM32U0_AI_OVERVIEW.md,UNVERIFIED_OR_EXAMPLE_MARKER,MEDIUM,Replace placeholders with verified content or clearly mark intentionally unverified/template-only status.
06_DATASHEETS/01_MICROCONTROLLERS/STMICRO_STM32/STM32U0/STM32U0_COMMON_PART_NUMBERS.md,UNVERIFIED_OR_EXAMPLE_MARKER,MEDIUM,Replace placeholders with verified content or clearly mark intentionally unverified/template-only status.
06_DATASHEETS/01_MICROCONTROLLERS/STMICRO_STM32/STM32U0/STM32U0_KICAD_SYMBOL_FOOTPRINT_NOTES.md,UNVERIFIED_OR_EXAMPLE_MARKER,MEDIUM,Replace placeholders with verified content or clearly mark intentionally unverified/template-only status.
06_DATASHEETS/01_MICROCONTROLLERS/STMICRO_STM32/STM32U0/STM32U0_REPRESENTATIVE_PART_REQUIRES_SOURCE_BOOT_DEBUG_NOTES.md,UNVERIFIED_OR_EXAMPLE_MARKER,MEDIUM,Replace placeholders with verified content or clearly mark intentionally unverified/template-only status.
06_DATASHEETS/01_MICROCONTROLLERS/STMICRO_STM32/STM32U0/STM32U0_REPRESENTATIVE_PART_REQUIRES_SOURCE_DEV_BOARD_NOTES.md,UNVERIFIED_OR_EXAMPLE_MARKER,MEDIUM,Replace placeholders with verified content or clearly mark intentionally unverified/template-only status.
06_DATASHEETS/01_MICROCONTROLLERS/STMICRO_STM32/STM32U0/STM32U0_REPRESENTATIVE_PART_REQUIRES_SOURCE_PACKAGE_FOOTPRINT_NOTES.md,UNVERIFIED_OR_EXAMPLE_MARKER,MEDIUM,Replace placeholders with verified content or clearly mark intentionally unverified/template-only status.
06_DATASHEETS/01_MICROCONTROLLERS/STMICRO_STM32/STM32U0/STM32U0_REPRESENTATIVE_PART_REQUIRES_SOURCE_PCB_LAYOUT_NOTES.md,UNVERIFIED_OR_EXAMPLE_MARKER,MEDIUM,Replace placeholders with verified content or clearly mark intentionally unverified/template-only status.
06_DATASHEETS/01_MICROCONTROLLERS/STMICRO_STM32/STM32U0/STM32U0_REPRESENTATIVE_PART_REQUIRES_SOURCE_POWER_CLOCK_NOTES.md,UNVERIFIED_OR_EXAMPLE_MARKER,MEDIUM,Replace placeholders with verified content or clearly mark intentionally unverified/template-only status.
06_DATASHEETS/01_MICROCONTROLLERS/STMICRO_STM32/STM32U0/STM32U0_SOURCE_LINKS.md,UNVERIFIED_OR_EXAMPLE_MARKER,MEDIUM,Replace placeholders with verified content or clearly mark intentionally unverified/template-only status.
06_DATASHEETS/01_MICROCONTROLLERS/STMICRO_STM32/STM32U0/USB_CAN_COMMUNICATION_NOTES.md,UNVERIFIED_OR_EXAMPLE_MARKER,MEDIUM,Replace placeholders with verified content or clearly mark intentionally unverified/template-only status.
06_DATASHEETS/01_MICROCONTROLLERS/STMICRO_STM32/STM32U5/COMMON_MISTAKES.md,UNVERIFIED_OR_EXAMPLE_MARKER,MEDIUM,Replace placeholders with verified content or clearly mark intentionally unverified/template-only status.
06_DATASHEETS/01_MICROCONTROLLERS/STMICRO_STM32/STM32U5/COMMON_USE_CASES.md,UNVERIFIED_OR_EXAMPLE_MARKER,MEDIUM,Replace placeholders with verified content or clearly mark intentionally unverified/template-only status.
06_DATASHEETS/01_MICROCONTROLLERS/STMICRO_STM32/STM32U5/DESIGN_TIPS.md,UNVERIFIED_OR_EXAMPLE_MARKER,MEDIUM,Replace placeholders with verified content or clearly mark intentionally unverified/template-only status.
06_DATASHEETS/01_MICROCONTROLLERS/STMICRO_STM32/STM32U5/FAMILY_OVERVIEW.md,UNVERIFIED_OR_EXAMPLE_MARKER,MEDIUM,Replace placeholders with verified content or clearly mark intentionally unverified/template-only status.
06_DATASHEETS/01_MICROCONTROLLERS/STMICRO_STM32/STM32U5/NEEDS_RESEARCH.md,UNVERIFIED_OR_EXAMPLE_MARKER,MEDIUM,Replace placeholders with verified content or clearly mark intentionally unverified/template-only status.
06_DATASHEETS/01_MICROCONTROLLERS/STMICRO_STM32/STM32U5/PACKAGE_FOOTPRINT_NOTES.md,UNVERIFIED_OR_EXAMPLE_MARKER,MEDIUM,Replace placeholders with verified content or clearly mark intentionally unverified/template-only status.
06_DATASHEETS/01_MICROCONTROLLERS/STMICRO_STM32/STM32U5/PCB_LAYOUT_CHECKLIST.md,UNVERIFIED_OR_EXAMPLE_MARKER,MEDIUM,Replace placeholders with verified content or clearly mark intentionally unverified/template-only status.
06_DATASHEETS/01_MICROCONTROLLERS/STMICRO_STM32/STM32U5/POWER_CLOCK_RESET_NOTES.md,UNVERIFIED_OR_EXAMPLE_MARKER,MEDIUM,Replace placeholders with verified content or clearly mark intentionally unverified/template-only status.
06_DATASHEETS/01_MICROCONTROLLERS/STMICRO_STM32/STM32U5/README.md,UNVERIFIED_OR_EXAMPLE_MARKER,MEDIUM,Replace placeholders with verified content or clearly mark intentionally unverified/template-only status.
06_DATASHEETS/01_MICROCONTROLLERS/STMICRO_STM32/STM32U5/SCHEMATIC_BLOCK_CHECKLIST.md,UNVERIFIED_OR_EXAMPLE_MARKER,MEDIUM,Replace placeholders with verified content or clearly mark intentionally unverified/template-only status.
06_DATASHEETS/01_MICROCONTROLLERS/STMICRO_STM32/STM32U5/SOURCES.md,VERY_SHORT_MARKDOWN,MEDIUM,"Add actionable content, schema fields, examples, or explicit intentionally-empty status."
06_DATASHEETS/01_MICROCONTROLLERS/STMICRO_STM32/STM32U5/SOURCES.md,TODO_OR_TBD,MEDIUM,Replace placeholders with verified content or clearly mark intentionally unverified/template-only status.
06_DATASHEETS/01_MICROCONTROLLERS/STMICRO_STM32/STM32U5/STM32U5_AI_OVERVIEW.md,UNVERIFIED_OR_EXAMPLE_MARKER,MEDIUM,Replace placeholders with verified content or clearly mark intentionally unverified/template-only status.
06_DATASHEETS/01_MICROCONTROLLERS/STMICRO_STM32/STM32U5/STM32U5_COMMON_PART_NUMBERS.md,UNVERIFIED_OR_EXAMPLE_MARKER,MEDIUM,Replace placeholders with verified content or clearly mark intentionally unverified/template-only status.
06_DATASHEETS/01_MICROCONTROLLERS/STMICRO_STM32/STM32U5/STM32U5_KICAD_SYMBOL_FOOTPRINT_NOTES.md,UNVERIFIED_OR_EXAMPLE_MARKER,MEDIUM,Replace placeholders with verified content or clearly mark intentionally unverified/template-only status.
06_DATASHEETS/01_MICROCONTROLLERS/STMICRO_STM32/STM32U5/STM32U5_REPRESENTATIVE_PART_REQUIRES_SOURCE_BOOT_DEBUG_NOTES.md,UNVERIFIED_OR_EXAMPLE_MARKER,MEDIUM,Replace placeholders with verified content or clearly mark intentionally unverified/template-only status.
06_DATASHEETS/01_MICROCONTROLLERS/STMICRO_STM32/STM32U5/STM32U5_REPRESENTATIVE_PART_REQUIRES_SOURCE_DEV_BOARD_NOTES.md,UNVERIFIED_OR_EXAMPLE_MARKER,MEDIUM,Replace placeholders with verified content or clearly mark intentionally unverified/template-only status.
06_DATASHEETS/01_MICROCONTROLLERS/STMICRO_STM32/STM32U5/STM32U5_REPRESENTATIVE_PART_REQUIRES_SOURCE_PACKAGE_FOOTPRINT_NOTES.md,UNVERIFIED_OR_EXAMPLE_MARKER,MEDIUM,Replace placeholders with verified content or clearly mark intentionally unverified/template-only status.
06_DATASHEETS/01_MICROCONTROLLERS/STMICRO_STM32/STM32U5/STM32U5_REPRESENTATIVE_PART_REQUIRES_SOURCE_PCB_LAYOUT_NOTES.md,UNVERIFIED_OR_EXAMPLE_MARKER,MEDIUM,Replace placeholders with verified content or clearly mark intentionally unverified/template-only status.
06_DATASHEETS/01_MICROCONTROLLERS/STMICRO_STM32/STM32U5/STM32U5_REPRESENTATIVE_PART_REQUIRES_SOURCE_POWER_CLOCK_NOTES.md,UNVERIFIED_OR_EXAMPLE_MARKER,MEDIUM,Replace placeholders with verified content or clearly mark intentionally unverified/template-only status.
06_DATASHEETS/01_MICROCONTROLLERS/STMICRO_STM32/STM32U5/STM32U5_SOURCE_LINKS.md,UNVERIFIED_OR_EXAMPLE_MARKER,MEDIUM,Replace placeholders with verified content or clearly mark intentionally unverified/template-only status.
06_DATASHEETS/01_MICROCONTROLLERS/STMICRO_STM32/STM32U5/USB_CAN_COMMUNICATION_NOTES.md,UNVERIFIED_OR_EXAMPLE_MARKER,MEDIUM,Replace placeholders with verified content or clearly mark intentionally unverified/template-only status.
06_DATASHEETS/01_MICROCONTROLLERS/STMICRO_STM32/STM32WB/COMMON_MISTAKES.md,UNVERIFIED_OR_EXAMPLE_MARKER,MEDIUM,Replace placeholders with verified content or clearly mark intentionally unverified/template-only status.
06_DATASHEETS/01_MICROCONTROLLERS/STMICRO_STM32/STM32WB/COMMON_USE_CASES.md,UNVERIFIED_OR_EXAMPLE_MARKER,MEDIUM,Replace placeholders with verified content or clearly mark intentionally unverified/template-only status.
06_DATASHEETS/01_MICROCONTROLLERS/STMICRO_STM32/STM32WB/DESIGN_TIPS.md,UNVERIFIED_OR_EXAMPLE_MARKER,MEDIUM,Replace placeholders with verified content or clearly mark intentionally unverified/template-only status.
06_DATASHEETS/01_MICROCONTROLLERS/STMICRO_STM32/STM32WB/FAMILY_OVERVIEW.md,UNVERIFIED_OR_EXAMPLE_MARKER,MEDIUM,Replace placeholders with verified content or clearly mark intentionally unverified/template-only status.
06_DATASHEETS/01_MICROCONTROLLERS/STMICRO_STM32/STM32WB/NEEDS_RESEARCH.md,UNVERIFIED_OR_EXAMPLE_MARKER,MEDIUM,Replace placeholders with verified content or clearly mark intentionally unverified/template-only status.
06_DATASHEETS/01_MICROCONTROLLERS/STMICRO_STM32/STM32WB/PACKAGE_FOOTPRINT_NOTES.md,UNVERIFIED_OR_EXAMPLE_MARKER,MEDIUM,Replace placeholders with verified content or clearly mark intentionally unverified/template-only status.
06_DATASHEETS/01_MICROCONTROLLERS/STMICRO_STM32/STM32WB/PCB_LAYOUT_CHECKLIST.md,UNVERIFIED_OR_EXAMPLE_MARKER,MEDIUM,Replace placeholders with verified content or clearly mark intentionally unverified/template-only status.
06_DATASHEETS/01_MICROCONTROLLERS/STMICRO_STM32/STM32WB/POWER_CLOCK_RESET_NOTES.md,UNVERIFIED_OR_EXAMPLE_MARKER,MEDIUM,Replace placeholders with verified content or clearly mark intentionally unverified/template-only status.
06_DATASHEETS/01_MICROCONTROLLERS/STMICRO_STM32/STM32WB/README.md,UNVERIFIED_OR_EXAMPLE_MARKER,MEDIUM,Replace placeholders with verified content or clearly mark intentionally unverified/template-only status.
06_DATASHEETS/01_MICROCONTROLLERS/STMICRO_STM32/STM32WB/SCHEMATIC_BLOCK_CHECKLIST.md,UNVERIFIED_OR_EXAMPLE_MARKER,MEDIUM,Replace placeholders with verified content or clearly mark intentionally unverified/template-only status.
06_DATASHEETS/01_MICROCONTROLLERS/STMICRO_STM32/STM32WB/SOURCES.md,VERY_SHORT_MARKDOWN,MEDIUM,"Add actionable content, schema fields, examples, or explicit intentionally-empty status."
06_DATASHEETS/01_MICROCONTROLLERS/STMICRO_STM32/STM32WB/SOURCES.md,TODO_OR_TBD,MEDIUM,Replace placeholders with verified content or clearly mark intentionally unverified/template-only status.
06_DATASHEETS/01_MICROCONTROLLERS/STMICRO_STM32/STM32WB/STM32WB_AI_OVERVIEW.md,UNVERIFIED_OR_EXAMPLE_MARKER,MEDIUM,Replace placeholders with verified content or clearly mark intentionally unverified/template-only status.
06_DATASHEETS/01_MICROCONTROLLERS/STMICRO_STM32/STM32WB/STM32WB_COMMON_PART_NUMBERS.md,UNVERIFIED_OR_EXAMPLE_MARKER,MEDIUM,Replace placeholders with verified content or clearly mark intentionally unverified/template-only status.
06_DATASHEETS/01_MICROCONTROLLERS/STMICRO_STM32/STM32WB/STM32WB_KICAD_SYMBOL_FOOTPRINT_NOTES.md,UNVERIFIED_OR_EXAMPLE_MARKER,MEDIUM,Replace placeholders with verified content or clearly mark intentionally unverified/template-only status.
06_DATASHEETS/01_MICROCONTROLLERS/STMICRO_STM32/STM32WB/STM32WB_REPRESENTATIVE_PART_REQUIRES_SOURCE_BOOT_DEBUG_NOTES.md,UNVERIFIED_OR_EXAMPLE_MARKER,MEDIUM,Replace placeholders with verified content or clearly mark intentionally unverified/template-only status.
06_DATASHEETS/01_MICROCONTROLLERS/STMICRO_STM32/STM32WB/STM32WB_REPRESENTATIVE_PART_REQUIRES_SOURCE_DEV_BOARD_NOTES.md,UNVERIFIED_OR_EXAMPLE_MARKER,MEDIUM,Replace placeholders with verified content or clearly mark intentionally unverified/template-only status.
06_DATASHEETS/01_MICROCONTROLLERS/STMICRO_STM32/STM32WB/STM32WB_REPRESENTATIVE_PART_REQUIRES_SOURCE_PACKAGE_FOOTPRINT_NOTES.md,UNVERIFIED_OR_EXAMPLE_MARKER,MEDIUM,Replace placeholders with verified content or clearly mark intentionally unverified/template-only status.
06_DATASHEETS/01_MICROCONTROLLERS/STMICRO_STM32/STM32WB/STM32WB_REPRESENTATIVE_PART_REQUIRES_SOURCE_PCB_LAYOUT_NOTES.md,UNVERIFIED_OR_EXAMPLE_MARKER,MEDIUM,Replace placeholders with verified content or clearly mark intentionally unverified/template-only status.
06_DATASHEETS/01_MICROCONTROLLERS/STMICRO_STM32/STM32WB/STM32WB_REPRESENTATIVE_PART_REQUIRES_SOURCE_POWER_CLOCK_NOTES.md,UNVERIFIED_OR_EXAMPLE_MARKER,MEDIUM,Replace placeholders with verified content or clearly mark intentionally unverified/template-only status.
06_DATASHEETS/01_MICROCONTROLLERS/STMICRO_STM32/STM32WB/STM32WB_SOURCE_LINKS.md,UNVERIFIED_OR_EXAMPLE_MARKER,MEDIUM,Replace placeholders with verified content or clearly mark intentionally unverified/template-only status.
06_DATASHEETS/01_MICROCONTROLLERS/STMICRO_STM32/STM32WB/USB_CAN_COMMUNICATION_NOTES.md,UNVERIFIED_OR_EXAMPLE_MARKER,MEDIUM,Replace placeholders with verified content or clearly mark intentionally unverified/template-only status.
06_DATASHEETS/01_MICROCONTROLLERS/STMICRO_STM32/STM32WL/COMMON_MISTAKES.md,UNVERIFIED_OR_EXAMPLE_MARKER,MEDIUM,Replace placeholders with verified content or clearly mark intentionally unverified/template-only status.
06_DATASHEETS/01_MICROCONTROLLERS/STMICRO_STM32/STM32WL/COMMON_USE_CASES.md,UNVERIFIED_OR_EXAMPLE_MARKER,MEDIUM,Replace placeholders with verified content or clearly mark intentionally unverified/template-only status.
06_DATASHEETS/01_MICROCONTROLLERS/STMICRO_STM32/STM32WL/DESIGN_TIPS.md,UNVERIFIED_OR_EXAMPLE_MARKER,MEDIUM,Replace placeholders with verified content or clearly mark intentionally unverified/template-only status.
06_DATASHEETS/01_MICROCONTROLLERS/STMICRO_STM32/STM32WL/FAMILY_OVERVIEW.md,UNVERIFIED_OR_EXAMPLE_MARKER,MEDIUM,Replace placeholders with verified content or clearly mark intentionally unverified/template-only status.
06_DATASHEETS/01_MICROCONTROLLERS/STMICRO_STM32/STM32WL/NEEDS_RESEARCH.md,UNVERIFIED_OR_EXAMPLE_MARKER,MEDIUM,Replace placeholders with verified content or clearly mark intentionally unverified/template-only status.
06_DATASHEETS/01_MICROCONTROLLERS/STMICRO_STM32/STM32WL/PACKAGE_FOOTPRINT_NOTES.md,UNVERIFIED_OR_EXAMPLE_MARKER,MEDIUM,Replace placeholders with verified content or clearly mark intentionally unverified/template-only status.
06_DATASHEETS/01_MICROCONTROLLERS/STMICRO_STM32/STM32WL/PCB_LAYOUT_CHECKLIST.md,UNVERIFIED_OR_EXAMPLE_MARKER,MEDIUM,Replace placeholders with verified content or clearly mark intentionally unverified/template-only status.
06_DATASHEETS/01_MICROCONTROLLERS/STMICRO_STM32/STM32WL/POWER_CLOCK_RESET_NOTES.md,UNVERIFIED_OR_EXAMPLE_MARKER,MEDIUM,Replace placeholders with verified content or clearly mark intentionally unverified/template-only status.
06_DATASHEETS/01_MICROCONTROLLERS/STMICRO_STM32/STM32WL/README.md,UNVERIFIED_OR_EXAMPLE_MARKER,MEDIUM,Replace placeholders with verified content or clearly mark intentionally unverified/template-only status.
06_DATASHEETS/01_MICROCONTROLLERS/STMICRO_STM32/STM32WL/SCHEMATIC_BLOCK_CHECKLIST.md,UNVERIFIED_OR_EXAMPLE_MARKER,MEDIUM,Replace placeholders with verified content or clearly mark intentionally unverified/template-only status.
06_DATASHEETS/01_MICROCONTROLLERS/STMICRO_STM32/STM32WL/SOURCES.md,VERY_SHORT_MARKDOWN,MEDIUM,"Add actionable content, schema fields, examples, or explicit intentionally-empty status."
06_DATASHEETS/01_MICROCONTROLLERS/STMICRO_STM32/STM32WL/SOURCES.md,TODO_OR_TBD,MEDIUM,Replace placeholders with verified content or clearly mark intentionally unverified/template-only status.
06_DATASHEETS/01_MICROCONTROLLERS/STMICRO_STM32/STM32WL/STM32WL_AI_OVERVIEW.md,UNVERIFIED_OR_EXAMPLE_MARKER,MEDIUM,Replace placeholders with verified content or clearly mark intentionally unverified/template-only status.
06_DATASHEETS/01_MICROCONTROLLERS/STMICRO_STM32/STM32WL/STM32WL_COMMON_PART_NUMBERS.md,UNVERIFIED_OR_EXAMPLE_MARKER,MEDIUM,Replace placeholders with verified content or clearly mark intentionally unverified/template-only status.
06_DATASHEETS/01_MICROCONTROLLERS/STMICRO_STM32/STM32WL/STM32WL_KICAD_SYMBOL_FOOTPRINT_NOTES.md,UNVERIFIED_OR_EXAMPLE_MARKER,MEDIUM,Replace placeholders with verified content or clearly mark intentionally unverified/template-only status.
06_DATASHEETS/01_MICROCONTROLLERS/STMICRO_STM32/STM32WL/STM32WL_REPRESENTATIVE_PART_REQUIRES_SOURCE_BOOT_DEBUG_NOTES.md,UNVERIFIED_OR_EXAMPLE_MARKER,MEDIUM,Replace placeholders with verified content or clearly mark intentionally unverified/template-only status.
06_DATASHEETS/01_MICROCONTROLLERS/STMICRO_STM32/STM32WL/STM32WL_REPRESENTATIVE_PART_REQUIRES_SOURCE_DEV_BOARD_NOTES.md,UNVERIFIED_OR_EXAMPLE_MARKER,MEDIUM,Replace placeholders with verified content or clearly mark intentionally unverified/template-only status.
06_DATASHEETS/01_MICROCONTROLLERS/STMICRO_STM32/STM32WL/STM32WL_REPRESENTATIVE_PART_REQUIRES_SOURCE_PACKAGE_FOOTPRINT_NOTES.md,UNVERIFIED_OR_EXAMPLE_MARKER,MEDIUM,Replace placeholders with verified content or clearly mark intentionally unverified/template-only status.
06_DATASHEETS/01_MICROCONTROLLERS/STMICRO_STM32/STM32WL/STM32WL_REPRESENTATIVE_PART_REQUIRES_SOURCE_PCB_LAYOUT_NOTES.md,UNVERIFIED_OR_EXAMPLE_MARKER,MEDIUM,Replace placeholders with verified content or clearly mark intentionally unverified/template-only status.
06_DATASHEETS/01_MICROCONTROLLERS/STMICRO_STM32/STM32WL/STM32WL_REPRESENTATIVE_PART_REQUIRES_SOURCE_POWER_CLOCK_NOTES.md,UNVERIFIED_OR_EXAMPLE_MARKER,MEDIUM,Replace placeholders with verified content or clearly mark intentionally unverified/template-only status.
06_DATASHEETS/01_MICROCONTROLLERS/STMICRO_STM32/STM32WL/STM32WL_SOURCE_LINKS.md,UNVERIFIED_OR_EXAMPLE_MARKER,MEDIUM,Replace placeholders with verified content or clearly mark intentionally unverified/template-only status.
06_DATASHEETS/01_MICROCONTROLLERS/STMICRO_STM32/STM32WL/USB_CAN_COMMUNICATION_NOTES.md,UNVERIFIED_OR_EXAMPLE_MARKER,MEDIUM,Replace placeholders with verified content or clearly mark intentionally unverified/template-only status.
06_DATASHEETS/01_MICROCONTROLLERS/STMICRO_STM32/STM32_MASTER_INDEX.md,PLACEHOLDER_LANGUAGE,MEDIUM,Replace placeholders with verified content or clearly mark intentionally unverified/template-only status.
06_DATASHEETS/01_MICROCONTROLLERS/TI/README.md,UNVERIFIED_OR_EXAMPLE_MARKER,MEDIUM,Replace placeholders with verified content or clearly mark intentionally unverified/template-only status.
06_DATASHEETS/01_MICROCONTROLLERS/TI/SOURCES.md,VERY_SHORT_MARKDOWN,MEDIUM,"Add actionable content, schema fields, examples, or explicit intentionally-empty status."
06_DATASHEETS/01_MICROCONTROLLERS/TI/SOURCES.md,TODO_OR_TBD,MEDIUM,Replace placeholders with verified content or clearly mark intentionally unverified/template-only status.
06_DATASHEETS/01_MICROCONTROLLERS/TI/TI_AI_OVERVIEW.md,UNVERIFIED_OR_EXAMPLE_MARKER,MEDIUM,Replace placeholders with verified content or clearly mark intentionally unverified/template-only status.
06_DATASHEETS/01_MICROCONTROLLERS/TI/TI_COMMON_PART_NUMBERS.md,UNVERIFIED_OR_EXAMPLE_MARKER,MEDIUM,Replace placeholders with verified content or clearly mark intentionally unverified/template-only status.
06_DATASHEETS/01_MICROCONTROLLERS/TI/TI_KICAD_SYMBOL_FOOTPRINT_NOTES.md,UNVERIFIED_OR_EXAMPLE_MARKER,MEDIUM,Replace placeholders with verified content or clearly mark intentionally unverified/template-only status.
06_DATASHEETS/01_MICROCONTROLLERS/TI/TI_REPRESENTATIVE_PART_REQUIRES_SOURCE_BOOT_DEBUG_NOTES.md,UNVERIFIED_OR_EXAMPLE_MARKER,MEDIUM,Replace placeholders with verified content or clearly mark intentionally unverified/template-only status.
06_DATASHEETS/01_MICROCONTROLLERS/TI/TI_REPRESENTATIVE_PART_REQUIRES_SOURCE_DEV_BOARD_NOTES.md,UNVERIFIED_OR_EXAMPLE_MARKER,MEDIUM,Replace placeholders with verified content or clearly mark intentionally unverified/template-only status.
06_DATASHEETS/01_MICROCONTROLLERS/TI/TI_REPRESENTATIVE_PART_REQUIRES_SOURCE_PACKAGE_FOOTPRINT_NOTES.md,UNVERIFIED_OR_EXAMPLE_MARKER,MEDIUM,Replace placeholders with verified content or clearly mark intentionally unverified/template-only status.
06_DATASHEETS/01_MICROCONTROLLERS/TI/TI_REPRESENTATIVE_PART_REQUIRES_SOURCE_PCB_LAYOUT_NOTES.md,UNVERIFIED_OR_EXAMPLE_MARKER,MEDIUM,Replace placeholders with verified content or clearly mark intentionally unverified/template-only status.
06_DATASHEETS/01_MICROCONTROLLERS/TI/TI_REPRESENTATIVE_PART_REQUIRES_SOURCE_POWER_CLOCK_NOTES.md,UNVERIFIED_OR_EXAMPLE_MARKER,MEDIUM,Replace placeholders with verified content or clearly mark intentionally unverified/template-only status.
06_DATASHEETS/01_MICROCONTROLLERS/TI/TI_SOURCE_LINKS.md,UNVERIFIED_OR_EXAMPLE_MARKER,MEDIUM,Replace placeholders with verified content or clearly mark intentionally unverified/template-only status.
06_DATASHEETS/01_MICROCONTROLLERS/WCH/README.md,UNVERIFIED_OR_EXAMPLE_MARKER,MEDIUM,Replace placeholders with verified content or clearly mark intentionally unverified/template-only status.
06_DATASHEETS/01_MICROCONTROLLERS/WCH/SOURCES.md,VERY_SHORT_MARKDOWN,MEDIUM,"Add actionable content, schema fields, examples, or explicit intentionally-empty status."
06_DATASHEETS/01_MICROCONTROLLERS/WCH/SOURCES.md,TODO_OR_TBD,MEDIUM,Replace placeholders with verified content or clearly mark intentionally unverified/template-only status.
06_DATASHEETS/01_MICROCONTROLLERS/WCH/WCH_AI_OVERVIEW.md,UNVERIFIED_OR_EXAMPLE_MARKER,MEDIUM,Replace placeholders with verified content or clearly mark intentionally unverified/template-only status.
06_DATASHEETS/01_MICROCONTROLLERS/WCH/WCH_COMMON_PART_NUMBERS.md,UNVERIFIED_OR_EXAMPLE_MARKER,MEDIUM,Replace placeholders with verified content or clearly mark intentionally unverified/template-only status.
06_DATASHEETS/01_MICROCONTROLLERS/WCH/WCH_KICAD_SYMBOL_FOOTPRINT_NOTES.md,UNVERIFIED_OR_EXAMPLE_MARKER,MEDIUM,Replace placeholders with verified content or clearly mark intentionally unverified/template-only status.
06_DATASHEETS/01_MICROCONTROLLERS/WCH/WCH_REPRESENTATIVE_PART_REQUIRES_SOURCE_BOOT_DEBUG_NOTES.md,UNVERIFIED_OR_EXAMPLE_MARKER,MEDIUM,Replace placeholders with verified content or clearly mark intentionally unverified/template-only status.
06_DATASHEETS/01_MICROCONTROLLERS/WCH/WCH_REPRESENTATIVE_PART_REQUIRES_SOURCE_DEV_BOARD_NOTES.md,UNVERIFIED_OR_EXAMPLE_MARKER,MEDIUM,Replace placeholders with verified content or clearly mark intentionally unverified/template-only status.
06_DATASHEETS/01_MICROCONTROLLERS/WCH/WCH_REPRESENTATIVE_PART_REQUIRES_SOURCE_PACKAGE_FOOTPRINT_NOTES.md,UNVERIFIED_OR_EXAMPLE_MARKER,MEDIUM,Replace placeholders with verified content or clearly mark intentionally unverified/template-only status.
06_DATASHEETS/01_MICROCONTROLLERS/WCH/WCH_REPRESENTATIVE_PART_REQUIRES_SOURCE_PCB_LAYOUT_NOTES.md,UNVERIFIED_OR_EXAMPLE_MARKER,MEDIUM,Replace placeholders with verified content or clearly mark intentionally unverified/template-only status.
06_DATASHEETS/01_MICROCONTROLLERS/WCH/WCH_REPRESENTATIVE_PART_REQUIRES_SOURCE_POWER_CLOCK_NOTES.md,UNVERIFIED_OR_EXAMPLE_MARKER,MEDIUM,Replace placeholders with verified content or clearly mark intentionally unverified/template-only status.
06_DATASHEETS/01_MICROCONTROLLERS/WCH/WCH_SOURCE_LINKS.md,UNVERIFIED_OR_EXAMPLE_MARKER,MEDIUM,Replace placeholders with verified content or clearly mark intentionally unverified/template-only status.
06_DATASHEETS/02_DEV_BOARDS_AND_MODULES,ONLY_BASIC_INDEX_FILES,MEDIUM,Add substantive family/component/workflow content or mark intentionally reserved.
06_DATASHEETS/02_DEV_BOARDS_AND_MODULES/INDEX.md,VERY_SHORT_MARKDOWN,MEDIUM,"Add actionable content, schema fields, examples, or explicit intentionally-empty status."
06_DATASHEETS/02_DEV_BOARDS_AND_MODULES/INDEX.md,TODO_OR_TBD,MEDIUM,Replace placeholders with verified content or clearly mark intentionally unverified/template-only status.
06_DATASHEETS/02_DEV_BOARDS_AND_MODULES/MISSING.md,VERY_SHORT_MARKDOWN,MEDIUM,"Add actionable content, schema fields, examples, or explicit intentionally-empty status."
06_DATASHEETS/02_DEV_BOARDS_AND_MODULES/MISSING.md,TODO_OR_TBD,MEDIUM,Replace placeholders with verified content or clearly mark intentionally unverified/template-only status.
06_DATASHEETS/02_DEV_BOARDS_AND_MODULES/SOURCES.md,VERY_SHORT_MARKDOWN,MEDIUM,"Add actionable content, schema fields, examples, or explicit intentionally-empty status."
06_DATASHEETS/02_DEV_BOARDS_AND_MODULES/SOURCES.md,TODO_OR_TBD,MEDIUM,Replace placeholders with verified content or clearly mark intentionally unverified/template-only status.
06_DATASHEETS/03_POWER/INDEX.md,VERY_SHORT_MARKDOWN,MEDIUM,"Add actionable content, schema fields, examples, or explicit intentionally-empty status."
06_DATASHEETS/03_POWER/INDEX.md,TODO_OR_TBD,MEDIUM,Replace placeholders with verified content or clearly mark intentionally unverified/template-only status.
06_DATASHEETS/03_POWER/MISSING.md,VERY_SHORT_MARKDOWN,MEDIUM,"Add actionable content, schema fields, examples, or explicit intentionally-empty status."
06_DATASHEETS/03_POWER/MISSING.md,TODO_OR_TBD,MEDIUM,Replace placeholders with verified content or clearly mark intentionally unverified/template-only status.
06_DATASHEETS/03_POWER/POWER_MASTER_INDEX.md,UNVERIFIED_OR_EXAMPLE_MARKER,MEDIUM,Replace placeholders with verified content or clearly mark intentionally unverified/template-only status.
06_DATASHEETS/04_COMMUNICATION/COMMUNICATION_MASTER_INDEX.md,UNVERIFIED_OR_EXAMPLE_MARKER,MEDIUM,Replace placeholders with verified content or clearly mark intentionally unverified/template-only status.
06_DATASHEETS/04_COMMUNICATION/INDEX.md,VERY_SHORT_MARKDOWN,MEDIUM,"Add actionable content, schema fields, examples, or explicit intentionally-empty status."
06_DATASHEETS/04_COMMUNICATION/INDEX.md,TODO_OR_TBD,MEDIUM,Replace placeholders with verified content or clearly mark intentionally unverified/template-only status.
06_DATASHEETS/04_COMMUNICATION/MISSING.md,VERY_SHORT_MARKDOWN,MEDIUM,"Add actionable content, schema fields, examples, or explicit intentionally-empty status."
06_DATASHEETS/04_COMMUNICATION/MISSING.md,TODO_OR_TBD,MEDIUM,Replace placeholders with verified content or clearly mark intentionally unverified/template-only status.
06_DATASHEETS/05_CONNECTORS/CONNECTOR_MASTER_INDEX.md,UNVERIFIED_OR_EXAMPLE_MARKER,MEDIUM,Replace placeholders with verified content or clearly mark intentionally unverified/template-only status.
06_DATASHEETS/05_CONNECTORS/INDEX.md,VERY_SHORT_MARKDOWN,MEDIUM,"Add actionable content, schema fields, examples, or explicit intentionally-empty status."
06_DATASHEETS/05_CONNECTORS/INDEX.md,TODO_OR_TBD,MEDIUM,Replace placeholders with verified content or clearly mark intentionally unverified/template-only status.
06_DATASHEETS/05_CONNECTORS/MISSING.md,VERY_SHORT_MARKDOWN,MEDIUM,"Add actionable content, schema fields, examples, or explicit intentionally-empty status."
06_DATASHEETS/05_CONNECTORS/MISSING.md,TODO_OR_TBD,MEDIUM,Replace placeholders with verified content or clearly mark intentionally unverified/template-only status.
06_DATASHEETS/05_CONNECTORS/SOURCES.md,PLACEHOLDER_LANGUAGE,MEDIUM,Replace placeholders with verified content or clearly mark intentionally unverified/template-only status.
06_DATASHEETS/06_PROTECTION/INDEX.md,VERY_SHORT_MARKDOWN,MEDIUM,"Add actionable content, schema fields, examples, or explicit intentionally-empty status."
06_DATASHEETS/06_PROTECTION/INDEX.md,TODO_OR_TBD,MEDIUM,Replace placeholders with verified content or clearly mark intentionally unverified/template-only status.
06_DATASHEETS/06_PROTECTION/MISSING.md,VERY_SHORT_MARKDOWN,MEDIUM,"Add actionable content, schema fields, examples, or explicit intentionally-empty status."
06_DATASHEETS/06_PROTECTION/MISSING.md,TODO_OR_TBD,MEDIUM,Replace placeholders with verified content or clearly mark intentionally unverified/template-only status.
06_DATASHEETS/06_PROTECTION/PROTECTION_MASTER_INDEX.md,UNVERIFIED_OR_EXAMPLE_MARKER,MEDIUM,Replace placeholders with verified content or clearly mark intentionally unverified/template-only status.
06_DATASHEETS/06_PROTECTION/SOURCES.md,VERY_SHORT_MARKDOWN,MEDIUM,"Add actionable content, schema fields, examples, or explicit intentionally-empty status."
06_DATASHEETS/06_PROTECTION/SOURCES.md,TODO_OR_TBD,MEDIUM,Replace placeholders with verified content or clearly mark intentionally unverified/template-only status.
06_DATASHEETS/07_SENSORS,ONLY_BASIC_INDEX_FILES,MEDIUM,Add substantive family/component/workflow content or mark intentionally reserved.
06_DATASHEETS/07_SENSORS/INDEX.md,VERY_SHORT_MARKDOWN,MEDIUM,"Add actionable content, schema fields, examples, or explicit intentionally-empty status."
06_DATASHEETS/07_SENSORS/INDEX.md,TODO_OR_TBD,MEDIUM,Replace placeholders with verified content or clearly mark intentionally unverified/template-only status.
06_DATASHEETS/07_SENSORS/MISSING.md,VERY_SHORT_MARKDOWN,MEDIUM,"Add actionable content, schema fields, examples, or explicit intentionally-empty status."
06_DATASHEETS/07_SENSORS/MISSING.md,TODO_OR_TBD,MEDIUM,Replace placeholders with verified content or clearly mark intentionally unverified/template-only status.
06_DATASHEETS/07_SENSORS/SOURCES.md,VERY_SHORT_MARKDOWN,MEDIUM,"Add actionable content, schema fields, examples, or explicit intentionally-empty status."
06_DATASHEETS/07_SENSORS/SOURCES.md,TODO_OR_TBD,MEDIUM,Replace placeholders with verified content or clearly mark intentionally unverified/template-only status.
06_DATASHEETS/08_ANALOG,ONLY_BASIC_INDEX_FILES,MEDIUM,Add substantive family/component/workflow content or mark intentionally reserved.
06_DATASHEETS/08_ANALOG/INDEX.md,VERY_SHORT_MARKDOWN,MEDIUM,"Add actionable content, schema fields, examples, or explicit intentionally-empty status."
06_DATASHEETS/08_ANALOG/INDEX.md,TODO_OR_TBD,MEDIUM,Replace placeholders with verified content or clearly mark intentionally unverified/template-only status.
06_DATASHEETS/08_ANALOG/MISSING.md,VERY_SHORT_MARKDOWN,MEDIUM,"Add actionable content, schema fields, examples, or explicit intentionally-empty status."
06_DATASHEETS/08_ANALOG/MISSING.md,TODO_OR_TBD,MEDIUM,Replace placeholders with verified content or clearly mark intentionally unverified/template-only status.
06_DATASHEETS/08_ANALOG/SOURCES.md,VERY_SHORT_MARKDOWN,MEDIUM,"Add actionable content, schema fields, examples, or explicit intentionally-empty status."
06_DATASHEETS/08_ANALOG/SOURCES.md,TODO_OR_TBD,MEDIUM,Replace placeholders with verified content or clearly mark intentionally unverified/template-only status.
06_DATASHEETS/09_DRIVERS,ONLY_BASIC_INDEX_FILES,MEDIUM,Add substantive family/component/workflow content or mark intentionally reserved.
06_DATASHEETS/09_DRIVERS/INDEX.md,VERY_SHORT_MARKDOWN,MEDIUM,"Add actionable content, schema fields, examples, or explicit intentionally-empty status."
06_DATASHEETS/09_DRIVERS/INDEX.md,TODO_OR_TBD,MEDIUM,Replace placeholders with verified content or clearly mark intentionally unverified/template-only status.
06_DATASHEETS/09_DRIVERS/MISSING.md,VERY_SHORT_MARKDOWN,MEDIUM,"Add actionable content, schema fields, examples, or explicit intentionally-empty status."
06_DATASHEETS/09_DRIVERS/MISSING.md,TODO_OR_TBD,MEDIUM,Replace placeholders with verified content or clearly mark intentionally unverified/template-only status.
06_DATASHEETS/09_DRIVERS/SOURCES.md,VERY_SHORT_MARKDOWN,MEDIUM,"Add actionable content, schema fields, examples, or explicit intentionally-empty status."
06_DATASHEETS/09_DRIVERS/SOURCES.md,TODO_OR_TBD,MEDIUM,Replace placeholders with verified content or clearly mark intentionally unverified/template-only status.
06_DATASHEETS/10_DISPLAYS,ONLY_BASIC_INDEX_FILES,MEDIUM,Add substantive family/component/workflow content or mark intentionally reserved.
06_DATASHEETS/10_DISPLAYS/INDEX.md,VERY_SHORT_MARKDOWN,MEDIUM,"Add actionable content, schema fields, examples, or explicit intentionally-empty status."
06_DATASHEETS/10_DISPLAYS/INDEX.md,TODO_OR_TBD,MEDIUM,Replace placeholders with verified content or clearly mark intentionally unverified/template-only status.
06_DATASHEETS/10_DISPLAYS/MISSING.md,VERY_SHORT_MARKDOWN,MEDIUM,"Add actionable content, schema fields, examples, or explicit intentionally-empty status."
06_DATASHEETS/10_DISPLAYS/MISSING.md,TODO_OR_TBD,MEDIUM,Replace placeholders with verified content or clearly mark intentionally unverified/template-only status.
06_DATASHEETS/10_DISPLAYS/SOURCES.md,VERY_SHORT_MARKDOWN,MEDIUM,"Add actionable content, schema fields, examples, or explicit intentionally-empty status."
06_DATASHEETS/10_DISPLAYS/SOURCES.md,TODO_OR_TBD,MEDIUM,Replace placeholders with verified content or clearly mark intentionally unverified/template-only status.
06_DATASHEETS/11_PASSIVES/INDEX.md,VERY_SHORT_MARKDOWN,MEDIUM,"Add actionable content, schema fields, examples, or explicit intentionally-empty status."
06_DATASHEETS/11_PASSIVES/INDEX.md,TODO_OR_TBD,MEDIUM,Replace placeholders with verified content or clearly mark intentionally unverified/template-only status.
06_DATASHEETS/11_PASSIVES/MISSING.md,VERY_SHORT_MARKDOWN,MEDIUM,"Add actionable content, schema fields, examples, or explicit intentionally-empty status."
06_DATASHEETS/11_PASSIVES/MISSING.md,TODO_OR_TBD,MEDIUM,Replace placeholders with verified content or clearly mark intentionally unverified/template-only status.
06_DATASHEETS/11_PASSIVES/PASSIVES_MASTER_INDEX.md,UNVERIFIED_OR_EXAMPLE_MARKER,MEDIUM,Replace placeholders with verified content or clearly mark intentionally unverified/template-only status.
06_DATASHEETS/11_PASSIVES/SOURCES.md,TODO_OR_TBD,MEDIUM,Replace placeholders with verified content or clearly mark intentionally unverified/template-only status.
06_DATASHEETS/12_RF_AND_ANTENNAS/INDEX.md,VERY_SHORT_MARKDOWN,MEDIUM,"Add actionable content, schema fields, examples, or explicit intentionally-empty status."
06_DATASHEETS/12_RF_AND_ANTENNAS/INDEX.md,TODO_OR_TBD,MEDIUM,Replace placeholders with verified content or clearly mark intentionally unverified/template-only status.
06_DATASHEETS/12_RF_AND_ANTENNAS/MISSING.md,VERY_SHORT_MARKDOWN,MEDIUM,"Add actionable content, schema fields, examples, or explicit intentionally-empty status."
06_DATASHEETS/12_RF_AND_ANTENNAS/MISSING.md,TODO_OR_TBD,MEDIUM,Replace placeholders with verified content or clearly mark intentionally unverified/template-only status.
06_DATASHEETS/12_RF_AND_ANTENNAS/RF_ANTENNA_MASTER_INDEX.md,UNVERIFIED_OR_EXAMPLE_MARKER,MEDIUM,Replace placeholders with verified content or clearly mark intentionally unverified/template-only status.
06_DATASHEETS/12_RF_AND_ANTENNAS/SOURCES.md,TODO_OR_TBD,MEDIUM,Replace placeholders with verified content or clearly mark intentionally unverified/template-only status.
06_DATASHEETS/13_MEMORY_STORAGE,ONLY_BASIC_INDEX_FILES,MEDIUM,Add substantive family/component/workflow content or mark intentionally reserved.
06_DATASHEETS/13_MEMORY_STORAGE/INDEX.md,VERY_SHORT_MARKDOWN,MEDIUM,"Add actionable content, schema fields, examples, or explicit intentionally-empty status."
06_DATASHEETS/13_MEMORY_STORAGE/INDEX.md,TODO_OR_TBD,MEDIUM,Replace placeholders with verified content or clearly mark intentionally unverified/template-only status.
06_DATASHEETS/13_MEMORY_STORAGE/MISSING.md,VERY_SHORT_MARKDOWN,MEDIUM,"Add actionable content, schema fields, examples, or explicit intentionally-empty status."
06_DATASHEETS/13_MEMORY_STORAGE/MISSING.md,TODO_OR_TBD,MEDIUM,Replace placeholders with verified content or clearly mark intentionally unverified/template-only status.
06_DATASHEETS/13_MEMORY_STORAGE/SOURCES.md,VERY_SHORT_MARKDOWN,MEDIUM,"Add actionable content, schema fields, examples, or explicit intentionally-empty status."
06_DATASHEETS/13_MEMORY_STORAGE/SOURCES.md,TODO_OR_TBD,MEDIUM,Replace placeholders with verified content or clearly mark intentionally unverified/template-only status.
06_DATASHEETS/14_CLOCKS_TIMING/CLOCKS_TIMING_MASTER_INDEX.md,UNVERIFIED_OR_EXAMPLE_MARKER,MEDIUM,Replace placeholders with verified content or clearly mark intentionally unverified/template-only status.
06_DATASHEETS/14_CLOCKS_TIMING/INDEX.md,VERY_SHORT_MARKDOWN,MEDIUM,"Add actionable content, schema fields, examples, or explicit intentionally-empty status."
06_DATASHEETS/14_CLOCKS_TIMING/INDEX.md,TODO_OR_TBD,MEDIUM,Replace placeholders with verified content or clearly mark intentionally unverified/template-only status.
06_DATASHEETS/14_CLOCKS_TIMING/MISSING.md,VERY_SHORT_MARKDOWN,MEDIUM,"Add actionable content, schema fields, examples, or explicit intentionally-empty status."
06_DATASHEETS/14_CLOCKS_TIMING/MISSING.md,TODO_OR_TBD,MEDIUM,Replace placeholders with verified content or clearly mark intentionally unverified/template-only status.
06_DATASHEETS/14_CLOCKS_TIMING/SOURCES.md,TODO_OR_TBD,MEDIUM,Replace placeholders with verified content or clearly mark intentionally unverified/template-only status.
06_DATASHEETS/15_SWITCHES_BUTTONS_RELAYS,ONLY_BASIC_INDEX_FILES,MEDIUM,Add substantive family/component/workflow content or mark intentionally reserved.
06_DATASHEETS/15_SWITCHES_BUTTONS_RELAYS/INDEX.md,VERY_SHORT_MARKDOWN,MEDIUM,"Add actionable content, schema fields, examples, or explicit intentionally-empty status."
06_DATASHEETS/15_SWITCHES_BUTTONS_RELAYS/INDEX.md,TODO_OR_TBD,MEDIUM,Replace placeholders with verified content or clearly mark intentionally unverified/template-only status.
06_DATASHEETS/15_SWITCHES_BUTTONS_RELAYS/MISSING.md,VERY_SHORT_MARKDOWN,MEDIUM,"Add actionable content, schema fields, examples, or explicit intentionally-empty status."
06_DATASHEETS/15_SWITCHES_BUTTONS_RELAYS/MISSING.md,TODO_OR_TBD,MEDIUM,Replace placeholders with verified content or clearly mark intentionally unverified/template-only status.
06_DATASHEETS/15_SWITCHES_BUTTONS_RELAYS/SOURCES.md,VERY_SHORT_MARKDOWN,MEDIUM,"Add actionable content, schema fields, examples, or explicit intentionally-empty status."
06_DATASHEETS/15_SWITCHES_BUTTONS_RELAYS/SOURCES.md,TODO_OR_TBD,MEDIUM,Replace placeholders with verified content or clearly mark intentionally unverified/template-only status.
06_DATASHEETS/16_FAB_ASSEMBLY_REFERENCES,ONLY_BASIC_INDEX_FILES,MEDIUM,Add substantive family/component/workflow content or mark intentionally reserved.
06_DATASHEETS/16_FAB_ASSEMBLY_REFERENCES/INDEX.md,VERY_SHORT_MARKDOWN,MEDIUM,"Add actionable content, schema fields, examples, or explicit intentionally-empty status."
06_DATASHEETS/16_FAB_ASSEMBLY_REFERENCES/INDEX.md,TODO_OR_TBD,MEDIUM,Replace placeholders with verified content or clearly mark intentionally unverified/template-only status.
06_DATASHEETS/16_FAB_ASSEMBLY_REFERENCES/MISSING.md,VERY_SHORT_MARKDOWN,MEDIUM,"Add actionable content, schema fields, examples, or explicit intentionally-empty status."
06_DATASHEETS/16_FAB_ASSEMBLY_REFERENCES/MISSING.md,TODO_OR_TBD,MEDIUM,Replace placeholders with verified content or clearly mark intentionally unverified/template-only status.
06_DATASHEETS/16_FAB_ASSEMBLY_REFERENCES/SOURCES.md,VERY_SHORT_MARKDOWN,MEDIUM,"Add actionable content, schema fields, examples, or explicit intentionally-empty status."
06_DATASHEETS/16_FAB_ASSEMBLY_REFERENCES/SOURCES.md,TODO_OR_TBD,MEDIUM,Replace placeholders with verified content or clearly mark intentionally unverified/template-only status.
06_DATASHEETS/17_APPLICATION_NOTES,ONLY_BASIC_INDEX_FILES,MEDIUM,Add substantive family/component/workflow content or mark intentionally reserved.
06_DATASHEETS/17_APPLICATION_NOTES/INDEX.md,VERY_SHORT_MARKDOWN,MEDIUM,"Add actionable content, schema fields, examples, or explicit intentionally-empty status."
06_DATASHEETS/17_APPLICATION_NOTES/INDEX.md,TODO_OR_TBD,MEDIUM,Replace placeholders with verified content or clearly mark intentionally unverified/template-only status.
06_DATASHEETS/17_APPLICATION_NOTES/MISSING.md,VERY_SHORT_MARKDOWN,MEDIUM,"Add actionable content, schema fields, examples, or explicit intentionally-empty status."
06_DATASHEETS/17_APPLICATION_NOTES/MISSING.md,TODO_OR_TBD,MEDIUM,Replace placeholders with verified content or clearly mark intentionally unverified/template-only status.
06_DATASHEETS/17_APPLICATION_NOTES/SOURCES.md,VERY_SHORT_MARKDOWN,MEDIUM,"Add actionable content, schema fields, examples, or explicit intentionally-empty status."
06_DATASHEETS/17_APPLICATION_NOTES/SOURCES.md,TODO_OR_TBD,MEDIUM,Replace placeholders with verified content or clearly mark intentionally unverified/template-only status.
06_DATASHEETS/18_REFERENCE_DESIGNS,ONLY_BASIC_INDEX_FILES,MEDIUM,Add substantive family/component/workflow content or mark intentionally reserved.
06_DATASHEETS/18_REFERENCE_DESIGNS/INDEX.md,VERY_SHORT_MARKDOWN,MEDIUM,"Add actionable content, schema fields, examples, or explicit intentionally-empty status."
06_DATASHEETS/18_REFERENCE_DESIGNS/INDEX.md,TODO_OR_TBD,MEDIUM,Replace placeholders with verified content or clearly mark intentionally unverified/template-only status.
06_DATASHEETS/18_REFERENCE_DESIGNS/MISSING.md,VERY_SHORT_MARKDOWN,MEDIUM,"Add actionable content, schema fields, examples, or explicit intentionally-empty status."
06_DATASHEETS/18_REFERENCE_DESIGNS/MISSING.md,TODO_OR_TBD,MEDIUM,Replace placeholders with verified content or clearly mark intentionally unverified/template-only status.
06_DATASHEETS/18_REFERENCE_DESIGNS/SOURCES.md,VERY_SHORT_MARKDOWN,MEDIUM,"Add actionable content, schema fields, examples, or explicit intentionally-empty status."
06_DATASHEETS/18_REFERENCE_DESIGNS/SOURCES.md,TODO_OR_TBD,MEDIUM,Replace placeholders with verified content or clearly mark intentionally unverified/template-only status.
06_DATASHEETS/19_VENDOR_PORTALS,ONLY_BASIC_INDEX_FILES,MEDIUM,Add substantive family/component/workflow content or mark intentionally reserved.
06_DATASHEETS/19_VENDOR_PORTALS/INDEX.md,VERY_SHORT_MARKDOWN,MEDIUM,"Add actionable content, schema fields, examples, or explicit intentionally-empty status."
06_DATASHEETS/19_VENDOR_PORTALS/INDEX.md,TODO_OR_TBD,MEDIUM,Replace placeholders with verified content or clearly mark intentionally unverified/template-only status.
06_DATASHEETS/19_VENDOR_PORTALS/MISSING.md,VERY_SHORT_MARKDOWN,MEDIUM,"Add actionable content, schema fields, examples, or explicit intentionally-empty status."
06_DATASHEETS/19_VENDOR_PORTALS/MISSING.md,TODO_OR_TBD,MEDIUM,Replace placeholders with verified content or clearly mark intentionally unverified/template-only status.
06_DATASHEETS/19_VENDOR_PORTALS/SOURCES.md,VERY_SHORT_MARKDOWN,MEDIUM,"Add actionable content, schema fields, examples, or explicit intentionally-empty status."
06_DATASHEETS/19_VENDOR_PORTALS/SOURCES.md,TODO_OR_TBD,MEDIUM,Replace placeholders with verified content or clearly mark intentionally unverified/template-only status.
06_DATASHEETS/99_UNSORTED_INBOX/INDEX.md,VERY_SHORT_MARKDOWN,MEDIUM,"Add actionable content, schema fields, examples, or explicit intentionally-empty status."
06_DATASHEETS/99_UNSORTED_INBOX/INDEX.md,TODO_OR_TBD,MEDIUM,Replace placeholders with verified content or clearly mark intentionally unverified/template-only status.
06_DATASHEETS/99_UNSORTED_INBOX/MISSING.md,VERY_SHORT_MARKDOWN,MEDIUM,"Add actionable content, schema fields, examples, or explicit intentionally-empty status."
06_DATASHEETS/99_UNSORTED_INBOX/MISSING.md,TODO_OR_TBD,MEDIUM,Replace placeholders with verified content or clearly mark intentionally unverified/template-only status.
06_DATASHEETS/99_UNSORTED_INBOX/SOURCES.md,VERY_SHORT_MARKDOWN,MEDIUM,"Add actionable content, schema fields, examples, or explicit intentionally-empty status."
06_DATASHEETS/99_UNSORTED_INBOX/SOURCES.md,TODO_OR_TBD,MEDIUM,Replace placeholders with verified content or clearly mark intentionally unverified/template-only status.
07_REFERENCE_DESIGNS,ONLY_BASIC_INDEX_FILES,MEDIUM,Add substantive family/component/workflow content or mark intentionally reserved.
08_COMPONENT_DATABASE/00_INDEX/AI_USAGE_RULES.md,UNVERIFIED_OR_EXAMPLE_MARKER,MEDIUM,Replace placeholders with verified content or clearly mark intentionally unverified/template-only status.
08_COMPONENT_DATABASE/00_INDEX/COMPONENT_DATABASE_README.md,UNVERIFIED_OR_EXAMPLE_MARKER,MEDIUM,Replace placeholders with verified content or clearly mark intentionally unverified/template-only status.
08_COMPONENT_DATABASE/00_INDEX/DO_NOT_GUESS_RULES.md,UNVERIFIED_OR_EXAMPLE_MARKER,MEDIUM,Replace placeholders with verified content or clearly mark intentionally unverified/template-only status.
08_COMPONENT_DATABASE/00_INDEX/EXAMPLE_COMPONENT_RECORDS.md,UNVERIFIED_OR_EXAMPLE_MARKER,MEDIUM,Replace placeholders with verified content or clearly mark intentionally unverified/template-only status.
08_COMPONENT_DATABASE/00_INDEX/KICAD_SYMBOL_FOOTPRINT_LINKING_RULES.md,PLACEHOLDER_LANGUAGE,MEDIUM,Replace placeholders with verified content or clearly mark intentionally unverified/template-only status.
08_COMPONENT_DATABASE/00_INDEX/MASTER_COMPONENT_INDEX.md,UNVERIFIED_OR_EXAMPLE_MARKER,MEDIUM,Replace placeholders with verified content or clearly mark intentionally unverified/template-only status.
08_COMPONENT_DATABASE/00_INDEX/VERIFICATION_LEVELS.md,UNVERIFIED_OR_EXAMPLE_MARKER,MEDIUM,Replace placeholders with verified content or clearly mark intentionally unverified/template-only status.
08_COMPONENT_DATABASE/01_MICROCONTROLLERS/ESPRESSIF_MODULE_RECORDS.md,UNVERIFIED_OR_EXAMPLE_MARKER,MEDIUM,Replace placeholders with verified content or clearly mark intentionally unverified/template-only status.
08_COMPONENT_DATABASE/01_MICROCONTROLLERS/MICROCHIP_DEV_BOARD_RECORDS.md,UNVERIFIED_OR_EXAMPLE_MARKER,MEDIUM,Replace placeholders with verified content or clearly mark intentionally unverified/template-only status.
08_COMPONENT_DATABASE/01_MICROCONTROLLERS/MICROCHIP_PART_RECORDS.md,UNVERIFIED_OR_EXAMPLE_MARKER,MEDIUM,Replace placeholders with verified content or clearly mark intentionally unverified/template-only status.
08_COMPONENT_DATABASE/01_MICROCONTROLLERS/MICROCHIP_PIC_FAMILY_OVERVIEW.md,PLACEHOLDER_LANGUAGE,MEDIUM,Replace placeholders with verified content or clearly mark intentionally unverified/template-only status.
08_COMPONENT_DATABASE/01_MICROCONTROLLERS/STM32_AI_DESIGN_GUIDE.md,UNVERIFIED_OR_EXAMPLE_MARKER,MEDIUM,Replace placeholders with verified content or clearly mark intentionally unverified/template-only status.
08_COMPONENT_DATABASE/01_MICROCONTROLLERS/STM32_DEV_BOARD_RECORDS.md,UNVERIFIED_OR_EXAMPLE_MARKER,MEDIUM,Replace placeholders with verified content or clearly mark intentionally unverified/template-only status.
08_COMPONENT_DATABASE/01_MICROCONTROLLERS/STM32_FAMILY_OVERVIEW.md,UNVERIFIED_OR_EXAMPLE_MARKER,MEDIUM,Replace placeholders with verified content or clearly mark intentionally unverified/template-only status.
08_COMPONENT_DATABASE/01_MICROCONTROLLERS/STM32_PART_RECORDS.md,UNVERIFIED_OR_EXAMPLE_MARKER,MEDIUM,Replace placeholders with verified content or clearly mark intentionally unverified/template-only status.
08_COMPONENT_DATABASE/02_POWER/POWER_PART_RECORDS.md,UNVERIFIED_OR_EXAMPLE_MARKER,MEDIUM,Replace placeholders with verified content or clearly mark intentionally unverified/template-only status.
08_COMPONENT_DATABASE/03_COMMUNICATION/COMMUNICATION_PART_RECORDS.md,UNVERIFIED_OR_EXAMPLE_MARKER,MEDIUM,Replace placeholders with verified content or clearly mark intentionally unverified/template-only status.
08_COMPONENT_DATABASE/04_CONNECTORS/CONNECTOR_RECORDS.md,UNVERIFIED_OR_EXAMPLE_MARKER,MEDIUM,Replace placeholders with verified content or clearly mark intentionally unverified/template-only status.
08_COMPONENT_DATABASE/04_CONNECTORS/CONNECTOR_SELECTION_GUIDE.md,UNVERIFIED_OR_EXAMPLE_MARKER,MEDIUM,Replace placeholders with verified content or clearly mark intentionally unverified/template-only status.
08_COMPONENT_DATABASE/05_PROTECTION/PROTECTION_GUIDE.md,UNVERIFIED_OR_EXAMPLE_MARKER,MEDIUM,Replace placeholders with verified content or clearly mark intentionally unverified/template-only status.
08_COMPONENT_DATABASE/05_PROTECTION/PROTECTION_RECORDS.md,UNVERIFIED_OR_EXAMPLE_MARKER,MEDIUM,Replace placeholders with verified content or clearly mark intentionally unverified/template-only status.
08_COMPONENT_DATABASE/09_PASSIVES/PASSIVES_GUIDE.md,PLACEHOLDER_LANGUAGE,MEDIUM,Replace placeholders with verified content or clearly mark intentionally unverified/template-only status.
08_COMPONENT_DATABASE/09_PASSIVES/PASSIVE_SUPPORT_RECORDS.md,UNVERIFIED_OR_EXAMPLE_MARKER,MEDIUM,Replace placeholders with verified content or clearly mark intentionally unverified/template-only status.
08_COMPONENT_DATABASE/10_RF_AND_ANTENNAS/RF_ANTENNA_GUIDE.md,UNVERIFIED_OR_EXAMPLE_MARKER,MEDIUM,Replace placeholders with verified content or clearly mark intentionally unverified/template-only status.
08_COMPONENT_DATABASE/10_RF_AND_ANTENNAS/RF_ANTENNA_RECORDS.md,UNVERIFIED_OR_EXAMPLE_MARKER,MEDIUM,Replace placeholders with verified content or clearly mark intentionally unverified/template-only status.
08_COMPONENT_DATABASE/13_DESIGN_RULE_SNIPPETS/AUTOMOTIVE_CONNECTOR_RULES.md,UNVERIFIED_OR_EXAMPLE_MARKER,MEDIUM,Replace placeholders with verified content or clearly mark intentionally unverified/template-only status.
08_COMPONENT_DATABASE/13_DESIGN_RULE_SNIPPETS/CRYSTAL_LAYOUT_RULES.md,PLACEHOLDER_LANGUAGE,MEDIUM,Replace placeholders with verified content or clearly mark intentionally unverified/template-only status.
08_COMPONENT_DATABASE/13_DESIGN_RULE_SNIPPETS/DECOUPLING_CAPACITOR_RULES.md,PLACEHOLDER_LANGUAGE,MEDIUM,Replace placeholders with verified content or clearly mark intentionally unverified/template-only status.
08_COMPONENT_DATABASE/13_DESIGN_RULE_SNIPPETS/RF_CONNECTOR_RULES.md,UNVERIFIED_OR_EXAMPLE_MARKER,MEDIUM,Replace placeholders with verified content or clearly mark intentionally unverified/template-only status.
08_COMPONENT_DATABASE/13_DESIGN_RULE_SNIPPETS/USB_C_CONNECTOR_RULES.md,UNVERIFIED_OR_EXAMPLE_MARKER,MEDIUM,Replace placeholders with verified content or clearly mark intentionally unverified/template-only status.
08_COMPONENT_DATABASE/15_PACKAGE_FOOTPRINT_DATABASE,ONLY_BASIC_INDEX_FILES,MEDIUM,Add substantive family/component/workflow content or mark intentionally reserved.
08_COMPONENT_DATABASE/16_VERIFICATION_RECORDS,ONLY_BASIC_INDEX_FILES,MEDIUM,Add substantive family/component/workflow content or mark intentionally reserved.
08_COMPONENT_DATABASE/16_VERIFICATION_RECORDS/INDEX.md,UNVERIFIED_OR_EXAMPLE_MARKER,MEDIUM,Replace placeholders with verified content or clearly mark intentionally unverified/template-only status.
08_COMPONENT_DATABASE/16_VERIFICATION_RECORDS/README.md,UNVERIFIED_OR_EXAMPLE_MARKER,MEDIUM,Replace placeholders with verified content or clearly mark intentionally unverified/template-only status.
08_COMPONENT_DATABASE/99_UNVERIFIED_INBOX/core_starter_records/CORE_STARTER_RECORDS.md,UNVERIFIED_OR_EXAMPLE_MARKER,MEDIUM,Replace placeholders with verified content or clearly mark intentionally unverified/template-only status.
08_COMPONENT_DATABASE/99_UNVERIFIED_INBOX/playwright_pilot/PILOT_COMPONENT_SOURCE_LINK_RECORDS.md,UNVERIFIED_OR_EXAMPLE_MARKER,MEDIUM,Replace placeholders with verified content or clearly mark intentionally unverified/template-only status.
08_COMPONENT_DATABASE/INDEX.md,UNVERIFIED_OR_EXAMPLE_MARKER,MEDIUM,Replace placeholders with verified content or clearly mark intentionally unverified/template-only status.
08_COMPONENT_DATABASE/README.md,UNVERIFIED_OR_EXAMPLE_MARKER,MEDIUM,Replace placeholders with verified content or clearly mark intentionally unverified/template-only status.
09_ACCURACY_ENGINE/README.md,UNVERIFIED_OR_EXAMPLE_MARKER,MEDIUM,Replace placeholders with verified content or clearly mark intentionally unverified/template-only status.
09_ACCURACY_ENGINE/checklists/FULL_PIPELINE_GATE_CHECKLIST.md,UNVERIFIED_OR_EXAMPLE_MARKER,MEDIUM,Replace placeholders with verified content or clearly mark intentionally unverified/template-only status.
09_ACCURACY_ENGINE/checklists/PCB_UPDATE_FROM_SCHEMATIC_CHECKLIST.md,UNVERIFIED_OR_EXAMPLE_MARKER,MEDIUM,Replace placeholders with verified content or clearly mark intentionally unverified/template-only status.
09_ACCURACY_ENGINE/checklists/README.md,GENERIC_FOLDER_TEXT,MEDIUM,Replace placeholders with verified content or clearly mark intentionally unverified/template-only status.
09_ACCURACY_ENGINE/checklists/SCHEMATIC_READY_FOR_PCB_CHECKLIST.md,UNVERIFIED_OR_EXAMPLE_MARKER,MEDIUM,Replace placeholders with verified content or clearly mark intentionally unverified/template-only status.
09_ACCURACY_ENGINE/schematic_rules/DECOUPLING_RULES.md,UNVERIFIED_OR_EXAMPLE_MARKER,MEDIUM,Replace placeholders with verified content or clearly mark intentionally unverified/template-only status.
09_ACCURACY_ENGINE/verification_rules/BOM_VERIFICATION_RULES.md,PLACEHOLDER_LANGUAGE,MEDIUM,Replace placeholders with verified content or clearly mark intentionally unverified/template-only status.
09_ACCURACY_ENGINE/verification_rules/NEEDS_REVIEW_BLOCKER_RULES.md,UNVERIFIED_OR_EXAMPLE_MARKER,MEDIUM,Replace placeholders with verified content or clearly mark intentionally unverified/template-only status.
09_ACCURACY_ENGINE/verification_rules/SCHEMATIC_ANNOTATION_RULES.md,TODO_OR_TBD,MEDIUM,Replace placeholders with verified content or clearly mark intentionally unverified/template-only status.
09_ACCURACY_ENGINE/verification_rules/SCHEMATIC_COMPLETENESS_RULES.md,TODO_OR_TBD,MEDIUM,Replace placeholders with verified content or clearly mark intentionally unverified/template-only status.
09_ACCURACY_ENGINE/verification_rules/SCHEMATIC_TO_PCB_BLOCKERS.md,UNVERIFIED_OR_EXAMPLE_MARKER,MEDIUM,Replace placeholders with verified content or clearly mark intentionally unverified/template-only status.
09_ACCURACY_ENGINE/workflows/CREATE_SCHEMATIC_WORKFLOW.md,PLACEHOLDER_LANGUAGE,MEDIUM,Replace placeholders with verified content or clearly mark intentionally unverified/template-only status.
09_ACCURACY_ENGINE/workflows/SCHEMATIC_TO_PCB_GATE_WORKFLOW.md,UNVERIFIED_OR_EXAMPLE_MARKER,MEDIUM,Replace placeholders with verified content or clearly mark intentionally unverified/template-only status.
10_KNOWLEDGE_BASE/README.md,GENERIC_FOLDER_TEXT,MEDIUM,Replace placeholders with verified content or clearly mark intentionally unverified/template-only status.
10_KNOWLEDGE_BASE/ai_agent_guidance/ANTI_HALLUCINATION_RULES.md,PLACEHOLDER_LANGUAGE,MEDIUM,Replace placeholders with verified content or clearly mark intentionally unverified/template-only status.
10_KNOWLEDGE_BASE/ai_agent_guidance/WHEN_TO_MARK_UNVERIFIED.md,UNVERIFIED_OR_EXAMPLE_MARKER,MEDIUM,Replace placeholders with verified content or clearly mark intentionally unverified/template-only status.
10_KNOWLEDGE_BASE/checklists/CONNECTOR_REVIEW_CHECKLIST.md,UNVERIFIED_OR_EXAMPLE_MARKER,MEDIUM,Replace placeholders with verified content or clearly mark intentionally unverified/template-only status.
10_KNOWLEDGE_BASE/checklists/PRE_PCB_CHECKLIST.md,PLACEHOLDER_LANGUAGE,MEDIUM,Replace placeholders with verified content or clearly mark intentionally unverified/template-only status.
10_KNOWLEDGE_BASE/checklists/PRE_SCHEMATIC_CHECKLIST.md,PLACEHOLDER_LANGUAGE,MEDIUM,Replace placeholders with verified content or clearly mark intentionally unverified/template-only status.
10_KNOWLEDGE_BASE/circuits/STATUS_LED_BUTTON_RESET.md,PLACEHOLDER_LANGUAGE,MEDIUM,Replace placeholders with verified content or clearly mark intentionally unverified/template-only status.
10_KNOWLEDGE_BASE/design_patterns/CONNECTOR_INTERFACE_PATTERN.md,UNVERIFIED_OR_EXAMPLE_MARKER,MEDIUM,Replace placeholders with verified content or clearly mark intentionally unverified/template-only status.
10_KNOWLEDGE_BASE/design_patterns/NET_NAMING_PATTERN.md,PLACEHOLDER_LANGUAGE,MEDIUM,Replace placeholders with verified content or clearly mark intentionally unverified/template-only status.
10_KNOWLEDGE_BASE/manufacturing/BOM_FOR_ASSEMBLY_RULES.md,PLACEHOLDER_LANGUAGE,MEDIUM,Replace placeholders with verified content or clearly mark intentionally unverified/template-only status.
11_LIBRARY_FACTORY/3d_models/README.md,GENERIC_FOLDER_TEXT,MEDIUM,Replace placeholders with verified content or clearly mark intentionally unverified/template-only status.
11_LIBRARY_FACTORY/footprints/CONNECTOR_FOOTPRINT_RULES.md,UNVERIFIED_OR_EXAMPLE_MARKER,MEDIUM,Replace placeholders with verified content or clearly mark intentionally unverified/template-only status.
11_LIBRARY_FACTORY/qa/README.md,GENERIC_FOLDER_TEXT,MEDIUM,Replace placeholders with verified content or clearly mark intentionally unverified/template-only status.
11_LIBRARY_FACTORY/symbols/SYMBOL_FIELD_RULES.md,PLACEHOLDER_LANGUAGE,MEDIUM,Replace placeholders with verified content or clearly mark intentionally unverified/template-only status.
12_REFERENCE_DESIGN_LIBRARY/00_INDEX/PUBLIC_SOURCE_RULES.md,PLACEHOLDER_LANGUAGE,MEDIUM,Replace placeholders with verified content or clearly mark intentionally unverified/template-only status.
12_REFERENCE_DESIGN_LIBRARY/00_INDEX/REFERENCE_DESIGN_INDEX.md,TODO_OR_TBD,MEDIUM,Replace placeholders with verified content or clearly mark intentionally unverified/template-only status.
12_REFERENCE_DESIGN_LIBRARY/00_INDEX/REFERENCE_DESIGN_SCHEMA.md,PLACEHOLDER_LANGUAGE,MEDIUM,Replace placeholders with verified content or clearly mark intentionally unverified/template-only status.
12_REFERENCE_DESIGN_LIBRARY/00_INDEX/VERIFICATION_LEVELS.md,PLACEHOLDER_LANGUAGE,MEDIUM,Replace placeholders with verified content or clearly mark intentionally unverified/template-only status.
12_REFERENCE_DESIGN_LIBRARY/README.md,GENERIC_FOLDER_TEXT,MEDIUM,Replace placeholders with verified content or clearly mark intentionally unverified/template-only status.
13_PART_INGESTION/AI_SUMMARY_TEMPLATE.md,UNVERIFIED_OR_EXAMPLE_MARKER,MEDIUM,Replace placeholders with verified content or clearly mark intentionally unverified/template-only status.
13_PART_INGESTION/COMPONENT_RECORD_GENERATION_RULES.md,UNVERIFIED_OR_EXAMPLE_MARKER,MEDIUM,Replace placeholders with verified content or clearly mark intentionally unverified/template-only status.
13_PART_INGESTION/PART_INGESTION_WORKFLOW.md,UNVERIFIED_OR_EXAMPLE_MARKER,MEDIUM,Replace placeholders with verified content or clearly mark intentionally unverified/template-only status.
13_PART_INGESTION/PINOUT_EXTRACTION_RULES.md,UNVERIFIED_OR_EXAMPLE_MARKER,MEDIUM,Replace placeholders with verified content or clearly mark intentionally unverified/template-only status.
13_PART_INGESTION/scripts/README.md,PLACEHOLDER_LANGUAGE,MEDIUM,Replace placeholders with verified content or clearly mark intentionally unverified/template-only status.
15_BENCHMARKS/README.md,GENERIC_FOLDER_TEXT,MEDIUM,Replace placeholders with verified content or clearly mark intentionally unverified/template-only status.
15_BENCHMARKS/results,ONLY_BASIC_INDEX_FILES,MEDIUM,Add substantive family/component/workflow content or mark intentionally reserved.
15_BENCHMARKS/scoring/DATASHEET_SCORE.md,UNVERIFIED_OR_EXAMPLE_MARKER,MEDIUM,Replace placeholders with verified content or clearly mark intentionally unverified/template-only status.
15_BENCHMARKS/scoring/FOOTPRINT_SCORE.md,UNVERIFIED_OR_EXAMPLE_MARKER,MEDIUM,Replace placeholders with verified content or clearly mark intentionally unverified/template-only status.
15_BENCHMARKS/tasks/TASK_004_USB_C_POWER_DEVICE.md,UNVERIFIED_OR_EXAMPLE_MARKER,MEDIUM,Replace placeholders with verified content or clearly mark intentionally unverified/template-only status.
19_TEST_PROJECTS/broken_projects_for_testing,ONLY_BASIC_INDEX_FILES,MEDIUM,Add substantive family/component/workflow content or mark intentionally reserved.
19_TEST_PROJECTS/broken_projects_for_testing/README.md,VERY_SHORT_MARKDOWN,MEDIUM,"Add actionable content, schema fields, examples, or explicit intentionally-empty status."
19_TEST_PROJECTS/expected_reports,ONLY_BASIC_INDEX_FILES,MEDIUM,Add substantive family/component/workflow content or mark intentionally reserved.
19_TEST_PROJECTS/expected_reports/README.md,VERY_SHORT_MARKDOWN,MEDIUM,"Add actionable content, schema fields, examples, or explicit intentionally-empty status."
19_TEST_PROJECTS/planning_only/ESP32_S3_SAMPLE_AI_WORKFLOW/AI_AGENT_NOTES.md,UNVERIFIED_OR_EXAMPLE_MARKER,MEDIUM,Replace placeholders with verified content or clearly mark intentionally unverified/template-only status.
19_TEST_PROJECTS/planning_only/ESP32_S3_SAMPLE_AI_WORKFLOW/COMPONENT_SELECTION.md,UNVERIFIED_OR_EXAMPLE_MARKER,MEDIUM,Replace placeholders with verified content or clearly mark intentionally unverified/template-only status.
19_TEST_PROJECTS/planning_only/ESP32_S3_SAMPLE_AI_WORKFLOW/DATASHEET_CHECKLIST.md,UNVERIFIED_OR_EXAMPLE_MARKER,MEDIUM,Replace placeholders with verified content or clearly mark intentionally unverified/template-only status.
19_TEST_PROJECTS/planning_only/ESP32_S3_SAMPLE_AI_WORKFLOW/PCB_LAYOUT_PLAN.md,UNVERIFIED_OR_EXAMPLE_MARKER,MEDIUM,Replace placeholders with verified content or clearly mark intentionally unverified/template-only status.
19_TEST_PROJECTS/planning_only/ESP32_S3_SAMPLE_AI_WORKFLOW/README.md,UNVERIFIED_OR_EXAMPLE_MARKER,MEDIUM,Replace placeholders with verified content or clearly mark intentionally unverified/template-only status.
19_TEST_PROJECTS/planning_only/ESP32_S3_SAMPLE_AI_WORKFLOW/REQUIREMENTS.md,UNVERIFIED_OR_EXAMPLE_MARKER,MEDIUM,Replace placeholders with verified content or clearly mark intentionally unverified/template-only status.
19_TEST_PROJECTS/planning_only/ESP32_S3_SAMPLE_AI_WORKFLOW/SCHEMATIC_PLAN.md,UNVERIFIED_OR_EXAMPLE_MARKER,MEDIUM,Replace placeholders with verified content or clearly mark intentionally unverified/template-only status.
19_TEST_PROJECTS/planning_only/ESP32_S3_SAMPLE_AI_WORKFLOW/SYMBOL_FOOTPRINT_PLAN.md,UNVERIFIED_OR_EXAMPLE_MARKER,MEDIUM,Replace placeholders with verified content or clearly mark intentionally unverified/template-only status.
19_TEST_PROJECTS/planning_only/ESP32_S3_SAMPLE_AI_WORKFLOW/VERIFICATION_PLAN.md,UNVERIFIED_OR_EXAMPLE_MARKER,MEDIUM,Replace placeholders with verified content or clearly mark intentionally unverified/template-only status.
19_TEST_PROJECTS/planning_only/README.md,VERY_SHORT_MARKDOWN,MEDIUM,"Add actionable content, schema fields, examples, or explicit intentionally-empty status."
19_TEST_PROJECTS/sample_kicad_projects,ONLY_BASIC_INDEX_FILES,MEDIUM,Add substantive family/component/workflow content or mark intentionally reserved.
19_TEST_PROJECTS/sample_kicad_projects/README.md,VERY_SHORT_MARKDOWN,MEDIUM,"Add actionable content, schema fields, examples, or explicit intentionally-empty status."
21_LICENSE_ATTRIBUTION/THIRD_PARTY_ATTRIBUTION.md,PLACEHOLDER_LANGUAGE,MEDIUM,Replace placeholders with verified content or clearly mark intentionally unverified/template-only status.
22_SECURITY/README.md,PLACEHOLDER_LANGUAGE,MEDIUM,Replace placeholders with verified content or clearly mark intentionally unverified/template-only status.
22_SECURITY/SECRET_HANDLING_RULES.md,PLACEHOLDER_LANGUAGE,MEDIUM,Replace placeholders with verified content or clearly mark intentionally unverified/template-only status.
23_PACKAGE_PROFILES/00_INDEX/PACKAGE_PROFILE_SCHEMA.md,UNVERIFIED_OR_EXAMPLE_MARKER,MEDIUM,Replace placeholders with verified content or clearly mark intentionally unverified/template-only status.
23_PACKAGE_PROFILES/00_INDEX/PACKAGE_VERIFICATION_CHECKLIST.md,PLACEHOLDER_LANGUAGE,MEDIUM,Replace placeholders with verified content or clearly mark intentionally unverified/template-only status.
23_PACKAGE_PROFILES/00_INDEX/README.md,VERY_SHORT_MARKDOWN,MEDIUM,"Add actionable content, schema fields, examples, or explicit intentionally-empty status."
23_PACKAGE_PROFILES/BGA,ONLY_BASIC_INDEX_FILES,MEDIUM,Add substantive family/component/workflow content or mark intentionally reserved.
23_PACKAGE_PROFILES/BGA/README.md,VERY_SHORT_MARKDOWN,MEDIUM,"Add actionable content, schema fields, examples, or explicit intentionally-empty status."
23_PACKAGE_PROFILES/BGA/README.md,PLACEHOLDER_LANGUAGE,MEDIUM,Replace placeholders with verified content or clearly mark intentionally unverified/template-only status.
23_PACKAGE_PROFILES/CONNECTORS/USB_C_CONNECTOR_GENERIC_PROFILE.md,UNVERIFIED_OR_EXAMPLE_MARKER,MEDIUM,Replace placeholders with verified content or clearly mark intentionally unverified/template-only status.
23_PACKAGE_PROFILES/DFN,ONLY_BASIC_INDEX_FILES,MEDIUM,Add substantive family/component/workflow content or mark intentionally reserved.
23_PACKAGE_PROFILES/DFN/README.md,VERY_SHORT_MARKDOWN,MEDIUM,"Add actionable content, schema fields, examples, or explicit intentionally-empty status."
23_PACKAGE_PROFILES/DFN/README.md,PLACEHOLDER_LANGUAGE,MEDIUM,Replace placeholders with verified content or clearly mark intentionally unverified/template-only status.
23_PACKAGE_PROFILES/GENERIC_PACKAGES,ONLY_BASIC_INDEX_FILES,MEDIUM,Add substantive family/component/workflow content or mark intentionally reserved.
23_PACKAGE_PROFILES/GENERIC_PACKAGES/README.md,VERY_SHORT_MARKDOWN,MEDIUM,"Add actionable content, schema fields, examples, or explicit intentionally-empty status."
23_PACKAGE_PROFILES/GENERIC_PACKAGES/README.md,UNVERIFIED_OR_EXAMPLE_MARKER,MEDIUM,Replace placeholders with verified content or clearly mark intentionally unverified/template-only status.
23_PACKAGE_PROFILES/INDEX.md,PLACEHOLDER_LANGUAGE,MEDIUM,Replace placeholders with verified content or clearly mark intentionally unverified/template-only status.
23_PACKAGE_PROFILES/MODULES/ESP32_MODULE_GENERIC_PROFILE.md,UNVERIFIED_OR_EXAMPLE_MARKER,MEDIUM,Replace placeholders with verified content or clearly mark intentionally unverified/template-only status.
23_PACKAGE_PROFILES/QFN/QFN_GENERIC_PROFILE.md,UNVERIFIED_OR_EXAMPLE_MARKER,MEDIUM,Replace placeholders with verified content or clearly mark intentionally unverified/template-only status.
23_PACKAGE_PROFILES/QFP/QFP_GENERIC_PROFILE.md,UNVERIFIED_OR_EXAMPLE_MARKER,MEDIUM,Replace placeholders with verified content or clearly mark intentionally unverified/template-only status.
23_PACKAGE_PROFILES/README.md,UNVERIFIED_OR_EXAMPLE_MARKER,MEDIUM,Replace placeholders with verified content or clearly mark intentionally unverified/template-only status.
23_PACKAGE_PROFILES/SOIC/SOIC_GENERIC_PROFILE.md,UNVERIFIED_OR_EXAMPLE_MARKER,MEDIUM,Replace placeholders with verified content or clearly mark intentionally unverified/template-only status.
23_PACKAGE_PROFILES/SOT/SOT_23_GENERIC_PROFILE.md,UNVERIFIED_OR_EXAMPLE_MARKER,MEDIUM,Replace placeholders with verified content or clearly mark intentionally unverified/template-only status.
23_PACKAGE_PROFILES/THROUGH_HOLE,ONLY_BASIC_INDEX_FILES,MEDIUM,Add substantive family/component/workflow content or mark intentionally reserved.
23_PACKAGE_PROFILES/THROUGH_HOLE/README.md,VERY_SHORT_MARKDOWN,MEDIUM,"Add actionable content, schema fields, examples, or explicit intentionally-empty status."
23_PACKAGE_PROFILES/THROUGH_HOLE/README.md,PLACEHOLDER_LANGUAGE,MEDIUM,Replace placeholders with verified content or clearly mark intentionally unverified/template-only status.
24_FAB_PROFILES/00_INDEX/FAB_PROFILE_SCHEMA.md,UNVERIFIED_OR_EXAMPLE_MARKER,MEDIUM,Replace placeholders with verified content or clearly mark intentionally unverified/template-only status.
24_FAB_PROFILES/00_INDEX/README.md,VERY_SHORT_MARKDOWN,MEDIUM,"Add actionable content, schema fields, examples, or explicit intentionally-empty status."
24_FAB_PROFILES/GENERIC_FAB_OUTPUTS,ONLY_BASIC_INDEX_FILES,MEDIUM,Add substantive family/component/workflow content or mark intentionally reserved.
24_FAB_PROFILES/GENERIC_FAB_OUTPUTS/README.md,VERY_SHORT_MARKDOWN,MEDIUM,"Add actionable content, schema fields, examples, or explicit intentionally-empty status."
24_FAB_PROFILES/GENERIC_FAB_OUTPUTS/README.md,PLACEHOLDER_LANGUAGE,MEDIUM,Replace placeholders with verified content or clearly mark intentionally unverified/template-only status.
24_FAB_PROFILES/INDEX.md,PLACEHOLDER_LANGUAGE,MEDIUM,Replace placeholders with verified content or clearly mark intentionally unverified/template-only status.
24_FAB_PROFILES/JLCPCB/JLCPCB_GENERIC_OUTPUT_PROFILE.md,UNVERIFIED_OR_EXAMPLE_MARKER,MEDIUM,Replace placeholders with verified content or clearly mark intentionally unverified/template-only status.
24_FAB_PROFILES/MACROFAB,ONLY_BASIC_INDEX_FILES,MEDIUM,Add substantive family/component/workflow content or mark intentionally reserved.
24_FAB_PROFILES/MACROFAB/README.md,VERY_SHORT_MARKDOWN,MEDIUM,"Add actionable content, schema fields, examples, or explicit intentionally-empty status."
24_FAB_PROFILES/MACROFAB/README.md,PLACEHOLDER_LANGUAGE,MEDIUM,Replace placeholders with verified content or clearly mark intentionally unverified/template-only status.
24_FAB_PROFILES/OSHPARK,ONLY_BASIC_INDEX_FILES,MEDIUM,Add substantive family/component/workflow content or mark intentionally reserved.
24_FAB_PROFILES/OSHPARK/README.md,VERY_SHORT_MARKDOWN,MEDIUM,"Add actionable content, schema fields, examples, or explicit intentionally-empty status."
24_FAB_PROFILES/OSHPARK/README.md,PLACEHOLDER_LANGUAGE,MEDIUM,Replace placeholders with verified content or clearly mark intentionally unverified/template-only status.
24_FAB_PROFILES/PCBWAY/PCBWAY_GENERIC_OUTPUT_PROFILE.md,UNVERIFIED_OR_EXAMPLE_MARKER,MEDIUM,Replace placeholders with verified content or clearly mark intentionally unverified/template-only status.
24_FAB_PROFILES/README.md,UNVERIFIED_OR_EXAMPLE_MARKER,MEDIUM,Replace placeholders with verified content or clearly mark intentionally unverified/template-only status.
25_VENDOR_DATABASE/00_INDEX/PART_LIFECYCLE_STATUS_RULES.md,UNVERIFIED_OR_EXAMPLE_MARKER,MEDIUM,Replace placeholders with verified content or clearly mark intentionally unverified/template-only status.
25_VENDOR_DATABASE/00_INDEX/PLAYWRIGHT_BATCH_SOURCE_LINKS.md,UNVERIFIED_OR_EXAMPLE_MARKER,MEDIUM,Replace placeholders with verified content or clearly mark intentionally unverified/template-only status.
25_VENDOR_DATABASE/00_INDEX/PLAYWRIGHT_PILOT_SOURCE_LINKS.md,UNVERIFIED_OR_EXAMPLE_MARKER,MEDIUM,Replace placeholders with verified content or clearly mark intentionally unverified/template-only status.
25_VENDOR_DATABASE/00_INDEX/README.md,VERY_SHORT_MARKDOWN,MEDIUM,"Add actionable content, schema fields, examples, or explicit intentionally-empty status."
25_VENDOR_DATABASE/00_INDEX/VENDOR_SCHEMA.md,UNVERIFIED_OR_EXAMPLE_MARKER,MEDIUM,Replace placeholders with verified content or clearly mark intentionally unverified/template-only status.
25_VENDOR_DATABASE/ESPRESSIF,ONLY_BASIC_INDEX_FILES,MEDIUM,Add substantive family/component/workflow content or mark intentionally reserved.
25_VENDOR_DATABASE/ESPRESSIF/README.md,VERY_SHORT_MARKDOWN,MEDIUM,"Add actionable content, schema fields, examples, or explicit intentionally-empty status."
25_VENDOR_DATABASE/ESPRESSIF/README.md,PLACEHOLDER_LANGUAGE,MEDIUM,Replace placeholders with verified content or clearly mark intentionally unverified/template-only status.
25_VENDOR_DATABASE/GENERIC_SUPPLIERS,ONLY_BASIC_INDEX_FILES,MEDIUM,Add substantive family/component/workflow content or mark intentionally reserved.
25_VENDOR_DATABASE/GENERIC_SUPPLIERS/README.md,VERY_SHORT_MARKDOWN,MEDIUM,"Add actionable content, schema fields, examples, or explicit intentionally-empty status."
25_VENDOR_DATABASE/GENERIC_SUPPLIERS/README.md,PLACEHOLDER_LANGUAGE,MEDIUM,Replace placeholders with verified content or clearly mark intentionally unverified/template-only status.
25_VENDOR_DATABASE/INDEX.md,PLACEHOLDER_LANGUAGE,MEDIUM,Replace placeholders with verified content or clearly mark intentionally unverified/template-only status.
25_VENDOR_DATABASE/JST,ONLY_BASIC_INDEX_FILES,MEDIUM,Add substantive family/component/workflow content or mark intentionally reserved.
25_VENDOR_DATABASE/JST/README.md,VERY_SHORT_MARKDOWN,MEDIUM,"Add actionable content, schema fields, examples, or explicit intentionally-empty status."
25_VENDOR_DATABASE/JST/README.md,PLACEHOLDER_LANGUAGE,MEDIUM,Replace placeholders with verified content or clearly mark intentionally unverified/template-only status.
25_VENDOR_DATABASE/MICROCHIP,ONLY_BASIC_INDEX_FILES,MEDIUM,Add substantive family/component/workflow content or mark intentionally reserved.
25_VENDOR_DATABASE/MICROCHIP/README.md,VERY_SHORT_MARKDOWN,MEDIUM,"Add actionable content, schema fields, examples, or explicit intentionally-empty status."
25_VENDOR_DATABASE/MICROCHIP/README.md,PLACEHOLDER_LANGUAGE,MEDIUM,Replace placeholders with verified content or clearly mark intentionally unverified/template-only status.
25_VENDOR_DATABASE/MOLEX,ONLY_BASIC_INDEX_FILES,MEDIUM,Add substantive family/component/workflow content or mark intentionally reserved.
25_VENDOR_DATABASE/MOLEX/README.md,VERY_SHORT_MARKDOWN,MEDIUM,"Add actionable content, schema fields, examples, or explicit intentionally-empty status."
25_VENDOR_DATABASE/MOLEX/README.md,PLACEHOLDER_LANGUAGE,MEDIUM,Replace placeholders with verified content or clearly mark intentionally unverified/template-only status.
25_VENDOR_DATABASE/NORDIC,ONLY_BASIC_INDEX_FILES,MEDIUM,Add substantive family/component/workflow content or mark intentionally reserved.
25_VENDOR_DATABASE/NORDIC/README.md,VERY_SHORT_MARKDOWN,MEDIUM,"Add actionable content, schema fields, examples, or explicit intentionally-empty status."
25_VENDOR_DATABASE/NORDIC/README.md,PLACEHOLDER_LANGUAGE,MEDIUM,Replace placeholders with verified content or clearly mark intentionally unverified/template-only status.
25_VENDOR_DATABASE/NXP,ONLY_BASIC_INDEX_FILES,MEDIUM,Add substantive family/component/workflow content or mark intentionally reserved.
25_VENDOR_DATABASE/NXP/README.md,VERY_SHORT_MARKDOWN,MEDIUM,"Add actionable content, schema fields, examples, or explicit intentionally-empty status."
25_VENDOR_DATABASE/NXP/README.md,PLACEHOLDER_LANGUAGE,MEDIUM,Replace placeholders with verified content or clearly mark intentionally unverified/template-only status.
25_VENDOR_DATABASE/RASPBERRY_PI,ONLY_BASIC_INDEX_FILES,MEDIUM,Add substantive family/component/workflow content or mark intentionally reserved.
25_VENDOR_DATABASE/RASPBERRY_PI/README.md,VERY_SHORT_MARKDOWN,MEDIUM,"Add actionable content, schema fields, examples, or explicit intentionally-empty status."
25_VENDOR_DATABASE/RASPBERRY_PI/README.md,PLACEHOLDER_LANGUAGE,MEDIUM,Replace placeholders with verified content or clearly mark intentionally unverified/template-only status.
25_VENDOR_DATABASE/STMICRO,ONLY_BASIC_INDEX_FILES,MEDIUM,Add substantive family/component/workflow content or mark intentionally reserved.
25_VENDOR_DATABASE/STMICRO/README.md,VERY_SHORT_MARKDOWN,MEDIUM,"Add actionable content, schema fields, examples, or explicit intentionally-empty status."
25_VENDOR_DATABASE/STMICRO/README.md,PLACEHOLDER_LANGUAGE,MEDIUM,Replace placeholders with verified content or clearly mark intentionally unverified/template-only status.
25_VENDOR_DATABASE/TE_CONNECTIVITY,ONLY_BASIC_INDEX_FILES,MEDIUM,Add substantive family/component/workflow content or mark intentionally reserved.
25_VENDOR_DATABASE/TE_CONNECTIVITY/README.md,VERY_SHORT_MARKDOWN,MEDIUM,"Add actionable content, schema fields, examples, or explicit intentionally-empty status."
25_VENDOR_DATABASE/TE_CONNECTIVITY/README.md,PLACEHOLDER_LANGUAGE,MEDIUM,Replace placeholders with verified content or clearly mark intentionally unverified/template-only status.
25_VENDOR_DATABASE/TI,ONLY_BASIC_INDEX_FILES,MEDIUM,Add substantive family/component/workflow content or mark intentionally reserved.
25_VENDOR_DATABASE/TI/README.md,VERY_SHORT_MARKDOWN,MEDIUM,"Add actionable content, schema fields, examples, or explicit intentionally-empty status."
25_VENDOR_DATABASE/TI/README.md,PLACEHOLDER_LANGUAGE,MEDIUM,Replace placeholders with verified content or clearly mark intentionally unverified/template-only status.
25_VENDOR_DATABASE/WURTH,ONLY_BASIC_INDEX_FILES,MEDIUM,Add substantive family/component/workflow content or mark intentionally reserved.
25_VENDOR_DATABASE/WURTH/README.md,VERY_SHORT_MARKDOWN,MEDIUM,"Add actionable content, schema fields, examples, or explicit intentionally-empty status."
25_VENDOR_DATABASE/WURTH/README.md,PLACEHOLDER_LANGUAGE,MEDIUM,Replace placeholders with verified content or clearly mark intentionally unverified/template-only status.
27_EXAMPLES/INDEX.md,UNVERIFIED_OR_EXAMPLE_MARKER,MEDIUM,Replace placeholders with verified content or clearly mark intentionally unverified/template-only status.
27_EXAMPLES/README.md,UNVERIFIED_OR_EXAMPLE_MARKER,MEDIUM,Replace placeholders with verified content or clearly mark intentionally unverified/template-only status.
27_EXAMPLES/component_record_examples,ONLY_BASIC_INDEX_FILES,MEDIUM,Add substantive family/component/workflow content or mark intentionally reserved.
27_EXAMPLES/component_record_examples/README.md,VERY_SHORT_MARKDOWN,MEDIUM,"Add actionable content, schema fields, examples, or explicit intentionally-empty status."
27_EXAMPLES/component_record_examples/README.md,UNVERIFIED_OR_EXAMPLE_MARKER,MEDIUM,Replace placeholders with verified content or clearly mark intentionally unverified/template-only status.
27_EXAMPLES/datasheet_summary_examples,ONLY_BASIC_INDEX_FILES,MEDIUM,Add substantive family/component/workflow content or mark intentionally reserved.
27_EXAMPLES/datasheet_summary_examples/README.md,VERY_SHORT_MARKDOWN,MEDIUM,"Add actionable content, schema fields, examples, or explicit intentionally-empty status."
27_EXAMPLES/datasheet_summary_examples/README.md,UNVERIFIED_OR_EXAMPLE_MARKER,MEDIUM,Replace placeholders with verified content or clearly mark intentionally unverified/template-only status.
27_EXAMPLES/memory_history_examples,ONLY_BASIC_INDEX_FILES,MEDIUM,Add substantive family/component/workflow content or mark intentionally reserved.
27_EXAMPLES/memory_history_examples/README.md,VERY_SHORT_MARKDOWN,MEDIUM,"Add actionable content, schema fields, examples, or explicit intentionally-empty status."
27_EXAMPLES/memory_history_examples/README.md,UNVERIFIED_OR_EXAMPLE_MARKER,MEDIUM,Replace placeholders with verified content or clearly mark intentionally unverified/template-only status.
27_EXAMPLES/prompt_examples,ONLY_BASIC_INDEX_FILES,MEDIUM,Add substantive family/component/workflow content or mark intentionally reserved.
27_EXAMPLES/prompt_examples/README.md,VERY_SHORT_MARKDOWN,MEDIUM,"Add actionable content, schema fields, examples, or explicit intentionally-empty status."
27_EXAMPLES/prompt_examples/README.md,UNVERIFIED_OR_EXAMPLE_MARKER,MEDIUM,Replace placeholders with verified content or clearly mark intentionally unverified/template-only status.
27_EXAMPLES/quality_scorecard_examples,ONLY_BASIC_INDEX_FILES,MEDIUM,Add substantive family/component/workflow content or mark intentionally reserved.
27_EXAMPLES/quality_scorecard_examples/README.md,VERY_SHORT_MARKDOWN,MEDIUM,"Add actionable content, schema fields, examples, or explicit intentionally-empty status."
27_EXAMPLES/quality_scorecard_examples/README.md,UNVERIFIED_OR_EXAMPLE_MARKER,MEDIUM,Replace placeholders with verified content or clearly mark intentionally unverified/template-only status.
27_EXAMPLES/report_examples,ONLY_BASIC_INDEX_FILES,MEDIUM,Add substantive family/component/workflow content or mark intentionally reserved.
27_EXAMPLES/report_examples/README.md,VERY_SHORT_MARKDOWN,MEDIUM,"Add actionable content, schema fields, examples, or explicit intentionally-empty status."
27_EXAMPLES/report_examples/README.md,UNVERIFIED_OR_EXAMPLE_MARKER,MEDIUM,Replace placeholders with verified content or clearly mark intentionally unverified/template-only status.
28_SUPPLIER_INGESTION/connectors/arrow/README.md,PLACEHOLDER_LANGUAGE,MEDIUM,Replace placeholders with verified content or clearly mark intentionally unverified/template-only status.
28_SUPPLIER_INGESTION/connectors/arrow/sample_input.example.json,UNVERIFIED_OR_EXAMPLE_MARKER,MEDIUM,Replace placeholders with verified content or clearly mark intentionally unverified/template-only status.
28_SUPPLIER_INGESTION/connectors/avnet/README.md,PLACEHOLDER_LANGUAGE,MEDIUM,Replace placeholders with verified content or clearly mark intentionally unverified/template-only status.
28_SUPPLIER_INGESTION/connectors/avnet/sample_input.example.json,UNVERIFIED_OR_EXAMPLE_MARKER,MEDIUM,Replace placeholders with verified content or clearly mark intentionally unverified/template-only status.
28_SUPPLIER_INGESTION/connectors/digikey/DRY_RUN_EXAMPLES.md,PLACEHOLDER_LANGUAGE,MEDIUM,Replace placeholders with verified content or clearly mark intentionally unverified/template-only status.
28_SUPPLIER_INGESTION/connectors/digikey/README.md,PLACEHOLDER_LANGUAGE,MEDIUM,Replace placeholders with verified content or clearly mark intentionally unverified/template-only status.
28_SUPPLIER_INGESTION/connectors/digikey/sample_input.example.json,UNVERIFIED_OR_EXAMPLE_MARKER,MEDIUM,Replace placeholders with verified content or clearly mark intentionally unverified/template-only status.
28_SUPPLIER_INGESTION/connectors/farnell/README.md,PLACEHOLDER_LANGUAGE,MEDIUM,Replace placeholders with verified content or clearly mark intentionally unverified/template-only status.
28_SUPPLIER_INGESTION/connectors/farnell/sample_input.example.json,UNVERIFIED_OR_EXAMPLE_MARKER,MEDIUM,Replace placeholders with verified content or clearly mark intentionally unverified/template-only status.
28_SUPPLIER_INGESTION/connectors/future_electronics/README.md,PLACEHOLDER_LANGUAGE,MEDIUM,Replace placeholders with verified content or clearly mark intentionally unverified/template-only status.
28_SUPPLIER_INGESTION/connectors/future_electronics/sample_input.example.json,UNVERIFIED_OR_EXAMPLE_MARKER,MEDIUM,Replace placeholders with verified content or clearly mark intentionally unverified/template-only status.
28_SUPPLIER_INGESTION/connectors/jlcpcb/DRY_RUN_EXAMPLES.md,PLACEHOLDER_LANGUAGE,MEDIUM,Replace placeholders with verified content or clearly mark intentionally unverified/template-only status.
28_SUPPLIER_INGESTION/connectors/jlcpcb/sample_input.example.json,UNVERIFIED_OR_EXAMPLE_MARKER,MEDIUM,Replace placeholders with verified content or clearly mark intentionally unverified/template-only status.
28_SUPPLIER_INGESTION/connectors/lcsc/DRY_RUN_EXAMPLES.md,PLACEHOLDER_LANGUAGE,MEDIUM,Replace placeholders with verified content or clearly mark intentionally unverified/template-only status.
28_SUPPLIER_INGESTION/connectors/lcsc/sample_input.example.json,UNVERIFIED_OR_EXAMPLE_MARKER,MEDIUM,Replace placeholders with verified content or clearly mark intentionally unverified/template-only status.
28_SUPPLIER_INGESTION/connectors/manual_csv/README.md,PLACEHOLDER_LANGUAGE,MEDIUM,Replace placeholders with verified content or clearly mark intentionally unverified/template-only status.
28_SUPPLIER_INGESTION/connectors/manual_csv/sample_input.example.json,UNVERIFIED_OR_EXAMPLE_MARKER,MEDIUM,Replace placeholders with verified content or clearly mark intentionally unverified/template-only status.
28_SUPPLIER_INGESTION/connectors/mouser/DRY_RUN_EXAMPLES.md,PLACEHOLDER_LANGUAGE,MEDIUM,Replace placeholders with verified content or clearly mark intentionally unverified/template-only status.
28_SUPPLIER_INGESTION/connectors/mouser/README.md,PLACEHOLDER_LANGUAGE,MEDIUM,Replace placeholders with verified content or clearly mark intentionally unverified/template-only status.
28_SUPPLIER_INGESTION/connectors/mouser/sample_input.example.json,UNVERIFIED_OR_EXAMPLE_MARKER,MEDIUM,Replace placeholders with verified content or clearly mark intentionally unverified/template-only status.
28_SUPPLIER_INGESTION/connectors/newark_element14/README.md,PLACEHOLDER_LANGUAGE,MEDIUM,Replace placeholders with verified content or clearly mark intentionally unverified/template-only status.
28_SUPPLIER_INGESTION/connectors/newark_element14/sample_input.example.json,UNVERIFIED_OR_EXAMPLE_MARKER,MEDIUM,Replace placeholders with verified content or clearly mark intentionally unverified/template-only status.
28_SUPPLIER_INGESTION/connectors/octopart/README.md,PLACEHOLDER_LANGUAGE,MEDIUM,Replace placeholders with verified content or clearly mark intentionally unverified/template-only status.
28_SUPPLIER_INGESTION/connectors/octopart/sample_input.example.json,UNVERIFIED_OR_EXAMPLE_MARKER,MEDIUM,Replace placeholders with verified content or clearly mark intentionally unverified/template-only status.
28_SUPPLIER_INGESTION/connectors/rs_components/README.md,PLACEHOLDER_LANGUAGE,MEDIUM,Replace placeholders with verified content or clearly mark intentionally unverified/template-only status.
28_SUPPLIER_INGESTION/connectors/rs_components/sample_input.example.json,UNVERIFIED_OR_EXAMPLE_MARKER,MEDIUM,Replace placeholders with verified content or clearly mark intentionally unverified/template-only status.
28_SUPPLIER_INGESTION/connectors/rutronik/README.md,PLACEHOLDER_LANGUAGE,MEDIUM,Replace placeholders with verified content or clearly mark intentionally unverified/template-only status.
28_SUPPLIER_INGESTION/connectors/rutronik/sample_input.example.json,UNVERIFIED_OR_EXAMPLE_MARKER,MEDIUM,Replace placeholders with verified content or clearly mark intentionally unverified/template-only status.
28_SUPPLIER_INGESTION/connectors/tme/README.md,PLACEHOLDER_LANGUAGE,MEDIUM,Replace placeholders with verified content or clearly mark intentionally unverified/template-only status.
28_SUPPLIER_INGESTION/connectors/tme/sample_input.example.json,UNVERIFIED_OR_EXAMPLE_MARKER,MEDIUM,Replace placeholders with verified content or clearly mark intentionally unverified/template-only status.
28_SUPPLIER_INGESTION/normalized/playwright_batch_expansion/batch_expansion_normalized_records.md,UNVERIFIED_OR_EXAMPLE_MARKER,MEDIUM,Replace placeholders with verified content or clearly mark intentionally unverified/template-only status.
28_SUPPLIER_INGESTION/scripts/test_connectors_dry_run.py,UNVERIFIED_OR_EXAMPLE_MARKER,MEDIUM,Replace placeholders with verified content or clearly mark intentionally unverified/template-only status.
29_FOOTPRINT_GAP_ANALYSIS/CONNECTOR_FOOTPRINT_GAPS.md,PLACEHOLDER_LANGUAGE,MEDIUM,Replace placeholders with verified content or clearly mark intentionally unverified/template-only status.
29_FOOTPRINT_GAP_ANALYSIS/FOOTPRINT_CREATION_BACKLOG.md,PLACEHOLDER_LANGUAGE,MEDIUM,Replace placeholders with verified content or clearly mark intentionally unverified/template-only status.
29_FOOTPRINT_GAP_ANALYSIS/GENERATED_INDEXES/component_db_to_footprint_matches.md,PLACEHOLDER_LANGUAGE,MEDIUM,Replace placeholders with verified content or clearly mark intentionally unverified/template-only status.
29_FOOTPRINT_GAP_ANALYSIS/HIGH_RISK_FOOTPRINTS.md,PLACEHOLDER_LANGUAGE,MEDIUM,Replace placeholders with verified content or clearly mark intentionally unverified/template-only status.
29_FOOTPRINT_GAP_ANALYSIS/MISSING_FOOTPRINT_CANDIDATES.md,PLACEHOLDER_LANGUAGE,MEDIUM,Replace placeholders with verified content or clearly mark intentionally unverified/template-only status.
30_SUPPLIER_FOOTPRINT_MATCHES/INDEX.md,UNVERIFIED_OR_EXAMPLE_MARKER,MEDIUM,Replace placeholders with verified content or clearly mark intentionally unverified/template-only status.
30_SUPPLIER_FOOTPRINT_MATCHES/matches/digikey,ONLY_BASIC_INDEX_FILES,MEDIUM,Add substantive family/component/workflow content or mark intentionally reserved.
30_SUPPLIER_FOOTPRINT_MATCHES/matches/jlcpcb,ONLY_BASIC_INDEX_FILES,MEDIUM,Add substantive family/component/workflow content or mark intentionally reserved.
30_SUPPLIER_FOOTPRINT_MATCHES/matches/lcsc,ONLY_BASIC_INDEX_FILES,MEDIUM,Add substantive family/component/workflow content or mark intentionally reserved.
30_SUPPLIER_FOOTPRINT_MATCHES/matches/manual_source_link/README.md,VERY_SHORT_MARKDOWN,MEDIUM,"Add actionable content, schema fields, examples, or explicit intentionally-empty status."
30_SUPPLIER_FOOTPRINT_MATCHES/matches/manual_source_link/README.md,PLACEHOLDER_LANGUAGE,MEDIUM,Replace placeholders with verified content or clearly mark intentionally unverified/template-only status.
30_SUPPLIER_FOOTPRINT_MATCHES/matches/manual_verified/EXAMPLE_ONLY_MANUAL_VERIFIED_ALPHA_AND_OMEGA_SEMICONDUCTOR_AO3401A.md,UNVERIFIED_OR_EXAMPLE_MARKER,MEDIUM,Replace placeholders with verified content or clearly mark intentionally unverified/template-only status.
30_SUPPLIER_FOOTPRINT_MATCHES/matches/manual_verified/EXAMPLE_ONLY_MANUAL_VERIFIED_DIODES_INCORPORATED_AP63203.md,UNVERIFIED_OR_EXAMPLE_MARKER,MEDIUM,Replace placeholders with verified content or clearly mark intentionally unverified/template-only status.
30_SUPPLIER_FOOTPRINT_MATCHES/matches/manual_verified/EXAMPLE_ONLY_MANUAL_VERIFIED_ESPRESSIF_ESP32_S3_WROOM_1.md,UNVERIFIED_OR_EXAMPLE_MARKER,MEDIUM,Replace placeholders with verified content or clearly mark intentionally unverified/template-only status.
30_SUPPLIER_FOOTPRINT_MATCHES/matches/manual_verified/EXAMPLE_ONLY_MANUAL_VERIFIED_GENERIC_USB_C_16_PIN_RECEPTACLE_GENERIC.md,UNVERIFIED_OR_EXAMPLE_MARKER,MEDIUM,Replace placeholders with verified content or clearly mark intentionally unverified/template-only status.
30_SUPPLIER_FOOTPRINT_MATCHES/matches/manual_verified/EXAMPLE_ONLY_MANUAL_VERIFIED_STMICROELECTRONICS_STM32F103C8T6.md,UNVERIFIED_OR_EXAMPLE_MARKER,MEDIUM,Replace placeholders with verified content or clearly mark intentionally unverified/template-only status.
30_SUPPLIER_FOOTPRINT_MATCHES/matches/manual_verified/EXAMPLE_ONLY_MANUAL_VERIFIED_TEXAS_INSTRUMENTS_TPD2EUSB30ADRTR.md,UNVERIFIED_OR_EXAMPLE_MARKER,MEDIUM,Replace placeholders with verified content or clearly mark intentionally unverified/template-only status.
30_SUPPLIER_FOOTPRINT_MATCHES/matches/manual_verified/README.md,UNVERIFIED_OR_EXAMPLE_MARKER,MEDIUM,Replace placeholders with verified content or clearly mark intentionally unverified/template-only status.
30_SUPPLIER_FOOTPRINT_MATCHES/matches/mouser,ONLY_BASIC_INDEX_FILES,MEDIUM,Add substantive family/component/workflow content or mark intentionally reserved.
30_SUPPLIER_FOOTPRINT_MATCHES/reports/MATCH_CONFIDENCE_REPORT.md,UNVERIFIED_OR_EXAMPLE_MARKER,MEDIUM,Replace placeholders with verified content or clearly mark intentionally unverified/template-only status.
30_SUPPLIER_FOOTPRINT_MATCHES/reports/MATCH_INDEX.md,UNVERIFIED_OR_EXAMPLE_MARKER,MEDIUM,Replace placeholders with verified content or clearly mark intentionally unverified/template-only status.
30_SUPPLIER_FOOTPRINT_MATCHES/reports/README.md,VERY_SHORT_MARKDOWN,MEDIUM,"Add actionable content, schema fields, examples, or explicit intentionally-empty status."
30_SUPPLIER_FOOTPRINT_MATCHES/reports/match_confidence_report.json,UNVERIFIED_OR_EXAMPLE_MARKER,MEDIUM,Replace placeholders with verified content or clearly mark intentionally unverified/template-only status.
30_SUPPLIER_FOOTPRINT_MATCHES/reports/match_index.json,UNVERIFIED_OR_EXAMPLE_MARKER,MEDIUM,Replace placeholders with verified content or clearly mark intentionally unverified/template-only status.
30_SUPPLIER_FOOTPRINT_MATCHES/scripts/build_match_index.py,UNVERIFIED_OR_EXAMPLE_MARKER,MEDIUM,Replace placeholders with verified content or clearly mark intentionally unverified/template-only status.
30_SUPPLIER_FOOTPRINT_MATCHES/scripts/check_match_confidence.py,UNVERIFIED_OR_EXAMPLE_MARKER,MEDIUM,Replace placeholders with verified content or clearly mark intentionally unverified/template-only status.
31_PLAYWRIGHT_RESEARCH_PIPELINE/INTEGRATION_WITH_08_COMPONENT_DATABASE.md,UNVERIFIED_OR_EXAMPLE_MARKER,MEDIUM,Replace placeholders with verified content or clearly mark intentionally unverified/template-only status.
31_PLAYWRIGHT_RESEARCH_PIPELINE/PLAYWRIGHT_USAGE_RULES.md,PLACEHOLDER_LANGUAGE,MEDIUM,Replace placeholders with verified content or clearly mark intentionally unverified/template-only status.
31_PLAYWRIGHT_RESEARCH_PIPELINE/reports/BATCH_RESEARCH_INDEX.md,UNVERIFIED_OR_EXAMPLE_MARKER,MEDIUM,Replace placeholders with verified content or clearly mark intentionally unverified/template-only status.
31_PLAYWRIGHT_RESEARCH_PIPELINE/reports/COMPONENT_DATABASE_UPDATE_DRY_RUN.md,VERY_SHORT_MARKDOWN,MEDIUM,"Add actionable content, schema fields, examples, or explicit intentionally-empty status."
31_PLAYWRIGHT_RESEARCH_PIPELINE/reports/DATASHEET_SOURCE_INDEX_UPDATE_DRY_RUN.md,VERY_SHORT_MARKDOWN,MEDIUM,"Add actionable content, schema fields, examples, or explicit intentionally-empty status."
31_PLAYWRIGHT_RESEARCH_PIPELINE/reports/PILOT_LIVE_RESEARCH_REPORT.md,UNVERIFIED_OR_EXAMPLE_MARKER,MEDIUM,Replace placeholders with verified content or clearly mark intentionally unverified/template-only status.
31_PLAYWRIGHT_RESEARCH_PIPELINE/reports/SUPPLIER_INDEX_UPDATE_DRY_RUN.md,VERY_SHORT_MARKDOWN,MEDIUM,"Add actionable content, schema fields, examples, or explicit intentionally-empty status."
31_PLAYWRIGHT_RESEARCH_PIPELINE/scripts/browser_research_public_page.js,PLACEHOLDER_LANGUAGE,MEDIUM,Replace placeholders with verified content or clearly mark intentionally unverified/template-only status.
31_PLAYWRIGHT_RESEARCH_PIPELINE/scripts/update_component_database_stubs.js,PLACEHOLDER_LANGUAGE,MEDIUM,Replace placeholders with verified content or clearly mark intentionally unverified/template-only status.
31_PLAYWRIGHT_RESEARCH_PIPELINE/scripts/update_datasheet_source_indexes.js,PLACEHOLDER_LANGUAGE,MEDIUM,Replace placeholders with verified content or clearly mark intentionally unverified/template-only status.
31_PLAYWRIGHT_RESEARCH_PIPELINE/scripts/update_supplier_indexes.js,PLACEHOLDER_LANGUAGE,MEDIUM,Replace placeholders with verified content or clearly mark intentionally unverified/template-only status.
DATASHEET_REDISTRIBUTION_AUDIT.md,UNVERIFIED_OR_EXAMPLE_MARKER,MEDIUM,Replace placeholders with verified content or clearly mark intentionally unverified/template-only status.
FAQ.md,PLACEHOLDER_LANGUAGE,MEDIUM,Replace placeholders with verified content or clearly mark intentionally unverified/template-only status.
HEALTH_CHECK_REPORT_TEMPLATE.md,TODO_OR_TBD,MEDIUM,Replace placeholders with verified content or clearly mark intentionally unverified/template-only status.
PUBLIC_REPO_RISK_REGISTER.md,PLACEHOLDER_LANGUAGE,MEDIUM,Replace placeholders with verified content or clearly mark intentionally unverified/template-only status.
README.md,PLACEHOLDER_LANGUAGE,MEDIUM,Replace placeholders with verified content or clearly mark intentionally unverified/template-only status.
ROADMAP.md,PLACEHOLDER_LANGUAGE,MEDIUM,Replace placeholders with verified content or clearly mark intentionally unverified/template-only status.
START_HERE_FOR_AI_AGENTS.md,PLACEHOLDER_LANGUAGE,MEDIUM,Replace placeholders with verified content or clearly mark intentionally unverified/template-only status.
docs/HOW_THE_COMPONENT_DATABASE_WORKS.md,UNVERIFIED_OR_EXAMPLE_MARKER,MEDIUM,Replace placeholders with verified content or clearly mark intentionally unverified/template-only status.
docs/HOW_TO_ADD_A_COMPONENT.md,UNVERIFIED_OR_EXAMPLE_MARKER,MEDIUM,Replace placeholders with verified content or clearly mark intentionally unverified/template-only status.
