file_path,issue_type,severity,why_it_is_weak,required_fix
.codex/prompts/CREATE_REAL_KICAD_PROJECT_FROM_REQUIREMENTS.md,UNEXPANDED_TEMPLATE_VARIABLE,HIGH,File contains boilerplate or unresolved template language that reduces agent usefulness.,Replace with specific instructions/data or move to templates/examples.
.codex/prompts/NEW_KICAD_PROJECT.md,UNEXPANDED_TEMPLATE_VARIABLE,HIGH,File contains boilerplate or unresolved template language that reduces agent usefulness.,Replace with specific instructions/data or move to templates/examples.
.prompts/README.md,UNEXPANDED_TEMPLATE_VARIABLE,HIGH,File contains boilerplate or unresolved template language that reduces agent usefulness.,Replace with specific instructions/data or move to templates/examples.
.prompts/codex/02_CREATE_NEW_PROJECT_WORKSPACE.md,UNEXPANDED_TEMPLATE_VARIABLE,HIGH,File contains boilerplate or unresolved template language that reduces agent usefulness.,Replace with specific instructions/data or move to templates/examples.
.prompts/codex/03_RESEARCH_COMPONENT.md,UNEXPANDED_TEMPLATE_VARIABLE,HIGH,File contains boilerplate or unresolved template language that reduces agent usefulness.,Replace with specific instructions/data or move to templates/examples.
.prompts/codex/04_ADD_COMPONENT_TO_DATABASE.md,UNEXPANDED_TEMPLATE_VARIABLE,HIGH,File contains boilerplate or unresolved template language that reduces agent usefulness.,Replace with specific instructions/data or move to templates/examples.
.prompts/codex/05_PLAN_SCHEMATIC.md,UNEXPANDED_TEMPLATE_VARIABLE,HIGH,File contains boilerplate or unresolved template language that reduces agent usefulness.,Replace with specific instructions/data or move to templates/examples.
.vscode/tasks.json,UNEXPANDED_TEMPLATE_VARIABLE,HIGH,File contains boilerplate or unresolved template language that reduces agent usefulness.,Replace with specific instructions/data or move to templates/examples.
00_CODEX_START/HISTORY_INDEX.generated.json,UNEXPANDED_TEMPLATE_VARIABLE,HIGH,File contains boilerplate or unresolved template language that reduces agent usefulness.,Replace with specific instructions/data or move to templates/examples.
00_CODEX_START/HISTORY_INDEX.generated.md,UNEXPANDED_TEMPLATE_VARIABLE,HIGH,File contains boilerplate or unresolved template language that reduces agent usefulness.,Replace with specific instructions/data or move to templates/examples.
00_CODEX_START/HISTORY_INDEX.md,UNEXPANDED_TEMPLATE_VARIABLE,HIGH,File contains boilerplate or unresolved template language that reduces agent usefulness.,Replace with specific instructions/data or move to templates/examples.
00_CODEX_START/MEMORY_INDEX.md,UNEXPANDED_TEMPLATE_VARIABLE,HIGH,File contains boilerplate or unresolved template language that reduces agent usefulness.,Replace with specific instructions/data or move to templates/examples.
00_CODEX_START/SESSION_START_CHECKLIST.md,UNEXPANDED_TEMPLATE_VARIABLE,HIGH,File contains boilerplate or unresolved template language that reduces agent usefulness.,Replace with specific instructions/data or move to templates/examples.
00_CODEX_START/TOOL_INDEX.md,UNEXPANDED_TEMPLATE_VARIABLE,HIGH,File contains boilerplate or unresolved template language that reduces agent usefulness.,Replace with specific instructions/data or move to templates/examples.
00_CODEX_START/WORKFLOW_RULES.md,UNEXPANDED_TEMPLATE_VARIABLE,HIGH,File contains boilerplate or unresolved template language that reduces agent usefulness.,Replace with specific instructions/data or move to templates/examples.
02_HISTORY/MASTER_HISTORY_INDEX.md,UNEXPANDED_TEMPLATE_VARIABLE,HIGH,File contains boilerplate or unresolved template language that reduces agent usefulness.,Replace with specific instructions/data or move to templates/examples.
02_HISTORY/claim_evidence_matrices/MCU_DATASHEET_TREE_UPGRADE_CLAIM_EVIDENCE_MATRIX.md,UNEXPANDED_TEMPLATE_VARIABLE,HIGH,File contains boilerplate or unresolved template language that reduces agent usefulness.,Replace with specific instructions/data or move to templates/examples.
02_HISTORY/claim_evidence_matrices/STM32_SOURCE_LINK_RESEARCH_CLAIM_EVIDENCE_MATRIX.md,UNEXPANDED_TEMPLATE_VARIABLE,HIGH,File contains boilerplate or unresolved template language that reduces agent usefulness.,Replace with specific instructions/data or move to templates/examples.
02_HISTORY/command_logs/KIBOT_INSTALL_COMMANDS.md,UNEXPANDED_TEMPLATE_VARIABLE,HIGH,File contains boilerplate or unresolved template language that reduces agent usefulness.,Replace with specific instructions/data or move to templates/examples.
02_HISTORY/command_logs/KICAD_HAPPY_INSTALL_COMMANDS.md,UNEXPANDED_TEMPLATE_VARIABLE,HIGH,File contains boilerplate or unresolved template language that reduces agent usefulness.,Replace with specific instructions/data or move to templates/examples.
02_HISTORY/command_logs/KICAD_MCP_PRO_INSTALL_COMMANDS.md,UNEXPANDED_TEMPLATE_VARIABLE,HIGH,File contains boilerplate or unresolved template language that reduces agent usefulness.,Replace with specific instructions/data or move to templates/examples.
02_HISTORY/command_logs/MCU_DATASHEET_TREE_UPGRADE_COMMANDS.md,UNEXPANDED_TEMPLATE_VARIABLE,HIGH,File contains boilerplate or unresolved template language that reduces agent usefulness.,Replace with specific instructions/data or move to templates/examples.
02_HISTORY/command_logs/STM32_SOURCE_LINK_RESEARCH_COMMANDS.md,UNEXPANDED_TEMPLATE_VARIABLE,HIGH,File contains boilerplate or unresolved template language that reduces agent usefulness.,Replace with specific instructions/data or move to templates/examples.
02_HISTORY/command_logs/VISUAL_TOOLS_INSTALL_COMMANDS.md,UNEXPANDED_TEMPLATE_VARIABLE,HIGH,File contains boilerplate or unresolved template language that reduces agent usefulness.,Replace with specific instructions/data or move to templates/examples.
02_HISTORY/design_reviews/COMPONENT_DATABASE_CORE_SETUP_AUDIT.md,UNEXPANDED_TEMPLATE_VARIABLE,HIGH,File contains boilerplate or unresolved template language that reduces agent usefulness.,Replace with specific instructions/data or move to templates/examples.
02_HISTORY/design_reviews/KICAD_ENGINE_FINAL_SETUP_AUDIT.md,UNEXPANDED_TEMPLATE_VARIABLE,HIGH,File contains boilerplate or unresolved template language that reduces agent usefulness.,Replace with specific instructions/data or move to templates/examples.
02_HISTORY/design_reviews/MICROCONTROLLER_FAMILY_CONTENT_GENERATOR_AUDIT.md,UNEXPANDED_TEMPLATE_VARIABLE,HIGH,File contains boilerplate or unresolved template language that reduces agent usefulness.,Replace with specific instructions/data or move to templates/examples.
02_HISTORY/design_reviews/STM32F1_PILOT_CONTENT_COMPLETION_REPORT.md,UNEXPANDED_TEMPLATE_VARIABLE,HIGH,File contains boilerplate or unresolved template language that reduces agent usefulness.,Replace with specific instructions/data or move to templates/examples.
02_HISTORY/design_reviews/STM32_DATASHEET_TREE_CONTENT_COMPLETION_AUDIT.md,UNEXPANDED_TEMPLATE_VARIABLE,HIGH,File contains boilerplate or unresolved template language that reduces agent usefulness.,Replace with specific instructions/data or move to templates/examples.
02_HISTORY/design_reviews/STM32_SOURCE_LINK_RESEARCH_REPORT.md,UNEXPANDED_TEMPLATE_VARIABLE,HIGH,File contains boilerplate or unresolved template language that reduces agent usefulness.,Replace with specific instructions/data or move to templates/examples.
02_HISTORY/design_reviews/SUPPLIER_DATASHEET_FOOTPRINT_FINAL_AUDIT.md,UNEXPANDED_TEMPLATE_VARIABLE,HIGH,File contains boilerplate or unresolved template language that reduces agent usefulness.,Replace with specific instructions/data or move to templates/examples.
02_HISTORY/failed_attempts/MCU_TREE_UPGRADE_RG_DOLLAR_QUOTING.md,UNEXPANDED_TEMPLATE_VARIABLE,HIGH,File contains boilerplate or unresolved template language that reduces agent usefulness.,Replace with specific instructions/data or move to templates/examples.
02_HISTORY/issue_logs/MCU_DATASHEET_SUPPORT_FOLDERS_REMAIN_WEAK.md,UNEXPANDED_TEMPLATE_VARIABLE,HIGH,File contains boilerplate or unresolved template language that reduces agent usefulness.,Replace with specific instructions/data or move to templates/examples.
02_HISTORY/sessions/KICAD_VERIFICATION_SCRIPTS_CREATED.md,UNEXPANDED_TEMPLATE_VARIABLE,HIGH,File contains boilerplate or unresolved template language that reduces agent usefulness.,Replace with specific instructions/data or move to templates/examples.
02_HISTORY/sessions/MCU_DATASHEET_TREE_UPGRADE_SESSION.md,UNEXPANDED_TEMPLATE_VARIABLE,HIGH,File contains boilerplate or unresolved template language that reduces agent usefulness.,Replace with specific instructions/data or move to templates/examples.
02_HISTORY/sessions/STM32_SOURCE_LINK_RESEARCH_SESSION.md,UNEXPANDED_TEMPLATE_VARIABLE,HIGH,File contains boilerplate or unresolved template language that reduces agent usefulness.,Replace with specific instructions/data or move to templates/examples.
03_TOOLS/kicad_app_intelligence/generated/kicad_resource_summary.windows.json,UNEXPANDED_TEMPLATE_VARIABLE,HIGH,File contains boilerplate or unresolved template language that reduces agent usefulness.,Replace with specific instructions/data or move to templates/examples.
03_TOOLS/linux/scripts/check_linux_kicad_env.sh,UNEXPANDED_TEMPLATE_VARIABLE,HIGH,File contains boilerplate or unresolved template language that reduces agent usefulness.,Replace with specific instructions/data or move to templates/examples.
03_TOOLS/scripts/ai_quality/ai_quality_common.py,UNEXPANDED_TEMPLATE_VARIABLE,HIGH,File contains boilerplate or unresolved template language that reduces agent usefulness.,Replace with specific instructions/data or move to templates/examples.
03_TOOLS/scripts/datasheets/build_datasheet_index.py,UNEXPANDED_TEMPLATE_VARIABLE,HIGH,File contains boilerplate or unresolved template language that reduces agent usefulness.,Replace with specific instructions/data or move to templates/examples.
03_TOOLS/scripts/datasheets/build_stm32_ai_datasheet_tree.py,UNEXPANDED_TEMPLATE_VARIABLE,HIGH,File contains boilerplate or unresolved template language that reduces agent usefulness.,Replace with specific instructions/data or move to templates/examples.
03_TOOLS/scripts/datasheets/build_stm32_source_link_indexes.py,UNEXPANDED_TEMPLATE_VARIABLE,HIGH,File contains boilerplate or unresolved template language that reduces agent usefulness.,Replace with specific instructions/data or move to templates/examples.
03_TOOLS/scripts/datasheets/create_missing_datasheet_report.py,UNEXPANDED_TEMPLATE_VARIABLE,HIGH,File contains boilerplate or unresolved template language that reduces agent usefulness.,Replace with specific instructions/data or move to templates/examples.
03_TOOLS/scripts/datasheets/generate_component_summary_stub.py,UNEXPANDED_TEMPLATE_VARIABLE,HIGH,File contains boilerplate or unresolved template language that reduces agent usefulness.,Replace with specific instructions/data or move to templates/examples.
03_TOOLS/scripts/datasheets/validate_datasheet_links.py,UNEXPANDED_TEMPLATE_VARIABLE,HIGH,File contains boilerplate or unresolved template language that reduces agent usefulness.,Replace with specific instructions/data or move to templates/examples.
03_TOOLS/scripts/kicad_app_audit/deep_kicad_folder_inventory.py,UNEXPANDED_TEMPLATE_VARIABLE,HIGH,File contains boilerplate or unresolved template language that reduces agent usefulness.,Replace with specific instructions/data or move to templates/examples.
03_TOOLS/scripts/kicad_engine_health_check.ps1,UNEXPANDED_TEMPLATE_VARIABLE,HIGH,File contains boilerplate or unresolved template language that reduces agent usefulness.,Replace with specific instructions/data or move to templates/examples.
03_TOOLS/scripts/kicad_libraries/index_footprints.py,UNEXPANDED_TEMPLATE_VARIABLE,HIGH,File contains boilerplate or unresolved template language that reduces agent usefulness.,Replace with specific instructions/data or move to templates/examples.
03_TOOLS/scripts/kicad_libraries/index_symbols.py,UNEXPANDED_TEMPLATE_VARIABLE,HIGH,File contains boilerplate or unresolved template language that reduces agent usefulness.,Replace with specific instructions/data or move to templates/examples.
03_TOOLS/scripts/memory_history/memory_history_common.py,UNEXPANDED_TEMPLATE_VARIABLE,HIGH,File contains boilerplate or unresolved template language that reduces agent usefulness.,Replace with specific instructions/data or move to templates/examples.
03_TOOLS/scripts/project_validation/validate_kicad_project.py,UNEXPANDED_TEMPLATE_VARIABLE,HIGH,File contains boilerplate or unresolved template language that reduces agent usefulness.,Replace with specific instructions/data or move to templates/examples.
03_TOOLS/tool_logs/KICAD_HAPPY_USAGE_GUIDE.md,UNEXPANDED_TEMPLATE_VARIABLE,HIGH,File contains boilerplate or unresolved template language that reduces agent usefulness.,Replace with specific instructions/data or move to templates/examples.
05_OUTPUTS/datasheet_tree/MCU_TREE_GENERATION_RESULTS.json,UNEXPANDED_TEMPLATE_VARIABLE,HIGH,File contains boilerplate or unresolved template language that reduces agent usefulness.,Replace with specific instructions/data or move to templates/examples.
05_OUTPUTS/datasheet_tree/MCU_TREE_GENERATION_RESULTS_RERUN.json,UNEXPANDED_TEMPLATE_VARIABLE,HIGH,File contains boilerplate or unresolved template language that reduces agent usefulness.,Replace with specific instructions/data or move to templates/examples.
05_OUTPUTS/installer_smoke_test/KICAD_ENGINE_TEST_2026-05-03T00-18-33-993Z/.codex/prompts/CREATE_REAL_KICAD_PROJECT_FROM_REQUIREMENTS.md,UNEXPANDED_TEMPLATE_VARIABLE,HIGH,File contains boilerplate or unresolved template language that reduces agent usefulness.,Replace with specific instructions/data or move to templates/examples.
05_OUTPUTS/installer_smoke_test/KICAD_ENGINE_TEST_2026-05-03T00-18-33-993Z/.codex/prompts/NEW_KICAD_PROJECT.md,UNEXPANDED_TEMPLATE_VARIABLE,HIGH,File contains boilerplate or unresolved template language that reduces agent usefulness.,Replace with specific instructions/data or move to templates/examples.
05_OUTPUTS/installer_smoke_test/KICAD_ENGINE_TEST_2026-05-03T00-18-33-993Z/.prompts/README.md,UNEXPANDED_TEMPLATE_VARIABLE,HIGH,File contains boilerplate or unresolved template language that reduces agent usefulness.,Replace with specific instructions/data or move to templates/examples.
05_OUTPUTS/installer_smoke_test/KICAD_ENGINE_TEST_2026-05-03T00-18-33-993Z/.prompts/codex/02_CREATE_NEW_PROJECT_WORKSPACE.md,UNEXPANDED_TEMPLATE_VARIABLE,HIGH,File contains boilerplate or unresolved template language that reduces agent usefulness.,Replace with specific instructions/data or move to templates/examples.
05_OUTPUTS/installer_smoke_test/KICAD_ENGINE_TEST_2026-05-03T00-18-33-993Z/.prompts/codex/03_RESEARCH_COMPONENT.md,UNEXPANDED_TEMPLATE_VARIABLE,HIGH,File contains boilerplate or unresolved template language that reduces agent usefulness.,Replace with specific instructions/data or move to templates/examples.
05_OUTPUTS/installer_smoke_test/KICAD_ENGINE_TEST_2026-05-03T00-18-33-993Z/.prompts/codex/04_ADD_COMPONENT_TO_DATABASE.md,UNEXPANDED_TEMPLATE_VARIABLE,HIGH,File contains boilerplate or unresolved template language that reduces agent usefulness.,Replace with specific instructions/data or move to templates/examples.
05_OUTPUTS/installer_smoke_test/KICAD_ENGINE_TEST_2026-05-03T00-18-33-993Z/.prompts/codex/05_PLAN_SCHEMATIC.md,UNEXPANDED_TEMPLATE_VARIABLE,HIGH,File contains boilerplate or unresolved template language that reduces agent usefulness.,Replace with specific instructions/data or move to templates/examples.
05_OUTPUTS/installer_smoke_test/KICAD_ENGINE_TEST_2026-05-03T00-18-33-993Z/.vscode/tasks.json,UNEXPANDED_TEMPLATE_VARIABLE,HIGH,File contains boilerplate or unresolved template language that reduces agent usefulness.,Replace with specific instructions/data or move to templates/examples.
05_OUTPUTS/installer_smoke_test/KICAD_ENGINE_TEST_2026-05-03T00-18-33-993Z/00_CODEX_START/HISTORY_INDEX.md,UNEXPANDED_TEMPLATE_VARIABLE,HIGH,File contains boilerplate or unresolved template language that reduces agent usefulness.,Replace with specific instructions/data or move to templates/examples.
05_OUTPUTS/installer_smoke_test/KICAD_ENGINE_TEST_2026-05-03T00-18-33-993Z/00_CODEX_START/MEMORY_INDEX.md,UNEXPANDED_TEMPLATE_VARIABLE,HIGH,File contains boilerplate or unresolved template language that reduces agent usefulness.,Replace with specific instructions/data or move to templates/examples.
05_OUTPUTS/installer_smoke_test/KICAD_ENGINE_TEST_2026-05-03T00-18-33-993Z/00_CODEX_START/SESSION_START_CHECKLIST.md,UNEXPANDED_TEMPLATE_VARIABLE,HIGH,File contains boilerplate or unresolved template language that reduces agent usefulness.,Replace with specific instructions/data or move to templates/examples.
05_OUTPUTS/installer_smoke_test/KICAD_ENGINE_TEST_2026-05-03T00-18-33-993Z/00_CODEX_START/WORKFLOW_RULES.md,UNEXPANDED_TEMPLATE_VARIABLE,HIGH,File contains boilerplate or unresolved template language that reduces agent usefulness.,Replace with specific instructions/data or move to templates/examples.
05_OUTPUTS/installer_smoke_test/KICAD_ENGINE_TEST_2026-05-03T00-18-33-993Z/01_MEMORY/projects/README.md,UNEXPANDED_TEMPLATE_VARIABLE,HIGH,File contains boilerplate or unresolved template language that reduces agent usefulness.,Replace with specific instructions/data or move to templates/examples.
05_OUTPUTS/installer_smoke_test/KICAD_ENGINE_TEST_2026-05-03T00-18-33-993Z/03_TOOLS/linux/scripts/check_linux_kicad_env.sh,UNEXPANDED_TEMPLATE_VARIABLE,HIGH,File contains boilerplate or unresolved template language that reduces agent usefulness.,Replace with specific instructions/data or move to templates/examples.
05_OUTPUTS/installer_smoke_test/KICAD_ENGINE_TEST_2026-05-03T00-18-33-993Z/03_TOOLS/scripts/datasheets/build_datasheet_index.py,UNEXPANDED_TEMPLATE_VARIABLE,HIGH,File contains boilerplate or unresolved template language that reduces agent usefulness.,Replace with specific instructions/data or move to templates/examples.
05_OUTPUTS/installer_smoke_test/KICAD_ENGINE_TEST_2026-05-03T00-18-33-993Z/03_TOOLS/scripts/datasheets/create_missing_datasheet_report.py,UNEXPANDED_TEMPLATE_VARIABLE,HIGH,File contains boilerplate or unresolved template language that reduces agent usefulness.,Replace with specific instructions/data or move to templates/examples.
05_OUTPUTS/installer_smoke_test/KICAD_ENGINE_TEST_2026-05-03T00-18-33-993Z/03_TOOLS/scripts/datasheets/generate_component_summary_stub.py,UNEXPANDED_TEMPLATE_VARIABLE,HIGH,File contains boilerplate or unresolved template language that reduces agent usefulness.,Replace with specific instructions/data or move to templates/examples.
05_OUTPUTS/installer_smoke_test/KICAD_ENGINE_TEST_2026-05-03T00-18-33-993Z/03_TOOLS/scripts/datasheets/validate_datasheet_links.py,UNEXPANDED_TEMPLATE_VARIABLE,HIGH,File contains boilerplate or unresolved template language that reduces agent usefulness.,Replace with specific instructions/data or move to templates/examples.
05_OUTPUTS/installer_smoke_test/KICAD_ENGINE_TEST_2026-05-03T00-18-33-993Z/03_TOOLS/scripts/kicad_engine_health_check.ps1,UNEXPANDED_TEMPLATE_VARIABLE,HIGH,File contains boilerplate or unresolved template language that reduces agent usefulness.,Replace with specific instructions/data or move to templates/examples.
05_OUTPUTS/installer_smoke_test/KICAD_ENGINE_TEST_2026-05-03T00-18-33-993Z/03_TOOLS/scripts/kicad_libraries/index_footprints.py,UNEXPANDED_TEMPLATE_VARIABLE,HIGH,File contains boilerplate or unresolved template language that reduces agent usefulness.,Replace with specific instructions/data or move to templates/examples.
05_OUTPUTS/installer_smoke_test/KICAD_ENGINE_TEST_2026-05-03T00-18-33-993Z/03_TOOLS/scripts/kicad_libraries/index_symbols.py,UNEXPANDED_TEMPLATE_VARIABLE,HIGH,File contains boilerplate or unresolved template language that reduces agent usefulness.,Replace with specific instructions/data or move to templates/examples.
05_OUTPUTS/installer_smoke_test/KICAD_ENGINE_TEST_2026-05-03T00-18-33-993Z/03_TOOLS/scripts/project_validation/validate_kicad_project.py,UNEXPANDED_TEMPLATE_VARIABLE,HIGH,File contains boilerplate or unresolved template language that reduces agent usefulness.,Replace with specific instructions/data or move to templates/examples.
05_OUTPUTS/installer_smoke_test/KICAD_ENGINE_TEST_2026-05-03T00-18-33-993Z/06_DATASHEETS/00_INDEX/DATASHEET_SUMMARY_TEMPLATE.md,UNEXPANDED_TEMPLATE_VARIABLE,HIGH,File contains boilerplate or unresolved template language that reduces agent usefulness.,Replace with specific instructions/data or move to templates/examples.
05_OUTPUTS/installer_smoke_test/KICAD_ENGINE_TEST_2026-05-03T00-18-33-993Z/06_DATASHEETS/00_INDEX/DEV_BOARD_RECORD_TEMPLATE.md,UNEXPANDED_TEMPLATE_VARIABLE,HIGH,File contains boilerplate or unresolved template language that reduces agent usefulness.,Replace with specific instructions/data or move to templates/examples.
05_OUTPUTS/installer_smoke_test/KICAD_ENGINE_TEST_2026-05-03T00-18-33-993Z/06_DATASHEETS/00_INDEX/METADATA_SCHEMA.md,UNEXPANDED_TEMPLATE_VARIABLE,HIGH,File contains boilerplate or unresolved template language that reduces agent usefulness.,Replace with specific instructions/data or move to templates/examples.
05_OUTPUTS/installer_smoke_test/KICAD_ENGINE_TEST_2026-05-03T00-18-33-993Z/06_DATASHEETS/00_INDEX/PART_RECORD_TEMPLATE.md,UNEXPANDED_TEMPLATE_VARIABLE,HIGH,File contains boilerplate or unresolved template language that reduces agent usefulness.,Replace with specific instructions/data or move to templates/examples.
05_OUTPUTS/installer_smoke_test/KICAD_ENGINE_TEST_2026-05-03T00-18-33-993Z/06_DATASHEETS/00_INDEX/README.md,UNEXPANDED_TEMPLATE_VARIABLE,HIGH,File contains boilerplate or unresolved template language that reduces agent usefulness.,Replace with specific instructions/data or move to templates/examples.
05_OUTPUTS/installer_smoke_test/KICAD_ENGINE_TEST_2026-05-03T00-18-33-993Z/06_DATASHEETS/00_INDEX/REFERENCE_DOCUMENT_TEMPLATE.md,UNEXPANDED_TEMPLATE_VARIABLE,HIGH,File contains boilerplate or unresolved template language that reduces agent usefulness.,Replace with specific instructions/data or move to templates/examples.
05_OUTPUTS/installer_smoke_test/KICAD_ENGINE_TEST_2026-05-03T00-18-33-993Z/06_DATASHEETS/00_INDEX/source_lists/connector_sources.csv,UNEXPANDED_TEMPLATE_VARIABLE,HIGH,File contains boilerplate or unresolved template language that reduces agent usefulness.,Replace with specific instructions/data or move to templates/examples.
05_OUTPUTS/installer_smoke_test/KICAD_ENGINE_TEST_2026-05-03T00-18-33-993Z/06_DATASHEETS/00_INDEX/source_lists/espressif_sources.csv,UNEXPANDED_TEMPLATE_VARIABLE,HIGH,File contains boilerplate or unresolved template language that reduces agent usefulness.,Replace with specific instructions/data or move to templates/examples.
05_OUTPUTS/installer_smoke_test/KICAD_ENGINE_TEST_2026-05-03T00-18-33-993Z/06_DATASHEETS/00_INDEX/source_lists/microchip_sources.csv,UNEXPANDED_TEMPLATE_VARIABLE,HIGH,File contains boilerplate or unresolved template language that reduces agent usefulness.,Replace with specific instructions/data or move to templates/examples.
05_OUTPUTS/installer_smoke_test/KICAD_ENGINE_TEST_2026-05-03T00-18-33-993Z/06_DATASHEETS/00_INDEX/source_lists/nordic_sources.csv,UNEXPANDED_TEMPLATE_VARIABLE,HIGH,File contains boilerplate or unresolved template language that reduces agent usefulness.,Replace with specific instructions/data or move to templates/examples.
05_OUTPUTS/installer_smoke_test/KICAD_ENGINE_TEST_2026-05-03T00-18-33-993Z/06_DATASHEETS/00_INDEX/source_lists/power_sources.csv,UNEXPANDED_TEMPLATE_VARIABLE,HIGH,File contains boilerplate or unresolved template language that reduces agent usefulness.,Replace with specific instructions/data or move to templates/examples.
05_OUTPUTS/installer_smoke_test/KICAD_ENGINE_TEST_2026-05-03T00-18-33-993Z/06_DATASHEETS/00_INDEX/source_lists/protection_sources.csv,UNEXPANDED_TEMPLATE_VARIABLE,HIGH,File contains boilerplate or unresolved template language that reduces agent usefulness.,Replace with specific instructions/data or move to templates/examples.
05_OUTPUTS/installer_smoke_test/KICAD_ENGINE_TEST_2026-05-03T00-18-33-993Z/06_DATASHEETS/00_INDEX/source_lists/raspberry_pi_sources.csv,UNEXPANDED_TEMPLATE_VARIABLE,HIGH,File contains boilerplate or unresolved template language that reduces agent usefulness.,Replace with specific instructions/data or move to templates/examples.
05_OUTPUTS/installer_smoke_test/KICAD_ENGINE_TEST_2026-05-03T00-18-33-993Z/06_DATASHEETS/00_INDEX/source_lists/stmicro_sources.csv,UNEXPANDED_TEMPLATE_VARIABLE,HIGH,File contains boilerplate or unresolved template language that reduces agent usefulness.,Replace with specific instructions/data or move to templates/examples.
05_OUTPUTS/installer_smoke_test/KICAD_ENGINE_TEST_2026-05-03T00-18-33-993Z/06_DATASHEETS/01_MICROCONTROLLERS/ATMEL_LEGACY/README.md,UNEXPANDED_TEMPLATE_VARIABLE,HIGH,File contains boilerplate or unresolved template language that reduces agent usefulness.,Replace with specific instructions/data or move to templates/examples.
05_OUTPUTS/installer_smoke_test/KICAD_ENGINE_TEST_2026-05-03T00-18-33-993Z/06_DATASHEETS/01_MICROCONTROLLERS/ESPRESSIF/ANTENNA_RF_REFERENCES/README.md,UNEXPANDED_TEMPLATE_VARIABLE,HIGH,File contains boilerplate or unresolved template language that reduces agent usefulness.,Replace with specific instructions/data or move to templates/examples.
05_OUTPUTS/installer_smoke_test/KICAD_ENGINE_TEST_2026-05-03T00-18-33-993Z/06_DATASHEETS/01_MICROCONTROLLERS/ESPRESSIF/DESIGN_GUIDES/README.md,UNEXPANDED_TEMPLATE_VARIABLE,HIGH,File contains boilerplate or unresolved template language that reduces agent usefulness.,Replace with specific instructions/data or move to templates/examples.
05_OUTPUTS/installer_smoke_test/KICAD_ENGINE_TEST_2026-05-03T00-18-33-993Z/06_DATASHEETS/01_MICROCONTROLLERS/ESPRESSIF/ERRATA/README.md,UNEXPANDED_TEMPLATE_VARIABLE,HIGH,File contains boilerplate or unresolved template language that reduces agent usefulness.,Replace with specific instructions/data or move to templates/examples.
05_OUTPUTS/installer_smoke_test/KICAD_ENGINE_TEST_2026-05-03T00-18-33-993Z/06_DATASHEETS/01_MICROCONTROLLERS/ESPRESSIF/ESP32/README.md,UNEXPANDED_TEMPLATE_VARIABLE,HIGH,File contains boilerplate or unresolved template language that reduces agent usefulness.,Replace with specific instructions/data or move to templates/examples.
05_OUTPUTS/installer_smoke_test/KICAD_ENGINE_TEST_2026-05-03T00-18-33-993Z/06_DATASHEETS/01_MICROCONTROLLERS/ESPRESSIF/ESP32_C2/README.md,UNEXPANDED_TEMPLATE_VARIABLE,HIGH,File contains boilerplate or unresolved template language that reduces agent usefulness.,Replace with specific instructions/data or move to templates/examples.
05_OUTPUTS/installer_smoke_test/KICAD_ENGINE_TEST_2026-05-03T00-18-33-993Z/06_DATASHEETS/01_MICROCONTROLLERS/ESPRESSIF/ESP32_C3/README.md,UNEXPANDED_TEMPLATE_VARIABLE,HIGH,File contains boilerplate or unresolved template language that reduces agent usefulness.,Replace with specific instructions/data or move to templates/examples.
05_OUTPUTS/installer_smoke_test/KICAD_ENGINE_TEST_2026-05-03T00-18-33-993Z/06_DATASHEETS/01_MICROCONTROLLERS/ESPRESSIF/ESP32_C5/README.md,UNEXPANDED_TEMPLATE_VARIABLE,HIGH,File contains boilerplate or unresolved template language that reduces agent usefulness.,Replace with specific instructions/data or move to templates/examples.
05_OUTPUTS/installer_smoke_test/KICAD_ENGINE_TEST_2026-05-03T00-18-33-993Z/06_DATASHEETS/01_MICROCONTROLLERS/ESPRESSIF/ESP32_C6/README.md,UNEXPANDED_TEMPLATE_VARIABLE,HIGH,File contains boilerplate or unresolved template language that reduces agent usefulness.,Replace with specific instructions/data or move to templates/examples.
05_OUTPUTS/installer_smoke_test/KICAD_ENGINE_TEST_2026-05-03T00-18-33-993Z/06_DATASHEETS/01_MICROCONTROLLERS/ESPRESSIF/ESP32_H2/README.md,UNEXPANDED_TEMPLATE_VARIABLE,HIGH,File contains boilerplate or unresolved template language that reduces agent usefulness.,Replace with specific instructions/data or move to templates/examples.
05_OUTPUTS/installer_smoke_test/KICAD_ENGINE_TEST_2026-05-03T00-18-33-993Z/06_DATASHEETS/01_MICROCONTROLLERS/ESPRESSIF/ESP32_P4/README.md,UNEXPANDED_TEMPLATE_VARIABLE,HIGH,File contains boilerplate or unresolved template language that reduces agent usefulness.,Replace with specific instructions/data or move to templates/examples.
05_OUTPUTS/installer_smoke_test/KICAD_ENGINE_TEST_2026-05-03T00-18-33-993Z/06_DATASHEETS/01_MICROCONTROLLERS/ESPRESSIF/ESP32_S2/README.md,UNEXPANDED_TEMPLATE_VARIABLE,HIGH,File contains boilerplate or unresolved template language that reduces agent usefulness.,Replace with specific instructions/data or move to templates/examples.
05_OUTPUTS/installer_smoke_test/KICAD_ENGINE_TEST_2026-05-03T00-18-33-993Z/06_DATASHEETS/01_MICROCONTROLLERS/ESPRESSIF/ESP32_S3/README.md,UNEXPANDED_TEMPLATE_VARIABLE,HIGH,File contains boilerplate or unresolved template language that reduces agent usefulness.,Replace with specific instructions/data or move to templates/examples.
05_OUTPUTS/installer_smoke_test/KICAD_ENGINE_TEST_2026-05-03T00-18-33-993Z/06_DATASHEETS/01_MICROCONTROLLERS/ESPRESSIF/ESP8266/README.md,UNEXPANDED_TEMPLATE_VARIABLE,HIGH,File contains boilerplate or unresolved template language that reduces agent usefulness.,Replace with specific instructions/data or move to templates/examples.
05_OUTPUTS/installer_smoke_test/KICAD_ENGINE_TEST_2026-05-03T00-18-33-993Z/06_DATASHEETS/01_MICROCONTROLLERS/ESPRESSIF/MODULES/README.md,UNEXPANDED_TEMPLATE_VARIABLE,HIGH,File contains boilerplate or unresolved template language that reduces agent usefulness.,Replace with specific instructions/data or move to templates/examples.
05_OUTPUTS/installer_smoke_test/KICAD_ENGINE_TEST_2026-05-03T00-18-33-993Z/06_DATASHEETS/01_MICROCONTROLLERS/GIGADEVICE/README.md,UNEXPANDED_TEMPLATE_VARIABLE,HIGH,File contains boilerplate or unresolved template language that reduces agent usefulness.,Replace with specific instructions/data or move to templates/examples.
05_OUTPUTS/installer_smoke_test/KICAD_ENGINE_TEST_2026-05-03T00-18-33-993Z/06_DATASHEETS/01_MICROCONTROLLERS/INFINEON/README.md,UNEXPANDED_TEMPLATE_VARIABLE,HIGH,File contains boilerplate or unresolved template language that reduces agent usefulness.,Replace with specific instructions/data or move to templates/examples.
05_OUTPUTS/installer_smoke_test/KICAD_ENGINE_TEST_2026-05-03T00-18-33-993Z/06_DATASHEETS/01_MICROCONTROLLERS/MICROCHIP_AVR/README.md,UNEXPANDED_TEMPLATE_VARIABLE,HIGH,File contains boilerplate or unresolved template language that reduces agent usefulness.,Replace with specific instructions/data or move to templates/examples.
05_OUTPUTS/installer_smoke_test/KICAD_ENGINE_TEST_2026-05-03T00-18-33-993Z/06_DATASHEETS/01_MICROCONTROLLERS/MICROCHIP_PIC/DESIGN_GUIDES/README.md,UNEXPANDED_TEMPLATE_VARIABLE,HIGH,File contains boilerplate or unresolved template language that reduces agent usefulness.,Replace with specific instructions/data or move to templates/examples.
05_OUTPUTS/installer_smoke_test/KICAD_ENGINE_TEST_2026-05-03T00-18-33-993Z/06_DATASHEETS/01_MICROCONTROLLERS/MICROCHIP_PIC/DEVELOPMENT_BOARDS/README.md,UNEXPANDED_TEMPLATE_VARIABLE,HIGH,File contains boilerplate or unresolved template language that reduces agent usefulness.,Replace with specific instructions/data or move to templates/examples.
05_OUTPUTS/installer_smoke_test/KICAD_ENGINE_TEST_2026-05-03T00-18-33-993Z/06_DATASHEETS/01_MICROCONTROLLERS/MICROCHIP_PIC/ERRATA/README.md,UNEXPANDED_TEMPLATE_VARIABLE,HIGH,File contains boilerplate or unresolved template language that reduces agent usefulness.,Replace with specific instructions/data or move to templates/examples.
05_OUTPUTS/installer_smoke_test/KICAD_ENGINE_TEST_2026-05-03T00-18-33-993Z/06_DATASHEETS/01_MICROCONTROLLERS/MICROCHIP_PIC/PIC10/README.md,UNEXPANDED_TEMPLATE_VARIABLE,HIGH,File contains boilerplate or unresolved template language that reduces agent usefulness.,Replace with specific instructions/data or move to templates/examples.
05_OUTPUTS/installer_smoke_test/KICAD_ENGINE_TEST_2026-05-03T00-18-33-993Z/06_DATASHEETS/01_MICROCONTROLLERS/MICROCHIP_PIC/PIC12/README.md,UNEXPANDED_TEMPLATE_VARIABLE,HIGH,File contains boilerplate or unresolved template language that reduces agent usefulness.,Replace with specific instructions/data or move to templates/examples.
05_OUTPUTS/installer_smoke_test/KICAD_ENGINE_TEST_2026-05-03T00-18-33-993Z/06_DATASHEETS/01_MICROCONTROLLERS/MICROCHIP_PIC/PIC16/README.md,UNEXPANDED_TEMPLATE_VARIABLE,HIGH,File contains boilerplate or unresolved template language that reduces agent usefulness.,Replace with specific instructions/data or move to templates/examples.
05_OUTPUTS/installer_smoke_test/KICAD_ENGINE_TEST_2026-05-03T00-18-33-993Z/06_DATASHEETS/01_MICROCONTROLLERS/MICROCHIP_PIC/PIC18/README.md,UNEXPANDED_TEMPLATE_VARIABLE,HIGH,File contains boilerplate or unresolved template language that reduces agent usefulness.,Replace with specific instructions/data or move to templates/examples.
05_OUTPUTS/installer_smoke_test/KICAD_ENGINE_TEST_2026-05-03T00-18-33-993Z/06_DATASHEETS/01_MICROCONTROLLERS/MICROCHIP_PIC/PIC24/README.md,UNEXPANDED_TEMPLATE_VARIABLE,HIGH,File contains boilerplate or unresolved template language that reduces agent usefulness.,Replace with specific instructions/data or move to templates/examples.
05_OUTPUTS/installer_smoke_test/KICAD_ENGINE_TEST_2026-05-03T00-18-33-993Z/06_DATASHEETS/01_MICROCONTROLLERS/MICROCHIP_PIC/PIC32/README.md,UNEXPANDED_TEMPLATE_VARIABLE,HIGH,File contains boilerplate or unresolved template language that reduces agent usefulness.,Replace with specific instructions/data or move to templates/examples.
05_OUTPUTS/installer_smoke_test/KICAD_ENGINE_TEST_2026-05-03T00-18-33-993Z/06_DATASHEETS/01_MICROCONTROLLERS/MICROCHIP_PIC/PROGRAMMING_DEBUG_PICKIT/README.md,UNEXPANDED_TEMPLATE_VARIABLE,HIGH,File contains boilerplate or unresolved template language that reduces agent usefulness.,Replace with specific instructions/data or move to templates/examples.
05_OUTPUTS/installer_smoke_test/KICAD_ENGINE_TEST_2026-05-03T00-18-33-993Z/06_DATASHEETS/01_MICROCONTROLLERS/MICROCHIP_PIC/dsPIC30/README.md,UNEXPANDED_TEMPLATE_VARIABLE,HIGH,File contains boilerplate or unresolved template language that reduces agent usefulness.,Replace with specific instructions/data or move to templates/examples.
05_OUTPUTS/installer_smoke_test/KICAD_ENGINE_TEST_2026-05-03T00-18-33-993Z/06_DATASHEETS/01_MICROCONTROLLERS/MICROCHIP_PIC/dsPIC33/README.md,UNEXPANDED_TEMPLATE_VARIABLE,HIGH,File contains boilerplate or unresolved template language that reduces agent usefulness.,Replace with specific instructions/data or move to templates/examples.
05_OUTPUTS/installer_smoke_test/KICAD_ENGINE_TEST_2026-05-03T00-18-33-993Z/06_DATASHEETS/01_MICROCONTROLLERS/NORDIC/README.md,UNEXPANDED_TEMPLATE_VARIABLE,HIGH,File contains boilerplate or unresolved template language that reduces agent usefulness.,Replace with specific instructions/data or move to templates/examples.
05_OUTPUTS/installer_smoke_test/KICAD_ENGINE_TEST_2026-05-03T00-18-33-993Z/06_DATASHEETS/01_MICROCONTROLLERS/NXP/README.md,UNEXPANDED_TEMPLATE_VARIABLE,HIGH,File contains boilerplate or unresolved template language that reduces agent usefulness.,Replace with specific instructions/data or move to templates/examples.
05_OUTPUTS/installer_smoke_test/KICAD_ENGINE_TEST_2026-05-03T00-18-33-993Z/06_DATASHEETS/01_MICROCONTROLLERS/OTHER/README.md,UNEXPANDED_TEMPLATE_VARIABLE,HIGH,File contains boilerplate or unresolved template language that reduces agent usefulness.,Replace with specific instructions/data or move to templates/examples.
05_OUTPUTS/installer_smoke_test/KICAD_ENGINE_TEST_2026-05-03T00-18-33-993Z/06_DATASHEETS/01_MICROCONTROLLERS/RASPBERRY_PI_RP2040_RP2350/README.md,UNEXPANDED_TEMPLATE_VARIABLE,HIGH,File contains boilerplate or unresolved template language that reduces agent usefulness.,Replace with specific instructions/data or move to templates/examples.
05_OUTPUTS/installer_smoke_test/KICAD_ENGINE_TEST_2026-05-03T00-18-33-993Z/06_DATASHEETS/01_MICROCONTROLLERS/README.md,UNEXPANDED_TEMPLATE_VARIABLE,HIGH,File contains boilerplate or unresolved template language that reduces agent usefulness.,Replace with specific instructions/data or move to templates/examples.
05_OUTPUTS/installer_smoke_test/KICAD_ENGINE_TEST_2026-05-03T00-18-33-993Z/06_DATASHEETS/01_MICROCONTROLLERS/RENESAS/README.md,UNEXPANDED_TEMPLATE_VARIABLE,HIGH,File contains boilerplate or unresolved template language that reduces agent usefulness.,Replace with specific instructions/data or move to templates/examples.
05_OUTPUTS/installer_smoke_test/KICAD_ENGINE_TEST_2026-05-03T00-18-33-993Z/06_DATASHEETS/01_MICROCONTROLLERS/SILABS/README.md,UNEXPANDED_TEMPLATE_VARIABLE,HIGH,File contains boilerplate or unresolved template language that reduces agent usefulness.,Replace with specific instructions/data or move to templates/examples.
05_OUTPUTS/installer_smoke_test/KICAD_ENGINE_TEST_2026-05-03T00-18-33-993Z/06_DATASHEETS/01_MICROCONTROLLERS/STMICRO_STM32/DESIGN_GUIDES/README.md,UNEXPANDED_TEMPLATE_VARIABLE,HIGH,File contains boilerplate or unresolved template language that reduces agent usefulness.,Replace with specific instructions/data or move to templates/examples.
05_OUTPUTS/installer_smoke_test/KICAD_ENGINE_TEST_2026-05-03T00-18-33-993Z/06_DATASHEETS/01_MICROCONTROLLERS/STMICRO_STM32/DISCOVERY_BOARDS/README.md,UNEXPANDED_TEMPLATE_VARIABLE,HIGH,File contains boilerplate or unresolved template language that reduces agent usefulness.,Replace with specific instructions/data or move to templates/examples.
05_OUTPUTS/installer_smoke_test/KICAD_ENGINE_TEST_2026-05-03T00-18-33-993Z/06_DATASHEETS/01_MICROCONTROLLERS/STMICRO_STM32/ERRATA/README.md,UNEXPANDED_TEMPLATE_VARIABLE,HIGH,File contains boilerplate or unresolved template language that reduces agent usefulness.,Replace with specific instructions/data or move to templates/examples.
05_OUTPUTS/installer_smoke_test/KICAD_ENGINE_TEST_2026-05-03T00-18-33-993Z/06_DATASHEETS/01_MICROCONTROLLERS/STMICRO_STM32/EVAL_BOARDS/README.md,UNEXPANDED_TEMPLATE_VARIABLE,HIGH,File contains boilerplate or unresolved template language that reduces agent usefulness.,Replace with specific instructions/data or move to templates/examples.
05_OUTPUTS/installer_smoke_test/KICAD_ENGINE_TEST_2026-05-03T00-18-33-993Z/06_DATASHEETS/01_MICROCONTROLLERS/STMICRO_STM32/NUCLEO_BOARDS/README.md,UNEXPANDED_TEMPLATE_VARIABLE,HIGH,File contains boilerplate or unresolved template language that reduces agent usefulness.,Replace with specific instructions/data or move to templates/examples.
05_OUTPUTS/installer_smoke_test/KICAD_ENGINE_TEST_2026-05-03T00-18-33-993Z/06_DATASHEETS/01_MICROCONTROLLERS/STMICRO_STM32/PROGRAMMING_DEBUG_STLINK/README.md,UNEXPANDED_TEMPLATE_VARIABLE,HIGH,File contains boilerplate or unresolved template language that reduces agent usefulness.,Replace with specific instructions/data or move to templates/examples.
05_OUTPUTS/installer_smoke_test/KICAD_ENGINE_TEST_2026-05-03T00-18-33-993Z/06_DATASHEETS/01_MICROCONTROLLERS/STMICRO_STM32/STM32F0/README.md,UNEXPANDED_TEMPLATE_VARIABLE,HIGH,File contains boilerplate or unresolved template language that reduces agent usefulness.,Replace with specific instructions/data or move to templates/examples.
05_OUTPUTS/installer_smoke_test/KICAD_ENGINE_TEST_2026-05-03T00-18-33-993Z/06_DATASHEETS/01_MICROCONTROLLERS/STMICRO_STM32/STM32F1/README.md,UNEXPANDED_TEMPLATE_VARIABLE,HIGH,File contains boilerplate or unresolved template language that reduces agent usefulness.,Replace with specific instructions/data or move to templates/examples.
05_OUTPUTS/installer_smoke_test/KICAD_ENGINE_TEST_2026-05-03T00-18-33-993Z/06_DATASHEETS/01_MICROCONTROLLERS/STMICRO_STM32/STM32F2/README.md,UNEXPANDED_TEMPLATE_VARIABLE,HIGH,File contains boilerplate or unresolved template language that reduces agent usefulness.,Replace with specific instructions/data or move to templates/examples.
05_OUTPUTS/installer_smoke_test/KICAD_ENGINE_TEST_2026-05-03T00-18-33-993Z/06_DATASHEETS/01_MICROCONTROLLERS/STMICRO_STM32/STM32F3/README.md,UNEXPANDED_TEMPLATE_VARIABLE,HIGH,File contains boilerplate or unresolved template language that reduces agent usefulness.,Replace with specific instructions/data or move to templates/examples.
05_OUTPUTS/installer_smoke_test/KICAD_ENGINE_TEST_2026-05-03T00-18-33-993Z/06_DATASHEETS/01_MICROCONTROLLERS/STMICRO_STM32/STM32F4/README.md,UNEXPANDED_TEMPLATE_VARIABLE,HIGH,File contains boilerplate or unresolved template language that reduces agent usefulness.,Replace with specific instructions/data or move to templates/examples.
05_OUTPUTS/installer_smoke_test/KICAD_ENGINE_TEST_2026-05-03T00-18-33-993Z/06_DATASHEETS/01_MICROCONTROLLERS/STMICRO_STM32/STM32F7/README.md,UNEXPANDED_TEMPLATE_VARIABLE,HIGH,File contains boilerplate or unresolved template language that reduces agent usefulness.,Replace with specific instructions/data or move to templates/examples.
05_OUTPUTS/installer_smoke_test/KICAD_ENGINE_TEST_2026-05-03T00-18-33-993Z/06_DATASHEETS/01_MICROCONTROLLERS/STMICRO_STM32/STM32G0/README.md,UNEXPANDED_TEMPLATE_VARIABLE,HIGH,File contains boilerplate or unresolved template language that reduces agent usefulness.,Replace with specific instructions/data or move to templates/examples.
05_OUTPUTS/installer_smoke_test/KICAD_ENGINE_TEST_2026-05-03T00-18-33-993Z/06_DATASHEETS/01_MICROCONTROLLERS/STMICRO_STM32/STM32G4/README.md,UNEXPANDED_TEMPLATE_VARIABLE,HIGH,File contains boilerplate or unresolved template language that reduces agent usefulness.,Replace with specific instructions/data or move to templates/examples.
05_OUTPUTS/installer_smoke_test/KICAD_ENGINE_TEST_2026-05-03T00-18-33-993Z/06_DATASHEETS/01_MICROCONTROLLERS/STMICRO_STM32/STM32H5/README.md,UNEXPANDED_TEMPLATE_VARIABLE,HIGH,File contains boilerplate or unresolved template language that reduces agent usefulness.,Replace with specific instructions/data or move to templates/examples.
05_OUTPUTS/installer_smoke_test/KICAD_ENGINE_TEST_2026-05-03T00-18-33-993Z/06_DATASHEETS/01_MICROCONTROLLERS/STMICRO_STM32/STM32H7/README.md,UNEXPANDED_TEMPLATE_VARIABLE,HIGH,File contains boilerplate or unresolved template language that reduces agent usefulness.,Replace with specific instructions/data or move to templates/examples.
05_OUTPUTS/installer_smoke_test/KICAD_ENGINE_TEST_2026-05-03T00-18-33-993Z/06_DATASHEETS/01_MICROCONTROLLERS/STMICRO_STM32/STM32L0/README.md,UNEXPANDED_TEMPLATE_VARIABLE,HIGH,File contains boilerplate or unresolved template language that reduces agent usefulness.,Replace with specific instructions/data or move to templates/examples.
05_OUTPUTS/installer_smoke_test/KICAD_ENGINE_TEST_2026-05-03T00-18-33-993Z/06_DATASHEETS/01_MICROCONTROLLERS/STMICRO_STM32/STM32L1/README.md,UNEXPANDED_TEMPLATE_VARIABLE,HIGH,File contains boilerplate or unresolved template language that reduces agent usefulness.,Replace with specific instructions/data or move to templates/examples.
05_OUTPUTS/installer_smoke_test/KICAD_ENGINE_TEST_2026-05-03T00-18-33-993Z/06_DATASHEETS/01_MICROCONTROLLERS/STMICRO_STM32/STM32L4/README.md,UNEXPANDED_TEMPLATE_VARIABLE,HIGH,File contains boilerplate or unresolved template language that reduces agent usefulness.,Replace with specific instructions/data or move to templates/examples.
05_OUTPUTS/installer_smoke_test/KICAD_ENGINE_TEST_2026-05-03T00-18-33-993Z/06_DATASHEETS/01_MICROCONTROLLERS/STMICRO_STM32/STM32L5/README.md,UNEXPANDED_TEMPLATE_VARIABLE,HIGH,File contains boilerplate or unresolved template language that reduces agent usefulness.,Replace with specific instructions/data or move to templates/examples.
05_OUTPUTS/installer_smoke_test/KICAD_ENGINE_TEST_2026-05-03T00-18-33-993Z/06_DATASHEETS/01_MICROCONTROLLERS/STMICRO_STM32/STM32MP/README.md,UNEXPANDED_TEMPLATE_VARIABLE,HIGH,File contains boilerplate or unresolved template language that reduces agent usefulness.,Replace with specific instructions/data or move to templates/examples.
05_OUTPUTS/installer_smoke_test/KICAD_ENGINE_TEST_2026-05-03T00-18-33-993Z/06_DATASHEETS/01_MICROCONTROLLERS/STMICRO_STM32/STM32U0/README.md,UNEXPANDED_TEMPLATE_VARIABLE,HIGH,File contains boilerplate or unresolved template language that reduces agent usefulness.,Replace with specific instructions/data or move to templates/examples.
05_OUTPUTS/installer_smoke_test/KICAD_ENGINE_TEST_2026-05-03T00-18-33-993Z/06_DATASHEETS/01_MICROCONTROLLERS/STMICRO_STM32/STM32U5/README.md,UNEXPANDED_TEMPLATE_VARIABLE,HIGH,File contains boilerplate or unresolved template language that reduces agent usefulness.,Replace with specific instructions/data or move to templates/examples.
05_OUTPUTS/installer_smoke_test/KICAD_ENGINE_TEST_2026-05-03T00-18-33-993Z/06_DATASHEETS/01_MICROCONTROLLERS/STMICRO_STM32/STM32WB/README.md,UNEXPANDED_TEMPLATE_VARIABLE,HIGH,File contains boilerplate or unresolved template language that reduces agent usefulness.,Replace with specific instructions/data or move to templates/examples.
05_OUTPUTS/installer_smoke_test/KICAD_ENGINE_TEST_2026-05-03T00-18-33-993Z/06_DATASHEETS/01_MICROCONTROLLERS/STMICRO_STM32/STM32WL/README.md,UNEXPANDED_TEMPLATE_VARIABLE,HIGH,File contains boilerplate or unresolved template language that reduces agent usefulness.,Replace with specific instructions/data or move to templates/examples.
05_OUTPUTS/installer_smoke_test/KICAD_ENGINE_TEST_2026-05-03T00-18-33-993Z/06_DATASHEETS/01_MICROCONTROLLERS/TI/README.md,UNEXPANDED_TEMPLATE_VARIABLE,HIGH,File contains boilerplate or unresolved template language that reduces agent usefulness.,Replace with specific instructions/data or move to templates/examples.
05_OUTPUTS/installer_smoke_test/KICAD_ENGINE_TEST_2026-05-03T00-18-33-993Z/06_DATASHEETS/01_MICROCONTROLLERS/WCH/README.md,UNEXPANDED_TEMPLATE_VARIABLE,HIGH,File contains boilerplate or unresolved template language that reduces agent usefulness.,Replace with specific instructions/data or move to templates/examples.
05_OUTPUTS/installer_smoke_test/KICAD_ENGINE_TEST_2026-05-03T00-18-33-993Z/06_DATASHEETS/02_DEV_BOARDS_AND_MODULES/README.md,UNEXPANDED_TEMPLATE_VARIABLE,HIGH,File contains boilerplate or unresolved template language that reduces agent usefulness.,Replace with specific instructions/data or move to templates/examples.
05_OUTPUTS/installer_smoke_test/KICAD_ENGINE_TEST_2026-05-03T00-18-33-993Z/06_DATASHEETS/03_POWER/README.md,UNEXPANDED_TEMPLATE_VARIABLE,HIGH,File contains boilerplate or unresolved template language that reduces agent usefulness.,Replace with specific instructions/data or move to templates/examples.
05_OUTPUTS/installer_smoke_test/KICAD_ENGINE_TEST_2026-05-03T00-18-33-993Z/06_DATASHEETS/04_COMMUNICATION/README.md,UNEXPANDED_TEMPLATE_VARIABLE,HIGH,File contains boilerplate or unresolved template language that reduces agent usefulness.,Replace with specific instructions/data or move to templates/examples.
05_OUTPUTS/installer_smoke_test/KICAD_ENGINE_TEST_2026-05-03T00-18-33-993Z/06_DATASHEETS/05_CONNECTORS/README.md,UNEXPANDED_TEMPLATE_VARIABLE,HIGH,File contains boilerplate or unresolved template language that reduces agent usefulness.,Replace with specific instructions/data or move to templates/examples.
05_OUTPUTS/installer_smoke_test/KICAD_ENGINE_TEST_2026-05-03T00-18-33-993Z/06_DATASHEETS/06_PROTECTION/README.md,UNEXPANDED_TEMPLATE_VARIABLE,HIGH,File contains boilerplate or unresolved template language that reduces agent usefulness.,Replace with specific instructions/data or move to templates/examples.
05_OUTPUTS/installer_smoke_test/KICAD_ENGINE_TEST_2026-05-03T00-18-33-993Z/06_DATASHEETS/07_SENSORS/README.md,UNEXPANDED_TEMPLATE_VARIABLE,HIGH,File contains boilerplate or unresolved template language that reduces agent usefulness.,Replace with specific instructions/data or move to templates/examples.
05_OUTPUTS/installer_smoke_test/KICAD_ENGINE_TEST_2026-05-03T00-18-33-993Z/06_DATASHEETS/08_ANALOG/README.md,UNEXPANDED_TEMPLATE_VARIABLE,HIGH,File contains boilerplate or unresolved template language that reduces agent usefulness.,Replace with specific instructions/data or move to templates/examples.
05_OUTPUTS/installer_smoke_test/KICAD_ENGINE_TEST_2026-05-03T00-18-33-993Z/06_DATASHEETS/09_DRIVERS/README.md,UNEXPANDED_TEMPLATE_VARIABLE,HIGH,File contains boilerplate or unresolved template language that reduces agent usefulness.,Replace with specific instructions/data or move to templates/examples.
05_OUTPUTS/installer_smoke_test/KICAD_ENGINE_TEST_2026-05-03T00-18-33-993Z/06_DATASHEETS/10_DISPLAYS/README.md,UNEXPANDED_TEMPLATE_VARIABLE,HIGH,File contains boilerplate or unresolved template language that reduces agent usefulness.,Replace with specific instructions/data or move to templates/examples.
05_OUTPUTS/installer_smoke_test/KICAD_ENGINE_TEST_2026-05-03T00-18-33-993Z/06_DATASHEETS/11_PASSIVES/README.md,UNEXPANDED_TEMPLATE_VARIABLE,HIGH,File contains boilerplate or unresolved template language that reduces agent usefulness.,Replace with specific instructions/data or move to templates/examples.
05_OUTPUTS/installer_smoke_test/KICAD_ENGINE_TEST_2026-05-03T00-18-33-993Z/06_DATASHEETS/12_RF_AND_ANTENNAS/README.md,UNEXPANDED_TEMPLATE_VARIABLE,HIGH,File contains boilerplate or unresolved template language that reduces agent usefulness.,Replace with specific instructions/data or move to templates/examples.
05_OUTPUTS/installer_smoke_test/KICAD_ENGINE_TEST_2026-05-03T00-18-33-993Z/06_DATASHEETS/13_MEMORY_STORAGE/README.md,UNEXPANDED_TEMPLATE_VARIABLE,HIGH,File contains boilerplate or unresolved template language that reduces agent usefulness.,Replace with specific instructions/data or move to templates/examples.
05_OUTPUTS/installer_smoke_test/KICAD_ENGINE_TEST_2026-05-03T00-18-33-993Z/06_DATASHEETS/14_CLOCKS_TIMING/README.md,UNEXPANDED_TEMPLATE_VARIABLE,HIGH,File contains boilerplate or unresolved template language that reduces agent usefulness.,Replace with specific instructions/data or move to templates/examples.
05_OUTPUTS/installer_smoke_test/KICAD_ENGINE_TEST_2026-05-03T00-18-33-993Z/06_DATASHEETS/15_SWITCHES_BUTTONS_RELAYS/README.md,UNEXPANDED_TEMPLATE_VARIABLE,HIGH,File contains boilerplate or unresolved template language that reduces agent usefulness.,Replace with specific instructions/data or move to templates/examples.
05_OUTPUTS/installer_smoke_test/KICAD_ENGINE_TEST_2026-05-03T00-18-33-993Z/06_DATASHEETS/16_FAB_ASSEMBLY_REFERENCES/README.md,UNEXPANDED_TEMPLATE_VARIABLE,HIGH,File contains boilerplate or unresolved template language that reduces agent usefulness.,Replace with specific instructions/data or move to templates/examples.
05_OUTPUTS/installer_smoke_test/KICAD_ENGINE_TEST_2026-05-03T00-18-33-993Z/06_DATASHEETS/17_APPLICATION_NOTES/README.md,UNEXPANDED_TEMPLATE_VARIABLE,HIGH,File contains boilerplate or unresolved template language that reduces agent usefulness.,Replace with specific instructions/data or move to templates/examples.
05_OUTPUTS/installer_smoke_test/KICAD_ENGINE_TEST_2026-05-03T00-18-33-993Z/06_DATASHEETS/18_REFERENCE_DESIGNS/README.md,UNEXPANDED_TEMPLATE_VARIABLE,HIGH,File contains boilerplate or unresolved template language that reduces agent usefulness.,Replace with specific instructions/data or move to templates/examples.
05_OUTPUTS/installer_smoke_test/KICAD_ENGINE_TEST_2026-05-03T00-18-33-993Z/06_DATASHEETS/19_VENDOR_PORTALS/README.md,UNEXPANDED_TEMPLATE_VARIABLE,HIGH,File contains boilerplate or unresolved template language that reduces agent usefulness.,Replace with specific instructions/data or move to templates/examples.
05_OUTPUTS/installer_smoke_test/KICAD_ENGINE_TEST_2026-05-03T00-18-33-993Z/08_COMPONENT_DATABASE/00_INDEX/PART_SCHEMA.md,UNEXPANDED_TEMPLATE_VARIABLE,HIGH,File contains boilerplate or unresolved template language that reduces agent usefulness.,Replace with specific instructions/data or move to templates/examples.
05_OUTPUTS/installer_smoke_test/KICAD_ENGINE_TEST_2026-05-03T00-18-33-993Z/08_COMPONENT_DATABASE/00_INDEX/example_component_records.json,UNEXPANDED_TEMPLATE_VARIABLE,HIGH,File contains boilerplate or unresolved template language that reduces agent usefulness.,Replace with specific instructions/data or move to templates/examples.
05_OUTPUTS/installer_smoke_test/KICAD_ENGINE_TEST_2026-05-03T00-18-33-993Z/08_COMPONENT_DATABASE/01_MICROCONTROLLERS/espressif_module_records.json,UNEXPANDED_TEMPLATE_VARIABLE,HIGH,File contains boilerplate or unresolved template language that reduces agent usefulness.,Replace with specific instructions/data or move to templates/examples.
05_OUTPUTS/installer_smoke_test/KICAD_ENGINE_TEST_2026-05-03T00-18-33-993Z/08_COMPONENT_DATABASE/01_MICROCONTROLLERS/microchip_part_records.json,UNEXPANDED_TEMPLATE_VARIABLE,HIGH,File contains boilerplate or unresolved template language that reduces agent usefulness.,Replace with specific instructions/data or move to templates/examples.
05_OUTPUTS/installer_smoke_test/KICAD_ENGINE_TEST_2026-05-03T00-18-33-993Z/08_COMPONENT_DATABASE/01_MICROCONTROLLERS/stm32_part_records.json,UNEXPANDED_TEMPLATE_VARIABLE,HIGH,File contains boilerplate or unresolved template language that reduces agent usefulness.,Replace with specific instructions/data or move to templates/examples.
05_OUTPUTS/installer_smoke_test/KICAD_ENGINE_TEST_2026-05-03T00-18-33-993Z/08_COMPONENT_DATABASE/02_POWER/power_part_records.json,UNEXPANDED_TEMPLATE_VARIABLE,HIGH,File contains boilerplate or unresolved template language that reduces agent usefulness.,Replace with specific instructions/data or move to templates/examples.
05_OUTPUTS/installer_smoke_test/KICAD_ENGINE_TEST_2026-05-03T00-18-33-993Z/08_COMPONENT_DATABASE/03_COMMUNICATION/communication_part_records.json,UNEXPANDED_TEMPLATE_VARIABLE,HIGH,File contains boilerplate or unresolved template language that reduces agent usefulness.,Replace with specific instructions/data or move to templates/examples.
05_OUTPUTS/installer_smoke_test/KICAD_ENGINE_TEST_2026-05-03T00-18-33-993Z/08_COMPONENT_DATABASE/04_CONNECTORS/connector_records.json,UNEXPANDED_TEMPLATE_VARIABLE,HIGH,File contains boilerplate or unresolved template language that reduces agent usefulness.,Replace with specific instructions/data or move to templates/examples.
05_OUTPUTS/installer_smoke_test/KICAD_ENGINE_TEST_2026-05-03T00-18-33-993Z/08_COMPONENT_DATABASE/05_PROTECTION/protection_records.json,UNEXPANDED_TEMPLATE_VARIABLE,HIGH,File contains boilerplate or unresolved template language that reduces agent usefulness.,Replace with specific instructions/data or move to templates/examples.
05_OUTPUTS/installer_smoke_test/KICAD_ENGINE_TEST_2026-05-03T00-18-33-993Z/08_COMPONENT_DATABASE/09_PASSIVES/passive_support_records.json,UNEXPANDED_TEMPLATE_VARIABLE,HIGH,File contains boilerplate or unresolved template language that reduces agent usefulness.,Replace with specific instructions/data or move to templates/examples.
05_OUTPUTS/installer_smoke_test/KICAD_ENGINE_TEST_2026-05-03T00-18-33-993Z/08_COMPONENT_DATABASE/10_RF_AND_ANTENNAS/rf_antenna_records.json,UNEXPANDED_TEMPLATE_VARIABLE,HIGH,File contains boilerplate or unresolved template language that reduces agent usefulness.,Replace with specific instructions/data or move to templates/examples.
05_OUTPUTS/installer_smoke_test/KICAD_ENGINE_TEST_2026-05-03T00-18-33-993Z/AGENTS.md,UNEXPANDED_TEMPLATE_VARIABLE,HIGH,File contains boilerplate or unresolved template language that reduces agent usefulness.,Replace with specific instructions/data or move to templates/examples.
05_OUTPUTS/installer_smoke_test/KICAD_ENGINE_TEST_2026-05-03T00-18-33-993Z/setup/macos/install_missing_macos_tools.sh,UNEXPANDED_TEMPLATE_VARIABLE,HIGH,File contains boilerplate or unresolved template language that reduces agent usefulness.,Replace with specific instructions/data or move to templates/examples.
05_OUTPUTS/part_ingestion_smoke_test/TEST_PART_123_COMPONENT_RECORD.json,UNEXPANDED_TEMPLATE_VARIABLE,HIGH,File contains boilerplate or unresolved template language that reduces agent usefulness.,Replace with specific instructions/data or move to templates/examples.
05_OUTPUTS/part_ingestion_smoke_test/TEST_PART_123_DATASHEET_SUMMARY.md,UNEXPANDED_TEMPLATE_VARIABLE,HIGH,File contains boilerplate or unresolved template language that reduces agent usefulness.,Replace with specific instructions/data or move to templates/examples.
06_DATASHEETS/00_INDEX/DATASHEET_SUMMARY_TEMPLATE.md,UNEXPANDED_TEMPLATE_VARIABLE,HIGH,File contains boilerplate or unresolved template language that reduces agent usefulness.,Replace with specific instructions/data or move to templates/examples.
06_DATASHEETS/00_INDEX/DEV_BOARD_RECORD_TEMPLATE.md,UNEXPANDED_TEMPLATE_VARIABLE,HIGH,File contains boilerplate or unresolved template language that reduces agent usefulness.,Replace with specific instructions/data or move to templates/examples.
06_DATASHEETS/00_INDEX/METADATA_SCHEMA.md,UNEXPANDED_TEMPLATE_VARIABLE,HIGH,File contains boilerplate or unresolved template language that reduces agent usefulness.,Replace with specific instructions/data or move to templates/examples.
06_DATASHEETS/00_INDEX/PART_RECORD_TEMPLATE.md,UNEXPANDED_TEMPLATE_VARIABLE,HIGH,File contains boilerplate or unresolved template language that reduces agent usefulness.,Replace with specific instructions/data or move to templates/examples.
06_DATASHEETS/00_INDEX/PLAYWRIGHT_BATCH_SOURCE_LINKS.csv,UNEXPANDED_TEMPLATE_VARIABLE,HIGH,File contains boilerplate or unresolved template language that reduces agent usefulness.,Replace with specific instructions/data or move to templates/examples.
06_DATASHEETS/00_INDEX/PLAYWRIGHT_PILOT_SOURCE_LINKS.csv,UNEXPANDED_TEMPLATE_VARIABLE,HIGH,File contains boilerplate or unresolved template language that reduces agent usefulness.,Replace with specific instructions/data or move to templates/examples.
06_DATASHEETS/00_INDEX/README.md,UNEXPANDED_TEMPLATE_VARIABLE,HIGH,File contains boilerplate or unresolved template language that reduces agent usefulness.,Replace with specific instructions/data or move to templates/examples.
06_DATASHEETS/00_INDEX/REFERENCE_DOCUMENT_TEMPLATE.md,UNEXPANDED_TEMPLATE_VARIABLE,HIGH,File contains boilerplate or unresolved template language that reduces agent usefulness.,Replace with specific instructions/data or move to templates/examples.
06_DATASHEETS/00_INDEX/source_lists/connector_sources.csv,UNEXPANDED_TEMPLATE_VARIABLE,HIGH,File contains boilerplate or unresolved template language that reduces agent usefulness.,Replace with specific instructions/data or move to templates/examples.
06_DATASHEETS/00_INDEX/source_lists/espressif_sources.csv,UNEXPANDED_TEMPLATE_VARIABLE,HIGH,File contains boilerplate or unresolved template language that reduces agent usefulness.,Replace with specific instructions/data or move to templates/examples.
06_DATASHEETS/00_INDEX/source_lists/microchip_sources.csv,UNEXPANDED_TEMPLATE_VARIABLE,HIGH,File contains boilerplate or unresolved template language that reduces agent usefulness.,Replace with specific instructions/data or move to templates/examples.
06_DATASHEETS/00_INDEX/source_lists/nordic_sources.csv,UNEXPANDED_TEMPLATE_VARIABLE,HIGH,File contains boilerplate or unresolved template language that reduces agent usefulness.,Replace with specific instructions/data or move to templates/examples.
06_DATASHEETS/00_INDEX/source_lists/power_sources.csv,UNEXPANDED_TEMPLATE_VARIABLE,HIGH,File contains boilerplate or unresolved template language that reduces agent usefulness.,Replace with specific instructions/data or move to templates/examples.
06_DATASHEETS/00_INDEX/source_lists/protection_sources.csv,UNEXPANDED_TEMPLATE_VARIABLE,HIGH,File contains boilerplate or unresolved template language that reduces agent usefulness.,Replace with specific instructions/data or move to templates/examples.
06_DATASHEETS/00_INDEX/source_lists/raspberry_pi_sources.csv,UNEXPANDED_TEMPLATE_VARIABLE,HIGH,File contains boilerplate or unresolved template language that reduces agent usefulness.,Replace with specific instructions/data or move to templates/examples.
06_DATASHEETS/00_INDEX/source_lists/stmicro_sources.csv,UNEXPANDED_TEMPLATE_VARIABLE,HIGH,File contains boilerplate or unresolved template language that reduces agent usefulness.,Replace with specific instructions/data or move to templates/examples.
06_DATASHEETS/01_MICROCONTROLLERS/ATMEL_LEGACY/ATMEL_LEGACY_REPRESENTATIVE_PART_REQUIRES_SOURCE_PART_RECORD.md,UNEXPANDED_TEMPLATE_VARIABLE,HIGH,File contains boilerplate or unresolved template language that reduces agent usefulness.,Replace with specific instructions/data or move to templates/examples.
06_DATASHEETS/01_MICROCONTROLLERS/ATMEL_LEGACY/INDEX.md,UNEXPANDED_TEMPLATE_VARIABLE,HIGH,File contains boilerplate or unresolved template language that reduces agent usefulness.,Replace with specific instructions/data or move to templates/examples.
06_DATASHEETS/01_MICROCONTROLLERS/ESPRESSIF/ANTENNA_RF_REFERENCES/README.md,UNEXPANDED_TEMPLATE_VARIABLE,HIGH,File contains boilerplate or unresolved template language that reduces agent usefulness.,Replace with specific instructions/data or move to templates/examples.
06_DATASHEETS/01_MICROCONTROLLERS/ESPRESSIF/DESIGN_GUIDES/README.md,UNEXPANDED_TEMPLATE_VARIABLE,HIGH,File contains boilerplate or unresolved template language that reduces agent usefulness.,Replace with specific instructions/data or move to templates/examples.
06_DATASHEETS/01_MICROCONTROLLERS/ESPRESSIF/ERRATA/README.md,UNEXPANDED_TEMPLATE_VARIABLE,HIGH,File contains boilerplate or unresolved template language that reduces agent usefulness.,Replace with specific instructions/data or move to templates/examples.
06_DATASHEETS/01_MICROCONTROLLERS/ESPRESSIF/ESP32/ESP32_WROOM_32_PART_RECORD.md,UNEXPANDED_TEMPLATE_VARIABLE,HIGH,File contains boilerplate or unresolved template language that reduces agent usefulness.,Replace with specific instructions/data or move to templates/examples.
06_DATASHEETS/01_MICROCONTROLLERS/ESPRESSIF/ESP32/INDEX.md,UNEXPANDED_TEMPLATE_VARIABLE,HIGH,File contains boilerplate or unresolved template language that reduces agent usefulness.,Replace with specific instructions/data or move to templates/examples.
06_DATASHEETS/01_MICROCONTROLLERS/ESPRESSIF/ESP32_C2/ESP32_C2_REPRESENTATIVE_PART_REQUIRES_SOURCE_PART_RECORD.md,UNEXPANDED_TEMPLATE_VARIABLE,HIGH,File contains boilerplate or unresolved template language that reduces agent usefulness.,Replace with specific instructions/data or move to templates/examples.
06_DATASHEETS/01_MICROCONTROLLERS/ESPRESSIF/ESP32_C2/INDEX.md,UNEXPANDED_TEMPLATE_VARIABLE,HIGH,File contains boilerplate or unresolved template language that reduces agent usefulness.,Replace with specific instructions/data or move to templates/examples.
06_DATASHEETS/01_MICROCONTROLLERS/ESPRESSIF/ESP32_C3/ESP32_C3_MINI_1_PART_RECORD.md,UNEXPANDED_TEMPLATE_VARIABLE,HIGH,File contains boilerplate or unresolved template language that reduces agent usefulness.,Replace with specific instructions/data or move to templates/examples.
06_DATASHEETS/01_MICROCONTROLLERS/ESPRESSIF/ESP32_C3/INDEX.md,UNEXPANDED_TEMPLATE_VARIABLE,HIGH,File contains boilerplate or unresolved template language that reduces agent usefulness.,Replace with specific instructions/data or move to templates/examples.
06_DATASHEETS/01_MICROCONTROLLERS/ESPRESSIF/ESP32_C5/ESP32_C5_REPRESENTATIVE_PART_REQUIRES_SOURCE_PART_RECORD.md,UNEXPANDED_TEMPLATE_VARIABLE,HIGH,File contains boilerplate or unresolved template language that reduces agent usefulness.,Replace with specific instructions/data or move to templates/examples.
06_DATASHEETS/01_MICROCONTROLLERS/ESPRESSIF/ESP32_C5/INDEX.md,UNEXPANDED_TEMPLATE_VARIABLE,HIGH,File contains boilerplate or unresolved template language that reduces agent usefulness.,Replace with specific instructions/data or move to templates/examples.
06_DATASHEETS/01_MICROCONTROLLERS/ESPRESSIF/ESP32_C6/ESP32_C6_WROOM_1_PART_RECORD.md,UNEXPANDED_TEMPLATE_VARIABLE,HIGH,File contains boilerplate or unresolved template language that reduces agent usefulness.,Replace with specific instructions/data or move to templates/examples.
06_DATASHEETS/01_MICROCONTROLLERS/ESPRESSIF/ESP32_C6/INDEX.md,UNEXPANDED_TEMPLATE_VARIABLE,HIGH,File contains boilerplate or unresolved template language that reduces agent usefulness.,Replace with specific instructions/data or move to templates/examples.
06_DATASHEETS/01_MICROCONTROLLERS/ESPRESSIF/ESP32_H2/ESP32_H2_MINI_1_PART_RECORD.md,UNEXPANDED_TEMPLATE_VARIABLE,HIGH,File contains boilerplate or unresolved template language that reduces agent usefulness.,Replace with specific instructions/data or move to templates/examples.
06_DATASHEETS/01_MICROCONTROLLERS/ESPRESSIF/ESP32_H2/INDEX.md,UNEXPANDED_TEMPLATE_VARIABLE,HIGH,File contains boilerplate or unresolved template language that reduces agent usefulness.,Replace with specific instructions/data or move to templates/examples.
06_DATASHEETS/01_MICROCONTROLLERS/ESPRESSIF/ESP32_P4/ESP32_P4_REPRESENTATIVE_PART_REQUIRES_SOURCE_PART_RECORD.md,UNEXPANDED_TEMPLATE_VARIABLE,HIGH,File contains boilerplate or unresolved template language that reduces agent usefulness.,Replace with specific instructions/data or move to templates/examples.
06_DATASHEETS/01_MICROCONTROLLERS/ESPRESSIF/ESP32_P4/INDEX.md,UNEXPANDED_TEMPLATE_VARIABLE,HIGH,File contains boilerplate or unresolved template language that reduces agent usefulness.,Replace with specific instructions/data or move to templates/examples.
06_DATASHEETS/01_MICROCONTROLLERS/ESPRESSIF/ESP32_S2/ESP32_S2_REPRESENTATIVE_PART_REQUIRES_SOURCE_PART_RECORD.md,UNEXPANDED_TEMPLATE_VARIABLE,HIGH,File contains boilerplate or unresolved template language that reduces agent usefulness.,Replace with specific instructions/data or move to templates/examples.
06_DATASHEETS/01_MICROCONTROLLERS/ESPRESSIF/ESP32_S2/INDEX.md,UNEXPANDED_TEMPLATE_VARIABLE,HIGH,File contains boilerplate or unresolved template language that reduces agent usefulness.,Replace with specific instructions/data or move to templates/examples.
06_DATASHEETS/01_MICROCONTROLLERS/ESPRESSIF/ESP32_S3/ESP32_S3_WROOM_1_PART_RECORD.md,UNEXPANDED_TEMPLATE_VARIABLE,HIGH,File contains boilerplate or unresolved template language that reduces agent usefulness.,Replace with specific instructions/data or move to templates/examples.
06_DATASHEETS/01_MICROCONTROLLERS/ESPRESSIF/ESP32_S3/INDEX.md,UNEXPANDED_TEMPLATE_VARIABLE,HIGH,File contains boilerplate or unresolved template language that reduces agent usefulness.,Replace with specific instructions/data or move to templates/examples.
06_DATASHEETS/01_MICROCONTROLLERS/ESPRESSIF/ESP8266/ESP8266EX_PART_RECORD.md,UNEXPANDED_TEMPLATE_VARIABLE,HIGH,File contains boilerplate or unresolved template language that reduces agent usefulness.,Replace with specific instructions/data or move to templates/examples.
06_DATASHEETS/01_MICROCONTROLLERS/ESPRESSIF/ESP8266/INDEX.md,UNEXPANDED_TEMPLATE_VARIABLE,HIGH,File contains boilerplate or unresolved template language that reduces agent usefulness.,Replace with specific instructions/data or move to templates/examples.
06_DATASHEETS/01_MICROCONTROLLERS/ESPRESSIF/MODULES/README.md,UNEXPANDED_TEMPLATE_VARIABLE,HIGH,File contains boilerplate or unresolved template language that reduces agent usefulness.,Replace with specific instructions/data or move to templates/examples.
06_DATASHEETS/01_MICROCONTROLLERS/GIGADEVICE/GIGADEVICE_REPRESENTATIVE_PART_REQUIRES_SOURCE_PART_RECORD.md,UNEXPANDED_TEMPLATE_VARIABLE,HIGH,File contains boilerplate or unresolved template language that reduces agent usefulness.,Replace with specific instructions/data or move to templates/examples.
06_DATASHEETS/01_MICROCONTROLLERS/GIGADEVICE/INDEX.md,UNEXPANDED_TEMPLATE_VARIABLE,HIGH,File contains boilerplate or unresolved template language that reduces agent usefulness.,Replace with specific instructions/data or move to templates/examples.
06_DATASHEETS/01_MICROCONTROLLERS/INDEX.md,UNEXPANDED_TEMPLATE_VARIABLE,HIGH,File contains boilerplate or unresolved template language that reduces agent usefulness.,Replace with specific instructions/data or move to templates/examples.
06_DATASHEETS/01_MICROCONTROLLERS/INFINEON/INDEX.md,UNEXPANDED_TEMPLATE_VARIABLE,HIGH,File contains boilerplate or unresolved template language that reduces agent usefulness.,Replace with specific instructions/data or move to templates/examples.
06_DATASHEETS/01_MICROCONTROLLERS/INFINEON/INFINEON_REPRESENTATIVE_PART_REQUIRES_SOURCE_PART_RECORD.md,UNEXPANDED_TEMPLATE_VARIABLE,HIGH,File contains boilerplate or unresolved template language that reduces agent usefulness.,Replace with specific instructions/data or move to templates/examples.
06_DATASHEETS/01_MICROCONTROLLERS/MICROCHIP_AVR/ATMEGA328P_PART_RECORD.md,UNEXPANDED_TEMPLATE_VARIABLE,HIGH,File contains boilerplate or unresolved template language that reduces agent usefulness.,Replace with specific instructions/data or move to templates/examples.
06_DATASHEETS/01_MICROCONTROLLERS/MICROCHIP_AVR/INDEX.md,UNEXPANDED_TEMPLATE_VARIABLE,HIGH,File contains boilerplate or unresolved template language that reduces agent usefulness.,Replace with specific instructions/data or move to templates/examples.
06_DATASHEETS/01_MICROCONTROLLERS/MICROCHIP_PIC/DESIGN_GUIDES/README.md,UNEXPANDED_TEMPLATE_VARIABLE,HIGH,File contains boilerplate or unresolved template language that reduces agent usefulness.,Replace with specific instructions/data or move to templates/examples.
06_DATASHEETS/01_MICROCONTROLLERS/MICROCHIP_PIC/DEVELOPMENT_BOARDS/README.md,UNEXPANDED_TEMPLATE_VARIABLE,HIGH,File contains boilerplate or unresolved template language that reduces agent usefulness.,Replace with specific instructions/data or move to templates/examples.
06_DATASHEETS/01_MICROCONTROLLERS/MICROCHIP_PIC/ERRATA/README.md,UNEXPANDED_TEMPLATE_VARIABLE,HIGH,File contains boilerplate or unresolved template language that reduces agent usefulness.,Replace with specific instructions/data or move to templates/examples.
06_DATASHEETS/01_MICROCONTROLLERS/MICROCHIP_PIC/PIC10/INDEX.md,UNEXPANDED_TEMPLATE_VARIABLE,HIGH,File contains boilerplate or unresolved template language that reduces agent usefulness.,Replace with specific instructions/data or move to templates/examples.
06_DATASHEETS/01_MICROCONTROLLERS/MICROCHIP_PIC/PIC10/PIC10_REPRESENTATIVE_PART_REQUIRES_SOURCE_PART_RECORD.md,UNEXPANDED_TEMPLATE_VARIABLE,HIGH,File contains boilerplate or unresolved template language that reduces agent usefulness.,Replace with specific instructions/data or move to templates/examples.
06_DATASHEETS/01_MICROCONTROLLERS/MICROCHIP_PIC/PIC12/INDEX.md,UNEXPANDED_TEMPLATE_VARIABLE,HIGH,File contains boilerplate or unresolved template language that reduces agent usefulness.,Replace with specific instructions/data or move to templates/examples.
06_DATASHEETS/01_MICROCONTROLLERS/MICROCHIP_PIC/PIC12/PIC12_REPRESENTATIVE_PART_REQUIRES_SOURCE_PART_RECORD.md,UNEXPANDED_TEMPLATE_VARIABLE,HIGH,File contains boilerplate or unresolved template language that reduces agent usefulness.,Replace with specific instructions/data or move to templates/examples.
06_DATASHEETS/01_MICROCONTROLLERS/MICROCHIP_PIC/PIC16/INDEX.md,UNEXPANDED_TEMPLATE_VARIABLE,HIGH,File contains boilerplate or unresolved template language that reduces agent usefulness.,Replace with specific instructions/data or move to templates/examples.
06_DATASHEETS/01_MICROCONTROLLERS/MICROCHIP_PIC/PIC16/PIC16F877A_PART_RECORD.md,UNEXPANDED_TEMPLATE_VARIABLE,HIGH,File contains boilerplate or unresolved template language that reduces agent usefulness.,Replace with specific instructions/data or move to templates/examples.
06_DATASHEETS/01_MICROCONTROLLERS/MICROCHIP_PIC/PIC18/INDEX.md,UNEXPANDED_TEMPLATE_VARIABLE,HIGH,File contains boilerplate or unresolved template language that reduces agent usefulness.,Replace with specific instructions/data or move to templates/examples.
06_DATASHEETS/01_MICROCONTROLLERS/MICROCHIP_PIC/PIC18/PIC18F4550_PART_RECORD.md,UNEXPANDED_TEMPLATE_VARIABLE,HIGH,File contains boilerplate or unresolved template language that reduces agent usefulness.,Replace with specific instructions/data or move to templates/examples.
06_DATASHEETS/01_MICROCONTROLLERS/MICROCHIP_PIC/PIC24/INDEX.md,UNEXPANDED_TEMPLATE_VARIABLE,HIGH,File contains boilerplate or unresolved template language that reduces agent usefulness.,Replace with specific instructions/data or move to templates/examples.
06_DATASHEETS/01_MICROCONTROLLERS/MICROCHIP_PIC/PIC24/PIC24_REPRESENTATIVE_PART_REQUIRES_SOURCE_PART_RECORD.md,UNEXPANDED_TEMPLATE_VARIABLE,HIGH,File contains boilerplate or unresolved template language that reduces agent usefulness.,Replace with specific instructions/data or move to templates/examples.
06_DATASHEETS/01_MICROCONTROLLERS/MICROCHIP_PIC/PIC32/INDEX.md,UNEXPANDED_TEMPLATE_VARIABLE,HIGH,File contains boilerplate or unresolved template language that reduces agent usefulness.,Replace with specific instructions/data or move to templates/examples.
06_DATASHEETS/01_MICROCONTROLLERS/MICROCHIP_PIC/PIC32/PIC32_REPRESENTATIVE_PART_REQUIRES_SOURCE_PART_RECORD.md,UNEXPANDED_TEMPLATE_VARIABLE,HIGH,File contains boilerplate or unresolved template language that reduces agent usefulness.,Replace with specific instructions/data or move to templates/examples.
06_DATASHEETS/01_MICROCONTROLLERS/MICROCHIP_PIC/PROGRAMMING_DEBUG_PICKIT/README.md,UNEXPANDED_TEMPLATE_VARIABLE,HIGH,File contains boilerplate or unresolved template language that reduces agent usefulness.,Replace with specific instructions/data or move to templates/examples.
06_DATASHEETS/01_MICROCONTROLLERS/MICROCHIP_PIC/dsPIC30/DSPIC30_REPRESENTATIVE_PART_REQUIRES_SOURCE_PART_RECORD.md,UNEXPANDED_TEMPLATE_VARIABLE,HIGH,File contains boilerplate or unresolved template language that reduces agent usefulness.,Replace with specific instructions/data or move to templates/examples.
06_DATASHEETS/01_MICROCONTROLLERS/MICROCHIP_PIC/dsPIC30/INDEX.md,UNEXPANDED_TEMPLATE_VARIABLE,HIGH,File contains boilerplate or unresolved template language that reduces agent usefulness.,Replace with specific instructions/data or move to templates/examples.
06_DATASHEETS/01_MICROCONTROLLERS/MICROCHIP_PIC/dsPIC33/DSPIC33_REPRESENTATIVE_PART_REQUIRES_SOURCE_PART_RECORD.md,UNEXPANDED_TEMPLATE_VARIABLE,HIGH,File contains boilerplate or unresolved template language that reduces agent usefulness.,Replace with specific instructions/data or move to templates/examples.
06_DATASHEETS/01_MICROCONTROLLERS/MICROCHIP_PIC/dsPIC33/INDEX.md,UNEXPANDED_TEMPLATE_VARIABLE,HIGH,File contains boilerplate or unresolved template language that reduces agent usefulness.,Replace with specific instructions/data or move to templates/examples.
06_DATASHEETS/01_MICROCONTROLLERS/NORDIC/INDEX.md,UNEXPANDED_TEMPLATE_VARIABLE,HIGH,File contains boilerplate or unresolved template language that reduces agent usefulness.,Replace with specific instructions/data or move to templates/examples.
06_DATASHEETS/01_MICROCONTROLLERS/NORDIC/NORDIC_REPRESENTATIVE_PART_REQUIRES_SOURCE_PART_RECORD.md,UNEXPANDED_TEMPLATE_VARIABLE,HIGH,File contains boilerplate or unresolved template language that reduces agent usefulness.,Replace with specific instructions/data or move to templates/examples.
06_DATASHEETS/01_MICROCONTROLLERS/NXP/INDEX.md,UNEXPANDED_TEMPLATE_VARIABLE,HIGH,File contains boilerplate or unresolved template language that reduces agent usefulness.,Replace with specific instructions/data or move to templates/examples.
06_DATASHEETS/01_MICROCONTROLLERS/NXP/NXP_REPRESENTATIVE_PART_REQUIRES_SOURCE_PART_RECORD.md,UNEXPANDED_TEMPLATE_VARIABLE,HIGH,File contains boilerplate or unresolved template language that reduces agent usefulness.,Replace with specific instructions/data or move to templates/examples.
06_DATASHEETS/01_MICROCONTROLLERS/OTHER/README.md,UNEXPANDED_TEMPLATE_VARIABLE,HIGH,File contains boilerplate or unresolved template language that reduces agent usefulness.,Replace with specific instructions/data or move to templates/examples.
06_DATASHEETS/01_MICROCONTROLLERS/RASPBERRY_PI_RP2040_RP2350/INDEX.md,UNEXPANDED_TEMPLATE_VARIABLE,HIGH,File contains boilerplate or unresolved template language that reduces agent usefulness.,Replace with specific instructions/data or move to templates/examples.
06_DATASHEETS/01_MICROCONTROLLERS/RASPBERRY_PI_RP2040_RP2350/RP2040_PART_RECORD.md,UNEXPANDED_TEMPLATE_VARIABLE,HIGH,File contains boilerplate or unresolved template language that reduces agent usefulness.,Replace with specific instructions/data or move to templates/examples.
06_DATASHEETS/01_MICROCONTROLLERS/RENESAS/INDEX.md,UNEXPANDED_TEMPLATE_VARIABLE,HIGH,File contains boilerplate or unresolved template language that reduces agent usefulness.,Replace with specific instructions/data or move to templates/examples.
06_DATASHEETS/01_MICROCONTROLLERS/RENESAS/RENESAS_REPRESENTATIVE_PART_REQUIRES_SOURCE_PART_RECORD.md,UNEXPANDED_TEMPLATE_VARIABLE,HIGH,File contains boilerplate or unresolved template language that reduces agent usefulness.,Replace with specific instructions/data or move to templates/examples.
06_DATASHEETS/01_MICROCONTROLLERS/SILABS/INDEX.md,UNEXPANDED_TEMPLATE_VARIABLE,HIGH,File contains boilerplate or unresolved template language that reduces agent usefulness.,Replace with specific instructions/data or move to templates/examples.
06_DATASHEETS/01_MICROCONTROLLERS/SILABS/SILABS_REPRESENTATIVE_PART_REQUIRES_SOURCE_PART_RECORD.md,UNEXPANDED_TEMPLATE_VARIABLE,HIGH,File contains boilerplate or unresolved template language that reduces agent usefulness.,Replace with specific instructions/data or move to templates/examples.
06_DATASHEETS/01_MICROCONTROLLERS/STMICRO_STM32/DESIGN_GUIDES/README.md,UNEXPANDED_TEMPLATE_VARIABLE,HIGH,File contains boilerplate or unresolved template language that reduces agent usefulness.,Replace with specific instructions/data or move to templates/examples.
06_DATASHEETS/01_MICROCONTROLLERS/STMICRO_STM32/DISCOVERY_BOARDS/README.md,UNEXPANDED_TEMPLATE_VARIABLE,HIGH,File contains boilerplate or unresolved template language that reduces agent usefulness.,Replace with specific instructions/data or move to templates/examples.
06_DATASHEETS/01_MICROCONTROLLERS/STMICRO_STM32/ERRATA/README.md,UNEXPANDED_TEMPLATE_VARIABLE,HIGH,File contains boilerplate or unresolved template language that reduces agent usefulness.,Replace with specific instructions/data or move to templates/examples.
06_DATASHEETS/01_MICROCONTROLLERS/STMICRO_STM32/EVAL_BOARDS/README.md,UNEXPANDED_TEMPLATE_VARIABLE,HIGH,File contains boilerplate or unresolved template language that reduces agent usefulness.,Replace with specific instructions/data or move to templates/examples.
06_DATASHEETS/01_MICROCONTROLLERS/STMICRO_STM32/NUCLEO_BOARDS/README.md,UNEXPANDED_TEMPLATE_VARIABLE,HIGH,File contains boilerplate or unresolved template language that reduces agent usefulness.,Replace with specific instructions/data or move to templates/examples.
06_DATASHEETS/01_MICROCONTROLLERS/STMICRO_STM32/PROGRAMMING_DEBUG_STLINK/README.md,UNEXPANDED_TEMPLATE_VARIABLE,HIGH,File contains boilerplate or unresolved template language that reduces agent usefulness.,Replace with specific instructions/data or move to templates/examples.
06_DATASHEETS/01_MICROCONTROLLERS/STMICRO_STM32/STM32F0/DEV_BOARD_REFERENCES.md,UNEXPANDED_TEMPLATE_VARIABLE,HIGH,File contains boilerplate or unresolved template language that reduces agent usefulness.,Replace with specific instructions/data or move to templates/examples.
06_DATASHEETS/01_MICROCONTROLLERS/STMICRO_STM32/STM32F0/INDEX.md,UNEXPANDED_TEMPLATE_VARIABLE,HIGH,File contains boilerplate or unresolved template language that reduces agent usefulness.,Replace with specific instructions/data or move to templates/examples.
06_DATASHEETS/01_MICROCONTROLLERS/STMICRO_STM32/STM32F0/PART_NUMBER_INDEX.md,UNEXPANDED_TEMPLATE_VARIABLE,HIGH,File contains boilerplate or unresolved template language that reduces agent usefulness.,Replace with specific instructions/data or move to templates/examples.
06_DATASHEETS/01_MICROCONTROLLERS/STMICRO_STM32/STM32F0/SOURCE_LINKS.md,UNEXPANDED_TEMPLATE_VARIABLE,HIGH,File contains boilerplate or unresolved template language that reduces agent usefulness.,Replace with specific instructions/data or move to templates/examples.
06_DATASHEETS/01_MICROCONTROLLERS/STMICRO_STM32/STM32F0/STM32F0_REPRESENTATIVE_PART_REQUIRES_SOURCE_PART_RECORD.md,UNEXPANDED_TEMPLATE_VARIABLE,HIGH,File contains boilerplate or unresolved template language that reduces agent usefulness.,Replace with specific instructions/data or move to templates/examples.
06_DATASHEETS/01_MICROCONTROLLERS/STMICRO_STM32/STM32F1/DEV_BOARD_REFERENCES.md,UNEXPANDED_TEMPLATE_VARIABLE,HIGH,File contains boilerplate or unresolved template language that reduces agent usefulness.,Replace with specific instructions/data or move to templates/examples.
06_DATASHEETS/01_MICROCONTROLLERS/STMICRO_STM32/STM32F1/INDEX.md,UNEXPANDED_TEMPLATE_VARIABLE,HIGH,File contains boilerplate or unresolved template language that reduces agent usefulness.,Replace with specific instructions/data or move to templates/examples.
06_DATASHEETS/01_MICROCONTROLLERS/STMICRO_STM32/STM32F1/PART_NUMBER_INDEX.md,UNEXPANDED_TEMPLATE_VARIABLE,HIGH,File contains boilerplate or unresolved template language that reduces agent usefulness.,Replace with specific instructions/data or move to templates/examples.
06_DATASHEETS/01_MICROCONTROLLERS/STMICRO_STM32/STM32F1/README.md,UNEXPANDED_TEMPLATE_VARIABLE,HIGH,File contains boilerplate or unresolved template language that reduces agent usefulness.,Replace with specific instructions/data or move to templates/examples.
06_DATASHEETS/01_MICROCONTROLLERS/STMICRO_STM32/STM32F1/SOURCE_LINKS.md,UNEXPANDED_TEMPLATE_VARIABLE,HIGH,File contains boilerplate or unresolved template language that reduces agent usefulness.,Replace with specific instructions/data or move to templates/examples.
06_DATASHEETS/01_MICROCONTROLLERS/STMICRO_STM32/STM32F2/DEV_BOARD_REFERENCES.md,UNEXPANDED_TEMPLATE_VARIABLE,HIGH,File contains boilerplate or unresolved template language that reduces agent usefulness.,Replace with specific instructions/data or move to templates/examples.
06_DATASHEETS/01_MICROCONTROLLERS/STMICRO_STM32/STM32F2/INDEX.md,UNEXPANDED_TEMPLATE_VARIABLE,HIGH,File contains boilerplate or unresolved template language that reduces agent usefulness.,Replace with specific instructions/data or move to templates/examples.
06_DATASHEETS/01_MICROCONTROLLERS/STMICRO_STM32/STM32F2/PART_NUMBER_INDEX.md,UNEXPANDED_TEMPLATE_VARIABLE,HIGH,File contains boilerplate or unresolved template language that reduces agent usefulness.,Replace with specific instructions/data or move to templates/examples.
06_DATASHEETS/01_MICROCONTROLLERS/STMICRO_STM32/STM32F2/SOURCE_LINKS.md,UNEXPANDED_TEMPLATE_VARIABLE,HIGH,File contains boilerplate or unresolved template language that reduces agent usefulness.,Replace with specific instructions/data or move to templates/examples.
06_DATASHEETS/01_MICROCONTROLLERS/STMICRO_STM32/STM32F2/STM32F2_REPRESENTATIVE_PART_REQUIRES_SOURCE_PART_RECORD.md,UNEXPANDED_TEMPLATE_VARIABLE,HIGH,File contains boilerplate or unresolved template language that reduces agent usefulness.,Replace with specific instructions/data or move to templates/examples.
06_DATASHEETS/01_MICROCONTROLLERS/STMICRO_STM32/STM32F3/DEV_BOARD_REFERENCES.md,UNEXPANDED_TEMPLATE_VARIABLE,HIGH,File contains boilerplate or unresolved template language that reduces agent usefulness.,Replace with specific instructions/data or move to templates/examples.
06_DATASHEETS/01_MICROCONTROLLERS/STMICRO_STM32/STM32F3/INDEX.md,UNEXPANDED_TEMPLATE_VARIABLE,HIGH,File contains boilerplate or unresolved template language that reduces agent usefulness.,Replace with specific instructions/data or move to templates/examples.
06_DATASHEETS/01_MICROCONTROLLERS/STMICRO_STM32/STM32F3/PART_NUMBER_INDEX.md,UNEXPANDED_TEMPLATE_VARIABLE,HIGH,File contains boilerplate or unresolved template language that reduces agent usefulness.,Replace with specific instructions/data or move to templates/examples.
06_DATASHEETS/01_MICROCONTROLLERS/STMICRO_STM32/STM32F3/SOURCE_LINKS.md,UNEXPANDED_TEMPLATE_VARIABLE,HIGH,File contains boilerplate or unresolved template language that reduces agent usefulness.,Replace with specific instructions/data or move to templates/examples.
06_DATASHEETS/01_MICROCONTROLLERS/STMICRO_STM32/STM32F3/STM32F3_REPRESENTATIVE_PART_REQUIRES_SOURCE_PART_RECORD.md,UNEXPANDED_TEMPLATE_VARIABLE,HIGH,File contains boilerplate or unresolved template language that reduces agent usefulness.,Replace with specific instructions/data or move to templates/examples.
06_DATASHEETS/01_MICROCONTROLLERS/STMICRO_STM32/STM32F4/DEV_BOARD_REFERENCES.md,UNEXPANDED_TEMPLATE_VARIABLE,HIGH,File contains boilerplate or unresolved template language that reduces agent usefulness.,Replace with specific instructions/data or move to templates/examples.
06_DATASHEETS/01_MICROCONTROLLERS/STMICRO_STM32/STM32F4/INDEX.md,UNEXPANDED_TEMPLATE_VARIABLE,HIGH,File contains boilerplate or unresolved template language that reduces agent usefulness.,Replace with specific instructions/data or move to templates/examples.
06_DATASHEETS/01_MICROCONTROLLERS/STMICRO_STM32/STM32F4/PART_NUMBER_INDEX.md,UNEXPANDED_TEMPLATE_VARIABLE,HIGH,File contains boilerplate or unresolved template language that reduces agent usefulness.,Replace with specific instructions/data or move to templates/examples.
06_DATASHEETS/01_MICROCONTROLLERS/STMICRO_STM32/STM32F4/SOURCE_LINKS.md,UNEXPANDED_TEMPLATE_VARIABLE,HIGH,File contains boilerplate or unresolved template language that reduces agent usefulness.,Replace with specific instructions/data or move to templates/examples.
06_DATASHEETS/01_MICROCONTROLLERS/STMICRO_STM32/STM32F4/STM32F411CEU6_PART_RECORD.md,UNEXPANDED_TEMPLATE_VARIABLE,HIGH,File contains boilerplate or unresolved template language that reduces agent usefulness.,Replace with specific instructions/data or move to templates/examples.
06_DATASHEETS/01_MICROCONTROLLERS/STMICRO_STM32/STM32F7/DEV_BOARD_REFERENCES.md,UNEXPANDED_TEMPLATE_VARIABLE,HIGH,File contains boilerplate or unresolved template language that reduces agent usefulness.,Replace with specific instructions/data or move to templates/examples.
06_DATASHEETS/01_MICROCONTROLLERS/STMICRO_STM32/STM32F7/INDEX.md,UNEXPANDED_TEMPLATE_VARIABLE,HIGH,File contains boilerplate or unresolved template language that reduces agent usefulness.,Replace with specific instructions/data or move to templates/examples.
06_DATASHEETS/01_MICROCONTROLLERS/STMICRO_STM32/STM32F7/PART_NUMBER_INDEX.md,UNEXPANDED_TEMPLATE_VARIABLE,HIGH,File contains boilerplate or unresolved template language that reduces agent usefulness.,Replace with specific instructions/data or move to templates/examples.
06_DATASHEETS/01_MICROCONTROLLERS/STMICRO_STM32/STM32F7/SOURCE_LINKS.md,UNEXPANDED_TEMPLATE_VARIABLE,HIGH,File contains boilerplate or unresolved template language that reduces agent usefulness.,Replace with specific instructions/data or move to templates/examples.
06_DATASHEETS/01_MICROCONTROLLERS/STMICRO_STM32/STM32F7/STM32F7_REPRESENTATIVE_PART_REQUIRES_SOURCE_PART_RECORD.md,UNEXPANDED_TEMPLATE_VARIABLE,HIGH,File contains boilerplate or unresolved template language that reduces agent usefulness.,Replace with specific instructions/data or move to templates/examples.
06_DATASHEETS/01_MICROCONTROLLERS/STMICRO_STM32/STM32G0/DEV_BOARD_REFERENCES.md,UNEXPANDED_TEMPLATE_VARIABLE,HIGH,File contains boilerplate or unresolved template language that reduces agent usefulness.,Replace with specific instructions/data or move to templates/examples.
06_DATASHEETS/01_MICROCONTROLLERS/STMICRO_STM32/STM32G0/INDEX.md,UNEXPANDED_TEMPLATE_VARIABLE,HIGH,File contains boilerplate or unresolved template language that reduces agent usefulness.,Replace with specific instructions/data or move to templates/examples.
06_DATASHEETS/01_MICROCONTROLLERS/STMICRO_STM32/STM32G0/PART_NUMBER_INDEX.md,UNEXPANDED_TEMPLATE_VARIABLE,HIGH,File contains boilerplate or unresolved template language that reduces agent usefulness.,Replace with specific instructions/data or move to templates/examples.
06_DATASHEETS/01_MICROCONTROLLERS/STMICRO_STM32/STM32G0/SOURCE_LINKS.md,UNEXPANDED_TEMPLATE_VARIABLE,HIGH,File contains boilerplate or unresolved template language that reduces agent usefulness.,Replace with specific instructions/data or move to templates/examples.
06_DATASHEETS/01_MICROCONTROLLERS/STMICRO_STM32/STM32G0/STM32G030F6P6_PART_RECORD.md,UNEXPANDED_TEMPLATE_VARIABLE,HIGH,File contains boilerplate or unresolved template language that reduces agent usefulness.,Replace with specific instructions/data or move to templates/examples.
06_DATASHEETS/01_MICROCONTROLLERS/STMICRO_STM32/STM32G4/DEV_BOARD_REFERENCES.md,UNEXPANDED_TEMPLATE_VARIABLE,HIGH,File contains boilerplate or unresolved template language that reduces agent usefulness.,Replace with specific instructions/data or move to templates/examples.
06_DATASHEETS/01_MICROCONTROLLERS/STMICRO_STM32/STM32G4/INDEX.md,UNEXPANDED_TEMPLATE_VARIABLE,HIGH,File contains boilerplate or unresolved template language that reduces agent usefulness.,Replace with specific instructions/data or move to templates/examples.
06_DATASHEETS/01_MICROCONTROLLERS/STMICRO_STM32/STM32G4/PART_NUMBER_INDEX.md,UNEXPANDED_TEMPLATE_VARIABLE,HIGH,File contains boilerplate or unresolved template language that reduces agent usefulness.,Replace with specific instructions/data or move to templates/examples.
06_DATASHEETS/01_MICROCONTROLLERS/STMICRO_STM32/STM32G4/SOURCE_LINKS.md,UNEXPANDED_TEMPLATE_VARIABLE,HIGH,File contains boilerplate or unresolved template language that reduces agent usefulness.,Replace with specific instructions/data or move to templates/examples.
06_DATASHEETS/01_MICROCONTROLLERS/STMICRO_STM32/STM32G4/STM32G431CBT6_PART_RECORD.md,UNEXPANDED_TEMPLATE_VARIABLE,HIGH,File contains boilerplate or unresolved template language that reduces agent usefulness.,Replace with specific instructions/data or move to templates/examples.
06_DATASHEETS/01_MICROCONTROLLERS/STMICRO_STM32/STM32H5/DEV_BOARD_REFERENCES.md,UNEXPANDED_TEMPLATE_VARIABLE,HIGH,File contains boilerplate or unresolved template language that reduces agent usefulness.,Replace with specific instructions/data or move to templates/examples.
06_DATASHEETS/01_MICROCONTROLLERS/STMICRO_STM32/STM32H5/INDEX.md,UNEXPANDED_TEMPLATE_VARIABLE,HIGH,File contains boilerplate or unresolved template language that reduces agent usefulness.,Replace with specific instructions/data or move to templates/examples.
06_DATASHEETS/01_MICROCONTROLLERS/STMICRO_STM32/STM32H5/PART_NUMBER_INDEX.md,UNEXPANDED_TEMPLATE_VARIABLE,HIGH,File contains boilerplate or unresolved template language that reduces agent usefulness.,Replace with specific instructions/data or move to templates/examples.
06_DATASHEETS/01_MICROCONTROLLERS/STMICRO_STM32/STM32H5/SOURCE_LINKS.md,UNEXPANDED_TEMPLATE_VARIABLE,HIGH,File contains boilerplate or unresolved template language that reduces agent usefulness.,Replace with specific instructions/data or move to templates/examples.
06_DATASHEETS/01_MICROCONTROLLERS/STMICRO_STM32/STM32H5/STM32H5_REPRESENTATIVE_PART_REQUIRES_SOURCE_PART_RECORD.md,UNEXPANDED_TEMPLATE_VARIABLE,HIGH,File contains boilerplate or unresolved template language that reduces agent usefulness.,Replace with specific instructions/data or move to templates/examples.
06_DATASHEETS/01_MICROCONTROLLERS/STMICRO_STM32/STM32H7/DEV_BOARD_REFERENCES.md,UNEXPANDED_TEMPLATE_VARIABLE,HIGH,File contains boilerplate or unresolved template language that reduces agent usefulness.,Replace with specific instructions/data or move to templates/examples.
06_DATASHEETS/01_MICROCONTROLLERS/STMICRO_STM32/STM32H7/INDEX.md,UNEXPANDED_TEMPLATE_VARIABLE,HIGH,File contains boilerplate or unresolved template language that reduces agent usefulness.,Replace with specific instructions/data or move to templates/examples.
06_DATASHEETS/01_MICROCONTROLLERS/STMICRO_STM32/STM32H7/PART_NUMBER_INDEX.md,UNEXPANDED_TEMPLATE_VARIABLE,HIGH,File contains boilerplate or unresolved template language that reduces agent usefulness.,Replace with specific instructions/data or move to templates/examples.
06_DATASHEETS/01_MICROCONTROLLERS/STMICRO_STM32/STM32H7/SOURCE_LINKS.md,UNEXPANDED_TEMPLATE_VARIABLE,HIGH,File contains boilerplate or unresolved template language that reduces agent usefulness.,Replace with specific instructions/data or move to templates/examples.
06_DATASHEETS/01_MICROCONTROLLERS/STMICRO_STM32/STM32H7/STM32H743VIT6_PART_RECORD.md,UNEXPANDED_TEMPLATE_VARIABLE,HIGH,File contains boilerplate or unresolved template language that reduces agent usefulness.,Replace with specific instructions/data or move to templates/examples.
06_DATASHEETS/01_MICROCONTROLLERS/STMICRO_STM32/STM32L0/DEV_BOARD_REFERENCES.md,UNEXPANDED_TEMPLATE_VARIABLE,HIGH,File contains boilerplate or unresolved template language that reduces agent usefulness.,Replace with specific instructions/data or move to templates/examples.
06_DATASHEETS/01_MICROCONTROLLERS/STMICRO_STM32/STM32L0/INDEX.md,UNEXPANDED_TEMPLATE_VARIABLE,HIGH,File contains boilerplate or unresolved template language that reduces agent usefulness.,Replace with specific instructions/data or move to templates/examples.
06_DATASHEETS/01_MICROCONTROLLERS/STMICRO_STM32/STM32L0/PART_NUMBER_INDEX.md,UNEXPANDED_TEMPLATE_VARIABLE,HIGH,File contains boilerplate or unresolved template language that reduces agent usefulness.,Replace with specific instructions/data or move to templates/examples.
06_DATASHEETS/01_MICROCONTROLLERS/STMICRO_STM32/STM32L0/SOURCE_LINKS.md,UNEXPANDED_TEMPLATE_VARIABLE,HIGH,File contains boilerplate or unresolved template language that reduces agent usefulness.,Replace with specific instructions/data or move to templates/examples.
06_DATASHEETS/01_MICROCONTROLLERS/STMICRO_STM32/STM32L0/STM32L0_REPRESENTATIVE_PART_REQUIRES_SOURCE_PART_RECORD.md,UNEXPANDED_TEMPLATE_VARIABLE,HIGH,File contains boilerplate or unresolved template language that reduces agent usefulness.,Replace with specific instructions/data or move to templates/examples.
06_DATASHEETS/01_MICROCONTROLLERS/STMICRO_STM32/STM32L1/DEV_BOARD_REFERENCES.md,UNEXPANDED_TEMPLATE_VARIABLE,HIGH,File contains boilerplate or unresolved template language that reduces agent usefulness.,Replace with specific instructions/data or move to templates/examples.
06_DATASHEETS/01_MICROCONTROLLERS/STMICRO_STM32/STM32L1/INDEX.md,UNEXPANDED_TEMPLATE_VARIABLE,HIGH,File contains boilerplate or unresolved template language that reduces agent usefulness.,Replace with specific instructions/data or move to templates/examples.
06_DATASHEETS/01_MICROCONTROLLERS/STMICRO_STM32/STM32L1/PART_NUMBER_INDEX.md,UNEXPANDED_TEMPLATE_VARIABLE,HIGH,File contains boilerplate or unresolved template language that reduces agent usefulness.,Replace with specific instructions/data or move to templates/examples.
06_DATASHEETS/01_MICROCONTROLLERS/STMICRO_STM32/STM32L1/SOURCE_LINKS.md,UNEXPANDED_TEMPLATE_VARIABLE,HIGH,File contains boilerplate or unresolved template language that reduces agent usefulness.,Replace with specific instructions/data or move to templates/examples.
06_DATASHEETS/01_MICROCONTROLLERS/STMICRO_STM32/STM32L1/STM32L1_REPRESENTATIVE_PART_REQUIRES_SOURCE_PART_RECORD.md,UNEXPANDED_TEMPLATE_VARIABLE,HIGH,File contains boilerplate or unresolved template language that reduces agent usefulness.,Replace with specific instructions/data or move to templates/examples.
06_DATASHEETS/01_MICROCONTROLLERS/STMICRO_STM32/STM32L4/DEV_BOARD_REFERENCES.md,UNEXPANDED_TEMPLATE_VARIABLE,HIGH,File contains boilerplate or unresolved template language that reduces agent usefulness.,Replace with specific instructions/data or move to templates/examples.
06_DATASHEETS/01_MICROCONTROLLERS/STMICRO_STM32/STM32L4/INDEX.md,UNEXPANDED_TEMPLATE_VARIABLE,HIGH,File contains boilerplate or unresolved template language that reduces agent usefulness.,Replace with specific instructions/data or move to templates/examples.
06_DATASHEETS/01_MICROCONTROLLERS/STMICRO_STM32/STM32L4/PART_NUMBER_INDEX.md,UNEXPANDED_TEMPLATE_VARIABLE,HIGH,File contains boilerplate or unresolved template language that reduces agent usefulness.,Replace with specific instructions/data or move to templates/examples.
06_DATASHEETS/01_MICROCONTROLLERS/STMICRO_STM32/STM32L4/SOURCE_LINKS.md,UNEXPANDED_TEMPLATE_VARIABLE,HIGH,File contains boilerplate or unresolved template language that reduces agent usefulness.,Replace with specific instructions/data or move to templates/examples.
06_DATASHEETS/01_MICROCONTROLLERS/STMICRO_STM32/STM32L4/STM32L4_REPRESENTATIVE_PART_REQUIRES_SOURCE_PART_RECORD.md,UNEXPANDED_TEMPLATE_VARIABLE,HIGH,File contains boilerplate or unresolved template language that reduces agent usefulness.,Replace with specific instructions/data or move to templates/examples.
06_DATASHEETS/01_MICROCONTROLLERS/STMICRO_STM32/STM32L5/DEV_BOARD_REFERENCES.md,UNEXPANDED_TEMPLATE_VARIABLE,HIGH,File contains boilerplate or unresolved template language that reduces agent usefulness.,Replace with specific instructions/data or move to templates/examples.
06_DATASHEETS/01_MICROCONTROLLERS/STMICRO_STM32/STM32L5/INDEX.md,UNEXPANDED_TEMPLATE_VARIABLE,HIGH,File contains boilerplate or unresolved template language that reduces agent usefulness.,Replace with specific instructions/data or move to templates/examples.
06_DATASHEETS/01_MICROCONTROLLERS/STMICRO_STM32/STM32L5/PART_NUMBER_INDEX.md,UNEXPANDED_TEMPLATE_VARIABLE,HIGH,File contains boilerplate or unresolved template language that reduces agent usefulness.,Replace with specific instructions/data or move to templates/examples.
06_DATASHEETS/01_MICROCONTROLLERS/STMICRO_STM32/STM32L5/SOURCE_LINKS.md,UNEXPANDED_TEMPLATE_VARIABLE,HIGH,File contains boilerplate or unresolved template language that reduces agent usefulness.,Replace with specific instructions/data or move to templates/examples.
06_DATASHEETS/01_MICROCONTROLLERS/STMICRO_STM32/STM32L5/STM32L5_REPRESENTATIVE_PART_REQUIRES_SOURCE_PART_RECORD.md,UNEXPANDED_TEMPLATE_VARIABLE,HIGH,File contains boilerplate or unresolved template language that reduces agent usefulness.,Replace with specific instructions/data or move to templates/examples.
06_DATASHEETS/01_MICROCONTROLLERS/STMICRO_STM32/STM32MP/DEV_BOARD_REFERENCES.md,UNEXPANDED_TEMPLATE_VARIABLE,HIGH,File contains boilerplate or unresolved template language that reduces agent usefulness.,Replace with specific instructions/data or move to templates/examples.
06_DATASHEETS/01_MICROCONTROLLERS/STMICRO_STM32/STM32MP/INDEX.md,UNEXPANDED_TEMPLATE_VARIABLE,HIGH,File contains boilerplate or unresolved template language that reduces agent usefulness.,Replace with specific instructions/data or move to templates/examples.
06_DATASHEETS/01_MICROCONTROLLERS/STMICRO_STM32/STM32MP/PART_NUMBER_INDEX.md,UNEXPANDED_TEMPLATE_VARIABLE,HIGH,File contains boilerplate or unresolved template language that reduces agent usefulness.,Replace with specific instructions/data or move to templates/examples.
06_DATASHEETS/01_MICROCONTROLLERS/STMICRO_STM32/STM32MP/SOURCE_LINKS.md,UNEXPANDED_TEMPLATE_VARIABLE,HIGH,File contains boilerplate or unresolved template language that reduces agent usefulness.,Replace with specific instructions/data or move to templates/examples.
06_DATASHEETS/01_MICROCONTROLLERS/STMICRO_STM32/STM32MP/STM32MP_REPRESENTATIVE_PART_REQUIRES_SOURCE_PART_RECORD.md,UNEXPANDED_TEMPLATE_VARIABLE,HIGH,File contains boilerplate or unresolved template language that reduces agent usefulness.,Replace with specific instructions/data or move to templates/examples.
06_DATASHEETS/01_MICROCONTROLLERS/STMICRO_STM32/STM32U0/DEV_BOARD_REFERENCES.md,UNEXPANDED_TEMPLATE_VARIABLE,HIGH,File contains boilerplate or unresolved template language that reduces agent usefulness.,Replace with specific instructions/data or move to templates/examples.
06_DATASHEETS/01_MICROCONTROLLERS/STMICRO_STM32/STM32U0/INDEX.md,UNEXPANDED_TEMPLATE_VARIABLE,HIGH,File contains boilerplate or unresolved template language that reduces agent usefulness.,Replace with specific instructions/data or move to templates/examples.
06_DATASHEETS/01_MICROCONTROLLERS/STMICRO_STM32/STM32U0/PART_NUMBER_INDEX.md,UNEXPANDED_TEMPLATE_VARIABLE,HIGH,File contains boilerplate or unresolved template language that reduces agent usefulness.,Replace with specific instructions/data or move to templates/examples.
06_DATASHEETS/01_MICROCONTROLLERS/STMICRO_STM32/STM32U0/SOURCE_LINKS.md,UNEXPANDED_TEMPLATE_VARIABLE,HIGH,File contains boilerplate or unresolved template language that reduces agent usefulness.,Replace with specific instructions/data or move to templates/examples.
06_DATASHEETS/01_MICROCONTROLLERS/STMICRO_STM32/STM32U0/STM32U0_REPRESENTATIVE_PART_REQUIRES_SOURCE_PART_RECORD.md,UNEXPANDED_TEMPLATE_VARIABLE,HIGH,File contains boilerplate or unresolved template language that reduces agent usefulness.,Replace with specific instructions/data or move to templates/examples.
06_DATASHEETS/01_MICROCONTROLLERS/STMICRO_STM32/STM32U5/DEV_BOARD_REFERENCES.md,UNEXPANDED_TEMPLATE_VARIABLE,HIGH,File contains boilerplate or unresolved template language that reduces agent usefulness.,Replace with specific instructions/data or move to templates/examples.
06_DATASHEETS/01_MICROCONTROLLERS/STMICRO_STM32/STM32U5/INDEX.md,UNEXPANDED_TEMPLATE_VARIABLE,HIGH,File contains boilerplate or unresolved template language that reduces agent usefulness.,Replace with specific instructions/data or move to templates/examples.
06_DATASHEETS/01_MICROCONTROLLERS/STMICRO_STM32/STM32U5/PART_NUMBER_INDEX.md,UNEXPANDED_TEMPLATE_VARIABLE,HIGH,File contains boilerplate or unresolved template language that reduces agent usefulness.,Replace with specific instructions/data or move to templates/examples.
06_DATASHEETS/01_MICROCONTROLLERS/STMICRO_STM32/STM32U5/SOURCE_LINKS.md,UNEXPANDED_TEMPLATE_VARIABLE,HIGH,File contains boilerplate or unresolved template language that reduces agent usefulness.,Replace with specific instructions/data or move to templates/examples.
06_DATASHEETS/01_MICROCONTROLLERS/STMICRO_STM32/STM32U5/STM32U5_REPRESENTATIVE_PART_REQUIRES_SOURCE_PART_RECORD.md,UNEXPANDED_TEMPLATE_VARIABLE,HIGH,File contains boilerplate or unresolved template language that reduces agent usefulness.,Replace with specific instructions/data or move to templates/examples.
06_DATASHEETS/01_MICROCONTROLLERS/STMICRO_STM32/STM32WB/DEV_BOARD_REFERENCES.md,UNEXPANDED_TEMPLATE_VARIABLE,HIGH,File contains boilerplate or unresolved template language that reduces agent usefulness.,Replace with specific instructions/data or move to templates/examples.
06_DATASHEETS/01_MICROCONTROLLERS/STMICRO_STM32/STM32WB/INDEX.md,UNEXPANDED_TEMPLATE_VARIABLE,HIGH,File contains boilerplate or unresolved template language that reduces agent usefulness.,Replace with specific instructions/data or move to templates/examples.
06_DATASHEETS/01_MICROCONTROLLERS/STMICRO_STM32/STM32WB/PART_NUMBER_INDEX.md,UNEXPANDED_TEMPLATE_VARIABLE,HIGH,File contains boilerplate or unresolved template language that reduces agent usefulness.,Replace with specific instructions/data or move to templates/examples.
06_DATASHEETS/01_MICROCONTROLLERS/STMICRO_STM32/STM32WB/SOURCE_LINKS.md,UNEXPANDED_TEMPLATE_VARIABLE,HIGH,File contains boilerplate or unresolved template language that reduces agent usefulness.,Replace with specific instructions/data or move to templates/examples.
06_DATASHEETS/01_MICROCONTROLLERS/STMICRO_STM32/STM32WB/STM32WB_REPRESENTATIVE_PART_REQUIRES_SOURCE_PART_RECORD.md,UNEXPANDED_TEMPLATE_VARIABLE,HIGH,File contains boilerplate or unresolved template language that reduces agent usefulness.,Replace with specific instructions/data or move to templates/examples.
06_DATASHEETS/01_MICROCONTROLLERS/STMICRO_STM32/STM32WL/DEV_BOARD_REFERENCES.md,UNEXPANDED_TEMPLATE_VARIABLE,HIGH,File contains boilerplate or unresolved template language that reduces agent usefulness.,Replace with specific instructions/data or move to templates/examples.
06_DATASHEETS/01_MICROCONTROLLERS/STMICRO_STM32/STM32WL/INDEX.md,UNEXPANDED_TEMPLATE_VARIABLE,HIGH,File contains boilerplate or unresolved template language that reduces agent usefulness.,Replace with specific instructions/data or move to templates/examples.
06_DATASHEETS/01_MICROCONTROLLERS/STMICRO_STM32/STM32WL/PART_NUMBER_INDEX.md,UNEXPANDED_TEMPLATE_VARIABLE,HIGH,File contains boilerplate or unresolved template language that reduces agent usefulness.,Replace with specific instructions/data or move to templates/examples.
06_DATASHEETS/01_MICROCONTROLLERS/STMICRO_STM32/STM32WL/SOURCE_LINKS.md,UNEXPANDED_TEMPLATE_VARIABLE,HIGH,File contains boilerplate or unresolved template language that reduces agent usefulness.,Replace with specific instructions/data or move to templates/examples.
06_DATASHEETS/01_MICROCONTROLLERS/STMICRO_STM32/STM32WL/STM32WL_REPRESENTATIVE_PART_REQUIRES_SOURCE_PART_RECORD.md,UNEXPANDED_TEMPLATE_VARIABLE,HIGH,File contains boilerplate or unresolved template language that reduces agent usefulness.,Replace with specific instructions/data or move to templates/examples.
06_DATASHEETS/01_MICROCONTROLLERS/STMICRO_STM32/STM32_AI_MASTER_INDEX.md,UNEXPANDED_TEMPLATE_VARIABLE,HIGH,File contains boilerplate or unresolved template language that reduces agent usefulness.,Replace with specific instructions/data or move to templates/examples.
06_DATASHEETS/01_MICROCONTROLLERS/STMICRO_STM32/STM32_DEV_BOARD_INDEX.csv,UNEXPANDED_TEMPLATE_VARIABLE,HIGH,File contains boilerplate or unresolved template language that reduces agent usefulness.,Replace with specific instructions/data or move to templates/examples.
06_DATASHEETS/01_MICROCONTROLLERS/STMICRO_STM32/STM32_OFFICIAL_SOURCE_LINKS.csv,UNEXPANDED_TEMPLATE_VARIABLE,HIGH,File contains boilerplate or unresolved template language that reduces agent usefulness.,Replace with specific instructions/data or move to templates/examples.
06_DATASHEETS/01_MICROCONTROLLERS/STMICRO_STM32/STM32_PART_NUMBER_INDEX.csv,UNEXPANDED_TEMPLATE_VARIABLE,HIGH,File contains boilerplate or unresolved template language that reduces agent usefulness.,Replace with specific instructions/data or move to templates/examples.
06_DATASHEETS/01_MICROCONTROLLERS/TI/INDEX.md,UNEXPANDED_TEMPLATE_VARIABLE,HIGH,File contains boilerplate or unresolved template language that reduces agent usefulness.,Replace with specific instructions/data or move to templates/examples.
06_DATASHEETS/01_MICROCONTROLLERS/TI/TI_REPRESENTATIVE_PART_REQUIRES_SOURCE_PART_RECORD.md,UNEXPANDED_TEMPLATE_VARIABLE,HIGH,File contains boilerplate or unresolved template language that reduces agent usefulness.,Replace with specific instructions/data or move to templates/examples.
06_DATASHEETS/01_MICROCONTROLLERS/WCH/INDEX.md,UNEXPANDED_TEMPLATE_VARIABLE,HIGH,File contains boilerplate or unresolved template language that reduces agent usefulness.,Replace with specific instructions/data or move to templates/examples.
06_DATASHEETS/01_MICROCONTROLLERS/WCH/WCH_REPRESENTATIVE_PART_REQUIRES_SOURCE_PART_RECORD.md,UNEXPANDED_TEMPLATE_VARIABLE,HIGH,File contains boilerplate or unresolved template language that reduces agent usefulness.,Replace with specific instructions/data or move to templates/examples.
06_DATASHEETS/02_DEV_BOARDS_AND_MODULES/README.md,UNEXPANDED_TEMPLATE_VARIABLE,HIGH,File contains boilerplate or unresolved template language that reduces agent usefulness.,Replace with specific instructions/data or move to templates/examples.
06_DATASHEETS/03_POWER/README.md,UNEXPANDED_TEMPLATE_VARIABLE,HIGH,File contains boilerplate or unresolved template language that reduces agent usefulness.,Replace with specific instructions/data or move to templates/examples.
06_DATASHEETS/04_COMMUNICATION/README.md,UNEXPANDED_TEMPLATE_VARIABLE,HIGH,File contains boilerplate or unresolved template language that reduces agent usefulness.,Replace with specific instructions/data or move to templates/examples.
06_DATASHEETS/05_CONNECTORS/README.md,UNEXPANDED_TEMPLATE_VARIABLE,HIGH,File contains boilerplate or unresolved template language that reduces agent usefulness.,Replace with specific instructions/data or move to templates/examples.
06_DATASHEETS/06_PROTECTION/README.md,UNEXPANDED_TEMPLATE_VARIABLE,HIGH,File contains boilerplate or unresolved template language that reduces agent usefulness.,Replace with specific instructions/data or move to templates/examples.
06_DATASHEETS/07_SENSORS/README.md,UNEXPANDED_TEMPLATE_VARIABLE,HIGH,File contains boilerplate or unresolved template language that reduces agent usefulness.,Replace with specific instructions/data or move to templates/examples.
06_DATASHEETS/08_ANALOG/README.md,UNEXPANDED_TEMPLATE_VARIABLE,HIGH,File contains boilerplate or unresolved template language that reduces agent usefulness.,Replace with specific instructions/data or move to templates/examples.
06_DATASHEETS/09_DRIVERS/README.md,UNEXPANDED_TEMPLATE_VARIABLE,HIGH,File contains boilerplate or unresolved template language that reduces agent usefulness.,Replace with specific instructions/data or move to templates/examples.
06_DATASHEETS/10_DISPLAYS/README.md,UNEXPANDED_TEMPLATE_VARIABLE,HIGH,File contains boilerplate or unresolved template language that reduces agent usefulness.,Replace with specific instructions/data or move to templates/examples.
06_DATASHEETS/11_PASSIVES/README.md,UNEXPANDED_TEMPLATE_VARIABLE,HIGH,File contains boilerplate or unresolved template language that reduces agent usefulness.,Replace with specific instructions/data or move to templates/examples.
06_DATASHEETS/12_RF_AND_ANTENNAS/README.md,UNEXPANDED_TEMPLATE_VARIABLE,HIGH,File contains boilerplate or unresolved template language that reduces agent usefulness.,Replace with specific instructions/data or move to templates/examples.
06_DATASHEETS/13_MEMORY_STORAGE/README.md,UNEXPANDED_TEMPLATE_VARIABLE,HIGH,File contains boilerplate or unresolved template language that reduces agent usefulness.,Replace with specific instructions/data or move to templates/examples.
06_DATASHEETS/14_CLOCKS_TIMING/README.md,UNEXPANDED_TEMPLATE_VARIABLE,HIGH,File contains boilerplate or unresolved template language that reduces agent usefulness.,Replace with specific instructions/data or move to templates/examples.
06_DATASHEETS/15_SWITCHES_BUTTONS_RELAYS/README.md,UNEXPANDED_TEMPLATE_VARIABLE,HIGH,File contains boilerplate or unresolved template language that reduces agent usefulness.,Replace with specific instructions/data or move to templates/examples.
06_DATASHEETS/16_FAB_ASSEMBLY_REFERENCES/README.md,UNEXPANDED_TEMPLATE_VARIABLE,HIGH,File contains boilerplate or unresolved template language that reduces agent usefulness.,Replace with specific instructions/data or move to templates/examples.
06_DATASHEETS/17_APPLICATION_NOTES/README.md,UNEXPANDED_TEMPLATE_VARIABLE,HIGH,File contains boilerplate or unresolved template language that reduces agent usefulness.,Replace with specific instructions/data or move to templates/examples.
06_DATASHEETS/18_REFERENCE_DESIGNS/README.md,UNEXPANDED_TEMPLATE_VARIABLE,HIGH,File contains boilerplate or unresolved template language that reduces agent usefulness.,Replace with specific instructions/data or move to templates/examples.
06_DATASHEETS/19_VENDOR_PORTALS/README.md,UNEXPANDED_TEMPLATE_VARIABLE,HIGH,File contains boilerplate or unresolved template language that reduces agent usefulness.,Replace with specific instructions/data or move to templates/examples.
06_DATASHEETS/99_UNSORTED_INBOX/README.md,UNEXPANDED_TEMPLATE_VARIABLE,HIGH,File contains boilerplate or unresolved template language that reduces agent usefulness.,Replace with specific instructions/data or move to templates/examples.
08_COMPONENT_DATABASE/00_INDEX/PART_SCHEMA.md,UNEXPANDED_TEMPLATE_VARIABLE,HIGH,File contains boilerplate or unresolved template language that reduces agent usefulness.,Replace with specific instructions/data or move to templates/examples.
08_COMPONENT_DATABASE/00_INDEX/example_component_records.json,UNEXPANDED_TEMPLATE_VARIABLE,HIGH,File contains boilerplate or unresolved template language that reduces agent usefulness.,Replace with specific instructions/data or move to templates/examples.
08_COMPONENT_DATABASE/01_MICROCONTROLLERS/STM32F103C8T6.md,UNEXPANDED_TEMPLATE_VARIABLE,HIGH,File contains boilerplate or unresolved template language that reduces agent usefulness.,Replace with specific instructions/data or move to templates/examples.
08_COMPONENT_DATABASE/01_MICROCONTROLLERS/espressif_module_records.json,UNEXPANDED_TEMPLATE_VARIABLE,HIGH,File contains boilerplate or unresolved template language that reduces agent usefulness.,Replace with specific instructions/data or move to templates/examples.
08_COMPONENT_DATABASE/01_MICROCONTROLLERS/microchip_part_records.json,UNEXPANDED_TEMPLATE_VARIABLE,HIGH,File contains boilerplate or unresolved template language that reduces agent usefulness.,Replace with specific instructions/data or move to templates/examples.
08_COMPONENT_DATABASE/01_MICROCONTROLLERS/stm32_part_records.json,UNEXPANDED_TEMPLATE_VARIABLE,HIGH,File contains boilerplate or unresolved template language that reduces agent usefulness.,Replace with specific instructions/data or move to templates/examples.
08_COMPONENT_DATABASE/02_POWER/power_part_records.json,UNEXPANDED_TEMPLATE_VARIABLE,HIGH,File contains boilerplate or unresolved template language that reduces agent usefulness.,Replace with specific instructions/data or move to templates/examples.
08_COMPONENT_DATABASE/03_COMMUNICATION/communication_part_records.json,UNEXPANDED_TEMPLATE_VARIABLE,HIGH,File contains boilerplate or unresolved template language that reduces agent usefulness.,Replace with specific instructions/data or move to templates/examples.
08_COMPONENT_DATABASE/04_CONNECTORS/connector_records.json,UNEXPANDED_TEMPLATE_VARIABLE,HIGH,File contains boilerplate or unresolved template language that reduces agent usefulness.,Replace with specific instructions/data or move to templates/examples.
08_COMPONENT_DATABASE/05_PROTECTION/protection_records.json,UNEXPANDED_TEMPLATE_VARIABLE,HIGH,File contains boilerplate or unresolved template language that reduces agent usefulness.,Replace with specific instructions/data or move to templates/examples.
08_COMPONENT_DATABASE/09_PASSIVES/passive_support_records.json,UNEXPANDED_TEMPLATE_VARIABLE,HIGH,File contains boilerplate or unresolved template language that reduces agent usefulness.,Replace with specific instructions/data or move to templates/examples.
08_COMPONENT_DATABASE/10_RF_AND_ANTENNAS/rf_antenna_records.json,UNEXPANDED_TEMPLATE_VARIABLE,HIGH,File contains boilerplate or unresolved template language that reduces agent usefulness.,Replace with specific instructions/data or move to templates/examples.
08_COMPONENT_DATABASE/99_UNVERIFIED_INBOX/core_starter_records/core_starter_records.json,UNEXPANDED_TEMPLATE_VARIABLE,HIGH,File contains boilerplate or unresolved template language that reduces agent usefulness.,Replace with specific instructions/data or move to templates/examples.
08_COMPONENT_DATABASE/99_UNVERIFIED_INBOX/playwright_batches/BATCH_COMPONENT_STUBS.json,UNEXPANDED_TEMPLATE_VARIABLE,HIGH,File contains boilerplate or unresolved template language that reduces agent usefulness.,Replace with specific instructions/data or move to templates/examples.
08_COMPONENT_DATABASE/99_UNVERIFIED_INBOX/playwright_pilot/PILOT_COMPONENT_SOURCE_LINK_RECORDS.json,UNEXPANDED_TEMPLATE_VARIABLE,HIGH,File contains boilerplate or unresolved template language that reduces agent usefulness.,Replace with specific instructions/data or move to templates/examples.
11_LIBRARY_FACTORY/scripts/README.md,UNEXPANDED_TEMPLATE_VARIABLE,HIGH,File contains boilerplate or unresolved template language that reduces agent usefulness.,Replace with specific instructions/data or move to templates/examples.
13_PART_INGESTION/scripts/create_datasheet_summary_stub.py,UNEXPANDED_TEMPLATE_VARIABLE,HIGH,File contains boilerplate or unresolved template language that reduces agent usefulness.,Replace with specific instructions/data or move to templates/examples.
13_PART_INGESTION/scripts/create_footprint_checklist_stub.py,UNEXPANDED_TEMPLATE_VARIABLE,HIGH,File contains boilerplate or unresolved template language that reduces agent usefulness.,Replace with specific instructions/data or move to templates/examples.
13_PART_INGESTION/scripts/create_part_record_stub.py,UNEXPANDED_TEMPLATE_VARIABLE,HIGH,File contains boilerplate or unresolved template language that reduces agent usefulness.,Replace with specific instructions/data or move to templates/examples.
13_PART_INGESTION/scripts/create_symbol_checklist_stub.py,UNEXPANDED_TEMPLATE_VARIABLE,HIGH,File contains boilerplate or unresolved template language that reduces agent usefulness.,Replace with specific instructions/data or move to templates/examples.
25_VENDOR_DATABASE/00_INDEX/PLAYWRIGHT_BATCH_SOURCE_LINKS.json,UNEXPANDED_TEMPLATE_VARIABLE,HIGH,File contains boilerplate or unresolved template language that reduces agent usefulness.,Replace with specific instructions/data or move to templates/examples.
28_SUPPLIER_INGESTION/DATASHEET_LINK_SCHEMA.md,UNEXPANDED_TEMPLATE_VARIABLE,HIGH,File contains boilerplate or unresolved template language that reduces agent usefulness.,Replace with specific instructions/data or move to templates/examples.
28_SUPPLIER_INGESTION/DATA_NORMALIZATION_SCHEMA.md,UNEXPANDED_TEMPLATE_VARIABLE,HIGH,File contains boilerplate or unresolved template language that reduces agent usefulness.,Replace with specific instructions/data or move to templates/examples.
28_SUPPLIER_INGESTION/FOOTPRINT_GAP_SCHEMA.md,UNEXPANDED_TEMPLATE_VARIABLE,HIGH,File contains boilerplate or unresolved template language that reduces agent usefulness.,Replace with specific instructions/data or move to templates/examples.
28_SUPPLIER_INGESTION/INVENTORY_PRICE_SCHEMA.md,UNEXPANDED_TEMPLATE_VARIABLE,HIGH,File contains boilerplate or unresolved template language that reduces agent usefulness.,Replace with specific instructions/data or move to templates/examples.
28_SUPPLIER_INGESTION/SUPPLIER_PART_SCHEMA.md,UNEXPANDED_TEMPLATE_VARIABLE,HIGH,File contains boilerplate or unresolved template language that reduces agent usefulness.,Replace with specific instructions/data or move to templates/examples.
28_SUPPLIER_INGESTION/connectors/arrow/FIELD_MAPPING.md,UNEXPANDED_TEMPLATE_VARIABLE,HIGH,File contains boilerplate or unresolved template language that reduces agent usefulness.,Replace with specific instructions/data or move to templates/examples.
28_SUPPLIER_INGESTION/connectors/arrow/sample_output.example.json,UNEXPANDED_TEMPLATE_VARIABLE,HIGH,File contains boilerplate or unresolved template language that reduces agent usefulness.,Replace with specific instructions/data or move to templates/examples.
28_SUPPLIER_INGESTION/connectors/avnet/FIELD_MAPPING.md,UNEXPANDED_TEMPLATE_VARIABLE,HIGH,File contains boilerplate or unresolved template language that reduces agent usefulness.,Replace with specific instructions/data or move to templates/examples.
28_SUPPLIER_INGESTION/connectors/avnet/sample_output.example.json,UNEXPANDED_TEMPLATE_VARIABLE,HIGH,File contains boilerplate or unresolved template language that reduces agent usefulness.,Replace with specific instructions/data or move to templates/examples.
28_SUPPLIER_INGESTION/connectors/digikey/FIELD_MAPPING.md,UNEXPANDED_TEMPLATE_VARIABLE,HIGH,File contains boilerplate or unresolved template language that reduces agent usefulness.,Replace with specific instructions/data or move to templates/examples.
28_SUPPLIER_INGESTION/connectors/digikey/digikey_connector.py,UNEXPANDED_TEMPLATE_VARIABLE,HIGH,File contains boilerplate or unresolved template language that reduces agent usefulness.,Replace with specific instructions/data or move to templates/examples.
28_SUPPLIER_INGESTION/connectors/digikey/sample_output.example.json,UNEXPANDED_TEMPLATE_VARIABLE,HIGH,File contains boilerplate or unresolved template language that reduces agent usefulness.,Replace with specific instructions/data or move to templates/examples.
28_SUPPLIER_INGESTION/connectors/farnell/FIELD_MAPPING.md,UNEXPANDED_TEMPLATE_VARIABLE,HIGH,File contains boilerplate or unresolved template language that reduces agent usefulness.,Replace with specific instructions/data or move to templates/examples.
28_SUPPLIER_INGESTION/connectors/farnell/sample_output.example.json,UNEXPANDED_TEMPLATE_VARIABLE,HIGH,File contains boilerplate or unresolved template language that reduces agent usefulness.,Replace with specific instructions/data or move to templates/examples.
28_SUPPLIER_INGESTION/connectors/future_electronics/FIELD_MAPPING.md,UNEXPANDED_TEMPLATE_VARIABLE,HIGH,File contains boilerplate or unresolved template language that reduces agent usefulness.,Replace with specific instructions/data or move to templates/examples.
28_SUPPLIER_INGESTION/connectors/future_electronics/sample_output.example.json,UNEXPANDED_TEMPLATE_VARIABLE,HIGH,File contains boilerplate or unresolved template language that reduces agent usefulness.,Replace with specific instructions/data or move to templates/examples.
28_SUPPLIER_INGESTION/connectors/jlcpcb/FIELD_MAPPING.md,UNEXPANDED_TEMPLATE_VARIABLE,HIGH,File contains boilerplate or unresolved template language that reduces agent usefulness.,Replace with specific instructions/data or move to templates/examples.
28_SUPPLIER_INGESTION/connectors/jlcpcb/jlcpcb_connector.py,UNEXPANDED_TEMPLATE_VARIABLE,HIGH,File contains boilerplate or unresolved template language that reduces agent usefulness.,Replace with specific instructions/data or move to templates/examples.
28_SUPPLIER_INGESTION/connectors/jlcpcb/sample_output.example.json,UNEXPANDED_TEMPLATE_VARIABLE,HIGH,File contains boilerplate or unresolved template language that reduces agent usefulness.,Replace with specific instructions/data or move to templates/examples.
28_SUPPLIER_INGESTION/connectors/lcsc/FIELD_MAPPING.md,UNEXPANDED_TEMPLATE_VARIABLE,HIGH,File contains boilerplate or unresolved template language that reduces agent usefulness.,Replace with specific instructions/data or move to templates/examples.
28_SUPPLIER_INGESTION/connectors/lcsc/lcsc_connector.py,UNEXPANDED_TEMPLATE_VARIABLE,HIGH,File contains boilerplate or unresolved template language that reduces agent usefulness.,Replace with specific instructions/data or move to templates/examples.
28_SUPPLIER_INGESTION/connectors/lcsc/sample_output.example.json,UNEXPANDED_TEMPLATE_VARIABLE,HIGH,File contains boilerplate or unresolved template language that reduces agent usefulness.,Replace with specific instructions/data or move to templates/examples.
28_SUPPLIER_INGESTION/connectors/manual_csv/FIELD_MAPPING.md,UNEXPANDED_TEMPLATE_VARIABLE,HIGH,File contains boilerplate or unresolved template language that reduces agent usefulness.,Replace with specific instructions/data or move to templates/examples.
28_SUPPLIER_INGESTION/connectors/manual_csv/sample_output.example.json,UNEXPANDED_TEMPLATE_VARIABLE,HIGH,File contains boilerplate or unresolved template language that reduces agent usefulness.,Replace with specific instructions/data or move to templates/examples.
28_SUPPLIER_INGESTION/connectors/mouser/FIELD_MAPPING.md,UNEXPANDED_TEMPLATE_VARIABLE,HIGH,File contains boilerplate or unresolved template language that reduces agent usefulness.,Replace with specific instructions/data or move to templates/examples.
28_SUPPLIER_INGESTION/connectors/mouser/mouser_connector.py,UNEXPANDED_TEMPLATE_VARIABLE,HIGH,File contains boilerplate or unresolved template language that reduces agent usefulness.,Replace with specific instructions/data or move to templates/examples.
28_SUPPLIER_INGESTION/connectors/mouser/sample_output.example.json,UNEXPANDED_TEMPLATE_VARIABLE,HIGH,File contains boilerplate or unresolved template language that reduces agent usefulness.,Replace with specific instructions/data or move to templates/examples.
28_SUPPLIER_INGESTION/connectors/newark_element14/FIELD_MAPPING.md,UNEXPANDED_TEMPLATE_VARIABLE,HIGH,File contains boilerplate or unresolved template language that reduces agent usefulness.,Replace with specific instructions/data or move to templates/examples.
28_SUPPLIER_INGESTION/connectors/newark_element14/sample_output.example.json,UNEXPANDED_TEMPLATE_VARIABLE,HIGH,File contains boilerplate or unresolved template language that reduces agent usefulness.,Replace with specific instructions/data or move to templates/examples.
28_SUPPLIER_INGESTION/connectors/octopart/FIELD_MAPPING.md,UNEXPANDED_TEMPLATE_VARIABLE,HIGH,File contains boilerplate or unresolved template language that reduces agent usefulness.,Replace with specific instructions/data or move to templates/examples.
28_SUPPLIER_INGESTION/connectors/octopart/sample_output.example.json,UNEXPANDED_TEMPLATE_VARIABLE,HIGH,File contains boilerplate or unresolved template language that reduces agent usefulness.,Replace with specific instructions/data or move to templates/examples.
28_SUPPLIER_INGESTION/connectors/rs_components/FIELD_MAPPING.md,UNEXPANDED_TEMPLATE_VARIABLE,HIGH,File contains boilerplate or unresolved template language that reduces agent usefulness.,Replace with specific instructions/data or move to templates/examples.
28_SUPPLIER_INGESTION/connectors/rs_components/sample_output.example.json,UNEXPANDED_TEMPLATE_VARIABLE,HIGH,File contains boilerplate or unresolved template language that reduces agent usefulness.,Replace with specific instructions/data or move to templates/examples.
28_SUPPLIER_INGESTION/connectors/rutronik/FIELD_MAPPING.md,UNEXPANDED_TEMPLATE_VARIABLE,HIGH,File contains boilerplate or unresolved template language that reduces agent usefulness.,Replace with specific instructions/data or move to templates/examples.
28_SUPPLIER_INGESTION/connectors/rutronik/sample_output.example.json,UNEXPANDED_TEMPLATE_VARIABLE,HIGH,File contains boilerplate or unresolved template language that reduces agent usefulness.,Replace with specific instructions/data or move to templates/examples.
28_SUPPLIER_INGESTION/connectors/tme/FIELD_MAPPING.md,UNEXPANDED_TEMPLATE_VARIABLE,HIGH,File contains boilerplate or unresolved template language that reduces agent usefulness.,Replace with specific instructions/data or move to templates/examples.
28_SUPPLIER_INGESTION/connectors/tme/sample_output.example.json,UNEXPANDED_TEMPLATE_VARIABLE,HIGH,File contains boilerplate or unresolved template language that reduces agent usefulness.,Replace with specific instructions/data or move to templates/examples.
28_SUPPLIER_INGESTION/normalized/manual_csv/manual_supplier_csv_template.normalized.json,UNEXPANDED_TEMPLATE_VARIABLE,HIGH,File contains boilerplate or unresolved template language that reduces agent usefulness.,Replace with specific instructions/data or move to templates/examples.
28_SUPPLIER_INGESTION/normalized/playwright_batch_expansion/batch_expansion_normalized_records.json,UNEXPANDED_TEMPLATE_VARIABLE,HIGH,File contains boilerplate or unresolved template language that reduces agent usefulness.,Replace with specific instructions/data or move to templates/examples.
28_SUPPLIER_INGESTION/reports/SUPPLIER_GAP_REPORT.json,UNEXPANDED_TEMPLATE_VARIABLE,HIGH,File contains boilerplate or unresolved template language that reduces agent usefulness.,Replace with specific instructions/data or move to templates/examples.
28_SUPPLIER_INGESTION/reports/SUPPLIER_INDEX.json,UNEXPANDED_TEMPLATE_VARIABLE,HIGH,File contains boilerplate or unresolved template language that reduces agent usefulness.,Replace with specific instructions/data or move to templates/examples.
28_SUPPLIER_INGESTION/reports/SUPPLIER_TO_COMPONENT_DATABASE_MATCHES.json,UNEXPANDED_TEMPLATE_VARIABLE,HIGH,File contains boilerplate or unresolved template language that reduces agent usefulness.,Replace with specific instructions/data or move to templates/examples.
28_SUPPLIER_INGESTION/reports/SUPPLIER_TO_KICAD_FOOTPRINT_CANDIDATES.json,UNEXPANDED_TEMPLATE_VARIABLE,HIGH,File contains boilerplate or unresolved template language that reduces agent usefulness.,Replace with specific instructions/data or move to templates/examples.
28_SUPPLIER_INGESTION/scripts/build_supplier_index.py,UNEXPANDED_TEMPLATE_VARIABLE,HIGH,File contains boilerplate or unresolved template language that reduces agent usefulness.,Replace with specific instructions/data or move to templates/examples.
28_SUPPLIER_INGESTION/scripts/create_supplier_gap_report.py,UNEXPANDED_TEMPLATE_VARIABLE,HIGH,File contains boilerplate or unresolved template language that reduces agent usefulness.,Replace with specific instructions/data or move to templates/examples.
28_SUPPLIER_INGESTION/scripts/match_supplier_parts_to_component_database.py,UNEXPANDED_TEMPLATE_VARIABLE,HIGH,File contains boilerplate or unresolved template language that reduces agent usefulness.,Replace with specific instructions/data or move to templates/examples.
28_SUPPLIER_INGESTION/scripts/match_supplier_parts_to_kicad_footprints.py,UNEXPANDED_TEMPLATE_VARIABLE,HIGH,File contains boilerplate or unresolved template language that reduces agent usefulness.,Replace with specific instructions/data or move to templates/examples.
28_SUPPLIER_INGESTION/scripts/normalize_supplier_part.py,UNEXPANDED_TEMPLATE_VARIABLE,HIGH,File contains boilerplate or unresolved template language that reduces agent usefulness.,Replace with specific instructions/data or move to templates/examples.
28_SUPPLIER_INGESTION/source_lists/supplier_source_list_template.csv,UNEXPANDED_TEMPLATE_VARIABLE,HIGH,File contains boilerplate or unresolved template language that reduces agent usefulness.,Replace with specific instructions/data or move to templates/examples.
29_FOOTPRINT_GAP_ANALYSIS/GENERATED_INDEXES/component_db_to_footprint_matches.json,UNEXPANDED_TEMPLATE_VARIABLE,HIGH,File contains boilerplate or unresolved template language that reduces agent usefulness.,Replace with specific instructions/data or move to templates/examples.
29_FOOTPRINT_GAP_ANALYSIS/GENERATED_INDEXES/footprint_creation_backlog.json,UNEXPANDED_TEMPLATE_VARIABLE,HIGH,File contains boilerplate or unresolved template language that reduces agent usefulness.,Replace with specific instructions/data or move to templates/examples.
29_FOOTPRINT_GAP_ANALYSIS/reports/BATCH_MISSING_FOOTPRINT_BACKLOG.json,UNEXPANDED_TEMPLATE_VARIABLE,HIGH,File contains boilerplate or unresolved template language that reduces agent usefulness.,Replace with specific instructions/data or move to templates/examples.
29_FOOTPRINT_GAP_ANALYSIS/scripts/create_missing_footprint_backlog.py,UNEXPANDED_TEMPLATE_VARIABLE,HIGH,File contains boilerplate or unresolved template language that reduces agent usefulness.,Replace with specific instructions/data or move to templates/examples.
29_FOOTPRINT_GAP_ANALYSIS/scripts/match_component_db_to_footprints.py,UNEXPANDED_TEMPLATE_VARIABLE,HIGH,File contains boilerplate or unresolved template language that reduces agent usefulness.,Replace with specific instructions/data or move to templates/examples.
30_SUPPLIER_FOOTPRINT_MATCHES/MATCH_SCHEMA.md,UNEXPANDED_TEMPLATE_VARIABLE,HIGH,File contains boilerplate or unresolved template language that reduces agent usefulness.,Replace with specific instructions/data or move to templates/examples.
30_SUPPLIER_FOOTPRINT_MATCHES/matches/manual_source_link/BATCH_UNVERIFIED_MATCH_RECORDS.json,UNEXPANDED_TEMPLATE_VARIABLE,HIGH,File contains boilerplate or unresolved template language that reduces agent usefulness.,Replace with specific instructions/data or move to templates/examples.
30_SUPPLIER_FOOTPRINT_MATCHES/matches/manual_verified/EXAMPLE_ONLY_MANUAL_VERIFIED_ALPHA_AND_OMEGA_SEMICONDUCTOR_AO3401A.json,UNEXPANDED_TEMPLATE_VARIABLE,HIGH,File contains boilerplate or unresolved template language that reduces agent usefulness.,Replace with specific instructions/data or move to templates/examples.
30_SUPPLIER_FOOTPRINT_MATCHES/matches/manual_verified/EXAMPLE_ONLY_MANUAL_VERIFIED_DIODES_INCORPORATED_AP63203.json,UNEXPANDED_TEMPLATE_VARIABLE,HIGH,File contains boilerplate or unresolved template language that reduces agent usefulness.,Replace with specific instructions/data or move to templates/examples.
30_SUPPLIER_FOOTPRINT_MATCHES/matches/manual_verified/EXAMPLE_ONLY_MANUAL_VERIFIED_ESPRESSIF_ESP32_S3_WROOM_1.json,UNEXPANDED_TEMPLATE_VARIABLE,HIGH,File contains boilerplate or unresolved template language that reduces agent usefulness.,Replace with specific instructions/data or move to templates/examples.
30_SUPPLIER_FOOTPRINT_MATCHES/matches/manual_verified/EXAMPLE_ONLY_MANUAL_VERIFIED_GENERIC_USB_C_16_PIN_RECEPTACLE_GENERIC.json,UNEXPANDED_TEMPLATE_VARIABLE,HIGH,File contains boilerplate or unresolved template language that reduces agent usefulness.,Replace with specific instructions/data or move to templates/examples.
30_SUPPLIER_FOOTPRINT_MATCHES/matches/manual_verified/EXAMPLE_ONLY_MANUAL_VERIFIED_STMICROELECTRONICS_STM32F103C8T6.json,UNEXPANDED_TEMPLATE_VARIABLE,HIGH,File contains boilerplate or unresolved template language that reduces agent usefulness.,Replace with specific instructions/data or move to templates/examples.
30_SUPPLIER_FOOTPRINT_MATCHES/matches/manual_verified/EXAMPLE_ONLY_MANUAL_VERIFIED_TEXAS_INSTRUMENTS_TPD2EUSB30ADRTR.json,UNEXPANDED_TEMPLATE_VARIABLE,HIGH,File contains boilerplate or unresolved template language that reduces agent usefulness.,Replace with specific instructions/data or move to templates/examples.
30_SUPPLIER_FOOTPRINT_MATCHES/scripts/create_match_record.py,UNEXPANDED_TEMPLATE_VARIABLE,HIGH,File contains boilerplate or unresolved template language that reduces agent usefulness.,Replace with specific instructions/data or move to templates/examples.
30_SUPPLIER_FOOTPRINT_MATCHES/scripts/report_unmatched_supplier_parts.py,UNEXPANDED_TEMPLATE_VARIABLE,HIGH,File contains boilerplate or unresolved template language that reduces agent usefulness.,Replace with specific instructions/data or move to templates/examples.
31_PLAYWRIGHT_RESEARCH_PIPELINE/DATASHEET_LINK_CAPTURE_SCHEMA.md,UNEXPANDED_TEMPLATE_VARIABLE,HIGH,File contains boilerplate or unresolved template language that reduces agent usefulness.,Replace with specific instructions/data or move to templates/examples.
31_PLAYWRIGHT_RESEARCH_PIPELINE/DATA_CAPTURE_SCHEMA.md,UNEXPANDED_TEMPLATE_VARIABLE,HIGH,File contains boilerplate or unresolved template language that reduces agent usefulness.,Replace with specific instructions/data or move to templates/examples.
31_PLAYWRIGHT_RESEARCH_PIPELINE/FOOTPRINT_CAPTURE_SCHEMA.md,UNEXPANDED_TEMPLATE_VARIABLE,HIGH,File contains boilerplate or unresolved template language that reduces agent usefulness.,Replace with specific instructions/data or move to templates/examples.
31_PLAYWRIGHT_RESEARCH_PIPELINE/INDEX.md,UNEXPANDED_TEMPLATE_VARIABLE,HIGH,File contains boilerplate or unresolved template language that reduces agent usefulness.,Replace with specific instructions/data or move to templates/examples.
31_PLAYWRIGHT_RESEARCH_PIPELINE/PART_NUMBER_CAPTURE_SCHEMA.md,UNEXPANDED_TEMPLATE_VARIABLE,HIGH,File contains boilerplate or unresolved template language that reduces agent usefulness.,Replace with specific instructions/data or move to templates/examples.
31_PLAYWRIGHT_RESEARCH_PIPELINE/evidence/source_stub_example/source_evidence.json,UNEXPANDED_TEMPLATE_VARIABLE,HIGH,File contains boilerplate or unresolved template language that reduces agent usefulness.,Replace with specific instructions/data or move to templates/examples.
31_PLAYWRIGHT_RESEARCH_PIPELINE/output/20260503_121150_pilot/captured_source_links.json,UNEXPANDED_TEMPLATE_VARIABLE,HIGH,File contains boilerplate or unresolved template language that reduces agent usefulness.,Replace with specific instructions/data or move to templates/examples.
31_PLAYWRIGHT_RESEARCH_PIPELINE/output/20260503_121150_pilot/normalized_pilot_records.json,UNEXPANDED_TEMPLATE_VARIABLE,HIGH,File contains boilerplate or unresolved template language that reduces agent usefulness.,Replace with specific instructions/data or move to templates/examples.
31_PLAYWRIGHT_RESEARCH_PIPELINE/output/20260503_121150_pilot/research_plan.json,UNEXPANDED_TEMPLATE_VARIABLE,HIGH,File contains boilerplate or unresolved template language that reduces agent usefulness.,Replace with specific instructions/data or move to templates/examples.
31_PLAYWRIGHT_RESEARCH_PIPELINE/output/20260503_122259_batch_expansion/batch_001_esp32/normalized_records.json,UNEXPANDED_TEMPLATE_VARIABLE,HIGH,File contains boilerplate or unresolved template language that reduces agent usefulness.,Replace with specific instructions/data or move to templates/examples.
31_PLAYWRIGHT_RESEARCH_PIPELINE/output/20260503_122259_batch_expansion/batch_001_esp32/research_plan.json,UNEXPANDED_TEMPLATE_VARIABLE,HIGH,File contains boilerplate or unresolved template language that reduces agent usefulness.,Replace with specific instructions/data or move to templates/examples.
31_PLAYWRIGHT_RESEARCH_PIPELINE/output/20260503_122259_batch_expansion/batch_002_stm32/normalized_records.json,UNEXPANDED_TEMPLATE_VARIABLE,HIGH,File contains boilerplate or unresolved template language that reduces agent usefulness.,Replace with specific instructions/data or move to templates/examples.
31_PLAYWRIGHT_RESEARCH_PIPELINE/output/20260503_122259_batch_expansion/batch_002_stm32/research_plan.json,UNEXPANDED_TEMPLATE_VARIABLE,HIGH,File contains boilerplate or unresolved template language that reduces agent usefulness.,Replace with specific instructions/data or move to templates/examples.
31_PLAYWRIGHT_RESEARCH_PIPELINE/output/20260503_122259_batch_expansion/batch_003_pic_avr/normalized_records.json,UNEXPANDED_TEMPLATE_VARIABLE,HIGH,File contains boilerplate or unresolved template language that reduces agent usefulness.,Replace with specific instructions/data or move to templates/examples.
31_PLAYWRIGHT_RESEARCH_PIPELINE/output/20260503_122259_batch_expansion/batch_003_pic_avr/research_plan.json,UNEXPANDED_TEMPLATE_VARIABLE,HIGH,File contains boilerplate or unresolved template language that reduces agent usefulness.,Replace with specific instructions/data or move to templates/examples.
31_PLAYWRIGHT_RESEARCH_PIPELINE/output/20260503_122259_batch_expansion/batch_004_usb_c_connectors/normalized_records.json,UNEXPANDED_TEMPLATE_VARIABLE,HIGH,File contains boilerplate or unresolved template language that reduces agent usefulness.,Replace with specific instructions/data or move to templates/examples.
31_PLAYWRIGHT_RESEARCH_PIPELINE/output/20260503_122259_batch_expansion/batch_004_usb_c_connectors/research_plan.json,UNEXPANDED_TEMPLATE_VARIABLE,HIGH,File contains boilerplate or unresolved template language that reduces agent usefulness.,Replace with specific instructions/data or move to templates/examples.
31_PLAYWRIGHT_RESEARCH_PIPELINE/output/20260503_122259_batch_expansion/batch_005_can/normalized_records.json,UNEXPANDED_TEMPLATE_VARIABLE,HIGH,File contains boilerplate or unresolved template language that reduces agent usefulness.,Replace with specific instructions/data or move to templates/examples.
31_PLAYWRIGHT_RESEARCH_PIPELINE/output/20260503_122259_batch_expansion/batch_005_can/research_plan.json,UNEXPANDED_TEMPLATE_VARIABLE,HIGH,File contains boilerplate or unresolved template language that reduces agent usefulness.,Replace with specific instructions/data or move to templates/examples.
31_PLAYWRIGHT_RESEARCH_PIPELINE/output/20260503_122259_batch_expansion/batch_006_power/normalized_records.json,UNEXPANDED_TEMPLATE_VARIABLE,HIGH,File contains boilerplate or unresolved template language that reduces agent usefulness.,Replace with specific instructions/data or move to templates/examples.
31_PLAYWRIGHT_RESEARCH_PIPELINE/output/20260503_122259_batch_expansion/batch_006_power/research_plan.json,UNEXPANDED_TEMPLATE_VARIABLE,HIGH,File contains boilerplate or unresolved template language that reduces agent usefulness.,Replace with specific instructions/data or move to templates/examples.
31_PLAYWRIGHT_RESEARCH_PIPELINE/output/20260503_122259_batch_expansion/batch_007_rf_connectors/normalized_records.json,UNEXPANDED_TEMPLATE_VARIABLE,HIGH,File contains boilerplate or unresolved template language that reduces agent usefulness.,Replace with specific instructions/data or move to templates/examples.
31_PLAYWRIGHT_RESEARCH_PIPELINE/output/20260503_122259_batch_expansion/batch_007_rf_connectors/research_plan.json,UNEXPANDED_TEMPLATE_VARIABLE,HIGH,File contains boilerplate or unresolved template language that reduces agent usefulness.,Replace with specific instructions/data or move to templates/examples.
31_PLAYWRIGHT_RESEARCH_PIPELINE/output/20260503_122259_batch_expansion/batch_expansion_all_normalized_records.json,UNEXPANDED_TEMPLATE_VARIABLE,HIGH,File contains boilerplate or unresolved template language that reduces agent usefulness.,Replace with specific instructions/data or move to templates/examples.
31_PLAYWRIGHT_RESEARCH_PIPELINE/output/20260503_122259_batch_expansion/batch_expansion_source_links.csv,UNEXPANDED_TEMPLATE_VARIABLE,HIGH,File contains boilerplate or unresolved template language that reduces agent usefulness.,Replace with specific instructions/data or move to templates/examples.
31_PLAYWRIGHT_RESEARCH_PIPELINE/output/pilot_dry_run/research_plan.json,UNEXPANDED_TEMPLATE_VARIABLE,HIGH,File contains boilerplate or unresolved template language that reduces agent usefulness.,Replace with specific instructions/data or move to templates/examples.
31_PLAYWRIGHT_RESEARCH_PIPELINE/research_targets/batch_001_esp32_targets.csv,UNEXPANDED_TEMPLATE_VARIABLE,HIGH,File contains boilerplate or unresolved template language that reduces agent usefulness.,Replace with specific instructions/data or move to templates/examples.
31_PLAYWRIGHT_RESEARCH_PIPELINE/research_targets/batch_002_stm32_targets.csv,UNEXPANDED_TEMPLATE_VARIABLE,HIGH,File contains boilerplate or unresolved template language that reduces agent usefulness.,Replace with specific instructions/data or move to templates/examples.
31_PLAYWRIGHT_RESEARCH_PIPELINE/research_targets/batch_003_pic_avr_targets.csv,UNEXPANDED_TEMPLATE_VARIABLE,HIGH,File contains boilerplate or unresolved template language that reduces agent usefulness.,Replace with specific instructions/data or move to templates/examples.
31_PLAYWRIGHT_RESEARCH_PIPELINE/research_targets/batch_004_usb_c_connectors_targets.csv,UNEXPANDED_TEMPLATE_VARIABLE,HIGH,File contains boilerplate or unresolved template language that reduces agent usefulness.,Replace with specific instructions/data or move to templates/examples.
31_PLAYWRIGHT_RESEARCH_PIPELINE/research_targets/batch_005_can_targets.csv,UNEXPANDED_TEMPLATE_VARIABLE,HIGH,File contains boilerplate or unresolved template language that reduces agent usefulness.,Replace with specific instructions/data or move to templates/examples.
31_PLAYWRIGHT_RESEARCH_PIPELINE/research_targets/batch_006_power_targets.csv,UNEXPANDED_TEMPLATE_VARIABLE,HIGH,File contains boilerplate or unresolved template language that reduces agent usefulness.,Replace with specific instructions/data or move to templates/examples.
31_PLAYWRIGHT_RESEARCH_PIPELINE/research_targets/batch_007_rf_connectors_targets.csv,UNEXPANDED_TEMPLATE_VARIABLE,HIGH,File contains boilerplate or unresolved template language that reduces agent usefulness.,Replace with specific instructions/data or move to templates/examples.
31_PLAYWRIGHT_RESEARCH_PIPELINE/research_targets/communication_targets.csv,UNEXPANDED_TEMPLATE_VARIABLE,HIGH,File contains boilerplate or unresolved template language that reduces agent usefulness.,Replace with specific instructions/data or move to templates/examples.
31_PLAYWRIGHT_RESEARCH_PIPELINE/research_targets/connector_targets.csv,UNEXPANDED_TEMPLATE_VARIABLE,HIGH,File contains boilerplate or unresolved template language that reduces agent usefulness.,Replace with specific instructions/data or move to templates/examples.
31_PLAYWRIGHT_RESEARCH_PIPELINE/research_targets/esp32_targets.csv,UNEXPANDED_TEMPLATE_VARIABLE,HIGH,File contains boilerplate or unresolved template language that reduces agent usefulness.,Replace with specific instructions/data or move to templates/examples.
31_PLAYWRIGHT_RESEARCH_PIPELINE/research_targets/pic_avr_targets.csv,UNEXPANDED_TEMPLATE_VARIABLE,HIGH,File contains boilerplate or unresolved template language that reduces agent usefulness.,Replace with specific instructions/data or move to templates/examples.
31_PLAYWRIGHT_RESEARCH_PIPELINE/research_targets/pilot_live_targets.csv,UNEXPANDED_TEMPLATE_VARIABLE,HIGH,File contains boilerplate or unresolved template language that reduces agent usefulness.,Replace with specific instructions/data or move to templates/examples.
31_PLAYWRIGHT_RESEARCH_PIPELINE/research_targets/power_targets.csv,UNEXPANDED_TEMPLATE_VARIABLE,HIGH,File contains boilerplate or unresolved template language that reduces agent usefulness.,Replace with specific instructions/data or move to templates/examples.
31_PLAYWRIGHT_RESEARCH_PIPELINE/research_targets/protection_targets.csv,UNEXPANDED_TEMPLATE_VARIABLE,HIGH,File contains boilerplate or unresolved template language that reduces agent usefulness.,Replace with specific instructions/data or move to templates/examples.
31_PLAYWRIGHT_RESEARCH_PIPELINE/research_targets/stm32_targets.csv,UNEXPANDED_TEMPLATE_VARIABLE,HIGH,File contains boilerplate or unresolved template language that reduces agent usefulness.,Replace with specific instructions/data or move to templates/examples.
31_PLAYWRIGHT_RESEARCH_PIPELINE/research_targets/supplier_part_targets.csv,UNEXPANDED_TEMPLATE_VARIABLE,HIGH,File contains boilerplate or unresolved template language that reduces agent usefulness.,Replace with specific instructions/data or move to templates/examples.
31_PLAYWRIGHT_RESEARCH_PIPELINE/scripts/capture_source_evidence.js,UNEXPANDED_TEMPLATE_VARIABLE,HIGH,File contains boilerplate or unresolved template language that reduces agent usefulness.,Replace with specific instructions/data or move to templates/examples.
31_PLAYWRIGHT_RESEARCH_PIPELINE/scripts/dry_run_research_plan.js,UNEXPANDED_TEMPLATE_VARIABLE,HIGH,File contains boilerplate or unresolved template language that reduces agent usefulness.,Replace with specific instructions/data or move to templates/examples.
31_PLAYWRIGHT_RESEARCH_PIPELINE/scripts/extract_part_metadata.js,UNEXPANDED_TEMPLATE_VARIABLE,HIGH,File contains boilerplate or unresolved template language that reduces agent usefulness.,Replace with specific instructions/data or move to templates/examples.
31_PLAYWRIGHT_RESEARCH_PIPELINE/scripts/normalize_research_output.js,UNEXPANDED_TEMPLATE_VARIABLE,HIGH,File contains boilerplate or unresolved template language that reduces agent usefulness.,Replace with specific instructions/data or move to templates/examples.
AGENTS.md,UNEXPANDED_TEMPLATE_VARIABLE,HIGH,File contains boilerplate or unresolved template language that reduces agent usefulness.,Replace with specific instructions/data or move to templates/examples.
FOR CHAT GPT.MD,UNEXPANDED_TEMPLATE_VARIABLE,HIGH,File contains boilerplate or unresolved template language that reduces agent usefulness.,Replace with specific instructions/data or move to templates/examples.
README_GPT.md,UNEXPANDED_TEMPLATE_VARIABLE,HIGH,File contains boilerplate or unresolved template language that reduces agent usefulness.,Replace with specific instructions/data or move to templates/examples.
installer/build/windows/win-unpacked/resources/payload/manifests/payload.manifest.json,UNEXPANDED_TEMPLATE_VARIABLE,HIGH,File contains boilerplate or unresolved template language that reduces agent usefulness.,Replace with specific instructions/data or move to templates/examples.
installer/build/windows/win-unpacked/resources/payload/repo-template/.codex/prompts/CREATE_REAL_KICAD_PROJECT_FROM_REQUIREMENTS.md,UNEXPANDED_TEMPLATE_VARIABLE,HIGH,File contains boilerplate or unresolved template language that reduces agent usefulness.,Replace with specific instructions/data or move to templates/examples.
installer/build/windows/win-unpacked/resources/payload/repo-template/.codex/prompts/NEW_KICAD_PROJECT.md,UNEXPANDED_TEMPLATE_VARIABLE,HIGH,File contains boilerplate or unresolved template language that reduces agent usefulness.,Replace with specific instructions/data or move to templates/examples.
installer/build/windows/win-unpacked/resources/payload/repo-template/.prompts/README.md,UNEXPANDED_TEMPLATE_VARIABLE,HIGH,File contains boilerplate or unresolved template language that reduces agent usefulness.,Replace with specific instructions/data or move to templates/examples.
installer/build/windows/win-unpacked/resources/payload/repo-template/.prompts/codex/02_CREATE_NEW_PROJECT_WORKSPACE.md,UNEXPANDED_TEMPLATE_VARIABLE,HIGH,File contains boilerplate or unresolved template language that reduces agent usefulness.,Replace with specific instructions/data or move to templates/examples.
installer/build/windows/win-unpacked/resources/payload/repo-template/.prompts/codex/03_RESEARCH_COMPONENT.md,UNEXPANDED_TEMPLATE_VARIABLE,HIGH,File contains boilerplate or unresolved template language that reduces agent usefulness.,Replace with specific instructions/data or move to templates/examples.
installer/build/windows/win-unpacked/resources/payload/repo-template/.prompts/codex/04_ADD_COMPONENT_TO_DATABASE.md,UNEXPANDED_TEMPLATE_VARIABLE,HIGH,File contains boilerplate or unresolved template language that reduces agent usefulness.,Replace with specific instructions/data or move to templates/examples.
installer/build/windows/win-unpacked/resources/payload/repo-template/.prompts/codex/05_PLAN_SCHEMATIC.md,UNEXPANDED_TEMPLATE_VARIABLE,HIGH,File contains boilerplate or unresolved template language that reduces agent usefulness.,Replace with specific instructions/data or move to templates/examples.
installer/build/windows/win-unpacked/resources/payload/repo-template/.vscode/tasks.json,UNEXPANDED_TEMPLATE_VARIABLE,HIGH,File contains boilerplate or unresolved template language that reduces agent usefulness.,Replace with specific instructions/data or move to templates/examples.
installer/build/windows/win-unpacked/resources/payload/repo-template/00_CODEX_START/HISTORY_INDEX.md,UNEXPANDED_TEMPLATE_VARIABLE,HIGH,File contains boilerplate or unresolved template language that reduces agent usefulness.,Replace with specific instructions/data or move to templates/examples.
installer/build/windows/win-unpacked/resources/payload/repo-template/00_CODEX_START/MEMORY_INDEX.md,UNEXPANDED_TEMPLATE_VARIABLE,HIGH,File contains boilerplate or unresolved template language that reduces agent usefulness.,Replace with specific instructions/data or move to templates/examples.
installer/build/windows/win-unpacked/resources/payload/repo-template/00_CODEX_START/SESSION_START_CHECKLIST.md,UNEXPANDED_TEMPLATE_VARIABLE,HIGH,File contains boilerplate or unresolved template language that reduces agent usefulness.,Replace with specific instructions/data or move to templates/examples.
installer/build/windows/win-unpacked/resources/payload/repo-template/00_CODEX_START/WORKFLOW_RULES.md,UNEXPANDED_TEMPLATE_VARIABLE,HIGH,File contains boilerplate or unresolved template language that reduces agent usefulness.,Replace with specific instructions/data or move to templates/examples.
installer/build/windows/win-unpacked/resources/payload/repo-template/01_MEMORY/projects/README.md,UNEXPANDED_TEMPLATE_VARIABLE,HIGH,File contains boilerplate or unresolved template language that reduces agent usefulness.,Replace with specific instructions/data or move to templates/examples.
installer/build/windows/win-unpacked/resources/payload/repo-template/03_TOOLS/linux/scripts/check_linux_kicad_env.sh,UNEXPANDED_TEMPLATE_VARIABLE,HIGH,File contains boilerplate or unresolved template language that reduces agent usefulness.,Replace with specific instructions/data or move to templates/examples.
installer/build/windows/win-unpacked/resources/payload/repo-template/03_TOOLS/scripts/datasheets/build_datasheet_index.py,UNEXPANDED_TEMPLATE_VARIABLE,HIGH,File contains boilerplate or unresolved template language that reduces agent usefulness.,Replace with specific instructions/data or move to templates/examples.
installer/build/windows/win-unpacked/resources/payload/repo-template/03_TOOLS/scripts/datasheets/create_missing_datasheet_report.py,UNEXPANDED_TEMPLATE_VARIABLE,HIGH,File contains boilerplate or unresolved template language that reduces agent usefulness.,Replace with specific instructions/data or move to templates/examples.
installer/build/windows/win-unpacked/resources/payload/repo-template/03_TOOLS/scripts/datasheets/generate_component_summary_stub.py,UNEXPANDED_TEMPLATE_VARIABLE,HIGH,File contains boilerplate or unresolved template language that reduces agent usefulness.,Replace with specific instructions/data or move to templates/examples.
installer/build/windows/win-unpacked/resources/payload/repo-template/03_TOOLS/scripts/datasheets/validate_datasheet_links.py,UNEXPANDED_TEMPLATE_VARIABLE,HIGH,File contains boilerplate or unresolved template language that reduces agent usefulness.,Replace with specific instructions/data or move to templates/examples.
installer/build/windows/win-unpacked/resources/payload/repo-template/03_TOOLS/scripts/kicad_engine_health_check.ps1,UNEXPANDED_TEMPLATE_VARIABLE,HIGH,File contains boilerplate or unresolved template language that reduces agent usefulness.,Replace with specific instructions/data or move to templates/examples.
installer/build/windows/win-unpacked/resources/payload/repo-template/03_TOOLS/scripts/kicad_libraries/index_footprints.py,UNEXPANDED_TEMPLATE_VARIABLE,HIGH,File contains boilerplate or unresolved template language that reduces agent usefulness.,Replace with specific instructions/data or move to templates/examples.
installer/build/windows/win-unpacked/resources/payload/repo-template/03_TOOLS/scripts/kicad_libraries/index_symbols.py,UNEXPANDED_TEMPLATE_VARIABLE,HIGH,File contains boilerplate or unresolved template language that reduces agent usefulness.,Replace with specific instructions/data or move to templates/examples.
installer/build/windows/win-unpacked/resources/payload/repo-template/03_TOOLS/scripts/project_validation/validate_kicad_project.py,UNEXPANDED_TEMPLATE_VARIABLE,HIGH,File contains boilerplate or unresolved template language that reduces agent usefulness.,Replace with specific instructions/data or move to templates/examples.
installer/build/windows/win-unpacked/resources/payload/repo-template/06_DATASHEETS/00_INDEX/DATASHEET_SUMMARY_TEMPLATE.md,UNEXPANDED_TEMPLATE_VARIABLE,HIGH,File contains boilerplate or unresolved template language that reduces agent usefulness.,Replace with specific instructions/data or move to templates/examples.
installer/build/windows/win-unpacked/resources/payload/repo-template/06_DATASHEETS/00_INDEX/DEV_BOARD_RECORD_TEMPLATE.md,UNEXPANDED_TEMPLATE_VARIABLE,HIGH,File contains boilerplate or unresolved template language that reduces agent usefulness.,Replace with specific instructions/data or move to templates/examples.
installer/build/windows/win-unpacked/resources/payload/repo-template/06_DATASHEETS/00_INDEX/METADATA_SCHEMA.md,UNEXPANDED_TEMPLATE_VARIABLE,HIGH,File contains boilerplate or unresolved template language that reduces agent usefulness.,Replace with specific instructions/data or move to templates/examples.
installer/build/windows/win-unpacked/resources/payload/repo-template/06_DATASHEETS/00_INDEX/PART_RECORD_TEMPLATE.md,UNEXPANDED_TEMPLATE_VARIABLE,HIGH,File contains boilerplate or unresolved template language that reduces agent usefulness.,Replace with specific instructions/data or move to templates/examples.
installer/build/windows/win-unpacked/resources/payload/repo-template/06_DATASHEETS/00_INDEX/README.md,UNEXPANDED_TEMPLATE_VARIABLE,HIGH,File contains boilerplate or unresolved template language that reduces agent usefulness.,Replace with specific instructions/data or move to templates/examples.
installer/build/windows/win-unpacked/resources/payload/repo-template/06_DATASHEETS/00_INDEX/REFERENCE_DOCUMENT_TEMPLATE.md,UNEXPANDED_TEMPLATE_VARIABLE,HIGH,File contains boilerplate or unresolved template language that reduces agent usefulness.,Replace with specific instructions/data or move to templates/examples.
installer/build/windows/win-unpacked/resources/payload/repo-template/06_DATASHEETS/00_INDEX/source_lists/connector_sources.csv,UNEXPANDED_TEMPLATE_VARIABLE,HIGH,File contains boilerplate or unresolved template language that reduces agent usefulness.,Replace with specific instructions/data or move to templates/examples.
installer/build/windows/win-unpacked/resources/payload/repo-template/06_DATASHEETS/00_INDEX/source_lists/espressif_sources.csv,UNEXPANDED_TEMPLATE_VARIABLE,HIGH,File contains boilerplate or unresolved template language that reduces agent usefulness.,Replace with specific instructions/data or move to templates/examples.
installer/build/windows/win-unpacked/resources/payload/repo-template/06_DATASHEETS/00_INDEX/source_lists/microchip_sources.csv,UNEXPANDED_TEMPLATE_VARIABLE,HIGH,File contains boilerplate or unresolved template language that reduces agent usefulness.,Replace with specific instructions/data or move to templates/examples.
installer/build/windows/win-unpacked/resources/payload/repo-template/06_DATASHEETS/00_INDEX/source_lists/nordic_sources.csv,UNEXPANDED_TEMPLATE_VARIABLE,HIGH,File contains boilerplate or unresolved template language that reduces agent usefulness.,Replace with specific instructions/data or move to templates/examples.
installer/build/windows/win-unpacked/resources/payload/repo-template/06_DATASHEETS/00_INDEX/source_lists/power_sources.csv,UNEXPANDED_TEMPLATE_VARIABLE,HIGH,File contains boilerplate or unresolved template language that reduces agent usefulness.,Replace with specific instructions/data or move to templates/examples.
installer/build/windows/win-unpacked/resources/payload/repo-template/06_DATASHEETS/00_INDEX/source_lists/protection_sources.csv,UNEXPANDED_TEMPLATE_VARIABLE,HIGH,File contains boilerplate or unresolved template language that reduces agent usefulness.,Replace with specific instructions/data or move to templates/examples.
installer/build/windows/win-unpacked/resources/payload/repo-template/06_DATASHEETS/00_INDEX/source_lists/raspberry_pi_sources.csv,UNEXPANDED_TEMPLATE_VARIABLE,HIGH,File contains boilerplate or unresolved template language that reduces agent usefulness.,Replace with specific instructions/data or move to templates/examples.
installer/build/windows/win-unpacked/resources/payload/repo-template/06_DATASHEETS/00_INDEX/source_lists/stmicro_sources.csv,UNEXPANDED_TEMPLATE_VARIABLE,HIGH,File contains boilerplate or unresolved template language that reduces agent usefulness.,Replace with specific instructions/data or move to templates/examples.
installer/build/windows/win-unpacked/resources/payload/repo-template/06_DATASHEETS/01_MICROCONTROLLERS/ATMEL_LEGACY/README.md,UNEXPANDED_TEMPLATE_VARIABLE,HIGH,File contains boilerplate or unresolved template language that reduces agent usefulness.,Replace with specific instructions/data or move to templates/examples.
installer/build/windows/win-unpacked/resources/payload/repo-template/06_DATASHEETS/01_MICROCONTROLLERS/ESPRESSIF/ANTENNA_RF_REFERENCES/README.md,UNEXPANDED_TEMPLATE_VARIABLE,HIGH,File contains boilerplate or unresolved template language that reduces agent usefulness.,Replace with specific instructions/data or move to templates/examples.
installer/build/windows/win-unpacked/resources/payload/repo-template/06_DATASHEETS/01_MICROCONTROLLERS/ESPRESSIF/DESIGN_GUIDES/README.md,UNEXPANDED_TEMPLATE_VARIABLE,HIGH,File contains boilerplate or unresolved template language that reduces agent usefulness.,Replace with specific instructions/data or move to templates/examples.
installer/build/windows/win-unpacked/resources/payload/repo-template/06_DATASHEETS/01_MICROCONTROLLERS/ESPRESSIF/ERRATA/README.md,UNEXPANDED_TEMPLATE_VARIABLE,HIGH,File contains boilerplate or unresolved template language that reduces agent usefulness.,Replace with specific instructions/data or move to templates/examples.
installer/build/windows/win-unpacked/resources/payload/repo-template/06_DATASHEETS/01_MICROCONTROLLERS/ESPRESSIF/ESP32/README.md,UNEXPANDED_TEMPLATE_VARIABLE,HIGH,File contains boilerplate or unresolved template language that reduces agent usefulness.,Replace with specific instructions/data or move to templates/examples.
installer/build/windows/win-unpacked/resources/payload/repo-template/06_DATASHEETS/01_MICROCONTROLLERS/ESPRESSIF/ESP32_C2/README.md,UNEXPANDED_TEMPLATE_VARIABLE,HIGH,File contains boilerplate or unresolved template language that reduces agent usefulness.,Replace with specific instructions/data or move to templates/examples.
installer/build/windows/win-unpacked/resources/payload/repo-template/06_DATASHEETS/01_MICROCONTROLLERS/ESPRESSIF/ESP32_C3/README.md,UNEXPANDED_TEMPLATE_VARIABLE,HIGH,File contains boilerplate or unresolved template language that reduces agent usefulness.,Replace with specific instructions/data or move to templates/examples.
installer/build/windows/win-unpacked/resources/payload/repo-template/06_DATASHEETS/01_MICROCONTROLLERS/ESPRESSIF/ESP32_C5/README.md,UNEXPANDED_TEMPLATE_VARIABLE,HIGH,File contains boilerplate or unresolved template language that reduces agent usefulness.,Replace with specific instructions/data or move to templates/examples.
installer/build/windows/win-unpacked/resources/payload/repo-template/06_DATASHEETS/01_MICROCONTROLLERS/ESPRESSIF/ESP32_C6/README.md,UNEXPANDED_TEMPLATE_VARIABLE,HIGH,File contains boilerplate or unresolved template language that reduces agent usefulness.,Replace with specific instructions/data or move to templates/examples.
installer/build/windows/win-unpacked/resources/payload/repo-template/06_DATASHEETS/01_MICROCONTROLLERS/ESPRESSIF/ESP32_H2/README.md,UNEXPANDED_TEMPLATE_VARIABLE,HIGH,File contains boilerplate or unresolved template language that reduces agent usefulness.,Replace with specific instructions/data or move to templates/examples.
installer/build/windows/win-unpacked/resources/payload/repo-template/06_DATASHEETS/01_MICROCONTROLLERS/ESPRESSIF/ESP32_P4/README.md,UNEXPANDED_TEMPLATE_VARIABLE,HIGH,File contains boilerplate or unresolved template language that reduces agent usefulness.,Replace with specific instructions/data or move to templates/examples.
installer/build/windows/win-unpacked/resources/payload/repo-template/06_DATASHEETS/01_MICROCONTROLLERS/ESPRESSIF/ESP32_S2/README.md,UNEXPANDED_TEMPLATE_VARIABLE,HIGH,File contains boilerplate or unresolved template language that reduces agent usefulness.,Replace with specific instructions/data or move to templates/examples.
installer/build/windows/win-unpacked/resources/payload/repo-template/06_DATASHEETS/01_MICROCONTROLLERS/ESPRESSIF/ESP32_S3/README.md,UNEXPANDED_TEMPLATE_VARIABLE,HIGH,File contains boilerplate or unresolved template language that reduces agent usefulness.,Replace with specific instructions/data or move to templates/examples.
installer/build/windows/win-unpacked/resources/payload/repo-template/06_DATASHEETS/01_MICROCONTROLLERS/ESPRESSIF/ESP8266/README.md,UNEXPANDED_TEMPLATE_VARIABLE,HIGH,File contains boilerplate or unresolved template language that reduces agent usefulness.,Replace with specific instructions/data or move to templates/examples.
installer/build/windows/win-unpacked/resources/payload/repo-template/06_DATASHEETS/01_MICROCONTROLLERS/ESPRESSIF/MODULES/README.md,UNEXPANDED_TEMPLATE_VARIABLE,HIGH,File contains boilerplate or unresolved template language that reduces agent usefulness.,Replace with specific instructions/data or move to templates/examples.
installer/build/windows/win-unpacked/resources/payload/repo-template/06_DATASHEETS/01_MICROCONTROLLERS/GIGADEVICE/README.md,UNEXPANDED_TEMPLATE_VARIABLE,HIGH,File contains boilerplate or unresolved template language that reduces agent usefulness.,Replace with specific instructions/data or move to templates/examples.
installer/build/windows/win-unpacked/resources/payload/repo-template/06_DATASHEETS/01_MICROCONTROLLERS/INFINEON/README.md,UNEXPANDED_TEMPLATE_VARIABLE,HIGH,File contains boilerplate or unresolved template language that reduces agent usefulness.,Replace with specific instructions/data or move to templates/examples.
installer/build/windows/win-unpacked/resources/payload/repo-template/06_DATASHEETS/01_MICROCONTROLLERS/MICROCHIP_AVR/README.md,UNEXPANDED_TEMPLATE_VARIABLE,HIGH,File contains boilerplate or unresolved template language that reduces agent usefulness.,Replace with specific instructions/data or move to templates/examples.
installer/build/windows/win-unpacked/resources/payload/repo-template/06_DATASHEETS/01_MICROCONTROLLERS/MICROCHIP_PIC/DESIGN_GUIDES/README.md,UNEXPANDED_TEMPLATE_VARIABLE,HIGH,File contains boilerplate or unresolved template language that reduces agent usefulness.,Replace with specific instructions/data or move to templates/examples.
installer/build/windows/win-unpacked/resources/payload/repo-template/06_DATASHEETS/01_MICROCONTROLLERS/MICROCHIP_PIC/DEVELOPMENT_BOARDS/README.md,UNEXPANDED_TEMPLATE_VARIABLE,HIGH,File contains boilerplate or unresolved template language that reduces agent usefulness.,Replace with specific instructions/data or move to templates/examples.
installer/build/windows/win-unpacked/resources/payload/repo-template/06_DATASHEETS/01_MICROCONTROLLERS/MICROCHIP_PIC/ERRATA/README.md,UNEXPANDED_TEMPLATE_VARIABLE,HIGH,File contains boilerplate or unresolved template language that reduces agent usefulness.,Replace with specific instructions/data or move to templates/examples.
installer/build/windows/win-unpacked/resources/payload/repo-template/06_DATASHEETS/01_MICROCONTROLLERS/MICROCHIP_PIC/PIC10/README.md,UNEXPANDED_TEMPLATE_VARIABLE,HIGH,File contains boilerplate or unresolved template language that reduces agent usefulness.,Replace with specific instructions/data or move to templates/examples.
installer/build/windows/win-unpacked/resources/payload/repo-template/06_DATASHEETS/01_MICROCONTROLLERS/MICROCHIP_PIC/PIC12/README.md,UNEXPANDED_TEMPLATE_VARIABLE,HIGH,File contains boilerplate or unresolved template language that reduces agent usefulness.,Replace with specific instructions/data or move to templates/examples.
installer/build/windows/win-unpacked/resources/payload/repo-template/06_DATASHEETS/01_MICROCONTROLLERS/MICROCHIP_PIC/PIC16/README.md,UNEXPANDED_TEMPLATE_VARIABLE,HIGH,File contains boilerplate or unresolved template language that reduces agent usefulness.,Replace with specific instructions/data or move to templates/examples.
installer/build/windows/win-unpacked/resources/payload/repo-template/06_DATASHEETS/01_MICROCONTROLLERS/MICROCHIP_PIC/PIC18/README.md,UNEXPANDED_TEMPLATE_VARIABLE,HIGH,File contains boilerplate or unresolved template language that reduces agent usefulness.,Replace with specific instructions/data or move to templates/examples.
installer/build/windows/win-unpacked/resources/payload/repo-template/06_DATASHEETS/01_MICROCONTROLLERS/MICROCHIP_PIC/PIC24/README.md,UNEXPANDED_TEMPLATE_VARIABLE,HIGH,File contains boilerplate or unresolved template language that reduces agent usefulness.,Replace with specific instructions/data or move to templates/examples.
installer/build/windows/win-unpacked/resources/payload/repo-template/06_DATASHEETS/01_MICROCONTROLLERS/MICROCHIP_PIC/PIC32/README.md,UNEXPANDED_TEMPLATE_VARIABLE,HIGH,File contains boilerplate or unresolved template language that reduces agent usefulness.,Replace with specific instructions/data or move to templates/examples.
installer/build/windows/win-unpacked/resources/payload/repo-template/06_DATASHEETS/01_MICROCONTROLLERS/MICROCHIP_PIC/PROGRAMMING_DEBUG_PICKIT/README.md,UNEXPANDED_TEMPLATE_VARIABLE,HIGH,File contains boilerplate or unresolved template language that reduces agent usefulness.,Replace with specific instructions/data or move to templates/examples.
installer/build/windows/win-unpacked/resources/payload/repo-template/06_DATASHEETS/01_MICROCONTROLLERS/MICROCHIP_PIC/dsPIC30/README.md,UNEXPANDED_TEMPLATE_VARIABLE,HIGH,File contains boilerplate or unresolved template language that reduces agent usefulness.,Replace with specific instructions/data or move to templates/examples.
installer/build/windows/win-unpacked/resources/payload/repo-template/06_DATASHEETS/01_MICROCONTROLLERS/MICROCHIP_PIC/dsPIC33/README.md,UNEXPANDED_TEMPLATE_VARIABLE,HIGH,File contains boilerplate or unresolved template language that reduces agent usefulness.,Replace with specific instructions/data or move to templates/examples.
installer/build/windows/win-unpacked/resources/payload/repo-template/06_DATASHEETS/01_MICROCONTROLLERS/NORDIC/README.md,UNEXPANDED_TEMPLATE_VARIABLE,HIGH,File contains boilerplate or unresolved template language that reduces agent usefulness.,Replace with specific instructions/data or move to templates/examples.
installer/build/windows/win-unpacked/resources/payload/repo-template/06_DATASHEETS/01_MICROCONTROLLERS/NXP/README.md,UNEXPANDED_TEMPLATE_VARIABLE,HIGH,File contains boilerplate or unresolved template language that reduces agent usefulness.,Replace with specific instructions/data or move to templates/examples.
installer/build/windows/win-unpacked/resources/payload/repo-template/06_DATASHEETS/01_MICROCONTROLLERS/OTHER/README.md,UNEXPANDED_TEMPLATE_VARIABLE,HIGH,File contains boilerplate or unresolved template language that reduces agent usefulness.,Replace with specific instructions/data or move to templates/examples.
installer/build/windows/win-unpacked/resources/payload/repo-template/06_DATASHEETS/01_MICROCONTROLLERS/RASPBERRY_PI_RP2040_RP2350/README.md,UNEXPANDED_TEMPLATE_VARIABLE,HIGH,File contains boilerplate or unresolved template language that reduces agent usefulness.,Replace with specific instructions/data or move to templates/examples.
installer/build/windows/win-unpacked/resources/payload/repo-template/06_DATASHEETS/01_MICROCONTROLLERS/README.md,UNEXPANDED_TEMPLATE_VARIABLE,HIGH,File contains boilerplate or unresolved template language that reduces agent usefulness.,Replace with specific instructions/data or move to templates/examples.
installer/build/windows/win-unpacked/resources/payload/repo-template/06_DATASHEETS/01_MICROCONTROLLERS/RENESAS/README.md,UNEXPANDED_TEMPLATE_VARIABLE,HIGH,File contains boilerplate or unresolved template language that reduces agent usefulness.,Replace with specific instructions/data or move to templates/examples.
installer/build/windows/win-unpacked/resources/payload/repo-template/06_DATASHEETS/01_MICROCONTROLLERS/SILABS/README.md,UNEXPANDED_TEMPLATE_VARIABLE,HIGH,File contains boilerplate or unresolved template language that reduces agent usefulness.,Replace with specific instructions/data or move to templates/examples.
installer/build/windows/win-unpacked/resources/payload/repo-template/06_DATASHEETS/01_MICROCONTROLLERS/STMICRO_STM32/DESIGN_GUIDES/README.md,UNEXPANDED_TEMPLATE_VARIABLE,HIGH,File contains boilerplate or unresolved template language that reduces agent usefulness.,Replace with specific instructions/data or move to templates/examples.
installer/build/windows/win-unpacked/resources/payload/repo-template/06_DATASHEETS/01_MICROCONTROLLERS/STMICRO_STM32/DISCOVERY_BOARDS/README.md,UNEXPANDED_TEMPLATE_VARIABLE,HIGH,File contains boilerplate or unresolved template language that reduces agent usefulness.,Replace with specific instructions/data or move to templates/examples.
installer/build/windows/win-unpacked/resources/payload/repo-template/06_DATASHEETS/01_MICROCONTROLLERS/STMICRO_STM32/ERRATA/README.md,UNEXPANDED_TEMPLATE_VARIABLE,HIGH,File contains boilerplate or unresolved template language that reduces agent usefulness.,Replace with specific instructions/data or move to templates/examples.
installer/build/windows/win-unpacked/resources/payload/repo-template/06_DATASHEETS/01_MICROCONTROLLERS/STMICRO_STM32/EVAL_BOARDS/README.md,UNEXPANDED_TEMPLATE_VARIABLE,HIGH,File contains boilerplate or unresolved template language that reduces agent usefulness.,Replace with specific instructions/data or move to templates/examples.
installer/build/windows/win-unpacked/resources/payload/repo-template/06_DATASHEETS/01_MICROCONTROLLERS/STMICRO_STM32/NUCLEO_BOARDS/README.md,UNEXPANDED_TEMPLATE_VARIABLE,HIGH,File contains boilerplate or unresolved template language that reduces agent usefulness.,Replace with specific instructions/data or move to templates/examples.
installer/build/windows/win-unpacked/resources/payload/repo-template/06_DATASHEETS/01_MICROCONTROLLERS/STMICRO_STM32/PROGRAMMING_DEBUG_STLINK/README.md,UNEXPANDED_TEMPLATE_VARIABLE,HIGH,File contains boilerplate or unresolved template language that reduces agent usefulness.,Replace with specific instructions/data or move to templates/examples.
installer/build/windows/win-unpacked/resources/payload/repo-template/06_DATASHEETS/01_MICROCONTROLLERS/STMICRO_STM32/STM32F0/README.md,UNEXPANDED_TEMPLATE_VARIABLE,HIGH,File contains boilerplate or unresolved template language that reduces agent usefulness.,Replace with specific instructions/data or move to templates/examples.
installer/build/windows/win-unpacked/resources/payload/repo-template/06_DATASHEETS/01_MICROCONTROLLERS/STMICRO_STM32/STM32F1/README.md,UNEXPANDED_TEMPLATE_VARIABLE,HIGH,File contains boilerplate or unresolved template language that reduces agent usefulness.,Replace with specific instructions/data or move to templates/examples.
installer/build/windows/win-unpacked/resources/payload/repo-template/06_DATASHEETS/01_MICROCONTROLLERS/STMICRO_STM32/STM32F2/README.md,UNEXPANDED_TEMPLATE_VARIABLE,HIGH,File contains boilerplate or unresolved template language that reduces agent usefulness.,Replace with specific instructions/data or move to templates/examples.
installer/build/windows/win-unpacked/resources/payload/repo-template/06_DATASHEETS/01_MICROCONTROLLERS/STMICRO_STM32/STM32F3/README.md,UNEXPANDED_TEMPLATE_VARIABLE,HIGH,File contains boilerplate or unresolved template language that reduces agent usefulness.,Replace with specific instructions/data or move to templates/examples.
installer/build/windows/win-unpacked/resources/payload/repo-template/06_DATASHEETS/01_MICROCONTROLLERS/STMICRO_STM32/STM32F4/README.md,UNEXPANDED_TEMPLATE_VARIABLE,HIGH,File contains boilerplate or unresolved template language that reduces agent usefulness.,Replace with specific instructions/data or move to templates/examples.
installer/build/windows/win-unpacked/resources/payload/repo-template/06_DATASHEETS/01_MICROCONTROLLERS/STMICRO_STM32/STM32F7/README.md,UNEXPANDED_TEMPLATE_VARIABLE,HIGH,File contains boilerplate or unresolved template language that reduces agent usefulness.,Replace with specific instructions/data or move to templates/examples.
installer/build/windows/win-unpacked/resources/payload/repo-template/06_DATASHEETS/01_MICROCONTROLLERS/STMICRO_STM32/STM32G0/README.md,UNEXPANDED_TEMPLATE_VARIABLE,HIGH,File contains boilerplate or unresolved template language that reduces agent usefulness.,Replace with specific instructions/data or move to templates/examples.
installer/build/windows/win-unpacked/resources/payload/repo-template/06_DATASHEETS/01_MICROCONTROLLERS/STMICRO_STM32/STM32G4/README.md,UNEXPANDED_TEMPLATE_VARIABLE,HIGH,File contains boilerplate or unresolved template language that reduces agent usefulness.,Replace with specific instructions/data or move to templates/examples.
installer/build/windows/win-unpacked/resources/payload/repo-template/06_DATASHEETS/01_MICROCONTROLLERS/STMICRO_STM32/STM32H5/README.md,UNEXPANDED_TEMPLATE_VARIABLE,HIGH,File contains boilerplate or unresolved template language that reduces agent usefulness.,Replace with specific instructions/data or move to templates/examples.
installer/build/windows/win-unpacked/resources/payload/repo-template/06_DATASHEETS/01_MICROCONTROLLERS/STMICRO_STM32/STM32H7/README.md,UNEXPANDED_TEMPLATE_VARIABLE,HIGH,File contains boilerplate or unresolved template language that reduces agent usefulness.,Replace with specific instructions/data or move to templates/examples.
installer/build/windows/win-unpacked/resources/payload/repo-template/06_DATASHEETS/01_MICROCONTROLLERS/STMICRO_STM32/STM32L0/README.md,UNEXPANDED_TEMPLATE_VARIABLE,HIGH,File contains boilerplate or unresolved template language that reduces agent usefulness.,Replace with specific instructions/data or move to templates/examples.
installer/build/windows/win-unpacked/resources/payload/repo-template/06_DATASHEETS/01_MICROCONTROLLERS/STMICRO_STM32/STM32L1/README.md,UNEXPANDED_TEMPLATE_VARIABLE,HIGH,File contains boilerplate or unresolved template language that reduces agent usefulness.,Replace with specific instructions/data or move to templates/examples.
installer/build/windows/win-unpacked/resources/payload/repo-template/06_DATASHEETS/01_MICROCONTROLLERS/STMICRO_STM32/STM32L4/README.md,UNEXPANDED_TEMPLATE_VARIABLE,HIGH,File contains boilerplate or unresolved template language that reduces agent usefulness.,Replace with specific instructions/data or move to templates/examples.
installer/build/windows/win-unpacked/resources/payload/repo-template/06_DATASHEETS/01_MICROCONTROLLERS/STMICRO_STM32/STM32L5/README.md,UNEXPANDED_TEMPLATE_VARIABLE,HIGH,File contains boilerplate or unresolved template language that reduces agent usefulness.,Replace with specific instructions/data or move to templates/examples.
installer/build/windows/win-unpacked/resources/payload/repo-template/06_DATASHEETS/01_MICROCONTROLLERS/STMICRO_STM32/STM32MP/README.md,UNEXPANDED_TEMPLATE_VARIABLE,HIGH,File contains boilerplate or unresolved template language that reduces agent usefulness.,Replace with specific instructions/data or move to templates/examples.
installer/build/windows/win-unpacked/resources/payload/repo-template/06_DATASHEETS/01_MICROCONTROLLERS/STMICRO_STM32/STM32U0/README.md,UNEXPANDED_TEMPLATE_VARIABLE,HIGH,File contains boilerplate or unresolved template language that reduces agent usefulness.,Replace with specific instructions/data or move to templates/examples.
installer/build/windows/win-unpacked/resources/payload/repo-template/06_DATASHEETS/01_MICROCONTROLLERS/STMICRO_STM32/STM32U5/README.md,UNEXPANDED_TEMPLATE_VARIABLE,HIGH,File contains boilerplate or unresolved template language that reduces agent usefulness.,Replace with specific instructions/data or move to templates/examples.
installer/build/windows/win-unpacked/resources/payload/repo-template/06_DATASHEETS/01_MICROCONTROLLERS/STMICRO_STM32/STM32WB/README.md,UNEXPANDED_TEMPLATE_VARIABLE,HIGH,File contains boilerplate or unresolved template language that reduces agent usefulness.,Replace with specific instructions/data or move to templates/examples.
installer/build/windows/win-unpacked/resources/payload/repo-template/06_DATASHEETS/01_MICROCONTROLLERS/STMICRO_STM32/STM32WL/README.md,UNEXPANDED_TEMPLATE_VARIABLE,HIGH,File contains boilerplate or unresolved template language that reduces agent usefulness.,Replace with specific instructions/data or move to templates/examples.
installer/build/windows/win-unpacked/resources/payload/repo-template/06_DATASHEETS/01_MICROCONTROLLERS/TI/README.md,UNEXPANDED_TEMPLATE_VARIABLE,HIGH,File contains boilerplate or unresolved template language that reduces agent usefulness.,Replace with specific instructions/data or move to templates/examples.
installer/build/windows/win-unpacked/resources/payload/repo-template/06_DATASHEETS/01_MICROCONTROLLERS/WCH/README.md,UNEXPANDED_TEMPLATE_VARIABLE,HIGH,File contains boilerplate or unresolved template language that reduces agent usefulness.,Replace with specific instructions/data or move to templates/examples.
installer/build/windows/win-unpacked/resources/payload/repo-template/06_DATASHEETS/02_DEV_BOARDS_AND_MODULES/README.md,UNEXPANDED_TEMPLATE_VARIABLE,HIGH,File contains boilerplate or unresolved template language that reduces agent usefulness.,Replace with specific instructions/data or move to templates/examples.
installer/build/windows/win-unpacked/resources/payload/repo-template/06_DATASHEETS/03_POWER/README.md,UNEXPANDED_TEMPLATE_VARIABLE,HIGH,File contains boilerplate or unresolved template language that reduces agent usefulness.,Replace with specific instructions/data or move to templates/examples.
installer/build/windows/win-unpacked/resources/payload/repo-template/06_DATASHEETS/04_COMMUNICATION/README.md,UNEXPANDED_TEMPLATE_VARIABLE,HIGH,File contains boilerplate or unresolved template language that reduces agent usefulness.,Replace with specific instructions/data or move to templates/examples.
installer/build/windows/win-unpacked/resources/payload/repo-template/06_DATASHEETS/05_CONNECTORS/README.md,UNEXPANDED_TEMPLATE_VARIABLE,HIGH,File contains boilerplate or unresolved template language that reduces agent usefulness.,Replace with specific instructions/data or move to templates/examples.
installer/build/windows/win-unpacked/resources/payload/repo-template/06_DATASHEETS/06_PROTECTION/README.md,UNEXPANDED_TEMPLATE_VARIABLE,HIGH,File contains boilerplate or unresolved template language that reduces agent usefulness.,Replace with specific instructions/data or move to templates/examples.
installer/build/windows/win-unpacked/resources/payload/repo-template/06_DATASHEETS/07_SENSORS/README.md,UNEXPANDED_TEMPLATE_VARIABLE,HIGH,File contains boilerplate or unresolved template language that reduces agent usefulness.,Replace with specific instructions/data or move to templates/examples.
installer/build/windows/win-unpacked/resources/payload/repo-template/06_DATASHEETS/08_ANALOG/README.md,UNEXPANDED_TEMPLATE_VARIABLE,HIGH,File contains boilerplate or unresolved template language that reduces agent usefulness.,Replace with specific instructions/data or move to templates/examples.
installer/build/windows/win-unpacked/resources/payload/repo-template/06_DATASHEETS/09_DRIVERS/README.md,UNEXPANDED_TEMPLATE_VARIABLE,HIGH,File contains boilerplate or unresolved template language that reduces agent usefulness.,Replace with specific instructions/data or move to templates/examples.
installer/build/windows/win-unpacked/resources/payload/repo-template/06_DATASHEETS/10_DISPLAYS/README.md,UNEXPANDED_TEMPLATE_VARIABLE,HIGH,File contains boilerplate or unresolved template language that reduces agent usefulness.,Replace with specific instructions/data or move to templates/examples.
installer/build/windows/win-unpacked/resources/payload/repo-template/06_DATASHEETS/11_PASSIVES/README.md,UNEXPANDED_TEMPLATE_VARIABLE,HIGH,File contains boilerplate or unresolved template language that reduces agent usefulness.,Replace with specific instructions/data or move to templates/examples.
installer/build/windows/win-unpacked/resources/payload/repo-template/06_DATASHEETS/12_RF_AND_ANTENNAS/README.md,UNEXPANDED_TEMPLATE_VARIABLE,HIGH,File contains boilerplate or unresolved template language that reduces agent usefulness.,Replace with specific instructions/data or move to templates/examples.
installer/build/windows/win-unpacked/resources/payload/repo-template/06_DATASHEETS/13_MEMORY_STORAGE/README.md,UNEXPANDED_TEMPLATE_VARIABLE,HIGH,File contains boilerplate or unresolved template language that reduces agent usefulness.,Replace with specific instructions/data or move to templates/examples.
installer/build/windows/win-unpacked/resources/payload/repo-template/06_DATASHEETS/14_CLOCKS_TIMING/README.md,UNEXPANDED_TEMPLATE_VARIABLE,HIGH,File contains boilerplate or unresolved template language that reduces agent usefulness.,Replace with specific instructions/data or move to templates/examples.
installer/build/windows/win-unpacked/resources/payload/repo-template/06_DATASHEETS/15_SWITCHES_BUTTONS_RELAYS/README.md,UNEXPANDED_TEMPLATE_VARIABLE,HIGH,File contains boilerplate or unresolved template language that reduces agent usefulness.,Replace with specific instructions/data or move to templates/examples.
installer/build/windows/win-unpacked/resources/payload/repo-template/06_DATASHEETS/16_FAB_ASSEMBLY_REFERENCES/README.md,UNEXPANDED_TEMPLATE_VARIABLE,HIGH,File contains boilerplate or unresolved template language that reduces agent usefulness.,Replace with specific instructions/data or move to templates/examples.
installer/build/windows/win-unpacked/resources/payload/repo-template/06_DATASHEETS/17_APPLICATION_NOTES/README.md,UNEXPANDED_TEMPLATE_VARIABLE,HIGH,File contains boilerplate or unresolved template language that reduces agent usefulness.,Replace with specific instructions/data or move to templates/examples.
installer/build/windows/win-unpacked/resources/payload/repo-template/06_DATASHEETS/18_REFERENCE_DESIGNS/README.md,UNEXPANDED_TEMPLATE_VARIABLE,HIGH,File contains boilerplate or unresolved template language that reduces agent usefulness.,Replace with specific instructions/data or move to templates/examples.
installer/build/windows/win-unpacked/resources/payload/repo-template/06_DATASHEETS/19_VENDOR_PORTALS/README.md,UNEXPANDED_TEMPLATE_VARIABLE,HIGH,File contains boilerplate or unresolved template language that reduces agent usefulness.,Replace with specific instructions/data or move to templates/examples.
installer/build/windows/win-unpacked/resources/payload/repo-template/08_COMPONENT_DATABASE/00_INDEX/PART_SCHEMA.md,UNEXPANDED_TEMPLATE_VARIABLE,HIGH,File contains boilerplate or unresolved template language that reduces agent usefulness.,Replace with specific instructions/data or move to templates/examples.
installer/build/windows/win-unpacked/resources/payload/repo-template/08_COMPONENT_DATABASE/00_INDEX/example_component_records.json,UNEXPANDED_TEMPLATE_VARIABLE,HIGH,File contains boilerplate or unresolved template language that reduces agent usefulness.,Replace with specific instructions/data or move to templates/examples.
installer/build/windows/win-unpacked/resources/payload/repo-template/08_COMPONENT_DATABASE/01_MICROCONTROLLERS/espressif_module_records.json,UNEXPANDED_TEMPLATE_VARIABLE,HIGH,File contains boilerplate or unresolved template language that reduces agent usefulness.,Replace with specific instructions/data or move to templates/examples.
installer/build/windows/win-unpacked/resources/payload/repo-template/08_COMPONENT_DATABASE/01_MICROCONTROLLERS/microchip_part_records.json,UNEXPANDED_TEMPLATE_VARIABLE,HIGH,File contains boilerplate or unresolved template language that reduces agent usefulness.,Replace with specific instructions/data or move to templates/examples.
installer/build/windows/win-unpacked/resources/payload/repo-template/08_COMPONENT_DATABASE/01_MICROCONTROLLERS/stm32_part_records.json,UNEXPANDED_TEMPLATE_VARIABLE,HIGH,File contains boilerplate or unresolved template language that reduces agent usefulness.,Replace with specific instructions/data or move to templates/examples.
installer/build/windows/win-unpacked/resources/payload/repo-template/08_COMPONENT_DATABASE/02_POWER/power_part_records.json,UNEXPANDED_TEMPLATE_VARIABLE,HIGH,File contains boilerplate or unresolved template language that reduces agent usefulness.,Replace with specific instructions/data or move to templates/examples.
installer/build/windows/win-unpacked/resources/payload/repo-template/08_COMPONENT_DATABASE/03_COMMUNICATION/communication_part_records.json,UNEXPANDED_TEMPLATE_VARIABLE,HIGH,File contains boilerplate or unresolved template language that reduces agent usefulness.,Replace with specific instructions/data or move to templates/examples.
installer/build/windows/win-unpacked/resources/payload/repo-template/08_COMPONENT_DATABASE/04_CONNECTORS/connector_records.json,UNEXPANDED_TEMPLATE_VARIABLE,HIGH,File contains boilerplate or unresolved template language that reduces agent usefulness.,Replace with specific instructions/data or move to templates/examples.
installer/build/windows/win-unpacked/resources/payload/repo-template/08_COMPONENT_DATABASE/05_PROTECTION/protection_records.json,UNEXPANDED_TEMPLATE_VARIABLE,HIGH,File contains boilerplate or unresolved template language that reduces agent usefulness.,Replace with specific instructions/data or move to templates/examples.
installer/build/windows/win-unpacked/resources/payload/repo-template/08_COMPONENT_DATABASE/09_PASSIVES/passive_support_records.json,UNEXPANDED_TEMPLATE_VARIABLE,HIGH,File contains boilerplate or unresolved template language that reduces agent usefulness.,Replace with specific instructions/data or move to templates/examples.
installer/build/windows/win-unpacked/resources/payload/repo-template/08_COMPONENT_DATABASE/10_RF_AND_ANTENNAS/rf_antenna_records.json,UNEXPANDED_TEMPLATE_VARIABLE,HIGH,File contains boilerplate or unresolved template language that reduces agent usefulness.,Replace with specific instructions/data or move to templates/examples.
installer/build/windows/win-unpacked/resources/payload/repo-template/AGENTS.md,UNEXPANDED_TEMPLATE_VARIABLE,HIGH,File contains boilerplate or unresolved template language that reduces agent usefulness.,Replace with specific instructions/data or move to templates/examples.
installer/build/windows/win-unpacked/resources/payload/repo-template/setup/macos/install_missing_macos_tools.sh,UNEXPANDED_TEMPLATE_VARIABLE,HIGH,File contains boilerplate or unresolved template language that reduces agent usefulness.,Replace with specific instructions/data or move to templates/examples.
installer/payload/manifests/payload.manifest.json,UNEXPANDED_TEMPLATE_VARIABLE,HIGH,File contains boilerplate or unresolved template language that reduces agent usefulness.,Replace with specific instructions/data or move to templates/examples.
installer/payload/payload.manifest.json,UNEXPANDED_TEMPLATE_VARIABLE,HIGH,File contains boilerplate or unresolved template language that reduces agent usefulness.,Replace with specific instructions/data or move to templates/examples.
setup/linux/check_linux_requirements.sh,UNEXPANDED_TEMPLATE_VARIABLE,HIGH,File contains boilerplate or unresolved template language that reduces agent usefulness.,Replace with specific instructions/data or move to templates/examples.
setup/macos/check_macos_requirements.sh,UNEXPANDED_TEMPLATE_VARIABLE,HIGH,File contains boilerplate or unresolved template language that reduces agent usefulness.,Replace with specific instructions/data or move to templates/examples.
setup/macos/install_missing_macos_tools.sh,UNEXPANDED_TEMPLATE_VARIABLE,HIGH,File contains boilerplate or unresolved template language that reduces agent usefulness.,Replace with specific instructions/data or move to templates/examples.
.codex/INDEX.md,THIN_README_OR_INDEX,MEDIUM,README/INDEX is likely navigational scaffold rather than production guidance.,"Expand with concrete workflow, inputs, outputs, and quality gates."
.codex/README.md,THIN_README_OR_INDEX,MEDIUM,README/INDEX is likely navigational scaffold rather than production guidance.,"Expand with concrete workflow, inputs, outputs, and quality gates."
.github/INDEX.md,THIN_README_OR_INDEX,MEDIUM,README/INDEX is likely navigational scaffold rather than production guidance.,"Expand with concrete workflow, inputs, outputs, and quality gates."
.github/README.md,THIN_README_OR_INDEX,MEDIUM,README/INDEX is likely navigational scaffold rather than production guidance.,"Expand with concrete workflow, inputs, outputs, and quality gates."
.github/RELEASE_WORKFLOW_README.md,GENERIC_FOLDER_TEXT,MEDIUM,File contains boilerplate or unresolved template language that reduces agent usefulness.,Replace with specific instructions/data or move to templates/examples.
.prompts/INDEX.md,THIN_README_OR_INDEX,MEDIUM,README/INDEX is likely navigational scaffold rather than production guidance.,"Expand with concrete workflow, inputs, outputs, and quality gates."
.prompts/claude/03_RESEARCH_COMPONENT.md,PLACEHOLDER_LANGUAGE,MEDIUM,File contains boilerplate or unresolved template language that reduces agent usefulness.,Replace with specific instructions/data or move to templates/examples.
.prompts/claude/04_ADD_COMPONENT_TO_DATABASE.md,PLACEHOLDER_LANGUAGE,MEDIUM,File contains boilerplate or unresolved template language that reduces agent usefulness.,Replace with specific instructions/data or move to templates/examples.
.vscode/INDEX.md,THIN_README_OR_INDEX,MEDIUM,README/INDEX is likely navigational scaffold rather than production guidance.,"Expand with concrete workflow, inputs, outputs, and quality gates."
.vscode/README.md,THIN_README_OR_INDEX,MEDIUM,README/INDEX is likely navigational scaffold rather than production guidance.,"Expand with concrete workflow, inputs, outputs, and quality gates."
00_CODEX_START/FOLDER_ROUTING_RULES.md,PLACEHOLDER_LANGUAGE,MEDIUM,File contains boilerplate or unresolved template language that reduces agent usefulness.,Replace with specific instructions/data or move to templates/examples.
00_CODEX_START/INDEX.md,THIN_README_OR_INDEX,MEDIUM,README/INDEX is likely navigational scaffold rather than production guidance.,"Expand with concrete workflow, inputs, outputs, and quality gates."
00_CODEX_START/README.md,THIN_README_OR_INDEX,MEDIUM,README/INDEX is likely navigational scaffold rather than production guidance.,"Expand with concrete workflow, inputs, outputs, and quality gates."
01_MEMORY/INDEX.md,THIN_README_OR_INDEX,MEDIUM,README/INDEX is likely navigational scaffold rather than production guidance.,"Expand with concrete workflow, inputs, outputs, and quality gates."
01_MEMORY/README.md,THIN_README_OR_INDEX,MEDIUM,README/INDEX is likely navigational scaffold rather than production guidance.,"Expand with concrete workflow, inputs, outputs, and quality gates."
02_HISTORY/INDEX.md,THIN_README_OR_INDEX,MEDIUM,README/INDEX is likely navigational scaffold rather than production guidance.,"Expand with concrete workflow, inputs, outputs, and quality gates."
02_HISTORY/README.md,THIN_README_OR_INDEX,MEDIUM,README/INDEX is likely navigational scaffold rather than production guidance.,"Expand with concrete workflow, inputs, outputs, and quality gates."
02_HISTORY/ai_scorecards/README.md,THIN_README_OR_INDEX,MEDIUM,README/INDEX is likely navigational scaffold rather than production guidance.,"Expand with concrete workflow, inputs, outputs, and quality gates."
02_HISTORY/ai_scorecards/SUPPLIER_INGESTION_SYSTEM_SCORECARD.md,PLACEHOLDER_LANGUAGE,MEDIUM,File contains boilerplate or unresolved template language that reduces agent usefulness.,Replace with specific instructions/data or move to templates/examples.
02_HISTORY/ai_self_reviews/README.md,THIN_README_OR_INDEX,MEDIUM,README/INDEX is likely navigational scaffold rather than production guidance.,"Expand with concrete workflow, inputs, outputs, and quality gates."
02_HISTORY/ai_self_reviews/SUPPLIER_INGESTION_SYSTEM_REVALIDATION_SELF_REVIEW.md,PLACEHOLDER_LANGUAGE,MEDIUM,File contains boilerplate or unresolved template language that reduces agent usefulness.,Replace with specific instructions/data or move to templates/examples.
02_HISTORY/ai_self_reviews/SUPPLIER_INGESTION_SYSTEM_SELF_REVIEW.md,PLACEHOLDER_LANGUAGE,MEDIUM,File contains boilerplate or unresolved template language that reduces agent usefulness.,Replace with specific instructions/data or move to templates/examples.
02_HISTORY/claim_evidence_matrices/COMPONENT_DATABASE_CORE_SETUP_CLAIM_EVIDENCE_MATRIX.md,PLACEHOLDER_LANGUAGE,MEDIUM,File contains boilerplate or unresolved template language that reduces agent usefulness.,Replace with specific instructions/data or move to templates/examples.
02_HISTORY/claim_evidence_matrices/FINAL_PRODUCTION_STRUCTURE_AUDIT_CLAIM_EVIDENCE_MATRIX.md,PLACEHOLDER_LANGUAGE,MEDIUM,File contains boilerplate or unresolved template language that reduces agent usefulness.,Replace with specific instructions/data or move to templates/examples.
02_HISTORY/claim_evidence_matrices/README.md,THIN_README_OR_INDEX,MEDIUM,README/INDEX is likely navigational scaffold rather than production guidance.,"Expand with concrete workflow, inputs, outputs, and quality gates."
02_HISTORY/claim_evidence_matrices/SUPPLIER_CONNECTOR_STUBS_CLAIM_EVIDENCE_MATRIX.md,PLACEHOLDER_LANGUAGE,MEDIUM,File contains boilerplate or unresolved template language that reduces agent usefulness.,Replace with specific instructions/data or move to templates/examples.
02_HISTORY/claim_evidence_matrices/SUPPLIER_DATASHEET_FOOTPRINT_FINAL_AUDIT_CLAIM_EVIDENCE_MATRIX.md,PLACEHOLDER_LANGUAGE,MEDIUM,File contains boilerplate or unresolved template language that reduces agent usefulness.,Replace with specific instructions/data or move to templates/examples.
02_HISTORY/command_logs/CODEX_MCP_CONFIG_COMMANDS.md,PLACEHOLDER_LANGUAGE,MEDIUM,File contains boilerplate or unresolved template language that reduces agent usefulness.,Replace with specific instructions/data or move to templates/examples.
02_HISTORY/command_logs/COMPONENT_DATABASE_CORE_SETUP_COMMANDS.md,PLACEHOLDER_LANGUAGE,MEDIUM,File contains boilerplate or unresolved template language that reduces agent usefulness.,Replace with specific instructions/data or move to templates/examples.
02_HISTORY/command_logs/ESP32_CSI_WIFI_NODE_HOLE_PAD_VIA_STRATEGY_COMMANDS.md,PLACEHOLDER_LANGUAGE,MEDIUM,File contains boilerplate or unresolved template language that reduces agent usefulness.,Replace with specific instructions/data or move to templates/examples.
02_HISTORY/command_logs/ESP32_CSI_WIFI_NODE_PCB_PLACEMENT_PASS_1_BLOCKED_COMMANDS.md,PLACEHOLDER_LANGUAGE,MEDIUM,File contains boilerplate or unresolved template language that reduces agent usefulness.,Replace with specific instructions/data or move to templates/examples.
02_HISTORY/command_logs/FINAL_PRODUCTION_STRUCTURE_AUDIT_COMMANDS.md,PLACEHOLDER_LANGUAGE,MEDIUM,File contains boilerplate or unresolved template language that reduces agent usefulness.,Replace with specific instructions/data or move to templates/examples.
02_HISTORY/command_logs/PLAYWRIGHT_PILOT_RESEARCH_COMMANDS.md,PLACEHOLDER_LANGUAGE,MEDIUM,File contains boilerplate or unresolved template language that reduces agent usefulness.,Replace with specific instructions/data or move to templates/examples.
02_HISTORY/command_logs/STM32F1_PILOT_CONTENT_COMPLETION_COMMANDS.md,PLACEHOLDER_LANGUAGE,MEDIUM,File contains boilerplate or unresolved template language that reduces agent usefulness.,Replace with specific instructions/data or move to templates/examples.
02_HISTORY/design_reviews/END_USER_README_SYSTEM_STATUS.md,PLACEHOLDER_LANGUAGE,MEDIUM,File contains boilerplate or unresolved template language that reduces agent usefulness.,Replace with specific instructions/data or move to templates/examples.
02_HISTORY/design_reviews/ESPRESSIF_RESEARCH_STATUS.md,PLACEHOLDER_LANGUAGE,MEDIUM,File contains boilerplate or unresolved template language that reduces agent usefulness.,Replace with specific instructions/data or move to templates/examples.
02_HISTORY/design_reviews/FLUX_LEVEL_FEATURE_GAP_ANALYSIS.md,PLACEHOLDER_LANGUAGE,MEDIUM,File contains boilerplate or unresolved template language that reduces agent usefulness.,Replace with specific instructions/data or move to templates/examples.
02_HISTORY/design_reviews/INSTALLER_PLAN_STATUS.md,PLACEHOLDER_LANGUAGE,MEDIUM,File contains boilerplate or unresolved template language that reduces agent usefulness.,Replace with specific instructions/data or move to templates/examples.
02_HISTORY/design_reviews/KICAD_ENGINE_PRODUCT_GAP_AUDIT.md,PLACEHOLDER_LANGUAGE,MEDIUM,File contains boilerplate or unresolved template language that reduces agent usefulness.,Replace with specific instructions/data or move to templates/examples.
02_HISTORY/design_reviews/KICAD_FOOTPRINT_GAP_ANALYSIS_REPORT.md,PLACEHOLDER_LANGUAGE,MEDIUM,File contains boilerplate or unresolved template language that reduces agent usefulness.,Replace with specific instructions/data or move to templates/examples.
02_HISTORY/design_reviews/MICROCHIP_RESEARCH_STATUS.md,PLACEHOLDER_LANGUAGE,MEDIUM,File contains boilerplate or unresolved template language that reduces agent usefulness.,Replace with specific instructions/data or move to templates/examples.
02_HISTORY/design_reviews/PLAYWRIGHT_RESEARCH_PIPELINE_SETUP_AUDIT.md,PLACEHOLDER_LANGUAGE,MEDIUM,File contains boilerplate or unresolved template language that reduces agent usefulness.,Replace with specific instructions/data or move to templates/examples.
02_HISTORY/design_reviews/PUBLIC_RELEASE_FINAL_AUDIT.md,PLACEHOLDER_LANGUAGE,MEDIUM,File contains boilerplate or unresolved template language that reduces agent usefulness.,Replace with specific instructions/data or move to templates/examples.
02_HISTORY/design_reviews/STARTUP_CLOSEOUT_INDEX_WIRING_AUDIT.md,PLACEHOLDER_LANGUAGE,MEDIUM,File contains boilerplate or unresolved template language that reduces agent usefulness.,Replace with specific instructions/data or move to templates/examples.
02_HISTORY/design_reviews/STM32_RESEARCH_STATUS.md,PLACEHOLDER_LANGUAGE,MEDIUM,File contains boilerplate or unresolved template language that reduces agent usefulness.,Replace with specific instructions/data or move to templates/examples.
02_HISTORY/design_reviews/SUPPLIER_CONNECTOR_STUBS_AUDIT.md,PLACEHOLDER_LANGUAGE,MEDIUM,File contains boilerplate or unresolved template language that reduces agent usefulness.,Replace with specific instructions/data or move to templates/examples.
02_HISTORY/design_reviews/SUPPLIER_INGESTION_SYSTEM_SETUP_AUDIT.md,PLACEHOLDER_LANGUAGE,MEDIUM,File contains boilerplate or unresolved template language that reduces agent usefulness.,Replace with specific instructions/data or move to templates/examples.
02_HISTORY/failed_attempts/README.md,THIN_README_OR_INDEX,MEDIUM,README/INDEX is likely navigational scaffold rather than production guidance.,"Expand with concrete workflow, inputs, outputs, and quality gates."
02_HISTORY/hallucination_risk_logs/README.md,THIN_README_OR_INDEX,MEDIUM,README/INDEX is likely navigational scaffold rather than production guidance.,"Expand with concrete workflow, inputs, outputs, and quality gates."
02_HISTORY/hallucination_risk_logs/SUPPLIER_CONNECTOR_STUBS_HALLUCINATION_RISK_LOG.md,PLACEHOLDER_LANGUAGE,MEDIUM,File contains boilerplate or unresolved template language that reduces agent usefulness.,Replace with specific instructions/data or move to templates/examples.
02_HISTORY/issue_logs/FINAL_PRODUCTION_STRUCTURE_PUBLIC_RELEASE_BLOCKERS.md,PLACEHOLDER_LANGUAGE,MEDIUM,File contains boilerplate or unresolved template language that reduces agent usefulness.,Replace with specific instructions/data or move to templates/examples.
02_HISTORY/issue_logs/README.md,THIN_README_OR_INDEX,MEDIUM,README/INDEX is likely navigational scaffold rather than production guidance.,"Expand with concrete workflow, inputs, outputs, and quality gates."
02_HISTORY/known_agent_mistakes/README.md,THIN_README_OR_INDEX,MEDIUM,README/INDEX is likely navigational scaffold rather than production guidance.,"Expand with concrete workflow, inputs, outputs, and quality gates."
02_HISTORY/lessons_learned/README.md,THIN_README_OR_INDEX,MEDIUM,README/INDEX is likely navigational scaffold rather than production guidance.,"Expand with concrete workflow, inputs, outputs, and quality gates."
02_HISTORY/project_history/CLEAN_KICAD_PASSING_SAMPLE/README.md,THIN_README_OR_INDEX,MEDIUM,README/INDEX is likely navigational scaffold rather than production guidance.,"Expand with concrete workflow, inputs, outputs, and quality gates."
02_HISTORY/project_history/ESP32_CSI_WIFI_NODE/README.md,THIN_README_OR_INDEX,MEDIUM,README/INDEX is likely navigational scaffold rather than production guidance.,"Expand with concrete workflow, inputs, outputs, and quality gates."
02_HISTORY/project_history/SAMPLE_KICAD_TEST_PROJECT/README.md,THIN_README_OR_INDEX,MEDIUM,README/INDEX is likely navigational scaffold rather than production guidance.,"Expand with concrete workflow, inputs, outputs, and quality gates."
02_HISTORY/quality_gate_failures/README.md,THIN_README_OR_INDEX,MEDIUM,README/INDEX is likely navigational scaffold rather than production guidance.,"Expand with concrete workflow, inputs, outputs, and quality gates."
02_HISTORY/quality_gate_failures/SUPPLIER_DATASHEET_FOOTPRINT_NOT_PRODUCTION_READY.md,PLACEHOLDER_LANGUAGE,MEDIUM,File contains boilerplate or unresolved template language that reduces agent usefulness.,Replace with specific instructions/data or move to templates/examples.
02_HISTORY/sessions/COMPONENT_DATABASE_CORE_SETUP_SESSION.md,PLACEHOLDER_LANGUAGE,MEDIUM,File contains boilerplate or unresolved template language that reduces agent usefulness.,Replace with specific instructions/data or move to templates/examples.
02_HISTORY/sessions/DATASHEET_RESEARCH_PIPELINE_SESSION.md,PLACEHOLDER_LANGUAGE,MEDIUM,File contains boilerplate or unresolved template language that reduces agent usefulness.,Replace with specific instructions/data or move to templates/examples.
02_HISTORY/sessions/MEMORY_STARTERS_CREATED.md,PLACEHOLDER_LANGUAGE,MEDIUM,File contains boilerplate or unresolved template language that reduces agent usefulness.,Replace with specific instructions/data or move to templates/examples.
02_HISTORY/sessions/MICROCONTROLLER_FAMILY_CONTENT_GENERATOR_CREATED.md,PLACEHOLDER_LANGUAGE,MEDIUM,File contains boilerplate or unresolved template language that reduces agent usefulness.,Replace with specific instructions/data or move to templates/examples.
02_HISTORY/sessions/SETUP_HEALTH_CHECK_SYSTEM_SESSION.md,PLACEHOLDER_LANGUAGE,MEDIUM,File contains boilerplate or unresolved template language that reduces agent usefulness.,Replace with specific instructions/data or move to templates/examples.
02_HISTORY/sessions/STM32_RESEARCH_SESSION.md,PLACEHOLDER_LANGUAGE,MEDIUM,File contains boilerplate or unresolved template language that reduces agent usefulness.,Replace with specific instructions/data or move to templates/examples.
02_HISTORY/sessions/SUPPLIER_INGESTION_SYSTEM_CREATED.md,PLACEHOLDER_LANGUAGE,MEDIUM,File contains boilerplate or unresolved template language that reduces agent usefulness.,Replace with specific instructions/data or move to templates/examples.
02_HISTORY/uncertainty_logs/FINAL_PRODUCTION_STRUCTURE_AUDIT_UNCERTAINTY_LOG.md,PLACEHOLDER_LANGUAGE,MEDIUM,File contains boilerplate or unresolved template language that reduces agent usefulness.,Replace with specific instructions/data or move to templates/examples.
02_HISTORY/uncertainty_logs/FOOTPRINT_GAP_ANALYSIS_UNCERTAINTY_LOG.md,PLACEHOLDER_LANGUAGE,MEDIUM,File contains boilerplate or unresolved template language that reduces agent usefulness.,Replace with specific instructions/data or move to templates/examples.
02_HISTORY/uncertainty_logs/README.md,THIN_README_OR_INDEX,MEDIUM,README/INDEX is likely navigational scaffold rather than production guidance.,"Expand with concrete workflow, inputs, outputs, and quality gates."
02_HISTORY/uncertainty_logs/SUPPLIER_DATASHEET_FOOTPRINT_FINAL_AUDIT_UNCERTAINTY_LOG.md,PLACEHOLDER_LANGUAGE,MEDIUM,File contains boilerplate or unresolved template language that reduces agent usefulness.,Replace with specific instructions/data or move to templates/examples.
02_HISTORY/uncertainty_logs/SUPPLIER_INGESTION_SYSTEM_REVALIDATION_UNCERTAINTY_LOG.md,PLACEHOLDER_LANGUAGE,MEDIUM,File contains boilerplate or unresolved template language that reduces agent usefulness.,Replace with specific instructions/data or move to templates/examples.
02_HISTORY/uncertainty_logs/TEST_EXAMPLES_BENCHMARKS_SETUP_UNCERTAINTY_LOG.md,PLACEHOLDER_LANGUAGE,MEDIUM,File contains boilerplate or unresolved template language that reduces agent usefulness.,Replace with specific instructions/data or move to templates/examples.
02_HISTORY/user_corrections/README.md,THIN_README_OR_INDEX,MEDIUM,README/INDEX is likely navigational scaffold rather than production guidance.,"Expand with concrete workflow, inputs, outputs, and quality gates."
02_HISTORY/user_corrections/README.md,GENERIC_FOLDER_TEXT,MEDIUM,File contains boilerplate or unresolved template language that reduces agent usefulness.,Replace with specific instructions/data or move to templates/examples.
02_HISTORY/workflow_runs/README.md,THIN_README_OR_INDEX,MEDIUM,README/INDEX is likely navigational scaffold rather than production guidance.,"Expand with concrete workflow, inputs, outputs, and quality gates."
03_TOOLS/INDEX.md,THIN_README_OR_INDEX,MEDIUM,README/INDEX is likely navigational scaffold rather than production guidance.,"Expand with concrete workflow, inputs, outputs, and quality gates."
03_TOOLS/README.md,THIN_README_OR_INDEX,MEDIUM,README/INDEX is likely navigational scaffold rather than production guidance.,"Expand with concrete workflow, inputs, outputs, and quality gates."
03_TOOLS/common/README.md,THIN_README_OR_INDEX,MEDIUM,README/INDEX is likely navigational scaffold rather than production guidance.,"Expand with concrete workflow, inputs, outputs, and quality gates."
03_TOOLS/kicad_app_intelligence/KICAD_AGENT_TASK_MAP.md,PLACEHOLDER_LANGUAGE,MEDIUM,File contains boilerplate or unresolved template language that reduces agent usefulness.,Replace with specific instructions/data or move to templates/examples.
03_TOOLS/kicad_library_intelligence/CONNECTOR_FOOTPRINT_WARNINGS.md,PLACEHOLDER_LANGUAGE,MEDIUM,File contains boilerplate or unresolved template language that reduces agent usefulness.,Replace with specific instructions/data or move to templates/examples.
03_TOOLS/kicad_library_intelligence/SYMBOL_LIBRARY_INDEX.md,PLACEHOLDER_LANGUAGE,MEDIUM,File contains boilerplate or unresolved template language that reduces agent usefulness.,Replace with specific instructions/data or move to templates/examples.
03_TOOLS/linux/README.md,THIN_README_OR_INDEX,MEDIUM,README/INDEX is likely navigational scaffold rather than production guidance.,"Expand with concrete workflow, inputs, outputs, and quality gates."
03_TOOLS/scripts/ai_quality/README.md,THIN_README_OR_INDEX,MEDIUM,README/INDEX is likely navigational scaffold rather than production guidance.,"Expand with concrete workflow, inputs, outputs, and quality gates."
03_TOOLS/scripts/visual/README.md,GENERIC_FOLDER_TEXT,MEDIUM,File contains boilerplate or unresolved template language that reduces agent usefulness.,Replace with specific instructions/data or move to templates/examples.
03_TOOLS/windows/README.md,THIN_README_OR_INDEX,MEDIUM,README/INDEX is likely navigational scaffold rather than production guidance.,"Expand with concrete workflow, inputs, outputs, and quality gates."
03_TOOLS/windows/repos/AutoHotkey/README-LIB.md,PLACEHOLDER_LANGUAGE,MEDIUM,File contains boilerplate or unresolved template language that reduces agent usefulness.,Replace with specific instructions/data or move to templates/examples.
03_TOOLS/windows/repos/SikuliX1/API/README.md,THIN_README_OR_INDEX,MEDIUM,README/INDEX is likely navigational scaffold rather than production guidance.,"Expand with concrete workflow, inputs, outputs, and quality gates."
03_TOOLS/windows/repos/SikuliX1/API/src/main/resources/htdocs/ControlBox.html,PLACEHOLDER_LANGUAGE,MEDIUM,File contains boilerplate or unresolved template language that reduces agent usefulness.,Replace with specific instructions/data or move to templates/examples.
03_TOOLS/windows/repos/SikuliX1/IDE/src/main/resources/Lib/site-packages/sites_example.txt,PLACEHOLDER_LANGUAGE,MEDIUM,File contains boilerplate or unresolved template language that reduces agent usefulness.,Replace with specific instructions/data or move to templates/examples.
03_TOOLS/windows/repos/SikuliX1/pages/README.md,THIN_README_OR_INDEX,MEDIUM,README/INDEX is likely navigational scaffold rather than production guidance.,"Expand with concrete workflow, inputs, outputs, and quality gates."
04_KICAD_PROJECTS/INDEX.md,THIN_README_OR_INDEX,MEDIUM,README/INDEX is likely navigational scaffold rather than production guidance.,"Expand with concrete workflow, inputs, outputs, and quality gates."
04_KICAD_PROJECTS/README.md,THIN_README_OR_INDEX,MEDIUM,README/INDEX is likely navigational scaffold rather than production guidance.,"Expand with concrete workflow, inputs, outputs, and quality gates."
04_KICAD_PROJECTS/active/COMMAND_LINK_VERIFIED_REFERENCE/README.md,THIN_README_OR_INDEX,MEDIUM,README/INDEX is likely navigational scaffold rather than production guidance.,"Expand with concrete workflow, inputs, outputs, and quality gates."
04_KICAD_PROJECTS/active/COMMAND_LINK_VERIFIED_REFERENCE/history/README.md,THIN_README_OR_INDEX,MEDIUM,README/INDEX is likely navigational scaffold rather than production guidance.,"Expand with concrete workflow, inputs, outputs, and quality gates."
04_KICAD_PROJECTS/active/COMMAND_LINK_VERIFIED_REFERENCE/history/ai_scorecards/README.md,THIN_README_OR_INDEX,MEDIUM,README/INDEX is likely navigational scaffold rather than production guidance.,"Expand with concrete workflow, inputs, outputs, and quality gates."
04_KICAD_PROJECTS/active/COMMAND_LINK_VERIFIED_REFERENCE/history/ai_self_reviews/README.md,THIN_README_OR_INDEX,MEDIUM,README/INDEX is likely navigational scaffold rather than production guidance.,"Expand with concrete workflow, inputs, outputs, and quality gates."
04_KICAD_PROJECTS/active/COMMAND_LINK_VERIFIED_REFERENCE/history/claim_evidence_matrices/README.md,THIN_README_OR_INDEX,MEDIUM,README/INDEX is likely navigational scaffold rather than production guidance.,"Expand with concrete workflow, inputs, outputs, and quality gates."
04_KICAD_PROJECTS/active/COMMAND_LINK_VERIFIED_REFERENCE/history/hallucination_risk_logs/README.md,THIN_README_OR_INDEX,MEDIUM,README/INDEX is likely navigational scaffold rather than production guidance.,"Expand with concrete workflow, inputs, outputs, and quality gates."
04_KICAD_PROJECTS/active/COMMAND_LINK_VERIFIED_REFERENCE/history/quality_gate_failures/README.md,THIN_README_OR_INDEX,MEDIUM,README/INDEX is likely navigational scaffold rather than production guidance.,"Expand with concrete workflow, inputs, outputs, and quality gates."
04_KICAD_PROJECTS/active/COMMAND_LINK_VERIFIED_REFERENCE/history/uncertainty_logs/README.md,THIN_README_OR_INDEX,MEDIUM,README/INDEX is likely navigational scaffold rather than production guidance.,"Expand with concrete workflow, inputs, outputs, and quality gates."
04_KICAD_PROJECTS/active/COMMAND_LINK_VERIFIED_REFERENCE/review_outputs/NOT_FINAL_read_only_review_20260430_180511/NOT_FINAL_README.md,GENERIC_FOLDER_TEXT,MEDIUM,File contains boilerplate or unresolved template language that reduces agent usefulness.,Replace with specific instructions/data or move to templates/examples.
04_KICAD_PROJECTS/active/ESP32_CSI_WIFI_NODE/DESIGN_PLAN.md,PLACEHOLDER_LANGUAGE,MEDIUM,File contains boilerplate or unresolved template language that reduces agent usefulness.,Replace with specific instructions/data or move to templates/examples.
04_KICAD_PROJECTS/active/ESP32_CSI_WIFI_NODE/REQUIREMENTS.md,PLACEHOLDER_LANGUAGE,MEDIUM,File contains boilerplate or unresolved template language that reduces agent usefulness.,Replace with specific instructions/data or move to templates/examples.
04_KICAD_PROJECTS/active/ESP32_CSI_WIFI_NODE/history/README.md,THIN_README_OR_INDEX,MEDIUM,README/INDEX is likely navigational scaffold rather than production guidance.,"Expand with concrete workflow, inputs, outputs, and quality gates."
04_KICAD_PROJECTS/active/ESP32_CSI_WIFI_NODE/history/ai_scorecards/README.md,THIN_README_OR_INDEX,MEDIUM,README/INDEX is likely navigational scaffold rather than production guidance.,"Expand with concrete workflow, inputs, outputs, and quality gates."
04_KICAD_PROJECTS/active/ESP32_CSI_WIFI_NODE/history/ai_self_reviews/README.md,THIN_README_OR_INDEX,MEDIUM,README/INDEX is likely navigational scaffold rather than production guidance.,"Expand with concrete workflow, inputs, outputs, and quality gates."
04_KICAD_PROJECTS/active/ESP32_CSI_WIFI_NODE/history/claim_evidence_matrices/README.md,THIN_README_OR_INDEX,MEDIUM,README/INDEX is likely navigational scaffold rather than production guidance.,"Expand with concrete workflow, inputs, outputs, and quality gates."
04_KICAD_PROJECTS/active/ESP32_CSI_WIFI_NODE/history/hallucination_risk_logs/README.md,THIN_README_OR_INDEX,MEDIUM,README/INDEX is likely navigational scaffold rather than production guidance.,"Expand with concrete workflow, inputs, outputs, and quality gates."
04_KICAD_PROJECTS/active/ESP32_CSI_WIFI_NODE/history/quality_gate_failures/README.md,THIN_README_OR_INDEX,MEDIUM,README/INDEX is likely navigational scaffold rather than production guidance.,"Expand with concrete workflow, inputs, outputs, and quality gates."
04_KICAD_PROJECTS/active/ESP32_CSI_WIFI_NODE/history/uncertainty_logs/README.md,THIN_README_OR_INDEX,MEDIUM,README/INDEX is likely navigational scaffold rather than production guidance.,"Expand with concrete workflow, inputs, outputs, and quality gates."
05_OUTPUTS/INDEX.md,THIN_README_OR_INDEX,MEDIUM,README/INDEX is likely navigational scaffold rather than production guidance.,"Expand with concrete workflow, inputs, outputs, and quality gates."
05_OUTPUTS/README.md,THIN_README_OR_INDEX,MEDIUM,README/INDEX is likely navigational scaffold rather than production guidance.,"Expand with concrete workflow, inputs, outputs, and quality gates."
05_OUTPUTS/clean_sample_candidate_tests/installed_demos_20260430_173955/stickhub_StickHub/README.md,THIN_README_OR_INDEX,MEDIUM,README/INDEX is likely navigational scaffold rather than production guidance.,"Expand with concrete workflow, inputs, outputs, and quality gates."
05_OUTPUTS/datasheet_research/datasheet_source_index.md,PLACEHOLDER_LANGUAGE,MEDIUM,File contains boilerplate or unresolved template language that reduces agent usefulness.,Replace with specific instructions/data or move to templates/examples.
05_OUTPUTS/datasheet_research/summary_stubs/Espressif_ESP32-S3-WROOM-1U_MODULE_DATASHEET_SUMMARY_STUB.md,PLACEHOLDER_LANGUAGE,MEDIUM,File contains boilerplate or unresolved template language that reduces agent usefulness.,Replace with specific instructions/data or move to templates/examples.
05_OUTPUTS/installer_smoke_test/KICAD_ENGINE_TEST_2026-05-03T00-18-33-993Z/.claude/README.md,THIN_README_OR_INDEX,MEDIUM,README/INDEX is likely navigational scaffold rather than production guidance.,"Expand with concrete workflow, inputs, outputs, and quality gates."
05_OUTPUTS/installer_smoke_test/KICAD_ENGINE_TEST_2026-05-03T00-18-33-993Z/.codex/README.md,THIN_README_OR_INDEX,MEDIUM,README/INDEX is likely navigational scaffold rather than production guidance.,"Expand with concrete workflow, inputs, outputs, and quality gates."
05_OUTPUTS/installer_smoke_test/KICAD_ENGINE_TEST_2026-05-03T00-18-33-993Z/.codex/README.md,PLACEHOLDER_LANGUAGE,MEDIUM,File contains boilerplate or unresolved template language that reduces agent usefulness.,Replace with specific instructions/data or move to templates/examples.
05_OUTPUTS/installer_smoke_test/KICAD_ENGINE_TEST_2026-05-03T00-18-33-993Z/.prompts/claude/03_RESEARCH_COMPONENT.md,PLACEHOLDER_LANGUAGE,MEDIUM,File contains boilerplate or unresolved template language that reduces agent usefulness.,Replace with specific instructions/data or move to templates/examples.
05_OUTPUTS/installer_smoke_test/KICAD_ENGINE_TEST_2026-05-03T00-18-33-993Z/.prompts/claude/04_ADD_COMPONENT_TO_DATABASE.md,PLACEHOLDER_LANGUAGE,MEDIUM,File contains boilerplate or unresolved template language that reduces agent usefulness.,Replace with specific instructions/data or move to templates/examples.
05_OUTPUTS/installer_smoke_test/KICAD_ENGINE_TEST_2026-05-03T00-18-33-993Z/00_CODEX_START/START_HERE.md,PLACEHOLDER_LANGUAGE,MEDIUM,File contains boilerplate or unresolved template language that reduces agent usefulness.,Replace with specific instructions/data or move to templates/examples.
05_OUTPUTS/installer_smoke_test/KICAD_ENGINE_TEST_2026-05-03T00-18-33-993Z/01_MEMORY/projects/README.md,THIN_README_OR_INDEX,MEDIUM,README/INDEX is likely navigational scaffold rather than production guidance.,"Expand with concrete workflow, inputs, outputs, and quality gates."
05_OUTPUTS/installer_smoke_test/KICAD_ENGINE_TEST_2026-05-03T00-18-33-993Z/02_HISTORY/README.md,THIN_README_OR_INDEX,MEDIUM,README/INDEX is likely navigational scaffold rather than production guidance.,"Expand with concrete workflow, inputs, outputs, and quality gates."
05_OUTPUTS/installer_smoke_test/KICAD_ENGINE_TEST_2026-05-03T00-18-33-993Z/02_HISTORY/command_logs/README.md,THIN_README_OR_INDEX,MEDIUM,README/INDEX is likely navigational scaffold rather than production guidance.,"Expand with concrete workflow, inputs, outputs, and quality gates."
05_OUTPUTS/installer_smoke_test/KICAD_ENGINE_TEST_2026-05-03T00-18-33-993Z/02_HISTORY/design_reviews/README.md,THIN_README_OR_INDEX,MEDIUM,README/INDEX is likely navigational scaffold rather than production guidance.,"Expand with concrete workflow, inputs, outputs, and quality gates."
05_OUTPUTS/installer_smoke_test/KICAD_ENGINE_TEST_2026-05-03T00-18-33-993Z/02_HISTORY/erc_drc_reports/README.md,THIN_README_OR_INDEX,MEDIUM,README/INDEX is likely navigational scaffold rather than production guidance.,"Expand with concrete workflow, inputs, outputs, and quality gates."
05_OUTPUTS/installer_smoke_test/KICAD_ENGINE_TEST_2026-05-03T00-18-33-993Z/02_HISTORY/fabrication_reviews/README.md,THIN_README_OR_INDEX,MEDIUM,README/INDEX is likely navigational scaffold rather than production guidance.,"Expand with concrete workflow, inputs, outputs, and quality gates."
05_OUTPUTS/installer_smoke_test/KICAD_ENGINE_TEST_2026-05-03T00-18-33-993Z/02_HISTORY/project_history/README.md,THIN_README_OR_INDEX,MEDIUM,README/INDEX is likely navigational scaffold rather than production guidance.,"Expand with concrete workflow, inputs, outputs, and quality gates."
05_OUTPUTS/installer_smoke_test/KICAD_ENGINE_TEST_2026-05-03T00-18-33-993Z/02_HISTORY/sessions/README.md,THIN_README_OR_INDEX,MEDIUM,README/INDEX is likely navigational scaffold rather than production guidance.,"Expand with concrete workflow, inputs, outputs, and quality gates."
05_OUTPUTS/installer_smoke_test/KICAD_ENGINE_TEST_2026-05-03T00-18-33-993Z/03_TOOLS/common/README.md,THIN_README_OR_INDEX,MEDIUM,README/INDEX is likely navigational scaffold rather than production guidance.,"Expand with concrete workflow, inputs, outputs, and quality gates."
05_OUTPUTS/installer_smoke_test/KICAD_ENGINE_TEST_2026-05-03T00-18-33-993Z/03_TOOLS/kicad_app_intelligence/KICAD_AGENT_TASK_MAP.md,PLACEHOLDER_LANGUAGE,MEDIUM,File contains boilerplate or unresolved template language that reduces agent usefulness.,Replace with specific instructions/data or move to templates/examples.
05_OUTPUTS/installer_smoke_test/KICAD_ENGINE_TEST_2026-05-03T00-18-33-993Z/03_TOOLS/kicad_library_intelligence/CONNECTOR_FOOTPRINT_WARNINGS.md,PLACEHOLDER_LANGUAGE,MEDIUM,File contains boilerplate or unresolved template language that reduces agent usefulness.,Replace with specific instructions/data or move to templates/examples.
05_OUTPUTS/installer_smoke_test/KICAD_ENGINE_TEST_2026-05-03T00-18-33-993Z/03_TOOLS/kicad_library_intelligence/GENERATED_INDEXES/README.md,THIN_README_OR_INDEX,MEDIUM,README/INDEX is likely navigational scaffold rather than production guidance.,"Expand with concrete workflow, inputs, outputs, and quality gates."
05_OUTPUTS/installer_smoke_test/KICAD_ENGINE_TEST_2026-05-03T00-18-33-993Z/03_TOOLS/kicad_library_intelligence/SYMBOL_LIBRARY_INDEX.md,PLACEHOLDER_LANGUAGE,MEDIUM,File contains boilerplate or unresolved template language that reduces agent usefulness.,Replace with specific instructions/data or move to templates/examples.
05_OUTPUTS/installer_smoke_test/KICAD_ENGINE_TEST_2026-05-03T00-18-33-993Z/03_TOOLS/linux/README.md,THIN_README_OR_INDEX,MEDIUM,README/INDEX is likely navigational scaffold rather than production guidance.,"Expand with concrete workflow, inputs, outputs, and quality gates."
05_OUTPUTS/installer_smoke_test/KICAD_ENGINE_TEST_2026-05-03T00-18-33-993Z/03_TOOLS/windows/README.md,THIN_README_OR_INDEX,MEDIUM,README/INDEX is likely navigational scaffold rather than production guidance.,"Expand with concrete workflow, inputs, outputs, and quality gates."
05_OUTPUTS/installer_smoke_test/KICAD_ENGINE_TEST_2026-05-03T00-18-33-993Z/04_KICAD_PROJECTS/README.md,THIN_README_OR_INDEX,MEDIUM,README/INDEX is likely navigational scaffold rather than production guidance.,"Expand with concrete workflow, inputs, outputs, and quality gates."
05_OUTPUTS/installer_smoke_test/KICAD_ENGINE_TEST_2026-05-03T00-18-33-993Z/04_KICAD_PROJECTS/active/README.md,THIN_README_OR_INDEX,MEDIUM,README/INDEX is likely navigational scaffold rather than production guidance.,"Expand with concrete workflow, inputs, outputs, and quality gates."
05_OUTPUTS/installer_smoke_test/KICAD_ENGINE_TEST_2026-05-03T00-18-33-993Z/04_KICAD_PROJECTS/archive/README.md,THIN_README_OR_INDEX,MEDIUM,README/INDEX is likely navigational scaffold rather than production guidance.,"Expand with concrete workflow, inputs, outputs, and quality gates."
05_OUTPUTS/installer_smoke_test/KICAD_ENGINE_TEST_2026-05-03T00-18-33-993Z/05_OUTPUTS/README.md,THIN_README_OR_INDEX,MEDIUM,README/INDEX is likely navigational scaffold rather than production guidance.,"Expand with concrete workflow, inputs, outputs, and quality gates."
05_OUTPUTS/installer_smoke_test/KICAD_ENGINE_TEST_2026-05-03T00-18-33-993Z/06_DATASHEETS/00_INDEX/DATASHEET_LIBRARY_README.md,GENERIC_FOLDER_TEXT,MEDIUM,File contains boilerplate or unresolved template language that reduces agent usefulness.,Replace with specific instructions/data or move to templates/examples.
05_OUTPUTS/installer_smoke_test/KICAD_ENGINE_TEST_2026-05-03T00-18-33-993Z/06_DATASHEETS/00_INDEX/INDEX.md,THIN_README_OR_INDEX,MEDIUM,README/INDEX is likely navigational scaffold rather than production guidance.,"Expand with concrete workflow, inputs, outputs, and quality gates."
05_OUTPUTS/installer_smoke_test/KICAD_ENGINE_TEST_2026-05-03T00-18-33-993Z/06_DATASHEETS/00_INDEX/README.md,THIN_README_OR_INDEX,MEDIUM,README/INDEX is likely navigational scaffold rather than production guidance.,"Expand with concrete workflow, inputs, outputs, and quality gates."
05_OUTPUTS/installer_smoke_test/KICAD_ENGINE_TEST_2026-05-03T00-18-33-993Z/06_DATASHEETS/01_MICROCONTROLLERS/ATMEL_LEGACY/INDEX.md,THIN_README_OR_INDEX,MEDIUM,README/INDEX is likely navigational scaffold rather than production guidance.,"Expand with concrete workflow, inputs, outputs, and quality gates."
05_OUTPUTS/installer_smoke_test/KICAD_ENGINE_TEST_2026-05-03T00-18-33-993Z/06_DATASHEETS/01_MICROCONTROLLERS/ATMEL_LEGACY/README.md,THIN_README_OR_INDEX,MEDIUM,README/INDEX is likely navigational scaffold rather than production guidance.,"Expand with concrete workflow, inputs, outputs, and quality gates."
05_OUTPUTS/installer_smoke_test/KICAD_ENGINE_TEST_2026-05-03T00-18-33-993Z/06_DATASHEETS/01_MICROCONTROLLERS/ESPRESSIF/ANTENNA_RF_REFERENCES/INDEX.md,THIN_README_OR_INDEX,MEDIUM,README/INDEX is likely navigational scaffold rather than production guidance.,"Expand with concrete workflow, inputs, outputs, and quality gates."
05_OUTPUTS/installer_smoke_test/KICAD_ENGINE_TEST_2026-05-03T00-18-33-993Z/06_DATASHEETS/01_MICROCONTROLLERS/ESPRESSIF/ANTENNA_RF_REFERENCES/README.md,THIN_README_OR_INDEX,MEDIUM,README/INDEX is likely navigational scaffold rather than production guidance.,"Expand with concrete workflow, inputs, outputs, and quality gates."
05_OUTPUTS/installer_smoke_test/KICAD_ENGINE_TEST_2026-05-03T00-18-33-993Z/06_DATASHEETS/01_MICROCONTROLLERS/ESPRESSIF/DESIGN_GUIDES/INDEX.md,THIN_README_OR_INDEX,MEDIUM,README/INDEX is likely navigational scaffold rather than production guidance.,"Expand with concrete workflow, inputs, outputs, and quality gates."
05_OUTPUTS/installer_smoke_test/KICAD_ENGINE_TEST_2026-05-03T00-18-33-993Z/06_DATASHEETS/01_MICROCONTROLLERS/ESPRESSIF/DESIGN_GUIDES/README.md,THIN_README_OR_INDEX,MEDIUM,README/INDEX is likely navigational scaffold rather than production guidance.,"Expand with concrete workflow, inputs, outputs, and quality gates."
05_OUTPUTS/installer_smoke_test/KICAD_ENGINE_TEST_2026-05-03T00-18-33-993Z/06_DATASHEETS/01_MICROCONTROLLERS/ESPRESSIF/ERRATA/INDEX.md,THIN_README_OR_INDEX,MEDIUM,README/INDEX is likely navigational scaffold rather than production guidance.,"Expand with concrete workflow, inputs, outputs, and quality gates."
05_OUTPUTS/installer_smoke_test/KICAD_ENGINE_TEST_2026-05-03T00-18-33-993Z/06_DATASHEETS/01_MICROCONTROLLERS/ESPRESSIF/ERRATA/README.md,THIN_README_OR_INDEX,MEDIUM,README/INDEX is likely navigational scaffold rather than production guidance.,"Expand with concrete workflow, inputs, outputs, and quality gates."
05_OUTPUTS/installer_smoke_test/KICAD_ENGINE_TEST_2026-05-03T00-18-33-993Z/06_DATASHEETS/01_MICROCONTROLLERS/ESPRESSIF/ESP32/INDEX.md,THIN_README_OR_INDEX,MEDIUM,README/INDEX is likely navigational scaffold rather than production guidance.,"Expand with concrete workflow, inputs, outputs, and quality gates."
05_OUTPUTS/installer_smoke_test/KICAD_ENGINE_TEST_2026-05-03T00-18-33-993Z/06_DATASHEETS/01_MICROCONTROLLERS/ESPRESSIF/ESP32/README.md,THIN_README_OR_INDEX,MEDIUM,README/INDEX is likely navigational scaffold rather than production guidance.,"Expand with concrete workflow, inputs, outputs, and quality gates."
05_OUTPUTS/installer_smoke_test/KICAD_ENGINE_TEST_2026-05-03T00-18-33-993Z/06_DATASHEETS/01_MICROCONTROLLERS/ESPRESSIF/ESP32_C2/INDEX.md,THIN_README_OR_INDEX,MEDIUM,README/INDEX is likely navigational scaffold rather than production guidance.,"Expand with concrete workflow, inputs, outputs, and quality gates."
05_OUTPUTS/installer_smoke_test/KICAD_ENGINE_TEST_2026-05-03T00-18-33-993Z/06_DATASHEETS/01_MICROCONTROLLERS/ESPRESSIF/ESP32_C2/README.md,THIN_README_OR_INDEX,MEDIUM,README/INDEX is likely navigational scaffold rather than production guidance.,"Expand with concrete workflow, inputs, outputs, and quality gates."
05_OUTPUTS/installer_smoke_test/KICAD_ENGINE_TEST_2026-05-03T00-18-33-993Z/06_DATASHEETS/01_MICROCONTROLLERS/ESPRESSIF/ESP32_C3/INDEX.md,THIN_README_OR_INDEX,MEDIUM,README/INDEX is likely navigational scaffold rather than production guidance.,"Expand with concrete workflow, inputs, outputs, and quality gates."
05_OUTPUTS/installer_smoke_test/KICAD_ENGINE_TEST_2026-05-03T00-18-33-993Z/06_DATASHEETS/01_MICROCONTROLLERS/ESPRESSIF/ESP32_C3/README.md,THIN_README_OR_INDEX,MEDIUM,README/INDEX is likely navigational scaffold rather than production guidance.,"Expand with concrete workflow, inputs, outputs, and quality gates."
05_OUTPUTS/installer_smoke_test/KICAD_ENGINE_TEST_2026-05-03T00-18-33-993Z/06_DATASHEETS/01_MICROCONTROLLERS/ESPRESSIF/ESP32_C5/INDEX.md,THIN_README_OR_INDEX,MEDIUM,README/INDEX is likely navigational scaffold rather than production guidance.,"Expand with concrete workflow, inputs, outputs, and quality gates."
05_OUTPUTS/installer_smoke_test/KICAD_ENGINE_TEST_2026-05-03T00-18-33-993Z/06_DATASHEETS/01_MICROCONTROLLERS/ESPRESSIF/ESP32_C5/README.md,THIN_README_OR_INDEX,MEDIUM,README/INDEX is likely navigational scaffold rather than production guidance.,"Expand with concrete workflow, inputs, outputs, and quality gates."
05_OUTPUTS/installer_smoke_test/KICAD_ENGINE_TEST_2026-05-03T00-18-33-993Z/06_DATASHEETS/01_MICROCONTROLLERS/ESPRESSIF/ESP32_C6/INDEX.md,THIN_README_OR_INDEX,MEDIUM,README/INDEX is likely navigational scaffold rather than production guidance.,"Expand with concrete workflow, inputs, outputs, and quality gates."
05_OUTPUTS/installer_smoke_test/KICAD_ENGINE_TEST_2026-05-03T00-18-33-993Z/06_DATASHEETS/01_MICROCONTROLLERS/ESPRESSIF/ESP32_C6/README.md,THIN_README_OR_INDEX,MEDIUM,README/INDEX is likely navigational scaffold rather than production guidance.,"Expand with concrete workflow, inputs, outputs, and quality gates."
05_OUTPUTS/installer_smoke_test/KICAD_ENGINE_TEST_2026-05-03T00-18-33-993Z/06_DATASHEETS/01_MICROCONTROLLERS/ESPRESSIF/ESP32_H2/INDEX.md,THIN_README_OR_INDEX,MEDIUM,README/INDEX is likely navigational scaffold rather than production guidance.,"Expand with concrete workflow, inputs, outputs, and quality gates."
05_OUTPUTS/installer_smoke_test/KICAD_ENGINE_TEST_2026-05-03T00-18-33-993Z/06_DATASHEETS/01_MICROCONTROLLERS/ESPRESSIF/ESP32_H2/README.md,THIN_README_OR_INDEX,MEDIUM,README/INDEX is likely navigational scaffold rather than production guidance.,"Expand with concrete workflow, inputs, outputs, and quality gates."
05_OUTPUTS/installer_smoke_test/KICAD_ENGINE_TEST_2026-05-03T00-18-33-993Z/06_DATASHEETS/01_MICROCONTROLLERS/ESPRESSIF/ESP32_P4/INDEX.md,THIN_README_OR_INDEX,MEDIUM,README/INDEX is likely navigational scaffold rather than production guidance.,"Expand with concrete workflow, inputs, outputs, and quality gates."
05_OUTPUTS/installer_smoke_test/KICAD_ENGINE_TEST_2026-05-03T00-18-33-993Z/06_DATASHEETS/01_MICROCONTROLLERS/ESPRESSIF/ESP32_P4/README.md,THIN_README_OR_INDEX,MEDIUM,README/INDEX is likely navigational scaffold rather than production guidance.,"Expand with concrete workflow, inputs, outputs, and quality gates."
05_OUTPUTS/installer_smoke_test/KICAD_ENGINE_TEST_2026-05-03T00-18-33-993Z/06_DATASHEETS/01_MICROCONTROLLERS/ESPRESSIF/ESP32_S2/INDEX.md,THIN_README_OR_INDEX,MEDIUM,README/INDEX is likely navigational scaffold rather than production guidance.,"Expand with concrete workflow, inputs, outputs, and quality gates."
05_OUTPUTS/installer_smoke_test/KICAD_ENGINE_TEST_2026-05-03T00-18-33-993Z/06_DATASHEETS/01_MICROCONTROLLERS/ESPRESSIF/ESP32_S2/README.md,THIN_README_OR_INDEX,MEDIUM,README/INDEX is likely navigational scaffold rather than production guidance.,"Expand with concrete workflow, inputs, outputs, and quality gates."
05_OUTPUTS/installer_smoke_test/KICAD_ENGINE_TEST_2026-05-03T00-18-33-993Z/06_DATASHEETS/01_MICROCONTROLLERS/ESPRESSIF/ESP32_S3/INDEX.md,THIN_README_OR_INDEX,MEDIUM,README/INDEX is likely navigational scaffold rather than production guidance.,"Expand with concrete workflow, inputs, outputs, and quality gates."
05_OUTPUTS/installer_smoke_test/KICAD_ENGINE_TEST_2026-05-03T00-18-33-993Z/06_DATASHEETS/01_MICROCONTROLLERS/ESPRESSIF/ESP32_S3/README.md,THIN_README_OR_INDEX,MEDIUM,README/INDEX is likely navigational scaffold rather than production guidance.,"Expand with concrete workflow, inputs, outputs, and quality gates."
05_OUTPUTS/installer_smoke_test/KICAD_ENGINE_TEST_2026-05-03T00-18-33-993Z/06_DATASHEETS/01_MICROCONTROLLERS/ESPRESSIF/ESP8266/INDEX.md,THIN_README_OR_INDEX,MEDIUM,README/INDEX is likely navigational scaffold rather than production guidance.,"Expand with concrete workflow, inputs, outputs, and quality gates."
05_OUTPUTS/installer_smoke_test/KICAD_ENGINE_TEST_2026-05-03T00-18-33-993Z/06_DATASHEETS/01_MICROCONTROLLERS/ESPRESSIF/ESP8266/README.md,THIN_README_OR_INDEX,MEDIUM,README/INDEX is likely navigational scaffold rather than production guidance.,"Expand with concrete workflow, inputs, outputs, and quality gates."
05_OUTPUTS/installer_smoke_test/KICAD_ENGINE_TEST_2026-05-03T00-18-33-993Z/06_DATASHEETS/01_MICROCONTROLLERS/ESPRESSIF/INDEX.md,THIN_README_OR_INDEX,MEDIUM,README/INDEX is likely navigational scaffold rather than production guidance.,"Expand with concrete workflow, inputs, outputs, and quality gates."
05_OUTPUTS/installer_smoke_test/KICAD_ENGINE_TEST_2026-05-03T00-18-33-993Z/06_DATASHEETS/01_MICROCONTROLLERS/ESPRESSIF/MODULES/INDEX.md,THIN_README_OR_INDEX,MEDIUM,README/INDEX is likely navigational scaffold rather than production guidance.,"Expand with concrete workflow, inputs, outputs, and quality gates."
05_OUTPUTS/installer_smoke_test/KICAD_ENGINE_TEST_2026-05-03T00-18-33-993Z/06_DATASHEETS/01_MICROCONTROLLERS/ESPRESSIF/MODULES/README.md,THIN_README_OR_INDEX,MEDIUM,README/INDEX is likely navigational scaffold rather than production guidance.,"Expand with concrete workflow, inputs, outputs, and quality gates."
05_OUTPUTS/installer_smoke_test/KICAD_ENGINE_TEST_2026-05-03T00-18-33-993Z/06_DATASHEETS/01_MICROCONTROLLERS/ESPRESSIF/README.md,PLACEHOLDER_LANGUAGE,MEDIUM,File contains boilerplate or unresolved template language that reduces agent usefulness.,Replace with specific instructions/data or move to templates/examples.
05_OUTPUTS/installer_smoke_test/KICAD_ENGINE_TEST_2026-05-03T00-18-33-993Z/06_DATASHEETS/01_MICROCONTROLLERS/GIGADEVICE/INDEX.md,THIN_README_OR_INDEX,MEDIUM,README/INDEX is likely navigational scaffold rather than production guidance.,"Expand with concrete workflow, inputs, outputs, and quality gates."
05_OUTPUTS/installer_smoke_test/KICAD_ENGINE_TEST_2026-05-03T00-18-33-993Z/06_DATASHEETS/01_MICROCONTROLLERS/GIGADEVICE/README.md,THIN_README_OR_INDEX,MEDIUM,README/INDEX is likely navigational scaffold rather than production guidance.,"Expand with concrete workflow, inputs, outputs, and quality gates."
05_OUTPUTS/installer_smoke_test/KICAD_ENGINE_TEST_2026-05-03T00-18-33-993Z/06_DATASHEETS/01_MICROCONTROLLERS/INDEX.md,THIN_README_OR_INDEX,MEDIUM,README/INDEX is likely navigational scaffold rather than production guidance.,"Expand with concrete workflow, inputs, outputs, and quality gates."
05_OUTPUTS/installer_smoke_test/KICAD_ENGINE_TEST_2026-05-03T00-18-33-993Z/06_DATASHEETS/01_MICROCONTROLLERS/INFINEON/INDEX.md,THIN_README_OR_INDEX,MEDIUM,README/INDEX is likely navigational scaffold rather than production guidance.,"Expand with concrete workflow, inputs, outputs, and quality gates."
05_OUTPUTS/installer_smoke_test/KICAD_ENGINE_TEST_2026-05-03T00-18-33-993Z/06_DATASHEETS/01_MICROCONTROLLERS/INFINEON/README.md,THIN_README_OR_INDEX,MEDIUM,README/INDEX is likely navigational scaffold rather than production guidance.,"Expand with concrete workflow, inputs, outputs, and quality gates."
05_OUTPUTS/installer_smoke_test/KICAD_ENGINE_TEST_2026-05-03T00-18-33-993Z/06_DATASHEETS/01_MICROCONTROLLERS/MICROCHIP_AVR/INDEX.md,THIN_README_OR_INDEX,MEDIUM,README/INDEX is likely navigational scaffold rather than production guidance.,"Expand with concrete workflow, inputs, outputs, and quality gates."
05_OUTPUTS/installer_smoke_test/KICAD_ENGINE_TEST_2026-05-03T00-18-33-993Z/06_DATASHEETS/01_MICROCONTROLLERS/MICROCHIP_AVR/README.md,THIN_README_OR_INDEX,MEDIUM,README/INDEX is likely navigational scaffold rather than production guidance.,"Expand with concrete workflow, inputs, outputs, and quality gates."
05_OUTPUTS/installer_smoke_test/KICAD_ENGINE_TEST_2026-05-03T00-18-33-993Z/06_DATASHEETS/01_MICROCONTROLLERS/MICROCHIP_PIC/DESIGN_GUIDES/INDEX.md,THIN_README_OR_INDEX,MEDIUM,README/INDEX is likely navigational scaffold rather than production guidance.,"Expand with concrete workflow, inputs, outputs, and quality gates."
05_OUTPUTS/installer_smoke_test/KICAD_ENGINE_TEST_2026-05-03T00-18-33-993Z/06_DATASHEETS/01_MICROCONTROLLERS/MICROCHIP_PIC/DESIGN_GUIDES/README.md,THIN_README_OR_INDEX,MEDIUM,README/INDEX is likely navigational scaffold rather than production guidance.,"Expand with concrete workflow, inputs, outputs, and quality gates."
05_OUTPUTS/installer_smoke_test/KICAD_ENGINE_TEST_2026-05-03T00-18-33-993Z/06_DATASHEETS/01_MICROCONTROLLERS/MICROCHIP_PIC/DEVELOPMENT_BOARDS/INDEX.md,THIN_README_OR_INDEX,MEDIUM,README/INDEX is likely navigational scaffold rather than production guidance.,"Expand with concrete workflow, inputs, outputs, and quality gates."
05_OUTPUTS/installer_smoke_test/KICAD_ENGINE_TEST_2026-05-03T00-18-33-993Z/06_DATASHEETS/01_MICROCONTROLLERS/MICROCHIP_PIC/DEVELOPMENT_BOARDS/README.md,THIN_README_OR_INDEX,MEDIUM,README/INDEX is likely navigational scaffold rather than production guidance.,"Expand with concrete workflow, inputs, outputs, and quality gates."
05_OUTPUTS/installer_smoke_test/KICAD_ENGINE_TEST_2026-05-03T00-18-33-993Z/06_DATASHEETS/01_MICROCONTROLLERS/MICROCHIP_PIC/ERRATA/INDEX.md,THIN_README_OR_INDEX,MEDIUM,README/INDEX is likely navigational scaffold rather than production guidance.,"Expand with concrete workflow, inputs, outputs, and quality gates."
05_OUTPUTS/installer_smoke_test/KICAD_ENGINE_TEST_2026-05-03T00-18-33-993Z/06_DATASHEETS/01_MICROCONTROLLERS/MICROCHIP_PIC/ERRATA/README.md,THIN_README_OR_INDEX,MEDIUM,README/INDEX is likely navigational scaffold rather than production guidance.,"Expand with concrete workflow, inputs, outputs, and quality gates."
05_OUTPUTS/installer_smoke_test/KICAD_ENGINE_TEST_2026-05-03T00-18-33-993Z/06_DATASHEETS/01_MICROCONTROLLERS/MICROCHIP_PIC/INDEX.md,THIN_README_OR_INDEX,MEDIUM,README/INDEX is likely navigational scaffold rather than production guidance.,"Expand with concrete workflow, inputs, outputs, and quality gates."
05_OUTPUTS/installer_smoke_test/KICAD_ENGINE_TEST_2026-05-03T00-18-33-993Z/06_DATASHEETS/01_MICROCONTROLLERS/MICROCHIP_PIC/PIC10/INDEX.md,THIN_README_OR_INDEX,MEDIUM,README/INDEX is likely navigational scaffold rather than production guidance.,"Expand with concrete workflow, inputs, outputs, and quality gates."
05_OUTPUTS/installer_smoke_test/KICAD_ENGINE_TEST_2026-05-03T00-18-33-993Z/06_DATASHEETS/01_MICROCONTROLLERS/MICROCHIP_PIC/PIC10/README.md,THIN_README_OR_INDEX,MEDIUM,README/INDEX is likely navigational scaffold rather than production guidance.,"Expand with concrete workflow, inputs, outputs, and quality gates."
05_OUTPUTS/installer_smoke_test/KICAD_ENGINE_TEST_2026-05-03T00-18-33-993Z/06_DATASHEETS/01_MICROCONTROLLERS/MICROCHIP_PIC/PIC12/INDEX.md,THIN_README_OR_INDEX,MEDIUM,README/INDEX is likely navigational scaffold rather than production guidance.,"Expand with concrete workflow, inputs, outputs, and quality gates."
05_OUTPUTS/installer_smoke_test/KICAD_ENGINE_TEST_2026-05-03T00-18-33-993Z/06_DATASHEETS/01_MICROCONTROLLERS/MICROCHIP_PIC/PIC12/README.md,THIN_README_OR_INDEX,MEDIUM,README/INDEX is likely navigational scaffold rather than production guidance.,"Expand with concrete workflow, inputs, outputs, and quality gates."
05_OUTPUTS/installer_smoke_test/KICAD_ENGINE_TEST_2026-05-03T00-18-33-993Z/06_DATASHEETS/01_MICROCONTROLLERS/MICROCHIP_PIC/PIC16/INDEX.md,THIN_README_OR_INDEX,MEDIUM,README/INDEX is likely navigational scaffold rather than production guidance.,"Expand with concrete workflow, inputs, outputs, and quality gates."
05_OUTPUTS/installer_smoke_test/KICAD_ENGINE_TEST_2026-05-03T00-18-33-993Z/06_DATASHEETS/01_MICROCONTROLLERS/MICROCHIP_PIC/PIC16/README.md,THIN_README_OR_INDEX,MEDIUM,README/INDEX is likely navigational scaffold rather than production guidance.,"Expand with concrete workflow, inputs, outputs, and quality gates."
05_OUTPUTS/installer_smoke_test/KICAD_ENGINE_TEST_2026-05-03T00-18-33-993Z/06_DATASHEETS/01_MICROCONTROLLERS/MICROCHIP_PIC/PIC18/INDEX.md,THIN_README_OR_INDEX,MEDIUM,README/INDEX is likely navigational scaffold rather than production guidance.,"Expand with concrete workflow, inputs, outputs, and quality gates."
05_OUTPUTS/installer_smoke_test/KICAD_ENGINE_TEST_2026-05-03T00-18-33-993Z/06_DATASHEETS/01_MICROCONTROLLERS/MICROCHIP_PIC/PIC18/README.md,THIN_README_OR_INDEX,MEDIUM,README/INDEX is likely navigational scaffold rather than production guidance.,"Expand with concrete workflow, inputs, outputs, and quality gates."
05_OUTPUTS/installer_smoke_test/KICAD_ENGINE_TEST_2026-05-03T00-18-33-993Z/06_DATASHEETS/01_MICROCONTROLLERS/MICROCHIP_PIC/PIC24/INDEX.md,THIN_README_OR_INDEX,MEDIUM,README/INDEX is likely navigational scaffold rather than production guidance.,"Expand with concrete workflow, inputs, outputs, and quality gates."
05_OUTPUTS/installer_smoke_test/KICAD_ENGINE_TEST_2026-05-03T00-18-33-993Z/06_DATASHEETS/01_MICROCONTROLLERS/MICROCHIP_PIC/PIC24/README.md,THIN_README_OR_INDEX,MEDIUM,README/INDEX is likely navigational scaffold rather than production guidance.,"Expand with concrete workflow, inputs, outputs, and quality gates."
05_OUTPUTS/installer_smoke_test/KICAD_ENGINE_TEST_2026-05-03T00-18-33-993Z/06_DATASHEETS/01_MICROCONTROLLERS/MICROCHIP_PIC/PIC32/INDEX.md,THIN_README_OR_INDEX,MEDIUM,README/INDEX is likely navigational scaffold rather than production guidance.,"Expand with concrete workflow, inputs, outputs, and quality gates."
05_OUTPUTS/installer_smoke_test/KICAD_ENGINE_TEST_2026-05-03T00-18-33-993Z/06_DATASHEETS/01_MICROCONTROLLERS/MICROCHIP_PIC/PIC32/README.md,THIN_README_OR_INDEX,MEDIUM,README/INDEX is likely navigational scaffold rather than production guidance.,"Expand with concrete workflow, inputs, outputs, and quality gates."
05_OUTPUTS/installer_smoke_test/KICAD_ENGINE_TEST_2026-05-03T00-18-33-993Z/06_DATASHEETS/01_MICROCONTROLLERS/MICROCHIP_PIC/PROGRAMMING_DEBUG_PICKIT/INDEX.md,THIN_README_OR_INDEX,MEDIUM,README/INDEX is likely navigational scaffold rather than production guidance.,"Expand with concrete workflow, inputs, outputs, and quality gates."
05_OUTPUTS/installer_smoke_test/KICAD_ENGINE_TEST_2026-05-03T00-18-33-993Z/06_DATASHEETS/01_MICROCONTROLLERS/MICROCHIP_PIC/PROGRAMMING_DEBUG_PICKIT/README.md,THIN_README_OR_INDEX,MEDIUM,README/INDEX is likely navigational scaffold rather than production guidance.,"Expand with concrete workflow, inputs, outputs, and quality gates."
05_OUTPUTS/installer_smoke_test/KICAD_ENGINE_TEST_2026-05-03T00-18-33-993Z/06_DATASHEETS/01_MICROCONTROLLERS/MICROCHIP_PIC/README.md,GENERIC_FOLDER_TEXT,MEDIUM,File contains boilerplate or unresolved template language that reduces agent usefulness.,Replace with specific instructions/data or move to templates/examples.
05_OUTPUTS/installer_smoke_test/KICAD_ENGINE_TEST_2026-05-03T00-18-33-993Z/06_DATASHEETS/01_MICROCONTROLLERS/MICROCHIP_PIC/dsPIC30/INDEX.md,THIN_README_OR_INDEX,MEDIUM,README/INDEX is likely navigational scaffold rather than production guidance.,"Expand with concrete workflow, inputs, outputs, and quality gates."
05_OUTPUTS/installer_smoke_test/KICAD_ENGINE_TEST_2026-05-03T00-18-33-993Z/06_DATASHEETS/01_MICROCONTROLLERS/MICROCHIP_PIC/dsPIC30/README.md,THIN_README_OR_INDEX,MEDIUM,README/INDEX is likely navigational scaffold rather than production guidance.,"Expand with concrete workflow, inputs, outputs, and quality gates."
05_OUTPUTS/installer_smoke_test/KICAD_ENGINE_TEST_2026-05-03T00-18-33-993Z/06_DATASHEETS/01_MICROCONTROLLERS/MICROCHIP_PIC/dsPIC33/INDEX.md,THIN_README_OR_INDEX,MEDIUM,README/INDEX is likely navigational scaffold rather than production guidance.,"Expand with concrete workflow, inputs, outputs, and quality gates."
05_OUTPUTS/installer_smoke_test/KICAD_ENGINE_TEST_2026-05-03T00-18-33-993Z/06_DATASHEETS/01_MICROCONTROLLERS/MICROCHIP_PIC/dsPIC33/README.md,THIN_README_OR_INDEX,MEDIUM,README/INDEX is likely navigational scaffold rather than production guidance.,"Expand with concrete workflow, inputs, outputs, and quality gates."
05_OUTPUTS/installer_smoke_test/KICAD_ENGINE_TEST_2026-05-03T00-18-33-993Z/06_DATASHEETS/01_MICROCONTROLLERS/NORDIC/INDEX.md,THIN_README_OR_INDEX,MEDIUM,README/INDEX is likely navigational scaffold rather than production guidance.,"Expand with concrete workflow, inputs, outputs, and quality gates."
05_OUTPUTS/installer_smoke_test/KICAD_ENGINE_TEST_2026-05-03T00-18-33-993Z/06_DATASHEETS/01_MICROCONTROLLERS/NORDIC/README.md,THIN_README_OR_INDEX,MEDIUM,README/INDEX is likely navigational scaffold rather than production guidance.,"Expand with concrete workflow, inputs, outputs, and quality gates."
05_OUTPUTS/installer_smoke_test/KICAD_ENGINE_TEST_2026-05-03T00-18-33-993Z/06_DATASHEETS/01_MICROCONTROLLERS/NXP/INDEX.md,THIN_README_OR_INDEX,MEDIUM,README/INDEX is likely navigational scaffold rather than production guidance.,"Expand with concrete workflow, inputs, outputs, and quality gates."
05_OUTPUTS/installer_smoke_test/KICAD_ENGINE_TEST_2026-05-03T00-18-33-993Z/06_DATASHEETS/01_MICROCONTROLLERS/NXP/README.md,THIN_README_OR_INDEX,MEDIUM,README/INDEX is likely navigational scaffold rather than production guidance.,"Expand with concrete workflow, inputs, outputs, and quality gates."
05_OUTPUTS/installer_smoke_test/KICAD_ENGINE_TEST_2026-05-03T00-18-33-993Z/06_DATASHEETS/01_MICROCONTROLLERS/OTHER/INDEX.md,THIN_README_OR_INDEX,MEDIUM,README/INDEX is likely navigational scaffold rather than production guidance.,"Expand with concrete workflow, inputs, outputs, and quality gates."
05_OUTPUTS/installer_smoke_test/KICAD_ENGINE_TEST_2026-05-03T00-18-33-993Z/06_DATASHEETS/01_MICROCONTROLLERS/OTHER/README.md,THIN_README_OR_INDEX,MEDIUM,README/INDEX is likely navigational scaffold rather than production guidance.,"Expand with concrete workflow, inputs, outputs, and quality gates."
05_OUTPUTS/installer_smoke_test/KICAD_ENGINE_TEST_2026-05-03T00-18-33-993Z/06_DATASHEETS/01_MICROCONTROLLERS/RASPBERRY_PI_RP2040_RP2350/INDEX.md,THIN_README_OR_INDEX,MEDIUM,README/INDEX is likely navigational scaffold rather than production guidance.,"Expand with concrete workflow, inputs, outputs, and quality gates."
05_OUTPUTS/installer_smoke_test/KICAD_ENGINE_TEST_2026-05-03T00-18-33-993Z/06_DATASHEETS/01_MICROCONTROLLERS/RASPBERRY_PI_RP2040_RP2350/README.md,THIN_README_OR_INDEX,MEDIUM,README/INDEX is likely navigational scaffold rather than production guidance.,"Expand with concrete workflow, inputs, outputs, and quality gates."
05_OUTPUTS/installer_smoke_test/KICAD_ENGINE_TEST_2026-05-03T00-18-33-993Z/06_DATASHEETS/01_MICROCONTROLLERS/README.md,THIN_README_OR_INDEX,MEDIUM,README/INDEX is likely navigational scaffold rather than production guidance.,"Expand with concrete workflow, inputs, outputs, and quality gates."
05_OUTPUTS/installer_smoke_test/KICAD_ENGINE_TEST_2026-05-03T00-18-33-993Z/06_DATASHEETS/01_MICROCONTROLLERS/RENESAS/INDEX.md,THIN_README_OR_INDEX,MEDIUM,README/INDEX is likely navigational scaffold rather than production guidance.,"Expand with concrete workflow, inputs, outputs, and quality gates."
05_OUTPUTS/installer_smoke_test/KICAD_ENGINE_TEST_2026-05-03T00-18-33-993Z/06_DATASHEETS/01_MICROCONTROLLERS/RENESAS/README.md,THIN_README_OR_INDEX,MEDIUM,README/INDEX is likely navigational scaffold rather than production guidance.,"Expand with concrete workflow, inputs, outputs, and quality gates."
05_OUTPUTS/installer_smoke_test/KICAD_ENGINE_TEST_2026-05-03T00-18-33-993Z/06_DATASHEETS/01_MICROCONTROLLERS/SILABS/INDEX.md,THIN_README_OR_INDEX,MEDIUM,README/INDEX is likely navigational scaffold rather than production guidance.,"Expand with concrete workflow, inputs, outputs, and quality gates."
05_OUTPUTS/installer_smoke_test/KICAD_ENGINE_TEST_2026-05-03T00-18-33-993Z/06_DATASHEETS/01_MICROCONTROLLERS/SILABS/README.md,THIN_README_OR_INDEX,MEDIUM,README/INDEX is likely navigational scaffold rather than production guidance.,"Expand with concrete workflow, inputs, outputs, and quality gates."
05_OUTPUTS/installer_smoke_test/KICAD_ENGINE_TEST_2026-05-03T00-18-33-993Z/06_DATASHEETS/01_MICROCONTROLLERS/STMICRO_STM32/DESIGN_GUIDES/INDEX.md,THIN_README_OR_INDEX,MEDIUM,README/INDEX is likely navigational scaffold rather than production guidance.,"Expand with concrete workflow, inputs, outputs, and quality gates."
05_OUTPUTS/installer_smoke_test/KICAD_ENGINE_TEST_2026-05-03T00-18-33-993Z/06_DATASHEETS/01_MICROCONTROLLERS/STMICRO_STM32/DESIGN_GUIDES/README.md,THIN_README_OR_INDEX,MEDIUM,README/INDEX is likely navigational scaffold rather than production guidance.,"Expand with concrete workflow, inputs, outputs, and quality gates."
05_OUTPUTS/installer_smoke_test/KICAD_ENGINE_TEST_2026-05-03T00-18-33-993Z/06_DATASHEETS/01_MICROCONTROLLERS/STMICRO_STM32/DISCOVERY_BOARDS/DISCOVERY_BOARD_INDEX.md,PLACEHOLDER_LANGUAGE,MEDIUM,File contains boilerplate or unresolved template language that reduces agent usefulness.,Replace with specific instructions/data or move to templates/examples.
05_OUTPUTS/installer_smoke_test/KICAD_ENGINE_TEST_2026-05-03T00-18-33-993Z/06_DATASHEETS/01_MICROCONTROLLERS/STMICRO_STM32/DISCOVERY_BOARDS/INDEX.md,THIN_README_OR_INDEX,MEDIUM,README/INDEX is likely navigational scaffold rather than production guidance.,"Expand with concrete workflow, inputs, outputs, and quality gates."
05_OUTPUTS/installer_smoke_test/KICAD_ENGINE_TEST_2026-05-03T00-18-33-993Z/06_DATASHEETS/01_MICROCONTROLLERS/STMICRO_STM32/DISCOVERY_BOARDS/README.md,THIN_README_OR_INDEX,MEDIUM,README/INDEX is likely navigational scaffold rather than production guidance.,"Expand with concrete workflow, inputs, outputs, and quality gates."
05_OUTPUTS/installer_smoke_test/KICAD_ENGINE_TEST_2026-05-03T00-18-33-993Z/06_DATASHEETS/01_MICROCONTROLLERS/STMICRO_STM32/ERRATA/INDEX.md,THIN_README_OR_INDEX,MEDIUM,README/INDEX is likely navigational scaffold rather than production guidance.,"Expand with concrete workflow, inputs, outputs, and quality gates."
05_OUTPUTS/installer_smoke_test/KICAD_ENGINE_TEST_2026-05-03T00-18-33-993Z/06_DATASHEETS/01_MICROCONTROLLERS/STMICRO_STM32/ERRATA/README.md,THIN_README_OR_INDEX,MEDIUM,README/INDEX is likely navigational scaffold rather than production guidance.,"Expand with concrete workflow, inputs, outputs, and quality gates."
05_OUTPUTS/installer_smoke_test/KICAD_ENGINE_TEST_2026-05-03T00-18-33-993Z/06_DATASHEETS/01_MICROCONTROLLERS/STMICRO_STM32/EVAL_BOARDS/INDEX.md,THIN_README_OR_INDEX,MEDIUM,README/INDEX is likely navigational scaffold rather than production guidance.,"Expand with concrete workflow, inputs, outputs, and quality gates."
05_OUTPUTS/installer_smoke_test/KICAD_ENGINE_TEST_2026-05-03T00-18-33-993Z/06_DATASHEETS/01_MICROCONTROLLERS/STMICRO_STM32/EVAL_BOARDS/README.md,THIN_README_OR_INDEX,MEDIUM,README/INDEX is likely navigational scaffold rather than production guidance.,"Expand with concrete workflow, inputs, outputs, and quality gates."
05_OUTPUTS/installer_smoke_test/KICAD_ENGINE_TEST_2026-05-03T00-18-33-993Z/06_DATASHEETS/01_MICROCONTROLLERS/STMICRO_STM32/INDEX.md,THIN_README_OR_INDEX,MEDIUM,README/INDEX is likely navigational scaffold rather than production guidance.,"Expand with concrete workflow, inputs, outputs, and quality gates."
05_OUTPUTS/installer_smoke_test/KICAD_ENGINE_TEST_2026-05-03T00-18-33-993Z/06_DATASHEETS/01_MICROCONTROLLERS/STMICRO_STM32/NUCLEO_BOARDS/INDEX.md,THIN_README_OR_INDEX,MEDIUM,README/INDEX is likely navigational scaffold rather than production guidance.,"Expand with concrete workflow, inputs, outputs, and quality gates."
05_OUTPUTS/installer_smoke_test/KICAD_ENGINE_TEST_2026-05-03T00-18-33-993Z/06_DATASHEETS/01_MICROCONTROLLERS/STMICRO_STM32/NUCLEO_BOARDS/README.md,THIN_README_OR_INDEX,MEDIUM,README/INDEX is likely navigational scaffold rather than production guidance.,"Expand with concrete workflow, inputs, outputs, and quality gates."
05_OUTPUTS/installer_smoke_test/KICAD_ENGINE_TEST_2026-05-03T00-18-33-993Z/06_DATASHEETS/01_MICROCONTROLLERS/STMICRO_STM32/PROGRAMMING_DEBUG_STLINK/INDEX.md,THIN_README_OR_INDEX,MEDIUM,README/INDEX is likely navigational scaffold rather than production guidance.,"Expand with concrete workflow, inputs, outputs, and quality gates."
05_OUTPUTS/installer_smoke_test/KICAD_ENGINE_TEST_2026-05-03T00-18-33-993Z/06_DATASHEETS/01_MICROCONTROLLERS/STMICRO_STM32/PROGRAMMING_DEBUG_STLINK/README.md,THIN_README_OR_INDEX,MEDIUM,README/INDEX is likely navigational scaffold rather than production guidance.,"Expand with concrete workflow, inputs, outputs, and quality gates."
05_OUTPUTS/installer_smoke_test/KICAD_ENGINE_TEST_2026-05-03T00-18-33-993Z/06_DATASHEETS/01_MICROCONTROLLERS/STMICRO_STM32/README.md,GENERIC_FOLDER_TEXT,MEDIUM,File contains boilerplate or unresolved template language that reduces agent usefulness.,Replace with specific instructions/data or move to templates/examples.
05_OUTPUTS/installer_smoke_test/KICAD_ENGINE_TEST_2026-05-03T00-18-33-993Z/06_DATASHEETS/01_MICROCONTROLLERS/STMICRO_STM32/STM32F0/INDEX.md,THIN_README_OR_INDEX,MEDIUM,README/INDEX is likely navigational scaffold rather than production guidance.,"Expand with concrete workflow, inputs, outputs, and quality gates."
05_OUTPUTS/installer_smoke_test/KICAD_ENGINE_TEST_2026-05-03T00-18-33-993Z/06_DATASHEETS/01_MICROCONTROLLERS/STMICRO_STM32/STM32F0/README.md,THIN_README_OR_INDEX,MEDIUM,README/INDEX is likely navigational scaffold rather than production guidance.,"Expand with concrete workflow, inputs, outputs, and quality gates."
05_OUTPUTS/installer_smoke_test/KICAD_ENGINE_TEST_2026-05-03T00-18-33-993Z/06_DATASHEETS/01_MICROCONTROLLERS/STMICRO_STM32/STM32F1/INDEX.md,THIN_README_OR_INDEX,MEDIUM,README/INDEX is likely navigational scaffold rather than production guidance.,"Expand with concrete workflow, inputs, outputs, and quality gates."
05_OUTPUTS/installer_smoke_test/KICAD_ENGINE_TEST_2026-05-03T00-18-33-993Z/06_DATASHEETS/01_MICROCONTROLLERS/STMICRO_STM32/STM32F1/README.md,THIN_README_OR_INDEX,MEDIUM,README/INDEX is likely navigational scaffold rather than production guidance.,"Expand with concrete workflow, inputs, outputs, and quality gates."
05_OUTPUTS/installer_smoke_test/KICAD_ENGINE_TEST_2026-05-03T00-18-33-993Z/06_DATASHEETS/01_MICROCONTROLLERS/STMICRO_STM32/STM32F2/INDEX.md,THIN_README_OR_INDEX,MEDIUM,README/INDEX is likely navigational scaffold rather than production guidance.,"Expand with concrete workflow, inputs, outputs, and quality gates."
05_OUTPUTS/installer_smoke_test/KICAD_ENGINE_TEST_2026-05-03T00-18-33-993Z/06_DATASHEETS/01_MICROCONTROLLERS/STMICRO_STM32/STM32F2/README.md,THIN_README_OR_INDEX,MEDIUM,README/INDEX is likely navigational scaffold rather than production guidance.,"Expand with concrete workflow, inputs, outputs, and quality gates."
05_OUTPUTS/installer_smoke_test/KICAD_ENGINE_TEST_2026-05-03T00-18-33-993Z/06_DATASHEETS/01_MICROCONTROLLERS/STMICRO_STM32/STM32F3/INDEX.md,THIN_README_OR_INDEX,MEDIUM,README/INDEX is likely navigational scaffold rather than production guidance.,"Expand with concrete workflow, inputs, outputs, and quality gates."
05_OUTPUTS/installer_smoke_test/KICAD_ENGINE_TEST_2026-05-03T00-18-33-993Z/06_DATASHEETS/01_MICROCONTROLLERS/STMICRO_STM32/STM32F3/README.md,THIN_README_OR_INDEX,MEDIUM,README/INDEX is likely navigational scaffold rather than production guidance.,"Expand with concrete workflow, inputs, outputs, and quality gates."
05_OUTPUTS/installer_smoke_test/KICAD_ENGINE_TEST_2026-05-03T00-18-33-993Z/06_DATASHEETS/01_MICROCONTROLLERS/STMICRO_STM32/STM32F4/INDEX.md,THIN_README_OR_INDEX,MEDIUM,README/INDEX is likely navigational scaffold rather than production guidance.,"Expand with concrete workflow, inputs, outputs, and quality gates."
05_OUTPUTS/installer_smoke_test/KICAD_ENGINE_TEST_2026-05-03T00-18-33-993Z/06_DATASHEETS/01_MICROCONTROLLERS/STMICRO_STM32/STM32F4/README.md,THIN_README_OR_INDEX,MEDIUM,README/INDEX is likely navigational scaffold rather than production guidance.,"Expand with concrete workflow, inputs, outputs, and quality gates."
05_OUTPUTS/installer_smoke_test/KICAD_ENGINE_TEST_2026-05-03T00-18-33-993Z/06_DATASHEETS/01_MICROCONTROLLERS/STMICRO_STM32/STM32F7/INDEX.md,THIN_README_OR_INDEX,MEDIUM,README/INDEX is likely navigational scaffold rather than production guidance.,"Expand with concrete workflow, inputs, outputs, and quality gates."
05_OUTPUTS/installer_smoke_test/KICAD_ENGINE_TEST_2026-05-03T00-18-33-993Z/06_DATASHEETS/01_MICROCONTROLLERS/STMICRO_STM32/STM32F7/README.md,THIN_README_OR_INDEX,MEDIUM,README/INDEX is likely navigational scaffold rather than production guidance.,"Expand with concrete workflow, inputs, outputs, and quality gates."
05_OUTPUTS/installer_smoke_test/KICAD_ENGINE_TEST_2026-05-03T00-18-33-993Z/06_DATASHEETS/01_MICROCONTROLLERS/STMICRO_STM32/STM32G0/INDEX.md,THIN_README_OR_INDEX,MEDIUM,README/INDEX is likely navigational scaffold rather than production guidance.,"Expand with concrete workflow, inputs, outputs, and quality gates."
05_OUTPUTS/installer_smoke_test/KICAD_ENGINE_TEST_2026-05-03T00-18-33-993Z/06_DATASHEETS/01_MICROCONTROLLERS/STMICRO_STM32/STM32G0/README.md,THIN_README_OR_INDEX,MEDIUM,README/INDEX is likely navigational scaffold rather than production guidance.,"Expand with concrete workflow, inputs, outputs, and quality gates."
05_OUTPUTS/installer_smoke_test/KICAD_ENGINE_TEST_2026-05-03T00-18-33-993Z/06_DATASHEETS/01_MICROCONTROLLERS/STMICRO_STM32/STM32G4/INDEX.md,THIN_README_OR_INDEX,MEDIUM,README/INDEX is likely navigational scaffold rather than production guidance.,"Expand with concrete workflow, inputs, outputs, and quality gates."
05_OUTPUTS/installer_smoke_test/KICAD_ENGINE_TEST_2026-05-03T00-18-33-993Z/06_DATASHEETS/01_MICROCONTROLLERS/STMICRO_STM32/STM32G4/README.md,THIN_README_OR_INDEX,MEDIUM,README/INDEX is likely navigational scaffold rather than production guidance.,"Expand with concrete workflow, inputs, outputs, and quality gates."
05_OUTPUTS/installer_smoke_test/KICAD_ENGINE_TEST_2026-05-03T00-18-33-993Z/06_DATASHEETS/01_MICROCONTROLLERS/STMICRO_STM32/STM32H5/INDEX.md,THIN_README_OR_INDEX,MEDIUM,README/INDEX is likely navigational scaffold rather than production guidance.,"Expand with concrete workflow, inputs, outputs, and quality gates."
05_OUTPUTS/installer_smoke_test/KICAD_ENGINE_TEST_2026-05-03T00-18-33-993Z/06_DATASHEETS/01_MICROCONTROLLERS/STMICRO_STM32/STM32H5/README.md,THIN_README_OR_INDEX,MEDIUM,README/INDEX is likely navigational scaffold rather than production guidance.,"Expand with concrete workflow, inputs, outputs, and quality gates."
05_OUTPUTS/installer_smoke_test/KICAD_ENGINE_TEST_2026-05-03T00-18-33-993Z/06_DATASHEETS/01_MICROCONTROLLERS/STMICRO_STM32/STM32H7/INDEX.md,THIN_README_OR_INDEX,MEDIUM,README/INDEX is likely navigational scaffold rather than production guidance.,"Expand with concrete workflow, inputs, outputs, and quality gates."
05_OUTPUTS/installer_smoke_test/KICAD_ENGINE_TEST_2026-05-03T00-18-33-993Z/06_DATASHEETS/01_MICROCONTROLLERS/STMICRO_STM32/STM32H7/README.md,THIN_README_OR_INDEX,MEDIUM,README/INDEX is likely navigational scaffold rather than production guidance.,"Expand with concrete workflow, inputs, outputs, and quality gates."
05_OUTPUTS/installer_smoke_test/KICAD_ENGINE_TEST_2026-05-03T00-18-33-993Z/06_DATASHEETS/01_MICROCONTROLLERS/STMICRO_STM32/STM32L0/INDEX.md,THIN_README_OR_INDEX,MEDIUM,README/INDEX is likely navigational scaffold rather than production guidance.,"Expand with concrete workflow, inputs, outputs, and quality gates."
05_OUTPUTS/installer_smoke_test/KICAD_ENGINE_TEST_2026-05-03T00-18-33-993Z/06_DATASHEETS/01_MICROCONTROLLERS/STMICRO_STM32/STM32L0/README.md,THIN_README_OR_INDEX,MEDIUM,README/INDEX is likely navigational scaffold rather than production guidance.,"Expand with concrete workflow, inputs, outputs, and quality gates."
05_OUTPUTS/installer_smoke_test/KICAD_ENGINE_TEST_2026-05-03T00-18-33-993Z/06_DATASHEETS/01_MICROCONTROLLERS/STMICRO_STM32/STM32L1/INDEX.md,THIN_README_OR_INDEX,MEDIUM,README/INDEX is likely navigational scaffold rather than production guidance.,"Expand with concrete workflow, inputs, outputs, and quality gates."
05_OUTPUTS/installer_smoke_test/KICAD_ENGINE_TEST_2026-05-03T00-18-33-993Z/06_DATASHEETS/01_MICROCONTROLLERS/STMICRO_STM32/STM32L1/README.md,THIN_README_OR_INDEX,MEDIUM,README/INDEX is likely navigational scaffold rather than production guidance.,"Expand with concrete workflow, inputs, outputs, and quality gates."
05_OUTPUTS/installer_smoke_test/KICAD_ENGINE_TEST_2026-05-03T00-18-33-993Z/06_DATASHEETS/01_MICROCONTROLLERS/STMICRO_STM32/STM32L4/INDEX.md,THIN_README_OR_INDEX,MEDIUM,README/INDEX is likely navigational scaffold rather than production guidance.,"Expand with concrete workflow, inputs, outputs, and quality gates."
05_OUTPUTS/installer_smoke_test/KICAD_ENGINE_TEST_2026-05-03T00-18-33-993Z/06_DATASHEETS/01_MICROCONTROLLERS/STMICRO_STM32/STM32L4/README.md,THIN_README_OR_INDEX,MEDIUM,README/INDEX is likely navigational scaffold rather than production guidance.,"Expand with concrete workflow, inputs, outputs, and quality gates."
05_OUTPUTS/installer_smoke_test/KICAD_ENGINE_TEST_2026-05-03T00-18-33-993Z/06_DATASHEETS/01_MICROCONTROLLERS/STMICRO_STM32/STM32L5/INDEX.md,THIN_README_OR_INDEX,MEDIUM,README/INDEX is likely navigational scaffold rather than production guidance.,"Expand with concrete workflow, inputs, outputs, and quality gates."
05_OUTPUTS/installer_smoke_test/KICAD_ENGINE_TEST_2026-05-03T00-18-33-993Z/06_DATASHEETS/01_MICROCONTROLLERS/STMICRO_STM32/STM32L5/README.md,THIN_README_OR_INDEX,MEDIUM,README/INDEX is likely navigational scaffold rather than production guidance.,"Expand with concrete workflow, inputs, outputs, and quality gates."
05_OUTPUTS/installer_smoke_test/KICAD_ENGINE_TEST_2026-05-03T00-18-33-993Z/06_DATASHEETS/01_MICROCONTROLLERS/STMICRO_STM32/STM32MP/INDEX.md,THIN_README_OR_INDEX,MEDIUM,README/INDEX is likely navigational scaffold rather than production guidance.,"Expand with concrete workflow, inputs, outputs, and quality gates."
05_OUTPUTS/installer_smoke_test/KICAD_ENGINE_TEST_2026-05-03T00-18-33-993Z/06_DATASHEETS/01_MICROCONTROLLERS/STMICRO_STM32/STM32MP/README.md,THIN_README_OR_INDEX,MEDIUM,README/INDEX is likely navigational scaffold rather than production guidance.,"Expand with concrete workflow, inputs, outputs, and quality gates."
05_OUTPUTS/installer_smoke_test/KICAD_ENGINE_TEST_2026-05-03T00-18-33-993Z/06_DATASHEETS/01_MICROCONTROLLERS/STMICRO_STM32/STM32U0/INDEX.md,THIN_README_OR_INDEX,MEDIUM,README/INDEX is likely navigational scaffold rather than production guidance.,"Expand with concrete workflow, inputs, outputs, and quality gates."
05_OUTPUTS/installer_smoke_test/KICAD_ENGINE_TEST_2026-05-03T00-18-33-993Z/06_DATASHEETS/01_MICROCONTROLLERS/STMICRO_STM32/STM32U0/README.md,THIN_README_OR_INDEX,MEDIUM,README/INDEX is likely navigational scaffold rather than production guidance.,"Expand with concrete workflow, inputs, outputs, and quality gates."
05_OUTPUTS/installer_smoke_test/KICAD_ENGINE_TEST_2026-05-03T00-18-33-993Z/06_DATASHEETS/01_MICROCONTROLLERS/STMICRO_STM32/STM32U5/INDEX.md,THIN_README_OR_INDEX,MEDIUM,README/INDEX is likely navigational scaffold rather than production guidance.,"Expand with concrete workflow, inputs, outputs, and quality gates."
05_OUTPUTS/installer_smoke_test/KICAD_ENGINE_TEST_2026-05-03T00-18-33-993Z/06_DATASHEETS/01_MICROCONTROLLERS/STMICRO_STM32/STM32U5/README.md,THIN_README_OR_INDEX,MEDIUM,README/INDEX is likely navigational scaffold rather than production guidance.,"Expand with concrete workflow, inputs, outputs, and quality gates."
05_OUTPUTS/installer_smoke_test/KICAD_ENGINE_TEST_2026-05-03T00-18-33-993Z/06_DATASHEETS/01_MICROCONTROLLERS/STMICRO_STM32/STM32WB/INDEX.md,THIN_README_OR_INDEX,MEDIUM,README/INDEX is likely navigational scaffold rather than production guidance.,"Expand with concrete workflow, inputs, outputs, and quality gates."
05_OUTPUTS/installer_smoke_test/KICAD_ENGINE_TEST_2026-05-03T00-18-33-993Z/06_DATASHEETS/01_MICROCONTROLLERS/STMICRO_STM32/STM32WB/README.md,THIN_README_OR_INDEX,MEDIUM,README/INDEX is likely navigational scaffold rather than production guidance.,"Expand with concrete workflow, inputs, outputs, and quality gates."
05_OUTPUTS/installer_smoke_test/KICAD_ENGINE_TEST_2026-05-03T00-18-33-993Z/06_DATASHEETS/01_MICROCONTROLLERS/STMICRO_STM32/STM32WL/INDEX.md,THIN_README_OR_INDEX,MEDIUM,README/INDEX is likely navigational scaffold rather than production guidance.,"Expand with concrete workflow, inputs, outputs, and quality gates."
05_OUTPUTS/installer_smoke_test/KICAD_ENGINE_TEST_2026-05-03T00-18-33-993Z/06_DATASHEETS/01_MICROCONTROLLERS/STMICRO_STM32/STM32WL/README.md,THIN_README_OR_INDEX,MEDIUM,README/INDEX is likely navigational scaffold rather than production guidance.,"Expand with concrete workflow, inputs, outputs, and quality gates."
05_OUTPUTS/installer_smoke_test/KICAD_ENGINE_TEST_2026-05-03T00-18-33-993Z/06_DATASHEETS/01_MICROCONTROLLERS/STMICRO_STM32/STM32_MASTER_INDEX.md,PLACEHOLDER_LANGUAGE,MEDIUM,File contains boilerplate or unresolved template language that reduces agent usefulness.,Replace with specific instructions/data or move to templates/examples.
05_OUTPUTS/installer_smoke_test/KICAD_ENGINE_TEST_2026-05-03T00-18-33-993Z/06_DATASHEETS/01_MICROCONTROLLERS/TI/INDEX.md,THIN_README_OR_INDEX,MEDIUM,README/INDEX is likely navigational scaffold rather than production guidance.,"Expand with concrete workflow, inputs, outputs, and quality gates."
05_OUTPUTS/installer_smoke_test/KICAD_ENGINE_TEST_2026-05-03T00-18-33-993Z/06_DATASHEETS/01_MICROCONTROLLERS/TI/README.md,THIN_README_OR_INDEX,MEDIUM,README/INDEX is likely navigational scaffold rather than production guidance.,"Expand with concrete workflow, inputs, outputs, and quality gates."
05_OUTPUTS/installer_smoke_test/KICAD_ENGINE_TEST_2026-05-03T00-18-33-993Z/06_DATASHEETS/01_MICROCONTROLLERS/WCH/INDEX.md,THIN_README_OR_INDEX,MEDIUM,README/INDEX is likely navigational scaffold rather than production guidance.,"Expand with concrete workflow, inputs, outputs, and quality gates."
05_OUTPUTS/installer_smoke_test/KICAD_ENGINE_TEST_2026-05-03T00-18-33-993Z/06_DATASHEETS/01_MICROCONTROLLERS/WCH/README.md,THIN_README_OR_INDEX,MEDIUM,README/INDEX is likely navigational scaffold rather than production guidance.,"Expand with concrete workflow, inputs, outputs, and quality gates."
05_OUTPUTS/installer_smoke_test/KICAD_ENGINE_TEST_2026-05-03T00-18-33-993Z/06_DATASHEETS/02_DEV_BOARDS_AND_MODULES/INDEX.md,THIN_README_OR_INDEX,MEDIUM,README/INDEX is likely navigational scaffold rather than production guidance.,"Expand with concrete workflow, inputs, outputs, and quality gates."
05_OUTPUTS/installer_smoke_test/KICAD_ENGINE_TEST_2026-05-03T00-18-33-993Z/06_DATASHEETS/02_DEV_BOARDS_AND_MODULES/README.md,THIN_README_OR_INDEX,MEDIUM,README/INDEX is likely navigational scaffold rather than production guidance.,"Expand with concrete workflow, inputs, outputs, and quality gates."
05_OUTPUTS/installer_smoke_test/KICAD_ENGINE_TEST_2026-05-03T00-18-33-993Z/06_DATASHEETS/03_POWER/INDEX.md,THIN_README_OR_INDEX,MEDIUM,README/INDEX is likely navigational scaffold rather than production guidance.,"Expand with concrete workflow, inputs, outputs, and quality gates."
05_OUTPUTS/installer_smoke_test/KICAD_ENGINE_TEST_2026-05-03T00-18-33-993Z/06_DATASHEETS/03_POWER/README.md,THIN_README_OR_INDEX,MEDIUM,README/INDEX is likely navigational scaffold rather than production guidance.,"Expand with concrete workflow, inputs, outputs, and quality gates."
05_OUTPUTS/installer_smoke_test/KICAD_ENGINE_TEST_2026-05-03T00-18-33-993Z/06_DATASHEETS/04_COMMUNICATION/INDEX.md,THIN_README_OR_INDEX,MEDIUM,README/INDEX is likely navigational scaffold rather than production guidance.,"Expand with concrete workflow, inputs, outputs, and quality gates."
05_OUTPUTS/installer_smoke_test/KICAD_ENGINE_TEST_2026-05-03T00-18-33-993Z/06_DATASHEETS/04_COMMUNICATION/README.md,THIN_README_OR_INDEX,MEDIUM,README/INDEX is likely navigational scaffold rather than production guidance.,"Expand with concrete workflow, inputs, outputs, and quality gates."
05_OUTPUTS/installer_smoke_test/KICAD_ENGINE_TEST_2026-05-03T00-18-33-993Z/06_DATASHEETS/05_CONNECTORS/INDEX.md,THIN_README_OR_INDEX,MEDIUM,README/INDEX is likely navigational scaffold rather than production guidance.,"Expand with concrete workflow, inputs, outputs, and quality gates."
05_OUTPUTS/installer_smoke_test/KICAD_ENGINE_TEST_2026-05-03T00-18-33-993Z/06_DATASHEETS/05_CONNECTORS/README.md,THIN_README_OR_INDEX,MEDIUM,README/INDEX is likely navigational scaffold rather than production guidance.,"Expand with concrete workflow, inputs, outputs, and quality gates."
05_OUTPUTS/installer_smoke_test/KICAD_ENGINE_TEST_2026-05-03T00-18-33-993Z/06_DATASHEETS/05_CONNECTORS/SOURCES.md,PLACEHOLDER_LANGUAGE,MEDIUM,File contains boilerplate or unresolved template language that reduces agent usefulness.,Replace with specific instructions/data or move to templates/examples.
05_OUTPUTS/installer_smoke_test/KICAD_ENGINE_TEST_2026-05-03T00-18-33-993Z/06_DATASHEETS/06_PROTECTION/INDEX.md,THIN_README_OR_INDEX,MEDIUM,README/INDEX is likely navigational scaffold rather than production guidance.,"Expand with concrete workflow, inputs, outputs, and quality gates."
05_OUTPUTS/installer_smoke_test/KICAD_ENGINE_TEST_2026-05-03T00-18-33-993Z/06_DATASHEETS/06_PROTECTION/README.md,THIN_README_OR_INDEX,MEDIUM,README/INDEX is likely navigational scaffold rather than production guidance.,"Expand with concrete workflow, inputs, outputs, and quality gates."
05_OUTPUTS/installer_smoke_test/KICAD_ENGINE_TEST_2026-05-03T00-18-33-993Z/06_DATASHEETS/07_SENSORS/INDEX.md,THIN_README_OR_INDEX,MEDIUM,README/INDEX is likely navigational scaffold rather than production guidance.,"Expand with concrete workflow, inputs, outputs, and quality gates."
05_OUTPUTS/installer_smoke_test/KICAD_ENGINE_TEST_2026-05-03T00-18-33-993Z/06_DATASHEETS/07_SENSORS/README.md,THIN_README_OR_INDEX,MEDIUM,README/INDEX is likely navigational scaffold rather than production guidance.,"Expand with concrete workflow, inputs, outputs, and quality gates."
05_OUTPUTS/installer_smoke_test/KICAD_ENGINE_TEST_2026-05-03T00-18-33-993Z/06_DATASHEETS/08_ANALOG/INDEX.md,THIN_README_OR_INDEX,MEDIUM,README/INDEX is likely navigational scaffold rather than production guidance.,"Expand with concrete workflow, inputs, outputs, and quality gates."
05_OUTPUTS/installer_smoke_test/KICAD_ENGINE_TEST_2026-05-03T00-18-33-993Z/06_DATASHEETS/08_ANALOG/README.md,THIN_README_OR_INDEX,MEDIUM,README/INDEX is likely navigational scaffold rather than production guidance.,"Expand with concrete workflow, inputs, outputs, and quality gates."
05_OUTPUTS/installer_smoke_test/KICAD_ENGINE_TEST_2026-05-03T00-18-33-993Z/06_DATASHEETS/09_DRIVERS/INDEX.md,THIN_README_OR_INDEX,MEDIUM,README/INDEX is likely navigational scaffold rather than production guidance.,"Expand with concrete workflow, inputs, outputs, and quality gates."
05_OUTPUTS/installer_smoke_test/KICAD_ENGINE_TEST_2026-05-03T00-18-33-993Z/06_DATASHEETS/09_DRIVERS/README.md,THIN_README_OR_INDEX,MEDIUM,README/INDEX is likely navigational scaffold rather than production guidance.,"Expand with concrete workflow, inputs, outputs, and quality gates."
05_OUTPUTS/installer_smoke_test/KICAD_ENGINE_TEST_2026-05-03T00-18-33-993Z/06_DATASHEETS/10_DISPLAYS/INDEX.md,THIN_README_OR_INDEX,MEDIUM,README/INDEX is likely navigational scaffold rather than production guidance.,"Expand with concrete workflow, inputs, outputs, and quality gates."
05_OUTPUTS/installer_smoke_test/KICAD_ENGINE_TEST_2026-05-03T00-18-33-993Z/06_DATASHEETS/10_DISPLAYS/README.md,THIN_README_OR_INDEX,MEDIUM,README/INDEX is likely navigational scaffold rather than production guidance.,"Expand with concrete workflow, inputs, outputs, and quality gates."
05_OUTPUTS/installer_smoke_test/KICAD_ENGINE_TEST_2026-05-03T00-18-33-993Z/06_DATASHEETS/11_PASSIVES/INDEX.md,THIN_README_OR_INDEX,MEDIUM,README/INDEX is likely navigational scaffold rather than production guidance.,"Expand with concrete workflow, inputs, outputs, and quality gates."
05_OUTPUTS/installer_smoke_test/KICAD_ENGINE_TEST_2026-05-03T00-18-33-993Z/06_DATASHEETS/11_PASSIVES/README.md,THIN_README_OR_INDEX,MEDIUM,README/INDEX is likely navigational scaffold rather than production guidance.,"Expand with concrete workflow, inputs, outputs, and quality gates."
05_OUTPUTS/installer_smoke_test/KICAD_ENGINE_TEST_2026-05-03T00-18-33-993Z/06_DATASHEETS/12_RF_AND_ANTENNAS/INDEX.md,THIN_README_OR_INDEX,MEDIUM,README/INDEX is likely navigational scaffold rather than production guidance.,"Expand with concrete workflow, inputs, outputs, and quality gates."
05_OUTPUTS/installer_smoke_test/KICAD_ENGINE_TEST_2026-05-03T00-18-33-993Z/06_DATASHEETS/12_RF_AND_ANTENNAS/README.md,THIN_README_OR_INDEX,MEDIUM,README/INDEX is likely navigational scaffold rather than production guidance.,"Expand with concrete workflow, inputs, outputs, and quality gates."
05_OUTPUTS/installer_smoke_test/KICAD_ENGINE_TEST_2026-05-03T00-18-33-993Z/06_DATASHEETS/13_MEMORY_STORAGE/INDEX.md,THIN_README_OR_INDEX,MEDIUM,README/INDEX is likely navigational scaffold rather than production guidance.,"Expand with concrete workflow, inputs, outputs, and quality gates."
05_OUTPUTS/installer_smoke_test/KICAD_ENGINE_TEST_2026-05-03T00-18-33-993Z/06_DATASHEETS/13_MEMORY_STORAGE/README.md,THIN_README_OR_INDEX,MEDIUM,README/INDEX is likely navigational scaffold rather than production guidance.,"Expand with concrete workflow, inputs, outputs, and quality gates."
05_OUTPUTS/installer_smoke_test/KICAD_ENGINE_TEST_2026-05-03T00-18-33-993Z/06_DATASHEETS/14_CLOCKS_TIMING/INDEX.md,THIN_README_OR_INDEX,MEDIUM,README/INDEX is likely navigational scaffold rather than production guidance.,"Expand with concrete workflow, inputs, outputs, and quality gates."
05_OUTPUTS/installer_smoke_test/KICAD_ENGINE_TEST_2026-05-03T00-18-33-993Z/06_DATASHEETS/14_CLOCKS_TIMING/README.md,THIN_README_OR_INDEX,MEDIUM,README/INDEX is likely navigational scaffold rather than production guidance.,"Expand with concrete workflow, inputs, outputs, and quality gates."
05_OUTPUTS/installer_smoke_test/KICAD_ENGINE_TEST_2026-05-03T00-18-33-993Z/06_DATASHEETS/15_SWITCHES_BUTTONS_RELAYS/INDEX.md,THIN_README_OR_INDEX,MEDIUM,README/INDEX is likely navigational scaffold rather than production guidance.,"Expand with concrete workflow, inputs, outputs, and quality gates."
05_OUTPUTS/installer_smoke_test/KICAD_ENGINE_TEST_2026-05-03T00-18-33-993Z/06_DATASHEETS/15_SWITCHES_BUTTONS_RELAYS/README.md,THIN_README_OR_INDEX,MEDIUM,README/INDEX is likely navigational scaffold rather than production guidance.,"Expand with concrete workflow, inputs, outputs, and quality gates."
05_OUTPUTS/installer_smoke_test/KICAD_ENGINE_TEST_2026-05-03T00-18-33-993Z/06_DATASHEETS/16_FAB_ASSEMBLY_REFERENCES/INDEX.md,THIN_README_OR_INDEX,MEDIUM,README/INDEX is likely navigational scaffold rather than production guidance.,"Expand with concrete workflow, inputs, outputs, and quality gates."
05_OUTPUTS/installer_smoke_test/KICAD_ENGINE_TEST_2026-05-03T00-18-33-993Z/06_DATASHEETS/16_FAB_ASSEMBLY_REFERENCES/README.md,THIN_README_OR_INDEX,MEDIUM,README/INDEX is likely navigational scaffold rather than production guidance.,"Expand with concrete workflow, inputs, outputs, and quality gates."
05_OUTPUTS/installer_smoke_test/KICAD_ENGINE_TEST_2026-05-03T00-18-33-993Z/06_DATASHEETS/17_APPLICATION_NOTES/INDEX.md,THIN_README_OR_INDEX,MEDIUM,README/INDEX is likely navigational scaffold rather than production guidance.,"Expand with concrete workflow, inputs, outputs, and quality gates."
05_OUTPUTS/installer_smoke_test/KICAD_ENGINE_TEST_2026-05-03T00-18-33-993Z/06_DATASHEETS/17_APPLICATION_NOTES/README.md,THIN_README_OR_INDEX,MEDIUM,README/INDEX is likely navigational scaffold rather than production guidance.,"Expand with concrete workflow, inputs, outputs, and quality gates."
05_OUTPUTS/installer_smoke_test/KICAD_ENGINE_TEST_2026-05-03T00-18-33-993Z/06_DATASHEETS/18_REFERENCE_DESIGNS/INDEX.md,THIN_README_OR_INDEX,MEDIUM,README/INDEX is likely navigational scaffold rather than production guidance.,"Expand with concrete workflow, inputs, outputs, and quality gates."
05_OUTPUTS/installer_smoke_test/KICAD_ENGINE_TEST_2026-05-03T00-18-33-993Z/06_DATASHEETS/18_REFERENCE_DESIGNS/README.md,THIN_README_OR_INDEX,MEDIUM,README/INDEX is likely navigational scaffold rather than production guidance.,"Expand with concrete workflow, inputs, outputs, and quality gates."
05_OUTPUTS/installer_smoke_test/KICAD_ENGINE_TEST_2026-05-03T00-18-33-993Z/06_DATASHEETS/19_VENDOR_PORTALS/INDEX.md,THIN_README_OR_INDEX,MEDIUM,README/INDEX is likely navigational scaffold rather than production guidance.,"Expand with concrete workflow, inputs, outputs, and quality gates."
05_OUTPUTS/installer_smoke_test/KICAD_ENGINE_TEST_2026-05-03T00-18-33-993Z/06_DATASHEETS/19_VENDOR_PORTALS/README.md,THIN_README_OR_INDEX,MEDIUM,README/INDEX is likely navigational scaffold rather than production guidance.,"Expand with concrete workflow, inputs, outputs, and quality gates."
05_OUTPUTS/installer_smoke_test/KICAD_ENGINE_TEST_2026-05-03T00-18-33-993Z/06_DATASHEETS/99_UNSORTED_INBOX/INDEX.md,THIN_README_OR_INDEX,MEDIUM,README/INDEX is likely navigational scaffold rather than production guidance.,"Expand with concrete workflow, inputs, outputs, and quality gates."
05_OUTPUTS/installer_smoke_test/KICAD_ENGINE_TEST_2026-05-03T00-18-33-993Z/06_DATASHEETS/99_UNSORTED_INBOX/README.md,THIN_README_OR_INDEX,MEDIUM,README/INDEX is likely navigational scaffold rather than production guidance.,"Expand with concrete workflow, inputs, outputs, and quality gates."
05_OUTPUTS/installer_smoke_test/KICAD_ENGINE_TEST_2026-05-03T00-18-33-993Z/08_COMPONENT_DATABASE/01_MICROCONTROLLERS/MICROCHIP_PIC_FAMILY_OVERVIEW.md,PLACEHOLDER_LANGUAGE,MEDIUM,File contains boilerplate or unresolved template language that reduces agent usefulness.,Replace with specific instructions/data or move to templates/examples.
05_OUTPUTS/installer_smoke_test/KICAD_ENGINE_TEST_2026-05-03T00-18-33-993Z/08_COMPONENT_DATABASE/09_PASSIVES/PASSIVES_GUIDE.md,PLACEHOLDER_LANGUAGE,MEDIUM,File contains boilerplate or unresolved template language that reduces agent usefulness.,Replace with specific instructions/data or move to templates/examples.
05_OUTPUTS/installer_smoke_test/KICAD_ENGINE_TEST_2026-05-03T00-18-33-993Z/08_COMPONENT_DATABASE/13_DESIGN_RULE_SNIPPETS/CRYSTAL_LAYOUT_RULES.md,PLACEHOLDER_LANGUAGE,MEDIUM,File contains boilerplate or unresolved template language that reduces agent usefulness.,Replace with specific instructions/data or move to templates/examples.
05_OUTPUTS/installer_smoke_test/KICAD_ENGINE_TEST_2026-05-03T00-18-33-993Z/08_COMPONENT_DATABASE/13_DESIGN_RULE_SNIPPETS/DECOUPLING_CAPACITOR_RULES.md,PLACEHOLDER_LANGUAGE,MEDIUM,File contains boilerplate or unresolved template language that reduces agent usefulness.,Replace with specific instructions/data or move to templates/examples.
05_OUTPUTS/installer_smoke_test/KICAD_ENGINE_TEST_2026-05-03T00-18-33-993Z/99_BACKUPS/README.md,THIN_README_OR_INDEX,MEDIUM,README/INDEX is likely navigational scaffold rather than production guidance.,"Expand with concrete workflow, inputs, outputs, and quality gates."
05_OUTPUTS/installer_smoke_test/KICAD_ENGINE_TEST_2026-05-03T00-18-33-993Z/FOR CHAT GPT.MD,PLACEHOLDER_LANGUAGE,MEDIUM,File contains boilerplate or unresolved template language that reduces agent usefulness.,Replace with specific instructions/data or move to templates/examples.
05_OUTPUTS/installer_smoke_test/KICAD_ENGINE_TEST_2026-05-03T00-18-33-993Z/README.md,PLACEHOLDER_LANGUAGE,MEDIUM,File contains boilerplate or unresolved template language that reduces agent usefulness.,Replace with specific instructions/data or move to templates/examples.
05_OUTPUTS/installer_smoke_test/KICAD_ENGINE_TEST_2026-05-03T00-18-33-993Z/README_GPT.md,PLACEHOLDER_LANGUAGE,MEDIUM,File contains boilerplate or unresolved template language that reduces agent usefulness.,Replace with specific instructions/data or move to templates/examples.
05_OUTPUTS/installer_smoke_test/KICAD_ENGINE_TEST_2026-05-03T00-18-33-993Z/ROADMAP.md,PLACEHOLDER_LANGUAGE,MEDIUM,File contains boilerplate or unresolved template language that reduces agent usefulness.,Replace with specific instructions/data or move to templates/examples.
05_OUTPUTS/installer_smoke_test/KICAD_ENGINE_TEST_2026-05-03T00-18-33-993Z/health_check.py,PLACEHOLDER_LANGUAGE,MEDIUM,File contains boilerplate or unresolved template language that reduces agent usefulness.,Replace with specific instructions/data or move to templates/examples.
05_OUTPUTS/installer_smoke_test/KICAD_ENGINE_TEST_2026-05-03T00-18-33-993Z/setup/common/README.md,THIN_README_OR_INDEX,MEDIUM,README/INDEX is likely navigational scaffold rather than production guidance.,"Expand with concrete workflow, inputs, outputs, and quality gates."
05_OUTPUTS/installer_smoke_test/KICAD_ENGINE_TEST_2026-05-03T00-18-33-993Z/setup/linux/README.md,THIN_README_OR_INDEX,MEDIUM,README/INDEX is likely navigational scaffold rather than production guidance.,"Expand with concrete workflow, inputs, outputs, and quality gates."
05_OUTPUTS/installer_smoke_test/KICAD_ENGINE_TEST_2026-05-03T00-18-33-993Z/setup/macos/README.md,THIN_README_OR_INDEX,MEDIUM,README/INDEX is likely navigational scaffold rather than production guidance.,"Expand with concrete workflow, inputs, outputs, and quality gates."
05_OUTPUTS/playwright_research/PILOT_RESEARCH_RUN_SUMMARY.md,PLACEHOLDER_LANGUAGE,MEDIUM,File contains boilerplate or unresolved template language that reduces agent usefulness.,Replace with specific instructions/data or move to templates/examples.
05_OUTPUTS/release_readiness/FINAL_STRUCTURE_BLOCKERS.md,PLACEHOLDER_LANGUAGE,MEDIUM,File contains boilerplate or unresolved template language that reduces agent usefulness.,Replace with specific instructions/data or move to templates/examples.
05_OUTPUTS/release_readiness/FINAL_STRUCTURE_NEXT_STEPS.md,PLACEHOLDER_LANGUAGE,MEDIUM,File contains boilerplate or unresolved template language that reduces agent usefulness.,Replace with specific instructions/data or move to templates/examples.
05_OUTPUTS/release_readiness/PUBLIC_RELEASE_BLOCKERS.md,PLACEHOLDER_LANGUAGE,MEDIUM,File contains boilerplate or unresolved template language that reduces agent usefulness.,Replace with specific instructions/data or move to templates/examples.
05_OUTPUTS/release_readiness/PUBLIC_RELEASE_SCORECARD.md,PLACEHOLDER_LANGUAGE,MEDIUM,File contains boilerplate or unresolved template language that reduces agent usefulness.,Replace with specific instructions/data or move to templates/examples.
05_OUTPUTS/release_readiness/SUPPLIER_DATASHEET_FOOTPRINT_SCORECARD.md,PLACEHOLDER_LANGUAGE,MEDIUM,File contains boilerplate or unresolved template language that reduces agent usefulness.,Replace with specific instructions/data or move to templates/examples.
05_OUTPUTS/setup_indexes/datasheet_source_index.md,PLACEHOLDER_LANGUAGE,MEDIUM,File contains boilerplate or unresolved template language that reduces agent usefulness.,Replace with specific instructions/data or move to templates/examples.
06_DATASHEETS/00_INDEX/DATASHEET_LIBRARY_README.md,GENERIC_FOLDER_TEXT,MEDIUM,File contains boilerplate or unresolved template language that reduces agent usefulness.,Replace with specific instructions/data or move to templates/examples.
06_DATASHEETS/00_INDEX/INDEX.md,THIN_README_OR_INDEX,MEDIUM,README/INDEX is likely navigational scaffold rather than production guidance.,"Expand with concrete workflow, inputs, outputs, and quality gates."
06_DATASHEETS/00_INDEX/README.md,THIN_README_OR_INDEX,MEDIUM,README/INDEX is likely navigational scaffold rather than production guidance.,"Expand with concrete workflow, inputs, outputs, and quality gates."
06_DATASHEETS/01_MICROCONTROLLERS/ATMEL_LEGACY/README.md,THIN_README_OR_INDEX,MEDIUM,README/INDEX is likely navigational scaffold rather than production guidance.,"Expand with concrete workflow, inputs, outputs, and quality gates."
06_DATASHEETS/01_MICROCONTROLLERS/ESPRESSIF/ANTENNA_RF_REFERENCES/INDEX.md,THIN_README_OR_INDEX,MEDIUM,README/INDEX is likely navigational scaffold rather than production guidance.,"Expand with concrete workflow, inputs, outputs, and quality gates."
06_DATASHEETS/01_MICROCONTROLLERS/ESPRESSIF/ANTENNA_RF_REFERENCES/README.md,THIN_README_OR_INDEX,MEDIUM,README/INDEX is likely navigational scaffold rather than production guidance.,"Expand with concrete workflow, inputs, outputs, and quality gates."
06_DATASHEETS/01_MICROCONTROLLERS/ESPRESSIF/DESIGN_GUIDES/INDEX.md,THIN_README_OR_INDEX,MEDIUM,README/INDEX is likely navigational scaffold rather than production guidance.,"Expand with concrete workflow, inputs, outputs, and quality gates."
06_DATASHEETS/01_MICROCONTROLLERS/ESPRESSIF/DESIGN_GUIDES/README.md,THIN_README_OR_INDEX,MEDIUM,README/INDEX is likely navigational scaffold rather than production guidance.,"Expand with concrete workflow, inputs, outputs, and quality gates."
06_DATASHEETS/01_MICROCONTROLLERS/ESPRESSIF/ERRATA/INDEX.md,THIN_README_OR_INDEX,MEDIUM,README/INDEX is likely navigational scaffold rather than production guidance.,"Expand with concrete workflow, inputs, outputs, and quality gates."
06_DATASHEETS/01_MICROCONTROLLERS/ESPRESSIF/ERRATA/README.md,THIN_README_OR_INDEX,MEDIUM,README/INDEX is likely navigational scaffold rather than production guidance.,"Expand with concrete workflow, inputs, outputs, and quality gates."
06_DATASHEETS/01_MICROCONTROLLERS/ESPRESSIF/ESP32/README.md,THIN_README_OR_INDEX,MEDIUM,README/INDEX is likely navigational scaffold rather than production guidance.,"Expand with concrete workflow, inputs, outputs, and quality gates."
06_DATASHEETS/01_MICROCONTROLLERS/ESPRESSIF/ESP32_C2/README.md,THIN_README_OR_INDEX,MEDIUM,README/INDEX is likely navigational scaffold rather than production guidance.,"Expand with concrete workflow, inputs, outputs, and quality gates."
06_DATASHEETS/01_MICROCONTROLLERS/ESPRESSIF/ESP32_C3/README.md,THIN_README_OR_INDEX,MEDIUM,README/INDEX is likely navigational scaffold rather than production guidance.,"Expand with concrete workflow, inputs, outputs, and quality gates."
06_DATASHEETS/01_MICROCONTROLLERS/ESPRESSIF/ESP32_C5/README.md,THIN_README_OR_INDEX,MEDIUM,README/INDEX is likely navigational scaffold rather than production guidance.,"Expand with concrete workflow, inputs, outputs, and quality gates."
06_DATASHEETS/01_MICROCONTROLLERS/ESPRESSIF/ESP32_C6/README.md,THIN_README_OR_INDEX,MEDIUM,README/INDEX is likely navigational scaffold rather than production guidance.,"Expand with concrete workflow, inputs, outputs, and quality gates."
06_DATASHEETS/01_MICROCONTROLLERS/ESPRESSIF/ESP32_H2/README.md,THIN_README_OR_INDEX,MEDIUM,README/INDEX is likely navigational scaffold rather than production guidance.,"Expand with concrete workflow, inputs, outputs, and quality gates."
06_DATASHEETS/01_MICROCONTROLLERS/ESPRESSIF/ESP32_P4/README.md,THIN_README_OR_INDEX,MEDIUM,README/INDEX is likely navigational scaffold rather than production guidance.,"Expand with concrete workflow, inputs, outputs, and quality gates."
06_DATASHEETS/01_MICROCONTROLLERS/ESPRESSIF/ESP32_S2/README.md,THIN_README_OR_INDEX,MEDIUM,README/INDEX is likely navigational scaffold rather than production guidance.,"Expand with concrete workflow, inputs, outputs, and quality gates."
06_DATASHEETS/01_MICROCONTROLLERS/ESPRESSIF/ESP32_S3/README.md,THIN_README_OR_INDEX,MEDIUM,README/INDEX is likely navigational scaffold rather than production guidance.,"Expand with concrete workflow, inputs, outputs, and quality gates."
06_DATASHEETS/01_MICROCONTROLLERS/ESPRESSIF/ESP8266/README.md,THIN_README_OR_INDEX,MEDIUM,README/INDEX is likely navigational scaffold rather than production guidance.,"Expand with concrete workflow, inputs, outputs, and quality gates."
06_DATASHEETS/01_MICROCONTROLLERS/ESPRESSIF/INDEX.md,THIN_README_OR_INDEX,MEDIUM,README/INDEX is likely navigational scaffold rather than production guidance.,"Expand with concrete workflow, inputs, outputs, and quality gates."
06_DATASHEETS/01_MICROCONTROLLERS/ESPRESSIF/MODULES/INDEX.md,THIN_README_OR_INDEX,MEDIUM,README/INDEX is likely navigational scaffold rather than production guidance.,"Expand with concrete workflow, inputs, outputs, and quality gates."
06_DATASHEETS/01_MICROCONTROLLERS/ESPRESSIF/MODULES/README.md,THIN_README_OR_INDEX,MEDIUM,README/INDEX is likely navigational scaffold rather than production guidance.,"Expand with concrete workflow, inputs, outputs, and quality gates."
06_DATASHEETS/01_MICROCONTROLLERS/ESPRESSIF/README.md,PLACEHOLDER_LANGUAGE,MEDIUM,File contains boilerplate or unresolved template language that reduces agent usefulness.,Replace with specific instructions/data or move to templates/examples.
06_DATASHEETS/01_MICROCONTROLLERS/GIGADEVICE/README.md,THIN_README_OR_INDEX,MEDIUM,README/INDEX is likely navigational scaffold rather than production guidance.,"Expand with concrete workflow, inputs, outputs, and quality gates."
06_DATASHEETS/01_MICROCONTROLLERS/INFINEON/README.md,THIN_README_OR_INDEX,MEDIUM,README/INDEX is likely navigational scaffold rather than production guidance.,"Expand with concrete workflow, inputs, outputs, and quality gates."
06_DATASHEETS/01_MICROCONTROLLERS/MICROCHIP_AVR/README.md,THIN_README_OR_INDEX,MEDIUM,README/INDEX is likely navigational scaffold rather than production guidance.,"Expand with concrete workflow, inputs, outputs, and quality gates."
06_DATASHEETS/01_MICROCONTROLLERS/MICROCHIP_PIC/DESIGN_GUIDES/INDEX.md,THIN_README_OR_INDEX,MEDIUM,README/INDEX is likely navigational scaffold rather than production guidance.,"Expand with concrete workflow, inputs, outputs, and quality gates."
06_DATASHEETS/01_MICROCONTROLLERS/MICROCHIP_PIC/DESIGN_GUIDES/README.md,THIN_README_OR_INDEX,MEDIUM,README/INDEX is likely navigational scaffold rather than production guidance.,"Expand with concrete workflow, inputs, outputs, and quality gates."
06_DATASHEETS/01_MICROCONTROLLERS/MICROCHIP_PIC/DEVELOPMENT_BOARDS/INDEX.md,THIN_README_OR_INDEX,MEDIUM,README/INDEX is likely navigational scaffold rather than production guidance.,"Expand with concrete workflow, inputs, outputs, and quality gates."
06_DATASHEETS/01_MICROCONTROLLERS/MICROCHIP_PIC/DEVELOPMENT_BOARDS/README.md,THIN_README_OR_INDEX,MEDIUM,README/INDEX is likely navigational scaffold rather than production guidance.,"Expand with concrete workflow, inputs, outputs, and quality gates."
06_DATASHEETS/01_MICROCONTROLLERS/MICROCHIP_PIC/ERRATA/INDEX.md,THIN_README_OR_INDEX,MEDIUM,README/INDEX is likely navigational scaffold rather than production guidance.,"Expand with concrete workflow, inputs, outputs, and quality gates."
06_DATASHEETS/01_MICROCONTROLLERS/MICROCHIP_PIC/ERRATA/README.md,THIN_README_OR_INDEX,MEDIUM,README/INDEX is likely navigational scaffold rather than production guidance.,"Expand with concrete workflow, inputs, outputs, and quality gates."
06_DATASHEETS/01_MICROCONTROLLERS/MICROCHIP_PIC/INDEX.md,THIN_README_OR_INDEX,MEDIUM,README/INDEX is likely navigational scaffold rather than production guidance.,"Expand with concrete workflow, inputs, outputs, and quality gates."
06_DATASHEETS/01_MICROCONTROLLERS/MICROCHIP_PIC/PIC10/README.md,THIN_README_OR_INDEX,MEDIUM,README/INDEX is likely navigational scaffold rather than production guidance.,"Expand with concrete workflow, inputs, outputs, and quality gates."
06_DATASHEETS/01_MICROCONTROLLERS/MICROCHIP_PIC/PIC12/README.md,THIN_README_OR_INDEX,MEDIUM,README/INDEX is likely navigational scaffold rather than production guidance.,"Expand with concrete workflow, inputs, outputs, and quality gates."
06_DATASHEETS/01_MICROCONTROLLERS/MICROCHIP_PIC/PIC16/README.md,THIN_README_OR_INDEX,MEDIUM,README/INDEX is likely navigational scaffold rather than production guidance.,"Expand with concrete workflow, inputs, outputs, and quality gates."
06_DATASHEETS/01_MICROCONTROLLERS/MICROCHIP_PIC/PIC18/README.md,THIN_README_OR_INDEX,MEDIUM,README/INDEX is likely navigational scaffold rather than production guidance.,"Expand with concrete workflow, inputs, outputs, and quality gates."
06_DATASHEETS/01_MICROCONTROLLERS/MICROCHIP_PIC/PIC24/README.md,THIN_README_OR_INDEX,MEDIUM,README/INDEX is likely navigational scaffold rather than production guidance.,"Expand with concrete workflow, inputs, outputs, and quality gates."
06_DATASHEETS/01_MICROCONTROLLERS/MICROCHIP_PIC/PIC32/README.md,THIN_README_OR_INDEX,MEDIUM,README/INDEX is likely navigational scaffold rather than production guidance.,"Expand with concrete workflow, inputs, outputs, and quality gates."
06_DATASHEETS/01_MICROCONTROLLERS/MICROCHIP_PIC/PROGRAMMING_DEBUG_PICKIT/INDEX.md,THIN_README_OR_INDEX,MEDIUM,README/INDEX is likely navigational scaffold rather than production guidance.,"Expand with concrete workflow, inputs, outputs, and quality gates."
06_DATASHEETS/01_MICROCONTROLLERS/MICROCHIP_PIC/PROGRAMMING_DEBUG_PICKIT/README.md,THIN_README_OR_INDEX,MEDIUM,README/INDEX is likely navigational scaffold rather than production guidance.,"Expand with concrete workflow, inputs, outputs, and quality gates."
06_DATASHEETS/01_MICROCONTROLLERS/MICROCHIP_PIC/README.md,GENERIC_FOLDER_TEXT,MEDIUM,File contains boilerplate or unresolved template language that reduces agent usefulness.,Replace with specific instructions/data or move to templates/examples.
06_DATASHEETS/01_MICROCONTROLLERS/MICROCHIP_PIC/dsPIC30/README.md,THIN_README_OR_INDEX,MEDIUM,README/INDEX is likely navigational scaffold rather than production guidance.,"Expand with concrete workflow, inputs, outputs, and quality gates."
06_DATASHEETS/01_MICROCONTROLLERS/MICROCHIP_PIC/dsPIC33/README.md,THIN_README_OR_INDEX,MEDIUM,README/INDEX is likely navigational scaffold rather than production guidance.,"Expand with concrete workflow, inputs, outputs, and quality gates."
06_DATASHEETS/01_MICROCONTROLLERS/NORDIC/README.md,THIN_README_OR_INDEX,MEDIUM,README/INDEX is likely navigational scaffold rather than production guidance.,"Expand with concrete workflow, inputs, outputs, and quality gates."
06_DATASHEETS/01_MICROCONTROLLERS/NXP/README.md,THIN_README_OR_INDEX,MEDIUM,README/INDEX is likely navigational scaffold rather than production guidance.,"Expand with concrete workflow, inputs, outputs, and quality gates."
06_DATASHEETS/01_MICROCONTROLLERS/OTHER/INDEX.md,THIN_README_OR_INDEX,MEDIUM,README/INDEX is likely navigational scaffold rather than production guidance.,"Expand with concrete workflow, inputs, outputs, and quality gates."
06_DATASHEETS/01_MICROCONTROLLERS/OTHER/README.md,THIN_README_OR_INDEX,MEDIUM,README/INDEX is likely navigational scaffold rather than production guidance.,"Expand with concrete workflow, inputs, outputs, and quality gates."
06_DATASHEETS/01_MICROCONTROLLERS/RENESAS/README.md,THIN_README_OR_INDEX,MEDIUM,README/INDEX is likely navigational scaffold rather than production guidance.,"Expand with concrete workflow, inputs, outputs, and quality gates."
06_DATASHEETS/01_MICROCONTROLLERS/SILABS/README.md,THIN_README_OR_INDEX,MEDIUM,README/INDEX is likely navigational scaffold rather than production guidance.,"Expand with concrete workflow, inputs, outputs, and quality gates."
06_DATASHEETS/01_MICROCONTROLLERS/STMICRO_STM32/DESIGN_GUIDES/INDEX.md,THIN_README_OR_INDEX,MEDIUM,README/INDEX is likely navigational scaffold rather than production guidance.,"Expand with concrete workflow, inputs, outputs, and quality gates."
06_DATASHEETS/01_MICROCONTROLLERS/STMICRO_STM32/DESIGN_GUIDES/README.md,THIN_README_OR_INDEX,MEDIUM,README/INDEX is likely navigational scaffold rather than production guidance.,"Expand with concrete workflow, inputs, outputs, and quality gates."
06_DATASHEETS/01_MICROCONTROLLERS/STMICRO_STM32/DISCOVERY_BOARDS/DISCOVERY_BOARD_INDEX.md,PLACEHOLDER_LANGUAGE,MEDIUM,File contains boilerplate or unresolved template language that reduces agent usefulness.,Replace with specific instructions/data or move to templates/examples.
06_DATASHEETS/01_MICROCONTROLLERS/STMICRO_STM32/DISCOVERY_BOARDS/INDEX.md,THIN_README_OR_INDEX,MEDIUM,README/INDEX is likely navigational scaffold rather than production guidance.,"Expand with concrete workflow, inputs, outputs, and quality gates."
06_DATASHEETS/01_MICROCONTROLLERS/STMICRO_STM32/DISCOVERY_BOARDS/README.md,THIN_README_OR_INDEX,MEDIUM,README/INDEX is likely navigational scaffold rather than production guidance.,"Expand with concrete workflow, inputs, outputs, and quality gates."
06_DATASHEETS/01_MICROCONTROLLERS/STMICRO_STM32/ERRATA/INDEX.md,THIN_README_OR_INDEX,MEDIUM,README/INDEX is likely navigational scaffold rather than production guidance.,"Expand with concrete workflow, inputs, outputs, and quality gates."
06_DATASHEETS/01_MICROCONTROLLERS/STMICRO_STM32/ERRATA/README.md,THIN_README_OR_INDEX,MEDIUM,README/INDEX is likely navigational scaffold rather than production guidance.,"Expand with concrete workflow, inputs, outputs, and quality gates."
06_DATASHEETS/01_MICROCONTROLLERS/STMICRO_STM32/EVAL_BOARDS/INDEX.md,THIN_README_OR_INDEX,MEDIUM,README/INDEX is likely navigational scaffold rather than production guidance.,"Expand with concrete workflow, inputs, outputs, and quality gates."
06_DATASHEETS/01_MICROCONTROLLERS/STMICRO_STM32/EVAL_BOARDS/README.md,THIN_README_OR_INDEX,MEDIUM,README/INDEX is likely navigational scaffold rather than production guidance.,"Expand with concrete workflow, inputs, outputs, and quality gates."
06_DATASHEETS/01_MICROCONTROLLERS/STMICRO_STM32/INDEX.md,THIN_README_OR_INDEX,MEDIUM,README/INDEX is likely navigational scaffold rather than production guidance.,"Expand with concrete workflow, inputs, outputs, and quality gates."
06_DATASHEETS/01_MICROCONTROLLERS/STMICRO_STM32/NUCLEO_BOARDS/INDEX.md,THIN_README_OR_INDEX,MEDIUM,README/INDEX is likely navigational scaffold rather than production guidance.,"Expand with concrete workflow, inputs, outputs, and quality gates."
06_DATASHEETS/01_MICROCONTROLLERS/STMICRO_STM32/NUCLEO_BOARDS/README.md,THIN_README_OR_INDEX,MEDIUM,README/INDEX is likely navigational scaffold rather than production guidance.,"Expand with concrete workflow, inputs, outputs, and quality gates."
06_DATASHEETS/01_MICROCONTROLLERS/STMICRO_STM32/PROGRAMMING_DEBUG_STLINK/INDEX.md,THIN_README_OR_INDEX,MEDIUM,README/INDEX is likely navigational scaffold rather than production guidance.,"Expand with concrete workflow, inputs, outputs, and quality gates."
06_DATASHEETS/01_MICROCONTROLLERS/STMICRO_STM32/PROGRAMMING_DEBUG_STLINK/README.md,THIN_README_OR_INDEX,MEDIUM,README/INDEX is likely navigational scaffold rather than production guidance.,"Expand with concrete workflow, inputs, outputs, and quality gates."
06_DATASHEETS/01_MICROCONTROLLERS/STMICRO_STM32/README.md,GENERIC_FOLDER_TEXT,MEDIUM,File contains boilerplate or unresolved template language that reduces agent usefulness.,Replace with specific instructions/data or move to templates/examples.
06_DATASHEETS/01_MICROCONTROLLERS/STMICRO_STM32/STM32F0/README.md,THIN_README_OR_INDEX,MEDIUM,README/INDEX is likely navigational scaffold rather than production guidance.,"Expand with concrete workflow, inputs, outputs, and quality gates."
06_DATASHEETS/01_MICROCONTROLLERS/STMICRO_STM32/STM32F1/STM32F103C8T6_PART_RECORD.md,PLACEHOLDER_LANGUAGE,MEDIUM,File contains boilerplate or unresolved template language that reduces agent usefulness.,Replace with specific instructions/data or move to templates/examples.
06_DATASHEETS/01_MICROCONTROLLERS/STMICRO_STM32/STM32F1/STM32F1_AI_OVERVIEW.md,GENERIC_FOLDER_TEXT,MEDIUM,File contains boilerplate or unresolved template language that reduces agent usefulness.,Replace with specific instructions/data or move to templates/examples.
06_DATASHEETS/01_MICROCONTROLLERS/STMICRO_STM32/STM32F2/README.md,THIN_README_OR_INDEX,MEDIUM,README/INDEX is likely navigational scaffold rather than production guidance.,"Expand with concrete workflow, inputs, outputs, and quality gates."
06_DATASHEETS/01_MICROCONTROLLERS/STMICRO_STM32/STM32F3/README.md,THIN_README_OR_INDEX,MEDIUM,README/INDEX is likely navigational scaffold rather than production guidance.,"Expand with concrete workflow, inputs, outputs, and quality gates."
06_DATASHEETS/01_MICROCONTROLLERS/STMICRO_STM32/STM32F4/README.md,THIN_README_OR_INDEX,MEDIUM,README/INDEX is likely navigational scaffold rather than production guidance.,"Expand with concrete workflow, inputs, outputs, and quality gates."
06_DATASHEETS/01_MICROCONTROLLERS/STMICRO_STM32/STM32F7/README.md,THIN_README_OR_INDEX,MEDIUM,README/INDEX is likely navigational scaffold rather than production guidance.,"Expand with concrete workflow, inputs, outputs, and quality gates."
06_DATASHEETS/01_MICROCONTROLLERS/STMICRO_STM32/STM32G0/README.md,THIN_README_OR_INDEX,MEDIUM,README/INDEX is likely navigational scaffold rather than production guidance.,"Expand with concrete workflow, inputs, outputs, and quality gates."
06_DATASHEETS/01_MICROCONTROLLERS/STMICRO_STM32/STM32G4/README.md,THIN_README_OR_INDEX,MEDIUM,README/INDEX is likely navigational scaffold rather than production guidance.,"Expand with concrete workflow, inputs, outputs, and quality gates."
06_DATASHEETS/01_MICROCONTROLLERS/STMICRO_STM32/STM32H5/README.md,THIN_README_OR_INDEX,MEDIUM,README/INDEX is likely navigational scaffold rather than production guidance.,"Expand with concrete workflow, inputs, outputs, and quality gates."
06_DATASHEETS/01_MICROCONTROLLERS/STMICRO_STM32/STM32H7/README.md,THIN_README_OR_INDEX,MEDIUM,README/INDEX is likely navigational scaffold rather than production guidance.,"Expand with concrete workflow, inputs, outputs, and quality gates."
06_DATASHEETS/01_MICROCONTROLLERS/STMICRO_STM32/STM32L0/README.md,THIN_README_OR_INDEX,MEDIUM,README/INDEX is likely navigational scaffold rather than production guidance.,"Expand with concrete workflow, inputs, outputs, and quality gates."
06_DATASHEETS/01_MICROCONTROLLERS/STMICRO_STM32/STM32L1/README.md,THIN_README_OR_INDEX,MEDIUM,README/INDEX is likely navigational scaffold rather than production guidance.,"Expand with concrete workflow, inputs, outputs, and quality gates."
06_DATASHEETS/01_MICROCONTROLLERS/STMICRO_STM32/STM32L4/README.md,THIN_README_OR_INDEX,MEDIUM,README/INDEX is likely navigational scaffold rather than production guidance.,"Expand with concrete workflow, inputs, outputs, and quality gates."
06_DATASHEETS/01_MICROCONTROLLERS/STMICRO_STM32/STM32L5/README.md,THIN_README_OR_INDEX,MEDIUM,README/INDEX is likely navigational scaffold rather than production guidance.,"Expand with concrete workflow, inputs, outputs, and quality gates."
06_DATASHEETS/01_MICROCONTROLLERS/STMICRO_STM32/STM32MP/README.md,THIN_README_OR_INDEX,MEDIUM,README/INDEX is likely navigational scaffold rather than production guidance.,"Expand with concrete workflow, inputs, outputs, and quality gates."
06_DATASHEETS/01_MICROCONTROLLERS/STMICRO_STM32/STM32U0/README.md,THIN_README_OR_INDEX,MEDIUM,README/INDEX is likely navigational scaffold rather than production guidance.,"Expand with concrete workflow, inputs, outputs, and quality gates."
06_DATASHEETS/01_MICROCONTROLLERS/STMICRO_STM32/STM32U5/README.md,THIN_README_OR_INDEX,MEDIUM,README/INDEX is likely navigational scaffold rather than production guidance.,"Expand with concrete workflow, inputs, outputs, and quality gates."
06_DATASHEETS/01_MICROCONTROLLERS/STMICRO_STM32/STM32WB/README.md,THIN_README_OR_INDEX,MEDIUM,README/INDEX is likely navigational scaffold rather than production guidance.,"Expand with concrete workflow, inputs, outputs, and quality gates."
06_DATASHEETS/01_MICROCONTROLLERS/STMICRO_STM32/STM32WL/README.md,THIN_README_OR_INDEX,MEDIUM,README/INDEX is likely navigational scaffold rather than production guidance.,"Expand with concrete workflow, inputs, outputs, and quality gates."
06_DATASHEETS/01_MICROCONTROLLERS/STMICRO_STM32/STM32_MASTER_INDEX.md,PLACEHOLDER_LANGUAGE,MEDIUM,File contains boilerplate or unresolved template language that reduces agent usefulness.,Replace with specific instructions/data or move to templates/examples.
06_DATASHEETS/01_MICROCONTROLLERS/TI/README.md,THIN_README_OR_INDEX,MEDIUM,README/INDEX is likely navigational scaffold rather than production guidance.,"Expand with concrete workflow, inputs, outputs, and quality gates."
06_DATASHEETS/01_MICROCONTROLLERS/WCH/README.md,THIN_README_OR_INDEX,MEDIUM,README/INDEX is likely navigational scaffold rather than production guidance.,"Expand with concrete workflow, inputs, outputs, and quality gates."
06_DATASHEETS/02_DEV_BOARDS_AND_MODULES/INDEX.md,THIN_README_OR_INDEX,MEDIUM,README/INDEX is likely navigational scaffold rather than production guidance.,"Expand with concrete workflow, inputs, outputs, and quality gates."
06_DATASHEETS/02_DEV_BOARDS_AND_MODULES/README.md,THIN_README_OR_INDEX,MEDIUM,README/INDEX is likely navigational scaffold rather than production guidance.,"Expand with concrete workflow, inputs, outputs, and quality gates."
06_DATASHEETS/03_POWER/INDEX.md,THIN_README_OR_INDEX,MEDIUM,README/INDEX is likely navigational scaffold rather than production guidance.,"Expand with concrete workflow, inputs, outputs, and quality gates."
06_DATASHEETS/03_POWER/README.md,THIN_README_OR_INDEX,MEDIUM,README/INDEX is likely navigational scaffold rather than production guidance.,"Expand with concrete workflow, inputs, outputs, and quality gates."
06_DATASHEETS/04_COMMUNICATION/INDEX.md,THIN_README_OR_INDEX,MEDIUM,README/INDEX is likely navigational scaffold rather than production guidance.,"Expand with concrete workflow, inputs, outputs, and quality gates."
06_DATASHEETS/04_COMMUNICATION/README.md,THIN_README_OR_INDEX,MEDIUM,README/INDEX is likely navigational scaffold rather than production guidance.,"Expand with concrete workflow, inputs, outputs, and quality gates."
06_DATASHEETS/05_CONNECTORS/INDEX.md,THIN_README_OR_INDEX,MEDIUM,README/INDEX is likely navigational scaffold rather than production guidance.,"Expand with concrete workflow, inputs, outputs, and quality gates."
06_DATASHEETS/05_CONNECTORS/README.md,THIN_README_OR_INDEX,MEDIUM,README/INDEX is likely navigational scaffold rather than production guidance.,"Expand with concrete workflow, inputs, outputs, and quality gates."
06_DATASHEETS/05_CONNECTORS/SOURCES.md,PLACEHOLDER_LANGUAGE,MEDIUM,File contains boilerplate or unresolved template language that reduces agent usefulness.,Replace with specific instructions/data or move to templates/examples.
06_DATASHEETS/06_PROTECTION/INDEX.md,THIN_README_OR_INDEX,MEDIUM,README/INDEX is likely navigational scaffold rather than production guidance.,"Expand with concrete workflow, inputs, outputs, and quality gates."
06_DATASHEETS/06_PROTECTION/README.md,THIN_README_OR_INDEX,MEDIUM,README/INDEX is likely navigational scaffold rather than production guidance.,"Expand with concrete workflow, inputs, outputs, and quality gates."
06_DATASHEETS/07_SENSORS/INDEX.md,THIN_README_OR_INDEX,MEDIUM,README/INDEX is likely navigational scaffold rather than production guidance.,"Expand with concrete workflow, inputs, outputs, and quality gates."
06_DATASHEETS/07_SENSORS/README.md,THIN_README_OR_INDEX,MEDIUM,README/INDEX is likely navigational scaffold rather than production guidance.,"Expand with concrete workflow, inputs, outputs, and quality gates."
06_DATASHEETS/08_ANALOG/INDEX.md,THIN_README_OR_INDEX,MEDIUM,README/INDEX is likely navigational scaffold rather than production guidance.,"Expand with concrete workflow, inputs, outputs, and quality gates."
06_DATASHEETS/08_ANALOG/README.md,THIN_README_OR_INDEX,MEDIUM,README/INDEX is likely navigational scaffold rather than production guidance.,"Expand with concrete workflow, inputs, outputs, and quality gates."
06_DATASHEETS/09_DRIVERS/INDEX.md,THIN_README_OR_INDEX,MEDIUM,README/INDEX is likely navigational scaffold rather than production guidance.,"Expand with concrete workflow, inputs, outputs, and quality gates."
06_DATASHEETS/09_DRIVERS/README.md,THIN_README_OR_INDEX,MEDIUM,README/INDEX is likely navigational scaffold rather than production guidance.,"Expand with concrete workflow, inputs, outputs, and quality gates."
06_DATASHEETS/10_DISPLAYS/INDEX.md,THIN_README_OR_INDEX,MEDIUM,README/INDEX is likely navigational scaffold rather than production guidance.,"Expand with concrete workflow, inputs, outputs, and quality gates."
06_DATASHEETS/10_DISPLAYS/README.md,THIN_README_OR_INDEX,MEDIUM,README/INDEX is likely navigational scaffold rather than production guidance.,"Expand with concrete workflow, inputs, outputs, and quality gates."
06_DATASHEETS/11_PASSIVES/INDEX.md,THIN_README_OR_INDEX,MEDIUM,README/INDEX is likely navigational scaffold rather than production guidance.,"Expand with concrete workflow, inputs, outputs, and quality gates."
06_DATASHEETS/11_PASSIVES/README.md,THIN_README_OR_INDEX,MEDIUM,README/INDEX is likely navigational scaffold rather than production guidance.,"Expand with concrete workflow, inputs, outputs, and quality gates."
06_DATASHEETS/12_RF_AND_ANTENNAS/INDEX.md,THIN_README_OR_INDEX,MEDIUM,README/INDEX is likely navigational scaffold rather than production guidance.,"Expand with concrete workflow, inputs, outputs, and quality gates."
06_DATASHEETS/12_RF_AND_ANTENNAS/README.md,THIN_README_OR_INDEX,MEDIUM,README/INDEX is likely navigational scaffold rather than production guidance.,"Expand with concrete workflow, inputs, outputs, and quality gates."
06_DATASHEETS/13_MEMORY_STORAGE/INDEX.md,THIN_README_OR_INDEX,MEDIUM,README/INDEX is likely navigational scaffold rather than production guidance.,"Expand with concrete workflow, inputs, outputs, and quality gates."
06_DATASHEETS/13_MEMORY_STORAGE/README.md,THIN_README_OR_INDEX,MEDIUM,README/INDEX is likely navigational scaffold rather than production guidance.,"Expand with concrete workflow, inputs, outputs, and quality gates."
06_DATASHEETS/14_CLOCKS_TIMING/INDEX.md,THIN_README_OR_INDEX,MEDIUM,README/INDEX is likely navigational scaffold rather than production guidance.,"Expand with concrete workflow, inputs, outputs, and quality gates."
06_DATASHEETS/14_CLOCKS_TIMING/README.md,THIN_README_OR_INDEX,MEDIUM,README/INDEX is likely navigational scaffold rather than production guidance.,"Expand with concrete workflow, inputs, outputs, and quality gates."
06_DATASHEETS/15_SWITCHES_BUTTONS_RELAYS/INDEX.md,THIN_README_OR_INDEX,MEDIUM,README/INDEX is likely navigational scaffold rather than production guidance.,"Expand with concrete workflow, inputs, outputs, and quality gates."
06_DATASHEETS/15_SWITCHES_BUTTONS_RELAYS/README.md,THIN_README_OR_INDEX,MEDIUM,README/INDEX is likely navigational scaffold rather than production guidance.,"Expand with concrete workflow, inputs, outputs, and quality gates."
06_DATASHEETS/16_FAB_ASSEMBLY_REFERENCES/INDEX.md,THIN_README_OR_INDEX,MEDIUM,README/INDEX is likely navigational scaffold rather than production guidance.,"Expand with concrete workflow, inputs, outputs, and quality gates."
06_DATASHEETS/16_FAB_ASSEMBLY_REFERENCES/README.md,THIN_README_OR_INDEX,MEDIUM,README/INDEX is likely navigational scaffold rather than production guidance.,"Expand with concrete workflow, inputs, outputs, and quality gates."
06_DATASHEETS/17_APPLICATION_NOTES/INDEX.md,THIN_README_OR_INDEX,MEDIUM,README/INDEX is likely navigational scaffold rather than production guidance.,"Expand with concrete workflow, inputs, outputs, and quality gates."
06_DATASHEETS/17_APPLICATION_NOTES/README.md,THIN_README_OR_INDEX,MEDIUM,README/INDEX is likely navigational scaffold rather than production guidance.,"Expand with concrete workflow, inputs, outputs, and quality gates."
06_DATASHEETS/18_REFERENCE_DESIGNS/INDEX.md,THIN_README_OR_INDEX,MEDIUM,README/INDEX is likely navigational scaffold rather than production guidance.,"Expand with concrete workflow, inputs, outputs, and quality gates."
06_DATASHEETS/18_REFERENCE_DESIGNS/README.md,THIN_README_OR_INDEX,MEDIUM,README/INDEX is likely navigational scaffold rather than production guidance.,"Expand with concrete workflow, inputs, outputs, and quality gates."
06_DATASHEETS/19_VENDOR_PORTALS/INDEX.md,THIN_README_OR_INDEX,MEDIUM,README/INDEX is likely navigational scaffold rather than production guidance.,"Expand with concrete workflow, inputs, outputs, and quality gates."
06_DATASHEETS/19_VENDOR_PORTALS/README.md,THIN_README_OR_INDEX,MEDIUM,README/INDEX is likely navigational scaffold rather than production guidance.,"Expand with concrete workflow, inputs, outputs, and quality gates."
06_DATASHEETS/99_UNSORTED_INBOX/INDEX.md,THIN_README_OR_INDEX,MEDIUM,README/INDEX is likely navigational scaffold rather than production guidance.,"Expand with concrete workflow, inputs, outputs, and quality gates."
06_DATASHEETS/99_UNSORTED_INBOX/LEGACY_MIGRATION_20260502_161444/README.md,THIN_README_OR_INDEX,MEDIUM,README/INDEX is likely navigational scaffold rather than production guidance.,"Expand with concrete workflow, inputs, outputs, and quality gates."
06_DATASHEETS/99_UNSORTED_INBOX/README.md,THIN_README_OR_INDEX,MEDIUM,README/INDEX is likely navigational scaffold rather than production guidance.,"Expand with concrete workflow, inputs, outputs, and quality gates."
06_DATASHEETS/INDEX.md,THIN_README_OR_INDEX,MEDIUM,README/INDEX is likely navigational scaffold rather than production guidance.,"Expand with concrete workflow, inputs, outputs, and quality gates."
06_DATASHEETS/README.md,THIN_README_OR_INDEX,MEDIUM,README/INDEX is likely navigational scaffold rather than production guidance.,"Expand with concrete workflow, inputs, outputs, and quality gates."
08_COMPONENT_DATABASE/00_INDEX/KICAD_SYMBOL_FOOTPRINT_LINKING_RULES.md,PLACEHOLDER_LANGUAGE,MEDIUM,File contains boilerplate or unresolved template language that reduces agent usefulness.,Replace with specific instructions/data or move to templates/examples.
08_COMPONENT_DATABASE/01_MICROCONTROLLERS/MICROCHIP_PIC_FAMILY_OVERVIEW.md,PLACEHOLDER_LANGUAGE,MEDIUM,File contains boilerplate or unresolved template language that reduces agent usefulness.,Replace with specific instructions/data or move to templates/examples.
08_COMPONENT_DATABASE/09_PASSIVES/PASSIVES_GUIDE.md,PLACEHOLDER_LANGUAGE,MEDIUM,File contains boilerplate or unresolved template language that reduces agent usefulness.,Replace with specific instructions/data or move to templates/examples.
08_COMPONENT_DATABASE/12_KICAD_SYMBOL_FOOTPRINT_MATCHES/INDEX.md,THIN_README_OR_INDEX,MEDIUM,README/INDEX is likely navigational scaffold rather than production guidance.,"Expand with concrete workflow, inputs, outputs, and quality gates."
08_COMPONENT_DATABASE/13_DESIGN_RULE_SNIPPETS/CRYSTAL_LAYOUT_RULES.md,PLACEHOLDER_LANGUAGE,MEDIUM,File contains boilerplate or unresolved template language that reduces agent usefulness.,Replace with specific instructions/data or move to templates/examples.
08_COMPONENT_DATABASE/13_DESIGN_RULE_SNIPPETS/DECOUPLING_CAPACITOR_RULES.md,PLACEHOLDER_LANGUAGE,MEDIUM,File contains boilerplate or unresolved template language that reduces agent usefulness.,Replace with specific instructions/data or move to templates/examples.
08_COMPONENT_DATABASE/15_PACKAGE_FOOTPRINT_DATABASE/INDEX.md,THIN_README_OR_INDEX,MEDIUM,README/INDEX is likely navigational scaffold rather than production guidance.,"Expand with concrete workflow, inputs, outputs, and quality gates."
08_COMPONENT_DATABASE/16_VERIFICATION_RECORDS/INDEX.md,THIN_README_OR_INDEX,MEDIUM,README/INDEX is likely navigational scaffold rather than production guidance.,"Expand with concrete workflow, inputs, outputs, and quality gates."
09_ACCURACY_ENGINE/checklists/README.md,THIN_README_OR_INDEX,MEDIUM,README/INDEX is likely navigational scaffold rather than production guidance.,"Expand with concrete workflow, inputs, outputs, and quality gates."
09_ACCURACY_ENGINE/checklists/README.md,GENERIC_FOLDER_TEXT,MEDIUM,File contains boilerplate or unresolved template language that reduces agent usefulness.,Replace with specific instructions/data or move to templates/examples.
09_ACCURACY_ENGINE/verification_rules/BOM_VERIFICATION_RULES.md,PLACEHOLDER_LANGUAGE,MEDIUM,File contains boilerplate or unresolved template language that reduces agent usefulness.,Replace with specific instructions/data or move to templates/examples.
09_ACCURACY_ENGINE/workflows/CREATE_SCHEMATIC_WORKFLOW.md,PLACEHOLDER_LANGUAGE,MEDIUM,File contains boilerplate or unresolved template language that reduces agent usefulness.,Replace with specific instructions/data or move to templates/examples.
10_KNOWLEDGE_BASE/README.md,GENERIC_FOLDER_TEXT,MEDIUM,File contains boilerplate or unresolved template language that reduces agent usefulness.,Replace with specific instructions/data or move to templates/examples.
10_KNOWLEDGE_BASE/ai_agent_guidance/ANTI_HALLUCINATION_RULES.md,PLACEHOLDER_LANGUAGE,MEDIUM,File contains boilerplate or unresolved template language that reduces agent usefulness.,Replace with specific instructions/data or move to templates/examples.
10_KNOWLEDGE_BASE/checklists/PRE_PCB_CHECKLIST.md,PLACEHOLDER_LANGUAGE,MEDIUM,File contains boilerplate or unresolved template language that reduces agent usefulness.,Replace with specific instructions/data or move to templates/examples.
10_KNOWLEDGE_BASE/checklists/PRE_SCHEMATIC_CHECKLIST.md,PLACEHOLDER_LANGUAGE,MEDIUM,File contains boilerplate or unresolved template language that reduces agent usefulness.,Replace with specific instructions/data or move to templates/examples.
10_KNOWLEDGE_BASE/circuits/STATUS_LED_BUTTON_RESET.md,PLACEHOLDER_LANGUAGE,MEDIUM,File contains boilerplate or unresolved template language that reduces agent usefulness.,Replace with specific instructions/data or move to templates/examples.
10_KNOWLEDGE_BASE/design_patterns/NET_NAMING_PATTERN.md,PLACEHOLDER_LANGUAGE,MEDIUM,File contains boilerplate or unresolved template language that reduces agent usefulness.,Replace with specific instructions/data or move to templates/examples.
10_KNOWLEDGE_BASE/manufacturing/BOM_FOR_ASSEMBLY_RULES.md,PLACEHOLDER_LANGUAGE,MEDIUM,File contains boilerplate or unresolved template language that reduces agent usefulness.,Replace with specific instructions/data or move to templates/examples.
11_LIBRARY_FACTORY/3d_models/README.md,THIN_README_OR_INDEX,MEDIUM,README/INDEX is likely navigational scaffold rather than production guidance.,"Expand with concrete workflow, inputs, outputs, and quality gates."
11_LIBRARY_FACTORY/3d_models/README.md,GENERIC_FOLDER_TEXT,MEDIUM,File contains boilerplate or unresolved template language that reduces agent usefulness.,Replace with specific instructions/data or move to templates/examples.
11_LIBRARY_FACTORY/qa/README.md,THIN_README_OR_INDEX,MEDIUM,README/INDEX is likely navigational scaffold rather than production guidance.,"Expand with concrete workflow, inputs, outputs, and quality gates."
11_LIBRARY_FACTORY/qa/README.md,GENERIC_FOLDER_TEXT,MEDIUM,File contains boilerplate or unresolved template language that reduces agent usefulness.,Replace with specific instructions/data or move to templates/examples.
11_LIBRARY_FACTORY/symbols/SYMBOL_FIELD_RULES.md,PLACEHOLDER_LANGUAGE,MEDIUM,File contains boilerplate or unresolved template language that reduces agent usefulness.,Replace with specific instructions/data or move to templates/examples.
12_REFERENCE_DESIGN_LIBRARY/00_INDEX/PUBLIC_SOURCE_RULES.md,PLACEHOLDER_LANGUAGE,MEDIUM,File contains boilerplate or unresolved template language that reduces agent usefulness.,Replace with specific instructions/data or move to templates/examples.
12_REFERENCE_DESIGN_LIBRARY/00_INDEX/REFERENCE_DESIGN_SCHEMA.md,PLACEHOLDER_LANGUAGE,MEDIUM,File contains boilerplate or unresolved template language that reduces agent usefulness.,Replace with specific instructions/data or move to templates/examples.
12_REFERENCE_DESIGN_LIBRARY/00_INDEX/VERIFICATION_LEVELS.md,PLACEHOLDER_LANGUAGE,MEDIUM,File contains boilerplate or unresolved template language that reduces agent usefulness.,Replace with specific instructions/data or move to templates/examples.
12_REFERENCE_DESIGN_LIBRARY/AUTOMOTIVE/README.md,THIN_README_OR_INDEX,MEDIUM,README/INDEX is likely navigational scaffold rather than production guidance.,"Expand with concrete workflow, inputs, outputs, and quality gates."
12_REFERENCE_DESIGN_LIBRARY/CAN/README.md,THIN_README_OR_INDEX,MEDIUM,README/INDEX is likely navigational scaffold rather than production guidance.,"Expand with concrete workflow, inputs, outputs, and quality gates."
12_REFERENCE_DESIGN_LIBRARY/ESP32/README.md,THIN_README_OR_INDEX,MEDIUM,README/INDEX is likely navigational scaffold rather than production guidance.,"Expand with concrete workflow, inputs, outputs, and quality gates."
12_REFERENCE_DESIGN_LIBRARY/PIC_AVR/README.md,THIN_README_OR_INDEX,MEDIUM,README/INDEX is likely navigational scaffold rather than production guidance.,"Expand with concrete workflow, inputs, outputs, and quality gates."
12_REFERENCE_DESIGN_LIBRARY/POWER/README.md,THIN_README_OR_INDEX,MEDIUM,README/INDEX is likely navigational scaffold rather than production guidance.,"Expand with concrete workflow, inputs, outputs, and quality gates."
12_REFERENCE_DESIGN_LIBRARY/README.md,GENERIC_FOLDER_TEXT,MEDIUM,File contains boilerplate or unresolved template language that reduces agent usefulness.,Replace with specific instructions/data or move to templates/examples.
12_REFERENCE_DESIGN_LIBRARY/RF/README.md,THIN_README_OR_INDEX,MEDIUM,README/INDEX is likely navigational scaffold rather than production guidance.,"Expand with concrete workflow, inputs, outputs, and quality gates."
12_REFERENCE_DESIGN_LIBRARY/STM32/README.md,THIN_README_OR_INDEX,MEDIUM,README/INDEX is likely navigational scaffold rather than production guidance.,"Expand with concrete workflow, inputs, outputs, and quality gates."
12_REFERENCE_DESIGN_LIBRARY/USB/README.md,THIN_README_OR_INDEX,MEDIUM,README/INDEX is likely navigational scaffold rather than production guidance.,"Expand with concrete workflow, inputs, outputs, and quality gates."
13_PART_INGESTION/scripts/README.md,PLACEHOLDER_LANGUAGE,MEDIUM,File contains boilerplate or unresolved template language that reduces agent usefulness.,Replace with specific instructions/data or move to templates/examples.
15_BENCHMARKS/README.md,GENERIC_FOLDER_TEXT,MEDIUM,File contains boilerplate or unresolved template language that reduces agent usefulness.,Replace with specific instructions/data or move to templates/examples.
15_BENCHMARKS/results/README.md,THIN_README_OR_INDEX,MEDIUM,README/INDEX is likely navigational scaffold rather than production guidance.,"Expand with concrete workflow, inputs, outputs, and quality gates."
17_RELEASE_BUILD/README.md,THIN_README_OR_INDEX,MEDIUM,README/INDEX is likely navigational scaffold rather than production guidance.,"Expand with concrete workflow, inputs, outputs, and quality gates."
18_PUBLIC_DOCS/README.md,THIN_README_OR_INDEX,MEDIUM,README/INDEX is likely navigational scaffold rather than production guidance.,"Expand with concrete workflow, inputs, outputs, and quality gates."
19_TEST_PROJECTS/broken_projects_for_testing/README.md,THIN_README_OR_INDEX,MEDIUM,README/INDEX is likely navigational scaffold rather than production guidance.,"Expand with concrete workflow, inputs, outputs, and quality gates."
19_TEST_PROJECTS/expected_reports/README.md,THIN_README_OR_INDEX,MEDIUM,README/INDEX is likely navigational scaffold rather than production guidance.,"Expand with concrete workflow, inputs, outputs, and quality gates."
19_TEST_PROJECTS/planning_only/ESP32_S3_SAMPLE_AI_WORKFLOW/README.md,THIN_README_OR_INDEX,MEDIUM,README/INDEX is likely navigational scaffold rather than production guidance.,"Expand with concrete workflow, inputs, outputs, and quality gates."
19_TEST_PROJECTS/planning_only/README.md,THIN_README_OR_INDEX,MEDIUM,README/INDEX is likely navigational scaffold rather than production guidance.,"Expand with concrete workflow, inputs, outputs, and quality gates."
19_TEST_PROJECTS/sample_kicad_projects/README.md,THIN_README_OR_INDEX,MEDIUM,README/INDEX is likely navigational scaffold rather than production guidance.,"Expand with concrete workflow, inputs, outputs, and quality gates."
20_CI_CD/README.md,THIN_README_OR_INDEX,MEDIUM,README/INDEX is likely navigational scaffold rather than production guidance.,"Expand with concrete workflow, inputs, outputs, and quality gates."
21_LICENSE_ATTRIBUTION/README.md,THIN_README_OR_INDEX,MEDIUM,README/INDEX is likely navigational scaffold rather than production guidance.,"Expand with concrete workflow, inputs, outputs, and quality gates."
21_LICENSE_ATTRIBUTION/THIRD_PARTY_ATTRIBUTION.md,PLACEHOLDER_LANGUAGE,MEDIUM,File contains boilerplate or unresolved template language that reduces agent usefulness.,Replace with specific instructions/data or move to templates/examples.
22_SECURITY/README.md,THIN_README_OR_INDEX,MEDIUM,README/INDEX is likely navigational scaffold rather than production guidance.,"Expand with concrete workflow, inputs, outputs, and quality gates."
22_SECURITY/README.md,PLACEHOLDER_LANGUAGE,MEDIUM,File contains boilerplate or unresolved template language that reduces agent usefulness.,Replace with specific instructions/data or move to templates/examples.
22_SECURITY/SECRET_HANDLING_RULES.md,PLACEHOLDER_LANGUAGE,MEDIUM,File contains boilerplate or unresolved template language that reduces agent usefulness.,Replace with specific instructions/data or move to templates/examples.
23_PACKAGE_PROFILES/00_INDEX/PACKAGE_VERIFICATION_CHECKLIST.md,PLACEHOLDER_LANGUAGE,MEDIUM,File contains boilerplate or unresolved template language that reduces agent usefulness.,Replace with specific instructions/data or move to templates/examples.
23_PACKAGE_PROFILES/00_INDEX/README.md,THIN_README_OR_INDEX,MEDIUM,README/INDEX is likely navigational scaffold rather than production guidance.,"Expand with concrete workflow, inputs, outputs, and quality gates."
23_PACKAGE_PROFILES/BGA/README.md,THIN_README_OR_INDEX,MEDIUM,README/INDEX is likely navigational scaffold rather than production guidance.,"Expand with concrete workflow, inputs, outputs, and quality gates."
23_PACKAGE_PROFILES/BGA/README.md,PLACEHOLDER_LANGUAGE,MEDIUM,File contains boilerplate or unresolved template language that reduces agent usefulness.,Replace with specific instructions/data or move to templates/examples.
23_PACKAGE_PROFILES/DFN/README.md,THIN_README_OR_INDEX,MEDIUM,README/INDEX is likely navigational scaffold rather than production guidance.,"Expand with concrete workflow, inputs, outputs, and quality gates."
23_PACKAGE_PROFILES/DFN/README.md,PLACEHOLDER_LANGUAGE,MEDIUM,File contains boilerplate or unresolved template language that reduces agent usefulness.,Replace with specific instructions/data or move to templates/examples.
23_PACKAGE_PROFILES/GENERIC_PACKAGES/README.md,THIN_README_OR_INDEX,MEDIUM,README/INDEX is likely navigational scaffold rather than production guidance.,"Expand with concrete workflow, inputs, outputs, and quality gates."
23_PACKAGE_PROFILES/INDEX.md,PLACEHOLDER_LANGUAGE,MEDIUM,File contains boilerplate or unresolved template language that reduces agent usefulness.,Replace with specific instructions/data or move to templates/examples.
23_PACKAGE_PROFILES/THROUGH_HOLE/README.md,THIN_README_OR_INDEX,MEDIUM,README/INDEX is likely navigational scaffold rather than production guidance.,"Expand with concrete workflow, inputs, outputs, and quality gates."
23_PACKAGE_PROFILES/THROUGH_HOLE/README.md,PLACEHOLDER_LANGUAGE,MEDIUM,File contains boilerplate or unresolved template language that reduces agent usefulness.,Replace with specific instructions/data or move to templates/examples.
24_FAB_PROFILES/00_INDEX/README.md,THIN_README_OR_INDEX,MEDIUM,README/INDEX is likely navigational scaffold rather than production guidance.,"Expand with concrete workflow, inputs, outputs, and quality gates."
24_FAB_PROFILES/GENERIC_FAB_OUTPUTS/README.md,THIN_README_OR_INDEX,MEDIUM,README/INDEX is likely navigational scaffold rather than production guidance.,"Expand with concrete workflow, inputs, outputs, and quality gates."
24_FAB_PROFILES/GENERIC_FAB_OUTPUTS/README.md,PLACEHOLDER_LANGUAGE,MEDIUM,File contains boilerplate or unresolved template language that reduces agent usefulness.,Replace with specific instructions/data or move to templates/examples.
24_FAB_PROFILES/INDEX.md,PLACEHOLDER_LANGUAGE,MEDIUM,File contains boilerplate or unresolved template language that reduces agent usefulness.,Replace with specific instructions/data or move to templates/examples.
24_FAB_PROFILES/MACROFAB/README.md,THIN_README_OR_INDEX,MEDIUM,README/INDEX is likely navigational scaffold rather than production guidance.,"Expand with concrete workflow, inputs, outputs, and quality gates."
24_FAB_PROFILES/MACROFAB/README.md,PLACEHOLDER_LANGUAGE,MEDIUM,File contains boilerplate or unresolved template language that reduces agent usefulness.,Replace with specific instructions/data or move to templates/examples.
24_FAB_PROFILES/OSHPARK/README.md,THIN_README_OR_INDEX,MEDIUM,README/INDEX is likely navigational scaffold rather than production guidance.,"Expand with concrete workflow, inputs, outputs, and quality gates."
24_FAB_PROFILES/OSHPARK/README.md,PLACEHOLDER_LANGUAGE,MEDIUM,File contains boilerplate or unresolved template language that reduces agent usefulness.,Replace with specific instructions/data or move to templates/examples.
24_FAB_PROFILES/README.md,THIN_README_OR_INDEX,MEDIUM,README/INDEX is likely navigational scaffold rather than production guidance.,"Expand with concrete workflow, inputs, outputs, and quality gates."
25_VENDOR_DATABASE/00_INDEX/README.md,THIN_README_OR_INDEX,MEDIUM,README/INDEX is likely navigational scaffold rather than production guidance.,"Expand with concrete workflow, inputs, outputs, and quality gates."
25_VENDOR_DATABASE/ESPRESSIF/README.md,THIN_README_OR_INDEX,MEDIUM,README/INDEX is likely navigational scaffold rather than production guidance.,"Expand with concrete workflow, inputs, outputs, and quality gates."
25_VENDOR_DATABASE/ESPRESSIF/README.md,PLACEHOLDER_LANGUAGE,MEDIUM,File contains boilerplate or unresolved template language that reduces agent usefulness.,Replace with specific instructions/data or move to templates/examples.
25_VENDOR_DATABASE/GENERIC_SUPPLIERS/README.md,THIN_README_OR_INDEX,MEDIUM,README/INDEX is likely navigational scaffold rather than production guidance.,"Expand with concrete workflow, inputs, outputs, and quality gates."
25_VENDOR_DATABASE/GENERIC_SUPPLIERS/README.md,PLACEHOLDER_LANGUAGE,MEDIUM,File contains boilerplate or unresolved template language that reduces agent usefulness.,Replace with specific instructions/data or move to templates/examples.
25_VENDOR_DATABASE/INDEX.md,PLACEHOLDER_LANGUAGE,MEDIUM,File contains boilerplate or unresolved template language that reduces agent usefulness.,Replace with specific instructions/data or move to templates/examples.
25_VENDOR_DATABASE/JST/README.md,THIN_README_OR_INDEX,MEDIUM,README/INDEX is likely navigational scaffold rather than production guidance.,"Expand with concrete workflow, inputs, outputs, and quality gates."
25_VENDOR_DATABASE/JST/README.md,PLACEHOLDER_LANGUAGE,MEDIUM,File contains boilerplate or unresolved template language that reduces agent usefulness.,Replace with specific instructions/data or move to templates/examples.
25_VENDOR_DATABASE/MICROCHIP/README.md,THIN_README_OR_INDEX,MEDIUM,README/INDEX is likely navigational scaffold rather than production guidance.,"Expand with concrete workflow, inputs, outputs, and quality gates."
25_VENDOR_DATABASE/MICROCHIP/README.md,PLACEHOLDER_LANGUAGE,MEDIUM,File contains boilerplate or unresolved template language that reduces agent usefulness.,Replace with specific instructions/data or move to templates/examples.
25_VENDOR_DATABASE/MOLEX/README.md,THIN_README_OR_INDEX,MEDIUM,README/INDEX is likely navigational scaffold rather than production guidance.,"Expand with concrete workflow, inputs, outputs, and quality gates."
25_VENDOR_DATABASE/MOLEX/README.md,PLACEHOLDER_LANGUAGE,MEDIUM,File contains boilerplate or unresolved template language that reduces agent usefulness.,Replace with specific instructions/data or move to templates/examples.
25_VENDOR_DATABASE/NORDIC/README.md,THIN_README_OR_INDEX,MEDIUM,README/INDEX is likely navigational scaffold rather than production guidance.,"Expand with concrete workflow, inputs, outputs, and quality gates."
25_VENDOR_DATABASE/NORDIC/README.md,PLACEHOLDER_LANGUAGE,MEDIUM,File contains boilerplate or unresolved template language that reduces agent usefulness.,Replace with specific instructions/data or move to templates/examples.
25_VENDOR_DATABASE/NXP/README.md,THIN_README_OR_INDEX,MEDIUM,README/INDEX is likely navigational scaffold rather than production guidance.,"Expand with concrete workflow, inputs, outputs, and quality gates."
25_VENDOR_DATABASE/NXP/README.md,PLACEHOLDER_LANGUAGE,MEDIUM,File contains boilerplate or unresolved template language that reduces agent usefulness.,Replace with specific instructions/data or move to templates/examples.
25_VENDOR_DATABASE/RASPBERRY_PI/README.md,THIN_README_OR_INDEX,MEDIUM,README/INDEX is likely navigational scaffold rather than production guidance.,"Expand with concrete workflow, inputs, outputs, and quality gates."
25_VENDOR_DATABASE/RASPBERRY_PI/README.md,PLACEHOLDER_LANGUAGE,MEDIUM,File contains boilerplate or unresolved template language that reduces agent usefulness.,Replace with specific instructions/data or move to templates/examples.
25_VENDOR_DATABASE/README.md,THIN_README_OR_INDEX,MEDIUM,README/INDEX is likely navigational scaffold rather than production guidance.,"Expand with concrete workflow, inputs, outputs, and quality gates."
25_VENDOR_DATABASE/STMICRO/README.md,THIN_README_OR_INDEX,MEDIUM,README/INDEX is likely navigational scaffold rather than production guidance.,"Expand with concrete workflow, inputs, outputs, and quality gates."
25_VENDOR_DATABASE/STMICRO/README.md,PLACEHOLDER_LANGUAGE,MEDIUM,File contains boilerplate or unresolved template language that reduces agent usefulness.,Replace with specific instructions/data or move to templates/examples.
25_VENDOR_DATABASE/TE_CONNECTIVITY/README.md,THIN_README_OR_INDEX,MEDIUM,README/INDEX is likely navigational scaffold rather than production guidance.,"Expand with concrete workflow, inputs, outputs, and quality gates."
25_VENDOR_DATABASE/TE_CONNECTIVITY/README.md,PLACEHOLDER_LANGUAGE,MEDIUM,File contains boilerplate or unresolved template language that reduces agent usefulness.,Replace with specific instructions/data or move to templates/examples.
25_VENDOR_DATABASE/TI/README.md,THIN_README_OR_INDEX,MEDIUM,README/INDEX is likely navigational scaffold rather than production guidance.,"Expand with concrete workflow, inputs, outputs, and quality gates."
25_VENDOR_DATABASE/TI/README.md,PLACEHOLDER_LANGUAGE,MEDIUM,File contains boilerplate or unresolved template language that reduces agent usefulness.,Replace with specific instructions/data or move to templates/examples.
25_VENDOR_DATABASE/WURTH/README.md,THIN_README_OR_INDEX,MEDIUM,README/INDEX is likely navigational scaffold rather than production guidance.,"Expand with concrete workflow, inputs, outputs, and quality gates."
25_VENDOR_DATABASE/WURTH/README.md,PLACEHOLDER_LANGUAGE,MEDIUM,File contains boilerplate or unresolved template language that reduces agent usefulness.,Replace with specific instructions/data or move to templates/examples.
27_EXAMPLES/component_record_examples/README.md,THIN_README_OR_INDEX,MEDIUM,README/INDEX is likely navigational scaffold rather than production guidance.,"Expand with concrete workflow, inputs, outputs, and quality gates."
27_EXAMPLES/datasheet_summary_examples/README.md,THIN_README_OR_INDEX,MEDIUM,README/INDEX is likely navigational scaffold rather than production guidance.,"Expand with concrete workflow, inputs, outputs, and quality gates."
27_EXAMPLES/memory_history_examples/README.md,THIN_README_OR_INDEX,MEDIUM,README/INDEX is likely navigational scaffold rather than production guidance.,"Expand with concrete workflow, inputs, outputs, and quality gates."
27_EXAMPLES/prompt_examples/README.md,THIN_README_OR_INDEX,MEDIUM,README/INDEX is likely navigational scaffold rather than production guidance.,"Expand with concrete workflow, inputs, outputs, and quality gates."
27_EXAMPLES/quality_scorecard_examples/README.md,THIN_README_OR_INDEX,MEDIUM,README/INDEX is likely navigational scaffold rather than production guidance.,"Expand with concrete workflow, inputs, outputs, and quality gates."
27_EXAMPLES/report_examples/README.md,THIN_README_OR_INDEX,MEDIUM,README/INDEX is likely navigational scaffold rather than production guidance.,"Expand with concrete workflow, inputs, outputs, and quality gates."
28_SUPPLIER_INGESTION/connectors/arrow/README.md,THIN_README_OR_INDEX,MEDIUM,README/INDEX is likely navigational scaffold rather than production guidance.,"Expand with concrete workflow, inputs, outputs, and quality gates."
28_SUPPLIER_INGESTION/connectors/arrow/README.md,PLACEHOLDER_LANGUAGE,MEDIUM,File contains boilerplate or unresolved template language that reduces agent usefulness.,Replace with specific instructions/data or move to templates/examples.
28_SUPPLIER_INGESTION/connectors/avnet/README.md,THIN_README_OR_INDEX,MEDIUM,README/INDEX is likely navigational scaffold rather than production guidance.,"Expand with concrete workflow, inputs, outputs, and quality gates."
28_SUPPLIER_INGESTION/connectors/avnet/README.md,PLACEHOLDER_LANGUAGE,MEDIUM,File contains boilerplate or unresolved template language that reduces agent usefulness.,Replace with specific instructions/data or move to templates/examples.
28_SUPPLIER_INGESTION/connectors/digikey/DRY_RUN_EXAMPLES.md,PLACEHOLDER_LANGUAGE,MEDIUM,File contains boilerplate or unresolved template language that reduces agent usefulness.,Replace with specific instructions/data or move to templates/examples.
28_SUPPLIER_INGESTION/connectors/digikey/README.md,PLACEHOLDER_LANGUAGE,MEDIUM,File contains boilerplate or unresolved template language that reduces agent usefulness.,Replace with specific instructions/data or move to templates/examples.
28_SUPPLIER_INGESTION/connectors/farnell/README.md,THIN_README_OR_INDEX,MEDIUM,README/INDEX is likely navigational scaffold rather than production guidance.,"Expand with concrete workflow, inputs, outputs, and quality gates."
28_SUPPLIER_INGESTION/connectors/farnell/README.md,PLACEHOLDER_LANGUAGE,MEDIUM,File contains boilerplate or unresolved template language that reduces agent usefulness.,Replace with specific instructions/data or move to templates/examples.
28_SUPPLIER_INGESTION/connectors/future_electronics/README.md,THIN_README_OR_INDEX,MEDIUM,README/INDEX is likely navigational scaffold rather than production guidance.,"Expand with concrete workflow, inputs, outputs, and quality gates."
28_SUPPLIER_INGESTION/connectors/future_electronics/README.md,PLACEHOLDER_LANGUAGE,MEDIUM,File contains boilerplate or unresolved template language that reduces agent usefulness.,Replace with specific instructions/data or move to templates/examples.
28_SUPPLIER_INGESTION/connectors/jlcpcb/DRY_RUN_EXAMPLES.md,PLACEHOLDER_LANGUAGE,MEDIUM,File contains boilerplate or unresolved template language that reduces agent usefulness.,Replace with specific instructions/data or move to templates/examples.
28_SUPPLIER_INGESTION/connectors/lcsc/DRY_RUN_EXAMPLES.md,PLACEHOLDER_LANGUAGE,MEDIUM,File contains boilerplate or unresolved template language that reduces agent usefulness.,Replace with specific instructions/data or move to templates/examples.
28_SUPPLIER_INGESTION/connectors/manual_csv/README.md,THIN_README_OR_INDEX,MEDIUM,README/INDEX is likely navigational scaffold rather than production guidance.,"Expand with concrete workflow, inputs, outputs, and quality gates."
28_SUPPLIER_INGESTION/connectors/manual_csv/README.md,PLACEHOLDER_LANGUAGE,MEDIUM,File contains boilerplate or unresolved template language that reduces agent usefulness.,Replace with specific instructions/data or move to templates/examples.
28_SUPPLIER_INGESTION/connectors/mouser/DRY_RUN_EXAMPLES.md,PLACEHOLDER_LANGUAGE,MEDIUM,File contains boilerplate or unresolved template language that reduces agent usefulness.,Replace with specific instructions/data or move to templates/examples.
28_SUPPLIER_INGESTION/connectors/mouser/README.md,PLACEHOLDER_LANGUAGE,MEDIUM,File contains boilerplate or unresolved template language that reduces agent usefulness.,Replace with specific instructions/data or move to templates/examples.
28_SUPPLIER_INGESTION/connectors/newark_element14/README.md,THIN_README_OR_INDEX,MEDIUM,README/INDEX is likely navigational scaffold rather than production guidance.,"Expand with concrete workflow, inputs, outputs, and quality gates."
28_SUPPLIER_INGESTION/connectors/newark_element14/README.md,PLACEHOLDER_LANGUAGE,MEDIUM,File contains boilerplate or unresolved template language that reduces agent usefulness.,Replace with specific instructions/data or move to templates/examples.
28_SUPPLIER_INGESTION/connectors/octopart/README.md,THIN_README_OR_INDEX,MEDIUM,README/INDEX is likely navigational scaffold rather than production guidance.,"Expand with concrete workflow, inputs, outputs, and quality gates."
28_SUPPLIER_INGESTION/connectors/octopart/README.md,PLACEHOLDER_LANGUAGE,MEDIUM,File contains boilerplate or unresolved template language that reduces agent usefulness.,Replace with specific instructions/data or move to templates/examples.
28_SUPPLIER_INGESTION/connectors/rs_components/README.md,THIN_README_OR_INDEX,MEDIUM,README/INDEX is likely navigational scaffold rather than production guidance.,"Expand with concrete workflow, inputs, outputs, and quality gates."
28_SUPPLIER_INGESTION/connectors/rs_components/README.md,PLACEHOLDER_LANGUAGE,MEDIUM,File contains boilerplate or unresolved template language that reduces agent usefulness.,Replace with specific instructions/data or move to templates/examples.
28_SUPPLIER_INGESTION/connectors/rutronik/README.md,THIN_README_OR_INDEX,MEDIUM,README/INDEX is likely navigational scaffold rather than production guidance.,"Expand with concrete workflow, inputs, outputs, and quality gates."
28_SUPPLIER_INGESTION/connectors/rutronik/README.md,PLACEHOLDER_LANGUAGE,MEDIUM,File contains boilerplate or unresolved template language that reduces agent usefulness.,Replace with specific instructions/data or move to templates/examples.
28_SUPPLIER_INGESTION/connectors/tme/README.md,THIN_README_OR_INDEX,MEDIUM,README/INDEX is likely navigational scaffold rather than production guidance.,"Expand with concrete workflow, inputs, outputs, and quality gates."
28_SUPPLIER_INGESTION/connectors/tme/README.md,PLACEHOLDER_LANGUAGE,MEDIUM,File contains boilerplate or unresolved template language that reduces agent usefulness.,Replace with specific instructions/data or move to templates/examples.
28_SUPPLIER_INGESTION/normalized/README.md,THIN_README_OR_INDEX,MEDIUM,README/INDEX is likely navigational scaffold rather than production guidance.,"Expand with concrete workflow, inputs, outputs, and quality gates."
28_SUPPLIER_INGESTION/reports/README.md,THIN_README_OR_INDEX,MEDIUM,README/INDEX is likely navigational scaffold rather than production guidance.,"Expand with concrete workflow, inputs, outputs, and quality gates."
28_SUPPLIER_INGESTION/scripts/README.md,THIN_README_OR_INDEX,MEDIUM,README/INDEX is likely navigational scaffold rather than production guidance.,"Expand with concrete workflow, inputs, outputs, and quality gates."
28_SUPPLIER_INGESTION/source_lists/README.md,THIN_README_OR_INDEX,MEDIUM,README/INDEX is likely navigational scaffold rather than production guidance.,"Expand with concrete workflow, inputs, outputs, and quality gates."
29_FOOTPRINT_GAP_ANALYSIS/CONNECTOR_FOOTPRINT_GAPS.md,PLACEHOLDER_LANGUAGE,MEDIUM,File contains boilerplate or unresolved template language that reduces agent usefulness.,Replace with specific instructions/data or move to templates/examples.
29_FOOTPRINT_GAP_ANALYSIS/FOOTPRINT_CREATION_BACKLOG.md,PLACEHOLDER_LANGUAGE,MEDIUM,File contains boilerplate or unresolved template language that reduces agent usefulness.,Replace with specific instructions/data or move to templates/examples.
29_FOOTPRINT_GAP_ANALYSIS/GENERATED_INDEXES/component_db_to_footprint_matches.md,PLACEHOLDER_LANGUAGE,MEDIUM,File contains boilerplate or unresolved template language that reduces agent usefulness.,Replace with specific instructions/data or move to templates/examples.
29_FOOTPRINT_GAP_ANALYSIS/HIGH_RISK_FOOTPRINTS.md,PLACEHOLDER_LANGUAGE,MEDIUM,File contains boilerplate or unresolved template language that reduces agent usefulness.,Replace with specific instructions/data or move to templates/examples.
29_FOOTPRINT_GAP_ANALYSIS/MISSING_FOOTPRINT_CANDIDATES.md,PLACEHOLDER_LANGUAGE,MEDIUM,File contains boilerplate or unresolved template language that reduces agent usefulness.,Replace with specific instructions/data or move to templates/examples.
30_SUPPLIER_FOOTPRINT_MATCHES/matches/digikey/README.md,THIN_README_OR_INDEX,MEDIUM,README/INDEX is likely navigational scaffold rather than production guidance.,"Expand with concrete workflow, inputs, outputs, and quality gates."
30_SUPPLIER_FOOTPRINT_MATCHES/matches/jlcpcb/README.md,THIN_README_OR_INDEX,MEDIUM,README/INDEX is likely navigational scaffold rather than production guidance.,"Expand with concrete workflow, inputs, outputs, and quality gates."
30_SUPPLIER_FOOTPRINT_MATCHES/matches/lcsc/README.md,THIN_README_OR_INDEX,MEDIUM,README/INDEX is likely navigational scaffold rather than production guidance.,"Expand with concrete workflow, inputs, outputs, and quality gates."
30_SUPPLIER_FOOTPRINT_MATCHES/matches/manual_source_link/README.md,THIN_README_OR_INDEX,MEDIUM,README/INDEX is likely navigational scaffold rather than production guidance.,"Expand with concrete workflow, inputs, outputs, and quality gates."
30_SUPPLIER_FOOTPRINT_MATCHES/matches/manual_source_link/README.md,PLACEHOLDER_LANGUAGE,MEDIUM,File contains boilerplate or unresolved template language that reduces agent usefulness.,Replace with specific instructions/data or move to templates/examples.
30_SUPPLIER_FOOTPRINT_MATCHES/matches/manual_verified/README.md,THIN_README_OR_INDEX,MEDIUM,README/INDEX is likely navigational scaffold rather than production guidance.,"Expand with concrete workflow, inputs, outputs, and quality gates."
30_SUPPLIER_FOOTPRINT_MATCHES/matches/mouser/README.md,THIN_README_OR_INDEX,MEDIUM,README/INDEX is likely navigational scaffold rather than production guidance.,"Expand with concrete workflow, inputs, outputs, and quality gates."
30_SUPPLIER_FOOTPRINT_MATCHES/reports/README.md,THIN_README_OR_INDEX,MEDIUM,README/INDEX is likely navigational scaffold rather than production guidance.,"Expand with concrete workflow, inputs, outputs, and quality gates."
30_SUPPLIER_FOOTPRINT_MATCHES/scripts/README.md,THIN_README_OR_INDEX,MEDIUM,README/INDEX is likely navigational scaffold rather than production guidance.,"Expand with concrete workflow, inputs, outputs, and quality gates."
31_PLAYWRIGHT_RESEARCH_PIPELINE/PLAYWRIGHT_USAGE_RULES.md,PLACEHOLDER_LANGUAGE,MEDIUM,File contains boilerplate or unresolved template language that reduces agent usefulness.,Replace with specific instructions/data or move to templates/examples.
31_PLAYWRIGHT_RESEARCH_PIPELINE/scripts/README.md,THIN_README_OR_INDEX,MEDIUM,README/INDEX is likely navigational scaffold rather than production guidance.,"Expand with concrete workflow, inputs, outputs, and quality gates."
31_PLAYWRIGHT_RESEARCH_PIPELINE/scripts/browser_research_public_page.js,PLACEHOLDER_LANGUAGE,MEDIUM,File contains boilerplate or unresolved template language that reduces agent usefulness.,Replace with specific instructions/data or move to templates/examples.
31_PLAYWRIGHT_RESEARCH_PIPELINE/scripts/update_component_database_stubs.js,PLACEHOLDER_LANGUAGE,MEDIUM,File contains boilerplate or unresolved template language that reduces agent usefulness.,Replace with specific instructions/data or move to templates/examples.
31_PLAYWRIGHT_RESEARCH_PIPELINE/scripts/update_datasheet_source_indexes.js,PLACEHOLDER_LANGUAGE,MEDIUM,File contains boilerplate or unresolved template language that reduces agent usefulness.,Replace with specific instructions/data or move to templates/examples.
31_PLAYWRIGHT_RESEARCH_PIPELINE/scripts/update_supplier_indexes.js,PLACEHOLDER_LANGUAGE,MEDIUM,File contains boilerplate or unresolved template language that reduces agent usefulness.,Replace with specific instructions/data or move to templates/examples.
FAQ.md,PLACEHOLDER_LANGUAGE,MEDIUM,File contains boilerplate or unresolved template language that reduces agent usefulness.,Replace with specific instructions/data or move to templates/examples.
PUBLIC_REPO_RISK_REGISTER.md,PLACEHOLDER_LANGUAGE,MEDIUM,File contains boilerplate or unresolved template language that reduces agent usefulness.,Replace with specific instructions/data or move to templates/examples.
README.md,PLACEHOLDER_LANGUAGE,MEDIUM,File contains boilerplate or unresolved template language that reduces agent usefulness.,Replace with specific instructions/data or move to templates/examples.
ROADMAP.md,PLACEHOLDER_LANGUAGE,MEDIUM,File contains boilerplate or unresolved template language that reduces agent usefulness.,Replace with specific instructions/data or move to templates/examples.
START_HERE_FOR_AI_AGENTS.md,PLACEHOLDER_LANGUAGE,MEDIUM,File contains boilerplate or unresolved template language that reduces agent usefulness.,Replace with specific instructions/data or move to templates/examples.
docs/INDEX.md,THIN_README_OR_INDEX,MEDIUM,README/INDEX is likely navigational scaffold rather than production guidance.,"Expand with concrete workflow, inputs, outputs, and quality gates."
docs/README.md,THIN_README_OR_INDEX,MEDIUM,README/INDEX is likely navigational scaffold rather than production guidance.,"Expand with concrete workflow, inputs, outputs, and quality gates."
health_check.py,PLACEHOLDER_LANGUAGE,MEDIUM,File contains boilerplate or unresolved template language that reduces agent usefulness.,Replace with specific instructions/data or move to templates/examples.
installer/INDEX.md,THIN_README_OR_INDEX,MEDIUM,README/INDEX is likely navigational scaffold rather than production guidance.,"Expand with concrete workflow, inputs, outputs, and quality gates."
installer/INSTALLER_ARCHITECTURE.md,PLACEHOLDER_LANGUAGE,MEDIUM,File contains boilerplate or unresolved template language that reduces agent usefulness.,Replace with specific instructions/data or move to templates/examples.
installer/LINUX_APPIMAGE_DEB_RPM_PLAN.md,PLACEHOLDER_LANGUAGE,MEDIUM,File contains boilerplate or unresolved template language that reduces agent usefulness.,Replace with specific instructions/data or move to templates/examples.
installer/MACOS_DMG_PLAN.md,PLACEHOLDER_LANGUAGE,MEDIUM,File contains boilerplate or unresolved template language that reduces agent usefulness.,Replace with specific instructions/data or move to templates/examples.
installer/PAYLOAD_MANIFEST.md,PLACEHOLDER_LANGUAGE,MEDIUM,File contains boilerplate or unresolved template language that reduces agent usefulness.,Replace with specific instructions/data or move to templates/examples.
installer/README.md,PLACEHOLDER_LANGUAGE,MEDIUM,File contains boilerplate or unresolved template language that reduces agent usefulness.,Replace with specific instructions/data or move to templates/examples.
installer/SECURITY_MODEL.md,PLACEHOLDER_LANGUAGE,MEDIUM,File contains boilerplate or unresolved template language that reduces agent usefulness.,Replace with specific instructions/data or move to templates/examples.
installer/SIGNING_AND_RELEASE_NOTES.md,PLACEHOLDER_LANGUAGE,MEDIUM,File contains boilerplate or unresolved template language that reduces agent usefulness.,Replace with specific instructions/data or move to templates/examples.
installer/UPDATE_MODEL.md,PLACEHOLDER_LANGUAGE,MEDIUM,File contains boilerplate or unresolved template language that reduces agent usefulness.,Replace with specific instructions/data or move to templates/examples.
installer/USER_FLOW.md,PLACEHOLDER_LANGUAGE,MEDIUM,File contains boilerplate or unresolved template language that reduces agent usefulness.,Replace with specific instructions/data or move to templates/examples.
installer/WINDOWS_EXE_PLAN.md,PLACEHOLDER_LANGUAGE,MEDIUM,File contains boilerplate or unresolved template language that reduces agent usefulness.,Replace with specific instructions/data or move to templates/examples.
installer/build/linux/README.md,THIN_README_OR_INDEX,MEDIUM,README/INDEX is likely navigational scaffold rather than production guidance.,"Expand with concrete workflow, inputs, outputs, and quality gates."
installer/build/macos/README.md,THIN_README_OR_INDEX,MEDIUM,README/INDEX is likely navigational scaffold rather than production guidance.,"Expand with concrete workflow, inputs, outputs, and quality gates."
installer/build/windows/README.md,THIN_README_OR_INDEX,MEDIUM,README/INDEX is likely navigational scaffold rather than production guidance.,"Expand with concrete workflow, inputs, outputs, and quality gates."
installer/build/windows/win-unpacked/resources/payload/repo-template/.claude/README.md,THIN_README_OR_INDEX,MEDIUM,README/INDEX is likely navigational scaffold rather than production guidance.,"Expand with concrete workflow, inputs, outputs, and quality gates."
installer/build/windows/win-unpacked/resources/payload/repo-template/.codex/README.md,THIN_README_OR_INDEX,MEDIUM,README/INDEX is likely navigational scaffold rather than production guidance.,"Expand with concrete workflow, inputs, outputs, and quality gates."
installer/build/windows/win-unpacked/resources/payload/repo-template/.codex/README.md,PLACEHOLDER_LANGUAGE,MEDIUM,File contains boilerplate or unresolved template language that reduces agent usefulness.,Replace with specific instructions/data or move to templates/examples.
installer/build/windows/win-unpacked/resources/payload/repo-template/.prompts/claude/03_RESEARCH_COMPONENT.md,PLACEHOLDER_LANGUAGE,MEDIUM,File contains boilerplate or unresolved template language that reduces agent usefulness.,Replace with specific instructions/data or move to templates/examples.
installer/build/windows/win-unpacked/resources/payload/repo-template/.prompts/claude/04_ADD_COMPONENT_TO_DATABASE.md,PLACEHOLDER_LANGUAGE,MEDIUM,File contains boilerplate or unresolved template language that reduces agent usefulness.,Replace with specific instructions/data or move to templates/examples.
installer/build/windows/win-unpacked/resources/payload/repo-template/00_CODEX_START/START_HERE.md,PLACEHOLDER_LANGUAGE,MEDIUM,File contains boilerplate or unresolved template language that reduces agent usefulness.,Replace with specific instructions/data or move to templates/examples.
installer/build/windows/win-unpacked/resources/payload/repo-template/01_MEMORY/projects/README.md,THIN_README_OR_INDEX,MEDIUM,README/INDEX is likely navigational scaffold rather than production guidance.,"Expand with concrete workflow, inputs, outputs, and quality gates."
installer/build/windows/win-unpacked/resources/payload/repo-template/02_HISTORY/README.md,THIN_README_OR_INDEX,MEDIUM,README/INDEX is likely navigational scaffold rather than production guidance.,"Expand with concrete workflow, inputs, outputs, and quality gates."
installer/build/windows/win-unpacked/resources/payload/repo-template/02_HISTORY/command_logs/README.md,THIN_README_OR_INDEX,MEDIUM,README/INDEX is likely navigational scaffold rather than production guidance.,"Expand with concrete workflow, inputs, outputs, and quality gates."
installer/build/windows/win-unpacked/resources/payload/repo-template/02_HISTORY/design_reviews/README.md,THIN_README_OR_INDEX,MEDIUM,README/INDEX is likely navigational scaffold rather than production guidance.,"Expand with concrete workflow, inputs, outputs, and quality gates."
installer/build/windows/win-unpacked/resources/payload/repo-template/02_HISTORY/erc_drc_reports/README.md,THIN_README_OR_INDEX,MEDIUM,README/INDEX is likely navigational scaffold rather than production guidance.,"Expand with concrete workflow, inputs, outputs, and quality gates."
installer/build/windows/win-unpacked/resources/payload/repo-template/02_HISTORY/fabrication_reviews/README.md,THIN_README_OR_INDEX,MEDIUM,README/INDEX is likely navigational scaffold rather than production guidance.,"Expand with concrete workflow, inputs, outputs, and quality gates."
installer/build/windows/win-unpacked/resources/payload/repo-template/02_HISTORY/project_history/README.md,THIN_README_OR_INDEX,MEDIUM,README/INDEX is likely navigational scaffold rather than production guidance.,"Expand with concrete workflow, inputs, outputs, and quality gates."
installer/build/windows/win-unpacked/resources/payload/repo-template/02_HISTORY/sessions/README.md,THIN_README_OR_INDEX,MEDIUM,README/INDEX is likely navigational scaffold rather than production guidance.,"Expand with concrete workflow, inputs, outputs, and quality gates."
installer/build/windows/win-unpacked/resources/payload/repo-template/03_TOOLS/common/README.md,THIN_README_OR_INDEX,MEDIUM,README/INDEX is likely navigational scaffold rather than production guidance.,"Expand with concrete workflow, inputs, outputs, and quality gates."
installer/build/windows/win-unpacked/resources/payload/repo-template/03_TOOLS/kicad_app_intelligence/KICAD_AGENT_TASK_MAP.md,PLACEHOLDER_LANGUAGE,MEDIUM,File contains boilerplate or unresolved template language that reduces agent usefulness.,Replace with specific instructions/data or move to templates/examples.
installer/build/windows/win-unpacked/resources/payload/repo-template/03_TOOLS/kicad_library_intelligence/CONNECTOR_FOOTPRINT_WARNINGS.md,PLACEHOLDER_LANGUAGE,MEDIUM,File contains boilerplate or unresolved template language that reduces agent usefulness.,Replace with specific instructions/data or move to templates/examples.
installer/build/windows/win-unpacked/resources/payload/repo-template/03_TOOLS/kicad_library_intelligence/GENERATED_INDEXES/README.md,THIN_README_OR_INDEX,MEDIUM,README/INDEX is likely navigational scaffold rather than production guidance.,"Expand with concrete workflow, inputs, outputs, and quality gates."
installer/build/windows/win-unpacked/resources/payload/repo-template/03_TOOLS/kicad_library_intelligence/SYMBOL_LIBRARY_INDEX.md,PLACEHOLDER_LANGUAGE,MEDIUM,File contains boilerplate or unresolved template language that reduces agent usefulness.,Replace with specific instructions/data or move to templates/examples.
installer/build/windows/win-unpacked/resources/payload/repo-template/03_TOOLS/linux/README.md,THIN_README_OR_INDEX,MEDIUM,README/INDEX is likely navigational scaffold rather than production guidance.,"Expand with concrete workflow, inputs, outputs, and quality gates."
installer/build/windows/win-unpacked/resources/payload/repo-template/03_TOOLS/windows/README.md,THIN_README_OR_INDEX,MEDIUM,README/INDEX is likely navigational scaffold rather than production guidance.,"Expand with concrete workflow, inputs, outputs, and quality gates."
installer/build/windows/win-unpacked/resources/payload/repo-template/04_KICAD_PROJECTS/README.md,THIN_README_OR_INDEX,MEDIUM,README/INDEX is likely navigational scaffold rather than production guidance.,"Expand with concrete workflow, inputs, outputs, and quality gates."
installer/build/windows/win-unpacked/resources/payload/repo-template/04_KICAD_PROJECTS/active/README.md,THIN_README_OR_INDEX,MEDIUM,README/INDEX is likely navigational scaffold rather than production guidance.,"Expand with concrete workflow, inputs, outputs, and quality gates."
installer/build/windows/win-unpacked/resources/payload/repo-template/04_KICAD_PROJECTS/archive/README.md,THIN_README_OR_INDEX,MEDIUM,README/INDEX is likely navigational scaffold rather than production guidance.,"Expand with concrete workflow, inputs, outputs, and quality gates."
installer/build/windows/win-unpacked/resources/payload/repo-template/05_OUTPUTS/README.md,THIN_README_OR_INDEX,MEDIUM,README/INDEX is likely navigational scaffold rather than production guidance.,"Expand with concrete workflow, inputs, outputs, and quality gates."
installer/build/windows/win-unpacked/resources/payload/repo-template/05_OUTPUTS/datasheet_research/README.md,THIN_README_OR_INDEX,MEDIUM,README/INDEX is likely navigational scaffold rather than production guidance.,"Expand with concrete workflow, inputs, outputs, and quality gates."
installer/build/windows/win-unpacked/resources/payload/repo-template/05_OUTPUTS/health_checks/README.md,THIN_README_OR_INDEX,MEDIUM,README/INDEX is likely navigational scaffold rather than production guidance.,"Expand with concrete workflow, inputs, outputs, and quality gates."
installer/build/windows/win-unpacked/resources/payload/repo-template/05_OUTPUTS/review_packages/README.md,THIN_README_OR_INDEX,MEDIUM,README/INDEX is likely navigational scaffold rather than production guidance.,"Expand with concrete workflow, inputs, outputs, and quality gates."
installer/build/windows/win-unpacked/resources/payload/repo-template/05_OUTPUTS/setup_indexes/README.md,THIN_README_OR_INDEX,MEDIUM,README/INDEX is likely navigational scaffold rather than production guidance.,"Expand with concrete workflow, inputs, outputs, and quality gates."
installer/build/windows/win-unpacked/resources/payload/repo-template/05_OUTPUTS/setup_reports/README.md,THIN_README_OR_INDEX,MEDIUM,README/INDEX is likely navigational scaffold rather than production guidance.,"Expand with concrete workflow, inputs, outputs, and quality gates."
installer/build/windows/win-unpacked/resources/payload/repo-template/06_DATASHEETS/00_INDEX/DATASHEET_LIBRARY_README.md,GENERIC_FOLDER_TEXT,MEDIUM,File contains boilerplate or unresolved template language that reduces agent usefulness.,Replace with specific instructions/data or move to templates/examples.
installer/build/windows/win-unpacked/resources/payload/repo-template/06_DATASHEETS/00_INDEX/INDEX.md,THIN_README_OR_INDEX,MEDIUM,README/INDEX is likely navigational scaffold rather than production guidance.,"Expand with concrete workflow, inputs, outputs, and quality gates."
installer/build/windows/win-unpacked/resources/payload/repo-template/06_DATASHEETS/00_INDEX/README.md,THIN_README_OR_INDEX,MEDIUM,README/INDEX is likely navigational scaffold rather than production guidance.,"Expand with concrete workflow, inputs, outputs, and quality gates."
installer/build/windows/win-unpacked/resources/payload/repo-template/06_DATASHEETS/01_MICROCONTROLLERS/ATMEL_LEGACY/INDEX.md,THIN_README_OR_INDEX,MEDIUM,README/INDEX is likely navigational scaffold rather than production guidance.,"Expand with concrete workflow, inputs, outputs, and quality gates."
installer/build/windows/win-unpacked/resources/payload/repo-template/06_DATASHEETS/01_MICROCONTROLLERS/ATMEL_LEGACY/README.md,THIN_README_OR_INDEX,MEDIUM,README/INDEX is likely navigational scaffold rather than production guidance.,"Expand with concrete workflow, inputs, outputs, and quality gates."
installer/build/windows/win-unpacked/resources/payload/repo-template/06_DATASHEETS/01_MICROCONTROLLERS/ESPRESSIF/ANTENNA_RF_REFERENCES/INDEX.md,THIN_README_OR_INDEX,MEDIUM,README/INDEX is likely navigational scaffold rather than production guidance.,"Expand with concrete workflow, inputs, outputs, and quality gates."
installer/build/windows/win-unpacked/resources/payload/repo-template/06_DATASHEETS/01_MICROCONTROLLERS/ESPRESSIF/ANTENNA_RF_REFERENCES/README.md,THIN_README_OR_INDEX,MEDIUM,README/INDEX is likely navigational scaffold rather than production guidance.,"Expand with concrete workflow, inputs, outputs, and quality gates."
installer/build/windows/win-unpacked/resources/payload/repo-template/06_DATASHEETS/01_MICROCONTROLLERS/ESPRESSIF/DESIGN_GUIDES/INDEX.md,THIN_README_OR_INDEX,MEDIUM,README/INDEX is likely navigational scaffold rather than production guidance.,"Expand with concrete workflow, inputs, outputs, and quality gates."
installer/build/windows/win-unpacked/resources/payload/repo-template/06_DATASHEETS/01_MICROCONTROLLERS/ESPRESSIF/DESIGN_GUIDES/README.md,THIN_README_OR_INDEX,MEDIUM,README/INDEX is likely navigational scaffold rather than production guidance.,"Expand with concrete workflow, inputs, outputs, and quality gates."
installer/build/windows/win-unpacked/resources/payload/repo-template/06_DATASHEETS/01_MICROCONTROLLERS/ESPRESSIF/ERRATA/INDEX.md,THIN_README_OR_INDEX,MEDIUM,README/INDEX is likely navigational scaffold rather than production guidance.,"Expand with concrete workflow, inputs, outputs, and quality gates."
installer/build/windows/win-unpacked/resources/payload/repo-template/06_DATASHEETS/01_MICROCONTROLLERS/ESPRESSIF/ERRATA/README.md,THIN_README_OR_INDEX,MEDIUM,README/INDEX is likely navigational scaffold rather than production guidance.,"Expand with concrete workflow, inputs, outputs, and quality gates."
installer/build/windows/win-unpacked/resources/payload/repo-template/06_DATASHEETS/01_MICROCONTROLLERS/ESPRESSIF/ESP32/INDEX.md,THIN_README_OR_INDEX,MEDIUM,README/INDEX is likely navigational scaffold rather than production guidance.,"Expand with concrete workflow, inputs, outputs, and quality gates."
installer/build/windows/win-unpacked/resources/payload/repo-template/06_DATASHEETS/01_MICROCONTROLLERS/ESPRESSIF/ESP32/README.md,THIN_README_OR_INDEX,MEDIUM,README/INDEX is likely navigational scaffold rather than production guidance.,"Expand with concrete workflow, inputs, outputs, and quality gates."
installer/build/windows/win-unpacked/resources/payload/repo-template/06_DATASHEETS/01_MICROCONTROLLERS/ESPRESSIF/ESP32_C2/INDEX.md,THIN_README_OR_INDEX,MEDIUM,README/INDEX is likely navigational scaffold rather than production guidance.,"Expand with concrete workflow, inputs, outputs, and quality gates."
installer/build/windows/win-unpacked/resources/payload/repo-template/06_DATASHEETS/01_MICROCONTROLLERS/ESPRESSIF/ESP32_C2/README.md,THIN_README_OR_INDEX,MEDIUM,README/INDEX is likely navigational scaffold rather than production guidance.,"Expand with concrete workflow, inputs, outputs, and quality gates."
installer/build/windows/win-unpacked/resources/payload/repo-template/06_DATASHEETS/01_MICROCONTROLLERS/ESPRESSIF/ESP32_C3/INDEX.md,THIN_README_OR_INDEX,MEDIUM,README/INDEX is likely navigational scaffold rather than production guidance.,"Expand with concrete workflow, inputs, outputs, and quality gates."
installer/build/windows/win-unpacked/resources/payload/repo-template/06_DATASHEETS/01_MICROCONTROLLERS/ESPRESSIF/ESP32_C3/README.md,THIN_README_OR_INDEX,MEDIUM,README/INDEX is likely navigational scaffold rather than production guidance.,"Expand with concrete workflow, inputs, outputs, and quality gates."
installer/build/windows/win-unpacked/resources/payload/repo-template/06_DATASHEETS/01_MICROCONTROLLERS/ESPRESSIF/ESP32_C5/INDEX.md,THIN_README_OR_INDEX,MEDIUM,README/INDEX is likely navigational scaffold rather than production guidance.,"Expand with concrete workflow, inputs, outputs, and quality gates."
installer/build/windows/win-unpacked/resources/payload/repo-template/06_DATASHEETS/01_MICROCONTROLLERS/ESPRESSIF/ESP32_C5/README.md,THIN_README_OR_INDEX,MEDIUM,README/INDEX is likely navigational scaffold rather than production guidance.,"Expand with concrete workflow, inputs, outputs, and quality gates."
installer/build/windows/win-unpacked/resources/payload/repo-template/06_DATASHEETS/01_MICROCONTROLLERS/ESPRESSIF/ESP32_C6/INDEX.md,THIN_README_OR_INDEX,MEDIUM,README/INDEX is likely navigational scaffold rather than production guidance.,"Expand with concrete workflow, inputs, outputs, and quality gates."
installer/build/windows/win-unpacked/resources/payload/repo-template/06_DATASHEETS/01_MICROCONTROLLERS/ESPRESSIF/ESP32_C6/README.md,THIN_README_OR_INDEX,MEDIUM,README/INDEX is likely navigational scaffold rather than production guidance.,"Expand with concrete workflow, inputs, outputs, and quality gates."
installer/build/windows/win-unpacked/resources/payload/repo-template/06_DATASHEETS/01_MICROCONTROLLERS/ESPRESSIF/ESP32_H2/INDEX.md,THIN_README_OR_INDEX,MEDIUM,README/INDEX is likely navigational scaffold rather than production guidance.,"Expand with concrete workflow, inputs, outputs, and quality gates."
installer/build/windows/win-unpacked/resources/payload/repo-template/06_DATASHEETS/01_MICROCONTROLLERS/ESPRESSIF/ESP32_H2/README.md,THIN_README_OR_INDEX,MEDIUM,README/INDEX is likely navigational scaffold rather than production guidance.,"Expand with concrete workflow, inputs, outputs, and quality gates."
installer/build/windows/win-unpacked/resources/payload/repo-template/06_DATASHEETS/01_MICROCONTROLLERS/ESPRESSIF/ESP32_P4/INDEX.md,THIN_README_OR_INDEX,MEDIUM,README/INDEX is likely navigational scaffold rather than production guidance.,"Expand with concrete workflow, inputs, outputs, and quality gates."
installer/build/windows/win-unpacked/resources/payload/repo-template/06_DATASHEETS/01_MICROCONTROLLERS/ESPRESSIF/ESP32_P4/README.md,THIN_README_OR_INDEX,MEDIUM,README/INDEX is likely navigational scaffold rather than production guidance.,"Expand with concrete workflow, inputs, outputs, and quality gates."
installer/build/windows/win-unpacked/resources/payload/repo-template/06_DATASHEETS/01_MICROCONTROLLERS/ESPRESSIF/ESP32_S2/INDEX.md,THIN_README_OR_INDEX,MEDIUM,README/INDEX is likely navigational scaffold rather than production guidance.,"Expand with concrete workflow, inputs, outputs, and quality gates."
installer/build/windows/win-unpacked/resources/payload/repo-template/06_DATASHEETS/01_MICROCONTROLLERS/ESPRESSIF/ESP32_S2/README.md,THIN_README_OR_INDEX,MEDIUM,README/INDEX is likely navigational scaffold rather than production guidance.,"Expand with concrete workflow, inputs, outputs, and quality gates."
installer/build/windows/win-unpacked/resources/payload/repo-template/06_DATASHEETS/01_MICROCONTROLLERS/ESPRESSIF/ESP32_S3/INDEX.md,THIN_README_OR_INDEX,MEDIUM,README/INDEX is likely navigational scaffold rather than production guidance.,"Expand with concrete workflow, inputs, outputs, and quality gates."
installer/build/windows/win-unpacked/resources/payload/repo-template/06_DATASHEETS/01_MICROCONTROLLERS/ESPRESSIF/ESP32_S3/README.md,THIN_README_OR_INDEX,MEDIUM,README/INDEX is likely navigational scaffold rather than production guidance.,"Expand with concrete workflow, inputs, outputs, and quality gates."
installer/build/windows/win-unpacked/resources/payload/repo-template/06_DATASHEETS/01_MICROCONTROLLERS/ESPRESSIF/ESP8266/INDEX.md,THIN_README_OR_INDEX,MEDIUM,README/INDEX is likely navigational scaffold rather than production guidance.,"Expand with concrete workflow, inputs, outputs, and quality gates."
installer/build/windows/win-unpacked/resources/payload/repo-template/06_DATASHEETS/01_MICROCONTROLLERS/ESPRESSIF/ESP8266/README.md,THIN_README_OR_INDEX,MEDIUM,README/INDEX is likely navigational scaffold rather than production guidance.,"Expand with concrete workflow, inputs, outputs, and quality gates."
installer/build/windows/win-unpacked/resources/payload/repo-template/06_DATASHEETS/01_MICROCONTROLLERS/ESPRESSIF/INDEX.md,THIN_README_OR_INDEX,MEDIUM,README/INDEX is likely navigational scaffold rather than production guidance.,"Expand with concrete workflow, inputs, outputs, and quality gates."
installer/build/windows/win-unpacked/resources/payload/repo-template/06_DATASHEETS/01_MICROCONTROLLERS/ESPRESSIF/MODULES/INDEX.md,THIN_README_OR_INDEX,MEDIUM,README/INDEX is likely navigational scaffold rather than production guidance.,"Expand with concrete workflow, inputs, outputs, and quality gates."
installer/build/windows/win-unpacked/resources/payload/repo-template/06_DATASHEETS/01_MICROCONTROLLERS/ESPRESSIF/MODULES/README.md,THIN_README_OR_INDEX,MEDIUM,README/INDEX is likely navigational scaffold rather than production guidance.,"Expand with concrete workflow, inputs, outputs, and quality gates."
installer/build/windows/win-unpacked/resources/payload/repo-template/06_DATASHEETS/01_MICROCONTROLLERS/ESPRESSIF/README.md,PLACEHOLDER_LANGUAGE,MEDIUM,File contains boilerplate or unresolved template language that reduces agent usefulness.,Replace with specific instructions/data or move to templates/examples.
installer/build/windows/win-unpacked/resources/payload/repo-template/06_DATASHEETS/01_MICROCONTROLLERS/GIGADEVICE/INDEX.md,THIN_README_OR_INDEX,MEDIUM,README/INDEX is likely navigational scaffold rather than production guidance.,"Expand with concrete workflow, inputs, outputs, and quality gates."
installer/build/windows/win-unpacked/resources/payload/repo-template/06_DATASHEETS/01_MICROCONTROLLERS/GIGADEVICE/README.md,THIN_README_OR_INDEX,MEDIUM,README/INDEX is likely navigational scaffold rather than production guidance.,"Expand with concrete workflow, inputs, outputs, and quality gates."
installer/build/windows/win-unpacked/resources/payload/repo-template/06_DATASHEETS/01_MICROCONTROLLERS/INDEX.md,THIN_README_OR_INDEX,MEDIUM,README/INDEX is likely navigational scaffold rather than production guidance.,"Expand with concrete workflow, inputs, outputs, and quality gates."
installer/build/windows/win-unpacked/resources/payload/repo-template/06_DATASHEETS/01_MICROCONTROLLERS/INFINEON/INDEX.md,THIN_README_OR_INDEX,MEDIUM,README/INDEX is likely navigational scaffold rather than production guidance.,"Expand with concrete workflow, inputs, outputs, and quality gates."
installer/build/windows/win-unpacked/resources/payload/repo-template/06_DATASHEETS/01_MICROCONTROLLERS/INFINEON/README.md,THIN_README_OR_INDEX,MEDIUM,README/INDEX is likely navigational scaffold rather than production guidance.,"Expand with concrete workflow, inputs, outputs, and quality gates."
installer/build/windows/win-unpacked/resources/payload/repo-template/06_DATASHEETS/01_MICROCONTROLLERS/MICROCHIP_AVR/INDEX.md,THIN_README_OR_INDEX,MEDIUM,README/INDEX is likely navigational scaffold rather than production guidance.,"Expand with concrete workflow, inputs, outputs, and quality gates."
installer/build/windows/win-unpacked/resources/payload/repo-template/06_DATASHEETS/01_MICROCONTROLLERS/MICROCHIP_AVR/README.md,THIN_README_OR_INDEX,MEDIUM,README/INDEX is likely navigational scaffold rather than production guidance.,"Expand with concrete workflow, inputs, outputs, and quality gates."
installer/build/windows/win-unpacked/resources/payload/repo-template/06_DATASHEETS/01_MICROCONTROLLERS/MICROCHIP_PIC/DESIGN_GUIDES/INDEX.md,THIN_README_OR_INDEX,MEDIUM,README/INDEX is likely navigational scaffold rather than production guidance.,"Expand with concrete workflow, inputs, outputs, and quality gates."
installer/build/windows/win-unpacked/resources/payload/repo-template/06_DATASHEETS/01_MICROCONTROLLERS/MICROCHIP_PIC/DESIGN_GUIDES/README.md,THIN_README_OR_INDEX,MEDIUM,README/INDEX is likely navigational scaffold rather than production guidance.,"Expand with concrete workflow, inputs, outputs, and quality gates."
installer/build/windows/win-unpacked/resources/payload/repo-template/06_DATASHEETS/01_MICROCONTROLLERS/MICROCHIP_PIC/DEVELOPMENT_BOARDS/INDEX.md,THIN_README_OR_INDEX,MEDIUM,README/INDEX is likely navigational scaffold rather than production guidance.,"Expand with concrete workflow, inputs, outputs, and quality gates."
installer/build/windows/win-unpacked/resources/payload/repo-template/06_DATASHEETS/01_MICROCONTROLLERS/MICROCHIP_PIC/DEVELOPMENT_BOARDS/README.md,THIN_README_OR_INDEX,MEDIUM,README/INDEX is likely navigational scaffold rather than production guidance.,"Expand with concrete workflow, inputs, outputs, and quality gates."
installer/build/windows/win-unpacked/resources/payload/repo-template/06_DATASHEETS/01_MICROCONTROLLERS/MICROCHIP_PIC/ERRATA/INDEX.md,THIN_README_OR_INDEX,MEDIUM,README/INDEX is likely navigational scaffold rather than production guidance.,"Expand with concrete workflow, inputs, outputs, and quality gates."
installer/build/windows/win-unpacked/resources/payload/repo-template/06_DATASHEETS/01_MICROCONTROLLERS/MICROCHIP_PIC/ERRATA/README.md,THIN_README_OR_INDEX,MEDIUM,README/INDEX is likely navigational scaffold rather than production guidance.,"Expand with concrete workflow, inputs, outputs, and quality gates."
installer/build/windows/win-unpacked/resources/payload/repo-template/06_DATASHEETS/01_MICROCONTROLLERS/MICROCHIP_PIC/INDEX.md,THIN_README_OR_INDEX,MEDIUM,README/INDEX is likely navigational scaffold rather than production guidance.,"Expand with concrete workflow, inputs, outputs, and quality gates."
installer/build/windows/win-unpacked/resources/payload/repo-template/06_DATASHEETS/01_MICROCONTROLLERS/MICROCHIP_PIC/PIC10/INDEX.md,THIN_README_OR_INDEX,MEDIUM,README/INDEX is likely navigational scaffold rather than production guidance.,"Expand with concrete workflow, inputs, outputs, and quality gates."
installer/build/windows/win-unpacked/resources/payload/repo-template/06_DATASHEETS/01_MICROCONTROLLERS/MICROCHIP_PIC/PIC10/README.md,THIN_README_OR_INDEX,MEDIUM,README/INDEX is likely navigational scaffold rather than production guidance.,"Expand with concrete workflow, inputs, outputs, and quality gates."
installer/build/windows/win-unpacked/resources/payload/repo-template/06_DATASHEETS/01_MICROCONTROLLERS/MICROCHIP_PIC/PIC12/INDEX.md,THIN_README_OR_INDEX,MEDIUM,README/INDEX is likely navigational scaffold rather than production guidance.,"Expand with concrete workflow, inputs, outputs, and quality gates."
installer/build/windows/win-unpacked/resources/payload/repo-template/06_DATASHEETS/01_MICROCONTROLLERS/MICROCHIP_PIC/PIC12/README.md,THIN_README_OR_INDEX,MEDIUM,README/INDEX is likely navigational scaffold rather than production guidance.,"Expand with concrete workflow, inputs, outputs, and quality gates."
installer/build/windows/win-unpacked/resources/payload/repo-template/06_DATASHEETS/01_MICROCONTROLLERS/MICROCHIP_PIC/PIC16/INDEX.md,THIN_README_OR_INDEX,MEDIUM,README/INDEX is likely navigational scaffold rather than production guidance.,"Expand with concrete workflow, inputs, outputs, and quality gates."
installer/build/windows/win-unpacked/resources/payload/repo-template/06_DATASHEETS/01_MICROCONTROLLERS/MICROCHIP_PIC/PIC16/README.md,THIN_README_OR_INDEX,MEDIUM,README/INDEX is likely navigational scaffold rather than production guidance.,"Expand with concrete workflow, inputs, outputs, and quality gates."
installer/build/windows/win-unpacked/resources/payload/repo-template/06_DATASHEETS/01_MICROCONTROLLERS/MICROCHIP_PIC/PIC18/INDEX.md,THIN_README_OR_INDEX,MEDIUM,README/INDEX is likely navigational scaffold rather than production guidance.,"Expand with concrete workflow, inputs, outputs, and quality gates."
installer/build/windows/win-unpacked/resources/payload/repo-template/06_DATASHEETS/01_MICROCONTROLLERS/MICROCHIP_PIC/PIC18/README.md,THIN_README_OR_INDEX,MEDIUM,README/INDEX is likely navigational scaffold rather than production guidance.,"Expand with concrete workflow, inputs, outputs, and quality gates."
installer/build/windows/win-unpacked/resources/payload/repo-template/06_DATASHEETS/01_MICROCONTROLLERS/MICROCHIP_PIC/PIC24/INDEX.md,THIN_README_OR_INDEX,MEDIUM,README/INDEX is likely navigational scaffold rather than production guidance.,"Expand with concrete workflow, inputs, outputs, and quality gates."
installer/build/windows/win-unpacked/resources/payload/repo-template/06_DATASHEETS/01_MICROCONTROLLERS/MICROCHIP_PIC/PIC24/README.md,THIN_README_OR_INDEX,MEDIUM,README/INDEX is likely navigational scaffold rather than production guidance.,"Expand with concrete workflow, inputs, outputs, and quality gates."
installer/build/windows/win-unpacked/resources/payload/repo-template/06_DATASHEETS/01_MICROCONTROLLERS/MICROCHIP_PIC/PIC32/INDEX.md,THIN_README_OR_INDEX,MEDIUM,README/INDEX is likely navigational scaffold rather than production guidance.,"Expand with concrete workflow, inputs, outputs, and quality gates."
installer/build/windows/win-unpacked/resources/payload/repo-template/06_DATASHEETS/01_MICROCONTROLLERS/MICROCHIP_PIC/PIC32/README.md,THIN_README_OR_INDEX,MEDIUM,README/INDEX is likely navigational scaffold rather than production guidance.,"Expand with concrete workflow, inputs, outputs, and quality gates."
installer/build/windows/win-unpacked/resources/payload/repo-template/06_DATASHEETS/01_MICROCONTROLLERS/MICROCHIP_PIC/PROGRAMMING_DEBUG_PICKIT/INDEX.md,THIN_README_OR_INDEX,MEDIUM,README/INDEX is likely navigational scaffold rather than production guidance.,"Expand with concrete workflow, inputs, outputs, and quality gates."
installer/build/windows/win-unpacked/resources/payload/repo-template/06_DATASHEETS/01_MICROCONTROLLERS/MICROCHIP_PIC/PROGRAMMING_DEBUG_PICKIT/README.md,THIN_README_OR_INDEX,MEDIUM,README/INDEX is likely navigational scaffold rather than production guidance.,"Expand with concrete workflow, inputs, outputs, and quality gates."
installer/build/windows/win-unpacked/resources/payload/repo-template/06_DATASHEETS/01_MICROCONTROLLERS/MICROCHIP_PIC/README.md,GENERIC_FOLDER_TEXT,MEDIUM,File contains boilerplate or unresolved template language that reduces agent usefulness.,Replace with specific instructions/data or move to templates/examples.
installer/build/windows/win-unpacked/resources/payload/repo-template/06_DATASHEETS/01_MICROCONTROLLERS/MICROCHIP_PIC/dsPIC30/INDEX.md,THIN_README_OR_INDEX,MEDIUM,README/INDEX is likely navigational scaffold rather than production guidance.,"Expand with concrete workflow, inputs, outputs, and quality gates."
installer/build/windows/win-unpacked/resources/payload/repo-template/06_DATASHEETS/01_MICROCONTROLLERS/MICROCHIP_PIC/dsPIC30/README.md,THIN_README_OR_INDEX,MEDIUM,README/INDEX is likely navigational scaffold rather than production guidance.,"Expand with concrete workflow, inputs, outputs, and quality gates."
installer/build/windows/win-unpacked/resources/payload/repo-template/06_DATASHEETS/01_MICROCONTROLLERS/MICROCHIP_PIC/dsPIC33/INDEX.md,THIN_README_OR_INDEX,MEDIUM,README/INDEX is likely navigational scaffold rather than production guidance.,"Expand with concrete workflow, inputs, outputs, and quality gates."
installer/build/windows/win-unpacked/resources/payload/repo-template/06_DATASHEETS/01_MICROCONTROLLERS/MICROCHIP_PIC/dsPIC33/README.md,THIN_README_OR_INDEX,MEDIUM,README/INDEX is likely navigational scaffold rather than production guidance.,"Expand with concrete workflow, inputs, outputs, and quality gates."
installer/build/windows/win-unpacked/resources/payload/repo-template/06_DATASHEETS/01_MICROCONTROLLERS/NORDIC/INDEX.md,THIN_README_OR_INDEX,MEDIUM,README/INDEX is likely navigational scaffold rather than production guidance.,"Expand with concrete workflow, inputs, outputs, and quality gates."
installer/build/windows/win-unpacked/resources/payload/repo-template/06_DATASHEETS/01_MICROCONTROLLERS/NORDIC/README.md,THIN_README_OR_INDEX,MEDIUM,README/INDEX is likely navigational scaffold rather than production guidance.,"Expand with concrete workflow, inputs, outputs, and quality gates."
installer/build/windows/win-unpacked/resources/payload/repo-template/06_DATASHEETS/01_MICROCONTROLLERS/NXP/INDEX.md,THIN_README_OR_INDEX,MEDIUM,README/INDEX is likely navigational scaffold rather than production guidance.,"Expand with concrete workflow, inputs, outputs, and quality gates."
installer/build/windows/win-unpacked/resources/payload/repo-template/06_DATASHEETS/01_MICROCONTROLLERS/NXP/README.md,THIN_README_OR_INDEX,MEDIUM,README/INDEX is likely navigational scaffold rather than production guidance.,"Expand with concrete workflow, inputs, outputs, and quality gates."
installer/build/windows/win-unpacked/resources/payload/repo-template/06_DATASHEETS/01_MICROCONTROLLERS/OTHER/INDEX.md,THIN_README_OR_INDEX,MEDIUM,README/INDEX is likely navigational scaffold rather than production guidance.,"Expand with concrete workflow, inputs, outputs, and quality gates."
installer/build/windows/win-unpacked/resources/payload/repo-template/06_DATASHEETS/01_MICROCONTROLLERS/OTHER/README.md,THIN_README_OR_INDEX,MEDIUM,README/INDEX is likely navigational scaffold rather than production guidance.,"Expand with concrete workflow, inputs, outputs, and quality gates."
installer/build/windows/win-unpacked/resources/payload/repo-template/06_DATASHEETS/01_MICROCONTROLLERS/RASPBERRY_PI_RP2040_RP2350/INDEX.md,THIN_README_OR_INDEX,MEDIUM,README/INDEX is likely navigational scaffold rather than production guidance.,"Expand with concrete workflow, inputs, outputs, and quality gates."
installer/build/windows/win-unpacked/resources/payload/repo-template/06_DATASHEETS/01_MICROCONTROLLERS/RASPBERRY_PI_RP2040_RP2350/README.md,THIN_README_OR_INDEX,MEDIUM,README/INDEX is likely navigational scaffold rather than production guidance.,"Expand with concrete workflow, inputs, outputs, and quality gates."
installer/build/windows/win-unpacked/resources/payload/repo-template/06_DATASHEETS/01_MICROCONTROLLERS/README.md,THIN_README_OR_INDEX,MEDIUM,README/INDEX is likely navigational scaffold rather than production guidance.,"Expand with concrete workflow, inputs, outputs, and quality gates."
installer/build/windows/win-unpacked/resources/payload/repo-template/06_DATASHEETS/01_MICROCONTROLLERS/RENESAS/INDEX.md,THIN_README_OR_INDEX,MEDIUM,README/INDEX is likely navigational scaffold rather than production guidance.,"Expand with concrete workflow, inputs, outputs, and quality gates."
installer/build/windows/win-unpacked/resources/payload/repo-template/06_DATASHEETS/01_MICROCONTROLLERS/RENESAS/README.md,THIN_README_OR_INDEX,MEDIUM,README/INDEX is likely navigational scaffold rather than production guidance.,"Expand with concrete workflow, inputs, outputs, and quality gates."
installer/build/windows/win-unpacked/resources/payload/repo-template/06_DATASHEETS/01_MICROCONTROLLERS/SILABS/INDEX.md,THIN_README_OR_INDEX,MEDIUM,README/INDEX is likely navigational scaffold rather than production guidance.,"Expand with concrete workflow, inputs, outputs, and quality gates."
installer/build/windows/win-unpacked/resources/payload/repo-template/06_DATASHEETS/01_MICROCONTROLLERS/SILABS/README.md,THIN_README_OR_INDEX,MEDIUM,README/INDEX is likely navigational scaffold rather than production guidance.,"Expand with concrete workflow, inputs, outputs, and quality gates."
installer/build/windows/win-unpacked/resources/payload/repo-template/06_DATASHEETS/01_MICROCONTROLLERS/STMICRO_STM32/DESIGN_GUIDES/INDEX.md,THIN_README_OR_INDEX,MEDIUM,README/INDEX is likely navigational scaffold rather than production guidance.,"Expand with concrete workflow, inputs, outputs, and quality gates."
installer/build/windows/win-unpacked/resources/payload/repo-template/06_DATASHEETS/01_MICROCONTROLLERS/STMICRO_STM32/DESIGN_GUIDES/README.md,THIN_README_OR_INDEX,MEDIUM,README/INDEX is likely navigational scaffold rather than production guidance.,"Expand with concrete workflow, inputs, outputs, and quality gates."
installer/build/windows/win-unpacked/resources/payload/repo-template/06_DATASHEETS/01_MICROCONTROLLERS/STMICRO_STM32/DISCOVERY_BOARDS/DISCOVERY_BOARD_INDEX.md,PLACEHOLDER_LANGUAGE,MEDIUM,File contains boilerplate or unresolved template language that reduces agent usefulness.,Replace with specific instructions/data or move to templates/examples.
installer/build/windows/win-unpacked/resources/payload/repo-template/06_DATASHEETS/01_MICROCONTROLLERS/STMICRO_STM32/DISCOVERY_BOARDS/INDEX.md,THIN_README_OR_INDEX,MEDIUM,README/INDEX is likely navigational scaffold rather than production guidance.,"Expand with concrete workflow, inputs, outputs, and quality gates."
installer/build/windows/win-unpacked/resources/payload/repo-template/06_DATASHEETS/01_MICROCONTROLLERS/STMICRO_STM32/DISCOVERY_BOARDS/README.md,THIN_README_OR_INDEX,MEDIUM,README/INDEX is likely navigational scaffold rather than production guidance.,"Expand with concrete workflow, inputs, outputs, and quality gates."
installer/build/windows/win-unpacked/resources/payload/repo-template/06_DATASHEETS/01_MICROCONTROLLERS/STMICRO_STM32/ERRATA/INDEX.md,THIN_README_OR_INDEX,MEDIUM,README/INDEX is likely navigational scaffold rather than production guidance.,"Expand with concrete workflow, inputs, outputs, and quality gates."
installer/build/windows/win-unpacked/resources/payload/repo-template/06_DATASHEETS/01_MICROCONTROLLERS/STMICRO_STM32/ERRATA/README.md,THIN_README_OR_INDEX,MEDIUM,README/INDEX is likely navigational scaffold rather than production guidance.,"Expand with concrete workflow, inputs, outputs, and quality gates."
installer/build/windows/win-unpacked/resources/payload/repo-template/06_DATASHEETS/01_MICROCONTROLLERS/STMICRO_STM32/EVAL_BOARDS/INDEX.md,THIN_README_OR_INDEX,MEDIUM,README/INDEX is likely navigational scaffold rather than production guidance.,"Expand with concrete workflow, inputs, outputs, and quality gates."
installer/build/windows/win-unpacked/resources/payload/repo-template/06_DATASHEETS/01_MICROCONTROLLERS/STMICRO_STM32/EVAL_BOARDS/README.md,THIN_README_OR_INDEX,MEDIUM,README/INDEX is likely navigational scaffold rather than production guidance.,"Expand with concrete workflow, inputs, outputs, and quality gates."
installer/build/windows/win-unpacked/resources/payload/repo-template/06_DATASHEETS/01_MICROCONTROLLERS/STMICRO_STM32/INDEX.md,THIN_README_OR_INDEX,MEDIUM,README/INDEX is likely navigational scaffold rather than production guidance.,"Expand with concrete workflow, inputs, outputs, and quality gates."
installer/build/windows/win-unpacked/resources/payload/repo-template/06_DATASHEETS/01_MICROCONTROLLERS/STMICRO_STM32/NUCLEO_BOARDS/INDEX.md,THIN_README_OR_INDEX,MEDIUM,README/INDEX is likely navigational scaffold rather than production guidance.,"Expand with concrete workflow, inputs, outputs, and quality gates."
installer/build/windows/win-unpacked/resources/payload/repo-template/06_DATASHEETS/01_MICROCONTROLLERS/STMICRO_STM32/NUCLEO_BOARDS/README.md,THIN_README_OR_INDEX,MEDIUM,README/INDEX is likely navigational scaffold rather than production guidance.,"Expand with concrete workflow, inputs, outputs, and quality gates."
installer/build/windows/win-unpacked/resources/payload/repo-template/06_DATASHEETS/01_MICROCONTROLLERS/STMICRO_STM32/PROGRAMMING_DEBUG_STLINK/INDEX.md,THIN_README_OR_INDEX,MEDIUM,README/INDEX is likely navigational scaffold rather than production guidance.,"Expand with concrete workflow, inputs, outputs, and quality gates."
installer/build/windows/win-unpacked/resources/payload/repo-template/06_DATASHEETS/01_MICROCONTROLLERS/STMICRO_STM32/PROGRAMMING_DEBUG_STLINK/README.md,THIN_README_OR_INDEX,MEDIUM,README/INDEX is likely navigational scaffold rather than production guidance.,"Expand with concrete workflow, inputs, outputs, and quality gates."
installer/build/windows/win-unpacked/resources/payload/repo-template/06_DATASHEETS/01_MICROCONTROLLERS/STMICRO_STM32/README.md,GENERIC_FOLDER_TEXT,MEDIUM,File contains boilerplate or unresolved template language that reduces agent usefulness.,Replace with specific instructions/data or move to templates/examples.
installer/build/windows/win-unpacked/resources/payload/repo-template/06_DATASHEETS/01_MICROCONTROLLERS/STMICRO_STM32/STM32F0/INDEX.md,THIN_README_OR_INDEX,MEDIUM,README/INDEX is likely navigational scaffold rather than production guidance.,"Expand with concrete workflow, inputs, outputs, and quality gates."
installer/build/windows/win-unpacked/resources/payload/repo-template/06_DATASHEETS/01_MICROCONTROLLERS/STMICRO_STM32/STM32F0/README.md,THIN_README_OR_INDEX,MEDIUM,README/INDEX is likely navigational scaffold rather than production guidance.,"Expand with concrete workflow, inputs, outputs, and quality gates."
installer/build/windows/win-unpacked/resources/payload/repo-template/06_DATASHEETS/01_MICROCONTROLLERS/STMICRO_STM32/STM32F1/INDEX.md,THIN_README_OR_INDEX,MEDIUM,README/INDEX is likely navigational scaffold rather than production guidance.,"Expand with concrete workflow, inputs, outputs, and quality gates."
installer/build/windows/win-unpacked/resources/payload/repo-template/06_DATASHEETS/01_MICROCONTROLLERS/STMICRO_STM32/STM32F1/README.md,THIN_README_OR_INDEX,MEDIUM,README/INDEX is likely navigational scaffold rather than production guidance.,"Expand with concrete workflow, inputs, outputs, and quality gates."
installer/build/windows/win-unpacked/resources/payload/repo-template/06_DATASHEETS/01_MICROCONTROLLERS/STMICRO_STM32/STM32F2/INDEX.md,THIN_README_OR_INDEX,MEDIUM,README/INDEX is likely navigational scaffold rather than production guidance.,"Expand with concrete workflow, inputs, outputs, and quality gates."
installer/build/windows/win-unpacked/resources/payload/repo-template/06_DATASHEETS/01_MICROCONTROLLERS/STMICRO_STM32/STM32F2/README.md,THIN_README_OR_INDEX,MEDIUM,README/INDEX is likely navigational scaffold rather than production guidance.,"Expand with concrete workflow, inputs, outputs, and quality gates."
installer/build/windows/win-unpacked/resources/payload/repo-template/06_DATASHEETS/01_MICROCONTROLLERS/STMICRO_STM32/STM32F3/INDEX.md,THIN_README_OR_INDEX,MEDIUM,README/INDEX is likely navigational scaffold rather than production guidance.,"Expand with concrete workflow, inputs, outputs, and quality gates."
installer/build/windows/win-unpacked/resources/payload/repo-template/06_DATASHEETS/01_MICROCONTROLLERS/STMICRO_STM32/STM32F3/README.md,THIN_README_OR_INDEX,MEDIUM,README/INDEX is likely navigational scaffold rather than production guidance.,"Expand with concrete workflow, inputs, outputs, and quality gates."
installer/build/windows/win-unpacked/resources/payload/repo-template/06_DATASHEETS/01_MICROCONTROLLERS/STMICRO_STM32/STM32F4/INDEX.md,THIN_README_OR_INDEX,MEDIUM,README/INDEX is likely navigational scaffold rather than production guidance.,"Expand with concrete workflow, inputs, outputs, and quality gates."
installer/build/windows/win-unpacked/resources/payload/repo-template/06_DATASHEETS/01_MICROCONTROLLERS/STMICRO_STM32/STM32F4/README.md,THIN_README_OR_INDEX,MEDIUM,README/INDEX is likely navigational scaffold rather than production guidance.,"Expand with concrete workflow, inputs, outputs, and quality gates."
installer/build/windows/win-unpacked/resources/payload/repo-template/06_DATASHEETS/01_MICROCONTROLLERS/STMICRO_STM32/STM32F7/INDEX.md,THIN_README_OR_INDEX,MEDIUM,README/INDEX is likely navigational scaffold rather than production guidance.,"Expand with concrete workflow, inputs, outputs, and quality gates."
installer/build/windows/win-unpacked/resources/payload/repo-template/06_DATASHEETS/01_MICROCONTROLLERS/STMICRO_STM32/STM32F7/README.md,THIN_README_OR_INDEX,MEDIUM,README/INDEX is likely navigational scaffold rather than production guidance.,"Expand with concrete workflow, inputs, outputs, and quality gates."
installer/build/windows/win-unpacked/resources/payload/repo-template/06_DATASHEETS/01_MICROCONTROLLERS/STMICRO_STM32/STM32G0/INDEX.md,THIN_README_OR_INDEX,MEDIUM,README/INDEX is likely navigational scaffold rather than production guidance.,"Expand with concrete workflow, inputs, outputs, and quality gates."
installer/build/windows/win-unpacked/resources/payload/repo-template/06_DATASHEETS/01_MICROCONTROLLERS/STMICRO_STM32/STM32G0/README.md,THIN_README_OR_INDEX,MEDIUM,README/INDEX is likely navigational scaffold rather than production guidance.,"Expand with concrete workflow, inputs, outputs, and quality gates."
installer/build/windows/win-unpacked/resources/payload/repo-template/06_DATASHEETS/01_MICROCONTROLLERS/STMICRO_STM32/STM32G4/INDEX.md,THIN_README_OR_INDEX,MEDIUM,README/INDEX is likely navigational scaffold rather than production guidance.,"Expand with concrete workflow, inputs, outputs, and quality gates."
installer/build/windows/win-unpacked/resources/payload/repo-template/06_DATASHEETS/01_MICROCONTROLLERS/STMICRO_STM32/STM32G4/README.md,THIN_README_OR_INDEX,MEDIUM,README/INDEX is likely navigational scaffold rather than production guidance.,"Expand with concrete workflow, inputs, outputs, and quality gates."
installer/build/windows/win-unpacked/resources/payload/repo-template/06_DATASHEETS/01_MICROCONTROLLERS/STMICRO_STM32/STM32H5/INDEX.md,THIN_README_OR_INDEX,MEDIUM,README/INDEX is likely navigational scaffold rather than production guidance.,"Expand with concrete workflow, inputs, outputs, and quality gates."
installer/build/windows/win-unpacked/resources/payload/repo-template/06_DATASHEETS/01_MICROCONTROLLERS/STMICRO_STM32/STM32H5/README.md,THIN_README_OR_INDEX,MEDIUM,README/INDEX is likely navigational scaffold rather than production guidance.,"Expand with concrete workflow, inputs, outputs, and quality gates."
installer/build/windows/win-unpacked/resources/payload/repo-template/06_DATASHEETS/01_MICROCONTROLLERS/STMICRO_STM32/STM32H7/INDEX.md,THIN_README_OR_INDEX,MEDIUM,README/INDEX is likely navigational scaffold rather than production guidance.,"Expand with concrete workflow, inputs, outputs, and quality gates."
installer/build/windows/win-unpacked/resources/payload/repo-template/06_DATASHEETS/01_MICROCONTROLLERS/STMICRO_STM32/STM32H7/README.md,THIN_README_OR_INDEX,MEDIUM,README/INDEX is likely navigational scaffold rather than production guidance.,"Expand with concrete workflow, inputs, outputs, and quality gates."
installer/build/windows/win-unpacked/resources/payload/repo-template/06_DATASHEETS/01_MICROCONTROLLERS/STMICRO_STM32/STM32L0/INDEX.md,THIN_README_OR_INDEX,MEDIUM,README/INDEX is likely navigational scaffold rather than production guidance.,"Expand with concrete workflow, inputs, outputs, and quality gates."
installer/build/windows/win-unpacked/resources/payload/repo-template/06_DATASHEETS/01_MICROCONTROLLERS/STMICRO_STM32/STM32L0/README.md,THIN_README_OR_INDEX,MEDIUM,README/INDEX is likely navigational scaffold rather than production guidance.,"Expand with concrete workflow, inputs, outputs, and quality gates."
installer/build/windows/win-unpacked/resources/payload/repo-template/06_DATASHEETS/01_MICROCONTROLLERS/STMICRO_STM32/STM32L1/INDEX.md,THIN_README_OR_INDEX,MEDIUM,README/INDEX is likely navigational scaffold rather than production guidance.,"Expand with concrete workflow, inputs, outputs, and quality gates."
installer/build/windows/win-unpacked/resources/payload/repo-template/06_DATASHEETS/01_MICROCONTROLLERS/STMICRO_STM32/STM32L1/README.md,THIN_README_OR_INDEX,MEDIUM,README/INDEX is likely navigational scaffold rather than production guidance.,"Expand with concrete workflow, inputs, outputs, and quality gates."
installer/build/windows/win-unpacked/resources/payload/repo-template/06_DATASHEETS/01_MICROCONTROLLERS/STMICRO_STM32/STM32L4/INDEX.md,THIN_README_OR_INDEX,MEDIUM,README/INDEX is likely navigational scaffold rather than production guidance.,"Expand with concrete workflow, inputs, outputs, and quality gates."
installer/build/windows/win-unpacked/resources/payload/repo-template/06_DATASHEETS/01_MICROCONTROLLERS/STMICRO_STM32/STM32L4/README.md,THIN_README_OR_INDEX,MEDIUM,README/INDEX is likely navigational scaffold rather than production guidance.,"Expand with concrete workflow, inputs, outputs, and quality gates."
installer/build/windows/win-unpacked/resources/payload/repo-template/06_DATASHEETS/01_MICROCONTROLLERS/STMICRO_STM32/STM32L5/INDEX.md,THIN_README_OR_INDEX,MEDIUM,README/INDEX is likely navigational scaffold rather than production guidance.,"Expand with concrete workflow, inputs, outputs, and quality gates."
installer/build/windows/win-unpacked/resources/payload/repo-template/06_DATASHEETS/01_MICROCONTROLLERS/STMICRO_STM32/STM32L5/README.md,THIN_README_OR_INDEX,MEDIUM,README/INDEX is likely navigational scaffold rather than production guidance.,"Expand with concrete workflow, inputs, outputs, and quality gates."
installer/build/windows/win-unpacked/resources/payload/repo-template/06_DATASHEETS/01_MICROCONTROLLERS/STMICRO_STM32/STM32MP/INDEX.md,THIN_README_OR_INDEX,MEDIUM,README/INDEX is likely navigational scaffold rather than production guidance.,"Expand with concrete workflow, inputs, outputs, and quality gates."
installer/build/windows/win-unpacked/resources/payload/repo-template/06_DATASHEETS/01_MICROCONTROLLERS/STMICRO_STM32/STM32MP/README.md,THIN_README_OR_INDEX,MEDIUM,README/INDEX is likely navigational scaffold rather than production guidance.,"Expand with concrete workflow, inputs, outputs, and quality gates."
installer/build/windows/win-unpacked/resources/payload/repo-template/06_DATASHEETS/01_MICROCONTROLLERS/STMICRO_STM32/STM32U0/INDEX.md,THIN_README_OR_INDEX,MEDIUM,README/INDEX is likely navigational scaffold rather than production guidance.,"Expand with concrete workflow, inputs, outputs, and quality gates."
installer/build/windows/win-unpacked/resources/payload/repo-template/06_DATASHEETS/01_MICROCONTROLLERS/STMICRO_STM32/STM32U0/README.md,THIN_README_OR_INDEX,MEDIUM,README/INDEX is likely navigational scaffold rather than production guidance.,"Expand with concrete workflow, inputs, outputs, and quality gates."
installer/build/windows/win-unpacked/resources/payload/repo-template/06_DATASHEETS/01_MICROCONTROLLERS/STMICRO_STM32/STM32U5/INDEX.md,THIN_README_OR_INDEX,MEDIUM,README/INDEX is likely navigational scaffold rather than production guidance.,"Expand with concrete workflow, inputs, outputs, and quality gates."
installer/build/windows/win-unpacked/resources/payload/repo-template/06_DATASHEETS/01_MICROCONTROLLERS/STMICRO_STM32/STM32U5/README.md,THIN_README_OR_INDEX,MEDIUM,README/INDEX is likely navigational scaffold rather than production guidance.,"Expand with concrete workflow, inputs, outputs, and quality gates."
installer/build/windows/win-unpacked/resources/payload/repo-template/06_DATASHEETS/01_MICROCONTROLLERS/STMICRO_STM32/STM32WB/INDEX.md,THIN_README_OR_INDEX,MEDIUM,README/INDEX is likely navigational scaffold rather than production guidance.,"Expand with concrete workflow, inputs, outputs, and quality gates."
installer/build/windows/win-unpacked/resources/payload/repo-template/06_DATASHEETS/01_MICROCONTROLLERS/STMICRO_STM32/STM32WB/README.md,THIN_README_OR_INDEX,MEDIUM,README/INDEX is likely navigational scaffold rather than production guidance.,"Expand with concrete workflow, inputs, outputs, and quality gates."
installer/build/windows/win-unpacked/resources/payload/repo-template/06_DATASHEETS/01_MICROCONTROLLERS/STMICRO_STM32/STM32WL/INDEX.md,THIN_README_OR_INDEX,MEDIUM,README/INDEX is likely navigational scaffold rather than production guidance.,"Expand with concrete workflow, inputs, outputs, and quality gates."
installer/build/windows/win-unpacked/resources/payload/repo-template/06_DATASHEETS/01_MICROCONTROLLERS/STMICRO_STM32/STM32WL/README.md,THIN_README_OR_INDEX,MEDIUM,README/INDEX is likely navigational scaffold rather than production guidance.,"Expand with concrete workflow, inputs, outputs, and quality gates."
installer/build/windows/win-unpacked/resources/payload/repo-template/06_DATASHEETS/01_MICROCONTROLLERS/STMICRO_STM32/STM32_MASTER_INDEX.md,PLACEHOLDER_LANGUAGE,MEDIUM,File contains boilerplate or unresolved template language that reduces agent usefulness.,Replace with specific instructions/data or move to templates/examples.
installer/build/windows/win-unpacked/resources/payload/repo-template/06_DATASHEETS/01_MICROCONTROLLERS/TI/INDEX.md,THIN_README_OR_INDEX,MEDIUM,README/INDEX is likely navigational scaffold rather than production guidance.,"Expand with concrete workflow, inputs, outputs, and quality gates."
installer/build/windows/win-unpacked/resources/payload/repo-template/06_DATASHEETS/01_MICROCONTROLLERS/TI/README.md,THIN_README_OR_INDEX,MEDIUM,README/INDEX is likely navigational scaffold rather than production guidance.,"Expand with concrete workflow, inputs, outputs, and quality gates."
installer/build/windows/win-unpacked/resources/payload/repo-template/06_DATASHEETS/01_MICROCONTROLLERS/WCH/INDEX.md,THIN_README_OR_INDEX,MEDIUM,README/INDEX is likely navigational scaffold rather than production guidance.,"Expand with concrete workflow, inputs, outputs, and quality gates."
installer/build/windows/win-unpacked/resources/payload/repo-template/06_DATASHEETS/01_MICROCONTROLLERS/WCH/README.md,THIN_README_OR_INDEX,MEDIUM,README/INDEX is likely navigational scaffold rather than production guidance.,"Expand with concrete workflow, inputs, outputs, and quality gates."
installer/build/windows/win-unpacked/resources/payload/repo-template/06_DATASHEETS/02_DEV_BOARDS_AND_MODULES/INDEX.md,THIN_README_OR_INDEX,MEDIUM,README/INDEX is likely navigational scaffold rather than production guidance.,"Expand with concrete workflow, inputs, outputs, and quality gates."
installer/build/windows/win-unpacked/resources/payload/repo-template/06_DATASHEETS/02_DEV_BOARDS_AND_MODULES/README.md,THIN_README_OR_INDEX,MEDIUM,README/INDEX is likely navigational scaffold rather than production guidance.,"Expand with concrete workflow, inputs, outputs, and quality gates."
installer/build/windows/win-unpacked/resources/payload/repo-template/06_DATASHEETS/03_POWER/INDEX.md,THIN_README_OR_INDEX,MEDIUM,README/INDEX is likely navigational scaffold rather than production guidance.,"Expand with concrete workflow, inputs, outputs, and quality gates."
installer/build/windows/win-unpacked/resources/payload/repo-template/06_DATASHEETS/03_POWER/README.md,THIN_README_OR_INDEX,MEDIUM,README/INDEX is likely navigational scaffold rather than production guidance.,"Expand with concrete workflow, inputs, outputs, and quality gates."
installer/build/windows/win-unpacked/resources/payload/repo-template/06_DATASHEETS/04_COMMUNICATION/INDEX.md,THIN_README_OR_INDEX,MEDIUM,README/INDEX is likely navigational scaffold rather than production guidance.,"Expand with concrete workflow, inputs, outputs, and quality gates."
installer/build/windows/win-unpacked/resources/payload/repo-template/06_DATASHEETS/04_COMMUNICATION/README.md,THIN_README_OR_INDEX,MEDIUM,README/INDEX is likely navigational scaffold rather than production guidance.,"Expand with concrete workflow, inputs, outputs, and quality gates."
installer/build/windows/win-unpacked/resources/payload/repo-template/06_DATASHEETS/05_CONNECTORS/INDEX.md,THIN_README_OR_INDEX,MEDIUM,README/INDEX is likely navigational scaffold rather than production guidance.,"Expand with concrete workflow, inputs, outputs, and quality gates."
installer/build/windows/win-unpacked/resources/payload/repo-template/06_DATASHEETS/05_CONNECTORS/README.md,THIN_README_OR_INDEX,MEDIUM,README/INDEX is likely navigational scaffold rather than production guidance.,"Expand with concrete workflow, inputs, outputs, and quality gates."
installer/build/windows/win-unpacked/resources/payload/repo-template/06_DATASHEETS/05_CONNECTORS/SOURCES.md,PLACEHOLDER_LANGUAGE,MEDIUM,File contains boilerplate or unresolved template language that reduces agent usefulness.,Replace with specific instructions/data or move to templates/examples.
installer/build/windows/win-unpacked/resources/payload/repo-template/06_DATASHEETS/06_PROTECTION/INDEX.md,THIN_README_OR_INDEX,MEDIUM,README/INDEX is likely navigational scaffold rather than production guidance.,"Expand with concrete workflow, inputs, outputs, and quality gates."
installer/build/windows/win-unpacked/resources/payload/repo-template/06_DATASHEETS/06_PROTECTION/README.md,THIN_README_OR_INDEX,MEDIUM,README/INDEX is likely navigational scaffold rather than production guidance.,"Expand with concrete workflow, inputs, outputs, and quality gates."
installer/build/windows/win-unpacked/resources/payload/repo-template/06_DATASHEETS/07_SENSORS/INDEX.md,THIN_README_OR_INDEX,MEDIUM,README/INDEX is likely navigational scaffold rather than production guidance.,"Expand with concrete workflow, inputs, outputs, and quality gates."
installer/build/windows/win-unpacked/resources/payload/repo-template/06_DATASHEETS/07_SENSORS/README.md,THIN_README_OR_INDEX,MEDIUM,README/INDEX is likely navigational scaffold rather than production guidance.,"Expand with concrete workflow, inputs, outputs, and quality gates."
installer/build/windows/win-unpacked/resources/payload/repo-template/06_DATASHEETS/08_ANALOG/INDEX.md,THIN_README_OR_INDEX,MEDIUM,README/INDEX is likely navigational scaffold rather than production guidance.,"Expand with concrete workflow, inputs, outputs, and quality gates."
installer/build/windows/win-unpacked/resources/payload/repo-template/06_DATASHEETS/08_ANALOG/README.md,THIN_README_OR_INDEX,MEDIUM,README/INDEX is likely navigational scaffold rather than production guidance.,"Expand with concrete workflow, inputs, outputs, and quality gates."
installer/build/windows/win-unpacked/resources/payload/repo-template/06_DATASHEETS/09_DRIVERS/INDEX.md,THIN_README_OR_INDEX,MEDIUM,README/INDEX is likely navigational scaffold rather than production guidance.,"Expand with concrete workflow, inputs, outputs, and quality gates."
installer/build/windows/win-unpacked/resources/payload/repo-template/06_DATASHEETS/09_DRIVERS/README.md,THIN_README_OR_INDEX,MEDIUM,README/INDEX is likely navigational scaffold rather than production guidance.,"Expand with concrete workflow, inputs, outputs, and quality gates."
installer/build/windows/win-unpacked/resources/payload/repo-template/06_DATASHEETS/10_DISPLAYS/INDEX.md,THIN_README_OR_INDEX,MEDIUM,README/INDEX is likely navigational scaffold rather than production guidance.,"Expand with concrete workflow, inputs, outputs, and quality gates."
installer/build/windows/win-unpacked/resources/payload/repo-template/06_DATASHEETS/10_DISPLAYS/README.md,THIN_README_OR_INDEX,MEDIUM,README/INDEX is likely navigational scaffold rather than production guidance.,"Expand with concrete workflow, inputs, outputs, and quality gates."
installer/build/windows/win-unpacked/resources/payload/repo-template/06_DATASHEETS/11_PASSIVES/INDEX.md,THIN_README_OR_INDEX,MEDIUM,README/INDEX is likely navigational scaffold rather than production guidance.,"Expand with concrete workflow, inputs, outputs, and quality gates."
installer/build/windows/win-unpacked/resources/payload/repo-template/06_DATASHEETS/11_PASSIVES/README.md,THIN_README_OR_INDEX,MEDIUM,README/INDEX is likely navigational scaffold rather than production guidance.,"Expand with concrete workflow, inputs, outputs, and quality gates."
installer/build/windows/win-unpacked/resources/payload/repo-template/06_DATASHEETS/12_RF_AND_ANTENNAS/INDEX.md,THIN_README_OR_INDEX,MEDIUM,README/INDEX is likely navigational scaffold rather than production guidance.,"Expand with concrete workflow, inputs, outputs, and quality gates."
installer/build/windows/win-unpacked/resources/payload/repo-template/06_DATASHEETS/12_RF_AND_ANTENNAS/README.md,THIN_README_OR_INDEX,MEDIUM,README/INDEX is likely navigational scaffold rather than production guidance.,"Expand with concrete workflow, inputs, outputs, and quality gates."
installer/build/windows/win-unpacked/resources/payload/repo-template/06_DATASHEETS/13_MEMORY_STORAGE/INDEX.md,THIN_README_OR_INDEX,MEDIUM,README/INDEX is likely navigational scaffold rather than production guidance.,"Expand with concrete workflow, inputs, outputs, and quality gates."
installer/build/windows/win-unpacked/resources/payload/repo-template/06_DATASHEETS/13_MEMORY_STORAGE/README.md,THIN_README_OR_INDEX,MEDIUM,README/INDEX is likely navigational scaffold rather than production guidance.,"Expand with concrete workflow, inputs, outputs, and quality gates."
installer/build/windows/win-unpacked/resources/payload/repo-template/06_DATASHEETS/14_CLOCKS_TIMING/INDEX.md,THIN_README_OR_INDEX,MEDIUM,README/INDEX is likely navigational scaffold rather than production guidance.,"Expand with concrete workflow, inputs, outputs, and quality gates."
installer/build/windows/win-unpacked/resources/payload/repo-template/06_DATASHEETS/14_CLOCKS_TIMING/README.md,THIN_README_OR_INDEX,MEDIUM,README/INDEX is likely navigational scaffold rather than production guidance.,"Expand with concrete workflow, inputs, outputs, and quality gates."
installer/build/windows/win-unpacked/resources/payload/repo-template/06_DATASHEETS/15_SWITCHES_BUTTONS_RELAYS/INDEX.md,THIN_README_OR_INDEX,MEDIUM,README/INDEX is likely navigational scaffold rather than production guidance.,"Expand with concrete workflow, inputs, outputs, and quality gates."
installer/build/windows/win-unpacked/resources/payload/repo-template/06_DATASHEETS/15_SWITCHES_BUTTONS_RELAYS/README.md,THIN_README_OR_INDEX,MEDIUM,README/INDEX is likely navigational scaffold rather than production guidance.,"Expand with concrete workflow, inputs, outputs, and quality gates."
installer/build/windows/win-unpacked/resources/payload/repo-template/06_DATASHEETS/16_FAB_ASSEMBLY_REFERENCES/INDEX.md,THIN_README_OR_INDEX,MEDIUM,README/INDEX is likely navigational scaffold rather than production guidance.,"Expand with concrete workflow, inputs, outputs, and quality gates."
installer/build/windows/win-unpacked/resources/payload/repo-template/06_DATASHEETS/16_FAB_ASSEMBLY_REFERENCES/README.md,THIN_README_OR_INDEX,MEDIUM,README/INDEX is likely navigational scaffold rather than production guidance.,"Expand with concrete workflow, inputs, outputs, and quality gates."
installer/build/windows/win-unpacked/resources/payload/repo-template/06_DATASHEETS/17_APPLICATION_NOTES/INDEX.md,THIN_README_OR_INDEX,MEDIUM,README/INDEX is likely navigational scaffold rather than production guidance.,"Expand with concrete workflow, inputs, outputs, and quality gates."
installer/build/windows/win-unpacked/resources/payload/repo-template/06_DATASHEETS/17_APPLICATION_NOTES/README.md,THIN_README_OR_INDEX,MEDIUM,README/INDEX is likely navigational scaffold rather than production guidance.,"Expand with concrete workflow, inputs, outputs, and quality gates."
installer/build/windows/win-unpacked/resources/payload/repo-template/06_DATASHEETS/18_REFERENCE_DESIGNS/INDEX.md,THIN_README_OR_INDEX,MEDIUM,README/INDEX is likely navigational scaffold rather than production guidance.,"Expand with concrete workflow, inputs, outputs, and quality gates."
installer/build/windows/win-unpacked/resources/payload/repo-template/06_DATASHEETS/18_REFERENCE_DESIGNS/README.md,THIN_README_OR_INDEX,MEDIUM,README/INDEX is likely navigational scaffold rather than production guidance.,"Expand with concrete workflow, inputs, outputs, and quality gates."
installer/build/windows/win-unpacked/resources/payload/repo-template/06_DATASHEETS/19_VENDOR_PORTALS/INDEX.md,THIN_README_OR_INDEX,MEDIUM,README/INDEX is likely navigational scaffold rather than production guidance.,"Expand with concrete workflow, inputs, outputs, and quality gates."
installer/build/windows/win-unpacked/resources/payload/repo-template/06_DATASHEETS/19_VENDOR_PORTALS/README.md,THIN_README_OR_INDEX,MEDIUM,README/INDEX is likely navigational scaffold rather than production guidance.,"Expand with concrete workflow, inputs, outputs, and quality gates."
installer/build/windows/win-unpacked/resources/payload/repo-template/06_DATASHEETS/99_UNSORTED_INBOX/INDEX.md,THIN_README_OR_INDEX,MEDIUM,README/INDEX is likely navigational scaffold rather than production guidance.,"Expand with concrete workflow, inputs, outputs, and quality gates."
installer/build/windows/win-unpacked/resources/payload/repo-template/06_DATASHEETS/99_UNSORTED_INBOX/README.md,THIN_README_OR_INDEX,MEDIUM,README/INDEX is likely navigational scaffold rather than production guidance.,"Expand with concrete workflow, inputs, outputs, and quality gates."
installer/build/windows/win-unpacked/resources/payload/repo-template/08_COMPONENT_DATABASE/01_MICROCONTROLLERS/MICROCHIP_PIC_FAMILY_OVERVIEW.md,PLACEHOLDER_LANGUAGE,MEDIUM,File contains boilerplate or unresolved template language that reduces agent usefulness.,Replace with specific instructions/data or move to templates/examples.
installer/build/windows/win-unpacked/resources/payload/repo-template/08_COMPONENT_DATABASE/06_SENSORS/README.md,THIN_README_OR_INDEX,MEDIUM,README/INDEX is likely navigational scaffold rather than production guidance.,"Expand with concrete workflow, inputs, outputs, and quality gates."
installer/build/windows/win-unpacked/resources/payload/repo-template/08_COMPONENT_DATABASE/07_ANALOG/README.md,THIN_README_OR_INDEX,MEDIUM,README/INDEX is likely navigational scaffold rather than production guidance.,"Expand with concrete workflow, inputs, outputs, and quality gates."
installer/build/windows/win-unpacked/resources/payload/repo-template/08_COMPONENT_DATABASE/08_DRIVERS/README.md,THIN_README_OR_INDEX,MEDIUM,README/INDEX is likely navigational scaffold rather than production guidance.,"Expand with concrete workflow, inputs, outputs, and quality gates."
installer/build/windows/win-unpacked/resources/payload/repo-template/08_COMPONENT_DATABASE/09_PASSIVES/PASSIVES_GUIDE.md,PLACEHOLDER_LANGUAGE,MEDIUM,File contains boilerplate or unresolved template language that reduces agent usefulness.,Replace with specific instructions/data or move to templates/examples.
installer/build/windows/win-unpacked/resources/payload/repo-template/08_COMPONENT_DATABASE/11_DEV_BOARDS_AND_MODULES/README.md,THIN_README_OR_INDEX,MEDIUM,README/INDEX is likely navigational scaffold rather than production guidance.,"Expand with concrete workflow, inputs, outputs, and quality gates."
installer/build/windows/win-unpacked/resources/payload/repo-template/08_COMPONENT_DATABASE/12_KICAD_SYMBOL_FOOTPRINT_MATCHES/README.md,THIN_README_OR_INDEX,MEDIUM,README/INDEX is likely navigational scaffold rather than production guidance.,"Expand with concrete workflow, inputs, outputs, and quality gates."
installer/build/windows/win-unpacked/resources/payload/repo-template/08_COMPONENT_DATABASE/13_DESIGN_RULE_SNIPPETS/CRYSTAL_LAYOUT_RULES.md,PLACEHOLDER_LANGUAGE,MEDIUM,File contains boilerplate or unresolved template language that reduces agent usefulness.,Replace with specific instructions/data or move to templates/examples.
installer/build/windows/win-unpacked/resources/payload/repo-template/08_COMPONENT_DATABASE/13_DESIGN_RULE_SNIPPETS/DECOUPLING_CAPACITOR_RULES.md,PLACEHOLDER_LANGUAGE,MEDIUM,File contains boilerplate or unresolved template language that reduces agent usefulness.,Replace with specific instructions/data or move to templates/examples.
installer/build/windows/win-unpacked/resources/payload/repo-template/08_COMPONENT_DATABASE/99_UNVERIFIED_INBOX/README.md,THIN_README_OR_INDEX,MEDIUM,README/INDEX is likely navigational scaffold rather than production guidance.,"Expand with concrete workflow, inputs, outputs, and quality gates."
installer/build/windows/win-unpacked/resources/payload/repo-template/99_BACKUPS/README.md,THIN_README_OR_INDEX,MEDIUM,README/INDEX is likely navigational scaffold rather than production guidance.,"Expand with concrete workflow, inputs, outputs, and quality gates."
installer/build/windows/win-unpacked/resources/payload/repo-template/99_BACKUPS/pre_codex_edits/README.md,THIN_README_OR_INDEX,MEDIUM,README/INDEX is likely navigational scaffold rather than production guidance.,"Expand with concrete workflow, inputs, outputs, and quality gates."
installer/build/windows/win-unpacked/resources/payload/repo-template/FOR CHAT GPT.MD,PLACEHOLDER_LANGUAGE,MEDIUM,File contains boilerplate or unresolved template language that reduces agent usefulness.,Replace with specific instructions/data or move to templates/examples.
installer/build/windows/win-unpacked/resources/payload/repo-template/README.md,PLACEHOLDER_LANGUAGE,MEDIUM,File contains boilerplate or unresolved template language that reduces agent usefulness.,Replace with specific instructions/data or move to templates/examples.
installer/build/windows/win-unpacked/resources/payload/repo-template/README_GPT.md,PLACEHOLDER_LANGUAGE,MEDIUM,File contains boilerplate or unresolved template language that reduces agent usefulness.,Replace with specific instructions/data or move to templates/examples.
installer/build/windows/win-unpacked/resources/payload/repo-template/ROADMAP.md,PLACEHOLDER_LANGUAGE,MEDIUM,File contains boilerplate or unresolved template language that reduces agent usefulness.,Replace with specific instructions/data or move to templates/examples.
installer/build/windows/win-unpacked/resources/payload/repo-template/health_check.py,PLACEHOLDER_LANGUAGE,MEDIUM,File contains boilerplate or unresolved template language that reduces agent usefulness.,Replace with specific instructions/data or move to templates/examples.
installer/build/windows/win-unpacked/resources/payload/repo-template/setup/common/README.md,THIN_README_OR_INDEX,MEDIUM,README/INDEX is likely navigational scaffold rather than production guidance.,"Expand with concrete workflow, inputs, outputs, and quality gates."
installer/build/windows/win-unpacked/resources/payload/repo-template/setup/linux/README.md,THIN_README_OR_INDEX,MEDIUM,README/INDEX is likely navigational scaffold rather than production guidance.,"Expand with concrete workflow, inputs, outputs, and quality gates."
installer/build/windows/win-unpacked/resources/payload/repo-template/setup/macos/README.md,THIN_README_OR_INDEX,MEDIUM,README/INDEX is likely navigational scaffold rather than production guidance.,"Expand with concrete workflow, inputs, outputs, and quality gates."
installer/build/windows/win-unpacked/resources/payload/scripts/linux/README.md,THIN_README_OR_INDEX,MEDIUM,README/INDEX is likely navigational scaffold rather than production guidance.,"Expand with concrete workflow, inputs, outputs, and quality gates."
installer/build/windows/win-unpacked/resources/payload/scripts/macos/README.md,THIN_README_OR_INDEX,MEDIUM,README/INDEX is likely navigational scaffold rather than production guidance.,"Expand with concrete workflow, inputs, outputs, and quality gates."
installer/build/windows/win-unpacked/resources/payload/scripts/windows/README.md,THIN_README_OR_INDEX,MEDIUM,README/INDEX is likely navigational scaffold rather than production guidance.,"Expand with concrete workflow, inputs, outputs, and quality gates."
installer/payload/PAYLOAD_BUILD_REPORT.md,PLACEHOLDER_LANGUAGE,MEDIUM,File contains boilerplate or unresolved template language that reduces agent usefulness.,Replace with specific instructions/data or move to templates/examples.
installer/payload/PAYLOAD_BUILD_SCRIPT.md,PLACEHOLDER_LANGUAGE,MEDIUM,File contains boilerplate or unresolved template language that reduces agent usefulness.,Replace with specific instructions/data or move to templates/examples.
installer/payload/PAYLOAD_CONTENT_RULES.md,PLACEHOLDER_LANGUAGE,MEDIUM,File contains boilerplate or unresolved template language that reduces agent usefulness.,Replace with specific instructions/data or move to templates/examples.
installer/payload/scripts/linux/README.md,THIN_README_OR_INDEX,MEDIUM,README/INDEX is likely navigational scaffold rather than production guidance.,"Expand with concrete workflow, inputs, outputs, and quality gates."
installer/payload/scripts/macos/README.md,THIN_README_OR_INDEX,MEDIUM,README/INDEX is likely navigational scaffold rather than production guidance.,"Expand with concrete workflow, inputs, outputs, and quality gates."
installer/payload/scripts/windows/README.md,THIN_README_OR_INDEX,MEDIUM,README/INDEX is likely navigational scaffold rather than production guidance.,"Expand with concrete workflow, inputs, outputs, and quality gates."
setup/INDEX.md,THIN_README_OR_INDEX,MEDIUM,README/INDEX is likely navigational scaffold rather than production guidance.,"Expand with concrete workflow, inputs, outputs, and quality gates."
setup/README.md,THIN_README_OR_INDEX,MEDIUM,README/INDEX is likely navigational scaffold rather than production guidance.,"Expand with concrete workflow, inputs, outputs, and quality gates."
setup/common/README.md,THIN_README_OR_INDEX,MEDIUM,README/INDEX is likely navigational scaffold rather than production guidance.,"Expand with concrete workflow, inputs, outputs, and quality gates."
03_TOOLS/scripts/datasheet_tree/templates/PART_RECORD_TEMPLATE.md,UNEXPANDED_TEMPLATE_VARIABLE,LOW,File contains boilerplate or unresolved template language that reduces agent usefulness.,Replace with specific instructions/data or move to templates/examples.
04_KICAD_PROJECTS/templates/PROJECT_CREATION_GUIDE.md,UNEXPANDED_TEMPLATE_VARIABLE,LOW,File contains boilerplate or unresolved template language that reduces agent usefulness.,Replace with specific instructions/data or move to templates/examples.
04_KICAD_PROJECTS/templates/REFERENCE_PROJECT_FOLDER_STANDARD.md,UNEXPANDED_TEMPLATE_VARIABLE,LOW,File contains boilerplate or unresolved template language that reduces agent usefulness.,Replace with specific instructions/data or move to templates/examples.
04_KICAD_PROJECTS/templates/STANDARD_KICAD_PROJECT_TEMPLATE/AGENTS.md,UNEXPANDED_TEMPLATE_VARIABLE,LOW,File contains boilerplate or unresolved template language that reduces agent usefulness.,Replace with specific instructions/data or move to templates/examples.
04_KICAD_PROJECTS/templates/STANDARD_KICAD_PROJECT_TEMPLATE/README.md,UNEXPANDED_TEMPLATE_VARIABLE,LOW,File contains boilerplate or unresolved template language that reduces agent usefulness.,Replace with specific instructions/data or move to templates/examples.
04_KICAD_PROJECTS/templates/STANDARD_PROJECT_AGENTS_TEMPLATE.md,UNEXPANDED_TEMPLATE_VARIABLE,LOW,File contains boilerplate or unresolved template language that reduces agent usefulness.,Replace with specific instructions/data or move to templates/examples.
04_KICAD_PROJECTS/templates/STANDARD_PROJECT_README_TEMPLATE.md,UNEXPANDED_TEMPLATE_VARIABLE,LOW,File contains boilerplate or unresolved template language that reduces agent usefulness.,Replace with specific instructions/data or move to templates/examples.
05_OUTPUTS/installer_smoke_test/KICAD_ENGINE_TEST_2026-05-03T00-18-33-993Z/04_KICAD_PROJECTS/templates/PROJECT_CREATION_GUIDE.md,UNEXPANDED_TEMPLATE_VARIABLE,LOW,File contains boilerplate or unresolved template language that reduces agent usefulness.,Replace with specific instructions/data or move to templates/examples.
05_OUTPUTS/installer_smoke_test/KICAD_ENGINE_TEST_2026-05-03T00-18-33-993Z/04_KICAD_PROJECTS/templates/REFERENCE_PROJECT_FOLDER_STANDARD.md,UNEXPANDED_TEMPLATE_VARIABLE,LOW,File contains boilerplate or unresolved template language that reduces agent usefulness.,Replace with specific instructions/data or move to templates/examples.
05_OUTPUTS/installer_smoke_test/KICAD_ENGINE_TEST_2026-05-03T00-18-33-993Z/04_KICAD_PROJECTS/templates/STANDARD_KICAD_PROJECT_TEMPLATE/AGENTS.md,UNEXPANDED_TEMPLATE_VARIABLE,LOW,File contains boilerplate or unresolved template language that reduces agent usefulness.,Replace with specific instructions/data or move to templates/examples.
05_OUTPUTS/installer_smoke_test/KICAD_ENGINE_TEST_2026-05-03T00-18-33-993Z/04_KICAD_PROJECTS/templates/STANDARD_KICAD_PROJECT_TEMPLATE/README.md,UNEXPANDED_TEMPLATE_VARIABLE,LOW,File contains boilerplate or unresolved template language that reduces agent usefulness.,Replace with specific instructions/data or move to templates/examples.
05_OUTPUTS/installer_smoke_test/KICAD_ENGINE_TEST_2026-05-03T00-18-33-993Z/04_KICAD_PROJECTS/templates/STANDARD_PROJECT_AGENTS_TEMPLATE.md,UNEXPANDED_TEMPLATE_VARIABLE,LOW,File contains boilerplate or unresolved template language that reduces agent usefulness.,Replace with specific instructions/data or move to templates/examples.
05_OUTPUTS/installer_smoke_test/KICAD_ENGINE_TEST_2026-05-03T00-18-33-993Z/04_KICAD_PROJECTS/templates/STANDARD_PROJECT_README_TEMPLATE.md,UNEXPANDED_TEMPLATE_VARIABLE,LOW,File contains boilerplate or unresolved template language that reduces agent usefulness.,Replace with specific instructions/data or move to templates/examples.
08_COMPONENT_DATABASE/00_INDEX/templates/PART_RECORD_TEMPLATE.json,UNEXPANDED_TEMPLATE_VARIABLE,LOW,File contains boilerplate or unresolved template language that reduces agent usefulness.,Replace with specific instructions/data or move to templates/examples.
28_SUPPLIER_INGESTION/templates/manual_supplier_csv_template.csv,UNEXPANDED_TEMPLATE_VARIABLE,LOW,File contains boilerplate or unresolved template language that reduces agent usefulness.,Replace with specific instructions/data or move to templates/examples.
28_SUPPLIER_INGESTION/templates/normalized_supplier_part.example.json,UNEXPANDED_TEMPLATE_VARIABLE,LOW,File contains boilerplate or unresolved template language that reduces agent usefulness.,Replace with specific instructions/data or move to templates/examples.
31_PLAYWRIGHT_RESEARCH_PIPELINE/templates/normalized_part_record.template.json,UNEXPANDED_TEMPLATE_VARIABLE,LOW,File contains boilerplate or unresolved template language that reduces agent usefulness.,Replace with specific instructions/data or move to templates/examples.
installer/build/windows/win-unpacked/resources/payload/repo-template/04_KICAD_PROJECTS/templates/PROJECT_CREATION_GUIDE.md,UNEXPANDED_TEMPLATE_VARIABLE,LOW,File contains boilerplate or unresolved template language that reduces agent usefulness.,Replace with specific instructions/data or move to templates/examples.
installer/build/windows/win-unpacked/resources/payload/repo-template/04_KICAD_PROJECTS/templates/REFERENCE_PROJECT_FOLDER_STANDARD.md,UNEXPANDED_TEMPLATE_VARIABLE,LOW,File contains boilerplate or unresolved template language that reduces agent usefulness.,Replace with specific instructions/data or move to templates/examples.
installer/build/windows/win-unpacked/resources/payload/repo-template/04_KICAD_PROJECTS/templates/STANDARD_KICAD_PROJECT_TEMPLATE/AGENTS.md,UNEXPANDED_TEMPLATE_VARIABLE,LOW,File contains boilerplate or unresolved template language that reduces agent usefulness.,Replace with specific instructions/data or move to templates/examples.
installer/build/windows/win-unpacked/resources/payload/repo-template/04_KICAD_PROJECTS/templates/STANDARD_KICAD_PROJECT_TEMPLATE/README.md,UNEXPANDED_TEMPLATE_VARIABLE,LOW,File contains boilerplate or unresolved template language that reduces agent usefulness.,Replace with specific instructions/data or move to templates/examples.
installer/build/windows/win-unpacked/resources/payload/repo-template/04_KICAD_PROJECTS/templates/STANDARD_PROJECT_AGENTS_TEMPLATE.md,UNEXPANDED_TEMPLATE_VARIABLE,LOW,File contains boilerplate or unresolved template language that reduces agent usefulness.,Replace with specific instructions/data or move to templates/examples.
installer/build/windows/win-unpacked/resources/payload/repo-template/04_KICAD_PROJECTS/templates/STANDARD_PROJECT_README_TEMPLATE.md,UNEXPANDED_TEMPLATE_VARIABLE,LOW,File contains boilerplate or unresolved template language that reduces agent usefulness.,Replace with specific instructions/data or move to templates/examples.
