original_path,file_type,size_bytes,top_level_folder,parent_folder,extension,url_index_id
knowledge_scrape\00_ai_entrypoints\.gitkeep,no_extension,14,00_ai_entrypoints,knowledge_scrape\00_ai_entrypoints,,
knowledge_scrape\00_ai_entrypoints\AI_START_HERE.md,md,2876,00_ai_entrypoints,knowledge_scrape\00_ai_entrypoints,.md,
knowledge_scrape\00_ai_entrypoints\FUTURE_SCRAPING_WORKFLOW.md,md,2994,00_ai_entrypoints,knowledge_scrape\00_ai_entrypoints,.md,
knowledge_scrape\00_ai_entrypoints\KICAD_AUTOMATION_INDEX.md,md,1980,00_ai_entrypoints,knowledge_scrape\00_ai_entrypoints,.md,
knowledge_scrape\00_ai_entrypoints\KNOWLEDGE_MAP.md,md,4946,00_ai_entrypoints,knowledge_scrape\00_ai_entrypoints,.md,
knowledge_scrape\00_ai_entrypoints\PCB_ENGINEERING_RULES_INDEX.md,md,3546,00_ai_entrypoints,knowledge_scrape\00_ai_entrypoints,.md,
knowledge_scrape\00_ai_entrypoints\PDF_DATASHEET_USAGE_RULES.md,md,1687,00_ai_entrypoints,knowledge_scrape\00_ai_entrypoints,.md,
knowledge_scrape\00_ai_entrypoints\SOURCE_TRUST_RULES.md,md,3005,00_ai_entrypoints,knowledge_scrape\00_ai_entrypoints,.md,
knowledge_scrape\00_ai_entrypoints\START_FOR_CLAUDE.md,md,576,00_ai_entrypoints,knowledge_scrape\00_ai_entrypoints,.md,
knowledge_scrape\00_ai_entrypoints\START_FOR_CODEX.md,md,529,00_ai_entrypoints,knowledge_scrape\00_ai_entrypoints,.md,
knowledge_scrape\00_ai_entrypoints\URL_REGISTRY_USAGE.md,md,3544,00_ai_entrypoints,knowledge_scrape\00_ai_entrypoints,.md,
knowledge_scrape\00_engineering_rules\BUCK_CONVERTER_RULES.md,md,687,00_engineering_rules,knowledge_scrape\00_engineering_rules,.md,
knowledge_scrape\00_engineering_rules\ESP32_RULES.md,md,656,00_engineering_rules,knowledge_scrape\00_engineering_rules,.md,
knowledge_scrape\00_engineering_rules\FOOTPRINT_VERIFICATION_RULES.md,md,675,00_engineering_rules,knowledge_scrape\00_engineering_rules,.md,
knowledge_scrape\00_engineering_rules\KICAD_AUTOMATION_RULES.md,md,741,00_engineering_rules,knowledge_scrape\00_engineering_rules,.md,
knowledge_scrape\00_engineering_rules\PCB_LAYOUT_RULES.md,md,829,00_engineering_rules,knowledge_scrape\00_engineering_rules,.md,
knowledge_scrape\00_engineering_rules\USB_C_RULES.md,md,727,00_engineering_rules,knowledge_scrape\00_engineering_rules,.md,
knowledge_scrape\00_retrieval_indexes\CATEGORY_ROUTING_INDEX.md,md,1573,00_retrieval_indexes,knowledge_scrape\00_retrieval_indexes,.md,
knowledge_scrape\00_retrieval_indexes\OFFICIAL_SOURCES_INDEX.md,md,1346,00_retrieval_indexes,knowledge_scrape\00_retrieval_indexes,.md,
knowledge_scrape\00_retrieval_indexes\REJECTED_RECOVERY_INDEX.md,md,1381,00_retrieval_indexes,knowledge_scrape\00_retrieval_indexes,.md,
knowledge_scrape\00_source_of_truth\SOURCE_OF_TRUTH_INDEX.md,md,1544,00_source_of_truth,knowledge_scrape\00_source_of_truth,.md,
knowledge_scrape\01_kicad_core\.gitkeep,no_extension,14,01_kicad_core,knowledge_scrape\01_kicad_core,,
knowledge_scrape\01_kicad_core\_CATEGORY_INDEX.md,md,2116,01_kicad_core,knowledge_scrape\01_kicad_core,.md,
knowledge_scrape\01_kicad_core\url_000016--dev-docs.kicad.org-en-contribute-index.html.md,md,865,01_kicad_core,knowledge_scrape\01_kicad_core,.md,url_000016
knowledge_scrape\01_kicad_core\url_000720--docs.kicad.org-9.0-en-eeschema-eeschema.html.md,md,405971,01_kicad_core,knowledge_scrape\01_kicad_core,.md,url_000720
knowledge_scrape\01_kicad_core\url_000722--docs.kicad.org-9.0-en-gerbview-gerbview.html.md,md,10099,01_kicad_core,knowledge_scrape\01_kicad_core,.md,url_000722
knowledge_scrape\01_kicad_core\url_000723--docs.kicad.org-9.0-en-getting_started_in_kicad-getting_started_in_kicad.html.md,md,70055,01_kicad_core,knowledge_scrape\01_kicad_core,.md,url_000723
knowledge_scrape\01_kicad_core\url_000727--docs.kicad.org-9.0-en-kicad-kicad.html.md,md,66891,01_kicad_core,knowledge_scrape\01_kicad_core,.md,url_000727
knowledge_scrape\01_kicad_core\url_000729--docs.kicad.org-9.0-en-pcb_calculator-pcb_calculator.html.md,md,10886,01_kicad_core,knowledge_scrape\01_kicad_core,.md,url_000729
knowledge_scrape\01_kicad_core\url_000731--docs.kicad.org-9.0-en-pcbnew-pcbnew.html.md,md,435029,01_kicad_core,knowledge_scrape\01_kicad_core,.md,url_000731
knowledge_scrape\01_kicad_core\url_000732--docs.kicad.org-9.0-en-pl_editor-pl_editor.html.md,md,22962,01_kicad_core,knowledge_scrape\01_kicad_core,.md,url_000732
knowledge_scrape\01_kicad_core\url_001060--docs.oshpark.com-design-tools-kicad.md,md,4278,01_kicad_core,knowledge_scrape\01_kicad_core,.md,url_001060
knowledge_scrape\01_kicad_core\url_007036--kicad.org-libraries-contribute.md,md,2952,01_kicad_core,knowledge_scrape\01_kicad_core,.md,url_007036
knowledge_scrape\01_kicad_core\url_007037--kicad.org-libraries-download.md,md,2946,01_kicad_core,knowledge_scrape\01_kicad_core,.md,url_007037
knowledge_scrape\01_kicad_core\url_007039--kicad.org-libraries-third_party.md,md,2955,01_kicad_core,knowledge_scrape\01_kicad_core,.md,url_007039
knowledge_scrape\02_kicad_python_api\.gitkeep,no_extension,14,02_kicad_python_api,knowledge_scrape\02_kicad_python_api,,
knowledge_scrape\02_kicad_python_api\_CATEGORY_INDEX.md,md,3614,02_kicad_python_api,knowledge_scrape\02_kicad_python_api,.md,
knowledge_scrape\02_kicad_python_api\url_000010--dev-docs.kicad.org-en-addons-index.html.md,md,20872,02_kicad_python_api,knowledge_scrape\02_kicad_python_api,.md,url_000010
knowledge_scrape\02_kicad_python_api\url_000011--dev-docs.kicad.org-en-apis-and-binding-index.html.md,md,2526,02_kicad_python_api,knowledge_scrape\02_kicad_python_api,.md,url_000011
knowledge_scrape\02_kicad_python_api\url_000012--dev-docs.kicad.org-en-apis-and-binding-ipc-api-for-addon-developers-index.html.md,md,10035,02_kicad_python_api,knowledge_scrape\02_kicad_python_api,.md,url_000012
knowledge_scrape\02_kicad_python_api\url_000013--dev-docs.kicad.org-en-apis-and-binding-ipc-api-for-kicad-developers-index.html.md,md,14329,02_kicad_python_api,knowledge_scrape\02_kicad_python_api,.md,url_000013
knowledge_scrape\02_kicad_python_api\url_000014--dev-docs.kicad.org-en-apis-and-binding-ipc-api-index.html.md,md,4520,02_kicad_python_api,knowledge_scrape\02_kicad_python_api,.md,url_000014
knowledge_scrape\02_kicad_python_api\url_000015--dev-docs.kicad.org-en-apis-and-binding-pcbnew-index.html.md,md,9580,02_kicad_python_api,knowledge_scrape\02_kicad_python_api,.md,url_000015
knowledge_scrape\02_kicad_python_api\url_000017--dev-docs.kicad.org-en-file-formats-sexpr-footprint-index.html.md,md,6862,02_kicad_python_api,knowledge_scrape\02_kicad_python_api,.md,url_000017
knowledge_scrape\02_kicad_python_api\url_000950--docs.kicad.org-doxygen-python-9.0.md,md,1119,02_kicad_python_api,knowledge_scrape\02_kicad_python_api,.md,url_000950
knowledge_scrape\02_kicad_python_api\url_000951--docs.kicad.org-doxygen-python-9.0-classpcbnew_1_1BOARD.html.md,md,73483,02_kicad_python_api,knowledge_scrape\02_kicad_python_api,.md,url_000951
knowledge_scrape\02_kicad_python_api\url_000952--docs.kicad.org-doxygen-python-9.0-classpcbnew_1_1BOARD__DESIGN__SETTINGS.html.md,md,41291,02_kicad_python_api,knowledge_scrape\02_kicad_python_api,.md,url_000952
knowledge_scrape\02_kicad_python_api\url_000953--docs.kicad.org-doxygen-python-9.0-classpcbnew_1_1EDA__ANGLE.html.md,md,12380,02_kicad_python_api,knowledge_scrape\02_kicad_python_api,.md,url_000953
knowledge_scrape\02_kicad_python_api\url_000954--docs.kicad.org-doxygen-python-9.0-classpcbnew_1_1FOOTPRINT.html.md,md,76745,02_kicad_python_api,knowledge_scrape\02_kicad_python_api,.md,url_000954
knowledge_scrape\02_kicad_python_api\url_000955--docs.kicad.org-doxygen-python-9.0-classpcbnew_1_1NETINFO__ITEM.html.md,md,10617,02_kicad_python_api,knowledge_scrape\02_kicad_python_api,.md,url_000955
knowledge_scrape\02_kicad_python_api\url_000956--docs.kicad.org-doxygen-python-9.0-classpcbnew_1_1PAD.html.md,md,64998,02_kicad_python_api,knowledge_scrape\02_kicad_python_api,.md,url_000956
knowledge_scrape\02_kicad_python_api\url_000957--docs.kicad.org-doxygen-python-9.0-classpcbnew_1_1PCB__GROUP.html.md,md,11816,02_kicad_python_api,knowledge_scrape\02_kicad_python_api,.md,url_000957
knowledge_scrape\02_kicad_python_api\url_000958--docs.kicad.org-doxygen-python-9.0-classpcbnew_1_1PCB__SHAPE.html.md,md,14376,02_kicad_python_api,knowledge_scrape\02_kicad_python_api,.md,url_000958
knowledge_scrape\02_kicad_python_api\url_000959--docs.kicad.org-doxygen-python-9.0-classpcbnew_1_1PCB__TRACK.html.md,md,20126,02_kicad_python_api,knowledge_scrape\02_kicad_python_api,.md,url_000959
knowledge_scrape\02_kicad_python_api\url_000960--docs.kicad.org-doxygen-python-9.0-classpcbnew_1_1PCB__VIA.html.md,md,26447,02_kicad_python_api,knowledge_scrape\02_kicad_python_api,.md,url_000960
knowledge_scrape\02_kicad_python_api\url_000961--docs.kicad.org-doxygen-python-9.0-classpcbnew_1_1VECTOR2I.html.md,md,15779,02_kicad_python_api,knowledge_scrape\02_kicad_python_api,.md,url_000961
knowledge_scrape\02_kicad_python_api\url_000962--docs.kicad.org-doxygen-python-9.0-classpcbnew_1_1ZONE.html.md,md,60047,02_kicad_python_api,knowledge_scrape\02_kicad_python_api,.md,url_000962
knowledge_scrape\02_kicad_python_api\url_000963--docs.kicad.org-kicad-python-main-kicad.html.md,md,32382,02_kicad_python_api,knowledge_scrape\02_kicad_python_api,.md,url_000963
knowledge_scrape\02_kicad_python_api\url_002902--github.com-atopile-kicad-python.md,md,105456,02_kicad_python_api,knowledge_scrape\02_kicad_python_api,.md,url_002902
knowledge_scrape\02_kicad_python_api\url_002914--github.com-KiCad-kicad-source-mirror.md,md,10277,02_kicad_python_api,knowledge_scrape\02_kicad_python_api,.md,url_002914
knowledge_scrape\02_kicad_python_api\url_002915--github.com-KiCad-kicad-source-mirror-tree-master-pcbnew.md,md,2161,02_kicad_python_api,knowledge_scrape\02_kicad_python_api,.md,url_002915
knowledge_scrape\02_kicad_python_api\url_002916--github.com-KiCad-kicad-source-mirror-tree-master-pcbnew-python.md,md,2318,02_kicad_python_api,knowledge_scrape\02_kicad_python_api,.md,url_002916
knowledge_scrape\02_kicad_python_api\url_002920--gitlab.com-kicad-code-kicad.md,md,4616,02_kicad_python_api,knowledge_scrape\02_kicad_python_api,.md,url_002920
knowledge_scrape\02_kicad_python_api\url_002924--gitlab.com-kicad-code-kicad-issues.md,md,874,02_kicad_python_api,knowledge_scrape\02_kicad_python_api,.md,url_002924
knowledge_scrape\02_kicad_python_api\url_002925--gitlab.com-kicad-code-kicad-tree-master-pcbnew.md,md,965,02_kicad_python_api,knowledge_scrape\02_kicad_python_api,.md,url_002925
knowledge_scrape\02_kicad_python_api\url_002926--gitlab.com-kicad-code-kicad-tree-master-pcbnew-swig.md,md,1042,02_kicad_python_api,knowledge_scrape\02_kicad_python_api,.md,url_002926
knowledge_scrape\02_kicad_python_api\url_002927--gitlab.com-kicad-code-kicad-tree-master-qa.md,md,949,02_kicad_python_api,knowledge_scrape\02_kicad_python_api,.md,url_002927
knowledge_scrape\02_kicad_python_api\url_002928--gitlab.com-kicad-code-kicad-tree-master-tools.md,md,961,02_kicad_python_api,knowledge_scrape\02_kicad_python_api,.md,url_002928
knowledge_scrape\02_kicad_python_api\url_002929--gitlab.com-kicad-code-kicad-python-blob-main-README.md.md,md,997,02_kicad_python_api,knowledge_scrape\02_kicad_python_api,.md,url_002929
knowledge_scrape\02_kicad_python_api\url_002930--gitlab.com-kicad-code-kicad-python-issues.md,md,871,02_kicad_python_api,knowledge_scrape\02_kicad_python_api,.md,url_002930
knowledge_scrape\02_kicad_python_api\url_002931--gitlab.com-kicad-code-kicad-python-tree-main.md,md,913,02_kicad_python_api,knowledge_scrape\02_kicad_python_api,.md,url_002931
knowledge_scrape\03_kicad_file_formats\.gitkeep,no_extension,14,03_kicad_file_formats,knowledge_scrape\03_kicad_file_formats,,
knowledge_scrape\03_kicad_file_formats\_CATEGORY_INDEX.md,md,554,03_kicad_file_formats,knowledge_scrape\03_kicad_file_formats,.md,
knowledge_scrape\03_kicad_file_formats\url_000018--dev-docs.kicad.org-en-file-formats-sexpr-intro-index.html.md,md,50327,03_kicad_file_formats,knowledge_scrape\03_kicad_file_formats,.md,url_000018
knowledge_scrape\03_kicad_file_formats\url_000019--dev-docs.kicad.org-en-file-formats-sexpr-pcb-index.html.md,md,15779,03_kicad_file_formats,knowledge_scrape\03_kicad_file_formats,.md,url_000019
knowledge_scrape\03_kicad_file_formats\url_000020--dev-docs.kicad.org-en-file-formats-sexpr-schematic-index.html.md,md,21308,03_kicad_file_formats,knowledge_scrape\03_kicad_file_formats,.md,url_000020
knowledge_scrape\03_kicad_file_formats\url_000718--docs.kicad.org-9.0-en-cli-cli.html.md,md,76906,03_kicad_file_formats,knowledge_scrape\03_kicad_file_formats,.md,url_000718
knowledge_scrape\04_kicad_libraries_symbols_footprints\.gitkeep,no_extension,14,04_kicad_libraries_symbols_footprints,knowledge_scrape\04_kicad_libraries_symbols_footprints,,
knowledge_scrape\04_kicad_libraries_symbols_footprints\_CATEGORY_INDEX.md,md,6992,04_kicad_libraries_symbols_footprints,knowledge_scrape\04_kicad_libraries_symbols_footprints,.md,
knowledge_scrape\04_kicad_libraries_symbols_footprints\url_002917--gitlab.com-api-v4-projects-kicad-2Flibraries-2Fkicad-footprints-repository-tree.md,md,3873,04_kicad_libraries_symbols_footprints,knowledge_scrape\04_kicad_libraries_symbols_footprints,.md,url_002917
knowledge_scrape\04_kicad_libraries_symbols_footprints\url_002918--gitlab.com-api-v4-projects-kicad-2Flibraries-2Fkicad-packages3D-repository-tree.md,md,3893,04_kicad_libraries_symbols_footprints,knowledge_scrape\04_kicad_libraries_symbols_footprints,.md,url_002918
knowledge_scrape\04_kicad_libraries_symbols_footprints\url_002919--gitlab.com-api-v4-projects-kicad-2Flibraries-2Fkicad-symbols-repository-tree.md,md,4003,04_kicad_libraries_symbols_footprints,knowledge_scrape\04_kicad_libraries_symbols_footprints,.md,url_002919
knowledge_scrape\04_kicad_libraries_symbols_footprints\url_002932--gitlab.com-kicad-libraries.md,md,1291,04_kicad_libraries_symbols_footprints,knowledge_scrape\04_kicad_libraries_symbols_footprints,.md,url_002932
knowledge_scrape\04_kicad_libraries_symbols_footprints\url_002933--gitlab.com-kicad-libraries-kicad-footprints.md,md,2052,04_kicad_libraries_symbols_footprints,knowledge_scrape\04_kicad_libraries_symbols_footprints,.md,url_002933
knowledge_scrape\04_kicad_libraries_symbols_footprints\url_002934--gitlab.com-kicad-libraries-kicad-footprints-tree-master-Battery-Battery_SMD_1.md,md,1172,04_kicad_libraries_symbols_footprints,knowledge_scrape\04_kicad_libraries_symbols_footprints,.md,url_002934
knowledge_scrape\04_kicad_libraries_symbols_footprints\url_002935--gitlab.com-kicad-libraries-kicad-footprints-tree-master-Battery-Battery_SMD_10.md,md,1177,04_kicad_libraries_symbols_footprints,knowledge_scrape\04_kicad_libraries_symbols_footprints,.md,url_002935
knowledge_scrape\04_kicad_libraries_symbols_footprints\url_002936--gitlab.com-kicad-libraries-kicad-footprints-tree-master-Battery-Battery_SMD_11.md,md,1177,04_kicad_libraries_symbols_footprints,knowledge_scrape\04_kicad_libraries_symbols_footprints,.md,url_002936
knowledge_scrape\04_kicad_libraries_symbols_footprints\url_002937--gitlab.com-kicad-libraries-kicad-footprints-tree-master-Battery-Battery_SMD_12.md,md,1177,04_kicad_libraries_symbols_footprints,knowledge_scrape\04_kicad_libraries_symbols_footprints,.md,url_002937
knowledge_scrape\04_kicad_libraries_symbols_footprints\url_002938--gitlab.com-kicad-libraries-kicad-footprints-tree-master-Battery-Battery_SMD_2.md,md,1172,04_kicad_libraries_symbols_footprints,knowledge_scrape\04_kicad_libraries_symbols_footprints,.md,url_002938
knowledge_scrape\04_kicad_libraries_symbols_footprints\url_002939--gitlab.com-kicad-libraries-kicad-footprints-tree-master-Battery-Battery_SMD_3.md,md,1172,04_kicad_libraries_symbols_footprints,knowledge_scrape\04_kicad_libraries_symbols_footprints,.md,url_002939
knowledge_scrape\04_kicad_libraries_symbols_footprints\url_002940--gitlab.com-kicad-libraries-kicad-footprints-tree-master-Battery-Battery_SMD_4.md,md,1172,04_kicad_libraries_symbols_footprints,knowledge_scrape\04_kicad_libraries_symbols_footprints,.md,url_002940
knowledge_scrape\04_kicad_libraries_symbols_footprints\url_002941--gitlab.com-kicad-libraries-kicad-footprints-tree-master-Battery-Battery_SMD_5.md,md,1172,04_kicad_libraries_symbols_footprints,knowledge_scrape\04_kicad_libraries_symbols_footprints,.md,url_002941
knowledge_scrape\04_kicad_libraries_symbols_footprints\url_002942--gitlab.com-kicad-libraries-kicad-footprints-tree-master-Battery-Battery_SMD_6.md,md,1172,04_kicad_libraries_symbols_footprints,knowledge_scrape\04_kicad_libraries_symbols_footprints,.md,url_002942
knowledge_scrape\04_kicad_libraries_symbols_footprints\url_002943--gitlab.com-kicad-libraries-kicad-footprints-tree-master-Battery-Battery_SMD_7.md,md,1172,04_kicad_libraries_symbols_footprints,knowledge_scrape\04_kicad_libraries_symbols_footprints,.md,url_002943
knowledge_scrape\04_kicad_libraries_symbols_footprints\url_002944--gitlab.com-kicad-libraries-kicad-footprints-tree-master-Battery-Battery_SMD_8.md,md,1172,04_kicad_libraries_symbols_footprints,knowledge_scrape\04_kicad_libraries_symbols_footprints,.md,url_002944
knowledge_scrape\04_kicad_libraries_symbols_footprints\url_002945--gitlab.com-kicad-libraries-kicad-footprints-tree-master-Battery-Battery_SMD_9.md,md,1172,04_kicad_libraries_symbols_footprints,knowledge_scrape\04_kicad_libraries_symbols_footprints,.md,url_002945
knowledge_scrape\04_kicad_libraries_symbols_footprints\url_002946--gitlab.com-kicad-libraries-kicad-footprints-tree-master-Capacitor-Capacitor_SMD_1.md,md,1192,04_kicad_libraries_symbols_footprints,knowledge_scrape\04_kicad_libraries_symbols_footprints,.md,url_002946
knowledge_scrape\04_kicad_libraries_symbols_footprints\url_002947--gitlab.com-kicad-libraries-kicad-footprints-tree-master-Capacitor-Capacitor_SMD_10.md,md,1197,04_kicad_libraries_symbols_footprints,knowledge_scrape\04_kicad_libraries_symbols_footprints,.md,url_002947
knowledge_scrape\04_kicad_libraries_symbols_footprints\url_002948--gitlab.com-kicad-libraries-kicad-footprints-tree-master-Capacitor-Capacitor_SMD_11.md,md,1197,04_kicad_libraries_symbols_footprints,knowledge_scrape\04_kicad_libraries_symbols_footprints,.md,url_002948
knowledge_scrape\04_kicad_libraries_symbols_footprints\url_002949--gitlab.com-kicad-libraries-kicad-footprints-tree-master-Capacitor-Capacitor_SMD_12.md,md,1197,04_kicad_libraries_symbols_footprints,knowledge_scrape\04_kicad_libraries_symbols_footprints,.md,url_002949
knowledge_scrape\04_kicad_libraries_symbols_footprints\url_002950--gitlab.com-kicad-libraries-kicad-footprints-tree-master-Capacitor-Capacitor_SMD_2.md,md,1192,04_kicad_libraries_symbols_footprints,knowledge_scrape\04_kicad_libraries_symbols_footprints,.md,url_002950
knowledge_scrape\04_kicad_libraries_symbols_footprints\url_002951--gitlab.com-kicad-libraries-kicad-footprints-tree-master-Capacitor-Capacitor_SMD_3.md,md,1192,04_kicad_libraries_symbols_footprints,knowledge_scrape\04_kicad_libraries_symbols_footprints,.md,url_002951
knowledge_scrape\04_kicad_libraries_symbols_footprints\url_002952--gitlab.com-kicad-libraries-kicad-footprints-tree-master-Capacitor-Capacitor_SMD_4.md,md,1192,04_kicad_libraries_symbols_footprints,knowledge_scrape\04_kicad_libraries_symbols_footprints,.md,url_002952
knowledge_scrape\04_kicad_libraries_symbols_footprints\url_002953--gitlab.com-kicad-libraries-kicad-footprints-tree-master-Capacitor-Capacitor_SMD_5.md,md,1192,04_kicad_libraries_symbols_footprints,knowledge_scrape\04_kicad_libraries_symbols_footprints,.md,url_002953
knowledge_scrape\04_kicad_libraries_symbols_footprints\url_002954--gitlab.com-kicad-libraries-kicad-footprints-tree-master-Capacitor-Capacitor_SMD_6.md,md,1192,04_kicad_libraries_symbols_footprints,knowledge_scrape\04_kicad_libraries_symbols_footprints,.md,url_002954
knowledge_scrape\04_kicad_libraries_symbols_footprints\url_002955--gitlab.com-kicad-libraries-kicad-footprints-tree-master-Capacitor-Capacitor_SMD_7.md,md,1192,04_kicad_libraries_symbols_footprints,knowledge_scrape\04_kicad_libraries_symbols_footprints,.md,url_002955
knowledge_scrape\04_kicad_libraries_symbols_footprints\url_002956--gitlab.com-kicad-libraries-kicad-footprints-tree-master-Capacitor-Capacitor_SMD_8.md,md,1192,04_kicad_libraries_symbols_footprints,knowledge_scrape\04_kicad_libraries_symbols_footprints,.md,url_002956
knowledge_scrape\04_kicad_libraries_symbols_footprints\url_002957--gitlab.com-kicad-libraries-kicad-footprints-tree-master-Capacitor-Capacitor_SMD_9.md,md,1192,04_kicad_libraries_symbols_footprints,knowledge_scrape\04_kicad_libraries_symbols_footprints,.md,url_002957
knowledge_scrape\04_kicad_libraries_symbols_footprints\url_002958--gitlab.com-kicad-libraries-kicad-footprints-tree-master-Connector-Connector_01x01.md,md,1192,04_kicad_libraries_symbols_footprints,knowledge_scrape\04_kicad_libraries_symbols_footprints,.md,url_002958
knowledge_scrape\04_kicad_libraries_symbols_footprints\url_002959--gitlab.com-kicad-libraries-kicad-footprints-tree-master-Connector-Connector_01x02.md,md,1192,04_kicad_libraries_symbols_footprints,knowledge_scrape\04_kicad_libraries_symbols_footprints,.md,url_002959
knowledge_scrape\04_kicad_libraries_symbols_footprints\url_002960--gitlab.com-kicad-libraries-kicad-footprints-tree-master-Connector-Connector_01x03.md,md,1192,04_kicad_libraries_symbols_footprints,knowledge_scrape\04_kicad_libraries_symbols_footprints,.md,url_002960
knowledge_scrape\04_kicad_libraries_symbols_footprints\url_002961--gitlab.com-kicad-libraries-kicad-footprints-tree-master-Connector-Connector_01x04.md,md,1192,04_kicad_libraries_symbols_footprints,knowledge_scrape\04_kicad_libraries_symbols_footprints,.md,url_002961
knowledge_scrape\04_kicad_libraries_symbols_footprints\url_002962--gitlab.com-kicad-libraries-kicad-footprints-tree-master-Connector-Connector_01x05.md,md,1192,04_kicad_libraries_symbols_footprints,knowledge_scrape\04_kicad_libraries_symbols_footprints,.md,url_002962
knowledge_scrape\04_kicad_libraries_symbols_footprints\url_002963--gitlab.com-kicad-libraries-kicad-footprints-tree-master-Connector-Connector_01x06.md,md,1192,04_kicad_libraries_symbols_footprints,knowledge_scrape\04_kicad_libraries_symbols_footprints,.md,url_002963
knowledge_scrape\04_kicad_libraries_symbols_footprints\url_002964--gitlab.com-kicad-libraries-kicad-footprints-tree-master-Connector-Connector_01x07.md,md,1192,04_kicad_libraries_symbols_footprints,knowledge_scrape\04_kicad_libraries_symbols_footprints,.md,url_002964
knowledge_scrape\04_kicad_libraries_symbols_footprints\url_002965--gitlab.com-kicad-libraries-kicad-footprints-tree-master-Connector-Connector_01x08.md,md,1192,04_kicad_libraries_symbols_footprints,knowledge_scrape\04_kicad_libraries_symbols_footprints,.md,url_002965
knowledge_scrape\04_kicad_libraries_symbols_footprints\url_002966--gitlab.com-kicad-libraries-kicad-footprints-tree-master-Connector-Connector_01x09.md,md,1192,04_kicad_libraries_symbols_footprints,knowledge_scrape\04_kicad_libraries_symbols_footprints,.md,url_002966
knowledge_scrape\04_kicad_libraries_symbols_footprints\url_002967--gitlab.com-kicad-libraries-kicad-footprints-tree-master-Connector-Connector_01x10.md,md,1192,04_kicad_libraries_symbols_footprints,knowledge_scrape\04_kicad_libraries_symbols_footprints,.md,url_002967
knowledge_scrape\04_kicad_libraries_symbols_footprints\url_002968--gitlab.com-kicad-libraries-kicad-footprints-tree-master-Connector-Connector_01x100.md,md,1197,04_kicad_libraries_symbols_footprints,knowledge_scrape\04_kicad_libraries_symbols_footprints,.md,url_002968
knowledge_scrape\04_kicad_libraries_symbols_footprints\url_002969--gitlab.com-kicad-libraries-kicad-footprints-tree-master-Connector-Connector_01x11.md,md,1192,04_kicad_libraries_symbols_footprints,knowledge_scrape\04_kicad_libraries_symbols_footprints,.md,url_002969
knowledge_scrape\04_kicad_libraries_symbols_footprints\url_002970--gitlab.com-kicad-libraries-kicad-footprints-tree-master-Connector-Connector_01x12.md,md,1192,04_kicad_libraries_symbols_footprints,knowledge_scrape\04_kicad_libraries_symbols_footprints,.md,url_002970
knowledge_scrape\04_kicad_libraries_symbols_footprints\url_002971--gitlab.com-kicad-libraries-kicad-footprints-tree-master-Connector-Connector_01x13.md,md,1192,04_kicad_libraries_symbols_footprints,knowledge_scrape\04_kicad_libraries_symbols_footprints,.md,url_002971
knowledge_scrape\04_kicad_libraries_symbols_footprints\url_002972--gitlab.com-kicad-libraries-kicad-footprints-tree-master-Connector-Connector_01x14.md,md,1192,04_kicad_libraries_symbols_footprints,knowledge_scrape\04_kicad_libraries_symbols_footprints,.md,url_002972
knowledge_scrape\04_kicad_libraries_symbols_footprints\url_002973--gitlab.com-kicad-libraries-kicad-footprints-tree-master-Connector-Connector_01x15.md,md,1192,04_kicad_libraries_symbols_footprints,knowledge_scrape\04_kicad_libraries_symbols_footprints,.md,url_002973
knowledge_scrape\04_kicad_libraries_symbols_footprints\url_002974--gitlab.com-kicad-libraries-kicad-footprints-tree-master-Connector-Connector_01x16.md,md,1192,04_kicad_libraries_symbols_footprints,knowledge_scrape\04_kicad_libraries_symbols_footprints,.md,url_002974
knowledge_scrape\04_kicad_libraries_symbols_footprints\url_002975--gitlab.com-kicad-libraries-kicad-footprints-tree-master-Connector-Connector_01x17.md,md,1192,04_kicad_libraries_symbols_footprints,knowledge_scrape\04_kicad_libraries_symbols_footprints,.md,url_002975
knowledge_scrape\04_kicad_libraries_symbols_footprints\url_002976--gitlab.com-kicad-libraries-kicad-footprints-tree-master-Connector-Connector_01x18.md,md,1192,04_kicad_libraries_symbols_footprints,knowledge_scrape\04_kicad_libraries_symbols_footprints,.md,url_002976
knowledge_scrape\04_kicad_libraries_symbols_footprints\url_002977--gitlab.com-kicad-libraries-kicad-footprints-tree-master-Connector-Connector_01x19.md,md,1192,04_kicad_libraries_symbols_footprints,knowledge_scrape\04_kicad_libraries_symbols_footprints,.md,url_002977
knowledge_scrape\04_kicad_libraries_symbols_footprints\url_002978--gitlab.com-kicad-libraries-kicad-footprints-tree-master-Connector-Connector_01x20.md,md,1192,04_kicad_libraries_symbols_footprints,knowledge_scrape\04_kicad_libraries_symbols_footprints,.md,url_002978
knowledge_scrape\04_kicad_libraries_symbols_footprints\url_002979--gitlab.com-kicad-libraries-kicad-footprints-tree-master-Connector-Connector_01x21.md,md,1192,04_kicad_libraries_symbols_footprints,knowledge_scrape\04_kicad_libraries_symbols_footprints,.md,url_002979
knowledge_scrape\04_kicad_libraries_symbols_footprints\url_002980--gitlab.com-kicad-libraries-kicad-footprints-tree-master-Connector-Connector_01x22.md,md,1192,04_kicad_libraries_symbols_footprints,knowledge_scrape\04_kicad_libraries_symbols_footprints,.md,url_002980
knowledge_scrape\04_kicad_libraries_symbols_footprints\url_002981--gitlab.com-kicad-libraries-kicad-footprints-tree-master-Connector-Connector_01x23.md,md,1192,04_kicad_libraries_symbols_footprints,knowledge_scrape\04_kicad_libraries_symbols_footprints,.md,url_002981
knowledge_scrape\04_kicad_libraries_symbols_footprints\url_002982--gitlab.com-kicad-libraries-kicad-footprints-tree-master-Connector-Connector_01x24.md,md,1192,04_kicad_libraries_symbols_footprints,knowledge_scrape\04_kicad_libraries_symbols_footprints,.md,url_002982
knowledge_scrape\04_kicad_libraries_symbols_footprints\url_002983--gitlab.com-kicad-libraries-kicad-footprints-tree-master-Connector-Connector_01x25.md,md,1192,04_kicad_libraries_symbols_footprints,knowledge_scrape\04_kicad_libraries_symbols_footprints,.md,url_002983
knowledge_scrape\04_kicad_libraries_symbols_footprints\url_002984--gitlab.com-kicad-libraries-kicad-footprints-tree-master-Connector-Connector_01x26.md,md,1192,04_kicad_libraries_symbols_footprints,knowledge_scrape\04_kicad_libraries_symbols_footprints,.md,url_002984
knowledge_scrape\04_kicad_libraries_symbols_footprints\url_002985--gitlab.com-kicad-libraries-kicad-footprints-tree-master-Connector-Connector_01x27.md,md,1192,04_kicad_libraries_symbols_footprints,knowledge_scrape\04_kicad_libraries_symbols_footprints,.md,url_002985
knowledge_scrape\04_kicad_libraries_symbols_footprints\url_002986--gitlab.com-kicad-libraries-kicad-footprints-tree-master-Connector-Connector_01x28.md,md,1192,04_kicad_libraries_symbols_footprints,knowledge_scrape\04_kicad_libraries_symbols_footprints,.md,url_002986
knowledge_scrape\04_kicad_libraries_symbols_footprints\url_002987--gitlab.com-kicad-libraries-kicad-footprints-tree-master-Connector-Connector_01x29.md,md,1192,04_kicad_libraries_symbols_footprints,knowledge_scrape\04_kicad_libraries_symbols_footprints,.md,url_002987
knowledge_scrape\04_kicad_libraries_symbols_footprints\url_002988--gitlab.com-kicad-libraries-kicad-footprints-tree-master-Connector-Connector_01x30.md,md,1192,04_kicad_libraries_symbols_footprints,knowledge_scrape\04_kicad_libraries_symbols_footprints,.md,url_002988
knowledge_scrape\04_kicad_libraries_symbols_footprints\url_002989--gitlab.com-kicad-libraries-kicad-footprints-tree-master-Connector-Connector_01x31.md,md,1192,04_kicad_libraries_symbols_footprints,knowledge_scrape\04_kicad_libraries_symbols_footprints,.md,url_002989
knowledge_scrape\04_kicad_libraries_symbols_footprints\url_002990--gitlab.com-kicad-libraries-kicad-footprints-tree-master-Connector-Connector_01x32.md,md,1192,04_kicad_libraries_symbols_footprints,knowledge_scrape\04_kicad_libraries_symbols_footprints,.md,url_002990
knowledge_scrape\04_kicad_libraries_symbols_footprints\url_002991--gitlab.com-kicad-libraries-kicad-footprints-tree-master-Connector-Connector_01x33.md,md,1192,04_kicad_libraries_symbols_footprints,knowledge_scrape\04_kicad_libraries_symbols_footprints,.md,url_002991
knowledge_scrape\04_kicad_libraries_symbols_footprints\url_002992--gitlab.com-kicad-libraries-kicad-footprints-tree-master-Connector-Connector_01x34.md,md,1192,04_kicad_libraries_symbols_footprints,knowledge_scrape\04_kicad_libraries_symbols_footprints,.md,url_002992
knowledge_scrape\04_kicad_libraries_symbols_footprints\url_002993--gitlab.com-kicad-libraries-kicad-footprints-tree-master-Connector-Connector_01x35.md,md,1192,04_kicad_libraries_symbols_footprints,knowledge_scrape\04_kicad_libraries_symbols_footprints,.md,url_002993
knowledge_scrape\04_kicad_libraries_symbols_footprints\url_002994--gitlab.com-kicad-libraries-kicad-footprints-tree-master-Connector-Connector_01x36.md,md,1192,04_kicad_libraries_symbols_footprints,knowledge_scrape\04_kicad_libraries_symbols_footprints,.md,url_002994
knowledge_scrape\04_kicad_libraries_symbols_footprints\url_002995--gitlab.com-kicad-libraries-kicad-footprints-tree-master-Connector-Connector_01x37.md,md,1192,04_kicad_libraries_symbols_footprints,knowledge_scrape\04_kicad_libraries_symbols_footprints,.md,url_002995
knowledge_scrape\04_kicad_libraries_symbols_footprints\url_002996--gitlab.com-kicad-libraries-kicad-footprints-tree-master-Connector-Connector_01x38.md,md,1192,04_kicad_libraries_symbols_footprints,knowledge_scrape\04_kicad_libraries_symbols_footprints,.md,url_002996
knowledge_scrape\04_kicad_libraries_symbols_footprints\url_002997--gitlab.com-kicad-libraries-kicad-footprints-tree-master-Connector-Connector_01x39.md,md,1192,04_kicad_libraries_symbols_footprints,knowledge_scrape\04_kicad_libraries_symbols_footprints,.md,url_002997
knowledge_scrape\04_kicad_libraries_symbols_footprints\url_002998--gitlab.com-kicad-libraries-kicad-footprints-tree-master-Connector-Connector_01x40.md,md,1192,04_kicad_libraries_symbols_footprints,knowledge_scrape\04_kicad_libraries_symbols_footprints,.md,url_002998
knowledge_scrape\04_kicad_libraries_symbols_footprints\url_002999--gitlab.com-kicad-libraries-kicad-footprints-tree-master-Connector-Connector_01x41.md,md,1192,04_kicad_libraries_symbols_footprints,knowledge_scrape\04_kicad_libraries_symbols_footprints,.md,url_002999
knowledge_scrape\04_kicad_libraries_symbols_footprints\url_003000--gitlab.com-kicad-libraries-kicad-footprints-tree-master-Connector-Connector_01x42.md,md,1192,04_kicad_libraries_symbols_footprints,knowledge_scrape\04_kicad_libraries_symbols_footprints,.md,url_003000
knowledge_scrape\04_kicad_libraries_symbols_footprints\url_003001--gitlab.com-kicad-libraries-kicad-footprints-tree-master-Connector-Connector_01x43.md,md,1192,04_kicad_libraries_symbols_footprints,knowledge_scrape\04_kicad_libraries_symbols_footprints,.md,url_003001
knowledge_scrape\04_kicad_libraries_symbols_footprints\url_003002--gitlab.com-kicad-libraries-kicad-footprints-tree-master-Connector-Connector_01x44.md,md,1192,04_kicad_libraries_symbols_footprints,knowledge_scrape\04_kicad_libraries_symbols_footprints,.md,url_003002
knowledge_scrape\04_kicad_libraries_symbols_footprints\url_003003--gitlab.com-kicad-libraries-kicad-footprints-tree-master-Connector-Connector_01x45.md,md,1192,04_kicad_libraries_symbols_footprints,knowledge_scrape\04_kicad_libraries_symbols_footprints,.md,url_003003
knowledge_scrape\04_kicad_libraries_symbols_footprints\url_003004--gitlab.com-kicad-libraries-kicad-footprints-tree-master-Connector-Connector_01x46.md,md,1192,04_kicad_libraries_symbols_footprints,knowledge_scrape\04_kicad_libraries_symbols_footprints,.md,url_003004
knowledge_scrape\04_kicad_libraries_symbols_footprints\url_003005--gitlab.com-kicad-libraries-kicad-footprints-tree-master-Connector-Connector_01x47.md,md,1192,04_kicad_libraries_symbols_footprints,knowledge_scrape\04_kicad_libraries_symbols_footprints,.md,url_003005
knowledge_scrape\04_kicad_libraries_symbols_footprints\url_003006--gitlab.com-kicad-libraries-kicad-footprints-tree-master-Connector-Connector_01x48.md,md,1192,04_kicad_libraries_symbols_footprints,knowledge_scrape\04_kicad_libraries_symbols_footprints,.md,url_003006
knowledge_scrape\04_kicad_libraries_symbols_footprints\url_003007--gitlab.com-kicad-libraries-kicad-footprints-tree-master-Connector-Connector_01x49.md,md,1192,04_kicad_libraries_symbols_footprints,knowledge_scrape\04_kicad_libraries_symbols_footprints,.md,url_003007
knowledge_scrape\04_kicad_libraries_symbols_footprints\url_003008--gitlab.com-kicad-libraries-kicad-footprints-tree-master-Connector-Connector_01x50.md,md,1192,04_kicad_libraries_symbols_footprints,knowledge_scrape\04_kicad_libraries_symbols_footprints,.md,url_003008
knowledge_scrape\04_kicad_libraries_symbols_footprints\url_003009--gitlab.com-kicad-libraries-kicad-footprints-tree-master-Connector-Connector_01x51.md,md,1192,04_kicad_libraries_symbols_footprints,knowledge_scrape\04_kicad_libraries_symbols_footprints,.md,url_003009
knowledge_scrape\04_kicad_libraries_symbols_footprints\url_003010--gitlab.com-kicad-libraries-kicad-footprints-tree-master-Connector-Connector_01x52.md,md,1192,04_kicad_libraries_symbols_footprints,knowledge_scrape\04_kicad_libraries_symbols_footprints,.md,url_003010
knowledge_scrape\04_kicad_libraries_symbols_footprints\url_003011--gitlab.com-kicad-libraries-kicad-footprints-tree-master-Connector-Connector_01x53.md,md,1192,04_kicad_libraries_symbols_footprints,knowledge_scrape\04_kicad_libraries_symbols_footprints,.md,url_003011
knowledge_scrape\04_kicad_libraries_symbols_footprints\url_003012--gitlab.com-kicad-libraries-kicad-footprints-tree-master-Connector-Connector_01x54.md,md,1192,04_kicad_libraries_symbols_footprints,knowledge_scrape\04_kicad_libraries_symbols_footprints,.md,url_003012
knowledge_scrape\04_kicad_libraries_symbols_footprints\url_003013--gitlab.com-kicad-libraries-kicad-footprints-tree-master-Connector-Connector_01x55.md,md,1192,04_kicad_libraries_symbols_footprints,knowledge_scrape\04_kicad_libraries_symbols_footprints,.md,url_003013
knowledge_scrape\04_kicad_libraries_symbols_footprints\url_003014--gitlab.com-kicad-libraries-kicad-footprints-tree-master-Connector-Connector_01x56.md,md,1192,04_kicad_libraries_symbols_footprints,knowledge_scrape\04_kicad_libraries_symbols_footprints,.md,url_003014
knowledge_scrape\04_kicad_libraries_symbols_footprints\url_003015--gitlab.com-kicad-libraries-kicad-footprints-tree-master-Connector-Connector_01x57.md,md,1192,04_kicad_libraries_symbols_footprints,knowledge_scrape\04_kicad_libraries_symbols_footprints,.md,url_003015
knowledge_scrape\04_kicad_libraries_symbols_footprints\url_003016--gitlab.com-kicad-libraries-kicad-footprints-tree-master-Connector-Connector_01x58.md,md,1192,04_kicad_libraries_symbols_footprints,knowledge_scrape\04_kicad_libraries_symbols_footprints,.md,url_003016
knowledge_scrape\04_kicad_libraries_symbols_footprints\url_003017--gitlab.com-kicad-libraries-kicad-footprints-tree-master-Connector-Connector_01x59.md,md,1192,04_kicad_libraries_symbols_footprints,knowledge_scrape\04_kicad_libraries_symbols_footprints,.md,url_003017
knowledge_scrape\04_kicad_libraries_symbols_footprints\url_003018--gitlab.com-kicad-libraries-kicad-footprints-tree-master-Connector-Connector_01x60.md,md,1192,04_kicad_libraries_symbols_footprints,knowledge_scrape\04_kicad_libraries_symbols_footprints,.md,url_003018
knowledge_scrape\04_kicad_libraries_symbols_footprints\url_003019--gitlab.com-kicad-libraries-kicad-footprints-tree-master-Connector-Connector_01x61.md,md,1192,04_kicad_libraries_symbols_footprints,knowledge_scrape\04_kicad_libraries_symbols_footprints,.md,url_003019
knowledge_scrape\04_kicad_libraries_symbols_footprints\url_003020--gitlab.com-kicad-libraries-kicad-footprints-tree-master-Connector-Connector_01x62.md,md,1192,04_kicad_libraries_symbols_footprints,knowledge_scrape\04_kicad_libraries_symbols_footprints,.md,url_003020
knowledge_scrape\04_kicad_libraries_symbols_footprints\url_003021--gitlab.com-kicad-libraries-kicad-footprints-tree-master-Connector-Connector_01x63.md,md,1192,04_kicad_libraries_symbols_footprints,knowledge_scrape\04_kicad_libraries_symbols_footprints,.md,url_003021
knowledge_scrape\04_kicad_libraries_symbols_footprints\url_003022--gitlab.com-kicad-libraries-kicad-footprints-tree-master-Connector-Connector_01x64.md,md,1192,04_kicad_libraries_symbols_footprints,knowledge_scrape\04_kicad_libraries_symbols_footprints,.md,url_003022
knowledge_scrape\04_kicad_libraries_symbols_footprints\url_003023--gitlab.com-kicad-libraries-kicad-footprints-tree-master-Connector-Connector_01x65.md,md,1192,04_kicad_libraries_symbols_footprints,knowledge_scrape\04_kicad_libraries_symbols_footprints,.md,url_003023
knowledge_scrape\04_kicad_libraries_symbols_footprints\url_003024--gitlab.com-kicad-libraries-kicad-footprints-tree-master-Connector-Connector_01x66.md,md,1192,04_kicad_libraries_symbols_footprints,knowledge_scrape\04_kicad_libraries_symbols_footprints,.md,url_003024
knowledge_scrape\04_kicad_libraries_symbols_footprints\url_003025--gitlab.com-kicad-libraries-kicad-footprints-tree-master-Connector-Connector_01x67.md,md,1192,04_kicad_libraries_symbols_footprints,knowledge_scrape\04_kicad_libraries_symbols_footprints,.md,url_003025
knowledge_scrape\04_kicad_libraries_symbols_footprints\url_003026--gitlab.com-kicad-libraries-kicad-footprints-tree-master-Connector-Connector_01x68.md,md,1192,04_kicad_libraries_symbols_footprints,knowledge_scrape\04_kicad_libraries_symbols_footprints,.md,url_003026
knowledge_scrape\04_kicad_libraries_symbols_footprints\url_003027--gitlab.com-kicad-libraries-kicad-footprints-tree-master-Connector-Connector_01x69.md,md,1192,04_kicad_libraries_symbols_footprints,knowledge_scrape\04_kicad_libraries_symbols_footprints,.md,url_003027
knowledge_scrape\04_kicad_libraries_symbols_footprints\url_003028--gitlab.com-kicad-libraries-kicad-footprints-tree-master-Connector-Connector_01x70.md,md,1192,04_kicad_libraries_symbols_footprints,knowledge_scrape\04_kicad_libraries_symbols_footprints,.md,url_003028
knowledge_scrape\04_kicad_libraries_symbols_footprints\url_003029--gitlab.com-kicad-libraries-kicad-footprints-tree-master-Connector-Connector_01x71.md,md,1192,04_kicad_libraries_symbols_footprints,knowledge_scrape\04_kicad_libraries_symbols_footprints,.md,url_003029
knowledge_scrape\04_kicad_libraries_symbols_footprints\url_003030--gitlab.com-kicad-libraries-kicad-footprints-tree-master-Connector-Connector_01x72.md,md,1192,04_kicad_libraries_symbols_footprints,knowledge_scrape\04_kicad_libraries_symbols_footprints,.md,url_003030
knowledge_scrape\04_kicad_libraries_symbols_footprints\url_003031--gitlab.com-kicad-libraries-kicad-footprints-tree-master-Connector-Connector_01x73.md,md,1192,04_kicad_libraries_symbols_footprints,knowledge_scrape\04_kicad_libraries_symbols_footprints,.md,url_003031
knowledge_scrape\04_kicad_libraries_symbols_footprints\url_003032--gitlab.com-kicad-libraries-kicad-footprints-tree-master-Connector-Connector_01x74.md,md,1192,04_kicad_libraries_symbols_footprints,knowledge_scrape\04_kicad_libraries_symbols_footprints,.md,url_003032
knowledge_scrape\04_kicad_libraries_symbols_footprints\url_003033--gitlab.com-kicad-libraries-kicad-footprints-tree-master-Connector-Connector_01x75.md,md,1192,04_kicad_libraries_symbols_footprints,knowledge_scrape\04_kicad_libraries_symbols_footprints,.md,url_003033
knowledge_scrape\04_kicad_libraries_symbols_footprints\url_003034--gitlab.com-kicad-libraries-kicad-footprints-tree-master-Connector-Connector_01x76.md,md,1192,04_kicad_libraries_symbols_footprints,knowledge_scrape\04_kicad_libraries_symbols_footprints,.md,url_003034
knowledge_scrape\04_kicad_libraries_symbols_footprints\url_003035--gitlab.com-kicad-libraries-kicad-footprints-tree-master-Connector-Connector_01x77.md,md,1192,04_kicad_libraries_symbols_footprints,knowledge_scrape\04_kicad_libraries_symbols_footprints,.md,url_003035
knowledge_scrape\04_kicad_libraries_symbols_footprints\url_003036--gitlab.com-kicad-libraries-kicad-footprints-tree-master-Connector-Connector_01x78.md,md,1192,04_kicad_libraries_symbols_footprints,knowledge_scrape\04_kicad_libraries_symbols_footprints,.md,url_003036
knowledge_scrape\04_kicad_libraries_symbols_footprints\url_003037--gitlab.com-kicad-libraries-kicad-footprints-tree-master-Connector-Connector_01x79.md,md,1192,04_kicad_libraries_symbols_footprints,knowledge_scrape\04_kicad_libraries_symbols_footprints,.md,url_003037
knowledge_scrape\04_kicad_libraries_symbols_footprints\url_003038--gitlab.com-kicad-libraries-kicad-footprints-tree-master-Connector-Connector_01x80.md,md,1192,04_kicad_libraries_symbols_footprints,knowledge_scrape\04_kicad_libraries_symbols_footprints,.md,url_003038
knowledge_scrape\04_kicad_libraries_symbols_footprints\url_003039--gitlab.com-kicad-libraries-kicad-footprints-tree-master-Connector-Connector_01x81.md,md,1192,04_kicad_libraries_symbols_footprints,knowledge_scrape\04_kicad_libraries_symbols_footprints,.md,url_003039
knowledge_scrape\04_kicad_libraries_symbols_footprints\url_003040--gitlab.com-kicad-libraries-kicad-footprints-tree-master-Connector-Connector_01x82.md,md,1192,04_kicad_libraries_symbols_footprints,knowledge_scrape\04_kicad_libraries_symbols_footprints,.md,url_003040
knowledge_scrape\04_kicad_libraries_symbols_footprints\url_003041--gitlab.com-kicad-libraries-kicad-footprints-tree-master-Connector-Connector_01x83.md,md,1192,04_kicad_libraries_symbols_footprints,knowledge_scrape\04_kicad_libraries_symbols_footprints,.md,url_003041
knowledge_scrape\04_kicad_libraries_symbols_footprints\url_003042--gitlab.com-kicad-libraries-kicad-footprints-tree-master-Connector-Connector_01x84.md,md,1192,04_kicad_libraries_symbols_footprints,knowledge_scrape\04_kicad_libraries_symbols_footprints,.md,url_003042
knowledge_scrape\04_kicad_libraries_symbols_footprints\url_003043--gitlab.com-kicad-libraries-kicad-footprints-tree-master-Connector-Connector_01x85.md,md,1192,04_kicad_libraries_symbols_footprints,knowledge_scrape\04_kicad_libraries_symbols_footprints,.md,url_003043
knowledge_scrape\04_kicad_libraries_symbols_footprints\url_003044--gitlab.com-kicad-libraries-kicad-footprints-tree-master-Connector-Connector_01x86.md,md,1192,04_kicad_libraries_symbols_footprints,knowledge_scrape\04_kicad_libraries_symbols_footprints,.md,url_003044
knowledge_scrape\04_kicad_libraries_symbols_footprints\url_003045--gitlab.com-kicad-libraries-kicad-footprints-tree-master-Connector-Connector_01x87.md,md,1192,04_kicad_libraries_symbols_footprints,knowledge_scrape\04_kicad_libraries_symbols_footprints,.md,url_003045
knowledge_scrape\04_kicad_libraries_symbols_footprints\url_003046--gitlab.com-kicad-libraries-kicad-footprints-tree-master-Connector-Connector_01x88.md,md,1192,04_kicad_libraries_symbols_footprints,knowledge_scrape\04_kicad_libraries_symbols_footprints,.md,url_003046
knowledge_scrape\04_kicad_libraries_symbols_footprints\url_003047--gitlab.com-kicad-libraries-kicad-footprints-tree-master-Connector-Connector_01x89.md,md,1192,04_kicad_libraries_symbols_footprints,knowledge_scrape\04_kicad_libraries_symbols_footprints,.md,url_003047
knowledge_scrape\04_kicad_libraries_symbols_footprints\url_003048--gitlab.com-kicad-libraries-kicad-footprints-tree-master-Connector-Connector_01x90.md,md,1192,04_kicad_libraries_symbols_footprints,knowledge_scrape\04_kicad_libraries_symbols_footprints,.md,url_003048
knowledge_scrape\04_kicad_libraries_symbols_footprints\url_003049--gitlab.com-kicad-libraries-kicad-footprints-tree-master-Connector-Connector_01x91.md,md,1192,04_kicad_libraries_symbols_footprints,knowledge_scrape\04_kicad_libraries_symbols_footprints,.md,url_003049
knowledge_scrape\04_kicad_libraries_symbols_footprints\url_003050--gitlab.com-kicad-libraries-kicad-footprints-tree-master-Connector-Connector_01x92.md,md,1192,04_kicad_libraries_symbols_footprints,knowledge_scrape\04_kicad_libraries_symbols_footprints,.md,url_003050
knowledge_scrape\04_kicad_libraries_symbols_footprints\url_003051--gitlab.com-kicad-libraries-kicad-footprints-tree-master-Connector-Connector_01x93.md,md,1192,04_kicad_libraries_symbols_footprints,knowledge_scrape\04_kicad_libraries_symbols_footprints,.md,url_003051
knowledge_scrape\04_kicad_libraries_symbols_footprints\url_003052--gitlab.com-kicad-libraries-kicad-footprints-tree-master-Connector-Connector_01x94.md,md,1192,04_kicad_libraries_symbols_footprints,knowledge_scrape\04_kicad_libraries_symbols_footprints,.md,url_003052
knowledge_scrape\04_kicad_libraries_symbols_footprints\url_003053--gitlab.com-kicad-libraries-kicad-footprints-tree-master-Connector-Connector_01x95.md,md,1192,04_kicad_libraries_symbols_footprints,knowledge_scrape\04_kicad_libraries_symbols_footprints,.md,url_003053
knowledge_scrape\04_kicad_libraries_symbols_footprints\url_003054--gitlab.com-kicad-libraries-kicad-footprints-tree-master-Connector-Connector_01x96.md,md,1192,04_kicad_libraries_symbols_footprints,knowledge_scrape\04_kicad_libraries_symbols_footprints,.md,url_003054
knowledge_scrape\04_kicad_libraries_symbols_footprints\url_003055--gitlab.com-kicad-libraries-kicad-footprints-tree-master-Connector-Connector_01x97.md,md,1192,04_kicad_libraries_symbols_footprints,knowledge_scrape\04_kicad_libraries_symbols_footprints,.md,url_003055
knowledge_scrape\04_kicad_libraries_symbols_footprints\url_003056--gitlab.com-kicad-libraries-kicad-footprints-tree-master-Connector-Connector_01x98.md,md,1192,04_kicad_libraries_symbols_footprints,knowledge_scrape\04_kicad_libraries_symbols_footprints,.md,url_003056
knowledge_scrape\04_kicad_libraries_symbols_footprints\url_003057--gitlab.com-kicad-libraries-kicad-footprints-tree-master-Connector-Connector_01x99.md,md,1192,04_kicad_libraries_symbols_footprints,knowledge_scrape\04_kicad_libraries_symbols_footprints,.md,url_003057
knowledge_scrape\04_kicad_libraries_symbols_footprints\url_003058--gitlab.com-kicad-libraries-kicad-footprints-tree-master-Connector_ETH-Connector_ETH_SMD_1.md,md,1232,04_kicad_libraries_symbols_footprints,knowledge_scrape\04_kicad_libraries_symbols_footprints,.md,url_003058
knowledge_scrape\04_kicad_libraries_symbols_footprints\url_003059--gitlab.com-kicad-libraries-kicad-footprints-tree-master-Connector_ETH-Connector_ETH_SMD_10.md,md,1237,04_kicad_libraries_symbols_footprints,knowledge_scrape\04_kicad_libraries_symbols_footprints,.md,url_003059
knowledge_scrape\04_kicad_libraries_symbols_footprints\url_003060--gitlab.com-kicad-libraries-kicad-footprints-tree-master-Connector_ETH-Connector_ETH_SMD_11.md,md,1237,04_kicad_libraries_symbols_footprints,knowledge_scrape\04_kicad_libraries_symbols_footprints,.md,url_003060
knowledge_scrape\04_kicad_libraries_symbols_footprints\url_003061--gitlab.com-kicad-libraries-kicad-footprints-tree-master-Connector_ETH-Connector_ETH_SMD_12.md,md,1237,04_kicad_libraries_symbols_footprints,knowledge_scrape\04_kicad_libraries_symbols_footprints,.md,url_003061
knowledge_scrape\04_kicad_libraries_symbols_footprints\url_003062--gitlab.com-kicad-libraries-kicad-footprints-tree-master-Connector_ETH-Connector_ETH_SMD_2.md,md,1232,04_kicad_libraries_symbols_footprints,knowledge_scrape\04_kicad_libraries_symbols_footprints,.md,url_003062
knowledge_scrape\04_kicad_libraries_symbols_footprints\url_003063--gitlab.com-kicad-libraries-kicad-footprints-tree-master-Connector_ETH-Connector_ETH_SMD_3.md,md,1232,04_kicad_libraries_symbols_footprints,knowledge_scrape\04_kicad_libraries_symbols_footprints,.md,url_003063
knowledge_scrape\04_kicad_libraries_symbols_footprints\url_003064--gitlab.com-kicad-libraries-kicad-footprints-tree-master-Connector_ETH-Connector_ETH_SMD_4.md,md,1232,04_kicad_libraries_symbols_footprints,knowledge_scrape\04_kicad_libraries_symbols_footprints,.md,url_003064
knowledge_scrape\04_kicad_libraries_symbols_footprints\url_003065--gitlab.com-kicad-libraries-kicad-footprints-tree-master-Connector_ETH-Connector_ETH_SMD_5.md,md,1232,04_kicad_libraries_symbols_footprints,knowledge_scrape\04_kicad_libraries_symbols_footprints,.md,url_003065
knowledge_scrape\04_kicad_libraries_symbols_footprints\url_003066--gitlab.com-kicad-libraries-kicad-footprints-tree-master-Connector_ETH-Connector_ETH_SMD_6.md,md,1232,04_kicad_libraries_symbols_footprints,knowledge_scrape\04_kicad_libraries_symbols_footprints,.md,url_003066
knowledge_scrape\04_kicad_libraries_symbols_footprints\url_003067--gitlab.com-kicad-libraries-kicad-footprints-tree-master-Connector_ETH-Connector_ETH_SMD_7.md,md,1232,04_kicad_libraries_symbols_footprints,knowledge_scrape\04_kicad_libraries_symbols_footprints,.md,url_003067
knowledge_scrape\04_kicad_libraries_symbols_footprints\url_003068--gitlab.com-kicad-libraries-kicad-footprints-tree-master-Connector_ETH-Connector_ETH_SMD_8.md,md,1232,04_kicad_libraries_symbols_footprints,knowledge_scrape\04_kicad_libraries_symbols_footprints,.md,url_003068
knowledge_scrape\04_kicad_libraries_symbols_footprints\url_003069--gitlab.com-kicad-libraries-kicad-footprints-tree-master-Connector_ETH-Connector_ETH_SMD_9.md,md,1232,04_kicad_libraries_symbols_footprints,knowledge_scrape\04_kicad_libraries_symbols_footprints,.md,url_003069
knowledge_scrape\04_kicad_libraries_symbols_footprints\url_003070--gitlab.com-kicad-libraries-kicad-footprints-tree-master-Connector_HDMI-Connector_HDMI_SMD_1.md,md,1242,04_kicad_libraries_symbols_footprints,knowledge_scrape\04_kicad_libraries_symbols_footprints,.md,url_003070
knowledge_scrape\04_kicad_libraries_symbols_footprints\url_003071--gitlab.com-kicad-libraries-kicad-footprints-tree-master-Connector_HDMI-Connector_HDMI_SMD_10.md,md,1247,04_kicad_libraries_symbols_footprints,knowledge_scrape\04_kicad_libraries_symbols_footprints,.md,url_003071
knowledge_scrape\04_kicad_libraries_symbols_footprints\url_003072--gitlab.com-kicad-libraries-kicad-footprints-tree-master-Connector_HDMI-Connector_HDMI_SMD_11.md,md,1247,04_kicad_libraries_symbols_footprints,knowledge_scrape\04_kicad_libraries_symbols_footprints,.md,url_003072
knowledge_scrape\04_kicad_libraries_symbols_footprints\url_003073--gitlab.com-kicad-libraries-kicad-footprints-tree-master-Connector_HDMI-Connector_HDMI_SMD_12.md,md,1247,04_kicad_libraries_symbols_footprints,knowledge_scrape\04_kicad_libraries_symbols_footprints,.md,url_003073
knowledge_scrape\04_kicad_libraries_symbols_footprints\url_003074--gitlab.com-kicad-libraries-kicad-footprints-tree-master-Connector_HDMI-Connector_HDMI_SMD_2.md,md,1242,04_kicad_libraries_symbols_footprints,knowledge_scrape\04_kicad_libraries_symbols_footprints,.md,url_003074
knowledge_scrape\04_kicad_libraries_symbols_footprints\url_003075--gitlab.com-kicad-libraries-kicad-footprints-tree-master-Connector_HDMI-Connector_HDMI_SMD_3.md,md,1242,04_kicad_libraries_symbols_footprints,knowledge_scrape\04_kicad_libraries_symbols_footprints,.md,url_003075
knowledge_scrape\04_kicad_libraries_symbols_footprints\url_003076--gitlab.com-kicad-libraries-kicad-footprints-tree-master-Connector_HDMI-Connector_HDMI_SMD_4.md,md,1242,04_kicad_libraries_symbols_footprints,knowledge_scrape\04_kicad_libraries_symbols_footprints,.md,url_003076
knowledge_scrape\04_kicad_libraries_symbols_footprints\url_003077--gitlab.com-kicad-libraries-kicad-footprints-tree-master-Connector_HDMI-Connector_HDMI_SMD_5.md,md,1242,04_kicad_libraries_symbols_footprints,knowledge_scrape\04_kicad_libraries_symbols_footprints,.md,url_003077
knowledge_scrape\04_kicad_libraries_symbols_footprints\url_003078--gitlab.com-kicad-libraries-kicad-footprints-tree-master-Connector_HDMI-Connector_HDMI_SMD_6.md,md,1242,04_kicad_libraries_symbols_footprints,knowledge_scrape\04_kicad_libraries_symbols_footprints,.md,url_003078
knowledge_scrape\04_kicad_libraries_symbols_footprints\url_003079--gitlab.com-kicad-libraries-kicad-footprints-tree-master-Connector_HDMI-Connector_HDMI_SMD_7.md,md,1242,04_kicad_libraries_symbols_footprints,knowledge_scrape\04_kicad_libraries_symbols_footprints,.md,url_003079
knowledge_scrape\04_kicad_libraries_symbols_footprints\url_003080--gitlab.com-kicad-libraries-kicad-footprints-tree-master-Connector_HDMI-Connector_HDMI_SMD_8.md,md,1242,04_kicad_libraries_symbols_footprints,knowledge_scrape\04_kicad_libraries_symbols_footprints,.md,url_003080
knowledge_scrape\04_kicad_libraries_symbols_footprints\url_003081--gitlab.com-kicad-libraries-kicad-footprints-tree-master-Connector_HDMI-Connector_HDMI_SMD_9.md,md,1242,04_kicad_libraries_symbols_footprints,knowledge_scrape\04_kicad_libraries_symbols_footprints,.md,url_003081
knowledge_scrape\04_kicad_libraries_symbols_footprints\url_003082--gitlab.com-kicad-libraries-kicad-footprints-tree-master-Connector_USB-Connector_USB_SMD_1.md,md,1232,04_kicad_libraries_symbols_footprints,knowledge_scrape\04_kicad_libraries_symbols_footprints,.md,url_003082
knowledge_scrape\04_kicad_libraries_symbols_footprints\url_003083--gitlab.com-kicad-libraries-kicad-footprints-tree-master-Connector_USB-Connector_USB_SMD_10.md,md,1237,04_kicad_libraries_symbols_footprints,knowledge_scrape\04_kicad_libraries_symbols_footprints,.md,url_003083
knowledge_scrape\04_kicad_libraries_symbols_footprints\url_003084--gitlab.com-kicad-libraries-kicad-footprints-tree-master-Connector_USB-Connector_USB_SMD_11.md,md,1237,04_kicad_libraries_symbols_footprints,knowledge_scrape\04_kicad_libraries_symbols_footprints,.md,url_003084
knowledge_scrape\04_kicad_libraries_symbols_footprints\url_003085--gitlab.com-kicad-libraries-kicad-footprints-tree-master-Connector_USB-Connector_USB_SMD_12.md,md,1237,04_kicad_libraries_symbols_footprints,knowledge_scrape\04_kicad_libraries_symbols_footprints,.md,url_003085
knowledge_scrape\04_kicad_libraries_symbols_footprints\url_003086--gitlab.com-kicad-libraries-kicad-footprints-tree-master-Connector_USB-Connector_USB_SMD_2.md,md,1232,04_kicad_libraries_symbols_footprints,knowledge_scrape\04_kicad_libraries_symbols_footprints,.md,url_003086
knowledge_scrape\04_kicad_libraries_symbols_footprints\url_003087--gitlab.com-kicad-libraries-kicad-footprints-tree-master-Connector_USB-Connector_USB_SMD_3.md,md,1232,04_kicad_libraries_symbols_footprints,knowledge_scrape\04_kicad_libraries_symbols_footprints,.md,url_003087
knowledge_scrape\04_kicad_libraries_symbols_footprints\url_003088--gitlab.com-kicad-libraries-kicad-footprints-tree-master-Connector_USB-Connector_USB_SMD_4.md,md,1232,04_kicad_libraries_symbols_footprints,knowledge_scrape\04_kicad_libraries_symbols_footprints,.md,url_003088
knowledge_scrape\04_kicad_libraries_symbols_footprints\url_003089--gitlab.com-kicad-libraries-kicad-footprints-tree-master-Connector_USB-Connector_USB_SMD_5.md,md,1232,04_kicad_libraries_symbols_footprints,knowledge_scrape\04_kicad_libraries_symbols_footprints,.md,url_003089
knowledge_scrape\04_kicad_libraries_symbols_footprints\url_003090--gitlab.com-kicad-libraries-kicad-footprints-tree-master-Connector_USB-Connector_USB_SMD_6.md,md,1232,04_kicad_libraries_symbols_footprints,knowledge_scrape\04_kicad_libraries_symbols_footprints,.md,url_003090
knowledge_scrape\04_kicad_libraries_symbols_footprints\url_003091--gitlab.com-kicad-libraries-kicad-footprints-tree-master-Connector_USB-Connector_USB_SMD_7.md,md,1232,04_kicad_libraries_symbols_footprints,knowledge_scrape\04_kicad_libraries_symbols_footprints,.md,url_003091
knowledge_scrape\04_kicad_libraries_symbols_footprints\url_003092--gitlab.com-kicad-libraries-kicad-footprints-tree-master-Connector_USB-Connector_USB_SMD_8.md,md,1232,04_kicad_libraries_symbols_footprints,knowledge_scrape\04_kicad_libraries_symbols_footprints,.md,url_003092
knowledge_scrape\04_kicad_libraries_symbols_footprints\url_003093--gitlab.com-kicad-libraries-kicad-footprints-tree-master-Connector_USB-Connector_USB_SMD_9.md,md,1232,04_kicad_libraries_symbols_footprints,knowledge_scrape\04_kicad_libraries_symbols_footprints,.md,url_003093
knowledge_scrape\04_kicad_libraries_symbols_footprints\url_003094--gitlab.com-kicad-libraries-kicad-footprints-tree-master-Crystal-Crystal_SMD_1.md,md,1172,04_kicad_libraries_symbols_footprints,knowledge_scrape\04_kicad_libraries_symbols_footprints,.md,url_003094
knowledge_scrape\04_kicad_libraries_symbols_footprints\url_003095--gitlab.com-kicad-libraries-kicad-footprints-tree-master-Crystal-Crystal_SMD_10.md,md,1177,04_kicad_libraries_symbols_footprints,knowledge_scrape\04_kicad_libraries_symbols_footprints,.md,url_003095
knowledge_scrape\04_kicad_libraries_symbols_footprints\url_003096--gitlab.com-kicad-libraries-kicad-footprints-tree-master-Crystal-Crystal_SMD_11.md,md,1177,04_kicad_libraries_symbols_footprints,knowledge_scrape\04_kicad_libraries_symbols_footprints,.md,url_003096
knowledge_scrape\04_kicad_libraries_symbols_footprints\url_003097--gitlab.com-kicad-libraries-kicad-footprints-tree-master-Crystal-Crystal_SMD_12.md,md,1177,04_kicad_libraries_symbols_footprints,knowledge_scrape\04_kicad_libraries_symbols_footprints,.md,url_003097
knowledge_scrape\04_kicad_libraries_symbols_footprints\url_003098--gitlab.com-kicad-libraries-kicad-footprints-tree-master-Crystal-Crystal_SMD_2.md,md,1172,04_kicad_libraries_symbols_footprints,knowledge_scrape\04_kicad_libraries_symbols_footprints,.md,url_003098
knowledge_scrape\04_kicad_libraries_symbols_footprints\url_003099--gitlab.com-kicad-libraries-kicad-footprints-tree-master-Crystal-Crystal_SMD_3.md,md,1172,04_kicad_libraries_symbols_footprints,knowledge_scrape\04_kicad_libraries_symbols_footprints,.md,url_003099
knowledge_scrape\04_kicad_libraries_symbols_footprints\url_003100--gitlab.com-kicad-libraries-kicad-footprints-tree-master-Crystal-Crystal_SMD_4.md,md,1172,04_kicad_libraries_symbols_footprints,knowledge_scrape\04_kicad_libraries_symbols_footprints,.md,url_003100
knowledge_scrape\04_kicad_libraries_symbols_footprints\url_003101--gitlab.com-kicad-libraries-kicad-footprints-tree-master-Crystal-Crystal_SMD_5.md,md,1172,04_kicad_libraries_symbols_footprints,knowledge_scrape\04_kicad_libraries_symbols_footprints,.md,url_003101
knowledge_scrape\04_kicad_libraries_symbols_footprints\url_003102--gitlab.com-kicad-libraries-kicad-footprints-tree-master-Crystal-Crystal_SMD_6.md,md,1172,04_kicad_libraries_symbols_footprints,knowledge_scrape\04_kicad_libraries_symbols_footprints,.md,url_003102
knowledge_scrape\04_kicad_libraries_symbols_footprints\url_003103--gitlab.com-kicad-libraries-kicad-footprints-tree-master-Crystal-Crystal_SMD_7.md,md,1172,04_kicad_libraries_symbols_footprints,knowledge_scrape\04_kicad_libraries_symbols_footprints,.md,url_003103
knowledge_scrape\04_kicad_libraries_symbols_footprints\url_003104--gitlab.com-kicad-libraries-kicad-footprints-tree-master-Crystal-Crystal_SMD_8.md,md,1172,04_kicad_libraries_symbols_footprints,knowledge_scrape\04_kicad_libraries_symbols_footprints,.md,url_003104
knowledge_scrape\04_kicad_libraries_symbols_footprints\url_003105--gitlab.com-kicad-libraries-kicad-footprints-tree-master-Crystal-Crystal_SMD_9.md,md,1172,04_kicad_libraries_symbols_footprints,knowledge_scrape\04_kicad_libraries_symbols_footprints,.md,url_003105
knowledge_scrape\04_kicad_libraries_symbols_footprints\url_003106--gitlab.com-kicad-libraries-kicad-footprints-tree-master-Diode-Diode_SMD_1.md,md,1152,04_kicad_libraries_symbols_footprints,knowledge_scrape\04_kicad_libraries_symbols_footprints,.md,url_003106
knowledge_scrape\04_kicad_libraries_symbols_footprints\url_003107--gitlab.com-kicad-libraries-kicad-footprints-tree-master-Diode-Diode_SMD_10.md,md,1157,04_kicad_libraries_symbols_footprints,knowledge_scrape\04_kicad_libraries_symbols_footprints,.md,url_003107
knowledge_scrape\04_kicad_libraries_symbols_footprints\url_003108--gitlab.com-kicad-libraries-kicad-footprints-tree-master-Diode-Diode_SMD_11.md,md,1157,04_kicad_libraries_symbols_footprints,knowledge_scrape\04_kicad_libraries_symbols_footprints,.md,url_003108
knowledge_scrape\04_kicad_libraries_symbols_footprints\url_003109--gitlab.com-kicad-libraries-kicad-footprints-tree-master-Diode-Diode_SMD_12.md,md,1157,04_kicad_libraries_symbols_footprints,knowledge_scrape\04_kicad_libraries_symbols_footprints,.md,url_003109
knowledge_scrape\04_kicad_libraries_symbols_footprints\url_003110--gitlab.com-kicad-libraries-kicad-footprints-tree-master-Diode-Diode_SMD_2.md,md,1152,04_kicad_libraries_symbols_footprints,knowledge_scrape\04_kicad_libraries_symbols_footprints,.md,url_003110
knowledge_scrape\04_kicad_libraries_symbols_footprints\url_003111--gitlab.com-kicad-libraries-kicad-footprints-tree-master-Diode-Diode_SMD_3.md,md,1152,04_kicad_libraries_symbols_footprints,knowledge_scrape\04_kicad_libraries_symbols_footprints,.md,url_003111
knowledge_scrape\04_kicad_libraries_symbols_footprints\url_003112--gitlab.com-kicad-libraries-kicad-footprints-tree-master-Diode-Diode_SMD_4.md,md,1152,04_kicad_libraries_symbols_footprints,knowledge_scrape\04_kicad_libraries_symbols_footprints,.md,url_003112
knowledge_scrape\04_kicad_libraries_symbols_footprints\url_003113--gitlab.com-kicad-libraries-kicad-footprints-tree-master-Diode-Diode_SMD_5.md,md,1152,04_kicad_libraries_symbols_footprints,knowledge_scrape\04_kicad_libraries_symbols_footprints,.md,url_003113
knowledge_scrape\04_kicad_libraries_symbols_footprints\url_003114--gitlab.com-kicad-libraries-kicad-footprints-tree-master-Diode-Diode_SMD_6.md,md,1152,04_kicad_libraries_symbols_footprints,knowledge_scrape\04_kicad_libraries_symbols_footprints,.md,url_003114
knowledge_scrape\04_kicad_libraries_symbols_footprints\url_003115--gitlab.com-kicad-libraries-kicad-footprints-tree-master-Diode-Diode_SMD_7.md,md,1152,04_kicad_libraries_symbols_footprints,knowledge_scrape\04_kicad_libraries_symbols_footprints,.md,url_003115
knowledge_scrape\04_kicad_libraries_symbols_footprints\url_003116--gitlab.com-kicad-libraries-kicad-footprints-tree-master-Diode-Diode_SMD_8.md,md,1152,04_kicad_libraries_symbols_footprints,knowledge_scrape\04_kicad_libraries_symbols_footprints,.md,url_003116
knowledge_scrape\04_kicad_libraries_symbols_footprints\url_003117--gitlab.com-kicad-libraries-kicad-footprints-tree-master-Diode-Diode_SMD_9.md,md,1152,04_kicad_libraries_symbols_footprints,knowledge_scrape\04_kicad_libraries_symbols_footprints,.md,url_003117
knowledge_scrape\04_kicad_libraries_symbols_footprints\url_003118--gitlab.com-kicad-libraries-kicad-footprints-tree-master-DipSwitch-DipSwitch_SMD_1.md,md,1192,04_kicad_libraries_symbols_footprints,knowledge_scrape\04_kicad_libraries_symbols_footprints,.md,url_003118
knowledge_scrape\04_kicad_libraries_symbols_footprints\url_003119--gitlab.com-kicad-libraries-kicad-footprints-tree-master-DipSwitch-DipSwitch_SMD_10.md,md,1197,04_kicad_libraries_symbols_footprints,knowledge_scrape\04_kicad_libraries_symbols_footprints,.md,url_003119
knowledge_scrape\04_kicad_libraries_symbols_footprints\url_003120--gitlab.com-kicad-libraries-kicad-footprints-tree-master-DipSwitch-DipSwitch_SMD_11.md,md,1197,04_kicad_libraries_symbols_footprints,knowledge_scrape\04_kicad_libraries_symbols_footprints,.md,url_003120
knowledge_scrape\04_kicad_libraries_symbols_footprints\url_003121--gitlab.com-kicad-libraries-kicad-footprints-tree-master-DipSwitch-DipSwitch_SMD_12.md,md,1197,04_kicad_libraries_symbols_footprints,knowledge_scrape\04_kicad_libraries_symbols_footprints,.md,url_003121
knowledge_scrape\04_kicad_libraries_symbols_footprints\url_003122--gitlab.com-kicad-libraries-kicad-footprints-tree-master-DipSwitch-DipSwitch_SMD_2.md,md,1192,04_kicad_libraries_symbols_footprints,knowledge_scrape\04_kicad_libraries_symbols_footprints,.md,url_003122
knowledge_scrape\04_kicad_libraries_symbols_footprints\url_003123--gitlab.com-kicad-libraries-kicad-footprints-tree-master-DipSwitch-DipSwitch_SMD_3.md,md,1192,04_kicad_libraries_symbols_footprints,knowledge_scrape\04_kicad_libraries_symbols_footprints,.md,url_003123
knowledge_scrape\04_kicad_libraries_symbols_footprints\url_003124--gitlab.com-kicad-libraries-kicad-footprints-tree-master-DipSwitch-DipSwitch_SMD_4.md,md,1192,04_kicad_libraries_symbols_footprints,knowledge_scrape\04_kicad_libraries_symbols_footprints,.md,url_003124
knowledge_scrape\04_kicad_libraries_symbols_footprints\url_003125--gitlab.com-kicad-libraries-kicad-footprints-tree-master-DipSwitch-DipSwitch_SMD_5.md,md,1192,04_kicad_libraries_symbols_footprints,knowledge_scrape\04_kicad_libraries_symbols_footprints,.md,url_003125
knowledge_scrape\04_kicad_libraries_symbols_footprints\url_003126--gitlab.com-kicad-libraries-kicad-footprints-tree-master-DipSwitch-DipSwitch_SMD_6.md,md,1192,04_kicad_libraries_symbols_footprints,knowledge_scrape\04_kicad_libraries_symbols_footprints,.md,url_003126
knowledge_scrape\04_kicad_libraries_symbols_footprints\url_003127--gitlab.com-kicad-libraries-kicad-footprints-tree-master-DipSwitch-DipSwitch_SMD_7.md,md,1192,04_kicad_libraries_symbols_footprints,knowledge_scrape\04_kicad_libraries_symbols_footprints,.md,url_003127
knowledge_scrape\04_kicad_libraries_symbols_footprints\url_003128--gitlab.com-kicad-libraries-kicad-footprints-tree-master-DipSwitch-DipSwitch_SMD_8.md,md,1192,04_kicad_libraries_symbols_footprints,knowledge_scrape\04_kicad_libraries_symbols_footprints,.md,url_003128
knowledge_scrape\04_kicad_libraries_symbols_footprints\url_003129--gitlab.com-kicad-libraries-kicad-footprints-tree-master-DipSwitch-DipSwitch_SMD_9.md,md,1192,04_kicad_libraries_symbols_footprints,knowledge_scrape\04_kicad_libraries_symbols_footprints,.md,url_003129
knowledge_scrape\04_kicad_libraries_symbols_footprints\url_003130--gitlab.com-kicad-libraries-kicad-footprints-tree-master-Display-Display_SMD_1.md,md,1172,04_kicad_libraries_symbols_footprints,knowledge_scrape\04_kicad_libraries_symbols_footprints,.md,url_003130
knowledge_scrape\04_kicad_libraries_symbols_footprints\url_003131--gitlab.com-kicad-libraries-kicad-footprints-tree-master-Display-Display_SMD_10.md,md,1177,04_kicad_libraries_symbols_footprints,knowledge_scrape\04_kicad_libraries_symbols_footprints,.md,url_003131
knowledge_scrape\04_kicad_libraries_symbols_footprints\url_003132--gitlab.com-kicad-libraries-kicad-footprints-tree-master-Display-Display_SMD_11.md,md,1177,04_kicad_libraries_symbols_footprints,knowledge_scrape\04_kicad_libraries_symbols_footprints,.md,url_003132
knowledge_scrape\04_kicad_libraries_symbols_footprints\url_003133--gitlab.com-kicad-libraries-kicad-footprints-tree-master-Display-Display_SMD_12.md,md,1177,04_kicad_libraries_symbols_footprints,knowledge_scrape\04_kicad_libraries_symbols_footprints,.md,url_003133
knowledge_scrape\04_kicad_libraries_symbols_footprints\url_003134--gitlab.com-kicad-libraries-kicad-footprints-tree-master-Display-Display_SMD_2.md,md,1172,04_kicad_libraries_symbols_footprints,knowledge_scrape\04_kicad_libraries_symbols_footprints,.md,url_003134
knowledge_scrape\04_kicad_libraries_symbols_footprints\url_003135--gitlab.com-kicad-libraries-kicad-footprints-tree-master-Display-Display_SMD_3.md,md,1172,04_kicad_libraries_symbols_footprints,knowledge_scrape\04_kicad_libraries_symbols_footprints,.md,url_003135
knowledge_scrape\04_kicad_libraries_symbols_footprints\url_003136--gitlab.com-kicad-libraries-kicad-footprints-tree-master-Display-Display_SMD_4.md,md,1172,04_kicad_libraries_symbols_footprints,knowledge_scrape\04_kicad_libraries_symbols_footprints,.md,url_003136
knowledge_scrape\04_kicad_libraries_symbols_footprints\url_003137--gitlab.com-kicad-libraries-kicad-footprints-tree-master-Display-Display_SMD_5.md,md,1172,04_kicad_libraries_symbols_footprints,knowledge_scrape\04_kicad_libraries_symbols_footprints,.md,url_003137
knowledge_scrape\04_kicad_libraries_symbols_footprints\url_003138--gitlab.com-kicad-libraries-kicad-footprints-tree-master-Display-Display_SMD_6.md,md,1172,04_kicad_libraries_symbols_footprints,knowledge_scrape\04_kicad_libraries_symbols_footprints,.md,url_003138
knowledge_scrape\04_kicad_libraries_symbols_footprints\url_003139--gitlab.com-kicad-libraries-kicad-footprints-tree-master-Display-Display_SMD_7.md,md,1172,04_kicad_libraries_symbols_footprints,knowledge_scrape\04_kicad_libraries_symbols_footprints,.md,url_003139
knowledge_scrape\04_kicad_libraries_symbols_footprints\url_003140--gitlab.com-kicad-libraries-kicad-footprints-tree-master-Display-Display_SMD_8.md,md,1172,04_kicad_libraries_symbols_footprints,knowledge_scrape\04_kicad_libraries_symbols_footprints,.md,url_003140
knowledge_scrape\04_kicad_libraries_symbols_footprints\url_003141--gitlab.com-kicad-libraries-kicad-footprints-tree-master-Display-Display_SMD_9.md,md,1172,04_kicad_libraries_symbols_footprints,knowledge_scrape\04_kicad_libraries_symbols_footprints,.md,url_003141
knowledge_scrape\04_kicad_libraries_symbols_footprints\url_003142--gitlab.com-kicad-libraries-kicad-footprints-tree-master-FET-FET_SMD_1.md,md,1132,04_kicad_libraries_symbols_footprints,knowledge_scrape\04_kicad_libraries_symbols_footprints,.md,url_003142
knowledge_scrape\04_kicad_libraries_symbols_footprints\url_003143--gitlab.com-kicad-libraries-kicad-footprints-tree-master-FET-FET_SMD_10.md,md,1137,04_kicad_libraries_symbols_footprints,knowledge_scrape\04_kicad_libraries_symbols_footprints,.md,url_003143
knowledge_scrape\04_kicad_libraries_symbols_footprints\url_003144--gitlab.com-kicad-libraries-kicad-footprints-tree-master-FET-FET_SMD_11.md,md,1137,04_kicad_libraries_symbols_footprints,knowledge_scrape\04_kicad_libraries_symbols_footprints,.md,url_003144
knowledge_scrape\04_kicad_libraries_symbols_footprints\url_003145--gitlab.com-kicad-libraries-kicad-footprints-tree-master-FET-FET_SMD_12.md,md,1137,04_kicad_libraries_symbols_footprints,knowledge_scrape\04_kicad_libraries_symbols_footprints,.md,url_003145
knowledge_scrape\04_kicad_libraries_symbols_footprints\url_003146--gitlab.com-kicad-libraries-kicad-footprints-tree-master-FET-FET_SMD_2.md,md,1132,04_kicad_libraries_symbols_footprints,knowledge_scrape\04_kicad_libraries_symbols_footprints,.md,url_003146
knowledge_scrape\04_kicad_libraries_symbols_footprints\url_003147--gitlab.com-kicad-libraries-kicad-footprints-tree-master-FET-FET_SMD_3.md,md,1132,04_kicad_libraries_symbols_footprints,knowledge_scrape\04_kicad_libraries_symbols_footprints,.md,url_003147
knowledge_scrape\04_kicad_libraries_symbols_footprints\url_003148--gitlab.com-kicad-libraries-kicad-footprints-tree-master-FET-FET_SMD_4.md,md,1132,04_kicad_libraries_symbols_footprints,knowledge_scrape\04_kicad_libraries_symbols_footprints,.md,url_003148
knowledge_scrape\04_kicad_libraries_symbols_footprints\url_003149--gitlab.com-kicad-libraries-kicad-footprints-tree-master-FET-FET_SMD_5.md,md,1132,04_kicad_libraries_symbols_footprints,knowledge_scrape\04_kicad_libraries_symbols_footprints,.md,url_003149
knowledge_scrape\04_kicad_libraries_symbols_footprints\url_003150--gitlab.com-kicad-libraries-kicad-footprints-tree-master-FET-FET_SMD_6.md,md,1132,04_kicad_libraries_symbols_footprints,knowledge_scrape\04_kicad_libraries_symbols_footprints,.md,url_003150
knowledge_scrape\04_kicad_libraries_symbols_footprints\url_003151--gitlab.com-kicad-libraries-kicad-footprints-tree-master-FET-FET_SMD_7.md,md,1132,04_kicad_libraries_symbols_footprints,knowledge_scrape\04_kicad_libraries_symbols_footprints,.md,url_003151
knowledge_scrape\04_kicad_libraries_symbols_footprints\url_003152--gitlab.com-kicad-libraries-kicad-footprints-tree-master-FET-FET_SMD_8.md,md,1132,04_kicad_libraries_symbols_footprints,knowledge_scrape\04_kicad_libraries_symbols_footprints,.md,url_003152
knowledge_scrape\04_kicad_libraries_symbols_footprints\url_003153--gitlab.com-kicad-libraries-kicad-footprints-tree-master-FET-FET_SMD_9.md,md,1132,04_kicad_libraries_symbols_footprints,knowledge_scrape\04_kicad_libraries_symbols_footprints,.md,url_003153
knowledge_scrape\04_kicad_libraries_symbols_footprints\url_003154--gitlab.com-kicad-libraries-kicad-footprints-tree-master-Fuse-Fuse_SMD_1.md,md,1142,04_kicad_libraries_symbols_footprints,knowledge_scrape\04_kicad_libraries_symbols_footprints,.md,url_003154
knowledge_scrape\04_kicad_libraries_symbols_footprints\url_003155--gitlab.com-kicad-libraries-kicad-footprints-tree-master-Fuse-Fuse_SMD_10.md,md,1147,04_kicad_libraries_symbols_footprints,knowledge_scrape\04_kicad_libraries_symbols_footprints,.md,url_003155
knowledge_scrape\04_kicad_libraries_symbols_footprints\url_003156--gitlab.com-kicad-libraries-kicad-footprints-tree-master-Fuse-Fuse_SMD_11.md,md,1147,04_kicad_libraries_symbols_footprints,knowledge_scrape\04_kicad_libraries_symbols_footprints,.md,url_003156
knowledge_scrape\04_kicad_libraries_symbols_footprints\url_003157--gitlab.com-kicad-libraries-kicad-footprints-tree-master-Fuse-Fuse_SMD_12.md,md,1147,04_kicad_libraries_symbols_footprints,knowledge_scrape\04_kicad_libraries_symbols_footprints,.md,url_003157
knowledge_scrape\04_kicad_libraries_symbols_footprints\url_003158--gitlab.com-kicad-libraries-kicad-footprints-tree-master-Fuse-Fuse_SMD_2.md,md,1142,04_kicad_libraries_symbols_footprints,knowledge_scrape\04_kicad_libraries_symbols_footprints,.md,url_003158
knowledge_scrape\04_kicad_libraries_symbols_footprints\url_003159--gitlab.com-kicad-libraries-kicad-footprints-tree-master-Fuse-Fuse_SMD_3.md,md,1142,04_kicad_libraries_symbols_footprints,knowledge_scrape\04_kicad_libraries_symbols_footprints,.md,url_003159
knowledge_scrape\04_kicad_libraries_symbols_footprints\url_003160--gitlab.com-kicad-libraries-kicad-footprints-tree-master-Fuse-Fuse_SMD_4.md,md,1142,04_kicad_libraries_symbols_footprints,knowledge_scrape\04_kicad_libraries_symbols_footprints,.md,url_003160
knowledge_scrape\04_kicad_libraries_symbols_footprints\url_003161--gitlab.com-kicad-libraries-kicad-footprints-tree-master-Fuse-Fuse_SMD_5.md,md,1142,04_kicad_libraries_symbols_footprints,knowledge_scrape\04_kicad_libraries_symbols_footprints,.md,url_003161
knowledge_scrape\04_kicad_libraries_symbols_footprints\url_003162--gitlab.com-kicad-libraries-kicad-footprints-tree-master-Fuse-Fuse_SMD_6.md,md,1142,04_kicad_libraries_symbols_footprints,knowledge_scrape\04_kicad_libraries_symbols_footprints,.md,url_003162
knowledge_scrape\04_kicad_libraries_symbols_footprints\url_003163--gitlab.com-kicad-libraries-kicad-footprints-tree-master-Fuse-Fuse_SMD_7.md,md,1142,04_kicad_libraries_symbols_footprints,knowledge_scrape\04_kicad_libraries_symbols_footprints,.md,url_003163
knowledge_scrape\04_kicad_libraries_symbols_footprints\url_003164--gitlab.com-kicad-libraries-kicad-footprints-tree-master-Fuse-Fuse_SMD_8.md,md,1142,04_kicad_libraries_symbols_footprints,knowledge_scrape\04_kicad_libraries_symbols_footprints,.md,url_003164
knowledge_scrape\04_kicad_libraries_symbols_footprints\url_003165--gitlab.com-kicad-libraries-kicad-footprints-tree-master-Fuse-Fuse_SMD_9.md,md,1142,04_kicad_libraries_symbols_footprints,knowledge_scrape\04_kicad_libraries_symbols_footprints,.md,url_003165
knowledge_scrape\04_kicad_libraries_symbols_footprints\url_003166--gitlab.com-kicad-libraries-kicad-footprints-tree-master-IC-IC_1.md,md,1102,04_kicad_libraries_symbols_footprints,knowledge_scrape\04_kicad_libraries_symbols_footprints,.md,url_003166
knowledge_scrape\04_kicad_libraries_symbols_footprints\url_003167--gitlab.com-kicad-libraries-kicad-footprints-tree-master-IC-IC_10.md,md,1107,04_kicad_libraries_symbols_footprints,knowledge_scrape\04_kicad_libraries_symbols_footprints,.md,url_003167
knowledge_scrape\04_kicad_libraries_symbols_footprints\url_003168--gitlab.com-kicad-libraries-kicad-footprints-tree-master-IC-IC_11.md,md,1107,04_kicad_libraries_symbols_footprints,knowledge_scrape\04_kicad_libraries_symbols_footprints,.md,url_003168
knowledge_scrape\04_kicad_libraries_symbols_footprints\url_003169--gitlab.com-kicad-libraries-kicad-footprints-tree-master-IC-IC_12.md,md,1107,04_kicad_libraries_symbols_footprints,knowledge_scrape\04_kicad_libraries_symbols_footprints,.md,url_003169
knowledge_scrape\04_kicad_libraries_symbols_footprints\url_003170--gitlab.com-kicad-libraries-kicad-footprints-tree-master-IC-IC_13.md,md,1107,04_kicad_libraries_symbols_footprints,knowledge_scrape\04_kicad_libraries_symbols_footprints,.md,url_003170
knowledge_scrape\04_kicad_libraries_symbols_footprints\url_003171--gitlab.com-kicad-libraries-kicad-footprints-tree-master-IC-IC_14.md,md,1107,04_kicad_libraries_symbols_footprints,knowledge_scrape\04_kicad_libraries_symbols_footprints,.md,url_003171
knowledge_scrape\04_kicad_libraries_symbols_footprints\url_003172--gitlab.com-kicad-libraries-kicad-footprints-tree-master-IC-IC_15.md,md,1107,04_kicad_libraries_symbols_footprints,knowledge_scrape\04_kicad_libraries_symbols_footprints,.md,url_003172
knowledge_scrape\04_kicad_libraries_symbols_footprints\url_003173--gitlab.com-kicad-libraries-kicad-footprints-tree-master-IC-IC_16.md,md,1107,04_kicad_libraries_symbols_footprints,knowledge_scrape\04_kicad_libraries_symbols_footprints,.md,url_003173
knowledge_scrape\04_kicad_libraries_symbols_footprints\url_003174--gitlab.com-kicad-libraries-kicad-footprints-tree-master-IC-IC_17.md,md,1107,04_kicad_libraries_symbols_footprints,knowledge_scrape\04_kicad_libraries_symbols_footprints,.md,url_003174
knowledge_scrape\04_kicad_libraries_symbols_footprints\url_003175--gitlab.com-kicad-libraries-kicad-footprints-tree-master-IC-IC_18.md,md,1107,04_kicad_libraries_symbols_footprints,knowledge_scrape\04_kicad_libraries_symbols_footprints,.md,url_003175
knowledge_scrape\04_kicad_libraries_symbols_footprints\url_003176--gitlab.com-kicad-libraries-kicad-footprints-tree-master-IC-IC_19.md,md,1107,04_kicad_libraries_symbols_footprints,knowledge_scrape\04_kicad_libraries_symbols_footprints,.md,url_003176
knowledge_scrape\04_kicad_libraries_symbols_footprints\url_003177--gitlab.com-kicad-libraries-kicad-footprints-tree-master-IC-IC_2.md,md,1102,04_kicad_libraries_symbols_footprints,knowledge_scrape\04_kicad_libraries_symbols_footprints,.md,url_003177
knowledge_scrape\04_kicad_libraries_symbols_footprints\url_003178--gitlab.com-kicad-libraries-kicad-footprints-tree-master-IC-IC_20.md,md,1107,04_kicad_libraries_symbols_footprints,knowledge_scrape\04_kicad_libraries_symbols_footprints,.md,url_003178
knowledge_scrape\04_kicad_libraries_symbols_footprints\url_003179--gitlab.com-kicad-libraries-kicad-footprints-tree-master-IC-IC_3.md,md,1102,04_kicad_libraries_symbols_footprints,knowledge_scrape\04_kicad_libraries_symbols_footprints,.md,url_003179
knowledge_scrape\04_kicad_libraries_symbols_footprints\url_003180--gitlab.com-kicad-libraries-kicad-footprints-tree-master-IC-IC_4.md,md,1102,04_kicad_libraries_symbols_footprints,knowledge_scrape\04_kicad_libraries_symbols_footprints,.md,url_003180
knowledge_scrape\04_kicad_libraries_symbols_footprints\url_003181--gitlab.com-kicad-libraries-kicad-footprints-tree-master-IC-IC_5.md,md,1102,04_kicad_libraries_symbols_footprints,knowledge_scrape\04_kicad_libraries_symbols_footprints,.md,url_003181
knowledge_scrape\04_kicad_libraries_symbols_footprints\url_003182--gitlab.com-kicad-libraries-kicad-footprints-tree-master-IC-IC_6.md,md,1102,04_kicad_libraries_symbols_footprints,knowledge_scrape\04_kicad_libraries_symbols_footprints,.md,url_003182
knowledge_scrape\04_kicad_libraries_symbols_footprints\url_003183--gitlab.com-kicad-libraries-kicad-footprints-tree-master-IC-IC_7.md,md,1102,04_kicad_libraries_symbols_footprints,knowledge_scrape\04_kicad_libraries_symbols_footprints,.md,url_003183
knowledge_scrape\04_kicad_libraries_symbols_footprints\url_003184--gitlab.com-kicad-libraries-kicad-footprints-tree-master-IC-IC_8.md,md,1102,04_kicad_libraries_symbols_footprints,knowledge_scrape\04_kicad_libraries_symbols_footprints,.md,url_003184
knowledge_scrape\04_kicad_libraries_symbols_footprints\url_003185--gitlab.com-kicad-libraries-kicad-footprints-tree-master-IC-IC_9.md,md,1102,04_kicad_libraries_symbols_footprints,knowledge_scrape\04_kicad_libraries_symbols_footprints,.md,url_003185
knowledge_scrape\04_kicad_libraries_symbols_footprints\url_003186--gitlab.com-kicad-libraries-kicad-footprints-tree-master-IC-IC_SMD_1.md,md,1122,04_kicad_libraries_symbols_footprints,knowledge_scrape\04_kicad_libraries_symbols_footprints,.md,url_003186
knowledge_scrape\04_kicad_libraries_symbols_footprints\url_003187--gitlab.com-kicad-libraries-kicad-footprints-tree-master-IC-IC_SMD_10.md,md,1127,04_kicad_libraries_symbols_footprints,knowledge_scrape\04_kicad_libraries_symbols_footprints,.md,url_003187
knowledge_scrape\04_kicad_libraries_symbols_footprints\url_003188--gitlab.com-kicad-libraries-kicad-footprints-tree-master-IC-IC_SMD_11.md,md,1127,04_kicad_libraries_symbols_footprints,knowledge_scrape\04_kicad_libraries_symbols_footprints,.md,url_003188
knowledge_scrape\04_kicad_libraries_symbols_footprints\url_003189--gitlab.com-kicad-libraries-kicad-footprints-tree-master-IC-IC_SMD_12.md,md,1127,04_kicad_libraries_symbols_footprints,knowledge_scrape\04_kicad_libraries_symbols_footprints,.md,url_003189
knowledge_scrape\04_kicad_libraries_symbols_footprints\url_003190--gitlab.com-kicad-libraries-kicad-footprints-tree-master-IC-IC_SMD_2.md,md,1122,04_kicad_libraries_symbols_footprints,knowledge_scrape\04_kicad_libraries_symbols_footprints,.md,url_003190
knowledge_scrape\04_kicad_libraries_symbols_footprints\url_003191--gitlab.com-kicad-libraries-kicad-footprints-tree-master-IC-IC_SMD_3.md,md,1122,04_kicad_libraries_symbols_footprints,knowledge_scrape\04_kicad_libraries_symbols_footprints,.md,url_003191
knowledge_scrape\04_kicad_libraries_symbols_footprints\url_003192--gitlab.com-kicad-libraries-kicad-footprints-tree-master-IC-IC_SMD_4.md,md,1122,04_kicad_libraries_symbols_footprints,knowledge_scrape\04_kicad_libraries_symbols_footprints,.md,url_003192
knowledge_scrape\04_kicad_libraries_symbols_footprints\url_003193--gitlab.com-kicad-libraries-kicad-footprints-tree-master-IC-IC_SMD_5.md,md,1122,04_kicad_libraries_symbols_footprints,knowledge_scrape\04_kicad_libraries_symbols_footprints,.md,url_003193
knowledge_scrape\04_kicad_libraries_symbols_footprints\url_003194--gitlab.com-kicad-libraries-kicad-footprints-tree-master-IC-IC_SMD_6.md,md,1122,04_kicad_libraries_symbols_footprints,knowledge_scrape\04_kicad_libraries_symbols_footprints,.md,url_003194
knowledge_scrape\04_kicad_libraries_symbols_footprints\url_003195--gitlab.com-kicad-libraries-kicad-footprints-tree-master-IC-IC_SMD_7.md,md,1122,04_kicad_libraries_symbols_footprints,knowledge_scrape\04_kicad_libraries_symbols_footprints,.md,url_003195
knowledge_scrape\04_kicad_libraries_symbols_footprints\url_003196--gitlab.com-kicad-libraries-kicad-footprints-tree-master-IC-IC_SMD_8.md,md,1122,04_kicad_libraries_symbols_footprints,knowledge_scrape\04_kicad_libraries_symbols_footprints,.md,url_003196
knowledge_scrape\04_kicad_libraries_symbols_footprints\url_003197--gitlab.com-kicad-libraries-kicad-footprints-tree-master-IC-IC_SMD_9.md,md,1122,04_kicad_libraries_symbols_footprints,knowledge_scrape\04_kicad_libraries_symbols_footprints,.md,url_003197
knowledge_scrape\04_kicad_libraries_symbols_footprints\url_003198--gitlab.com-kicad-libraries-kicad-footprints-tree-master-Inductor-Inductor_SMD_1.md,md,1182,04_kicad_libraries_symbols_footprints,knowledge_scrape\04_kicad_libraries_symbols_footprints,.md,url_003198
knowledge_scrape\04_kicad_libraries_symbols_footprints\url_003199--gitlab.com-kicad-libraries-kicad-footprints-tree-master-Inductor-Inductor_SMD_10.md,md,1187,04_kicad_libraries_symbols_footprints,knowledge_scrape\04_kicad_libraries_symbols_footprints,.md,url_003199
knowledge_scrape\04_kicad_libraries_symbols_footprints\url_003200--gitlab.com-kicad-libraries-kicad-footprints-tree-master-Inductor-Inductor_SMD_11.md,md,1187,04_kicad_libraries_symbols_footprints,knowledge_scrape\04_kicad_libraries_symbols_footprints,.md,url_003200
knowledge_scrape\04_kicad_libraries_symbols_footprints\url_003201--gitlab.com-kicad-libraries-kicad-footprints-tree-master-Inductor-Inductor_SMD_12.md,md,1187,04_kicad_libraries_symbols_footprints,knowledge_scrape\04_kicad_libraries_symbols_footprints,.md,url_003201
knowledge_scrape\04_kicad_libraries_symbols_footprints\url_003202--gitlab.com-kicad-libraries-kicad-footprints-tree-master-Inductor-Inductor_SMD_2.md,md,1182,04_kicad_libraries_symbols_footprints,knowledge_scrape\04_kicad_libraries_symbols_footprints,.md,url_003202
knowledge_scrape\04_kicad_libraries_symbols_footprints\url_003203--gitlab.com-kicad-libraries-kicad-footprints-tree-master-Inductor-Inductor_SMD_3.md,md,1182,04_kicad_libraries_symbols_footprints,knowledge_scrape\04_kicad_libraries_symbols_footprints,.md,url_003203
knowledge_scrape\04_kicad_libraries_symbols_footprints\url_003204--gitlab.com-kicad-libraries-kicad-footprints-tree-master-Inductor-Inductor_SMD_4.md,md,1182,04_kicad_libraries_symbols_footprints,knowledge_scrape\04_kicad_libraries_symbols_footprints,.md,url_003204
knowledge_scrape\04_kicad_libraries_symbols_footprints\url_003205--gitlab.com-kicad-libraries-kicad-footprints-tree-master-Inductor-Inductor_SMD_5.md,md,1182,04_kicad_libraries_symbols_footprints,knowledge_scrape\04_kicad_libraries_symbols_footprints,.md,url_003205
knowledge_scrape\04_kicad_libraries_symbols_footprints\url_003206--gitlab.com-kicad-libraries-kicad-footprints-tree-master-Inductor-Inductor_SMD_6.md,md,1182,04_kicad_libraries_symbols_footprints,knowledge_scrape\04_kicad_libraries_symbols_footprints,.md,url_003206
knowledge_scrape\04_kicad_libraries_symbols_footprints\url_003207--gitlab.com-kicad-libraries-kicad-footprints-tree-master-Inductor-Inductor_SMD_7.md,md,1182,04_kicad_libraries_symbols_footprints,knowledge_scrape\04_kicad_libraries_symbols_footprints,.md,url_003207
knowledge_scrape\04_kicad_libraries_symbols_footprints\url_003208--gitlab.com-kicad-libraries-kicad-footprints-tree-master-Inductor-Inductor_SMD_8.md,md,1182,04_kicad_libraries_symbols_footprints,knowledge_scrape\04_kicad_libraries_symbols_footprints,.md,url_003208
knowledge_scrape\04_kicad_libraries_symbols_footprints\url_003209--gitlab.com-kicad-libraries-kicad-footprints-tree-master-Inductor-Inductor_SMD_9.md,md,1182,04_kicad_libraries_symbols_footprints,knowledge_scrape\04_kicad_libraries_symbols_footprints,.md,url_003209
knowledge_scrape\04_kicad_libraries_symbols_footprints\url_003210--gitlab.com-kicad-libraries-kicad-footprints-tree-master-Module.pretty.md,md,1075,04_kicad_libraries_symbols_footprints,knowledge_scrape\04_kicad_libraries_symbols_footprints,.md,url_003210
knowledge_scrape\04_kicad_libraries_symbols_footprints\url_003211--gitlab.com-kicad-libraries-kicad-footprints-tree-master-Oscillator-Oscillator_SMD_1.md,md,1202,04_kicad_libraries_symbols_footprints,knowledge_scrape\04_kicad_libraries_symbols_footprints,.md,url_003211
knowledge_scrape\04_kicad_libraries_symbols_footprints\url_003212--gitlab.com-kicad-libraries-kicad-footprints-tree-master-Oscillator-Oscillator_SMD_10.md,md,1207,04_kicad_libraries_symbols_footprints,knowledge_scrape\04_kicad_libraries_symbols_footprints,.md,url_003212
knowledge_scrape\04_kicad_libraries_symbols_footprints\url_003213--gitlab.com-kicad-libraries-kicad-footprints-tree-master-Oscillator-Oscillator_SMD_11.md,md,1207,04_kicad_libraries_symbols_footprints,knowledge_scrape\04_kicad_libraries_symbols_footprints,.md,url_003213
knowledge_scrape\04_kicad_libraries_symbols_footprints\url_003214--gitlab.com-kicad-libraries-kicad-footprints-tree-master-Oscillator-Oscillator_SMD_12.md,md,1207,04_kicad_libraries_symbols_footprints,knowledge_scrape\04_kicad_libraries_symbols_footprints,.md,url_003214
knowledge_scrape\04_kicad_libraries_symbols_footprints\url_003215--gitlab.com-kicad-libraries-kicad-footprints-tree-master-Oscillator-Oscillator_SMD_2.md,md,1202,04_kicad_libraries_symbols_footprints,knowledge_scrape\04_kicad_libraries_symbols_footprints,.md,url_003215
knowledge_scrape\04_kicad_libraries_symbols_footprints\url_003216--gitlab.com-kicad-libraries-kicad-footprints-tree-master-Oscillator-Oscillator_SMD_3.md,md,1202,04_kicad_libraries_symbols_footprints,knowledge_scrape\04_kicad_libraries_symbols_footprints,.md,url_003216
knowledge_scrape\04_kicad_libraries_symbols_footprints\url_003217--gitlab.com-kicad-libraries-kicad-footprints-tree-master-Oscillator-Oscillator_SMD_4.md,md,1202,04_kicad_libraries_symbols_footprints,knowledge_scrape\04_kicad_libraries_symbols_footprints,.md,url_003217
knowledge_scrape\04_kicad_libraries_symbols_footprints\url_003218--gitlab.com-kicad-libraries-kicad-footprints-tree-master-Oscillator-Oscillator_SMD_5.md,md,1202,04_kicad_libraries_symbols_footprints,knowledge_scrape\04_kicad_libraries_symbols_footprints,.md,url_003218
knowledge_scrape\04_kicad_libraries_symbols_footprints\url_003219--gitlab.com-kicad-libraries-kicad-footprints-tree-master-Oscillator-Oscillator_SMD_6.md,md,1202,04_kicad_libraries_symbols_footprints,knowledge_scrape\04_kicad_libraries_symbols_footprints,.md,url_003219
knowledge_scrape\04_kicad_libraries_symbols_footprints\url_003220--gitlab.com-kicad-libraries-kicad-footprints-tree-master-Oscillator-Oscillator_SMD_7.md,md,1202,04_kicad_libraries_symbols_footprints,knowledge_scrape\04_kicad_libraries_symbols_footprints,.md,url_003220
knowledge_scrape\04_kicad_libraries_symbols_footprints\url_003221--gitlab.com-kicad-libraries-kicad-footprints-tree-master-Oscillator-Oscillator_SMD_8.md,md,1202,04_kicad_libraries_symbols_footprints,knowledge_scrape\04_kicad_libraries_symbols_footprints,.md,url_003221
knowledge_scrape\04_kicad_libraries_symbols_footprints\url_003222--gitlab.com-kicad-libraries-kicad-footprints-tree-master-Oscillator-Oscillator_SMD_9.md,md,1202,04_kicad_libraries_symbols_footprints,knowledge_scrape\04_kicad_libraries_symbols_footprints,.md,url_003222
knowledge_scrape\04_kicad_libraries_symbols_footprints\url_003223--gitlab.com-kicad-libraries-kicad-footprints-tree-master-Package_BGA.pretty.md,md,1095,04_kicad_libraries_symbols_footprints,knowledge_scrape\04_kicad_libraries_symbols_footprints,.md,url_003223
knowledge_scrape\04_kicad_libraries_symbols_footprints\url_003224--gitlab.com-kicad-libraries-kicad-footprints-tree-master-Package_CSP.pretty.md,md,1095,04_kicad_libraries_symbols_footprints,knowledge_scrape\04_kicad_libraries_symbols_footprints,.md,url_003224
knowledge_scrape\04_kicad_libraries_symbols_footprints\url_003225--gitlab.com-kicad-libraries-kicad-footprints-tree-master-Package_DFN_QFN.pretty.md,md,1111,04_kicad_libraries_symbols_footprints,knowledge_scrape\04_kicad_libraries_symbols_footprints,.md,url_003225
knowledge_scrape\04_kicad_libraries_symbols_footprints\url_003226--gitlab.com-kicad-libraries-kicad-footprints-tree-master-Package_LGA.pretty.md,md,1095,04_kicad_libraries_symbols_footprints,knowledge_scrape\04_kicad_libraries_symbols_footprints,.md,url_003226
knowledge_scrape\04_kicad_libraries_symbols_footprints\url_003227--gitlab.com-kicad-libraries-kicad-footprints-tree-master-Package_QFP.pretty.md,md,1095,04_kicad_libraries_symbols_footprints,knowledge_scrape\04_kicad_libraries_symbols_footprints,.md,url_003227
knowledge_scrape\04_kicad_libraries_symbols_footprints\url_003228--gitlab.com-kicad-libraries-kicad-footprints-tree-master-Package_SO.pretty.md,md,1091,04_kicad_libraries_symbols_footprints,knowledge_scrape\04_kicad_libraries_symbols_footprints,.md,url_003228
knowledge_scrape\04_kicad_libraries_symbols_footprints\url_003229--gitlab.com-kicad-libraries-kicad-footprints-tree-master-Package_TO_SOT_SMD.pretty.md,md,1123,04_kicad_libraries_symbols_footprints,knowledge_scrape\04_kicad_libraries_symbols_footprints,.md,url_003229
knowledge_scrape\04_kicad_libraries_symbols_footprints\url_003230--gitlab.com-kicad-libraries-kicad-footprints-tree-master-Potentiometer-Potentiometer_SMD_1.md,md,1232,04_kicad_libraries_symbols_footprints,knowledge_scrape\04_kicad_libraries_symbols_footprints,.md,url_003230
knowledge_scrape\04_kicad_libraries_symbols_footprints\url_003231--gitlab.com-kicad-libraries-kicad-footprints-tree-master-Potentiometer-Potentiometer_SMD_10.md,md,1237,04_kicad_libraries_symbols_footprints,knowledge_scrape\04_kicad_libraries_symbols_footprints,.md,url_003231
knowledge_scrape\04_kicad_libraries_symbols_footprints\url_003232--gitlab.com-kicad-libraries-kicad-footprints-tree-master-Potentiometer-Potentiometer_SMD_11.md,md,1237,04_kicad_libraries_symbols_footprints,knowledge_scrape\04_kicad_libraries_symbols_footprints,.md,url_003232
knowledge_scrape\04_kicad_libraries_symbols_footprints\url_003233--gitlab.com-kicad-libraries-kicad-footprints-tree-master-Potentiometer-Potentiometer_SMD_12.md,md,1237,04_kicad_libraries_symbols_footprints,knowledge_scrape\04_kicad_libraries_symbols_footprints,.md,url_003233
knowledge_scrape\04_kicad_libraries_symbols_footprints\url_003234--gitlab.com-kicad-libraries-kicad-footprints-tree-master-Potentiometer-Potentiometer_SMD_2.md,md,1232,04_kicad_libraries_symbols_footprints,knowledge_scrape\04_kicad_libraries_symbols_footprints,.md,url_003234
knowledge_scrape\04_kicad_libraries_symbols_footprints\url_003235--gitlab.com-kicad-libraries-kicad-footprints-tree-master-Potentiometer-Potentiometer_SMD_3.md,md,1232,04_kicad_libraries_symbols_footprints,knowledge_scrape\04_kicad_libraries_symbols_footprints,.md,url_003235
knowledge_scrape\04_kicad_libraries_symbols_footprints\url_003236--gitlab.com-kicad-libraries-kicad-footprints-tree-master-Potentiometer-Potentiometer_SMD_4.md,md,1232,04_kicad_libraries_symbols_footprints,knowledge_scrape\04_kicad_libraries_symbols_footprints,.md,url_003236
knowledge_scrape\04_kicad_libraries_symbols_footprints\url_003237--gitlab.com-kicad-libraries-kicad-footprints-tree-master-Potentiometer-Potentiometer_SMD_5.md,md,1232,04_kicad_libraries_symbols_footprints,knowledge_scrape\04_kicad_libraries_symbols_footprints,.md,url_003237
knowledge_scrape\04_kicad_libraries_symbols_footprints\url_003238--gitlab.com-kicad-libraries-kicad-footprints-tree-master-Potentiometer-Potentiometer_SMD_6.md,md,1232,04_kicad_libraries_symbols_footprints,knowledge_scrape\04_kicad_libraries_symbols_footprints,.md,url_003238
knowledge_scrape\04_kicad_libraries_symbols_footprints\url_003239--gitlab.com-kicad-libraries-kicad-footprints-tree-master-Potentiometer-Potentiometer_SMD_7.md,md,1232,04_kicad_libraries_symbols_footprints,knowledge_scrape\04_kicad_libraries_symbols_footprints,.md,url_003239
knowledge_scrape\04_kicad_libraries_symbols_footprints\url_003240--gitlab.com-kicad-libraries-kicad-footprints-tree-master-Potentiometer-Potentiometer_SMD_8.md,md,1232,04_kicad_libraries_symbols_footprints,knowledge_scrape\04_kicad_libraries_symbols_footprints,.md,url_003240
knowledge_scrape\04_kicad_libraries_symbols_footprints\url_003241--gitlab.com-kicad-libraries-kicad-footprints-tree-master-Potentiometer-Potentiometer_SMD_9.md,md,1232,04_kicad_libraries_symbols_footprints,knowledge_scrape\04_kicad_libraries_symbols_footprints,.md,url_003241
knowledge_scrape\04_kicad_libraries_symbols_footprints\url_003242--gitlab.com-kicad-libraries-kicad-footprints-tree-master-Relay-Relay_SMD_1.md,md,1152,04_kicad_libraries_symbols_footprints,knowledge_scrape\04_kicad_libraries_symbols_footprints,.md,url_003242
knowledge_scrape\04_kicad_libraries_symbols_footprints\url_003243--gitlab.com-kicad-libraries-kicad-footprints-tree-master-Relay-Relay_SMD_10.md,md,1157,04_kicad_libraries_symbols_footprints,knowledge_scrape\04_kicad_libraries_symbols_footprints,.md,url_003243
knowledge_scrape\04_kicad_libraries_symbols_footprints\url_003244--gitlab.com-kicad-libraries-kicad-footprints-tree-master-Relay-Relay_SMD_11.md,md,1157,04_kicad_libraries_symbols_footprints,knowledge_scrape\04_kicad_libraries_symbols_footprints,.md,url_003244
knowledge_scrape\04_kicad_libraries_symbols_footprints\url_003245--gitlab.com-kicad-libraries-kicad-footprints-tree-master-Relay-Relay_SMD_12.md,md,1157,04_kicad_libraries_symbols_footprints,knowledge_scrape\04_kicad_libraries_symbols_footprints,.md,url_003245
knowledge_scrape\04_kicad_libraries_symbols_footprints\url_003246--gitlab.com-kicad-libraries-kicad-footprints-tree-master-Relay-Relay_SMD_2.md,md,1152,04_kicad_libraries_symbols_footprints,knowledge_scrape\04_kicad_libraries_symbols_footprints,.md,url_003246
knowledge_scrape\04_kicad_libraries_symbols_footprints\url_003247--gitlab.com-kicad-libraries-kicad-footprints-tree-master-Relay-Relay_SMD_3.md,md,1152,04_kicad_libraries_symbols_footprints,knowledge_scrape\04_kicad_libraries_symbols_footprints,.md,url_003247
knowledge_scrape\04_kicad_libraries_symbols_footprints\url_003248--gitlab.com-kicad-libraries-kicad-footprints-tree-master-Relay-Relay_SMD_4.md,md,1152,04_kicad_libraries_symbols_footprints,knowledge_scrape\04_kicad_libraries_symbols_footprints,.md,url_003248
knowledge_scrape\04_kicad_libraries_symbols_footprints\url_003249--gitlab.com-kicad-libraries-kicad-footprints-tree-master-Relay-Relay_SMD_5.md,md,1152,04_kicad_libraries_symbols_footprints,knowledge_scrape\04_kicad_libraries_symbols_footprints,.md,url_003249
knowledge_scrape\04_kicad_libraries_symbols_footprints\url_003250--gitlab.com-kicad-libraries-kicad-footprints-tree-master-Relay-Relay_SMD_6.md,md,1152,04_kicad_libraries_symbols_footprints,knowledge_scrape\04_kicad_libraries_symbols_footprints,.md,url_003250
knowledge_scrape\04_kicad_libraries_symbols_footprints\url_003251--gitlab.com-kicad-libraries-kicad-footprints-tree-master-Relay-Relay_SMD_7.md,md,1152,04_kicad_libraries_symbols_footprints,knowledge_scrape\04_kicad_libraries_symbols_footprints,.md,url_003251
knowledge_scrape\04_kicad_libraries_symbols_footprints\url_003252--gitlab.com-kicad-libraries-kicad-footprints-tree-master-Relay-Relay_SMD_8.md,md,1152,04_kicad_libraries_symbols_footprints,knowledge_scrape\04_kicad_libraries_symbols_footprints,.md,url_003252
knowledge_scrape\04_kicad_libraries_symbols_footprints\url_003253--gitlab.com-kicad-libraries-kicad-footprints-tree-master-Relay-Relay_SMD_9.md,md,1152,04_kicad_libraries_symbols_footprints,knowledge_scrape\04_kicad_libraries_symbols_footprints,.md,url_003253
knowledge_scrape\04_kicad_libraries_symbols_footprints\url_003254--gitlab.com-kicad-libraries-kicad-footprints-tree-master-Resistor_SMD-R1.md,md,1142,04_kicad_libraries_symbols_footprints,knowledge_scrape\04_kicad_libraries_symbols_footprints,.md,url_003254
knowledge_scrape\04_kicad_libraries_symbols_footprints\url_003255--gitlab.com-kicad-libraries-kicad-footprints-tree-master-Resistor_SMD-R10.md,md,1147,04_kicad_libraries_symbols_footprints,knowledge_scrape\04_kicad_libraries_symbols_footprints,.md,url_003255
knowledge_scrape\04_kicad_libraries_symbols_footprints\url_003256--gitlab.com-kicad-libraries-kicad-footprints-tree-master-Resistor_SMD-R100.md,md,1152,04_kicad_libraries_symbols_footprints,knowledge_scrape\04_kicad_libraries_symbols_footprints,.md,url_003256
knowledge_scrape\04_kicad_libraries_symbols_footprints\url_003257--gitlab.com-kicad-libraries-kicad-footprints-tree-master-Resistor_SMD-R11.md,md,1147,04_kicad_libraries_symbols_footprints,knowledge_scrape\04_kicad_libraries_symbols_footprints,.md,url_003257
knowledge_scrape\04_kicad_libraries_symbols_footprints\url_003258--gitlab.com-kicad-libraries-kicad-footprints-tree-master-Resistor_SMD-R12.md,md,1147,04_kicad_libraries_symbols_footprints,knowledge_scrape\04_kicad_libraries_symbols_footprints,.md,url_003258
knowledge_scrape\04_kicad_libraries_symbols_footprints\url_003259--gitlab.com-kicad-libraries-kicad-footprints-tree-master-Resistor_SMD-R13.md,md,1147,04_kicad_libraries_symbols_footprints,knowledge_scrape\04_kicad_libraries_symbols_footprints,.md,url_003259
knowledge_scrape\04_kicad_libraries_symbols_footprints\url_003260--gitlab.com-kicad-libraries-kicad-footprints-tree-master-Resistor_SMD-R14.md,md,1147,04_kicad_libraries_symbols_footprints,knowledge_scrape\04_kicad_libraries_symbols_footprints,.md,url_003260
knowledge_scrape\04_kicad_libraries_symbols_footprints\url_003261--gitlab.com-kicad-libraries-kicad-footprints-tree-master-Resistor_SMD-R15.md,md,1147,04_kicad_libraries_symbols_footprints,knowledge_scrape\04_kicad_libraries_symbols_footprints,.md,url_003261
knowledge_scrape\04_kicad_libraries_symbols_footprints\url_003262--gitlab.com-kicad-libraries-kicad-footprints-tree-master-Resistor_SMD-R16.md,md,1147,04_kicad_libraries_symbols_footprints,knowledge_scrape\04_kicad_libraries_symbols_footprints,.md,url_003262
knowledge_scrape\04_kicad_libraries_symbols_footprints\url_003263--gitlab.com-kicad-libraries-kicad-footprints-tree-master-Resistor_SMD-R17.md,md,1147,04_kicad_libraries_symbols_footprints,knowledge_scrape\04_kicad_libraries_symbols_footprints,.md,url_003263
knowledge_scrape\04_kicad_libraries_symbols_footprints\url_003264--gitlab.com-kicad-libraries-kicad-footprints-tree-master-Resistor_SMD-R18.md,md,1147,04_kicad_libraries_symbols_footprints,knowledge_scrape\04_kicad_libraries_symbols_footprints,.md,url_003264
knowledge_scrape\04_kicad_libraries_symbols_footprints\url_003265--gitlab.com-kicad-libraries-kicad-footprints-tree-master-Resistor_SMD-R19.md,md,1147,04_kicad_libraries_symbols_footprints,knowledge_scrape\04_kicad_libraries_symbols_footprints,.md,url_003265
knowledge_scrape\04_kicad_libraries_symbols_footprints\url_003266--gitlab.com-kicad-libraries-kicad-footprints-tree-master-Resistor_SMD-R2.md,md,1142,04_kicad_libraries_symbols_footprints,knowledge_scrape\04_kicad_libraries_symbols_footprints,.md,url_003266
knowledge_scrape\04_kicad_libraries_symbols_footprints\url_003267--gitlab.com-kicad-libraries-kicad-footprints-tree-master-Resistor_SMD-R20.md,md,1147,04_kicad_libraries_symbols_footprints,knowledge_scrape\04_kicad_libraries_symbols_footprints,.md,url_003267
knowledge_scrape\04_kicad_libraries_symbols_footprints\url_003268--gitlab.com-kicad-libraries-kicad-footprints-tree-master-Resistor_SMD-R21.md,md,1147,04_kicad_libraries_symbols_footprints,knowledge_scrape\04_kicad_libraries_symbols_footprints,.md,url_003268
knowledge_scrape\04_kicad_libraries_symbols_footprints\url_003269--gitlab.com-kicad-libraries-kicad-footprints-tree-master-Resistor_SMD-R22.md,md,1147,04_kicad_libraries_symbols_footprints,knowledge_scrape\04_kicad_libraries_symbols_footprints,.md,url_003269
knowledge_scrape\04_kicad_libraries_symbols_footprints\url_003270--gitlab.com-kicad-libraries-kicad-footprints-tree-master-Resistor_SMD-R23.md,md,1147,04_kicad_libraries_symbols_footprints,knowledge_scrape\04_kicad_libraries_symbols_footprints,.md,url_003270
knowledge_scrape\04_kicad_libraries_symbols_footprints\url_003271--gitlab.com-kicad-libraries-kicad-footprints-tree-master-Resistor_SMD-R24.md,md,1147,04_kicad_libraries_symbols_footprints,knowledge_scrape\04_kicad_libraries_symbols_footprints,.md,url_003271
knowledge_scrape\04_kicad_libraries_symbols_footprints\url_003272--gitlab.com-kicad-libraries-kicad-footprints-tree-master-Resistor_SMD-R25.md,md,1147,04_kicad_libraries_symbols_footprints,knowledge_scrape\04_kicad_libraries_symbols_footprints,.md,url_003272
knowledge_scrape\04_kicad_libraries_symbols_footprints\url_003273--gitlab.com-kicad-libraries-kicad-footprints-tree-master-Resistor_SMD-R26.md,md,1147,04_kicad_libraries_symbols_footprints,knowledge_scrape\04_kicad_libraries_symbols_footprints,.md,url_003273
knowledge_scrape\04_kicad_libraries_symbols_footprints\url_003274--gitlab.com-kicad-libraries-kicad-footprints-tree-master-Resistor_SMD-R27.md,md,1147,04_kicad_libraries_symbols_footprints,knowledge_scrape\04_kicad_libraries_symbols_footprints,.md,url_003274
knowledge_scrape\04_kicad_libraries_symbols_footprints\url_003275--gitlab.com-kicad-libraries-kicad-footprints-tree-master-Resistor_SMD-R28.md,md,1147,04_kicad_libraries_symbols_footprints,knowledge_scrape\04_kicad_libraries_symbols_footprints,.md,url_003275
knowledge_scrape\04_kicad_libraries_symbols_footprints\url_003276--gitlab.com-kicad-libraries-kicad-footprints-tree-master-Resistor_SMD-R29.md,md,1147,04_kicad_libraries_symbols_footprints,knowledge_scrape\04_kicad_libraries_symbols_footprints,.md,url_003276
knowledge_scrape\04_kicad_libraries_symbols_footprints\url_003277--gitlab.com-kicad-libraries-kicad-footprints-tree-master-Resistor_SMD-R3.md,md,1142,04_kicad_libraries_symbols_footprints,knowledge_scrape\04_kicad_libraries_symbols_footprints,.md,url_003277
knowledge_scrape\04_kicad_libraries_symbols_footprints\url_003278--gitlab.com-kicad-libraries-kicad-footprints-tree-master-Resistor_SMD-R30.md,md,1147,04_kicad_libraries_symbols_footprints,knowledge_scrape\04_kicad_libraries_symbols_footprints,.md,url_003278
knowledge_scrape\04_kicad_libraries_symbols_footprints\url_003279--gitlab.com-kicad-libraries-kicad-footprints-tree-master-Resistor_SMD-R31.md,md,1147,04_kicad_libraries_symbols_footprints,knowledge_scrape\04_kicad_libraries_symbols_footprints,.md,url_003279
knowledge_scrape\04_kicad_libraries_symbols_footprints\url_003280--gitlab.com-kicad-libraries-kicad-footprints-tree-master-Resistor_SMD-R32.md,md,1147,04_kicad_libraries_symbols_footprints,knowledge_scrape\04_kicad_libraries_symbols_footprints,.md,url_003280
knowledge_scrape\04_kicad_libraries_symbols_footprints\url_003281--gitlab.com-kicad-libraries-kicad-footprints-tree-master-Resistor_SMD-R33.md,md,1147,04_kicad_libraries_symbols_footprints,knowledge_scrape\04_kicad_libraries_symbols_footprints,.md,url_003281
knowledge_scrape\04_kicad_libraries_symbols_footprints\url_003282--gitlab.com-kicad-libraries-kicad-footprints-tree-master-Resistor_SMD-R34.md,md,1147,04_kicad_libraries_symbols_footprints,knowledge_scrape\04_kicad_libraries_symbols_footprints,.md,url_003282
knowledge_scrape\04_kicad_libraries_symbols_footprints\url_003283--gitlab.com-kicad-libraries-kicad-footprints-tree-master-Resistor_SMD-R35.md,md,1147,04_kicad_libraries_symbols_footprints,knowledge_scrape\04_kicad_libraries_symbols_footprints,.md,url_003283
knowledge_scrape\04_kicad_libraries_symbols_footprints\url_003284--gitlab.com-kicad-libraries-kicad-footprints-tree-master-Resistor_SMD-R36.md,md,1147,04_kicad_libraries_symbols_footprints,knowledge_scrape\04_kicad_libraries_symbols_footprints,.md,url_003284
knowledge_scrape\04_kicad_libraries_symbols_footprints\url_003285--gitlab.com-kicad-libraries-kicad-footprints-tree-master-Resistor_SMD-R37.md,md,1147,04_kicad_libraries_symbols_footprints,knowledge_scrape\04_kicad_libraries_symbols_footprints,.md,url_003285
knowledge_scrape\04_kicad_libraries_symbols_footprints\url_003286--gitlab.com-kicad-libraries-kicad-footprints-tree-master-Resistor_SMD-R38.md,md,1147,04_kicad_libraries_symbols_footprints,knowledge_scrape\04_kicad_libraries_symbols_footprints,.md,url_003286
knowledge_scrape\04_kicad_libraries_symbols_footprints\url_003287--gitlab.com-kicad-libraries-kicad-footprints-tree-master-Resistor_SMD-R39.md,md,1147,04_kicad_libraries_symbols_footprints,knowledge_scrape\04_kicad_libraries_symbols_footprints,.md,url_003287
knowledge_scrape\04_kicad_libraries_symbols_footprints\url_003288--gitlab.com-kicad-libraries-kicad-footprints-tree-master-Resistor_SMD-R4.md,md,1142,04_kicad_libraries_symbols_footprints,knowledge_scrape\04_kicad_libraries_symbols_footprints,.md,url_003288
knowledge_scrape\04_kicad_libraries_symbols_footprints\url_003289--gitlab.com-kicad-libraries-kicad-footprints-tree-master-Resistor_SMD-R40.md,md,1147,04_kicad_libraries_symbols_footprints,knowledge_scrape\04_kicad_libraries_symbols_footprints,.md,url_003289
knowledge_scrape\04_kicad_libraries_symbols_footprints\url_003290--gitlab.com-kicad-libraries-kicad-footprints-tree-master-Resistor_SMD-R41.md,md,1147,04_kicad_libraries_symbols_footprints,knowledge_scrape\04_kicad_libraries_symbols_footprints,.md,url_003290
knowledge_scrape\04_kicad_libraries_symbols_footprints\url_003291--gitlab.com-kicad-libraries-kicad-footprints-tree-master-Resistor_SMD-R42.md,md,1147,04_kicad_libraries_symbols_footprints,knowledge_scrape\04_kicad_libraries_symbols_footprints,.md,url_003291
knowledge_scrape\04_kicad_libraries_symbols_footprints\url_003292--gitlab.com-kicad-libraries-kicad-footprints-tree-master-Resistor_SMD-R43.md,md,1147,04_kicad_libraries_symbols_footprints,knowledge_scrape\04_kicad_libraries_symbols_footprints,.md,url_003292
knowledge_scrape\04_kicad_libraries_symbols_footprints\url_003293--gitlab.com-kicad-libraries-kicad-footprints-tree-master-Resistor_SMD-R44.md,md,1147,04_kicad_libraries_symbols_footprints,knowledge_scrape\04_kicad_libraries_symbols_footprints,.md,url_003293
knowledge_scrape\04_kicad_libraries_symbols_footprints\url_003294--gitlab.com-kicad-libraries-kicad-footprints-tree-master-Resistor_SMD-R45.md,md,1147,04_kicad_libraries_symbols_footprints,knowledge_scrape\04_kicad_libraries_symbols_footprints,.md,url_003294
knowledge_scrape\04_kicad_libraries_symbols_footprints\url_003295--gitlab.com-kicad-libraries-kicad-footprints-tree-master-Resistor_SMD-R46.md,md,1147,04_kicad_libraries_symbols_footprints,knowledge_scrape\04_kicad_libraries_symbols_footprints,.md,url_003295
knowledge_scrape\04_kicad_libraries_symbols_footprints\url_003296--gitlab.com-kicad-libraries-kicad-footprints-tree-master-Resistor_SMD-R47.md,md,1147,04_kicad_libraries_symbols_footprints,knowledge_scrape\04_kicad_libraries_symbols_footprints,.md,url_003296
knowledge_scrape\04_kicad_libraries_symbols_footprints\url_003297--gitlab.com-kicad-libraries-kicad-footprints-tree-master-Resistor_SMD-R48.md,md,1147,04_kicad_libraries_symbols_footprints,knowledge_scrape\04_kicad_libraries_symbols_footprints,.md,url_003297
knowledge_scrape\04_kicad_libraries_symbols_footprints\url_003298--gitlab.com-kicad-libraries-kicad-footprints-tree-master-Resistor_SMD-R49.md,md,1147,04_kicad_libraries_symbols_footprints,knowledge_scrape\04_kicad_libraries_symbols_footprints,.md,url_003298
knowledge_scrape\04_kicad_libraries_symbols_footprints\url_003299--gitlab.com-kicad-libraries-kicad-footprints-tree-master-Resistor_SMD-R5.md,md,1142,04_kicad_libraries_symbols_footprints,knowledge_scrape\04_kicad_libraries_symbols_footprints,.md,url_003299
knowledge_scrape\04_kicad_libraries_symbols_footprints\url_003300--gitlab.com-kicad-libraries-kicad-footprints-tree-master-Resistor_SMD-R50.md,md,1147,04_kicad_libraries_symbols_footprints,knowledge_scrape\04_kicad_libraries_symbols_footprints,.md,url_003300
knowledge_scrape\04_kicad_libraries_symbols_footprints\url_003301--gitlab.com-kicad-libraries-kicad-footprints-tree-master-Resistor_SMD-R51.md,md,1147,04_kicad_libraries_symbols_footprints,knowledge_scrape\04_kicad_libraries_symbols_footprints,.md,url_003301
knowledge_scrape\04_kicad_libraries_symbols_footprints\url_003302--gitlab.com-kicad-libraries-kicad-footprints-tree-master-Resistor_SMD-R52.md,md,1147,04_kicad_libraries_symbols_footprints,knowledge_scrape\04_kicad_libraries_symbols_footprints,.md,url_003302
knowledge_scrape\04_kicad_libraries_symbols_footprints\url_003303--gitlab.com-kicad-libraries-kicad-footprints-tree-master-Resistor_SMD-R53.md,md,1147,04_kicad_libraries_symbols_footprints,knowledge_scrape\04_kicad_libraries_symbols_footprints,.md,url_003303
knowledge_scrape\04_kicad_libraries_symbols_footprints\url_003304--gitlab.com-kicad-libraries-kicad-footprints-tree-master-Resistor_SMD-R54.md,md,1147,04_kicad_libraries_symbols_footprints,knowledge_scrape\04_kicad_libraries_symbols_footprints,.md,url_003304
knowledge_scrape\04_kicad_libraries_symbols_footprints\url_003305--gitlab.com-kicad-libraries-kicad-footprints-tree-master-Resistor_SMD-R55.md,md,1147,04_kicad_libraries_symbols_footprints,knowledge_scrape\04_kicad_libraries_symbols_footprints,.md,url_003305
knowledge_scrape\04_kicad_libraries_symbols_footprints\url_003306--gitlab.com-kicad-libraries-kicad-footprints-tree-master-Resistor_SMD-R56.md,md,1147,04_kicad_libraries_symbols_footprints,knowledge_scrape\04_kicad_libraries_symbols_footprints,.md,url_003306
knowledge_scrape\04_kicad_libraries_symbols_footprints\url_003307--gitlab.com-kicad-libraries-kicad-footprints-tree-master-Resistor_SMD-R57.md,md,1147,04_kicad_libraries_symbols_footprints,knowledge_scrape\04_kicad_libraries_symbols_footprints,.md,url_003307
knowledge_scrape\04_kicad_libraries_symbols_footprints\url_003308--gitlab.com-kicad-libraries-kicad-footprints-tree-master-Resistor_SMD-R58.md,md,1147,04_kicad_libraries_symbols_footprints,knowledge_scrape\04_kicad_libraries_symbols_footprints,.md,url_003308
knowledge_scrape\04_kicad_libraries_symbols_footprints\url_003309--gitlab.com-kicad-libraries-kicad-footprints-tree-master-Resistor_SMD-R59.md,md,1147,04_kicad_libraries_symbols_footprints,knowledge_scrape\04_kicad_libraries_symbols_footprints,.md,url_003309
knowledge_scrape\04_kicad_libraries_symbols_footprints\url_003310--gitlab.com-kicad-libraries-kicad-footprints-tree-master-Resistor_SMD-R6.md,md,1142,04_kicad_libraries_symbols_footprints,knowledge_scrape\04_kicad_libraries_symbols_footprints,.md,url_003310
knowledge_scrape\04_kicad_libraries_symbols_footprints\url_003311--gitlab.com-kicad-libraries-kicad-footprints-tree-master-Resistor_SMD-R60.md,md,1147,04_kicad_libraries_symbols_footprints,knowledge_scrape\04_kicad_libraries_symbols_footprints,.md,url_003311
knowledge_scrape\04_kicad_libraries_symbols_footprints\url_003312--gitlab.com-kicad-libraries-kicad-footprints-tree-master-Resistor_SMD-R61.md,md,1147,04_kicad_libraries_symbols_footprints,knowledge_scrape\04_kicad_libraries_symbols_footprints,.md,url_003312
knowledge_scrape\04_kicad_libraries_symbols_footprints\url_003313--gitlab.com-kicad-libraries-kicad-footprints-tree-master-Resistor_SMD-R62.md,md,1147,04_kicad_libraries_symbols_footprints,knowledge_scrape\04_kicad_libraries_symbols_footprints,.md,url_003313
knowledge_scrape\04_kicad_libraries_symbols_footprints\url_003314--gitlab.com-kicad-libraries-kicad-footprints-tree-master-Resistor_SMD-R63.md,md,1147,04_kicad_libraries_symbols_footprints,knowledge_scrape\04_kicad_libraries_symbols_footprints,.md,url_003314
knowledge_scrape\04_kicad_libraries_symbols_footprints\url_003315--gitlab.com-kicad-libraries-kicad-footprints-tree-master-Resistor_SMD-R64.md,md,1147,04_kicad_libraries_symbols_footprints,knowledge_scrape\04_kicad_libraries_symbols_footprints,.md,url_003315
knowledge_scrape\04_kicad_libraries_symbols_footprints\url_003316--gitlab.com-kicad-libraries-kicad-footprints-tree-master-Resistor_SMD-R65.md,md,1147,04_kicad_libraries_symbols_footprints,knowledge_scrape\04_kicad_libraries_symbols_footprints,.md,url_003316
knowledge_scrape\04_kicad_libraries_symbols_footprints\url_003317--gitlab.com-kicad-libraries-kicad-footprints-tree-master-Resistor_SMD-R66.md,md,1147,04_kicad_libraries_symbols_footprints,knowledge_scrape\04_kicad_libraries_symbols_footprints,.md,url_003317
knowledge_scrape\04_kicad_libraries_symbols_footprints\url_003318--gitlab.com-kicad-libraries-kicad-footprints-tree-master-Resistor_SMD-R67.md,md,1147,04_kicad_libraries_symbols_footprints,knowledge_scrape\04_kicad_libraries_symbols_footprints,.md,url_003318
knowledge_scrape\04_kicad_libraries_symbols_footprints\url_003319--gitlab.com-kicad-libraries-kicad-footprints-tree-master-Resistor_SMD-R68.md,md,1147,04_kicad_libraries_symbols_footprints,knowledge_scrape\04_kicad_libraries_symbols_footprints,.md,url_003319
knowledge_scrape\04_kicad_libraries_symbols_footprints\url_003320--gitlab.com-kicad-libraries-kicad-footprints-tree-master-Resistor_SMD-R69.md,md,1147,04_kicad_libraries_symbols_footprints,knowledge_scrape\04_kicad_libraries_symbols_footprints,.md,url_003320
knowledge_scrape\04_kicad_libraries_symbols_footprints\url_003321--gitlab.com-kicad-libraries-kicad-footprints-tree-master-Resistor_SMD-R7.md,md,1142,04_kicad_libraries_symbols_footprints,knowledge_scrape\04_kicad_libraries_symbols_footprints,.md,url_003321
knowledge_scrape\04_kicad_libraries_symbols_footprints\url_003322--gitlab.com-kicad-libraries-kicad-footprints-tree-master-Resistor_SMD-R70.md,md,1147,04_kicad_libraries_symbols_footprints,knowledge_scrape\04_kicad_libraries_symbols_footprints,.md,url_003322
knowledge_scrape\04_kicad_libraries_symbols_footprints\url_003323--gitlab.com-kicad-libraries-kicad-footprints-tree-master-Resistor_SMD-R71.md,md,1147,04_kicad_libraries_symbols_footprints,knowledge_scrape\04_kicad_libraries_symbols_footprints,.md,url_003323
knowledge_scrape\04_kicad_libraries_symbols_footprints\url_003324--gitlab.com-kicad-libraries-kicad-footprints-tree-master-Resistor_SMD-R72.md,md,1147,04_kicad_libraries_symbols_footprints,knowledge_scrape\04_kicad_libraries_symbols_footprints,.md,url_003324
knowledge_scrape\04_kicad_libraries_symbols_footprints\url_003325--gitlab.com-kicad-libraries-kicad-footprints-tree-master-Resistor_SMD-R73.md,md,1147,04_kicad_libraries_symbols_footprints,knowledge_scrape\04_kicad_libraries_symbols_footprints,.md,url_003325
knowledge_scrape\04_kicad_libraries_symbols_footprints\url_003326--gitlab.com-kicad-libraries-kicad-footprints-tree-master-Resistor_SMD-R74.md,md,1147,04_kicad_libraries_symbols_footprints,knowledge_scrape\04_kicad_libraries_symbols_footprints,.md,url_003326
knowledge_scrape\04_kicad_libraries_symbols_footprints\url_003327--gitlab.com-kicad-libraries-kicad-footprints-tree-master-Resistor_SMD-R75.md,md,1147,04_kicad_libraries_symbols_footprints,knowledge_scrape\04_kicad_libraries_symbols_footprints,.md,url_003327
knowledge_scrape\04_kicad_libraries_symbols_footprints\url_003328--gitlab.com-kicad-libraries-kicad-footprints-tree-master-Resistor_SMD-R76.md,md,1147,04_kicad_libraries_symbols_footprints,knowledge_scrape\04_kicad_libraries_symbols_footprints,.md,url_003328
knowledge_scrape\04_kicad_libraries_symbols_footprints\url_003329--gitlab.com-kicad-libraries-kicad-footprints-tree-master-Resistor_SMD-R77.md,md,1147,04_kicad_libraries_symbols_footprints,knowledge_scrape\04_kicad_libraries_symbols_footprints,.md,url_003329
knowledge_scrape\04_kicad_libraries_symbols_footprints\url_003330--gitlab.com-kicad-libraries-kicad-footprints-tree-master-Resistor_SMD-R78.md,md,1147,04_kicad_libraries_symbols_footprints,knowledge_scrape\04_kicad_libraries_symbols_footprints,.md,url_003330
knowledge_scrape\04_kicad_libraries_symbols_footprints\url_003331--gitlab.com-kicad-libraries-kicad-footprints-tree-master-Resistor_SMD-R79.md,md,1147,04_kicad_libraries_symbols_footprints,knowledge_scrape\04_kicad_libraries_symbols_footprints,.md,url_003331
knowledge_scrape\04_kicad_libraries_symbols_footprints\url_003332--gitlab.com-kicad-libraries-kicad-footprints-tree-master-Resistor_SMD-R8.md,md,1142,04_kicad_libraries_symbols_footprints,knowledge_scrape\04_kicad_libraries_symbols_footprints,.md,url_003332
knowledge_scrape\04_kicad_libraries_symbols_footprints\url_003333--gitlab.com-kicad-libraries-kicad-footprints-tree-master-Resistor_SMD-R80.md,md,1147,04_kicad_libraries_symbols_footprints,knowledge_scrape\04_kicad_libraries_symbols_footprints,.md,url_003333
knowledge_scrape\04_kicad_libraries_symbols_footprints\url_003334--gitlab.com-kicad-libraries-kicad-footprints-tree-master-Resistor_SMD-R81.md,md,1147,04_kicad_libraries_symbols_footprints,knowledge_scrape\04_kicad_libraries_symbols_footprints,.md,url_003334
knowledge_scrape\04_kicad_libraries_symbols_footprints\url_003335--gitlab.com-kicad-libraries-kicad-footprints-tree-master-Resistor_SMD-R82.md,md,1147,04_kicad_libraries_symbols_footprints,knowledge_scrape\04_kicad_libraries_symbols_footprints,.md,url_003335
knowledge_scrape\04_kicad_libraries_symbols_footprints\url_003336--gitlab.com-kicad-libraries-kicad-footprints-tree-master-Resistor_SMD-R83.md,md,1147,04_kicad_libraries_symbols_footprints,knowledge_scrape\04_kicad_libraries_symbols_footprints,.md,url_003336
knowledge_scrape\04_kicad_libraries_symbols_footprints\url_003337--gitlab.com-kicad-libraries-kicad-footprints-tree-master-Resistor_SMD-R84.md,md,1147,04_kicad_libraries_symbols_footprints,knowledge_scrape\04_kicad_libraries_symbols_footprints,.md,url_003337
knowledge_scrape\04_kicad_libraries_symbols_footprints\url_003338--gitlab.com-kicad-libraries-kicad-footprints-tree-master-Resistor_SMD-R85.md,md,1147,04_kicad_libraries_symbols_footprints,knowledge_scrape\04_kicad_libraries_symbols_footprints,.md,url_003338
knowledge_scrape\04_kicad_libraries_symbols_footprints\url_003339--gitlab.com-kicad-libraries-kicad-footprints-tree-master-Resistor_SMD-R86.md,md,1147,04_kicad_libraries_symbols_footprints,knowledge_scrape\04_kicad_libraries_symbols_footprints,.md,url_003339
knowledge_scrape\04_kicad_libraries_symbols_footprints\url_003340--gitlab.com-kicad-libraries-kicad-footprints-tree-master-Resistor_SMD-R87.md,md,1147,04_kicad_libraries_symbols_footprints,knowledge_scrape\04_kicad_libraries_symbols_footprints,.md,url_003340
knowledge_scrape\04_kicad_libraries_symbols_footprints\url_003341--gitlab.com-kicad-libraries-kicad-footprints-tree-master-Resistor_SMD-R88.md,md,1147,04_kicad_libraries_symbols_footprints,knowledge_scrape\04_kicad_libraries_symbols_footprints,.md,url_003341
knowledge_scrape\04_kicad_libraries_symbols_footprints\url_003342--gitlab.com-kicad-libraries-kicad-footprints-tree-master-Resistor_SMD-R89.md,md,1147,04_kicad_libraries_symbols_footprints,knowledge_scrape\04_kicad_libraries_symbols_footprints,.md,url_003342
knowledge_scrape\04_kicad_libraries_symbols_footprints\url_003343--gitlab.com-kicad-libraries-kicad-footprints-tree-master-Resistor_SMD-R9.md,md,1142,04_kicad_libraries_symbols_footprints,knowledge_scrape\04_kicad_libraries_symbols_footprints,.md,url_003343
knowledge_scrape\04_kicad_libraries_symbols_footprints\url_003344--gitlab.com-kicad-libraries-kicad-footprints-tree-master-Resistor_SMD-R90.md,md,1147,04_kicad_libraries_symbols_footprints,knowledge_scrape\04_kicad_libraries_symbols_footprints,.md,url_003344
knowledge_scrape\04_kicad_libraries_symbols_footprints\url_003345--gitlab.com-kicad-libraries-kicad-footprints-tree-master-Resistor_SMD-R91.md,md,1147,04_kicad_libraries_symbols_footprints,knowledge_scrape\04_kicad_libraries_symbols_footprints,.md,url_003345
knowledge_scrape\04_kicad_libraries_symbols_footprints\url_003346--gitlab.com-kicad-libraries-kicad-footprints-tree-master-Resistor_SMD-R92.md,md,1147,04_kicad_libraries_symbols_footprints,knowledge_scrape\04_kicad_libraries_symbols_footprints,.md,url_003346
knowledge_scrape\04_kicad_libraries_symbols_footprints\url_003347--gitlab.com-kicad-libraries-kicad-footprints-tree-master-Resistor_SMD-R93.md,md,1147,04_kicad_libraries_symbols_footprints,knowledge_scrape\04_kicad_libraries_symbols_footprints,.md,url_003347
knowledge_scrape\04_kicad_libraries_symbols_footprints\url_003348--gitlab.com-kicad-libraries-kicad-footprints-tree-master-Resistor_SMD-R94.md,md,1147,04_kicad_libraries_symbols_footprints,knowledge_scrape\04_kicad_libraries_symbols_footprints,.md,url_003348
knowledge_scrape\04_kicad_libraries_symbols_footprints\url_003349--gitlab.com-kicad-libraries-kicad-footprints-tree-master-Resistor_SMD-R95.md,md,1147,04_kicad_libraries_symbols_footprints,knowledge_scrape\04_kicad_libraries_symbols_footprints,.md,url_003349
knowledge_scrape\04_kicad_libraries_symbols_footprints\url_003350--gitlab.com-kicad-libraries-kicad-footprints-tree-master-Resistor_SMD-R96.md,md,1147,04_kicad_libraries_symbols_footprints,knowledge_scrape\04_kicad_libraries_symbols_footprints,.md,url_003350
knowledge_scrape\04_kicad_libraries_symbols_footprints\url_003351--gitlab.com-kicad-libraries-kicad-footprints-tree-master-Resistor_SMD-R97.md,md,1147,04_kicad_libraries_symbols_footprints,knowledge_scrape\04_kicad_libraries_symbols_footprints,.md,url_003351
knowledge_scrape\04_kicad_libraries_symbols_footprints\url_003352--gitlab.com-kicad-libraries-kicad-footprints-tree-master-Resistor_SMD-R98.md,md,1147,04_kicad_libraries_symbols_footprints,knowledge_scrape\04_kicad_libraries_symbols_footprints,.md,url_003352
knowledge_scrape\04_kicad_libraries_symbols_footprints\url_003353--gitlab.com-kicad-libraries-kicad-footprints-tree-master-Resistor_SMD-R99.md,md,1147,04_kicad_libraries_symbols_footprints,knowledge_scrape\04_kicad_libraries_symbols_footprints,.md,url_003353
knowledge_scrape\04_kicad_libraries_symbols_footprints\url_003354--gitlab.com-kicad-libraries-kicad-footprints-tree-master-Resonator-Resonator_SMD_1.md,md,1192,04_kicad_libraries_symbols_footprints,knowledge_scrape\04_kicad_libraries_symbols_footprints,.md,url_003354
knowledge_scrape\04_kicad_libraries_symbols_footprints\url_003355--gitlab.com-kicad-libraries-kicad-footprints-tree-master-Resonator-Resonator_SMD_10.md,md,1197,04_kicad_libraries_symbols_footprints,knowledge_scrape\04_kicad_libraries_symbols_footprints,.md,url_003355
knowledge_scrape\04_kicad_libraries_symbols_footprints\url_003356--gitlab.com-kicad-libraries-kicad-footprints-tree-master-Resonator-Resonator_SMD_11.md,md,1197,04_kicad_libraries_symbols_footprints,knowledge_scrape\04_kicad_libraries_symbols_footprints,.md,url_003356
knowledge_scrape\04_kicad_libraries_symbols_footprints\url_003357--gitlab.com-kicad-libraries-kicad-footprints-tree-master-Resonator-Resonator_SMD_12.md,md,1197,04_kicad_libraries_symbols_footprints,knowledge_scrape\04_kicad_libraries_symbols_footprints,.md,url_003357
knowledge_scrape\04_kicad_libraries_symbols_footprints\url_003358--gitlab.com-kicad-libraries-kicad-footprints-tree-master-Resonator-Resonator_SMD_2.md,md,1192,04_kicad_libraries_symbols_footprints,knowledge_scrape\04_kicad_libraries_symbols_footprints,.md,url_003358
knowledge_scrape\04_kicad_libraries_symbols_footprints\url_003359--gitlab.com-kicad-libraries-kicad-footprints-tree-master-Resonator-Resonator_SMD_3.md,md,1192,04_kicad_libraries_symbols_footprints,knowledge_scrape\04_kicad_libraries_symbols_footprints,.md,url_003359
knowledge_scrape\04_kicad_libraries_symbols_footprints\url_003360--gitlab.com-kicad-libraries-kicad-footprints-tree-master-Resonator-Resonator_SMD_4.md,md,1192,04_kicad_libraries_symbols_footprints,knowledge_scrape\04_kicad_libraries_symbols_footprints,.md,url_003360
knowledge_scrape\04_kicad_libraries_symbols_footprints\url_003361--gitlab.com-kicad-libraries-kicad-footprints-tree-master-Resonator-Resonator_SMD_5.md,md,1192,04_kicad_libraries_symbols_footprints,knowledge_scrape\04_kicad_libraries_symbols_footprints,.md,url_003361
knowledge_scrape\04_kicad_libraries_symbols_footprints\url_003362--gitlab.com-kicad-libraries-kicad-footprints-tree-master-Resonator-Resonator_SMD_6.md,md,1192,04_kicad_libraries_symbols_footprints,knowledge_scrape\04_kicad_libraries_symbols_footprints,.md,url_003362
knowledge_scrape\04_kicad_libraries_symbols_footprints\url_003363--gitlab.com-kicad-libraries-kicad-footprints-tree-master-Resonator-Resonator_SMD_7.md,md,1192,04_kicad_libraries_symbols_footprints,knowledge_scrape\04_kicad_libraries_symbols_footprints,.md,url_003363
knowledge_scrape\04_kicad_libraries_symbols_footprints\url_003364--gitlab.com-kicad-libraries-kicad-footprints-tree-master-Resonator-Resonator_SMD_8.md,md,1192,04_kicad_libraries_symbols_footprints,knowledge_scrape\04_kicad_libraries_symbols_footprints,.md,url_003364
knowledge_scrape\04_kicad_libraries_symbols_footprints\url_003365--gitlab.com-kicad-libraries-kicad-footprints-tree-master-Resonator-Resonator_SMD_9.md,md,1192,04_kicad_libraries_symbols_footprints,knowledge_scrape\04_kicad_libraries_symbols_footprints,.md,url_003365
knowledge_scrape\04_kicad_libraries_symbols_footprints\url_003366--gitlab.com-kicad-libraries-kicad-footprints-tree-master-RF_Module.pretty.md,md,1087,04_kicad_libraries_symbols_footprints,knowledge_scrape\04_kicad_libraries_symbols_footprints,.md,url_003366
knowledge_scrape\04_kicad_libraries_symbols_footprints\url_003367--gitlab.com-kicad-libraries-kicad-footprints-tree-master-Sensor-Sensor_SMD_1.md,md,1162,04_kicad_libraries_symbols_footprints,knowledge_scrape\04_kicad_libraries_symbols_footprints,.md,url_003367
knowledge_scrape\04_kicad_libraries_symbols_footprints\url_003368--gitlab.com-kicad-libraries-kicad-footprints-tree-master-Sensor-Sensor_SMD_10.md,md,1167,04_kicad_libraries_symbols_footprints,knowledge_scrape\04_kicad_libraries_symbols_footprints,.md,url_003368
knowledge_scrape\04_kicad_libraries_symbols_footprints\url_003369--gitlab.com-kicad-libraries-kicad-footprints-tree-master-Sensor-Sensor_SMD_11.md,md,1167,04_kicad_libraries_symbols_footprints,knowledge_scrape\04_kicad_libraries_symbols_footprints,.md,url_003369
knowledge_scrape\04_kicad_libraries_symbols_footprints\url_003370--gitlab.com-kicad-libraries-kicad-footprints-tree-master-Sensor-Sensor_SMD_12.md,md,1167,04_kicad_libraries_symbols_footprints,knowledge_scrape\04_kicad_libraries_symbols_footprints,.md,url_003370
knowledge_scrape\04_kicad_libraries_symbols_footprints\url_003371--gitlab.com-kicad-libraries-kicad-footprints-tree-master-Sensor-Sensor_SMD_2.md,md,1162,04_kicad_libraries_symbols_footprints,knowledge_scrape\04_kicad_libraries_symbols_footprints,.md,url_003371
knowledge_scrape\04_kicad_libraries_symbols_footprints\url_003372--gitlab.com-kicad-libraries-kicad-footprints-tree-master-Sensor-Sensor_SMD_3.md,md,1162,04_kicad_libraries_symbols_footprints,knowledge_scrape\04_kicad_libraries_symbols_footprints,.md,url_003372
knowledge_scrape\04_kicad_libraries_symbols_footprints\url_003373--gitlab.com-kicad-libraries-kicad-footprints-tree-master-Sensor-Sensor_SMD_4.md,md,1162,04_kicad_libraries_symbols_footprints,knowledge_scrape\04_kicad_libraries_symbols_footprints,.md,url_003373
knowledge_scrape\04_kicad_libraries_symbols_footprints\url_003374--gitlab.com-kicad-libraries-kicad-footprints-tree-master-Sensor-Sensor_SMD_5.md,md,1162,04_kicad_libraries_symbols_footprints,knowledge_scrape\04_kicad_libraries_symbols_footprints,.md,url_003374
knowledge_scrape\04_kicad_libraries_symbols_footprints\url_003375--gitlab.com-kicad-libraries-kicad-footprints-tree-master-Sensor-Sensor_SMD_6.md,md,1162,04_kicad_libraries_symbols_footprints,knowledge_scrape\04_kicad_libraries_symbols_footprints,.md,url_003375
knowledge_scrape\04_kicad_libraries_symbols_footprints\url_003376--gitlab.com-kicad-libraries-kicad-footprints-tree-master-Sensor-Sensor_SMD_7.md,md,1162,04_kicad_libraries_symbols_footprints,knowledge_scrape\04_kicad_libraries_symbols_footprints,.md,url_003376
knowledge_scrape\04_kicad_libraries_symbols_footprints\url_003377--gitlab.com-kicad-libraries-kicad-footprints-tree-master-Sensor-Sensor_SMD_8.md,md,1162,04_kicad_libraries_symbols_footprints,knowledge_scrape\04_kicad_libraries_symbols_footprints,.md,url_003377
knowledge_scrape\04_kicad_libraries_symbols_footprints\url_003378--gitlab.com-kicad-libraries-kicad-footprints-tree-master-Sensor-Sensor_SMD_9.md,md,1162,04_kicad_libraries_symbols_footprints,knowledge_scrape\04_kicad_libraries_symbols_footprints,.md,url_003378
knowledge_scrape\04_kicad_libraries_symbols_footprints\url_003379--gitlab.com-kicad-libraries-kicad-footprints-tree-master-Speaker-Speaker_SMD_1.md,md,1172,04_kicad_libraries_symbols_footprints,knowledge_scrape\04_kicad_libraries_symbols_footprints,.md,url_003379
knowledge_scrape\04_kicad_libraries_symbols_footprints\url_003380--gitlab.com-kicad-libraries-kicad-footprints-tree-master-Speaker-Speaker_SMD_10.md,md,1177,04_kicad_libraries_symbols_footprints,knowledge_scrape\04_kicad_libraries_symbols_footprints,.md,url_003380
knowledge_scrape\04_kicad_libraries_symbols_footprints\url_003381--gitlab.com-kicad-libraries-kicad-footprints-tree-master-Speaker-Speaker_SMD_11.md,md,1177,04_kicad_libraries_symbols_footprints,knowledge_scrape\04_kicad_libraries_symbols_footprints,.md,url_003381
knowledge_scrape\04_kicad_libraries_symbols_footprints\url_003382--gitlab.com-kicad-libraries-kicad-footprints-tree-master-Speaker-Speaker_SMD_12.md,md,1177,04_kicad_libraries_symbols_footprints,knowledge_scrape\04_kicad_libraries_symbols_footprints,.md,url_003382
knowledge_scrape\04_kicad_libraries_symbols_footprints\url_003383--gitlab.com-kicad-libraries-kicad-footprints-tree-master-Speaker-Speaker_SMD_2.md,md,1172,04_kicad_libraries_symbols_footprints,knowledge_scrape\04_kicad_libraries_symbols_footprints,.md,url_003383
knowledge_scrape\04_kicad_libraries_symbols_footprints\url_003384--gitlab.com-kicad-libraries-kicad-footprints-tree-master-Speaker-Speaker_SMD_3.md,md,1172,04_kicad_libraries_symbols_footprints,knowledge_scrape\04_kicad_libraries_symbols_footprints,.md,url_003384
knowledge_scrape\04_kicad_libraries_symbols_footprints\url_003385--gitlab.com-kicad-libraries-kicad-footprints-tree-master-Speaker-Speaker_SMD_4.md,md,1172,04_kicad_libraries_symbols_footprints,knowledge_scrape\04_kicad_libraries_symbols_footprints,.md,url_003385
knowledge_scrape\04_kicad_libraries_symbols_footprints\url_003386--gitlab.com-kicad-libraries-kicad-footprints-tree-master-Speaker-Speaker_SMD_5.md,md,1172,04_kicad_libraries_symbols_footprints,knowledge_scrape\04_kicad_libraries_symbols_footprints,.md,url_003386
knowledge_scrape\04_kicad_libraries_symbols_footprints\url_003387--gitlab.com-kicad-libraries-kicad-footprints-tree-master-Speaker-Speaker_SMD_6.md,md,1172,04_kicad_libraries_symbols_footprints,knowledge_scrape\04_kicad_libraries_symbols_footprints,.md,url_003387
knowledge_scrape\04_kicad_libraries_symbols_footprints\url_003388--gitlab.com-kicad-libraries-kicad-footprints-tree-master-Speaker-Speaker_SMD_7.md,md,1172,04_kicad_libraries_symbols_footprints,knowledge_scrape\04_kicad_libraries_symbols_footprints,.md,url_003388
knowledge_scrape\04_kicad_libraries_symbols_footprints\url_003389--gitlab.com-kicad-libraries-kicad-footprints-tree-master-Speaker-Speaker_SMD_8.md,md,1172,04_kicad_libraries_symbols_footprints,knowledge_scrape\04_kicad_libraries_symbols_footprints,.md,url_003389
knowledge_scrape\04_kicad_libraries_symbols_footprints\url_003390--gitlab.com-kicad-libraries-kicad-footprints-tree-master-Speaker-Speaker_SMD_9.md,md,1172,04_kicad_libraries_symbols_footprints,knowledge_scrape\04_kicad_libraries_symbols_footprints,.md,url_003390
knowledge_scrape\04_kicad_libraries_symbols_footprints\url_003391--gitlab.com-kicad-libraries-kicad-footprints-tree-master-Switch-Switch_SMD_1.md,md,1162,04_kicad_libraries_symbols_footprints,knowledge_scrape\04_kicad_libraries_symbols_footprints,.md,url_003391
knowledge_scrape\04_kicad_libraries_symbols_footprints\url_003392--gitlab.com-kicad-libraries-kicad-footprints-tree-master-Switch-Switch_SMD_10.md,md,1167,04_kicad_libraries_symbols_footprints,knowledge_scrape\04_kicad_libraries_symbols_footprints,.md,url_003392
knowledge_scrape\04_kicad_libraries_symbols_footprints\url_003393--gitlab.com-kicad-libraries-kicad-footprints-tree-master-Switch-Switch_SMD_11.md,md,1167,04_kicad_libraries_symbols_footprints,knowledge_scrape\04_kicad_libraries_symbols_footprints,.md,url_003393
knowledge_scrape\04_kicad_libraries_symbols_footprints\url_003394--gitlab.com-kicad-libraries-kicad-footprints-tree-master-Switch-Switch_SMD_12.md,md,1167,04_kicad_libraries_symbols_footprints,knowledge_scrape\04_kicad_libraries_symbols_footprints,.md,url_003394
knowledge_scrape\04_kicad_libraries_symbols_footprints\url_003395--gitlab.com-kicad-libraries-kicad-footprints-tree-master-Switch-Switch_SMD_2.md,md,1162,04_kicad_libraries_symbols_footprints,knowledge_scrape\04_kicad_libraries_symbols_footprints,.md,url_003395
knowledge_scrape\04_kicad_libraries_symbols_footprints\url_003396--gitlab.com-kicad-libraries-kicad-footprints-tree-master-Switch-Switch_SMD_3.md,md,1162,04_kicad_libraries_symbols_footprints,knowledge_scrape\04_kicad_libraries_symbols_footprints,.md,url_003396
knowledge_scrape\04_kicad_libraries_symbols_footprints\url_003397--gitlab.com-kicad-libraries-kicad-footprints-tree-master-Switch-Switch_SMD_4.md,md,1162,04_kicad_libraries_symbols_footprints,knowledge_scrape\04_kicad_libraries_symbols_footprints,.md,url_003397
knowledge_scrape\04_kicad_libraries_symbols_footprints\url_003398--gitlab.com-kicad-libraries-kicad-footprints-tree-master-Switch-Switch_SMD_5.md,md,1162,04_kicad_libraries_symbols_footprints,knowledge_scrape\04_kicad_libraries_symbols_footprints,.md,url_003398
knowledge_scrape\04_kicad_libraries_symbols_footprints\url_003399--gitlab.com-kicad-libraries-kicad-footprints-tree-master-Switch-Switch_SMD_6.md,md,1162,04_kicad_libraries_symbols_footprints,knowledge_scrape\04_kicad_libraries_symbols_footprints,.md,url_003399
knowledge_scrape\04_kicad_libraries_symbols_footprints\url_003400--gitlab.com-kicad-libraries-kicad-footprints-tree-master-Switch-Switch_SMD_7.md,md,1162,04_kicad_libraries_symbols_footprints,knowledge_scrape\04_kicad_libraries_symbols_footprints,.md,url_003400
knowledge_scrape\04_kicad_libraries_symbols_footprints\url_003401--gitlab.com-kicad-libraries-kicad-footprints-tree-master-Switch-Switch_SMD_8.md,md,1162,04_kicad_libraries_symbols_footprints,knowledge_scrape\04_kicad_libraries_symbols_footprints,.md,url_003401
knowledge_scrape\04_kicad_libraries_symbols_footprints\url_003402--gitlab.com-kicad-libraries-kicad-footprints-tree-master-Switch-Switch_SMD_9.md,md,1162,04_kicad_libraries_symbols_footprints,knowledge_scrape\04_kicad_libraries_symbols_footprints,.md,url_003402
knowledge_scrape\04_kicad_libraries_symbols_footprints\url_003403--gitlab.com-kicad-libraries-kicad-footprints-tree-master-Thermistor-Thermistor_SMD_1.md,md,1202,04_kicad_libraries_symbols_footprints,knowledge_scrape\04_kicad_libraries_symbols_footprints,.md,url_003403
knowledge_scrape\04_kicad_libraries_symbols_footprints\url_003404--gitlab.com-kicad-libraries-kicad-footprints-tree-master-Thermistor-Thermistor_SMD_10.md,md,1207,04_kicad_libraries_symbols_footprints,knowledge_scrape\04_kicad_libraries_symbols_footprints,.md,url_003404
knowledge_scrape\04_kicad_libraries_symbols_footprints\url_003405--gitlab.com-kicad-libraries-kicad-footprints-tree-master-Thermistor-Thermistor_SMD_11.md,md,1207,04_kicad_libraries_symbols_footprints,knowledge_scrape\04_kicad_libraries_symbols_footprints,.md,url_003405
knowledge_scrape\04_kicad_libraries_symbols_footprints\url_003406--gitlab.com-kicad-libraries-kicad-footprints-tree-master-Thermistor-Thermistor_SMD_12.md,md,1207,04_kicad_libraries_symbols_footprints,knowledge_scrape\04_kicad_libraries_symbols_footprints,.md,url_003406
knowledge_scrape\04_kicad_libraries_symbols_footprints\url_003407--gitlab.com-kicad-libraries-kicad-footprints-tree-master-Thermistor-Thermistor_SMD_2.md,md,1202,04_kicad_libraries_symbols_footprints,knowledge_scrape\04_kicad_libraries_symbols_footprints,.md,url_003407
knowledge_scrape\04_kicad_libraries_symbols_footprints\url_003408--gitlab.com-kicad-libraries-kicad-footprints-tree-master-Thermistor-Thermistor_SMD_3.md,md,1202,04_kicad_libraries_symbols_footprints,knowledge_scrape\04_kicad_libraries_symbols_footprints,.md,url_003408
knowledge_scrape\04_kicad_libraries_symbols_footprints\url_003409--gitlab.com-kicad-libraries-kicad-footprints-tree-master-Thermistor-Thermistor_SMD_4.md,md,1202,04_kicad_libraries_symbols_footprints,knowledge_scrape\04_kicad_libraries_symbols_footprints,.md,url_003409
knowledge_scrape\04_kicad_libraries_symbols_footprints\url_003410--gitlab.com-kicad-libraries-kicad-footprints-tree-master-Thermistor-Thermistor_SMD_5.md,md,1202,04_kicad_libraries_symbols_footprints,knowledge_scrape\04_kicad_libraries_symbols_footprints,.md,url_003410
knowledge_scrape\04_kicad_libraries_symbols_footprints\url_003411--gitlab.com-kicad-libraries-kicad-footprints-tree-master-Thermistor-Thermistor_SMD_6.md,md,1202,04_kicad_libraries_symbols_footprints,knowledge_scrape\04_kicad_libraries_symbols_footprints,.md,url_003411
knowledge_scrape\04_kicad_libraries_symbols_footprints\url_003412--gitlab.com-kicad-libraries-kicad-footprints-tree-master-Thermistor-Thermistor_SMD_7.md,md,1202,04_kicad_libraries_symbols_footprints,knowledge_scrape\04_kicad_libraries_symbols_footprints,.md,url_003412
knowledge_scrape\04_kicad_libraries_symbols_footprints\url_003413--gitlab.com-kicad-libraries-kicad-footprints-tree-master-Thermistor-Thermistor_SMD_8.md,md,1202,04_kicad_libraries_symbols_footprints,knowledge_scrape\04_kicad_libraries_symbols_footprints,.md,url_003413
knowledge_scrape\04_kicad_libraries_symbols_footprints\url_003414--gitlab.com-kicad-libraries-kicad-footprints-tree-master-Thermistor-Thermistor_SMD_9.md,md,1202,04_kicad_libraries_symbols_footprints,knowledge_scrape\04_kicad_libraries_symbols_footprints,.md,url_003414
knowledge_scrape\04_kicad_libraries_symbols_footprints\url_003415--gitlab.com-kicad-libraries-kicad-footprints-tree-master-Transceiver-Transceiver_SMD_1.md,md,1212,04_kicad_libraries_symbols_footprints,knowledge_scrape\04_kicad_libraries_symbols_footprints,.md,url_003415
knowledge_scrape\04_kicad_libraries_symbols_footprints\url_003416--gitlab.com-kicad-libraries-kicad-footprints-tree-master-Transceiver-Transceiver_SMD_10.md,md,1217,04_kicad_libraries_symbols_footprints,knowledge_scrape\04_kicad_libraries_symbols_footprints,.md,url_003416
knowledge_scrape\04_kicad_libraries_symbols_footprints\url_003417--gitlab.com-kicad-libraries-kicad-footprints-tree-master-Transceiver-Transceiver_SMD_11.md,md,1217,04_kicad_libraries_symbols_footprints,knowledge_scrape\04_kicad_libraries_symbols_footprints,.md,url_003417
knowledge_scrape\04_kicad_libraries_symbols_footprints\url_003418--gitlab.com-kicad-libraries-kicad-footprints-tree-master-Transceiver-Transceiver_SMD_12.md,md,1217,04_kicad_libraries_symbols_footprints,knowledge_scrape\04_kicad_libraries_symbols_footprints,.md,url_003418
knowledge_scrape\04_kicad_libraries_symbols_footprints\url_003419--gitlab.com-kicad-libraries-kicad-footprints-tree-master-Transceiver-Transceiver_SMD_2.md,md,1212,04_kicad_libraries_symbols_footprints,knowledge_scrape\04_kicad_libraries_symbols_footprints,.md,url_003419
knowledge_scrape\04_kicad_libraries_symbols_footprints\url_003420--gitlab.com-kicad-libraries-kicad-footprints-tree-master-Transceiver-Transceiver_SMD_3.md,md,1212,04_kicad_libraries_symbols_footprints,knowledge_scrape\04_kicad_libraries_symbols_footprints,.md,url_003420
knowledge_scrape\04_kicad_libraries_symbols_footprints\url_003421--gitlab.com-kicad-libraries-kicad-footprints-tree-master-Transceiver-Transceiver_SMD_4.md,md,1212,04_kicad_libraries_symbols_footprints,knowledge_scrape\04_kicad_libraries_symbols_footprints,.md,url_003421
knowledge_scrape\04_kicad_libraries_symbols_footprints\url_003422--gitlab.com-kicad-libraries-kicad-footprints-tree-master-Transceiver-Transceiver_SMD_5.md,md,1212,04_kicad_libraries_symbols_footprints,knowledge_scrape\04_kicad_libraries_symbols_footprints,.md,url_003422
knowledge_scrape\04_kicad_libraries_symbols_footprints\url_003423--gitlab.com-kicad-libraries-kicad-footprints-tree-master-Transceiver-Transceiver_SMD_6.md,md,1212,04_kicad_libraries_symbols_footprints,knowledge_scrape\04_kicad_libraries_symbols_footprints,.md,url_003423
knowledge_scrape\04_kicad_libraries_symbols_footprints\url_003424--gitlab.com-kicad-libraries-kicad-footprints-tree-master-Transceiver-Transceiver_SMD_7.md,md,1212,04_kicad_libraries_symbols_footprints,knowledge_scrape\04_kicad_libraries_symbols_footprints,.md,url_003424
knowledge_scrape\04_kicad_libraries_symbols_footprints\url_003425--gitlab.com-kicad-libraries-kicad-footprints-tree-master-Transceiver-Transceiver_SMD_8.md,md,1212,04_kicad_libraries_symbols_footprints,knowledge_scrape\04_kicad_libraries_symbols_footprints,.md,url_003425
knowledge_scrape\04_kicad_libraries_symbols_footprints\url_003426--gitlab.com-kicad-libraries-kicad-footprints-tree-master-Transceiver-Transceiver_SMD_9.md,md,1212,04_kicad_libraries_symbols_footprints,knowledge_scrape\04_kicad_libraries_symbols_footprints,.md,url_003426
knowledge_scrape\04_kicad_libraries_symbols_footprints\url_003427--gitlab.com-kicad-libraries-kicad-footprints-tree-master-Transistor-Transistor_SMD_1.md,md,1202,04_kicad_libraries_symbols_footprints,knowledge_scrape\04_kicad_libraries_symbols_footprints,.md,url_003427
knowledge_scrape\04_kicad_libraries_symbols_footprints\url_003428--gitlab.com-kicad-libraries-kicad-footprints-tree-master-Transistor-Transistor_SMD_10.md,md,1207,04_kicad_libraries_symbols_footprints,knowledge_scrape\04_kicad_libraries_symbols_footprints,.md,url_003428
knowledge_scrape\04_kicad_libraries_symbols_footprints\url_003429--gitlab.com-kicad-libraries-kicad-footprints-tree-master-Transistor-Transistor_SMD_11.md,md,1207,04_kicad_libraries_symbols_footprints,knowledge_scrape\04_kicad_libraries_symbols_footprints,.md,url_003429
knowledge_scrape\04_kicad_libraries_symbols_footprints\url_003430--gitlab.com-kicad-libraries-kicad-footprints-tree-master-Transistor-Transistor_SMD_12.md,md,1207,04_kicad_libraries_symbols_footprints,knowledge_scrape\04_kicad_libraries_symbols_footprints,.md,url_003430
knowledge_scrape\04_kicad_libraries_symbols_footprints\url_003431--gitlab.com-kicad-libraries-kicad-footprints-tree-master-Transistor-Transistor_SMD_2.md,md,1202,04_kicad_libraries_symbols_footprints,knowledge_scrape\04_kicad_libraries_symbols_footprints,.md,url_003431
knowledge_scrape\04_kicad_libraries_symbols_footprints\url_003432--gitlab.com-kicad-libraries-kicad-footprints-tree-master-Transistor-Transistor_SMD_3.md,md,1202,04_kicad_libraries_symbols_footprints,knowledge_scrape\04_kicad_libraries_symbols_footprints,.md,url_003432
knowledge_scrape\04_kicad_libraries_symbols_footprints\url_003433--gitlab.com-kicad-libraries-kicad-footprints-tree-master-Transistor-Transistor_SMD_4.md,md,1202,04_kicad_libraries_symbols_footprints,knowledge_scrape\04_kicad_libraries_symbols_footprints,.md,url_003433
knowledge_scrape\04_kicad_libraries_symbols_footprints\url_003434--gitlab.com-kicad-libraries-kicad-footprints-tree-master-Transistor-Transistor_SMD_5.md,md,1202,04_kicad_libraries_symbols_footprints,knowledge_scrape\04_kicad_libraries_symbols_footprints,.md,url_003434
knowledge_scrape\04_kicad_libraries_symbols_footprints\url_003435--gitlab.com-kicad-libraries-kicad-footprints-tree-master-Transistor-Transistor_SMD_6.md,md,1202,04_kicad_libraries_symbols_footprints,knowledge_scrape\04_kicad_libraries_symbols_footprints,.md,url_003435
knowledge_scrape\04_kicad_libraries_symbols_footprints\url_003436--gitlab.com-kicad-libraries-kicad-footprints-tree-master-Transistor-Transistor_SMD_7.md,md,1202,04_kicad_libraries_symbols_footprints,knowledge_scrape\04_kicad_libraries_symbols_footprints,.md,url_003436
knowledge_scrape\04_kicad_libraries_symbols_footprints\url_003437--gitlab.com-kicad-libraries-kicad-footprints-tree-master-Transistor-Transistor_SMD_8.md,md,1202,04_kicad_libraries_symbols_footprints,knowledge_scrape\04_kicad_libraries_symbols_footprints,.md,url_003437
knowledge_scrape\04_kicad_libraries_symbols_footprints\url_003438--gitlab.com-kicad-libraries-kicad-footprints-tree-master-Transistor-Transistor_SMD_9.md,md,1202,04_kicad_libraries_symbols_footprints,knowledge_scrape\04_kicad_libraries_symbols_footprints,.md,url_003438
knowledge_scrape\04_kicad_libraries_symbols_footprints\url_003439--gitlab.com-kicad-libraries-kicad-footprints-tree-master-Varistor-Varistor_SMD_1.md,md,1182,04_kicad_libraries_symbols_footprints,knowledge_scrape\04_kicad_libraries_symbols_footprints,.md,url_003439
knowledge_scrape\04_kicad_libraries_symbols_footprints\url_003440--gitlab.com-kicad-libraries-kicad-footprints-tree-master-Varistor-Varistor_SMD_10.md,md,1187,04_kicad_libraries_symbols_footprints,knowledge_scrape\04_kicad_libraries_symbols_footprints,.md,url_003440
knowledge_scrape\04_kicad_libraries_symbols_footprints\url_003441--gitlab.com-kicad-libraries-kicad-footprints-tree-master-Varistor-Varistor_SMD_11.md,md,1187,04_kicad_libraries_symbols_footprints,knowledge_scrape\04_kicad_libraries_symbols_footprints,.md,url_003441
knowledge_scrape\04_kicad_libraries_symbols_footprints\url_003442--gitlab.com-kicad-libraries-kicad-footprints-tree-master-Varistor-Varistor_SMD_12.md,md,1187,04_kicad_libraries_symbols_footprints,knowledge_scrape\04_kicad_libraries_symbols_footprints,.md,url_003442
knowledge_scrape\04_kicad_libraries_symbols_footprints\url_003443--gitlab.com-kicad-libraries-kicad-footprints-tree-master-Varistor-Varistor_SMD_2.md,md,1182,04_kicad_libraries_symbols_footprints,knowledge_scrape\04_kicad_libraries_symbols_footprints,.md,url_003443
knowledge_scrape\04_kicad_libraries_symbols_footprints\url_003444--gitlab.com-kicad-libraries-kicad-footprints-tree-master-Varistor-Varistor_SMD_3.md,md,1182,04_kicad_libraries_symbols_footprints,knowledge_scrape\04_kicad_libraries_symbols_footprints,.md,url_003444
knowledge_scrape\04_kicad_libraries_symbols_footprints\url_003445--gitlab.com-kicad-libraries-kicad-footprints-tree-master-Varistor-Varistor_SMD_4.md,md,1182,04_kicad_libraries_symbols_footprints,knowledge_scrape\04_kicad_libraries_symbols_footprints,.md,url_003445
knowledge_scrape\04_kicad_libraries_symbols_footprints\url_003446--gitlab.com-kicad-libraries-kicad-footprints-tree-master-Varistor-Varistor_SMD_5.md,md,1182,04_kicad_libraries_symbols_footprints,knowledge_scrape\04_kicad_libraries_symbols_footprints,.md,url_003446
knowledge_scrape\04_kicad_libraries_symbols_footprints\url_003447--gitlab.com-kicad-libraries-kicad-footprints-tree-master-Varistor-Varistor_SMD_6.md,md,1182,04_kicad_libraries_symbols_footprints,knowledge_scrape\04_kicad_libraries_symbols_footprints,.md,url_003447
knowledge_scrape\04_kicad_libraries_symbols_footprints\url_003448--gitlab.com-kicad-libraries-kicad-footprints-tree-master-Varistor-Varistor_SMD_7.md,md,1182,04_kicad_libraries_symbols_footprints,knowledge_scrape\04_kicad_libraries_symbols_footprints,.md,url_003448
knowledge_scrape\04_kicad_libraries_symbols_footprints\url_003449--gitlab.com-kicad-libraries-kicad-footprints-tree-master-Varistor-Varistor_SMD_8.md,md,1182,04_kicad_libraries_symbols_footprints,knowledge_scrape\04_kicad_libraries_symbols_footprints,.md,url_003449
knowledge_scrape\04_kicad_libraries_symbols_footprints\url_003450--gitlab.com-kicad-libraries-kicad-footprints-tree-master-Varistor-Varistor_SMD_9.md,md,1182,04_kicad_libraries_symbols_footprints,knowledge_scrape\04_kicad_libraries_symbols_footprints,.md,url_003450
knowledge_scrape\04_kicad_libraries_symbols_footprints\url_003451--gitlab.com-kicad-libraries-kicad-footprints-tree-master-Zener-Zener_SMD_1.md,md,1152,04_kicad_libraries_symbols_footprints,knowledge_scrape\04_kicad_libraries_symbols_footprints,.md,url_003451
knowledge_scrape\04_kicad_libraries_symbols_footprints\url_003452--gitlab.com-kicad-libraries-kicad-footprints-tree-master-Zener-Zener_SMD_10.md,md,1157,04_kicad_libraries_symbols_footprints,knowledge_scrape\04_kicad_libraries_symbols_footprints,.md,url_003452
knowledge_scrape\04_kicad_libraries_symbols_footprints\url_003453--gitlab.com-kicad-libraries-kicad-footprints-tree-master-Zener-Zener_SMD_11.md,md,1157,04_kicad_libraries_symbols_footprints,knowledge_scrape\04_kicad_libraries_symbols_footprints,.md,url_003453
knowledge_scrape\04_kicad_libraries_symbols_footprints\url_003454--gitlab.com-kicad-libraries-kicad-footprints-tree-master-Zener-Zener_SMD_12.md,md,1157,04_kicad_libraries_symbols_footprints,knowledge_scrape\04_kicad_libraries_symbols_footprints,.md,url_003454
knowledge_scrape\04_kicad_libraries_symbols_footprints\url_003455--gitlab.com-kicad-libraries-kicad-footprints-tree-master-Zener-Zener_SMD_2.md,md,1152,04_kicad_libraries_symbols_footprints,knowledge_scrape\04_kicad_libraries_symbols_footprints,.md,url_003455
knowledge_scrape\04_kicad_libraries_symbols_footprints\url_003456--gitlab.com-kicad-libraries-kicad-footprints-tree-master-Zener-Zener_SMD_3.md,md,1152,04_kicad_libraries_symbols_footprints,knowledge_scrape\04_kicad_libraries_symbols_footprints,.md,url_003456
knowledge_scrape\04_kicad_libraries_symbols_footprints\url_003457--gitlab.com-kicad-libraries-kicad-footprints-tree-master-Zener-Zener_SMD_4.md,md,1152,04_kicad_libraries_symbols_footprints,knowledge_scrape\04_kicad_libraries_symbols_footprints,.md,url_003457
knowledge_scrape\04_kicad_libraries_symbols_footprints\url_003458--gitlab.com-kicad-libraries-kicad-footprints-tree-master-Zener-Zener_SMD_5.md,md,1152,04_kicad_libraries_symbols_footprints,knowledge_scrape\04_kicad_libraries_symbols_footprints,.md,url_003458
knowledge_scrape\04_kicad_libraries_symbols_footprints\url_003459--gitlab.com-kicad-libraries-kicad-footprints-tree-master-Zener-Zener_SMD_6.md,md,1152,04_kicad_libraries_symbols_footprints,knowledge_scrape\04_kicad_libraries_symbols_footprints,.md,url_003459
knowledge_scrape\04_kicad_libraries_symbols_footprints\url_003460--gitlab.com-kicad-libraries-kicad-footprints-tree-master-Zener-Zener_SMD_7.md,md,1152,04_kicad_libraries_symbols_footprints,knowledge_scrape\04_kicad_libraries_symbols_footprints,.md,url_003460
knowledge_scrape\04_kicad_libraries_symbols_footprints\url_003461--gitlab.com-kicad-libraries-kicad-footprints-tree-master-Zener-Zener_SMD_8.md,md,1152,04_kicad_libraries_symbols_footprints,knowledge_scrape\04_kicad_libraries_symbols_footprints,.md,url_003461
knowledge_scrape\04_kicad_libraries_symbols_footprints\url_003462--gitlab.com-kicad-libraries-kicad-footprints-tree-master-Zener-Zener_SMD_9.md,md,1152,04_kicad_libraries_symbols_footprints,knowledge_scrape\04_kicad_libraries_symbols_footprints,.md,url_003462
knowledge_scrape\04_kicad_libraries_symbols_footprints\url_003463--gitlab.com-kicad-libraries-kicad-library-utils.md,md,1725,04_kicad_libraries_symbols_footprints,knowledge_scrape\04_kicad_libraries_symbols_footprints,.md,url_003463
knowledge_scrape\04_kicad_libraries_symbols_footprints\url_003464--gitlab.com-kicad-libraries-kicad-library-utils-tree-master-klc-check.md,md,1071,04_kicad_libraries_symbols_footprints,knowledge_scrape\04_kicad_libraries_symbols_footprints,.md,url_003464
knowledge_scrape\04_kicad_libraries_symbols_footprints\url_003465--gitlab.com-kicad-libraries-kicad-packages3D.md,md,1929,04_kicad_libraries_symbols_footprints,knowledge_scrape\04_kicad_libraries_symbols_footprints,.md,url_003465
knowledge_scrape\04_kicad_libraries_symbols_footprints\url_003466--gitlab.com-kicad-libraries-kicad-packages3D-source.md,md,1869,04_kicad_libraries_symbols_footprints,knowledge_scrape\04_kicad_libraries_symbols_footprints,.md,url_003466
knowledge_scrape\04_kicad_libraries_symbols_footprints\url_003467--gitlab.com-kicad-libraries-kicad-symbols.md,md,2018,04_kicad_libraries_symbols_footprints,knowledge_scrape\04_kicad_libraries_symbols_footprints,.md,url_003467
knowledge_scrape\04_kicad_libraries_symbols_footprints\url_003468--gitlab.com-kicad-libraries-kicad-symbols-blob-master-Connector.kicad_sym.md,md,1152,04_kicad_libraries_symbols_footprints,knowledge_scrape\04_kicad_libraries_symbols_footprints,.md,url_003468
knowledge_scrape\04_kicad_libraries_symbols_footprints\url_003469--gitlab.com-kicad-libraries-kicad-symbols-blob-master-Connector_Generic.kicad_sym.md,md,1192,04_kicad_libraries_symbols_footprints,knowledge_scrape\04_kicad_libraries_symbols_footprints,.md,url_003469
knowledge_scrape\04_kicad_libraries_symbols_footprints\url_003470--gitlab.com-kicad-libraries-kicad-symbols-blob-master-Device.kicad_sym.md,md,1137,04_kicad_libraries_symbols_footprints,knowledge_scrape\04_kicad_libraries_symbols_footprints,.md,url_003470
knowledge_scrape\04_kicad_libraries_symbols_footprints\url_003471--gitlab.com-kicad-libraries-kicad-symbols-blob-master-Interface_USB.kicad_sym.md,md,1172,04_kicad_libraries_symbols_footprints,knowledge_scrape\04_kicad_libraries_symbols_footprints,.md,url_003471
knowledge_scrape\04_kicad_libraries_symbols_footprints\url_003472--gitlab.com-kicad-libraries-kicad-symbols-blob-master-MCU_Espressif.kicad_sym.md,md,1172,04_kicad_libraries_symbols_footprints,knowledge_scrape\04_kicad_libraries_symbols_footprints,.md,url_003472
knowledge_scrape\04_kicad_libraries_symbols_footprints\url_003473--gitlab.com-kicad-libraries-kicad-symbols-blob-master-MCU_Microchip_ATmega.kicad_sym.md,md,1207,04_kicad_libraries_symbols_footprints,knowledge_scrape\04_kicad_libraries_symbols_footprints,.md,url_003473
knowledge_scrape\04_kicad_libraries_symbols_footprints\url_003474--gitlab.com-kicad-libraries-kicad-symbols-blob-master-MCU_Microchip_ATtiny.kicad_sym.md,md,1207,04_kicad_libraries_symbols_footprints,knowledge_scrape\04_kicad_libraries_symbols_footprints,.md,url_003474
knowledge_scrape\04_kicad_libraries_symbols_footprints\url_003475--gitlab.com-kicad-libraries-kicad-symbols-blob-master-MCU_Microchip_dsPIC33.kicad_sym.md,md,1212,04_kicad_libraries_symbols_footprints,knowledge_scrape\04_kicad_libraries_symbols_footprints,.md,url_003475
knowledge_scrape\04_kicad_libraries_symbols_footprints\url_003476--gitlab.com-kicad-libraries-kicad-symbols-blob-master-MCU_Microchip_PIC10.kicad_sym.md,md,1202,04_kicad_libraries_symbols_footprints,knowledge_scrape\04_kicad_libraries_symbols_footprints,.md,url_003476
knowledge_scrape\04_kicad_libraries_symbols_footprints\url_003477--gitlab.com-kicad-libraries-kicad-symbols-blob-master-MCU_Microchip_PIC12.kicad_sym.md,md,1202,04_kicad_libraries_symbols_footprints,knowledge_scrape\04_kicad_libraries_symbols_footprints,.md,url_003477
knowledge_scrape\04_kicad_libraries_symbols_footprints\url_003478--gitlab.com-kicad-libraries-kicad-symbols-blob-master-MCU_Microchip_PIC16.kicad_sym.md,md,1202,04_kicad_libraries_symbols_footprints,knowledge_scrape\04_kicad_libraries_symbols_footprints,.md,url_003478
knowledge_scrape\04_kicad_libraries_symbols_footprints\url_003479--gitlab.com-kicad-libraries-kicad-symbols-blob-master-MCU_Microchip_PIC18.kicad_sym.md,md,1202,04_kicad_libraries_symbols_footprints,knowledge_scrape\04_kicad_libraries_symbols_footprints,.md,url_003479
knowledge_scrape\04_kicad_libraries_symbols_footprints\url_003480--gitlab.com-kicad-libraries-kicad-symbols-blob-master-MCU_Microchip_PIC24.kicad_sym.md,md,1202,04_kicad_libraries_symbols_footprints,knowledge_scrape\04_kicad_libraries_symbols_footprints,.md,url_003480
knowledge_scrape\04_kicad_libraries_symbols_footprints\url_003481--gitlab.com-kicad-libraries-kicad-symbols-blob-master-MCU_Microchip_PIC32.kicad_sym.md,md,1202,04_kicad_libraries_symbols_footprints,knowledge_scrape\04_kicad_libraries_symbols_footprints,.md,url_003481
knowledge_scrape\04_kicad_libraries_symbols_footprints\url_003482--gitlab.com-kicad-libraries-kicad-symbols-blob-master-MCU_Microchip_SAMD.kicad_sym.md,md,1197,04_kicad_libraries_symbols_footprints,knowledge_scrape\04_kicad_libraries_symbols_footprints,.md,url_003482
knowledge_scrape\04_kicad_libraries_symbols_footprints\url_003483--gitlab.com-kicad-libraries-kicad-symbols-blob-master-MCU_Microchip_SAME.kicad_sym.md,md,1197,04_kicad_libraries_symbols_footprints,knowledge_scrape\04_kicad_libraries_symbols_footprints,.md,url_003483
knowledge_scrape\04_kicad_libraries_symbols_footprints\url_003484--gitlab.com-kicad-libraries-kicad-symbols-blob-master-MCU_Microchip_SAML.kicad_sym.md,md,1197,04_kicad_libraries_symbols_footprints,knowledge_scrape\04_kicad_libraries_symbols_footprints,.md,url_003484
knowledge_scrape\04_kicad_libraries_symbols_footprints\url_003485--gitlab.com-kicad-libraries-kicad-symbols-blob-master-MCU_Microchip_SAMV.kicad_sym.md,md,1197,04_kicad_libraries_symbols_footprints,knowledge_scrape\04_kicad_libraries_symbols_footprints,.md,url_003485
knowledge_scrape\04_kicad_libraries_symbols_footprints\url_003486--gitlab.com-kicad-libraries-kicad-symbols-blob-master-MCU_Module.kicad_sym.md,md,1157,04_kicad_libraries_symbols_footprints,knowledge_scrape\04_kicad_libraries_symbols_footprints,.md,url_003486
knowledge_scrape\04_kicad_libraries_symbols_footprints\url_003487--gitlab.com-kicad-libraries-kicad-symbols-blob-master-MCU_Nordic.kicad_sym.md,md,1157,04_kicad_libraries_symbols_footprints,knowledge_scrape\04_kicad_libraries_symbols_footprints,.md,url_003487
knowledge_scrape\04_kicad_libraries_symbols_footprints\url_003488--gitlab.com-kicad-libraries-kicad-symbols-blob-master-MCU_NXP_Kinetis.kicad_sym.md,md,1182,04_kicad_libraries_symbols_footprints,knowledge_scrape\04_kicad_libraries_symbols_footprints,.md,url_003488
knowledge_scrape\04_kicad_libraries_symbols_footprints\url_003489--gitlab.com-kicad-libraries-kicad-symbols-blob-master-MCU_NXP_LPC.kicad_sym.md,md,1162,04_kicad_libraries_symbols_footprints,knowledge_scrape\04_kicad_libraries_symbols_footprints,.md,url_003489
knowledge_scrape\04_kicad_libraries_symbols_footprints\url_003490--gitlab.com-kicad-libraries-kicad-symbols-blob-master-MCU_RaspberryPi_and_Boards.kicad_sym.md,md,1237,04_kicad_libraries_symbols_footprints,knowledge_scrape\04_kicad_libraries_symbols_footprints,.md,url_003490
knowledge_scrape\04_kicad_libraries_symbols_footprints\url_003491--gitlab.com-kicad-libraries-kicad-symbols-blob-master-MCU_SiliconLabs.kicad_sym.md,md,1182,04_kicad_libraries_symbols_footprints,knowledge_scrape\04_kicad_libraries_symbols_footprints,.md,url_003491
knowledge_scrape\04_kicad_libraries_symbols_footprints\url_003492--gitlab.com-kicad-libraries-kicad-symbols-blob-master-MCU_ST_STM32C0.kicad_sym.md,md,1177,04_kicad_libraries_symbols_footprints,knowledge_scrape\04_kicad_libraries_symbols_footprints,.md,url_003492
knowledge_scrape\04_kicad_libraries_symbols_footprints\url_003493--gitlab.com-kicad-libraries-kicad-symbols-blob-master-MCU_ST_STM32F0.kicad_sym.md,md,1177,04_kicad_libraries_symbols_footprints,knowledge_scrape\04_kicad_libraries_symbols_footprints,.md,url_003493
knowledge_scrape\04_kicad_libraries_symbols_footprints\url_003494--gitlab.com-kicad-libraries-kicad-symbols-blob-master-MCU_ST_STM32F1.kicad_sym.md,md,1177,04_kicad_libraries_symbols_footprints,knowledge_scrape\04_kicad_libraries_symbols_footprints,.md,url_003494
knowledge_scrape\04_kicad_libraries_symbols_footprints\url_003495--gitlab.com-kicad-libraries-kicad-symbols-blob-master-MCU_ST_STM32F2.kicad_sym.md,md,1177,04_kicad_libraries_symbols_footprints,knowledge_scrape\04_kicad_libraries_symbols_footprints,.md,url_003495
knowledge_scrape\04_kicad_libraries_symbols_footprints\url_003496--gitlab.com-kicad-libraries-kicad-symbols-blob-master-MCU_ST_STM32F3.kicad_sym.md,md,1177,04_kicad_libraries_symbols_footprints,knowledge_scrape\04_kicad_libraries_symbols_footprints,.md,url_003496
knowledge_scrape\04_kicad_libraries_symbols_footprints\url_003497--gitlab.com-kicad-libraries-kicad-symbols-blob-master-MCU_ST_STM32F4.kicad_sym.md,md,1177,04_kicad_libraries_symbols_footprints,knowledge_scrape\04_kicad_libraries_symbols_footprints,.md,url_003497
knowledge_scrape\04_kicad_libraries_symbols_footprints\url_003498--gitlab.com-kicad-libraries-kicad-symbols-blob-master-MCU_ST_STM32F7.kicad_sym.md,md,1177,04_kicad_libraries_symbols_footprints,knowledge_scrape\04_kicad_libraries_symbols_footprints,.md,url_003498
knowledge_scrape\04_kicad_libraries_symbols_footprints\url_003499--gitlab.com-kicad-libraries-kicad-symbols-blob-master-MCU_ST_STM32G0.kicad_sym.md,md,1177,04_kicad_libraries_symbols_footprints,knowledge_scrape\04_kicad_libraries_symbols_footprints,.md,url_003499
knowledge_scrape\04_kicad_libraries_symbols_footprints\url_003500--gitlab.com-kicad-libraries-kicad-symbols-blob-master-MCU_ST_STM32G4.kicad_sym.md,md,1177,04_kicad_libraries_symbols_footprints,knowledge_scrape\04_kicad_libraries_symbols_footprints,.md,url_003500
knowledge_scrape\04_kicad_libraries_symbols_footprints\url_003501--gitlab.com-kicad-libraries-kicad-symbols-blob-master-MCU_ST_STM32H5.kicad_sym.md,md,1177,04_kicad_libraries_symbols_footprints,knowledge_scrape\04_kicad_libraries_symbols_footprints,.md,url_003501
knowledge_scrape\04_kicad_libraries_symbols_footprints\url_003502--gitlab.com-kicad-libraries-kicad-symbols-blob-master-MCU_ST_STM32H7.kicad_sym.md,md,1177,04_kicad_libraries_symbols_footprints,knowledge_scrape\04_kicad_libraries_symbols_footprints,.md,url_003502
knowledge_scrape\04_kicad_libraries_symbols_footprints\url_003503--gitlab.com-kicad-libraries-kicad-symbols-blob-master-MCU_ST_STM32L0.kicad_sym.md,md,1177,04_kicad_libraries_symbols_footprints,knowledge_scrape\04_kicad_libraries_symbols_footprints,.md,url_003503
knowledge_scrape\04_kicad_libraries_symbols_footprints\url_003504--gitlab.com-kicad-libraries-kicad-symbols-blob-master-MCU_ST_STM32L1.kicad_sym.md,md,1177,04_kicad_libraries_symbols_footprints,knowledge_scrape\04_kicad_libraries_symbols_footprints,.md,url_003504
knowledge_scrape\04_kicad_libraries_symbols_footprints\url_003505--gitlab.com-kicad-libraries-kicad-symbols-blob-master-MCU_ST_STM32L4.kicad_sym.md,md,1177,04_kicad_libraries_symbols_footprints,knowledge_scrape\04_kicad_libraries_symbols_footprints,.md,url_003505
knowledge_scrape\04_kicad_libraries_symbols_footprints\url_003506--gitlab.com-kicad-libraries-kicad-symbols-blob-master-MCU_ST_STM32L5.kicad_sym.md,md,1177,04_kicad_libraries_symbols_footprints,knowledge_scrape\04_kicad_libraries_symbols_footprints,.md,url_003506
knowledge_scrape\04_kicad_libraries_symbols_footprints\url_003507--gitlab.com-kicad-libraries-kicad-symbols-blob-master-MCU_ST_STM32U0.kicad_sym.md,md,1177,04_kicad_libraries_symbols_footprints,knowledge_scrape\04_kicad_libraries_symbols_footprints,.md,url_003507
knowledge_scrape\04_kicad_libraries_symbols_footprints\url_003508--gitlab.com-kicad-libraries-kicad-symbols-blob-master-MCU_ST_STM32U5.kicad_sym.md,md,1177,04_kicad_libraries_symbols_footprints,knowledge_scrape\04_kicad_libraries_symbols_footprints,.md,url_003508
knowledge_scrape\04_kicad_libraries_symbols_footprints\url_003509--gitlab.com-kicad-libraries-kicad-symbols-blob-master-MCU_ST_STM32WB.kicad_sym.md,md,1177,04_kicad_libraries_symbols_footprints,knowledge_scrape\04_kicad_libraries_symbols_footprints,.md,url_003509
knowledge_scrape\04_kicad_libraries_symbols_footprints\url_003510--gitlab.com-kicad-libraries-kicad-symbols-blob-master-MCU_ST_STM32WL.kicad_sym.md,md,1177,04_kicad_libraries_symbols_footprints,knowledge_scrape\04_kicad_libraries_symbols_footprints,.md,url_003510
knowledge_scrape\04_kicad_libraries_symbols_footprints\url_003511--gitlab.com-kicad-libraries-kicad-symbols-blob-master-MCU_Texas.kicad_sym.md,md,1152,04_kicad_libraries_symbols_footprints,knowledge_scrape\04_kicad_libraries_symbols_footprints,.md,url_003511
knowledge_scrape\04_kicad_libraries_symbols_footprints\url_003512--gitlab.com-kicad-libraries-kicad-symbols-blob-master-Power_Management.kicad_sym.md,md,1187,04_kicad_libraries_symbols_footprints,knowledge_scrape\04_kicad_libraries_symbols_footprints,.md,url_003512
knowledge_scrape\04_kicad_libraries_symbols_footprints\url_003513--gitlab.com-kicad-libraries-kicad-symbols-blob-master-Regulator_Switching.kicad_sym.md,md,1202,04_kicad_libraries_symbols_footprints,knowledge_scrape\04_kicad_libraries_symbols_footprints,.md,url_003513
knowledge_scrape\04_kicad_libraries_symbols_footprints\url_003514--gitlab.com-kicad-libraries-kicad-symbols-blob-master-RF_Module.kicad_sym.md,md,1152,04_kicad_libraries_symbols_footprints,knowledge_scrape\04_kicad_libraries_symbols_footprints,.md,url_003514
knowledge_scrape\04_kicad_libraries_symbols_footprints\url_003515--gitlab.com-kicad-libraries-kicad-templates.md,md,1893,04_kicad_libraries_symbols_footprints,knowledge_scrape\04_kicad_libraries_symbols_footprints,.md,url_003515
knowledge_scrape\04_kicad_libraries_symbols_footprints\url_004552--klc.kicad.org-footprint.md,md,1301,04_kicad_libraries_symbols_footprints,knowledge_scrape\04_kicad_libraries_symbols_footprints,.md,url_004552
knowledge_scrape\04_kicad_libraries_symbols_footprints\url_004553--klc.kicad.org-model.md,md,1304,04_kicad_libraries_symbols_footprints,knowledge_scrape\04_kicad_libraries_symbols_footprints,.md,url_004553
knowledge_scrape\04_kicad_libraries_symbols_footprints\url_004554--klc.kicad.org-symbol.md,md,1273,04_kicad_libraries_symbols_footprints,knowledge_scrape\04_kicad_libraries_symbols_footprints,.md,url_004554
knowledge_scrape\04_kicad_libraries_symbols_footprints\url_007038--kicad.org-libraries-klc.md,md,37098,04_kicad_libraries_symbols_footprints,knowledge_scrape\04_kicad_libraries_symbols_footprints,.md,url_007038
knowledge_scrape\05_esp32_espressif\.gitkeep,no_extension,14,05_esp32_espressif,knowledge_scrape\05_esp32_espressif,,
knowledge_scrape\05_esp32_espressif\_CATEGORY_INDEX.md,md,7627,05_esp32_espressif,knowledge_scrape\05_esp32_espressif,.md,
knowledge_scrape\05_esp32_espressif\url_000029--docs.espressif.com-projects-esp-dev-kits-en-latest-esp32s3-esp32-s3-usb-otg-user_guide.html.md,md,16243,05_esp32_espressif,knowledge_scrape\05_esp32_espressif,.md,url_000029
knowledge_scrape\05_esp32_espressif\url_000030--docs.espressif.com-projects-esp-hardware-design-guidelines-en-latest-esp32-index.html.md,md,2178,05_esp32_espressif,knowledge_scrape\05_esp32_espressif,.md,url_000030
knowledge_scrape\05_esp32_espressif\url_000031--docs.espressif.com-projects-esp-hardware-design-guidelines-en-latest-esp32c2-index.html.md,md,2336,05_esp32_espressif,knowledge_scrape\05_esp32_espressif,.md,url_000031
knowledge_scrape\05_esp32_espressif\url_000032--docs.espressif.com-projects-esp-hardware-design-guidelines-en-latest-esp32c3-index.html.md,md,2163,05_esp32_espressif,knowledge_scrape\05_esp32_espressif,.md,url_000032
knowledge_scrape\05_esp32_espressif\url_000033--docs.espressif.com-projects-esp-hardware-design-guidelines-en-latest-esp32c5-index.html.md,md,2163,05_esp32_espressif,knowledge_scrape\05_esp32_espressif,.md,url_000033
knowledge_scrape\05_esp32_espressif\url_000034--docs.espressif.com-projects-esp-hardware-design-guidelines-en-latest-esp32c6-index.html.md,md,2163,05_esp32_espressif,knowledge_scrape\05_esp32_espressif,.md,url_000034
knowledge_scrape\05_esp32_espressif\url_000035--docs.espressif.com-projects-esp-hardware-design-guidelines-en-latest-esp32h2-index.html.md,md,2163,05_esp32_espressif,knowledge_scrape\05_esp32_espressif,.md,url_000035
knowledge_scrape\05_esp32_espressif\url_000036--docs.espressif.com-projects-esp-hardware-design-guidelines-en-latest-esp32p4-index.html.md,md,2059,05_esp32_espressif,knowledge_scrape\05_esp32_espressif,.md,url_000036
knowledge_scrape\05_esp32_espressif\url_000037--docs.espressif.com-projects-esp-hardware-design-guidelines-en-latest-esp32s2-index.html.md,md,2163,05_esp32_espressif,knowledge_scrape\05_esp32_espressif,.md,url_000037
knowledge_scrape\05_esp32_espressif\url_000039--docs.espressif.com-projects-esp-hardware-design-guidelines-en-latest-esp32s3-download-guidelines.html.md,md,4105,05_esp32_espressif,knowledge_scrape\05_esp32_espressif,.md,url_000039
knowledge_scrape\05_esp32_espressif\url_000040--docs.espressif.com-projects-esp-hardware-design-guidelines-en-latest-esp32s3-index.html.md,md,2163,05_esp32_espressif,knowledge_scrape\05_esp32_espressif,.md,url_000040
knowledge_scrape\05_esp32_espressif\url_000041--docs.espressif.com-projects-esp-hardware-design-guidelines-en-latest-esp32s3-pcb-layout-design.html.md,md,26463,05_esp32_espressif,knowledge_scrape\05_esp32_espressif,.md,url_000041
knowledge_scrape\05_esp32_espressif\url_000042--docs.espressif.com-projects-esp-hardware-design-guidelines-en-latest-esp32s3-product-overview.html.md,md,2471,05_esp32_espressif,knowledge_scrape\05_esp32_espressif,.md,url_000042
knowledge_scrape\05_esp32_espressif\url_000043--docs.espressif.com-projects-esp-hardware-design-guidelines-en-latest-esp32s3-schematic-checklist.html.md,md,45614,05_esp32_espressif,knowledge_scrape\05_esp32_espressif,.md,url_000043
knowledge_scrape\05_esp32_espressif\url_000051--docs.espressif.com-projects-esp-hardware-design-guidelines-en-latest-index.html.md,md,2160,05_esp32_espressif,knowledge_scrape\05_esp32_espressif,.md,url_000051
knowledge_scrape\05_esp32_espressif\url_000052--docs.espressif.com-projects-esp-idf-en-latest-esp32-api-reference-index.html.md,md,8786,05_esp32_espressif,knowledge_scrape\05_esp32_espressif,.md,url_000052
knowledge_scrape\05_esp32_espressif\url_000055--docs.espressif.com-projects-esp-idf-en-latest-esp32s3-api-guides-esp-wifi-mesh.html.md,md,60045,05_esp32_espressif,knowledge_scrape\05_esp32_espressif,.md,url_000055
knowledge_scrape\05_esp32_espressif\url_000056--docs.espressif.com-projects-esp-idf-en-latest-esp32s3-api-guides-flash_psram_config.html.md,md,10405,05_esp32_espressif,knowledge_scrape\05_esp32_espressif,.md,url_000056
knowledge_scrape\05_esp32_espressif\url_000057--docs.espressif.com-projects-esp-idf-en-latest-esp32s3-api-guides-jtag-debugging-index.html.md,md,21756,05_esp32_espressif,knowledge_scrape\05_esp32_espressif,.md,url_000057
knowledge_scrape\05_esp32_espressif\url_000059--docs.espressif.com-projects-esp-idf-en-latest-esp32s3-api-guides-usb-otg-console.html.md,md,9259,05_esp32_espressif,knowledge_scrape\05_esp32_espressif,.md,url_000059
knowledge_scrape\05_esp32_espressif\url_000060--docs.espressif.com-projects-esp-idf-en-latest-esp32s3-api-guides-wifi.html.md,md,1064,05_esp32_espressif,knowledge_scrape\05_esp32_espressif,.md,url_000060
knowledge_scrape\05_esp32_espressif\url_000061--docs.espressif.com-projects-esp-idf-en-latest-esp32s3-api-reference-peripherals-adc_oneshot.html.md,md,1177,05_esp32_espressif,knowledge_scrape\05_esp32_espressif,.md,url_000061
knowledge_scrape\05_esp32_espressif\url_000062--docs.espressif.com-projects-esp-idf-en-latest-esp32s3-api-reference-peripherals-gpio.html.md,md,65183,05_esp32_espressif,knowledge_scrape\05_esp32_espressif,.md,url_000062
knowledge_scrape\05_esp32_espressif\url_000063--docs.espressif.com-projects-esp-idf-en-latest-esp32s3-api-reference-peripherals-i2c.html.md,md,85367,05_esp32_espressif,knowledge_scrape\05_esp32_espressif,.md,url_000063
knowledge_scrape\05_esp32_espressif\url_000064--docs.espressif.com-projects-esp-idf-en-latest-esp32s3-api-reference-peripherals-ledc.html.md,md,59656,05_esp32_espressif,knowledge_scrape\05_esp32_espressif,.md,url_000064
knowledge_scrape\05_esp32_espressif\url_000065--docs.espressif.com-projects-esp-idf-en-latest-esp32s3-api-reference-peripherals-rmt.html.md,md,111849,05_esp32_espressif,knowledge_scrape\05_esp32_espressif,.md,url_000065
knowledge_scrape\05_esp32_espressif\url_000066--docs.espressif.com-projects-esp-idf-en-latest-esp32s3-api-reference-peripherals-spi_master.html.md,md,80302,05_esp32_espressif,knowledge_scrape\05_esp32_espressif,.md,url_000066
knowledge_scrape\05_esp32_espressif\url_000067--docs.espressif.com-projects-esp-idf-en-latest-esp32s3-api-reference-peripherals-twai.html.md,md,61940,05_esp32_espressif,knowledge_scrape\05_esp32_espressif,.md,url_000067
knowledge_scrape\05_esp32_espressif\url_000068--docs.espressif.com-projects-esp-idf-en-latest-esp32s3-api-reference-peripherals-uart.html.md,md,86854,05_esp32_espressif,knowledge_scrape\05_esp32_espressif,.md,url_000068
knowledge_scrape\05_esp32_espressif\url_000069--docs.espressif.com-projects-esp-idf-en-latest-esp32s3-api-reference-peripherals-usb_device.html.md,md,1174,05_esp32_espressif,knowledge_scrape\05_esp32_espressif,.md,url_000069
knowledge_scrape\05_esp32_espressif\url_000070--docs.espressif.com-projects-esp-idf-en-latest-esp32s3-api-reference-system-efuse.html.md,md,110157,05_esp32_espressif,knowledge_scrape\05_esp32_espressif,.md,url_000070
knowledge_scrape\05_esp32_espressif\url_000071--docs.espressif.com-projects-esp-idf-en-latest-esp32s3-api-reference-system-sleep_modes.html.md,md,68475,05_esp32_espressif,knowledge_scrape\05_esp32_espressif,.md,url_000071
knowledge_scrape\05_esp32_espressif\url_000072--docs.espressif.com-projects-esp-idf-en-latest-esp32s3-hw-reference-esp32s3-user-guide-devkitc-1.html.md,md,1923,05_esp32_espressif,knowledge_scrape\05_esp32_espressif,.md,url_000072
knowledge_scrape\05_esp32_espressif\url_000074--docs.espressif.com-projects-esp-idf-en-latest-esp32s3-hw-reference-index.html.md,md,2889,05_esp32_espressif,knowledge_scrape\05_esp32_espressif,.md,url_000074
knowledge_scrape\05_esp32_espressif\url_000075--docs.espressif.com-projects-esp-idf-en-latest-esp32s3-index.html.md,md,2500,05_esp32_espressif,knowledge_scrape\05_esp32_espressif,.md,url_000075
knowledge_scrape\05_esp32_espressif\url_000076--docs.espressif.com-projects-esp-iot-solution-en-latest-usb-usb_overview-usb_overview.html.md,md,9941,05_esp32_espressif,knowledge_scrape\05_esp32_espressif,.md,url_000076
knowledge_scrape\05_esp32_espressif\url_000077--docs.espressif.com-projects-esptool-en-latest-esp32s3-index.html.md,md,5161,05_esp32_espressif,knowledge_scrape\05_esp32_espressif,.md,url_000077
knowledge_scrape\05_esp32_espressif\url_002904--github.com-espressif-esp-dev-kits.md,md,8719,05_esp32_espressif,knowledge_scrape\05_esp32_espressif,.md,url_002904
knowledge_scrape\05_esp32_espressif\url_002905--github.com-espressif-esp-dev-kits-tree-master-docs.md,md,4035,05_esp32_espressif,knowledge_scrape\05_esp32_espressif,.md,url_002905
knowledge_scrape\05_esp32_espressif\url_002908--github.com-espressif-esp-hardware-design-guidelines.md,md,9687,05_esp32_espressif,knowledge_scrape\05_esp32_espressif,.md,url_002908
knowledge_scrape\05_esp32_espressif\url_002909--github.com-espressif-esp-idf.md,md,11434,05_esp32_espressif,knowledge_scrape\05_esp32_espressif,.md,url_002909
knowledge_scrape\05_esp32_espressif\url_002910--github.com-espressif-esp-idf-tree-master-examples-peripherals-uart.md,md,2594,05_esp32_espressif,knowledge_scrape\05_esp32_espressif,.md,url_002910
knowledge_scrape\05_esp32_espressif\url_002911--github.com-espressif-esp-idf-tree-master-examples-peripherals-usb-device.md,md,2766,05_esp32_espressif,knowledge_scrape\05_esp32_espressif,.md,url_002911
knowledge_scrape\05_esp32_espressif\url_002912--github.com-espressif-esp-idf-tree-master-examples-system-deep_sleep.md,md,8854,05_esp32_espressif,knowledge_scrape\05_esp32_espressif,.md,url_002912
knowledge_scrape\05_esp32_espressif\url_002913--github.com-espressif-esp-idf-tree-master-examples-wifi.md,md,7128,05_esp32_espressif,knowledge_scrape\05_esp32_espressif,.md,url_002913
knowledge_scrape\05_esp32_espressif\url_004558--learn.adafruit.com-adafruit-qt-py-esp32-s3.md,md,18222,05_esp32_espressif,knowledge_scrape\05_esp32_espressif,.md,url_004558
knowledge_scrape\05_esp32_espressif\url_006839--espressif.com-en-products-devkits-esp32-c3-devkitm-1.md,md,20178,05_esp32_espressif,knowledge_scrape\05_esp32_espressif,.md,url_006839
knowledge_scrape\05_esp32_espressif\url_006840--espressif.com-en-products-devkits-esp32-c6-devkitc-1.md,md,20178,05_esp32_espressif,knowledge_scrape\05_esp32_espressif,.md,url_006840
knowledge_scrape\05_esp32_espressif\url_006841--espressif.com-en-products-devkits-esp32-devkitc.md,md,22075,05_esp32_espressif,knowledge_scrape\05_esp32_espressif,.md,url_006841
knowledge_scrape\05_esp32_espressif\url_006842--espressif.com-en-products-devkits-esp32-p4-function-ev-board.md,md,20258,05_esp32_espressif,knowledge_scrape\05_esp32_espressif,.md,url_006842
knowledge_scrape\05_esp32_espressif\url_006843--espressif.com-en-products-devkits-esp32-s3-devkitc-1.md,md,20178,05_esp32_espressif,knowledge_scrape\05_esp32_espressif,.md,url_006843
knowledge_scrape\05_esp32_espressif\url_006844--espressif.com-en-products-modules.md,md,26559,05_esp32_espressif,knowledge_scrape\05_esp32_espressif,.md,url_006844
knowledge_scrape\05_esp32_espressif\url_006845--espressif.com-en-products-modules-esp32-c2-mini-1.md,md,26144,05_esp32_espressif,knowledge_scrape\05_esp32_espressif,.md,url_006845
knowledge_scrape\05_esp32_espressif\url_006846--espressif.com-en-products-modules-esp32-c3-mini-1.md,md,26144,05_esp32_espressif,knowledge_scrape\05_esp32_espressif,.md,url_006846
knowledge_scrape\05_esp32_espressif\url_006847--espressif.com-en-products-modules-esp32-c3-wroom-02.md,md,26164,05_esp32_espressif,knowledge_scrape\05_esp32_espressif,.md,url_006847
knowledge_scrape\05_esp32_espressif\url_006848--espressif.com-en-products-modules-esp32-c5-wroom-1.md,md,26154,05_esp32_espressif,knowledge_scrape\05_esp32_espressif,.md,url_006848
knowledge_scrape\05_esp32_espressif\url_006849--espressif.com-en-products-modules-esp32-c6-mini-1.md,md,26144,05_esp32_espressif,knowledge_scrape\05_esp32_espressif,.md,url_006849
knowledge_scrape\05_esp32_espressif\url_006850--espressif.com-en-products-modules-esp32-c6-wroom-1.md,md,26154,05_esp32_espressif,knowledge_scrape\05_esp32_espressif,.md,url_006850
knowledge_scrape\05_esp32_espressif\url_006851--espressif.com-en-products-modules-esp32-h2-mini-1.md,md,26144,05_esp32_espressif,knowledge_scrape\05_esp32_espressif,.md,url_006851
knowledge_scrape\05_esp32_espressif\url_006852--espressif.com-en-products-modules-esp32-s2-wroom.md,md,26134,05_esp32_espressif,knowledge_scrape\05_esp32_espressif,.md,url_006852
knowledge_scrape\05_esp32_espressif\url_006853--espressif.com-en-products-modules-esp32-s2-wrover.md,md,26144,05_esp32_espressif,knowledge_scrape\05_esp32_espressif,.md,url_006853
knowledge_scrape\05_esp32_espressif\url_006854--espressif.com-en-products-modules-esp32-s3-mini-1.md,md,26144,05_esp32_espressif,knowledge_scrape\05_esp32_espressif,.md,url_006854
knowledge_scrape\05_esp32_espressif\url_006855--espressif.com-en-products-modules-esp32-s3-wroom-1.md,md,26154,05_esp32_espressif,knowledge_scrape\05_esp32_espressif,.md,url_006855
knowledge_scrape\05_esp32_espressif\url_006856--espressif.com-en-products-modules-esp32-s3-wroom-2.md,md,26154,05_esp32_espressif,knowledge_scrape\05_esp32_espressif,.md,url_006856
knowledge_scrape\05_esp32_espressif\url_006857--espressif.com-en-products-modules-esp32-s3-wrover.md,md,26144,05_esp32_espressif,knowledge_scrape\05_esp32_espressif,.md,url_006857
knowledge_scrape\05_esp32_espressif\url_006858--espressif.com-en-products-modules-esp32-wroom-32.md,md,26134,05_esp32_espressif,knowledge_scrape\05_esp32_espressif,.md,url_006858
knowledge_scrape\05_esp32_espressif\url_006859--espressif.com-en-products-modules-esp32-wrover.md,md,26114,05_esp32_espressif,knowledge_scrape\05_esp32_espressif,.md,url_006859
knowledge_scrape\05_esp32_espressif\url_006860--espressif.com-en-products-socs.md,md,27905,05_esp32_espressif,knowledge_scrape\05_esp32_espressif,.md,url_006860
knowledge_scrape\05_esp32_espressif\url_006861--espressif.com-en-products-socs-esp32.md,md,24930,05_esp32_espressif,knowledge_scrape\05_esp32_espressif,.md,url_006861
knowledge_scrape\05_esp32_espressif\url_006862--espressif.com-en-products-socs-esp32-c2.md,md,23112,05_esp32_espressif,knowledge_scrape\05_esp32_espressif,.md,url_006862
knowledge_scrape\05_esp32_espressif\url_006863--espressif.com-en-products-socs-esp32-c3.md,md,23065,05_esp32_espressif,knowledge_scrape\05_esp32_espressif,.md,url_006863
knowledge_scrape\05_esp32_espressif\url_006864--espressif.com-en-products-socs-esp32-c5.md,md,23038,05_esp32_espressif,knowledge_scrape\05_esp32_espressif,.md,url_006864
knowledge_scrape\05_esp32_espressif\url_006865--espressif.com-en-products-socs-esp32-c6.md,md,23311,05_esp32_espressif,knowledge_scrape\05_esp32_espressif,.md,url_006865
knowledge_scrape\05_esp32_espressif\url_006866--espressif.com-en-products-socs-esp32-c61.md,md,22639,05_esp32_espressif,knowledge_scrape\05_esp32_espressif,.md,url_006866
knowledge_scrape\05_esp32_espressif\url_006867--espressif.com-en-products-socs-esp32-h2.md,md,22545,05_esp32_espressif,knowledge_scrape\05_esp32_espressif,.md,url_006867
knowledge_scrape\05_esp32_espressif\url_006868--espressif.com-en-products-socs-esp32-p4.md,md,27124,05_esp32_espressif,knowledge_scrape\05_esp32_espressif,.md,url_006868
knowledge_scrape\05_esp32_espressif\url_006869--espressif.com-en-products-socs-esp32-s2.md,md,23199,05_esp32_espressif,knowledge_scrape\05_esp32_espressif,.md,url_006869
knowledge_scrape\05_esp32_espressif\url_006870--espressif.com-en-products-socs-esp32-s3.md,md,22847,05_esp32_espressif,knowledge_scrape\05_esp32_espressif,.md,url_006870
knowledge_scrape\05_esp32_espressif\url_006871--espressif.com-en-support-documents-technical-documents.md,md,21817,05_esp32_espressif,knowledge_scrape\05_esp32_espressif,.md,url_006871
knowledge_scrape\05_esp32_espressif\url_006872--espressif.com-en-support-download-documents-modules.md,md,32066,05_esp32_espressif,knowledge_scrape\05_esp32_espressif,.md,url_006872
knowledge_scrape\05_esp32_espressif\url_006873--espressif.com-en-support-download-documents-other.md,md,30562,05_esp32_espressif,knowledge_scrape\05_esp32_espressif,.md,url_006873
knowledge_scrape\05_esp32_espressif\url_006876--espressif.com-en-support-download-documents.md,md,29854,05_esp32_espressif,knowledge_scrape\05_esp32_espressif,.md,url_006876
knowledge_scrape\05_esp32_espressif\url_006877--espressif.com-sites-default-files-documentation-esp32_datasheet_en.pdf.pdf.md,md,120733,05_esp32_espressif,knowledge_scrape\05_esp32_espressif,.md,url_006877
knowledge_scrape\05_esp32_espressif\url_006879--espressif.com-sites-default-files-documentation-esp32_technical_reference_manual_en.pdf.pdf.md,md,981680,05_esp32_espressif,knowledge_scrape\05_esp32_espressif,.md,url_006879
knowledge_scrape\05_esp32_espressif\url_006880--espressif.com-sites-default-files-documentation-esp32-c3_datasheet_en.pdf.pdf.md,md,108954,05_esp32_espressif,knowledge_scrape\05_esp32_espressif,.md,url_006880
knowledge_scrape\05_esp32_espressif\url_006881--espressif.com-sites-default-files-documentation-esp32-c3_technical_reference_manual_en.pdf.pdf.md,md,1052931,05_esp32_espressif,knowledge_scrape\05_esp32_espressif,.md,url_006881
knowledge_scrape\05_esp32_espressif\url_006882--espressif.com-sites-default-files-documentation-esp32-c3-mini-1_datasheet_en.pdf.pdf.md,md,60222,05_esp32_espressif,knowledge_scrape\05_esp32_espressif,.md,url_006882
knowledge_scrape\05_esp32_espressif\url_006883--espressif.com-sites-default-files-documentation-esp32-c3-wroom-02_datasheet_en.pdf.pdf.md,md,59063,05_esp32_espressif,knowledge_scrape\05_esp32_espressif,.md,url_006883
knowledge_scrape\05_esp32_espressif\url_006884--espressif.com-sites-default-files-documentation-esp32-c6_datasheet_en.pdf.pdf.md,md,132322,05_esp32_espressif,knowledge_scrape\05_esp32_espressif,.md,url_006884
knowledge_scrape\05_esp32_espressif\url_006885--espressif.com-sites-default-files-documentation-esp32-c6_technical_reference_manual_en.pdf.pdf.md,md,1490807,05_esp32_espressif,knowledge_scrape\05_esp32_espressif,.md,url_006885
knowledge_scrape\05_esp32_espressif\url_006886--espressif.com-sites-default-files-documentation-esp32-c6-mini-1_mini-1u_datasheet_en.pdf.pdf.md,md,66382,05_esp32_espressif,knowledge_scrape\05_esp32_espressif,.md,url_006886
knowledge_scrape\05_esp32_espressif\url_006887--espressif.com-sites-default-files-documentation-esp32-c6-wroom-1_wroom-1u_datasheet_en.pdf.pdf.md,md,66172,05_esp32_espressif,knowledge_scrape\05_esp32_espressif,.md,url_006887
knowledge_scrape\05_esp32_espressif\url_006888--espressif.com-sites-default-files-documentation-esp32-s2_datasheet_en.pdf.pdf.md,md,105744,05_esp32_espressif,knowledge_scrape\05_esp32_espressif,.md,url_006888
knowledge_scrape\05_esp32_espressif\url_006889--espressif.com-sites-default-files-documentation-esp32-s2_technical_reference_manual_en.pdf.pdf.md,md,1027086,05_esp32_espressif,knowledge_scrape\05_esp32_espressif,.md,url_006889
knowledge_scrape\05_esp32_espressif\url_006890--espressif.com-sites-default-files-documentation-esp32-s3_datasheet_en.pdf.pdf.md,md,142456,05_esp32_espressif,knowledge_scrape\05_esp32_espressif,.md,url_006890
knowledge_scrape\05_esp32_espressif\url_006892--espressif.com-sites-default-files-documentation-esp32-s3_technical_reference_manual_en.pdf.pdf.md,md,1611031,05_esp32_espressif,knowledge_scrape\05_esp32_espressif,.md,url_006892
knowledge_scrape\05_esp32_espressif\url_006893--espressif.com-sites-default-files-documentation-esp32-s3-mini-1_mini-1u_datasheet_en.pdf.pdf.md,md,72572,05_esp32_espressif,knowledge_scrape\05_esp32_espressif,.md,url_006893
knowledge_scrape\05_esp32_espressif\url_006894--espressif.com-sites-default-files-documentation-esp32-s3-wroom-1_wroom-1u_datasheet_en.pdf.pdf.md,md,74589,05_esp32_espressif,knowledge_scrape\05_esp32_espressif,.md,url_006894
knowledge_scrape\05_esp32_espressif\url_008218--pcbway.com-blog-PCB_Design_Layout-USB_Type_C_PCB_Design_Guidelines_Layout_and_Routing_Best_Practices_55bc0c39..md,md,13948,05_esp32_espressif,knowledge_scrape\05_esp32_espressif,.md,url_008218
knowledge_scrape\05_esp32_espressif\url_010081--documentation.espressif.com-esp32-s3-wroom-1_wroom-1u_datasheet_en.pdf.pdf.md,md,74491,05_esp32_espressif,knowledge_scrape\05_esp32_espressif,.md,url_010081
knowledge_scrape\06_microcontrollers\.gitkeep,no_extension,14,06_microcontrollers,knowledge_scrape\06_microcontrollers,,
knowledge_scrape\06_microcontrollers\_CATEGORY_INDEX.md,md,3523,06_microcontrollers,knowledge_scrape\06_microcontrollers,.md,
knowledge_scrape\06_microcontrollers\url_000008--datasheets.raspberrypi.com-rp2040-rp2040-datasheet.pdf.pdf.md,md,1059821,06_microcontrollers,knowledge_scrape\06_microcontrollers,.md,url_000008
knowledge_scrape\06_microcontrollers\url_000009--datasheets.raspberrypi.com-rp2350-rp2350-datasheet.pdf.pdf.md,md,2079285,06_microcontrollers,knowledge_scrape\06_microcontrollers,.md,url_000009
knowledge_scrape\06_microcontrollers\url_004605--ww1.microchip.com-downloads-aemDocuments-documents-OTH-ApplicationNotes-ApplicationNotes-00002053A.pdf.pdf.md,md,24186,06_microcontrollers,knowledge_scrape\06_microcontrollers,.md,url_004605
knowledge_scrape\06_microcontrollers\url_004647--ww1.microchip.com-downloads-en-AppNotes-AN140.pdf.pdf.md,md,10293,06_microcontrollers,knowledge_scrape\06_microcontrollers,.md,url_004647
knowledge_scrape\06_microcontrollers\url_004649--ww1.microchip.com-downloads-en-AppNotes-AN142.pdf.pdf.md,md,22545,06_microcontrollers,knowledge_scrape\06_microcontrollers,.md,url_004649
knowledge_scrape\06_microcontrollers\url_004721--ww1.microchip.com-downloads-en-AppNotes-AN214.pdf.pdf.md,md,21608,06_microcontrollers,knowledge_scrape\06_microcontrollers,.md,url_004721
knowledge_scrape\06_microcontrollers\url_007016--gigadevice.com-products-microcontrollers-gd32.md,md,12617,06_microcontrollers,knowledge_scrape\06_microcontrollers,.md,url_007016
knowledge_scrape\06_microcontrollers\url_008277--renesas.com-en-products-microcontrollers-microprocessors-ra-cortex-m-mcus.md,md,23642,06_microcontrollers,knowledge_scrape\06_microcontrollers,.md,url_008277
knowledge_scrape\06_microcontrollers\url_008281--renesas.com-en-products-microcontrollers-microprocessors-rx-32-bit-performance-efficiency-mcus.md,md,21495,06_microcontrollers,knowledge_scrape\06_microcontrollers,.md,url_008281
knowledge_scrape\06_microcontrollers\url_008282--renesas.com-en-support-package-information.md,md,4525,06_microcontrollers,knowledge_scrape\06_microcontrollers,.md,url_008282
knowledge_scrape\06_microcontrollers\url_008398--silabs.com-documents-public-application-notes-AN0054.pdf.pdf.md,md,28756,06_microcontrollers,knowledge_scrape\06_microcontrollers,.md,url_008398
knowledge_scrape\06_microcontrollers\url_008401--silabs.com-documents-public-application-notes-an203.pdf.pdf.md,md,55304,06_microcontrollers,knowledge_scrape\06_microcontrollers,.md,url_008401
knowledge_scrape\06_microcontrollers\url_010084--silabs.com-documents-public-application-notes-an0046-efm32-usb-hardware-design-guidelines.pdf.pdf.md,md,32888,06_microcontrollers,knowledge_scrape\06_microcontrollers,.md,url_010084
knowledge_scrape\07_usb_c_high_speed_esd\.gitkeep,no_extension,14,07_usb_c_high_speed_esd,knowledge_scrape\07_usb_c_high_speed_esd,,
knowledge_scrape\07_usb_c_high_speed_esd\_CATEGORY_INDEX.md,md,2971,07_usb_c_high_speed_esd,knowledge_scrape\07_usb_c_high_speed_esd,.md,
knowledge_scrape\07_usb_c_high_speed_esd\url_004526--jlcpcb.com-blog-pcb-design-rules-best-practices.md,md,42071,07_usb_c_high_speed_esd,knowledge_scrape\07_usb_c_high_speed_esd,.md,url_004526
knowledge_scrape\07_usb_c_high_speed_esd\url_008280--renesas.com-en-products-microcontrollers-microprocessors-rl78-low-power-8-16-bit-mcus.md,md,22963,07_usb_c_high_speed_esd,knowledge_scrape\07_usb_c_high_speed_esd,.md,url_008280
knowledge_scrape\07_usb_c_high_speed_esd\url_008384--richtek.com-Design-20Support-Technical-20Document-AN004.md,md,19391,07_usb_c_high_speed_esd,knowledge_scrape\07_usb_c_high_speed_esd,.md,url_008384
knowledge_scrape\07_usb_c_high_speed_esd\url_008385--richtek.com-Design-20Support-Technical-20Document-AN005.md,md,21302,07_usb_c_high_speed_esd,knowledge_scrape\07_usb_c_high_speed_esd,.md,url_008385
knowledge_scrape\07_usb_c_high_speed_esd\url_008386--richtek.com-Design-20Support-Technical-20Document-AN006.md,md,28065,07_usb_c_high_speed_esd,knowledge_scrape\07_usb_c_high_speed_esd,.md,url_008386
knowledge_scrape\07_usb_c_high_speed_esd\url_008387--richtek.com-Design-20Support-Technical-20Document-AN025.md,md,24467,07_usb_c_high_speed_esd,knowledge_scrape\07_usb_c_high_speed_esd,.md,url_008387
knowledge_scrape\07_usb_c_high_speed_esd\url_008403--silabs.com-mcu-32-bit-efm32-gecko.md,md,17104,07_usb_c_high_speed_esd,knowledge_scrape\07_usb_c_high_speed_esd,.md,url_008403
knowledge_scrape\07_usb_c_high_speed_esd\url_008505--silabs.com-wireless-bluetooth-efr32bg22-series-2-socs.md,md,28174,07_usb_c_high_speed_esd,knowledge_scrape\07_usb_c_high_speed_esd,.md,url_008505
knowledge_scrape\07_usb_c_high_speed_esd\url_008507--silabs.com-wireless-wi-fi-rs9116-wi-fi-ncp-socs.md,md,16249,07_usb_c_high_speed_esd,knowledge_scrape\07_usb_c_high_speed_esd,.md,url_008507
knowledge_scrape\07_usb_c_high_speed_esd\url_009654--ti.com-interface-circuit-protection-overview.html.md,md,11792,07_usb_c_high_speed_esd,knowledge_scrape\07_usb_c_high_speed_esd,.md,url_009654
knowledge_scrape\07_usb_c_high_speed_esd\url_009655--ti.com-interface-usb-overview.html.md,md,15239,07_usb_c_high_speed_esd,knowledge_scrape\07_usb_c_high_speed_esd,.md,url_009655
knowledge_scrape\07_usb_c_high_speed_esd\url_009659--ti.com-lit-an-scaa106-scaa106.pdf.pdf.md,md,21880,07_usb_c_high_speed_esd,knowledge_scrape\07_usb_c_high_speed_esd,.md,url_009659
knowledge_scrape\07_usb_c_high_speed_esd\url_009667--ti.com-lit-an-slla431-slla431.pdf.pdf.md,md,22471,07_usb_c_high_speed_esd,knowledge_scrape\07_usb_c_high_speed_esd,.md,url_009667
knowledge_scrape\07_usb_c_high_speed_esd\url_009899--ti.com-lit-an-szza016-szza016.pdf.pdf.md,md,52037,07_usb_c_high_speed_esd,knowledge_scrape\07_usb_c_high_speed_esd,.md,url_009899
knowledge_scrape\07_usb_c_high_speed_esd\url_009900--ti.com-lit-an-szza017-szza017.pdf.pdf.md,md,19721,07_usb_c_high_speed_esd,knowledge_scrape\07_usb_c_high_speed_esd,.md,url_009900
knowledge_scrape\07_usb_c_high_speed_esd\url_009901--ti.com-lit-an-szza026-szza026.pdf.pdf.md,md,36158,07_usb_c_high_speed_esd,knowledge_scrape\07_usb_c_high_speed_esd,.md,url_009901
knowledge_scrape\07_usb_c_high_speed_esd\url_009919--ti.com-lit-pdf-slla414.md,md,793,07_usb_c_high_speed_esd,knowledge_scrape\07_usb_c_high_speed_esd,.md,url_009919
knowledge_scrape\07_usb_c_high_speed_esd\url_009920--ti.com-lit-pdf-sllu149.md,md,793,07_usb_c_high_speed_esd,knowledge_scrape\07_usb_c_high_speed_esd,.md,url_009920
knowledge_scrape\07_usb_c_high_speed_esd\url_010050--usb.org-document-library-usb-20-cable-and-connector-class-document.md,md,2869,07_usb_c_high_speed_esd,knowledge_scrape\07_usb_c_high_speed_esd,.md,url_010050
knowledge_scrape\07_usb_c_high_speed_esd\url_010055--usb.org-document-library-usb-20-specification.md,md,4558,07_usb_c_high_speed_esd,knowledge_scrape\07_usb_c_high_speed_esd,.md,url_010055
knowledge_scrape\07_usb_c_high_speed_esd\url_010057--usb.org-document-library-usb-power-delivery.md,md,1405,07_usb_c_high_speed_esd,knowledge_scrape\07_usb_c_high_speed_esd,.md,url_010057
knowledge_scrape\07_usb_c_high_speed_esd\url_010060--usb.org-document-library-usb-type-cr-connectors-and-cable-assemblies-compliance-document-rev-21b.md,md,3498,07_usb_c_high_speed_esd,knowledge_scrape\07_usb_c_high_speed_esd,.md,url_010060
knowledge_scrape\07_usb_c_high_speed_esd\url_010061--usb.org-documents.md,md,53117,07_usb_c_high_speed_esd,knowledge_scrape\07_usb_c_high_speed_esd,.md,url_010061
knowledge_scrape\07_usb_c_high_speed_esd\url_010063--usb.org-usb-charger-pd.md,md,6346,07_usb_c_high_speed_esd,knowledge_scrape\07_usb_c_high_speed_esd,.md,url_010063
knowledge_scrape\07_usb_c_high_speed_esd\url_010064--usb.org-usb-type-cr-cable-and-connector-specification.md,md,4565,07_usb_c_high_speed_esd,knowledge_scrape\07_usb_c_high_speed_esd,.md,url_010064
knowledge_scrape\07_usb_c_high_speed_esd\url_010103--we-online.com-components-media-o150133v410-20ANP007d-20EN.pdf.pdf.md,md,32758,07_usb_c_high_speed_esd,knowledge_scrape\07_usb_c_high_speed_esd,.md,url_010103
knowledge_scrape\08_power_buck_regulators\.gitkeep,no_extension,14,08_power_buck_regulators,knowledge_scrape\08_power_buck_regulators,,
knowledge_scrape\08_power_buck_regulators\_CATEGORY_INDEX.md,md,6487,08_power_buck_regulators,knowledge_scrape\08_power_buck_regulators,.md,
knowledge_scrape\08_power_buck_regulators\url_000950--docs.kicad.org-doxygen-python-9.0.md,md,1238,08_power_buck_regulators,knowledge_scrape\08_power_buck_regulators,.md,url_000950
knowledge_scrape\08_power_buck_regulators\url_009656--ti.com-lit-an-scaa045-scaa045.pdf.pdf.md,md,32521,08_power_buck_regulators,knowledge_scrape\08_power_buck_regulators,.md,url_009656
knowledge_scrape\08_power_buck_regulators\url_009657--ti.com-lit-an-scaa053-scaa053.pdf.pdf.md,md,16637,08_power_buck_regulators,knowledge_scrape\08_power_buck_regulators,.md,url_009657
knowledge_scrape\08_power_buck_regulators\url_009658--ti.com-lit-an-scaa082-scaa082.pdf.pdf.md,md,44442,08_power_buck_regulators,knowledge_scrape\08_power_buck_regulators,.md,url_009658
knowledge_scrape\08_power_buck_regulators\url_009662--ti.com-lit-an-slla070-slla070.pdf.pdf.md,md,55959,08_power_buck_regulators,knowledge_scrape\08_power_buck_regulators,.md,url_009662
knowledge_scrape\08_power_buck_regulators\url_009664--ti.com-lit-an-slla118-slla118.pdf.pdf.md,md,5482,08_power_buck_regulators,knowledge_scrape\08_power_buck_regulators,.md,url_009664
knowledge_scrape\08_power_buck_regulators\url_009665--ti.com-lit-an-slla176-slla176.pdf.pdf.md,md,5951,08_power_buck_regulators,knowledge_scrape\08_power_buck_regulators,.md,url_009665
knowledge_scrape\08_power_buck_regulators\url_009666--ti.com-lit-an-slla422-slla422.pdf.pdf.md,md,19087,08_power_buck_regulators,knowledge_scrape\08_power_buck_regulators,.md,url_009666
knowledge_scrape\08_power_buck_regulators\url_009669--ti.com-lit-an-slla457-slla457.pdf.pdf.md,md,10739,08_power_buck_regulators,knowledge_scrape\08_power_buck_regulators,.md,url_009669
knowledge_scrape\08_power_buck_regulators\url_009670--ti.com-lit-an-slla457a-slla457a.pdf.pdf.md,md,10749,08_power_buck_regulators,knowledge_scrape\08_power_buck_regulators,.md,url_009670
knowledge_scrape\08_power_buck_regulators\url_009671--ti.com-lit-an-slla511-slla511.pdf.pdf.md,md,19653,08_power_buck_regulators,knowledge_scrape\08_power_buck_regulators,.md,url_009671
knowledge_scrape\08_power_buck_regulators\url_009730--ti.com-lit-an-slva057-slva057.pdf.pdf.md,md,67248,08_power_buck_regulators,knowledge_scrape\08_power_buck_regulators,.md,url_009730
knowledge_scrape\08_power_buck_regulators\url_009753--ti.com-lit-an-slva079-slva079.pdf.pdf.md,md,25131,08_power_buck_regulators,knowledge_scrape\08_power_buck_regulators,.md,url_009753
knowledge_scrape\08_power_buck_regulators\url_009780--ti.com-lit-an-slva105-slva105.pdf.pdf.md,md,26542,08_power_buck_regulators,knowledge_scrape\08_power_buck_regulators,.md,url_009780
knowledge_scrape\08_power_buck_regulators\url_009787--ti.com-lit-an-slva111-slva111.pdf.pdf.md,md,26735,08_power_buck_regulators,knowledge_scrape\08_power_buck_regulators,.md,url_009787
knowledge_scrape\08_power_buck_regulators\url_009795--ti.com-lit-an-slva118-slva118.pdf.pdf.md,md,54414,08_power_buck_regulators,knowledge_scrape\08_power_buck_regulators,.md,url_009795
knowledge_scrape\08_power_buck_regulators\url_009836--ti.com-lit-an-slva157-slva157.pdf.pdf.md,md,14519,08_power_buck_regulators,knowledge_scrape\08_power_buck_regulators,.md,url_009836
knowledge_scrape\08_power_buck_regulators\url_009864--ti.com-lit-an-slva183-slva183.pdf.pdf.md,md,10429,08_power_buck_regulators,knowledge_scrape\08_power_buck_regulators,.md,url_009864
knowledge_scrape\08_power_buck_regulators\url_009882--ti.com-lit-an-slva372-slva372.pdf.pdf.md,md,19236,08_power_buck_regulators,knowledge_scrape\08_power_buck_regulators,.md,url_009882
knowledge_scrape\08_power_buck_regulators\url_009883--ti.com-lit-an-slva390-slva390.pdf.pdf.md,md,13741,08_power_buck_regulators,knowledge_scrape\08_power_buck_regulators,.md,url_009883
knowledge_scrape\08_power_buck_regulators\url_009884--ti.com-lit-an-slva462-slva462.pdf.pdf.md,md,16520,08_power_buck_regulators,knowledge_scrape\08_power_buck_regulators,.md,url_009884
knowledge_scrape\08_power_buck_regulators\url_009885--ti.com-lit-an-slva477-slva477.pdf.pdf.md,md,21369,08_power_buck_regulators,knowledge_scrape\08_power_buck_regulators,.md,url_009885
knowledge_scrape\08_power_buck_regulators\url_009886--ti.com-lit-an-slva630-slva630.pdf.pdf.md,md,33993,08_power_buck_regulators,knowledge_scrape\08_power_buck_regulators,.md,url_009886
knowledge_scrape\08_power_buck_regulators\url_009887--ti.com-lit-an-slva680-slva680.pdf.pdf.md,md,27620,08_power_buck_regulators,knowledge_scrape\08_power_buck_regulators,.md,url_009887
knowledge_scrape\08_power_buck_regulators\url_009888--ti.com-lit-an-slva689-slva689.pdf.pdf.md,md,11686,08_power_buck_regulators,knowledge_scrape\08_power_buck_regulators,.md,url_009888
knowledge_scrape\08_power_buck_regulators\url_009889--ti.com-lit-an-slva721-slva721.pdf.pdf.md,md,21253,08_power_buck_regulators,knowledge_scrape\08_power_buck_regulators,.md,url_009889
knowledge_scrape\08_power_buck_regulators\url_009890--ti.com-lit-an-slva970-slva970.pdf.pdf.md,md,27761,08_power_buck_regulators,knowledge_scrape\08_power_buck_regulators,.md,url_009890
knowledge_scrape\08_power_buck_regulators\url_009891--ti.com-lit-an-slyp173-slyp173.pdf.pdf.md,md,49201,08_power_buck_regulators,knowledge_scrape\08_power_buck_regulators,.md,url_009891
knowledge_scrape\08_power_buck_regulators\url_009892--ti.com-lit-an-snva681-snva681.pdf.pdf.md,md,21388,08_power_buck_regulators,knowledge_scrape\08_power_buck_regulators,.md,url_009892
knowledge_scrape\08_power_buck_regulators\url_009893--ti.com-lit-an-snva718-snva718.pdf.pdf.md,md,26316,08_power_buck_regulators,knowledge_scrape\08_power_buck_regulators,.md,url_009893
knowledge_scrape\08_power_buck_regulators\url_009894--ti.com-lit-an-snva773-snva773.pdf.pdf.md,md,13204,08_power_buck_regulators,knowledge_scrape\08_power_buck_regulators,.md,url_009894
knowledge_scrape\08_power_buck_regulators\url_009895--ti.com-lit-an-snva803-snva803.pdf.pdf.md,md,10600,08_power_buck_regulators,knowledge_scrape\08_power_buck_regulators,.md,url_009895
knowledge_scrape\08_power_buck_regulators\url_009896--ti.com-lit-an-snva849-snva849.pdf.pdf.md,md,12092,08_power_buck_regulators,knowledge_scrape\08_power_buck_regulators,.md,url_009896
knowledge_scrape\08_power_buck_regulators\url_009897--ti.com-lit-an-snva878-snva878.pdf.pdf.md,md,29033,08_power_buck_regulators,knowledge_scrape\08_power_buck_regulators,.md,url_009897
knowledge_scrape\08_power_buck_regulators\url_009902--ti.com-lit-an-szza027-szza027.pdf.pdf.md,md,31775,08_power_buck_regulators,knowledge_scrape\08_power_buck_regulators,.md,url_009902
knowledge_scrape\08_power_buck_regulators\url_009903--ti.com-lit-ds-symlink-tpd1e10b06.pdf.pdf.md,md,36904,08_power_buck_regulators,knowledge_scrape\08_power_buck_regulators,.md,url_009903
knowledge_scrape\08_power_buck_regulators\url_009904--ti.com-lit-ds-symlink-tpd2e2u06.pdf.pdf.md,md,28561,08_power_buck_regulators,knowledge_scrape\08_power_buck_regulators,.md,url_009904
knowledge_scrape\08_power_buck_regulators\url_009905--ti.com-lit-ds-symlink-tpd4e02b04.pdf.pdf.md,md,30435,08_power_buck_regulators,knowledge_scrape\08_power_buck_regulators,.md,url_009905
knowledge_scrape\08_power_buck_regulators\url_009906--ti.com-lit-ds-symlink-tpd4e110.pdf.pdf.md,md,26525,08_power_buck_regulators,knowledge_scrape\08_power_buck_regulators,.md,url_009906
knowledge_scrape\08_power_buck_regulators\url_009907--ti.com-lit-ds-symlink-tpd4e1u06.pdf.pdf.md,md,29898,08_power_buck_regulators,knowledge_scrape\08_power_buck_regulators,.md,url_009907
knowledge_scrape\08_power_buck_regulators\url_009908--ti.com-lit-ds-symlink-tpd6e004.pdf.pdf.md,md,27438,08_power_buck_regulators,knowledge_scrape\08_power_buck_regulators,.md,url_009908
knowledge_scrape\08_power_buck_regulators\url_009909--ti.com-lit-ds-symlink-tpd6e05u06.pdf.pdf.md,md,40870,08_power_buck_regulators,knowledge_scrape\08_power_buck_regulators,.md,url_009909
knowledge_scrape\08_power_buck_regulators\url_009910--ti.com-lit-ds-symlink-tps54202.pdf.pdf.md,md,53475,08_power_buck_regulators,knowledge_scrape\08_power_buck_regulators,.md,url_009910
knowledge_scrape\08_power_buck_regulators\url_009911--ti.com-lit-ds-symlink-tps54302.pdf.pdf.md,md,54136,08_power_buck_regulators,knowledge_scrape\08_power_buck_regulators,.md,url_009911
knowledge_scrape\08_power_buck_regulators\url_009912--ti.com-lit-ds-symlink-tps562201.pdf.pdf.md,md,46949,08_power_buck_regulators,knowledge_scrape\08_power_buck_regulators,.md,url_009912
knowledge_scrape\08_power_buck_regulators\url_009913--ti.com-lit-ds-symlink-tps563201.pdf.pdf.md,md,46766,08_power_buck_regulators,knowledge_scrape\08_power_buck_regulators,.md,url_009913
knowledge_scrape\08_power_buck_regulators\url_009914--ti.com-lit-ds-symlink-tps62177.pdf.pdf.md,md,57241,08_power_buck_regulators,knowledge_scrape\08_power_buck_regulators,.md,url_009914
knowledge_scrape\08_power_buck_regulators\url_009915--ti.com-lit-ds-symlink-tps62180.pdf.pdf.md,md,59351,08_power_buck_regulators,knowledge_scrape\08_power_buck_regulators,.md,url_009915
knowledge_scrape\08_power_buck_regulators\url_009916--ti.com-lit-ds-symlink-tps62827.pdf.pdf.md,md,55827,08_power_buck_regulators,knowledge_scrape\08_power_buck_regulators,.md,url_009916
knowledge_scrape\08_power_buck_regulators\url_009917--ti.com-lit-ds-symlink-tps62840.pdf.pdf.md,md,61936,08_power_buck_regulators,knowledge_scrape\08_power_buck_regulators,.md,url_009917
knowledge_scrape\08_power_buck_regulators\url_009918--ti.com-lit-ds-symlink-tps62933.pdf.pdf.md,md,94799,08_power_buck_regulators,knowledge_scrape\08_power_buck_regulators,.md,url_009918
knowledge_scrape\08_power_buck_regulators\url_009922--ti.com-microcontrollers-mcus-processors-c2000-real-time-control-mcus-overview.html.md,md,14313,08_power_buck_regulators,knowledge_scrape\08_power_buck_regulators,.md,url_009922
knowledge_scrape\08_power_buck_regulators\url_009923--ti.com-microcontrollers-mcus-processors-microcontrollers-overview.html.md,md,11664,08_power_buck_regulators,knowledge_scrape\08_power_buck_regulators,.md,url_009923
knowledge_scrape\08_power_buck_regulators\url_009924--ti.com-microcontrollers-mcus-processors-msp430-microcontrollers-overview.html.md,md,14298,08_power_buck_regulators,knowledge_scrape\08_power_buck_regulators,.md,url_009924
knowledge_scrape\08_power_buck_regulators\url_010035--ti.com-product-TPS54202.md,md,21117,08_power_buck_regulators,knowledge_scrape\08_power_buck_regulators,.md,url_010035
knowledge_scrape\08_power_buck_regulators\url_010036--ti.com-product-TPS54302.md,md,19947,08_power_buck_regulators,knowledge_scrape\08_power_buck_regulators,.md,url_010036
knowledge_scrape\08_power_buck_regulators\url_010037--ti.com-product-TPS562201.md,md,22435,08_power_buck_regulators,knowledge_scrape\08_power_buck_regulators,.md,url_010037
knowledge_scrape\08_power_buck_regulators\url_010038--ti.com-product-TPS563201.md,md,21407,08_power_buck_regulators,knowledge_scrape\08_power_buck_regulators,.md,url_010038
knowledge_scrape\08_power_buck_regulators\url_010039--ti.com-product-TPS62177.md,md,24527,08_power_buck_regulators,knowledge_scrape\08_power_buck_regulators,.md,url_010039
knowledge_scrape\08_power_buck_regulators\url_010040--ti.com-product-TPS62827.md,md,20704,08_power_buck_regulators,knowledge_scrape\08_power_buck_regulators,.md,url_010040
knowledge_scrape\08_power_buck_regulators\url_010041--ti.com-product-TPS62840.md,md,26532,08_power_buck_regulators,knowledge_scrape\08_power_buck_regulators,.md,url_010041
knowledge_scrape\08_power_buck_regulators\url_010042--ti.com-product-TPS62933.md,md,23533,08_power_buck_regulators,knowledge_scrape\08_power_buck_regulators,.md,url_010042
knowledge_scrape\08_power_buck_regulators\url_010043--ti.com-tool-TPS54202EVM-716.md,md,4229,08_power_buck_regulators,knowledge_scrape\08_power_buck_regulators,.md,url_010043
knowledge_scrape\08_power_buck_regulators\url_010044--ti.com-tool-TPS54302EVM-716.md,md,4195,08_power_buck_regulators,knowledge_scrape\08_power_buck_regulators,.md,url_010044
knowledge_scrape\08_power_buck_regulators\url_010047--ti.com-tool-WEBENCH-POWER-DESIGNER.md,md,4915,08_power_buck_regulators,knowledge_scrape\08_power_buck_regulators,.md,url_010047
knowledge_scrape\08_power_buck_regulators\url_010082--fscdn.rohm.com-en-products-databook-applinote-ic-power-switching_regulator-converter_pcb_layout_appli-e.pdf.pdf.md,md,26692,08_power_buck_regulators,knowledge_scrape\08_power_buck_regulators,.md,url_010082
knowledge_scrape\08_power_buck_regulators\url_010083--onsemi.com-pub-Collateral-TND6222-D.PDF.pdf.md,md,15909,08_power_buck_regulators,knowledge_scrape\08_power_buck_regulators,.md,url_010083
knowledge_scrape\08_power_buck_regulators\url_010085--ti.com-lit-an-scaa048-scaa048.pdf.pdf.md,md,16600,08_power_buck_regulators,knowledge_scrape\08_power_buck_regulators,.md,url_010085
knowledge_scrape\08_power_buck_regulators\url_010086--ti.com-lit-an-scaa082a-scaa082a.pdf.pdf.md,md,44452,08_power_buck_regulators,knowledge_scrape\08_power_buck_regulators,.md,url_010086
knowledge_scrape\08_power_buck_regulators\url_010087--ti.com-lit-an-slla368-slla368.pdf.pdf.md,md,29836,08_power_buck_regulators,knowledge_scrape\08_power_buck_regulators,.md,url_010087
knowledge_scrape\08_power_buck_regulators\url_010088--ti.com-lit-an-slva054-slva054.pdf.pdf.md,md,3735,08_power_buck_regulators,knowledge_scrape\08_power_buck_regulators,.md,url_010088
knowledge_scrape\08_power_buck_regulators\url_010089--ti.com-lit-an-slva773-slva773.pdf.pdf.md,md,14976,08_power_buck_regulators,knowledge_scrape\08_power_buck_regulators,.md,url_010089
knowledge_scrape\08_power_buck_regulators\url_010090--ti.com-lit-an-slva959-slva959.pdf.pdf.md,md,62393,08_power_buck_regulators,knowledge_scrape\08_power_buck_regulators,.md,url_010090
knowledge_scrape\08_power_buck_regulators\url_010091--ti.com-lit-an-slvae09-slvae09.pdf.pdf.md,md,24969,08_power_buck_regulators,knowledge_scrape\08_power_buck_regulators,.md,url_010091
knowledge_scrape\08_power_buck_regulators\url_010092--ti.com-lit-an-slvaeq9-slvaeq9.pdf.pdf.md,md,25866,08_power_buck_regulators,knowledge_scrape\08_power_buck_regulators,.md,url_010092
knowledge_scrape\08_power_buck_regulators\url_010093--ti.com-lit-an-slvaew7-slvaew7.pdf.pdf.md,md,27667,08_power_buck_regulators,knowledge_scrape\08_power_buck_regulators,.md,url_010093
knowledge_scrape\08_power_buck_regulators\url_010094--ti.com-lit-an-slvaf66-slvaf66.pdf.pdf.md,md,66935,08_power_buck_regulators,knowledge_scrape\08_power_buck_regulators,.md,url_010094
knowledge_scrape\08_power_buck_regulators\url_010095--ti.com-lit-an-snva021c-snva021c.pdf.pdf.md,md,15054,08_power_buck_regulators,knowledge_scrape\08_power_buck_regulators,.md,url_010095
knowledge_scrape\08_power_buck_regulators\url_010096--ti.com-lit-an-szza009-szza009.pdf.pdf.md,md,61514,08_power_buck_regulators,knowledge_scrape\08_power_buck_regulators,.md,url_010096
knowledge_scrape\08_power_buck_regulators\url_010097--ti.com-lit-ds-symlink-lm2596.pdf.pdf.md,md,95807,08_power_buck_regulators,knowledge_scrape\08_power_buck_regulators,.md,url_010097
knowledge_scrape\08_power_buck_regulators\url_010098--ti.com-lit-ds-symlink-tpd2eusb30.pdf.pdf.md,md,34745,08_power_buck_regulators,knowledge_scrape\08_power_buck_regulators,.md,url_010098
knowledge_scrape\08_power_buck_regulators\url_010099--ti.com-lit-ds-symlink-tpd4e05u06.pdf.pdf.md,md,40870,08_power_buck_regulators,knowledge_scrape\08_power_buck_regulators,.md,url_010099
knowledge_scrape\08_power_buck_regulators\url_010100--ti.com-lit-ds-symlink-tps62130.pdf.pdf.md,md,76901,08_power_buck_regulators,knowledge_scrape\08_power_buck_regulators,.md,url_010100
knowledge_scrape\08_power_buck_regulators\url_010101--ti.com-lit-ds-symlink-tps62135.pdf.pdf.md,md,73255,08_power_buck_regulators,knowledge_scrape\08_power_buck_regulators,.md,url_010101
knowledge_scrape\08_power_buck_regulators\url_010102--ti.com-lit-ds-symlink-tps62913.pdf.pdf.md,md,69772,08_power_buck_regulators,knowledge_scrape\08_power_buck_regulators,.md,url_010102
knowledge_scrape\09_pcb_layout_grounding_emi_si\.gitkeep,no_extension,14,09_pcb_layout_grounding_emi_si,knowledge_scrape\09_pcb_layout_grounding_emi_si,,
knowledge_scrape\09_pcb_layout_grounding_emi_si\_CATEGORY_INDEX.md,md,592,09_pcb_layout_grounding_emi_si,knowledge_scrape\09_pcb_layout_grounding_emi_si,.md,
knowledge_scrape\09_pcb_layout_grounding_emi_si\url_000005--assets.nexperia.com-documents-application-note-AN90011.pdf.pdf.md,md,49230,09_pcb_layout_grounding_emi_si,knowledge_scrape\09_pcb_layout_grounding_emi_si,.md,url_000005
knowledge_scrape\09_pcb_layout_grounding_emi_si\url_001697--en.bouffalolab.com-product.md,md,6663,09_pcb_layout_grounding_emi_si,knowledge_scrape\09_pcb_layout_grounding_emi_si,.md,url_001697
knowledge_scrape\09_pcb_layout_grounding_emi_si\url_004528--jlcpcb.com-help-article-castellated-holes.md,md,1961,09_pcb_layout_grounding_emi_si,knowledge_scrape\09_pcb_layout_grounding_emi_si,.md,url_004528
knowledge_scrape\09_pcb_layout_grounding_emi_si\url_004531--jlcpcb.com-help-article-gerber-file-requirements.md,md,1982,09_pcb_layout_grounding_emi_si,knowledge_scrape\09_pcb_layout_grounding_emi_si,.md,url_004531
knowledge_scrape\09_pcb_layout_grounding_emi_si\url_004533--jlcpcb.com-help-article-kicad-export-gerber.md,md,1967,09_pcb_layout_grounding_emi_si,knowledge_scrape\09_pcb_layout_grounding_emi_si,.md,url_004533
knowledge_scrape\09_pcb_layout_grounding_emi_si\url_004534--jlcpcb.com-help-article-minimum-annular-ring.md,md,1970,09_pcb_layout_grounding_emi_si,knowledge_scrape\09_pcb_layout_grounding_emi_si,.md,url_004534
knowledge_scrape\09_pcb_layout_grounding_emi_si\url_004535--jlcpcb.com-help-article-minimum-hole-size.md,md,1961,09_pcb_layout_grounding_emi_si,knowledge_scrape\09_pcb_layout_grounding_emi_si,.md,url_004535
knowledge_scrape\09_pcb_layout_grounding_emi_si\url_004536--jlcpcb.com-help-article-multilayer-pcb-stackup.md,md,1976,09_pcb_layout_grounding_emi_si,knowledge_scrape\09_pcb_layout_grounding_emi_si,.md,url_004536
knowledge_scrape\09_pcb_layout_grounding_emi_si\url_004537--jlcpcb.com-help-article-pcb-assembly-capabilities.md,md,2003,09_pcb_layout_grounding_emi_si,knowledge_scrape\09_pcb_layout_grounding_emi_si,.md,url_004537
knowledge_scrape\09_pcb_layout_grounding_emi_si\url_004538--jlcpcb.com-help-article-pcb-assembly-design-requirements.md,md,2024,09_pcb_layout_grounding_emi_si,knowledge_scrape\09_pcb_layout_grounding_emi_si,.md,url_004538
knowledge_scrape\09_pcb_layout_grounding_emi_si\url_004539--jlcpcb.com-help-article-pcb-assembly-faq.md,md,1958,09_pcb_layout_grounding_emi_si,knowledge_scrape\09_pcb_layout_grounding_emi_si,.md,url_004539
knowledge_scrape\09_pcb_layout_grounding_emi_si\url_004540--jlcpcb.com-help-article-pcb-design-guidelines.md,md,1991,09_pcb_layout_grounding_emi_si,knowledge_scrape\09_pcb_layout_grounding_emi_si,.md,url_004540
knowledge_scrape\09_pcb_layout_grounding_emi_si\url_004541--jlcpcb.com-help-article-pcb-edge-plating.md,md,1958,09_pcb_layout_grounding_emi_si,knowledge_scrape\09_pcb_layout_grounding_emi_si,.md,url_004541
knowledge_scrape\09_pcb_layout_grounding_emi_si\url_004543--jlcpcb.com-help-article-pcb-stackup.md,md,1943,09_pcb_layout_grounding_emi_si,knowledge_scrape\09_pcb_layout_grounding_emi_si,.md,url_004543
knowledge_scrape\09_pcb_layout_grounding_emi_si\url_004544--jlcpcb.com-help-article-pcb-via-covering.md,md,12287,09_pcb_layout_grounding_emi_si,knowledge_scrape\09_pcb_layout_grounding_emi_si,.md,url_004544
knowledge_scrape\09_pcb_layout_grounding_emi_si\url_004545--jlcpcb.com-help-article-silkscreen-requirements.md,md,1979,09_pcb_layout_grounding_emi_si,knowledge_scrape\09_pcb_layout_grounding_emi_si,.md,url_004545
knowledge_scrape\09_pcb_layout_grounding_emi_si\url_004547--jlcpcb.com-help-article-soldermask-expansion.md,md,1970,09_pcb_layout_grounding_emi_si,knowledge_scrape\09_pcb_layout_grounding_emi_si,.md,url_004547
knowledge_scrape\09_pcb_layout_grounding_emi_si\url_004548--jlcpcb.com-help-article-via-in-pad.md,md,1940,09_pcb_layout_grounding_emi_si,knowledge_scrape\09_pcb_layout_grounding_emi_si,.md,url_004548
knowledge_scrape\09_pcb_layout_grounding_emi_si\url_004549--jlcpcb.com-parts.md,md,3943,09_pcb_layout_grounding_emi_si,knowledge_scrape\09_pcb_layout_grounding_emi_si,.md,url_004549
knowledge_scrape\09_pcb_layout_grounding_emi_si\url_006903--eurocircuits.com-technical-guidelines-pcb-design-guidelines.md,md,19996,09_pcb_layout_grounding_emi_si,knowledge_scrape\09_pcb_layout_grounding_emi_si,.md,url_006903
knowledge_scrape\10_dfm_fabrication_assembly\.gitkeep,no_extension,14,10_dfm_fabrication_assembly,knowledge_scrape\10_dfm_fabrication_assembly,,
knowledge_scrape\10_dfm_fabrication_assembly\_CATEGORY_INDEX.md,md,1894,10_dfm_fabrication_assembly,knowledge_scrape\10_dfm_fabrication_assembly,.md,
knowledge_scrape\10_dfm_fabrication_assembly\url_001056--docs.oshpark.com-design-tools-altium-designer.md,md,6795,10_dfm_fabrication_assembly,knowledge_scrape\10_dfm_fabrication_assembly,.md,url_001056
knowledge_scrape\10_dfm_fabrication_assembly\url_001057--docs.oshpark.com-design-tools-eagle.md,md,9828,10_dfm_fabrication_assembly,knowledge_scrape\10_dfm_fabrication_assembly,.md,url_001057
knowledge_scrape\10_dfm_fabrication_assembly\url_001059--docs.oshpark.com-design-tools-gerbv.md,md,5179,10_dfm_fabrication_assembly,knowledge_scrape\10_dfm_fabrication_assembly,.md,url_001059
knowledge_scrape\10_dfm_fabrication_assembly\url_001065--docs.oshpark.com-troubleshooting.md,md,2754,10_dfm_fabrication_assembly,knowledge_scrape\10_dfm_fabrication_assembly,.md,url_001065
knowledge_scrape\10_dfm_fabrication_assembly\url_004527--jlcpcb.com-capabilities-pcb-capabilities.md,md,2450,10_dfm_fabrication_assembly,knowledge_scrape\10_dfm_fabrication_assembly,.md,url_004527
knowledge_scrape\10_dfm_fabrication_assembly\url_004542--jlcpcb.com-help-article-pcb-panelization.md,md,5575,10_dfm_fabrication_assembly,knowledge_scrape\10_dfm_fabrication_assembly,.md,url_004542
knowledge_scrape\10_dfm_fabrication_assembly\url_004546--jlcpcb.com-help-article-smt-assembly-design-rules.md,md,3949,10_dfm_fabrication_assembly,knowledge_scrape\10_dfm_fabrication_assembly,.md,url_004546
knowledge_scrape\10_dfm_fabrication_assembly\url_004551--jlcpcb.com-pcb-assembly.md,md,3871,10_dfm_fabrication_assembly,knowledge_scrape\10_dfm_fabrication_assembly,.md,url_004551
knowledge_scrape\10_dfm_fabrication_assembly\url_006901--eurocircuits.com-technical-guidelines-panel-guidelines.md,md,9053,10_dfm_fabrication_assembly,knowledge_scrape\10_dfm_fabrication_assembly,.md,url_006901
knowledge_scrape\10_dfm_fabrication_assembly\url_007014--gigadevice.com-product-mcu-high-performance-mcus-gd32f4xx-series.md,md,8495,10_dfm_fabrication_assembly,knowledge_scrape\10_dfm_fabrication_assembly,.md,url_007014
knowledge_scrape\10_dfm_fabrication_assembly\url_008219--pcbway.com-capabilities.html.md,md,59480,10_dfm_fabrication_assembly,knowledge_scrape\10_dfm_fabrication_assembly,.md,url_008219
knowledge_scrape\10_dfm_fabrication_assembly\url_008230--pcbway.com-pcb_prototype-PCB_Assembly.html.md,md,885,10_dfm_fabrication_assembly,knowledge_scrape\10_dfm_fabrication_assembly,.md,url_008230
knowledge_scrape\10_dfm_fabrication_assembly\url_008231--pcbway.com-pcb_prototype-PCB_Capabilities.html.md,md,901,10_dfm_fabrication_assembly,knowledge_scrape\10_dfm_fabrication_assembly,.md,url_008231
knowledge_scrape\10_dfm_fabrication_assembly\url_008232--pcbway.com-pcb_prototype-PCB_Design_Rule_Check.html.md,md,46492,10_dfm_fabrication_assembly,knowledge_scrape\10_dfm_fabrication_assembly,.md,url_008232
knowledge_scrape\11_calculators_ipc_reference\.gitkeep,no_extension,14,11_calculators_ipc_reference,knowledge_scrape\11_calculators_ipc_reference,,
knowledge_scrape\11_calculators_ipc_reference\_CATEGORY_INDEX.md,md,1068,11_calculators_ipc_reference,knowledge_scrape\11_calculators_ipc_reference,.md,
knowledge_scrape\11_calculators_ipc_reference\url_001061--docs.oshpark.com-services-afterdark.md,md,4490,11_calculators_ipc_reference,knowledge_scrape\11_calculators_ipc_reference,.md,url_001061
knowledge_scrape\11_calculators_ipc_reference\url_001062--docs.oshpark.com-services-flex.md,md,8244,11_calculators_ipc_reference,knowledge_scrape\11_calculators_ipc_reference,.md,url_001062
knowledge_scrape\11_calculators_ipc_reference\url_001063--docs.oshpark.com-services-four-layer.md,md,11770,11_calculators_ipc_reference,knowledge_scrape\11_calculators_ipc_reference,.md,url_001063
knowledge_scrape\11_calculators_ipc_reference\url_001064--docs.oshpark.com-services-two-layer.md,md,7350,11_calculators_ipc_reference,knowledge_scrape\11_calculators_ipc_reference,.md,url_001064
knowledge_scrape\11_calculators_ipc_reference\url_004529--jlcpcb.com-help-article-controlled-impedance-calculator.md,md,2001,11_calculators_ipc_reference,knowledge_scrape\11_calculators_ipc_reference,.md,url_004529
knowledge_scrape\11_calculators_ipc_reference\url_004530--jlcpcb.com-help-article-controlled-impedance-pcb.md,md,1998,11_calculators_ipc_reference,knowledge_scrape\11_calculators_ipc_reference,.md,url_004530
knowledge_scrape\11_calculators_ipc_reference\url_004532--jlcpcb.com-help-article-impedance-control-requirements.md,md,1998,11_calculators_ipc_reference,knowledge_scrape\11_calculators_ipc_reference,.md,url_004532
knowledge_scrape\11_calculators_ipc_reference\url_005857--4pcb.com-pcb-capabilities.html.md,md,5382,11_calculators_ipc_reference,knowledge_scrape\11_calculators_ipc_reference,.md,url_005857
knowledge_scrape\11_calculators_ipc_reference\url_005858--4pcb.com-pcb-design-checklist.html.md,md,12865,11_calculators_ipc_reference,knowledge_scrape\11_calculators_ipc_reference,.md,url_005858
knowledge_scrape\11_calculators_ipc_reference\url_005859--4pcb.com-pcb-design-guidelines.md,md,17902,11_calculators_ipc_reference,knowledge_scrape\11_calculators_ipc_reference,.md,url_005859
knowledge_scrape\11_calculators_ipc_reference\url_005860--4pcb.com-printed-circuit-board-stackups.html.md,md,12905,11_calculators_ipc_reference,knowledge_scrape\11_calculators_ipc_reference,.md,url_005860
knowledge_scrape\11_calculators_ipc_reference\url_005861--4pcb.com-trace-width-calculator.html.md,md,6553,11_calculators_ipc_reference,knowledge_scrape\11_calculators_ipc_reference,.md,url_005861
knowledge_scrape\11_calculators_ipc_reference\url_006097--autodesk.com-products-fusion-360-blog-high-speed-pcb-design.md,md,15647,11_calculators_ipc_reference,knowledge_scrape\11_calculators_ipc_reference,.md,url_006097
knowledge_scrape\11_calculators_ipc_reference\url_006905--eurocircuits.com-technical-guidelines-via-filling.md,md,19657,11_calculators_ipc_reference,knowledge_scrape\11_calculators_ipc_reference,.md,url_006905
knowledge_scrape\11_calculators_ipc_reference\url_007977--murata.com-en-us-products-emc-emifil-knowhow-basic.md,md,12797,11_calculators_ipc_reference,knowledge_scrape\11_calculators_ipc_reference,.md,url_007977
knowledge_scrape\11_calculators_ipc_reference\url_008233--pcbway.com-pcb_prototype-PCB_Impedance_Control.html.md,md,928,11_calculators_ipc_reference,knowledge_scrape\11_calculators_ipc_reference,.md,url_008233
knowledge_scrape\11_calculators_ipc_reference\url_008235--protoexpress.com-blog-best-high-speed-pcb-routing-practices.md,md,84580,11_calculators_ipc_reference,knowledge_scrape\11_calculators_ipc_reference,.md,url_008235
knowledge_scrape\11_calculators_ipc_reference\url_008236--protoexpress.com-blog-decoupling-capacitor-placement.md,md,51024,11_calculators_ipc_reference,knowledge_scrape\11_calculators_ipc_reference,.md,url_008236
knowledge_scrape\11_calculators_ipc_reference\url_008239--protoexpress.com-blog-high-speed-pcb-design.md,md,26002,11_calculators_ipc_reference,knowledge_scrape\11_calculators_ipc_reference,.md,url_008239
knowledge_scrape\11_calculators_ipc_reference\url_008245--protoexpress.com-kb-dfm-rules.md,md,71072,11_calculators_ipc_reference,knowledge_scrape\11_calculators_ipc_reference,.md,url_008245
knowledge_scrape\11_calculators_ipc_reference\url_008246--protoexpress.com-pcb-design-guides.md,md,68663,11_calculators_ipc_reference,knowledge_scrape\11_calculators_ipc_reference,.md,url_008246
knowledge_scrape\11_calculators_ipc_reference\url_008388--richtek.com-Design-20Support-Technical-20Document-AN045.md,md,57350,11_calculators_ipc_reference,knowledge_scrape\11_calculators_ipc_reference,.md,url_008388
knowledge_scrape\12_forums_peer_review\.gitkeep,no_extension,14,12_forums_peer_review,knowledge_scrape\12_forums_peer_review,,
knowledge_scrape\12_forums_peer_review\_CATEGORY_INDEX.md,md,6306,12_forums_peer_review,knowledge_scrape\12_forums_peer_review,.md,
knowledge_scrape\12_forums_peer_review\url_001674--electronics.stackexchange.com-questions-tagged-differential.md,md,25809,12_forums_peer_review,knowledge_scrape\12_forums_peer_review,.md,url_001674
knowledge_scrape\12_forums_peer_review\url_001675--electronics.stackexchange.com-questions-tagged-emc.md,md,24862,12_forums_peer_review,knowledge_scrape\12_forums_peer_review,.md,url_001675
knowledge_scrape\12_forums_peer_review\url_001676--electronics.stackexchange.com-questions-tagged-emi.md,md,24279,12_forums_peer_review,knowledge_scrape\12_forums_peer_review,.md,url_001676
knowledge_scrape\12_forums_peer_review\url_001679--electronics.stackexchange.com-questions-tagged-grounding.md,md,24410,12_forums_peer_review,knowledge_scrape\12_forums_peer_review,.md,url_001679
knowledge_scrape\12_forums_peer_review\url_001680--electronics.stackexchange.com-questions-tagged-ground-plane.md,md,24696,12_forums_peer_review,knowledge_scrape\12_forums_peer_review,.md,url_001680
knowledge_scrape\12_forums_peer_review\url_001681--electronics.stackexchange.com-questions-tagged-kicad.md,md,115657,12_forums_peer_review,knowledge_scrape\12_forums_peer_review,.md,url_001681
knowledge_scrape\12_forums_peer_review\url_001682--electronics.stackexchange.com-questions-tagged-pcb.md,md,125743,12_forums_peer_review,knowledge_scrape\12_forums_peer_review,.md,url_001682
knowledge_scrape\12_forums_peer_review\url_001683--electronics.stackexchange.com-questions-tagged-pcb-design.md,md,85935,12_forums_peer_review,knowledge_scrape\12_forums_peer_review,.md,url_001683
knowledge_scrape\12_forums_peer_review\url_001684--electronics.stackexchange.com-questions-tagged-pcb-layout.md,md,12288,12_forums_peer_review,knowledge_scrape\12_forums_peer_review,.md,url_001684
knowledge_scrape\12_forums_peer_review\url_001685--electronics.stackexchange.com-questions-tagged-rf.md,md,25312,12_forums_peer_review,knowledge_scrape\12_forums_peer_review,.md,url_001685
knowledge_scrape\12_forums_peer_review\url_001686--electronics.stackexchange.com-questions-tagged-signal-integrity.md,md,25607,12_forums_peer_review,knowledge_scrape\12_forums_peer_review,.md,url_001686
knowledge_scrape\12_forums_peer_review\url_001688--electronics.stackexchange.com-questions-tagged-usb.md,md,141554,12_forums_peer_review,knowledge_scrape\12_forums_peer_review,.md,url_001688
knowledge_scrape\12_forums_peer_review\url_001689--electronics.stackexchange.com-questions-tagged-usb-c.md,md,23604,12_forums_peer_review,knowledge_scrape\12_forums_peer_review,.md,url_001689
knowledge_scrape\12_forums_peer_review\url_001986--forum.kicad.info-c-pcbnew-20.md,md,1025,12_forums_peer_review,knowledge_scrape\12_forums_peer_review,.md,url_001986
knowledge_scrape\12_forums_peer_review\url_001997--forum.kicad.info-t-custom-design-rules-examples-43987.md,md,16243,12_forums_peer_review,knowledge_scrape\12_forums_peer_review,.md,url_001997
knowledge_scrape\13_vendor_parts_cad_models\.gitkeep,no_extension,14,13_vendor_parts_cad_models,knowledge_scrape\13_vendor_parts_cad_models,,
knowledge_scrape\13_vendor_parts_cad_models\_CATEGORY_INDEX.md,md,5552,13_vendor_parts_cad_models,knowledge_scrape\13_vendor_parts_cad_models,.md,
knowledge_scrape\13_vendor_parts_cad_models\url_000027--docs.easyeda.com-en-Import-Import-KiCAD.md,md,2105,13_vendor_parts_cad_models,knowledge_scrape\13_vendor_parts_cad_models,.md,url_000027
knowledge_scrape\13_vendor_parts_cad_models\url_004550--jlcpcb.com-parts-componentSearch.md,md,2689,13_vendor_parts_cad_models,knowledge_scrape\13_vendor_parts_cad_models,.md,url_004550
knowledge_scrape\13_vendor_parts_cad_models\url_004562--nexar.com-api.md,md,10762,13_vendor_parts_cad_models,knowledge_scrape\13_vendor_parts_cad_models,.md,url_004562
knowledge_scrape\13_vendor_parts_cad_models\url_004565--octopart.com-documentation-style-guide.md,md,1514,13_vendor_parts_cad_models,knowledge_scrape\13_vendor_parts_cad_models,.md,url_004565
knowledge_scrape\13_vendor_parts_cad_models\url_004567--prodocs.easyeda.com-en-import-export-import-kicad.md,md,2157,13_vendor_parts_cad_models,knowledge_scrape\13_vendor_parts_cad_models,.md,url_004567
knowledge_scrape\13_vendor_parts_cad_models\url_004601--supplyframe.com-samacsys.md,md,6466,13_vendor_parts_cad_models,knowledge_scrape\13_vendor_parts_cad_models,.md,url_004601
knowledge_scrape\13_vendor_parts_cad_models\url_007017--hirose.com-product-series-CX.md,md,97394,13_vendor_parts_cad_models,knowledge_scrape\13_vendor_parts_cad_models,.md,url_007017
knowledge_scrape\13_vendor_parts_cad_models\url_007040--lcsc.com-index.md,md,67491,13_vendor_parts_cad_models,knowledge_scrape\13_vendor_parts_cad_models,.md,url_007040
knowledge_scrape\13_vendor_parts_cad_models\url_007041--lcsc.com-products-Microcontrollers-MCU-MPU-SOC_480.html.md,md,1765,13_vendor_parts_cad_models,knowledge_scrape\13_vendor_parts_cad_models,.md,url_007041
knowledge_scrape\13_vendor_parts_cad_models\url_007972--mouser.com-c-semiconductors-embedded-processors-controllers-microcontrollers-mcu.md,md,2011,13_vendor_parts_cad_models,knowledge_scrape\13_vendor_parts_cad_models,.md,url_007972
knowledge_scrape\13_vendor_parts_cad_models\url_007973--mouser.com-c-semiconductors-embedded-processors-controllers-wireless-rf-system-on-a-chip-soc.md,md,2047,13_vendor_parts_cad_models,knowledge_scrape\13_vendor_parts_cad_models,.md,url_007973
knowledge_scrape\13_vendor_parts_cad_models\url_007974--mouser.com-electronic-cad-symbols-models.md,md,1891,13_vendor_parts_cad_models,knowledge_scrape\13_vendor_parts_cad_models,.md,url_007974
knowledge_scrape\13_vendor_parts_cad_models\url_007975--mouser.com-technical-resources.md,md,1861,13_vendor_parts_cad_models,knowledge_scrape\13_vendor_parts_cad_models,.md,url_007975
knowledge_scrape\13_vendor_parts_cad_models\url_008215--pcblibraries.com-index.md,md,8758,13_vendor_parts_cad_models,knowledge_scrape\13_vendor_parts_cad_models,.md,url_008215
knowledge_scrape\13_vendor_parts_cad_models\url_008216--pcblibraries.com-library-expert.md,md,5203,13_vendor_parts_cad_models,knowledge_scrape\13_vendor_parts_cad_models,.md,url_008216
knowledge_scrape\13_vendor_parts_cad_models\url_008217--pcblibraries.com-pcb-footprint-expert.md,md,5227,13_vendor_parts_cad_models,knowledge_scrape\13_vendor_parts_cad_models,.md,url_008217
knowledge_scrape\13_vendor_parts_cad_models\url_008393--sameskydevices.com-product-connectors-usb-connectors-usb-type-c.md,md,4493,13_vendor_parts_cad_models,knowledge_scrape\13_vendor_parts_cad_models,.md,url_008393
knowledge_scrape\13_vendor_parts_cad_models\url_008510--snapeda.com-about-import.md,md,32871,13_vendor_parts_cad_models,knowledge_scrape\13_vendor_parts_cad_models,.md,url_008510
knowledge_scrape\14_datasheets_pdf_markdown\_CATEGORY_INDEX.md,md,7214,14_datasheets_pdf_markdown,knowledge_scrape\14_datasheets_pdf_markdown,.md,
knowledge_scrape\14_datasheets_pdf_markdown\extracted_markdown\.gitkeep,no_extension,14,14_datasheets_pdf_markdown,knowledge_scrape\14_datasheets_pdf_markdown\extracted_markdown,,
knowledge_scrape\14_datasheets_pdf_markdown\extracted_markdown\url_000005--assets.nexperia.com-documents-application-note-AN90011.pdf.pdf.md,md,58694,14_datasheets_pdf_markdown,knowledge_scrape\14_datasheets_pdf_markdown\extracted_markdown,.md,url_000005
knowledge_scrape\14_datasheets_pdf_markdown\extracted_markdown\url_000008--datasheets.raspberrypi.com-rp2040-rp2040-datasheet.pdf.pdf.md,md,1382639,14_datasheets_pdf_markdown,knowledge_scrape\14_datasheets_pdf_markdown\extracted_markdown,.md,url_000008
knowledge_scrape\14_datasheets_pdf_markdown\extracted_markdown\url_000009--datasheets.raspberrypi.com-rp2350-rp2350-datasheet.pdf.pdf.md,md,2894845,14_datasheets_pdf_markdown,knowledge_scrape\14_datasheets_pdf_markdown\extracted_markdown,.md,url_000009
knowledge_scrape\14_datasheets_pdf_markdown\extracted_markdown\url_004605--ww1.microchip.com-downloads-aemDocuments-documents-OTH-ApplicationNotes-ApplicationNotes-00002053A.pdf.pdf.md,md,24441,14_datasheets_pdf_markdown,knowledge_scrape\14_datasheets_pdf_markdown\extracted_markdown,.md,url_004605
knowledge_scrape\14_datasheets_pdf_markdown\extracted_markdown\url_004647--ww1.microchip.com-downloads-en-AppNotes-AN140.pdf.pdf.md,md,10780,14_datasheets_pdf_markdown,knowledge_scrape\14_datasheets_pdf_markdown\extracted_markdown,.md,url_004647
knowledge_scrape\14_datasheets_pdf_markdown\extracted_markdown\url_004649--ww1.microchip.com-downloads-en-AppNotes-AN142.pdf.pdf.md,md,25805,14_datasheets_pdf_markdown,knowledge_scrape\14_datasheets_pdf_markdown\extracted_markdown,.md,url_004649
knowledge_scrape\14_datasheets_pdf_markdown\extracted_markdown\url_004721--ww1.microchip.com-downloads-en-AppNotes-AN214.pdf.pdf.md,md,26425,14_datasheets_pdf_markdown,knowledge_scrape\14_datasheets_pdf_markdown\extracted_markdown,.md,url_004721
knowledge_scrape\14_datasheets_pdf_markdown\extracted_markdown\url_006877--espressif.com-sites-default-files-documentation-esp32_datasheet_en.pdf.pdf.md,md,135077,14_datasheets_pdf_markdown,knowledge_scrape\14_datasheets_pdf_markdown\extracted_markdown,.md,url_006877
knowledge_scrape\14_datasheets_pdf_markdown\extracted_markdown\url_006879--espressif.com-sites-default-files-documentation-esp32_technical_reference_manual_en.pdf.pdf.md,md,1354516,14_datasheets_pdf_markdown,knowledge_scrape\14_datasheets_pdf_markdown\extracted_markdown,.md,url_006879
knowledge_scrape\14_datasheets_pdf_markdown\extracted_markdown\url_006880--espressif.com-sites-default-files-documentation-esp32-c3_datasheet_en.pdf.pdf.md,md,121062,14_datasheets_pdf_markdown,knowledge_scrape\14_datasheets_pdf_markdown\extracted_markdown,.md,url_006880
knowledge_scrape\14_datasheets_pdf_markdown\extracted_markdown\url_006881--espressif.com-sites-default-files-documentation-esp32-c3_technical_reference_manual_en.pdf.pdf.md,md,1440895,14_datasheets_pdf_markdown,knowledge_scrape\14_datasheets_pdf_markdown\extracted_markdown,.md,url_006881
knowledge_scrape\14_datasheets_pdf_markdown\extracted_markdown\url_006882--espressif.com-sites-default-files-documentation-esp32-c3-mini-1_datasheet_en.pdf.pdf.md,md,69128,14_datasheets_pdf_markdown,knowledge_scrape\14_datasheets_pdf_markdown\extracted_markdown,.md,url_006882
knowledge_scrape\14_datasheets_pdf_markdown\extracted_markdown\url_006883--espressif.com-sites-default-files-documentation-esp32-c3-wroom-02_datasheet_en.pdf.pdf.md,md,67543,14_datasheets_pdf_markdown,knowledge_scrape\14_datasheets_pdf_markdown\extracted_markdown,.md,url_006883
knowledge_scrape\14_datasheets_pdf_markdown\extracted_markdown\url_006884--espressif.com-sites-default-files-documentation-esp32-c6_datasheet_en.pdf.pdf.md,md,146508,14_datasheets_pdf_markdown,knowledge_scrape\14_datasheets_pdf_markdown\extracted_markdown,.md,url_006884
knowledge_scrape\14_datasheets_pdf_markdown\extracted_markdown\url_006885--espressif.com-sites-default-files-documentation-esp32-c6_technical_reference_manual_en.pdf.pdf.md,md,2120434,14_datasheets_pdf_markdown,knowledge_scrape\14_datasheets_pdf_markdown\extracted_markdown,.md,url_006885
knowledge_scrape\14_datasheets_pdf_markdown\extracted_markdown\url_006886--espressif.com-sites-default-files-documentation-esp32-c6-mini-1_mini-1u_datasheet_en.pdf.pdf.md,md,76816,14_datasheets_pdf_markdown,knowledge_scrape\14_datasheets_pdf_markdown\extracted_markdown,.md,url_006886
knowledge_scrape\14_datasheets_pdf_markdown\extracted_markdown\url_006887--espressif.com-sites-default-files-documentation-esp32-c6-wroom-1_wroom-1u_datasheet_en.pdf.pdf.md,md,76542,14_datasheets_pdf_markdown,knowledge_scrape\14_datasheets_pdf_markdown\extracted_markdown,.md,url_006887
knowledge_scrape\14_datasheets_pdf_markdown\extracted_markdown\url_006888--espressif.com-sites-default-files-documentation-esp32-s2_datasheet_en.pdf.pdf.md,md,111372,14_datasheets_pdf_markdown,knowledge_scrape\14_datasheets_pdf_markdown\extracted_markdown,.md,url_006888
knowledge_scrape\14_datasheets_pdf_markdown\extracted_markdown\url_006889--espressif.com-sites-default-files-documentation-esp32-s2_technical_reference_manual_en.pdf.pdf.md,md,1416593,14_datasheets_pdf_markdown,knowledge_scrape\14_datasheets_pdf_markdown\extracted_markdown,.md,url_006889
knowledge_scrape\14_datasheets_pdf_markdown\extracted_markdown\url_006890--espressif.com-sites-default-files-documentation-esp32-s3_datasheet_en.pdf.pdf.md,md,158840,14_datasheets_pdf_markdown,knowledge_scrape\14_datasheets_pdf_markdown\extracted_markdown,.md,url_006890
knowledge_scrape\14_datasheets_pdf_markdown\extracted_markdown\url_006892--espressif.com-sites-default-files-documentation-esp32-s3_technical_reference_manual_en.pdf.pdf.md,md,2387935,14_datasheets_pdf_markdown,knowledge_scrape\14_datasheets_pdf_markdown\extracted_markdown,.md,url_006892
knowledge_scrape\14_datasheets_pdf_markdown\extracted_markdown\url_006893--espressif.com-sites-default-files-documentation-esp32-s3-mini-1_mini-1u_datasheet_en.pdf.pdf.md,md,84202,14_datasheets_pdf_markdown,knowledge_scrape\14_datasheets_pdf_markdown\extracted_markdown,.md,url_006893
knowledge_scrape\14_datasheets_pdf_markdown\extracted_markdown\url_006894--espressif.com-sites-default-files-documentation-esp32-s3-wroom-1_wroom-1u_datasheet_en.pdf.pdf.md,md,88696,14_datasheets_pdf_markdown,knowledge_scrape\14_datasheets_pdf_markdown\extracted_markdown,.md,url_006894
knowledge_scrape\14_datasheets_pdf_markdown\extracted_markdown\url_008398--silabs.com-documents-public-application-notes-AN0054.pdf.pdf.md,md,29995,14_datasheets_pdf_markdown,knowledge_scrape\14_datasheets_pdf_markdown\extracted_markdown,.md,url_008398
knowledge_scrape\14_datasheets_pdf_markdown\extracted_markdown\url_008401--silabs.com-documents-public-application-notes-an203.pdf.pdf.md,md,57543,14_datasheets_pdf_markdown,knowledge_scrape\14_datasheets_pdf_markdown\extracted_markdown,.md,url_008401
knowledge_scrape\14_datasheets_pdf_markdown\extracted_markdown\url_009656--ti.com-lit-an-scaa045-scaa045.pdf.pdf.md,md,32097,14_datasheets_pdf_markdown,knowledge_scrape\14_datasheets_pdf_markdown\extracted_markdown,.md,url_009656
knowledge_scrape\14_datasheets_pdf_markdown\extracted_markdown\url_009657--ti.com-lit-an-scaa053-scaa053.pdf.pdf.md,md,16306,14_datasheets_pdf_markdown,knowledge_scrape\14_datasheets_pdf_markdown\extracted_markdown,.md,url_009657
knowledge_scrape\14_datasheets_pdf_markdown\extracted_markdown\url_009658--ti.com-lit-an-scaa082-scaa082.pdf.pdf.md,md,46703,14_datasheets_pdf_markdown,knowledge_scrape\14_datasheets_pdf_markdown\extracted_markdown,.md,url_009658
knowledge_scrape\14_datasheets_pdf_markdown\extracted_markdown\url_009659--ti.com-lit-an-scaa106-scaa106.pdf.pdf.md,md,25612,14_datasheets_pdf_markdown,knowledge_scrape\14_datasheets_pdf_markdown\extracted_markdown,.md,url_009659
knowledge_scrape\14_datasheets_pdf_markdown\extracted_markdown\url_009662--ti.com-lit-an-slla070-slla070.pdf.pdf.md,md,58241,14_datasheets_pdf_markdown,knowledge_scrape\14_datasheets_pdf_markdown\extracted_markdown,.md,url_009662
knowledge_scrape\14_datasheets_pdf_markdown\extracted_markdown\url_009664--ti.com-lit-an-slla118-slla118.pdf.pdf.md,md,5241,14_datasheets_pdf_markdown,knowledge_scrape\14_datasheets_pdf_markdown\extracted_markdown,.md,url_009664
knowledge_scrape\14_datasheets_pdf_markdown\extracted_markdown\url_009665--ti.com-lit-an-slla176-slla176.pdf.pdf.md,md,6738,14_datasheets_pdf_markdown,knowledge_scrape\14_datasheets_pdf_markdown\extracted_markdown,.md,url_009665
knowledge_scrape\14_datasheets_pdf_markdown\extracted_markdown\url_009666--ti.com-lit-an-slla422-slla422.pdf.pdf.md,md,19702,14_datasheets_pdf_markdown,knowledge_scrape\14_datasheets_pdf_markdown\extracted_markdown,.md,url_009666
knowledge_scrape\14_datasheets_pdf_markdown\extracted_markdown\url_009667--ti.com-lit-an-slla431-slla431.pdf.pdf.md,md,25572,14_datasheets_pdf_markdown,knowledge_scrape\14_datasheets_pdf_markdown\extracted_markdown,.md,url_009667
knowledge_scrape\14_datasheets_pdf_markdown\extracted_markdown\url_009669--ti.com-lit-an-slla457-slla457.pdf.pdf.md,md,10346,14_datasheets_pdf_markdown,knowledge_scrape\14_datasheets_pdf_markdown\extracted_markdown,.md,url_009669
knowledge_scrape\14_datasheets_pdf_markdown\extracted_markdown\url_009670--ti.com-lit-an-slla457a-slla457a.pdf.pdf.md,md,10356,14_datasheets_pdf_markdown,knowledge_scrape\14_datasheets_pdf_markdown\extracted_markdown,.md,url_009670
knowledge_scrape\14_datasheets_pdf_markdown\extracted_markdown\url_009671--ti.com-lit-an-slla511-slla511.pdf.pdf.md,md,21609,14_datasheets_pdf_markdown,knowledge_scrape\14_datasheets_pdf_markdown\extracted_markdown,.md,url_009671
knowledge_scrape\14_datasheets_pdf_markdown\extracted_markdown\url_009730--ti.com-lit-an-slva057-slva057.pdf.pdf.md,md,68380,14_datasheets_pdf_markdown,knowledge_scrape\14_datasheets_pdf_markdown\extracted_markdown,.md,url_009730
knowledge_scrape\14_datasheets_pdf_markdown\extracted_markdown\url_009753--ti.com-lit-an-slva079-slva079.pdf.pdf.md,md,25100,14_datasheets_pdf_markdown,knowledge_scrape\14_datasheets_pdf_markdown\extracted_markdown,.md,url_009753
knowledge_scrape\14_datasheets_pdf_markdown\extracted_markdown\url_009780--ti.com-lit-an-slva105-slva105.pdf.pdf.md,md,27024,14_datasheets_pdf_markdown,knowledge_scrape\14_datasheets_pdf_markdown\extracted_markdown,.md,url_009780
knowledge_scrape\14_datasheets_pdf_markdown\extracted_markdown\url_009787--ti.com-lit-an-slva111-slva111.pdf.pdf.md,md,27201,14_datasheets_pdf_markdown,knowledge_scrape\14_datasheets_pdf_markdown\extracted_markdown,.md,url_009787
knowledge_scrape\14_datasheets_pdf_markdown\extracted_markdown\url_009795--ti.com-lit-an-slva118-slva118.pdf.pdf.md,md,53715,14_datasheets_pdf_markdown,knowledge_scrape\14_datasheets_pdf_markdown\extracted_markdown,.md,url_009795
knowledge_scrape\14_datasheets_pdf_markdown\extracted_markdown\url_009836--ti.com-lit-an-slva157-slva157.pdf.pdf.md,md,14116,14_datasheets_pdf_markdown,knowledge_scrape\14_datasheets_pdf_markdown\extracted_markdown,.md,url_009836
knowledge_scrape\14_datasheets_pdf_markdown\extracted_markdown\url_009864--ti.com-lit-an-slva183-slva183.pdf.pdf.md,md,10083,14_datasheets_pdf_markdown,knowledge_scrape\14_datasheets_pdf_markdown\extracted_markdown,.md,url_009864
knowledge_scrape\14_datasheets_pdf_markdown\extracted_markdown\url_009882--ti.com-lit-an-slva372-slva372.pdf.pdf.md,md,21530,14_datasheets_pdf_markdown,knowledge_scrape\14_datasheets_pdf_markdown\extracted_markdown,.md,url_009882
knowledge_scrape\14_datasheets_pdf_markdown\extracted_markdown\url_009883--ti.com-lit-an-slva390-slva390.pdf.pdf.md,md,14119,14_datasheets_pdf_markdown,knowledge_scrape\14_datasheets_pdf_markdown\extracted_markdown,.md,url_009883
knowledge_scrape\14_datasheets_pdf_markdown\extracted_markdown\url_009884--ti.com-lit-an-slva462-slva462.pdf.pdf.md,md,16417,14_datasheets_pdf_markdown,knowledge_scrape\14_datasheets_pdf_markdown\extracted_markdown,.md,url_009884
knowledge_scrape\14_datasheets_pdf_markdown\extracted_markdown\url_009885--ti.com-lit-an-slva477-slva477.pdf.pdf.md,md,22896,14_datasheets_pdf_markdown,knowledge_scrape\14_datasheets_pdf_markdown\extracted_markdown,.md,url_009885
knowledge_scrape\14_datasheets_pdf_markdown\extracted_markdown\url_009886--ti.com-lit-an-slva630-slva630.pdf.pdf.md,md,35016,14_datasheets_pdf_markdown,knowledge_scrape\14_datasheets_pdf_markdown\extracted_markdown,.md,url_009886
knowledge_scrape\14_datasheets_pdf_markdown\extracted_markdown\url_009887--ti.com-lit-an-slva680-slva680.pdf.pdf.md,md,28463,14_datasheets_pdf_markdown,knowledge_scrape\14_datasheets_pdf_markdown\extracted_markdown,.md,url_009887
knowledge_scrape\14_datasheets_pdf_markdown\extracted_markdown\url_009888--ti.com-lit-an-slva689-slva689.pdf.pdf.md,md,11956,14_datasheets_pdf_markdown,knowledge_scrape\14_datasheets_pdf_markdown\extracted_markdown,.md,url_009888
knowledge_scrape\14_datasheets_pdf_markdown\extracted_markdown\url_009889--ti.com-lit-an-slva721-slva721.pdf.pdf.md,md,22399,14_datasheets_pdf_markdown,knowledge_scrape\14_datasheets_pdf_markdown\extracted_markdown,.md,url_009889
knowledge_scrape\14_datasheets_pdf_markdown\extracted_markdown\url_009890--ti.com-lit-an-slva970-slva970.pdf.pdf.md,md,33954,14_datasheets_pdf_markdown,knowledge_scrape\14_datasheets_pdf_markdown\extracted_markdown,.md,url_009890
knowledge_scrape\14_datasheets_pdf_markdown\extracted_markdown\url_009891--ti.com-lit-an-slyp173-slyp173.pdf.pdf.md,md,51935,14_datasheets_pdf_markdown,knowledge_scrape\14_datasheets_pdf_markdown\extracted_markdown,.md,url_009891
knowledge_scrape\14_datasheets_pdf_markdown\extracted_markdown\url_009892--ti.com-lit-an-snva681-snva681.pdf.pdf.md,md,21511,14_datasheets_pdf_markdown,knowledge_scrape\14_datasheets_pdf_markdown\extracted_markdown,.md,url_009892
knowledge_scrape\14_datasheets_pdf_markdown\extracted_markdown\url_009893--ti.com-lit-an-snva718-snva718.pdf.pdf.md,md,27204,14_datasheets_pdf_markdown,knowledge_scrape\14_datasheets_pdf_markdown\extracted_markdown,.md,url_009893
knowledge_scrape\14_datasheets_pdf_markdown\extracted_markdown\url_009894--ti.com-lit-an-snva773-snva773.pdf.pdf.md,md,14026,14_datasheets_pdf_markdown,knowledge_scrape\14_datasheets_pdf_markdown\extracted_markdown,.md,url_009894
knowledge_scrape\14_datasheets_pdf_markdown\extracted_markdown\url_009895--ti.com-lit-an-snva803-snva803.pdf.pdf.md,md,10927,14_datasheets_pdf_markdown,knowledge_scrape\14_datasheets_pdf_markdown\extracted_markdown,.md,url_009895
knowledge_scrape\14_datasheets_pdf_markdown\extracted_markdown\url_009896--ti.com-lit-an-snva849-snva849.pdf.pdf.md,md,11980,14_datasheets_pdf_markdown,knowledge_scrape\14_datasheets_pdf_markdown\extracted_markdown,.md,url_009896
knowledge_scrape\14_datasheets_pdf_markdown\extracted_markdown\url_009897--ti.com-lit-an-snva878-snva878.pdf.pdf.md,md,30164,14_datasheets_pdf_markdown,knowledge_scrape\14_datasheets_pdf_markdown\extracted_markdown,.md,url_009897
knowledge_scrape\14_datasheets_pdf_markdown\extracted_markdown\url_009899--ti.com-lit-an-szza016-szza016.pdf.pdf.md,md,53111,14_datasheets_pdf_markdown,knowledge_scrape\14_datasheets_pdf_markdown\extracted_markdown,.md,url_009899
knowledge_scrape\14_datasheets_pdf_markdown\extracted_markdown\url_009900--ti.com-lit-an-szza017-szza017.pdf.pdf.md,md,19216,14_datasheets_pdf_markdown,knowledge_scrape\14_datasheets_pdf_markdown\extracted_markdown,.md,url_009900
knowledge_scrape\14_datasheets_pdf_markdown\extracted_markdown\url_009901--ti.com-lit-an-szza026-szza026.pdf.pdf.md,md,37478,14_datasheets_pdf_markdown,knowledge_scrape\14_datasheets_pdf_markdown\extracted_markdown,.md,url_009901
knowledge_scrape\14_datasheets_pdf_markdown\extracted_markdown\url_009902--ti.com-lit-an-szza027-szza027.pdf.pdf.md,md,31256,14_datasheets_pdf_markdown,knowledge_scrape\14_datasheets_pdf_markdown\extracted_markdown,.md,url_009902
knowledge_scrape\14_datasheets_pdf_markdown\extracted_markdown\url_009903--ti.com-lit-ds-symlink-tpd1e10b06.pdf.pdf.md,md,41351,14_datasheets_pdf_markdown,knowledge_scrape\14_datasheets_pdf_markdown\extracted_markdown,.md,url_009903
knowledge_scrape\14_datasheets_pdf_markdown\extracted_markdown\url_009904--ti.com-lit-ds-symlink-tpd2e2u06.pdf.pdf.md,md,31336,14_datasheets_pdf_markdown,knowledge_scrape\14_datasheets_pdf_markdown\extracted_markdown,.md,url_009904
knowledge_scrape\14_datasheets_pdf_markdown\extracted_markdown\url_009905--ti.com-lit-ds-symlink-tpd4e02b04.pdf.pdf.md,md,34098,14_datasheets_pdf_markdown,knowledge_scrape\14_datasheets_pdf_markdown\extracted_markdown,.md,url_009905
knowledge_scrape\14_datasheets_pdf_markdown\extracted_markdown\url_009906--ti.com-lit-ds-symlink-tpd4e110.pdf.pdf.md,md,27433,14_datasheets_pdf_markdown,knowledge_scrape\14_datasheets_pdf_markdown\extracted_markdown,.md,url_009906
knowledge_scrape\14_datasheets_pdf_markdown\extracted_markdown\url_009907--ti.com-lit-ds-symlink-tpd4e1u06.pdf.pdf.md,md,32789,14_datasheets_pdf_markdown,knowledge_scrape\14_datasheets_pdf_markdown\extracted_markdown,.md,url_009907
knowledge_scrape\14_datasheets_pdf_markdown\extracted_markdown\url_009908--ti.com-lit-ds-symlink-tpd6e004.pdf.pdf.md,md,28517,14_datasheets_pdf_markdown,knowledge_scrape\14_datasheets_pdf_markdown\extracted_markdown,.md,url_009908
knowledge_scrape\14_datasheets_pdf_markdown\extracted_markdown\url_009909--ti.com-lit-ds-symlink-tpd6e05u06.pdf.pdf.md,md,48999,14_datasheets_pdf_markdown,knowledge_scrape\14_datasheets_pdf_markdown\extracted_markdown,.md,url_009909
knowledge_scrape\14_datasheets_pdf_markdown\extracted_markdown\url_009910--ti.com-lit-ds-symlink-tps54202.pdf.pdf.md,md,57127,14_datasheets_pdf_markdown,knowledge_scrape\14_datasheets_pdf_markdown\extracted_markdown,.md,url_009910
knowledge_scrape\14_datasheets_pdf_markdown\extracted_markdown\url_009911--ti.com-lit-ds-symlink-tps54302.pdf.pdf.md,md,57954,14_datasheets_pdf_markdown,knowledge_scrape\14_datasheets_pdf_markdown\extracted_markdown,.md,url_009911
knowledge_scrape\14_datasheets_pdf_markdown\extracted_markdown\url_009912--ti.com-lit-ds-symlink-tps562201.pdf.pdf.md,md,52095,14_datasheets_pdf_markdown,knowledge_scrape\14_datasheets_pdf_markdown\extracted_markdown,.md,url_009912
knowledge_scrape\14_datasheets_pdf_markdown\extracted_markdown\url_009913--ti.com-lit-ds-symlink-tps563201.pdf.pdf.md,md,52882,14_datasheets_pdf_markdown,knowledge_scrape\14_datasheets_pdf_markdown\extracted_markdown,.md,url_009913
knowledge_scrape\14_datasheets_pdf_markdown\extracted_markdown\url_009914--ti.com-lit-ds-symlink-tps62177.pdf.pdf.md,md,65311,14_datasheets_pdf_markdown,knowledge_scrape\14_datasheets_pdf_markdown\extracted_markdown,.md,url_009914
knowledge_scrape\14_datasheets_pdf_markdown\extracted_markdown\url_009915--ti.com-lit-ds-symlink-tps62180.pdf.pdf.md,md,66860,14_datasheets_pdf_markdown,knowledge_scrape\14_datasheets_pdf_markdown\extracted_markdown,.md,url_009915
knowledge_scrape\14_datasheets_pdf_markdown\extracted_markdown\url_009916--ti.com-lit-ds-symlink-tps62827.pdf.pdf.md,md,65781,14_datasheets_pdf_markdown,knowledge_scrape\14_datasheets_pdf_markdown\extracted_markdown,.md,url_009916
knowledge_scrape\14_datasheets_pdf_markdown\extracted_markdown\url_009917--ti.com-lit-ds-symlink-tps62840.pdf.pdf.md,md,75616,14_datasheets_pdf_markdown,knowledge_scrape\14_datasheets_pdf_markdown\extracted_markdown,.md,url_009917
knowledge_scrape\14_datasheets_pdf_markdown\extracted_markdown\url_009918--ti.com-lit-ds-symlink-tps62933.pdf.pdf.md,md,107587,14_datasheets_pdf_markdown,knowledge_scrape\14_datasheets_pdf_markdown\extracted_markdown,.md,url_009918
knowledge_scrape\14_datasheets_pdf_markdown\extracted_markdown\url_010081--documentation.espressif.com-esp32-s3-wroom-1_wroom-1u_datasheet_en.pdf.pdf.md,md,85659,14_datasheets_pdf_markdown,knowledge_scrape\14_datasheets_pdf_markdown\extracted_markdown,.md,url_010081
knowledge_scrape\14_datasheets_pdf_markdown\extracted_markdown\url_010082--fscdn.rohm.com-en-products-databook-applinote-ic-power-switching_regulator-converter_pcb_layout_appli-e.pdf.pdf.md,md,29068,14_datasheets_pdf_markdown,knowledge_scrape\14_datasheets_pdf_markdown\extracted_markdown,.md,url_010082
knowledge_scrape\14_datasheets_pdf_markdown\extracted_markdown\url_010083--onsemi.com-pub-Collateral-TND6222-D.PDF.pdf.md,md,15847,14_datasheets_pdf_markdown,knowledge_scrape\14_datasheets_pdf_markdown\extracted_markdown,.md,url_010083
knowledge_scrape\14_datasheets_pdf_markdown\extracted_markdown\url_010084--silabs.com-documents-public-application-notes-an0046-efm32-usb-hardware-design-guidelines.pdf.pdf.md,md,36868,14_datasheets_pdf_markdown,knowledge_scrape\14_datasheets_pdf_markdown\extracted_markdown,.md,url_010084
knowledge_scrape\14_datasheets_pdf_markdown\extracted_markdown\url_010085--ti.com-lit-an-scaa048-scaa048.pdf.pdf.md,md,16444,14_datasheets_pdf_markdown,knowledge_scrape\14_datasheets_pdf_markdown\extracted_markdown,.md,url_010085
knowledge_scrape\14_datasheets_pdf_markdown\extracted_markdown\url_010086--ti.com-lit-an-scaa082a-scaa082a.pdf.pdf.md,md,47532,14_datasheets_pdf_markdown,knowledge_scrape\14_datasheets_pdf_markdown\extracted_markdown,.md,url_010086
knowledge_scrape\14_datasheets_pdf_markdown\extracted_markdown\url_010087--ti.com-lit-an-slla368-slla368.pdf.pdf.md,md,32644,14_datasheets_pdf_markdown,knowledge_scrape\14_datasheets_pdf_markdown\extracted_markdown,.md,url_010087
knowledge_scrape\14_datasheets_pdf_markdown\extracted_markdown\url_010088--ti.com-lit-an-slva054-slva054.pdf.pdf.md,md,3551,14_datasheets_pdf_markdown,knowledge_scrape\14_datasheets_pdf_markdown\extracted_markdown,.md,url_010088
knowledge_scrape\14_datasheets_pdf_markdown\extracted_markdown\url_010089--ti.com-lit-an-slva773-slva773.pdf.pdf.md,md,15940,14_datasheets_pdf_markdown,knowledge_scrape\14_datasheets_pdf_markdown\extracted_markdown,.md,url_010089
knowledge_scrape\14_datasheets_pdf_markdown\extracted_markdown\url_010090--ti.com-lit-an-slva959-slva959.pdf.pdf.md,md,67307,14_datasheets_pdf_markdown,knowledge_scrape\14_datasheets_pdf_markdown\extracted_markdown,.md,url_010090
knowledge_scrape\14_datasheets_pdf_markdown\extracted_markdown\url_010091--ti.com-lit-an-slvae09-slvae09.pdf.pdf.md,md,26394,14_datasheets_pdf_markdown,knowledge_scrape\14_datasheets_pdf_markdown\extracted_markdown,.md,url_010091
knowledge_scrape\14_datasheets_pdf_markdown\extracted_markdown\url_010092--ti.com-lit-an-slvaeq9-slvaeq9.pdf.pdf.md,md,28807,14_datasheets_pdf_markdown,knowledge_scrape\14_datasheets_pdf_markdown\extracted_markdown,.md,url_010092
knowledge_scrape\14_datasheets_pdf_markdown\extracted_markdown\url_010093--ti.com-lit-an-slvaew7-slvaew7.pdf.pdf.md,md,32183,14_datasheets_pdf_markdown,knowledge_scrape\14_datasheets_pdf_markdown\extracted_markdown,.md,url_010093
knowledge_scrape\14_datasheets_pdf_markdown\extracted_markdown\url_010094--ti.com-lit-an-slvaf66-slvaf66.pdf.pdf.md,md,71456,14_datasheets_pdf_markdown,knowledge_scrape\14_datasheets_pdf_markdown\extracted_markdown,.md,url_010094
knowledge_scrape\14_datasheets_pdf_markdown\extracted_markdown\url_010095--ti.com-lit-an-snva021c-snva021c.pdf.pdf.md,md,15203,14_datasheets_pdf_markdown,knowledge_scrape\14_datasheets_pdf_markdown\extracted_markdown,.md,url_010095
knowledge_scrape\14_datasheets_pdf_markdown\extracted_markdown\url_010096--ti.com-lit-an-szza009-szza009.pdf.pdf.md,md,61657,14_datasheets_pdf_markdown,knowledge_scrape\14_datasheets_pdf_markdown\extracted_markdown,.md,url_010096
knowledge_scrape\14_datasheets_pdf_markdown\extracted_markdown\url_010097--ti.com-lit-ds-symlink-lm2596.pdf.pdf.md,md,103957,14_datasheets_pdf_markdown,knowledge_scrape\14_datasheets_pdf_markdown\extracted_markdown,.md,url_010097
knowledge_scrape\14_datasheets_pdf_markdown\extracted_markdown\url_010098--ti.com-lit-ds-symlink-tpd2eusb30.pdf.pdf.md,md,38422,14_datasheets_pdf_markdown,knowledge_scrape\14_datasheets_pdf_markdown\extracted_markdown,.md,url_010098
knowledge_scrape\14_datasheets_pdf_markdown\extracted_markdown\url_010099--ti.com-lit-ds-symlink-tpd4e05u06.pdf.pdf.md,md,50549,14_datasheets_pdf_markdown,knowledge_scrape\14_datasheets_pdf_markdown\extracted_markdown,.md,url_010099
knowledge_scrape\14_datasheets_pdf_markdown\extracted_markdown\url_010100--ti.com-lit-ds-symlink-tps62130.pdf.pdf.md,md,89286,14_datasheets_pdf_markdown,knowledge_scrape\14_datasheets_pdf_markdown\extracted_markdown,.md,url_010100
knowledge_scrape\14_datasheets_pdf_markdown\extracted_markdown\url_010101--ti.com-lit-ds-symlink-tps62135.pdf.pdf.md,md,91201,14_datasheets_pdf_markdown,knowledge_scrape\14_datasheets_pdf_markdown\extracted_markdown,.md,url_010101
knowledge_scrape\14_datasheets_pdf_markdown\extracted_markdown\url_010102--ti.com-lit-ds-symlink-tps62913.pdf.pdf.md,md,76847,14_datasheets_pdf_markdown,knowledge_scrape\14_datasheets_pdf_markdown\extracted_markdown,.md,url_010102
knowledge_scrape\14_datasheets_pdf_markdown\extracted_markdown\url_010103--we-online.com-components-media-o150133v410-20ANP007d-20EN.pdf.pdf.md,md,34947,14_datasheets_pdf_markdown,knowledge_scrape\14_datasheets_pdf_markdown\extracted_markdown,.md,url_010103
knowledge_scrape\14_datasheets_pdf_markdown\extracted_markdown\url_010135--fscdn.rohm.com-en-products-databook-applinote-ic-power-switching_regulator-converter_pcb_layout_appli-e.pdf.pdf.md,md,30482,14_datasheets_pdf_markdown,knowledge_scrape\14_datasheets_pdf_markdown\extracted_markdown,.md,url_010135
knowledge_scrape\14_datasheets_pdf_markdown\extraction_logs\.gitkeep,no_extension,14,14_datasheets_pdf_markdown,knowledge_scrape\14_datasheets_pdf_markdown\extraction_logs,,
knowledge_scrape\14_datasheets_pdf_markdown\extraction_logs\pdf_extraction_log.csv,csv,64294,14_datasheets_pdf_markdown,knowledge_scrape\14_datasheets_pdf_markdown\extraction_logs,.csv,
knowledge_scrape\14_datasheets_pdf_markdown\extraction_logs\url_000004--assets.nexperia.com-documents-application-note-AN11622.pdf.pdf.log.txt,txt,703,14_datasheets_pdf_markdown,knowledge_scrape\14_datasheets_pdf_markdown\extraction_logs,.txt,url_000004
knowledge_scrape\14_datasheets_pdf_markdown\extraction_logs\url_000005--assets.nexperia.com-documents-application-note-AN90011.pdf.pdf.body.txt,txt,55841,14_datasheets_pdf_markdown,knowledge_scrape\14_datasheets_pdf_markdown\extraction_logs,.txt,url_000005
knowledge_scrape\14_datasheets_pdf_markdown\extraction_logs\url_000005--assets.nexperia.com-documents-application-note-AN90011.pdf.pdf.log.txt,txt,927,14_datasheets_pdf_markdown,knowledge_scrape\14_datasheets_pdf_markdown\extraction_logs,.txt,url_000005
knowledge_scrape\14_datasheets_pdf_markdown\extraction_logs\url_000008--datasheets.raspberrypi.com-rp2040-rp2040-datasheet.pdf.pdf.body.txt,txt,1347040,14_datasheets_pdf_markdown,knowledge_scrape\14_datasheets_pdf_markdown\extraction_logs,.txt,url_000008
knowledge_scrape\14_datasheets_pdf_markdown\extraction_logs\url_000008--datasheets.raspberrypi.com-rp2040-rp2040-datasheet.pdf.pdf.log.txt,txt,892,14_datasheets_pdf_markdown,knowledge_scrape\14_datasheets_pdf_markdown\extraction_logs,.txt,url_000008
knowledge_scrape\14_datasheets_pdf_markdown\extraction_logs\url_000009--datasheets.raspberrypi.com-rp2350-rp2350-datasheet.pdf.pdf.body.txt,txt,2821951,14_datasheets_pdf_markdown,knowledge_scrape\14_datasheets_pdf_markdown\extraction_logs,.txt,url_000009
knowledge_scrape\14_datasheets_pdf_markdown\extraction_logs\url_000009--datasheets.raspberrypi.com-rp2350-rp2350-datasheet.pdf.pdf.log.txt,txt,893,14_datasheets_pdf_markdown,knowledge_scrape\14_datasheets_pdf_markdown\extraction_logs,.txt,url_000009
knowledge_scrape\14_datasheets_pdf_markdown\extraction_logs\url_004605--ww1.microchip.com-downloads-aemDocuments-documents-OTH-ApplicationNotes-ApplicationNotes-00002053A.pdf.pdf.body.txt,txt,22191,14_datasheets_pdf_markdown,knowledge_scrape\14_datasheets_pdf_markdown\extraction_logs,.txt,url_004605
knowledge_scrape\14_datasheets_pdf_markdown\extraction_logs\url_004605--ww1.microchip.com-downloads-aemDocuments-documents-OTH-ApplicationNotes-ApplicationNotes-00002053A.pdf.pdf.log.txt,txt,1080,14_datasheets_pdf_markdown,knowledge_scrape\14_datasheets_pdf_markdown\extraction_logs,.txt,url_004605
knowledge_scrape\14_datasheets_pdf_markdown\extraction_logs\url_004647--ww1.microchip.com-downloads-en-AppNotes-AN140.pdf.pdf.body.txt,txt,9529,14_datasheets_pdf_markdown,knowledge_scrape\14_datasheets_pdf_markdown\extraction_logs,.txt,url_004647
knowledge_scrape\14_datasheets_pdf_markdown\extraction_logs\url_004647--ww1.microchip.com-downloads-en-AppNotes-AN140.pdf.pdf.log.txt,txt,866,14_datasheets_pdf_markdown,knowledge_scrape\14_datasheets_pdf_markdown\extraction_logs,.txt,url_004647
knowledge_scrape\14_datasheets_pdf_markdown\extraction_logs\url_004649--ww1.microchip.com-downloads-en-AppNotes-AN142.pdf.pdf.body.txt,txt,24357,14_datasheets_pdf_markdown,knowledge_scrape\14_datasheets_pdf_markdown\extraction_logs,.txt,url_004649
knowledge_scrape\14_datasheets_pdf_markdown\extraction_logs\url_004649--ww1.microchip.com-downloads-en-AppNotes-AN142.pdf.pdf.log.txt,txt,867,14_datasheets_pdf_markdown,knowledge_scrape\14_datasheets_pdf_markdown\extraction_logs,.txt,url_004649
knowledge_scrape\14_datasheets_pdf_markdown\extraction_logs\url_004721--ww1.microchip.com-downloads-en-AppNotes-AN214.pdf.pdf.body.txt,txt,25162,14_datasheets_pdf_markdown,knowledge_scrape\14_datasheets_pdf_markdown\extraction_logs,.txt,url_004721
knowledge_scrape\14_datasheets_pdf_markdown\extraction_logs\url_004721--ww1.microchip.com-downloads-en-AppNotes-AN214.pdf.pdf.log.txt,txt,868,14_datasheets_pdf_markdown,knowledge_scrape\14_datasheets_pdf_markdown\extraction_logs,.txt,url_004721
knowledge_scrape\14_datasheets_pdf_markdown\extraction_logs\url_006877--espressif.com-sites-default-files-documentation-esp32_datasheet_en.pdf.pdf.body.txt,txt,129950,14_datasheets_pdf_markdown,knowledge_scrape\14_datasheets_pdf_markdown\extraction_logs,.txt,url_006877
knowledge_scrape\14_datasheets_pdf_markdown\extraction_logs\url_006877--espressif.com-sites-default-files-documentation-esp32_datasheet_en.pdf.pdf.log.txt,txt,952,14_datasheets_pdf_markdown,knowledge_scrape\14_datasheets_pdf_markdown\extraction_logs,.txt,url_006877
knowledge_scrape\14_datasheets_pdf_markdown\extraction_logs\url_006878--espressif.com-sites-default-files-documentation-esp32_hardware_design_guidelines_en.pdf.pdf.log.txt,txt,760,14_datasheets_pdf_markdown,knowledge_scrape\14_datasheets_pdf_markdown\extraction_logs,.txt,url_006878
knowledge_scrape\14_datasheets_pdf_markdown\extraction_logs\url_006879--espressif.com-sites-default-files-documentation-esp32_technical_reference_manual_en.pdf.pdf.body.txt,txt,1313882,14_datasheets_pdf_markdown,knowledge_scrape\14_datasheets_pdf_markdown\extraction_logs,.txt,url_006879
knowledge_scrape\14_datasheets_pdf_markdown\extraction_logs\url_006879--espressif.com-sites-default-files-documentation-esp32_technical_reference_manual_en.pdf.pdf.log.txt,txt,1022,14_datasheets_pdf_markdown,knowledge_scrape\14_datasheets_pdf_markdown\extraction_logs,.txt,url_006879
knowledge_scrape\14_datasheets_pdf_markdown\extraction_logs\url_006880--espressif.com-sites-default-files-documentation-esp32-c3_datasheet_en.pdf.pdf.body.txt,txt,116408,14_datasheets_pdf_markdown,knowledge_scrape\14_datasheets_pdf_markdown\extraction_logs,.txt,url_006880
knowledge_scrape\14_datasheets_pdf_markdown\extraction_logs\url_006880--espressif.com-sites-default-files-documentation-esp32-c3_datasheet_en.pdf.pdf.log.txt,txt,964,14_datasheets_pdf_markdown,knowledge_scrape\14_datasheets_pdf_markdown\extraction_logs,.txt,url_006880
knowledge_scrape\14_datasheets_pdf_markdown\extraction_logs\url_006881--espressif.com-sites-default-files-documentation-esp32-c3_technical_reference_manual_en.pdf.pdf.body.txt,txt,1399087,14_datasheets_pdf_markdown,knowledge_scrape\14_datasheets_pdf_markdown\extraction_logs,.txt,url_006881
knowledge_scrape\14_datasheets_pdf_markdown\extraction_logs\url_006881--espressif.com-sites-default-files-documentation-esp32-c3_technical_reference_manual_en.pdf.pdf.log.txt,txt,1034,14_datasheets_pdf_markdown,knowledge_scrape\14_datasheets_pdf_markdown\extraction_logs,.txt,url_006881
knowledge_scrape\14_datasheets_pdf_markdown\extraction_logs\url_006882--espressif.com-sites-default-files-documentation-esp32-c3-mini-1_datasheet_en.pdf.pdf.body.txt,txt,67805,14_datasheets_pdf_markdown,knowledge_scrape\14_datasheets_pdf_markdown\extraction_logs,.txt,url_006882
knowledge_scrape\14_datasheets_pdf_markdown\extraction_logs\url_006882--espressif.com-sites-default-files-documentation-esp32-c3-mini-1_datasheet_en.pdf.pdf.log.txt,txt,991,14_datasheets_pdf_markdown,knowledge_scrape\14_datasheets_pdf_markdown\extraction_logs,.txt,url_006882
knowledge_scrape\14_datasheets_pdf_markdown\extraction_logs\url_006883--espressif.com-sites-default-files-documentation-esp32-c3-wroom-02_datasheet_en.pdf.pdf.body.txt,txt,66206,14_datasheets_pdf_markdown,knowledge_scrape\14_datasheets_pdf_markdown\extraction_logs,.txt,url_006883
knowledge_scrape\14_datasheets_pdf_markdown\extraction_logs\url_006883--espressif.com-sites-default-files-documentation-esp32-c3-wroom-02_datasheet_en.pdf.pdf.log.txt,txt,999,14_datasheets_pdf_markdown,knowledge_scrape\14_datasheets_pdf_markdown\extraction_logs,.txt,url_006883
knowledge_scrape\14_datasheets_pdf_markdown\extraction_logs\url_006884--espressif.com-sites-default-files-documentation-esp32-c6_datasheet_en.pdf.pdf.body.txt,txt,141317,14_datasheets_pdf_markdown,knowledge_scrape\14_datasheets_pdf_markdown\extraction_logs,.txt,url_006884
knowledge_scrape\14_datasheets_pdf_markdown\extraction_logs\url_006884--espressif.com-sites-default-files-documentation-esp32-c6_datasheet_en.pdf.pdf.log.txt,txt,964,14_datasheets_pdf_markdown,knowledge_scrape\14_datasheets_pdf_markdown\extraction_logs,.txt,url_006884
knowledge_scrape\14_datasheets_pdf_markdown\extraction_logs\url_006885--espressif.com-sites-default-files-documentation-esp32-c6_technical_reference_manual_en.pdf.pdf.body.txt,txt,2052617,14_datasheets_pdf_markdown,knowledge_scrape\14_datasheets_pdf_markdown\extraction_logs,.txt,url_006885
knowledge_scrape\14_datasheets_pdf_markdown\extraction_logs\url_006885--espressif.com-sites-default-files-documentation-esp32-c6_technical_reference_manual_en.pdf.pdf.log.txt,txt,1035,14_datasheets_pdf_markdown,knowledge_scrape\14_datasheets_pdf_markdown\extraction_logs,.txt,url_006885
knowledge_scrape\14_datasheets_pdf_markdown\extraction_logs\url_006886--espressif.com-sites-default-files-documentation-esp32-c6-mini-1_mini-1u_datasheet_en.pdf.pdf.body.txt,txt,75453,14_datasheets_pdf_markdown,knowledge_scrape\14_datasheets_pdf_markdown\extraction_logs,.txt,url_006886
knowledge_scrape\14_datasheets_pdf_markdown\extraction_logs\url_006886--espressif.com-sites-default-files-documentation-esp32-c6-mini-1_mini-1u_datasheet_en.pdf.pdf.log.txt,txt,1023,14_datasheets_pdf_markdown,knowledge_scrape\14_datasheets_pdf_markdown\extraction_logs,.txt,url_006886
knowledge_scrape\14_datasheets_pdf_markdown\extraction_logs\url_006887--espressif.com-sites-default-files-documentation-esp32-c6-wroom-1_wroom-1u_datasheet_en.pdf.pdf.body.txt,txt,75167,14_datasheets_pdf_markdown,knowledge_scrape\14_datasheets_pdf_markdown\extraction_logs,.txt,url_006887
knowledge_scrape\14_datasheets_pdf_markdown\extraction_logs\url_006887--espressif.com-sites-default-files-documentation-esp32-c6-wroom-1_wroom-1u_datasheet_en.pdf.pdf.log.txt,txt,1031,14_datasheets_pdf_markdown,knowledge_scrape\14_datasheets_pdf_markdown\extraction_logs,.txt,url_006887
knowledge_scrape\14_datasheets_pdf_markdown\extraction_logs\url_006888--espressif.com-sites-default-files-documentation-esp32-s2_datasheet_en.pdf.pdf.body.txt,txt,110084,14_datasheets_pdf_markdown,knowledge_scrape\14_datasheets_pdf_markdown\extraction_logs,.txt,url_006888
knowledge_scrape\14_datasheets_pdf_markdown\extraction_logs\url_006888--espressif.com-sites-default-files-documentation-esp32-s2_datasheet_en.pdf.pdf.log.txt,txt,964,14_datasheets_pdf_markdown,knowledge_scrape\14_datasheets_pdf_markdown\extraction_logs,.txt,url_006888
knowledge_scrape\14_datasheets_pdf_markdown\extraction_logs\url_006889--espressif.com-sites-default-files-documentation-esp32-s2_technical_reference_manual_en.pdf.pdf.body.txt,txt,1415234,14_datasheets_pdf_markdown,knowledge_scrape\14_datasheets_pdf_markdown\extraction_logs,.txt,url_006889
knowledge_scrape\14_datasheets_pdf_markdown\extraction_logs\url_006889--espressif.com-sites-default-files-documentation-esp32-s2_technical_reference_manual_en.pdf.pdf.log.txt,txt,1034,14_datasheets_pdf_markdown,knowledge_scrape\14_datasheets_pdf_markdown\extraction_logs,.txt,url_006889
knowledge_scrape\14_datasheets_pdf_markdown\extraction_logs\url_006890--espressif.com-sites-default-files-documentation-esp32-s3_datasheet_en.pdf.pdf.body.txt,txt,153402,14_datasheets_pdf_markdown,knowledge_scrape\14_datasheets_pdf_markdown\extraction_logs,.txt,url_006890
knowledge_scrape\14_datasheets_pdf_markdown\extraction_logs\url_006890--espressif.com-sites-default-files-documentation-esp32-s3_datasheet_en.pdf.pdf.log.txt,txt,964,14_datasheets_pdf_markdown,knowledge_scrape\14_datasheets_pdf_markdown\extraction_logs,.txt,url_006890
knowledge_scrape\14_datasheets_pdf_markdown\extraction_logs\url_006891--espressif.com-sites-default-files-documentation-esp32-s3_errata_en.pdf.pdf.log.txt,txt,726,14_datasheets_pdf_markdown,knowledge_scrape\14_datasheets_pdf_markdown\extraction_logs,.txt,url_006891
knowledge_scrape\14_datasheets_pdf_markdown\extraction_logs\url_006892--espressif.com-sites-default-files-documentation-esp32-s3_technical_reference_manual_en.pdf.pdf.body.txt,txt,2319656,14_datasheets_pdf_markdown,knowledge_scrape\14_datasheets_pdf_markdown\extraction_logs,.txt,url_006892
knowledge_scrape\14_datasheets_pdf_markdown\extraction_logs\url_006892--espressif.com-sites-default-files-documentation-esp32-s3_technical_reference_manual_en.pdf.pdf.log.txt,txt,1035,14_datasheets_pdf_markdown,knowledge_scrape\14_datasheets_pdf_markdown\extraction_logs,.txt,url_006892
knowledge_scrape\14_datasheets_pdf_markdown\extraction_logs\url_006893--espressif.com-sites-default-files-documentation-esp32-s3-mini-1_mini-1u_datasheet_en.pdf.pdf.body.txt,txt,82839,14_datasheets_pdf_markdown,knowledge_scrape\14_datasheets_pdf_markdown\extraction_logs,.txt,url_006893
knowledge_scrape\14_datasheets_pdf_markdown\extraction_logs\url_006893--espressif.com-sites-default-files-documentation-esp32-s3-mini-1_mini-1u_datasheet_en.pdf.pdf.log.txt,txt,1023,14_datasheets_pdf_markdown,knowledge_scrape\14_datasheets_pdf_markdown\extraction_logs,.txt,url_006893
knowledge_scrape\14_datasheets_pdf_markdown\extraction_logs\url_006894--espressif.com-sites-default-files-documentation-esp32-s3-wroom-1_wroom-1u_datasheet_en.pdf.pdf.body.txt,txt,84382,14_datasheets_pdf_markdown,knowledge_scrape\14_datasheets_pdf_markdown\extraction_logs,.txt,url_006894
knowledge_scrape\14_datasheets_pdf_markdown\extraction_logs\url_006894--espressif.com-sites-default-files-documentation-esp32-s3-wroom-1_wroom-1u_datasheet_en.pdf.pdf.log.txt,txt,1031,14_datasheets_pdf_markdown,knowledge_scrape\14_datasheets_pdf_markdown\extraction_logs,.txt,url_006894
knowledge_scrape\14_datasheets_pdf_markdown\extraction_logs\url_008398--silabs.com-documents-public-application-notes-AN0054.pdf.pdf.body.txt,txt,28150,14_datasheets_pdf_markdown,knowledge_scrape\14_datasheets_pdf_markdown\extraction_logs,.txt,url_008398
knowledge_scrape\14_datasheets_pdf_markdown\extraction_logs\url_008398--silabs.com-documents-public-application-notes-AN0054.pdf.pdf.log.txt,txt,897,14_datasheets_pdf_markdown,knowledge_scrape\14_datasheets_pdf_markdown\extraction_logs,.txt,url_008398
knowledge_scrape\14_datasheets_pdf_markdown\extraction_logs\url_008401--silabs.com-documents-public-application-notes-an203.pdf.pdf.body.txt,txt,56300,14_datasheets_pdf_markdown,knowledge_scrape\14_datasheets_pdf_markdown\extraction_logs,.txt,url_008401
knowledge_scrape\14_datasheets_pdf_markdown\extraction_logs\url_008401--silabs.com-documents-public-application-notes-an203.pdf.pdf.log.txt,txt,893,14_datasheets_pdf_markdown,knowledge_scrape\14_datasheets_pdf_markdown\extraction_logs,.txt,url_008401
knowledge_scrape\14_datasheets_pdf_markdown\extraction_logs\url_009656--ti.com-lit-an-scaa045-scaa045.pdf.pdf.body.txt,txt,30903,14_datasheets_pdf_markdown,knowledge_scrape\14_datasheets_pdf_markdown\extraction_logs,.txt,url_009656
knowledge_scrape\14_datasheets_pdf_markdown\extraction_logs\url_009656--ti.com-lit-an-scaa045-scaa045.pdf.pdf.log.txt,txt,815,14_datasheets_pdf_markdown,knowledge_scrape\14_datasheets_pdf_markdown\extraction_logs,.txt,url_009656
knowledge_scrape\14_datasheets_pdf_markdown\extraction_logs\url_009657--ti.com-lit-an-scaa053-scaa053.pdf.pdf.body.txt,txt,15160,14_datasheets_pdf_markdown,knowledge_scrape\14_datasheets_pdf_markdown\extraction_logs,.txt,url_009657
knowledge_scrape\14_datasheets_pdf_markdown\extraction_logs\url_009657--ti.com-lit-an-scaa053-scaa053.pdf.pdf.log.txt,txt,814,14_datasheets_pdf_markdown,knowledge_scrape\14_datasheets_pdf_markdown\extraction_logs,.txt,url_009657
knowledge_scrape\14_datasheets_pdf_markdown\extraction_logs\url_009658--ti.com-lit-an-scaa082-scaa082.pdf.pdf.body.txt,txt,45571,14_datasheets_pdf_markdown,knowledge_scrape\14_datasheets_pdf_markdown\extraction_logs,.txt,url_009658
knowledge_scrape\14_datasheets_pdf_markdown\extraction_logs\url_009658--ti.com-lit-an-scaa082-scaa082.pdf.pdf.log.txt,txt,815,14_datasheets_pdf_markdown,knowledge_scrape\14_datasheets_pdf_markdown\extraction_logs,.txt,url_009658
knowledge_scrape\14_datasheets_pdf_markdown\extraction_logs\url_009659--ti.com-lit-an-scaa106-scaa106.pdf.pdf.body.txt,txt,24517,14_datasheets_pdf_markdown,knowledge_scrape\14_datasheets_pdf_markdown\extraction_logs,.txt,url_009659
knowledge_scrape\14_datasheets_pdf_markdown\extraction_logs\url_009659--ti.com-lit-an-scaa106-scaa106.pdf.pdf.log.txt,txt,813,14_datasheets_pdf_markdown,knowledge_scrape\14_datasheets_pdf_markdown\extraction_logs,.txt,url_009659
knowledge_scrape\14_datasheets_pdf_markdown\extraction_logs\url_009662--ti.com-lit-an-slla070-slla070.pdf.pdf.body.txt,txt,57091,14_datasheets_pdf_markdown,knowledge_scrape\14_datasheets_pdf_markdown\extraction_logs,.txt,url_009662
knowledge_scrape\14_datasheets_pdf_markdown\extraction_logs\url_009662--ti.com-lit-an-slla070-slla070.pdf.pdf.log.txt,txt,815,14_datasheets_pdf_markdown,knowledge_scrape\14_datasheets_pdf_markdown\extraction_logs,.txt,url_009662
knowledge_scrape\14_datasheets_pdf_markdown\extraction_logs\url_009664--ti.com-lit-an-slla118-slla118.pdf.pdf.body.txt,txt,4151,14_datasheets_pdf_markdown,knowledge_scrape\14_datasheets_pdf_markdown\extraction_logs,.txt,url_009664
knowledge_scrape\14_datasheets_pdf_markdown\extraction_logs\url_009664--ti.com-lit-an-slla118-slla118.pdf.pdf.log.txt,txt,813,14_datasheets_pdf_markdown,knowledge_scrape\14_datasheets_pdf_markdown\extraction_logs,.txt,url_009664
knowledge_scrape\14_datasheets_pdf_markdown\extraction_logs\url_009665--ti.com-lit-an-slla176-slla176.pdf.pdf.body.txt,txt,5616,14_datasheets_pdf_markdown,knowledge_scrape\14_datasheets_pdf_markdown\extraction_logs,.txt,url_009665
knowledge_scrape\14_datasheets_pdf_markdown\extraction_logs\url_009665--ti.com-lit-an-slla176-slla176.pdf.pdf.log.txt,txt,813,14_datasheets_pdf_markdown,knowledge_scrape\14_datasheets_pdf_markdown\extraction_logs,.txt,url_009665
knowledge_scrape\14_datasheets_pdf_markdown\extraction_logs\url_009666--ti.com-lit-an-slla422-slla422.pdf.pdf.body.txt,txt,18550,14_datasheets_pdf_markdown,knowledge_scrape\14_datasheets_pdf_markdown\extraction_logs,.txt,url_009666
knowledge_scrape\14_datasheets_pdf_markdown\extraction_logs\url_009666--ti.com-lit-an-slla422-slla422.pdf.pdf.log.txt,txt,814,14_datasheets_pdf_markdown,knowledge_scrape\14_datasheets_pdf_markdown\extraction_logs,.txt,url_009666
knowledge_scrape\14_datasheets_pdf_markdown\extraction_logs\url_009667--ti.com-lit-an-slla431-slla431.pdf.pdf.body.txt,txt,24367,14_datasheets_pdf_markdown,knowledge_scrape\14_datasheets_pdf_markdown\extraction_logs,.txt,url_009667
knowledge_scrape\14_datasheets_pdf_markdown\extraction_logs\url_009667--ti.com-lit-an-slla431-slla431.pdf.pdf.log.txt,txt,813,14_datasheets_pdf_markdown,knowledge_scrape\14_datasheets_pdf_markdown\extraction_logs,.txt,url_009667
knowledge_scrape\14_datasheets_pdf_markdown\extraction_logs\url_009669--ti.com-lit-an-slla457-slla457.pdf.pdf.body.txt,txt,9200,14_datasheets_pdf_markdown,knowledge_scrape\14_datasheets_pdf_markdown\extraction_logs,.txt,url_009669
knowledge_scrape\14_datasheets_pdf_markdown\extraction_logs\url_009669--ti.com-lit-an-slla457-slla457.pdf.pdf.log.txt,txt,813,14_datasheets_pdf_markdown,knowledge_scrape\14_datasheets_pdf_markdown\extraction_logs,.txt,url_009669
knowledge_scrape\14_datasheets_pdf_markdown\extraction_logs\url_009670--ti.com-lit-an-slla457a-slla457a.pdf.pdf.body.txt,txt,9200,14_datasheets_pdf_markdown,knowledge_scrape\14_datasheets_pdf_markdown\extraction_logs,.txt,url_009670
knowledge_scrape\14_datasheets_pdf_markdown\extraction_logs\url_009670--ti.com-lit-an-slla457a-slla457a.pdf.pdf.log.txt,txt,821,14_datasheets_pdf_markdown,knowledge_scrape\14_datasheets_pdf_markdown\extraction_logs,.txt,url_009670
knowledge_scrape\14_datasheets_pdf_markdown\extraction_logs\url_009671--ti.com-lit-an-slla511-slla511.pdf.pdf.body.txt,txt,20397,14_datasheets_pdf_markdown,knowledge_scrape\14_datasheets_pdf_markdown\extraction_logs,.txt,url_009671
knowledge_scrape\14_datasheets_pdf_markdown\extraction_logs\url_009671--ti.com-lit-an-slla511-slla511.pdf.pdf.log.txt,txt,815,14_datasheets_pdf_markdown,knowledge_scrape\14_datasheets_pdf_markdown\extraction_logs,.txt,url_009671
knowledge_scrape\14_datasheets_pdf_markdown\extraction_logs\url_009730--ti.com-lit-an-slva057-slva057.pdf.pdf.body.txt,txt,67220,14_datasheets_pdf_markdown,knowledge_scrape\14_datasheets_pdf_markdown\extraction_logs,.txt,url_009730
knowledge_scrape\14_datasheets_pdf_markdown\extraction_logs\url_009730--ti.com-lit-an-slva057-slva057.pdf.pdf.log.txt,txt,815,14_datasheets_pdf_markdown,knowledge_scrape\14_datasheets_pdf_markdown\extraction_logs,.txt,url_009730
knowledge_scrape\14_datasheets_pdf_markdown\extraction_logs\url_009753--ti.com-lit-an-slva079-slva079.pdf.pdf.body.txt,txt,23912,14_datasheets_pdf_markdown,knowledge_scrape\14_datasheets_pdf_markdown\extraction_logs,.txt,url_009753
knowledge_scrape\14_datasheets_pdf_markdown\extraction_logs\url_009753--ti.com-lit-an-slva079-slva079.pdf.pdf.log.txt,txt,815,14_datasheets_pdf_markdown,knowledge_scrape\14_datasheets_pdf_markdown\extraction_logs,.txt,url_009753
knowledge_scrape\14_datasheets_pdf_markdown\extraction_logs\url_009780--ti.com-lit-an-slva105-slva105.pdf.pdf.body.txt,txt,25804,14_datasheets_pdf_markdown,knowledge_scrape\14_datasheets_pdf_markdown\extraction_logs,.txt,url_009780
knowledge_scrape\14_datasheets_pdf_markdown\extraction_logs\url_009780--ti.com-lit-an-slva105-slva105.pdf.pdf.log.txt,txt,815,14_datasheets_pdf_markdown,knowledge_scrape\14_datasheets_pdf_markdown\extraction_logs,.txt,url_009780
knowledge_scrape\14_datasheets_pdf_markdown\extraction_logs\url_009787--ti.com-lit-an-slva111-slva111.pdf.pdf.body.txt,txt,25999,14_datasheets_pdf_markdown,knowledge_scrape\14_datasheets_pdf_markdown\extraction_logs,.txt,url_009787
knowledge_scrape\14_datasheets_pdf_markdown\extraction_logs\url_009787--ti.com-lit-an-slva111-slva111.pdf.pdf.log.txt,txt,815,14_datasheets_pdf_markdown,knowledge_scrape\14_datasheets_pdf_markdown\extraction_logs,.txt,url_009787
knowledge_scrape\14_datasheets_pdf_markdown\extraction_logs\url_009795--ti.com-lit-an-slva118-slva118.pdf.pdf.body.txt,txt,52490,14_datasheets_pdf_markdown,knowledge_scrape\14_datasheets_pdf_markdown\extraction_logs,.txt,url_009795
knowledge_scrape\14_datasheets_pdf_markdown\extraction_logs\url_009795--ti.com-lit-an-slva118-slva118.pdf.pdf.log.txt,txt,815,14_datasheets_pdf_markdown,knowledge_scrape\14_datasheets_pdf_markdown\extraction_logs,.txt,url_009795
knowledge_scrape\14_datasheets_pdf_markdown\extraction_logs\url_009836--ti.com-lit-an-slva157-slva157.pdf.pdf.body.txt,txt,12934,14_datasheets_pdf_markdown,knowledge_scrape\14_datasheets_pdf_markdown\extraction_logs,.txt,url_009836
knowledge_scrape\14_datasheets_pdf_markdown\extraction_logs\url_009836--ti.com-lit-an-slva157-slva157.pdf.pdf.log.txt,txt,814,14_datasheets_pdf_markdown,knowledge_scrape\14_datasheets_pdf_markdown\extraction_logs,.txt,url_009836
knowledge_scrape\14_datasheets_pdf_markdown\extraction_logs\url_009864--ti.com-lit-an-slva183-slva183.pdf.pdf.body.txt,txt,8849,14_datasheets_pdf_markdown,knowledge_scrape\14_datasheets_pdf_markdown\extraction_logs,.txt,url_009864
knowledge_scrape\14_datasheets_pdf_markdown\extraction_logs\url_009864--ti.com-lit-an-slva183-slva183.pdf.pdf.log.txt,txt,813,14_datasheets_pdf_markdown,knowledge_scrape\14_datasheets_pdf_markdown\extraction_logs,.txt,url_009864
knowledge_scrape\14_datasheets_pdf_markdown\extraction_logs\url_009882--ti.com-lit-an-slva372-slva372.pdf.pdf.body.txt,txt,20349,14_datasheets_pdf_markdown,knowledge_scrape\14_datasheets_pdf_markdown\extraction_logs,.txt,url_009882
knowledge_scrape\14_datasheets_pdf_markdown\extraction_logs\url_009882--ti.com-lit-an-slva372-slva372.pdf.pdf.log.txt,txt,815,14_datasheets_pdf_markdown,knowledge_scrape\14_datasheets_pdf_markdown\extraction_logs,.txt,url_009882
knowledge_scrape\14_datasheets_pdf_markdown\extraction_logs\url_009883--ti.com-lit-an-slva390-slva390.pdf.pdf.body.txt,txt,12999,14_datasheets_pdf_markdown,knowledge_scrape\14_datasheets_pdf_markdown\extraction_logs,.txt,url_009883
knowledge_scrape\14_datasheets_pdf_markdown\extraction_logs\url_009883--ti.com-lit-an-slva390-slva390.pdf.pdf.log.txt,txt,814,14_datasheets_pdf_markdown,knowledge_scrape\14_datasheets_pdf_markdown\extraction_logs,.txt,url_009883
knowledge_scrape\14_datasheets_pdf_markdown\extraction_logs\url_009884--ti.com-lit-an-slva462-slva462.pdf.pdf.body.txt,txt,15243,14_datasheets_pdf_markdown,knowledge_scrape\14_datasheets_pdf_markdown\extraction_logs,.txt,url_009884
knowledge_scrape\14_datasheets_pdf_markdown\extraction_logs\url_009884--ti.com-lit-an-slva462-slva462.pdf.pdf.log.txt,txt,814,14_datasheets_pdf_markdown,knowledge_scrape\14_datasheets_pdf_markdown\extraction_logs,.txt,url_009884
knowledge_scrape\14_datasheets_pdf_markdown\extraction_logs\url_009885--ti.com-lit-an-slva477-slva477.pdf.pdf.body.txt,txt,21717,14_datasheets_pdf_markdown,knowledge_scrape\14_datasheets_pdf_markdown\extraction_logs,.txt,url_009885
knowledge_scrape\14_datasheets_pdf_markdown\extraction_logs\url_009885--ti.com-lit-an-slva477-slva477.pdf.pdf.log.txt,txt,814,14_datasheets_pdf_markdown,knowledge_scrape\14_datasheets_pdf_markdown\extraction_logs,.txt,url_009885
knowledge_scrape\14_datasheets_pdf_markdown\extraction_logs\url_009886--ti.com-lit-an-slva630-slva630.pdf.pdf.body.txt,txt,33840,14_datasheets_pdf_markdown,knowledge_scrape\14_datasheets_pdf_markdown\extraction_logs,.txt,url_009886
knowledge_scrape\14_datasheets_pdf_markdown\extraction_logs\url_009886--ti.com-lit-an-slva630-slva630.pdf.pdf.log.txt,txt,815,14_datasheets_pdf_markdown,knowledge_scrape\14_datasheets_pdf_markdown\extraction_logs,.txt,url_009886
knowledge_scrape\14_datasheets_pdf_markdown\extraction_logs\url_009887--ti.com-lit-an-slva680-slva680.pdf.pdf.body.txt,txt,27333,14_datasheets_pdf_markdown,knowledge_scrape\14_datasheets_pdf_markdown\extraction_logs,.txt,url_009887
knowledge_scrape\14_datasheets_pdf_markdown\extraction_logs\url_009887--ti.com-lit-an-slva680-slva680.pdf.pdf.log.txt,txt,815,14_datasheets_pdf_markdown,knowledge_scrape\14_datasheets_pdf_markdown\extraction_logs,.txt,url_009887
knowledge_scrape\14_datasheets_pdf_markdown\extraction_logs\url_009888--ti.com-lit-an-slva689-slva689.pdf.pdf.body.txt,txt,10826,14_datasheets_pdf_markdown,knowledge_scrape\14_datasheets_pdf_markdown\extraction_logs,.txt,url_009888
knowledge_scrape\14_datasheets_pdf_markdown\extraction_logs\url_009888--ti.com-lit-an-slva689-slva689.pdf.pdf.log.txt,txt,814,14_datasheets_pdf_markdown,knowledge_scrape\14_datasheets_pdf_markdown\extraction_logs,.txt,url_009888
knowledge_scrape\14_datasheets_pdf_markdown\extraction_logs\url_009889--ti.com-lit-an-slva721-slva721.pdf.pdf.body.txt,txt,21211,14_datasheets_pdf_markdown,knowledge_scrape\14_datasheets_pdf_markdown\extraction_logs,.txt,url_009889
knowledge_scrape\14_datasheets_pdf_markdown\extraction_logs\url_009889--ti.com-lit-an-slva721-slva721.pdf.pdf.log.txt,txt,815,14_datasheets_pdf_markdown,knowledge_scrape\14_datasheets_pdf_markdown\extraction_logs,.txt,url_009889
knowledge_scrape\14_datasheets_pdf_markdown\extraction_logs\url_009890--ti.com-lit-an-slva970-slva970.pdf.pdf.body.txt,txt,32804,14_datasheets_pdf_markdown,knowledge_scrape\14_datasheets_pdf_markdown\extraction_logs,.txt,url_009890
knowledge_scrape\14_datasheets_pdf_markdown\extraction_logs\url_009890--ti.com-lit-an-slva970-slva970.pdf.pdf.log.txt,txt,815,14_datasheets_pdf_markdown,knowledge_scrape\14_datasheets_pdf_markdown\extraction_logs,.txt,url_009890
knowledge_scrape\14_datasheets_pdf_markdown\extraction_logs\url_009891--ti.com-lit-an-slyp173-slyp173.pdf.pdf.body.txt,txt,50803,14_datasheets_pdf_markdown,knowledge_scrape\14_datasheets_pdf_markdown\extraction_logs,.txt,url_009891
knowledge_scrape\14_datasheets_pdf_markdown\extraction_logs\url_009891--ti.com-lit-an-slyp173-slyp173.pdf.pdf.log.txt,txt,815,14_datasheets_pdf_markdown,knowledge_scrape\14_datasheets_pdf_markdown\extraction_logs,.txt,url_009891
knowledge_scrape\14_datasheets_pdf_markdown\extraction_logs\url_009892--ti.com-lit-an-snva681-snva681.pdf.pdf.body.txt,txt,20285,14_datasheets_pdf_markdown,knowledge_scrape\14_datasheets_pdf_markdown\extraction_logs,.txt,url_009892
knowledge_scrape\14_datasheets_pdf_markdown\extraction_logs\url_009892--ti.com-lit-an-snva681-snva681.pdf.pdf.log.txt,txt,814,14_datasheets_pdf_markdown,knowledge_scrape\14_datasheets_pdf_markdown\extraction_logs,.txt,url_009892
knowledge_scrape\14_datasheets_pdf_markdown\extraction_logs\url_009893--ti.com-lit-an-snva718-snva718.pdf.pdf.body.txt,txt,26054,14_datasheets_pdf_markdown,knowledge_scrape\14_datasheets_pdf_markdown\extraction_logs,.txt,url_009893
knowledge_scrape\14_datasheets_pdf_markdown\extraction_logs\url_009893--ti.com-lit-an-snva718-snva718.pdf.pdf.log.txt,txt,815,14_datasheets_pdf_markdown,knowledge_scrape\14_datasheets_pdf_markdown\extraction_logs,.txt,url_009893
knowledge_scrape\14_datasheets_pdf_markdown\extraction_logs\url_009894--ti.com-lit-an-snva773-snva773.pdf.pdf.body.txt,txt,12852,14_datasheets_pdf_markdown,knowledge_scrape\14_datasheets_pdf_markdown\extraction_logs,.txt,url_009894
knowledge_scrape\14_datasheets_pdf_markdown\extraction_logs\url_009894--ti.com-lit-an-snva773-snva773.pdf.pdf.log.txt,txt,814,14_datasheets_pdf_markdown,knowledge_scrape\14_datasheets_pdf_markdown\extraction_logs,.txt,url_009894
knowledge_scrape\14_datasheets_pdf_markdown\extraction_logs\url_009895--ti.com-lit-an-snva803-snva803.pdf.pdf.body.txt,txt,9447,14_datasheets_pdf_markdown,knowledge_scrape\14_datasheets_pdf_markdown\extraction_logs,.txt,url_009895
knowledge_scrape\14_datasheets_pdf_markdown\extraction_logs\url_009895--ti.com-lit-an-snva803-snva803.pdf.pdf.log.txt,txt,813,14_datasheets_pdf_markdown,knowledge_scrape\14_datasheets_pdf_markdown\extraction_logs,.txt,url_009895
knowledge_scrape\14_datasheets_pdf_markdown\extraction_logs\url_009896--ti.com-lit-an-snva849-snva849.pdf.pdf.body.txt,txt,10796,14_datasheets_pdf_markdown,knowledge_scrape\14_datasheets_pdf_markdown\extraction_logs,.txt,url_009896
knowledge_scrape\14_datasheets_pdf_markdown\extraction_logs\url_009896--ti.com-lit-an-snva849-snva849.pdf.pdf.log.txt,txt,814,14_datasheets_pdf_markdown,knowledge_scrape\14_datasheets_pdf_markdown\extraction_logs,.txt,url_009896
knowledge_scrape\14_datasheets_pdf_markdown\extraction_logs\url_009897--ti.com-lit-an-snva878-snva878.pdf.pdf.body.txt,txt,29002,14_datasheets_pdf_markdown,knowledge_scrape\14_datasheets_pdf_markdown\extraction_logs,.txt,url_009897
knowledge_scrape\14_datasheets_pdf_markdown\extraction_logs\url_009897--ti.com-lit-an-snva878-snva878.pdf.pdf.log.txt,txt,815,14_datasheets_pdf_markdown,knowledge_scrape\14_datasheets_pdf_markdown\extraction_logs,.txt,url_009897
knowledge_scrape\14_datasheets_pdf_markdown\extraction_logs\url_009899--ti.com-lit-an-szza016-szza016.pdf.pdf.body.txt,txt,51966,14_datasheets_pdf_markdown,knowledge_scrape\14_datasheets_pdf_markdown\extraction_logs,.txt,url_009899
knowledge_scrape\14_datasheets_pdf_markdown\extraction_logs\url_009899--ti.com-lit-an-szza016-szza016.pdf.pdf.log.txt,txt,813,14_datasheets_pdf_markdown,knowledge_scrape\14_datasheets_pdf_markdown\extraction_logs,.txt,url_009899
knowledge_scrape\14_datasheets_pdf_markdown\extraction_logs\url_009900--ti.com-lit-an-szza017-szza017.pdf.pdf.body.txt,txt,18003,14_datasheets_pdf_markdown,knowledge_scrape\14_datasheets_pdf_markdown\extraction_logs,.txt,url_009900
knowledge_scrape\14_datasheets_pdf_markdown\extraction_logs\url_009900--ti.com-lit-an-szza017-szza017.pdf.pdf.log.txt,txt,813,14_datasheets_pdf_markdown,knowledge_scrape\14_datasheets_pdf_markdown\extraction_logs,.txt,url_009900
knowledge_scrape\14_datasheets_pdf_markdown\extraction_logs\url_009901--ti.com-lit-an-szza026-szza026.pdf.pdf.body.txt,txt,36261,14_datasheets_pdf_markdown,knowledge_scrape\14_datasheets_pdf_markdown\extraction_logs,.txt,url_009901
knowledge_scrape\14_datasheets_pdf_markdown\extraction_logs\url_009901--ti.com-lit-an-szza026-szza026.pdf.pdf.log.txt,txt,813,14_datasheets_pdf_markdown,knowledge_scrape\14_datasheets_pdf_markdown\extraction_logs,.txt,url_009901
knowledge_scrape\14_datasheets_pdf_markdown\extraction_logs\url_009902--ti.com-lit-an-szza027-szza027.pdf.pdf.body.txt,txt,30020,14_datasheets_pdf_markdown,knowledge_scrape\14_datasheets_pdf_markdown\extraction_logs,.txt,url_009902
knowledge_scrape\14_datasheets_pdf_markdown\extraction_logs\url_009902--ti.com-lit-an-szza027-szza027.pdf.pdf.log.txt,txt,815,14_datasheets_pdf_markdown,knowledge_scrape\14_datasheets_pdf_markdown\extraction_logs,.txt,url_009902
knowledge_scrape\14_datasheets_pdf_markdown\extraction_logs\url_009903--ti.com-lit-ds-symlink-tpd1e10b06.pdf.pdf.body.txt,txt,40149,14_datasheets_pdf_markdown,knowledge_scrape\14_datasheets_pdf_markdown\extraction_logs,.txt,url_009903
knowledge_scrape\14_datasheets_pdf_markdown\extraction_logs\url_009903--ti.com-lit-ds-symlink-tpd1e10b06.pdf.pdf.log.txt,txt,827,14_datasheets_pdf_markdown,knowledge_scrape\14_datasheets_pdf_markdown\extraction_logs,.txt,url_009903
knowledge_scrape\14_datasheets_pdf_markdown\extraction_logs\url_009904--ti.com-lit-ds-symlink-tpd2e2u06.pdf.pdf.body.txt,txt,30119,14_datasheets_pdf_markdown,knowledge_scrape\14_datasheets_pdf_markdown\extraction_logs,.txt,url_009904
knowledge_scrape\14_datasheets_pdf_markdown\extraction_logs\url_009904--ti.com-lit-ds-symlink-tpd2e2u06.pdf.pdf.log.txt,txt,823,14_datasheets_pdf_markdown,knowledge_scrape\14_datasheets_pdf_markdown\extraction_logs,.txt,url_009904
knowledge_scrape\14_datasheets_pdf_markdown\extraction_logs\url_009905--ti.com-lit-ds-symlink-tpd4e02b04.pdf.pdf.body.txt,txt,32848,14_datasheets_pdf_markdown,knowledge_scrape\14_datasheets_pdf_markdown\extraction_logs,.txt,url_009905
knowledge_scrape\14_datasheets_pdf_markdown\extraction_logs\url_009905--ti.com-lit-ds-symlink-tpd4e02b04.pdf.pdf.log.txt,txt,827,14_datasheets_pdf_markdown,knowledge_scrape\14_datasheets_pdf_markdown\extraction_logs,.txt,url_009905
knowledge_scrape\14_datasheets_pdf_markdown\extraction_logs\url_009906--ti.com-lit-ds-symlink-tpd4e110.pdf.pdf.body.txt,txt,26173,14_datasheets_pdf_markdown,knowledge_scrape\14_datasheets_pdf_markdown\extraction_logs,.txt,url_009906
knowledge_scrape\14_datasheets_pdf_markdown\extraction_logs\url_009906--ti.com-lit-ds-symlink-tpd4e110.pdf.pdf.log.txt,txt,819,14_datasheets_pdf_markdown,knowledge_scrape\14_datasheets_pdf_markdown\extraction_logs,.txt,url_009906
knowledge_scrape\14_datasheets_pdf_markdown\extraction_logs\url_009907--ti.com-lit-ds-symlink-tpd4e1u06.pdf.pdf.body.txt,txt,31570,14_datasheets_pdf_markdown,knowledge_scrape\14_datasheets_pdf_markdown\extraction_logs,.txt,url_009907
knowledge_scrape\14_datasheets_pdf_markdown\extraction_logs\url_009907--ti.com-lit-ds-symlink-tpd4e1u06.pdf.pdf.log.txt,txt,823,14_datasheets_pdf_markdown,knowledge_scrape\14_datasheets_pdf_markdown\extraction_logs,.txt,url_009907
knowledge_scrape\14_datasheets_pdf_markdown\extraction_logs\url_009908--ti.com-lit-ds-symlink-tpd6e004.pdf.pdf.body.txt,txt,27225,14_datasheets_pdf_markdown,knowledge_scrape\14_datasheets_pdf_markdown\extraction_logs,.txt,url_009908
knowledge_scrape\14_datasheets_pdf_markdown\extraction_logs\url_009908--ti.com-lit-ds-symlink-tpd6e004.pdf.pdf.log.txt,txt,819,14_datasheets_pdf_markdown,knowledge_scrape\14_datasheets_pdf_markdown\extraction_logs,.txt,url_009908
knowledge_scrape\14_datasheets_pdf_markdown\extraction_logs\url_009909--ti.com-lit-ds-symlink-tpd6e05u06.pdf.pdf.body.txt,txt,47711,14_datasheets_pdf_markdown,knowledge_scrape\14_datasheets_pdf_markdown\extraction_logs,.txt,url_009909
knowledge_scrape\14_datasheets_pdf_markdown\extraction_logs\url_009909--ti.com-lit-ds-symlink-tpd6e05u06.pdf.pdf.log.txt,txt,827,14_datasheets_pdf_markdown,knowledge_scrape\14_datasheets_pdf_markdown\extraction_logs,.txt,url_009909
knowledge_scrape\14_datasheets_pdf_markdown\extraction_logs\url_009910--ti.com-lit-ds-symlink-tps54202.pdf.pdf.body.txt,txt,55861,14_datasheets_pdf_markdown,knowledge_scrape\14_datasheets_pdf_markdown\extraction_logs,.txt,url_009910
knowledge_scrape\14_datasheets_pdf_markdown\extraction_logs\url_009910--ti.com-lit-ds-symlink-tps54202.pdf.pdf.log.txt,txt,819,14_datasheets_pdf_markdown,knowledge_scrape\14_datasheets_pdf_markdown\extraction_logs,.txt,url_009910
knowledge_scrape\14_datasheets_pdf_markdown\extraction_logs\url_009911--ti.com-lit-ds-symlink-tps54302.pdf.pdf.body.txt,txt,56688,14_datasheets_pdf_markdown,knowledge_scrape\14_datasheets_pdf_markdown\extraction_logs,.txt,url_009911
knowledge_scrape\14_datasheets_pdf_markdown\extraction_logs\url_009911--ti.com-lit-ds-symlink-tps54302.pdf.pdf.log.txt,txt,819,14_datasheets_pdf_markdown,knowledge_scrape\14_datasheets_pdf_markdown\extraction_logs,.txt,url_009911
knowledge_scrape\14_datasheets_pdf_markdown\extraction_logs\url_009912--ti.com-lit-ds-symlink-tps562201.pdf.pdf.body.txt,txt,50828,14_datasheets_pdf_markdown,knowledge_scrape\14_datasheets_pdf_markdown\extraction_logs,.txt,url_009912
knowledge_scrape\14_datasheets_pdf_markdown\extraction_logs\url_009912--ti.com-lit-ds-symlink-tps562201.pdf.pdf.log.txt,txt,823,14_datasheets_pdf_markdown,knowledge_scrape\14_datasheets_pdf_markdown\extraction_logs,.txt,url_009912
knowledge_scrape\14_datasheets_pdf_markdown\extraction_logs\url_009913--ti.com-lit-ds-symlink-tps563201.pdf.pdf.body.txt,txt,51615,14_datasheets_pdf_markdown,knowledge_scrape\14_datasheets_pdf_markdown\extraction_logs,.txt,url_009913
knowledge_scrape\14_datasheets_pdf_markdown\extraction_logs\url_009913--ti.com-lit-ds-symlink-tps563201.pdf.pdf.log.txt,txt,823,14_datasheets_pdf_markdown,knowledge_scrape\14_datasheets_pdf_markdown\extraction_logs,.txt,url_009913
knowledge_scrape\14_datasheets_pdf_markdown\extraction_logs\url_009914--ti.com-lit-ds-symlink-tps62177.pdf.pdf.body.txt,txt,64097,14_datasheets_pdf_markdown,knowledge_scrape\14_datasheets_pdf_markdown\extraction_logs,.txt,url_009914
knowledge_scrape\14_datasheets_pdf_markdown\extraction_logs\url_009914--ti.com-lit-ds-symlink-tps62177.pdf.pdf.log.txt,txt,819,14_datasheets_pdf_markdown,knowledge_scrape\14_datasheets_pdf_markdown\extraction_logs,.txt,url_009914
knowledge_scrape\14_datasheets_pdf_markdown\extraction_logs\url_009915--ti.com-lit-ds-symlink-tps62180.pdf.pdf.body.txt,txt,65630,14_datasheets_pdf_markdown,knowledge_scrape\14_datasheets_pdf_markdown\extraction_logs,.txt,url_009915
knowledge_scrape\14_datasheets_pdf_markdown\extraction_logs\url_009915--ti.com-lit-ds-symlink-tps62180.pdf.pdf.log.txt,txt,819,14_datasheets_pdf_markdown,knowledge_scrape\14_datasheets_pdf_markdown\extraction_logs,.txt,url_009915
knowledge_scrape\14_datasheets_pdf_markdown\extraction_logs\url_009916--ti.com-lit-ds-symlink-tps62827.pdf.pdf.body.txt,txt,64513,14_datasheets_pdf_markdown,knowledge_scrape\14_datasheets_pdf_markdown\extraction_logs,.txt,url_009916
knowledge_scrape\14_datasheets_pdf_markdown\extraction_logs\url_009916--ti.com-lit-ds-symlink-tps62827.pdf.pdf.log.txt,txt,819,14_datasheets_pdf_markdown,knowledge_scrape\14_datasheets_pdf_markdown\extraction_logs,.txt,url_009916
knowledge_scrape\14_datasheets_pdf_markdown\extraction_logs\url_009917--ti.com-lit-ds-symlink-tps62840.pdf.pdf.body.txt,txt,74392,14_datasheets_pdf_markdown,knowledge_scrape\14_datasheets_pdf_markdown\extraction_logs,.txt,url_009917
knowledge_scrape\14_datasheets_pdf_markdown\extraction_logs\url_009917--ti.com-lit-ds-symlink-tps62840.pdf.pdf.log.txt,txt,819,14_datasheets_pdf_markdown,knowledge_scrape\14_datasheets_pdf_markdown\extraction_logs,.txt,url_009917
knowledge_scrape\14_datasheets_pdf_markdown\extraction_logs\url_009918--ti.com-lit-ds-symlink-tps62933.pdf.pdf.body.txt,txt,106327,14_datasheets_pdf_markdown,knowledge_scrape\14_datasheets_pdf_markdown\extraction_logs,.txt,url_009918
knowledge_scrape\14_datasheets_pdf_markdown\extraction_logs\url_009918--ti.com-lit-ds-symlink-tps62933.pdf.pdf.log.txt,txt,820,14_datasheets_pdf_markdown,knowledge_scrape\14_datasheets_pdf_markdown\extraction_logs,.txt,url_009918
knowledge_scrape\14_datasheets_pdf_markdown\extraction_logs\url_010081--documentation.espressif.com-esp32-s3-wroom-1_wroom-1u_datasheet_en.pdf.pdf.body.txt,txt,84382,14_datasheets_pdf_markdown,knowledge_scrape\14_datasheets_pdf_markdown\extraction_logs,.txt,url_010081
knowledge_scrape\14_datasheets_pdf_markdown\extraction_logs\url_010081--documentation.espressif.com-esp32-s3-wroom-1_wroom-1u_datasheet_en.pdf.pdf.log.txt,txt,951,14_datasheets_pdf_markdown,knowledge_scrape\14_datasheets_pdf_markdown\extraction_logs,.txt,url_010081
knowledge_scrape\14_datasheets_pdf_markdown\extraction_logs\url_010082--fscdn.rohm.com-en-products-databook-applinote-ic-power-switching_regulator-converter_pcb_layout_appli-e.pdf.pdf.body.txt,txt,27567,14_datasheets_pdf_markdown,knowledge_scrape\14_datasheets_pdf_markdown\extraction_logs,.txt,url_010082
knowledge_scrape\14_datasheets_pdf_markdown\extraction_logs\url_010082--fscdn.rohm.com-en-products-databook-applinote-ic-power-switching_regulator-converter_pcb_layout_appli-e.pdf.pdf.log.txt,txt,1111,14_datasheets_pdf_markdown,knowledge_scrape\14_datasheets_pdf_markdown\extraction_logs,.txt,url_010082
knowledge_scrape\14_datasheets_pdf_markdown\extraction_logs\url_010083--onsemi.com-pub-Collateral-TND6222-D.PDF.pdf.body.txt,txt,14640,14_datasheets_pdf_markdown,knowledge_scrape\14_datasheets_pdf_markdown\extraction_logs,.txt,url_010083
knowledge_scrape\14_datasheets_pdf_markdown\extraction_logs\url_010083--onsemi.com-pub-Collateral-TND6222-D.PDF.pdf.log.txt,txt,838,14_datasheets_pdf_markdown,knowledge_scrape\14_datasheets_pdf_markdown\extraction_logs,.txt,url_010083
knowledge_scrape\14_datasheets_pdf_markdown\extraction_logs\url_010084--silabs.com-documents-public-application-notes-an0046-efm32-usb-hardware-design-guidelines.pdf.pdf.body.txt,txt,34666,14_datasheets_pdf_markdown,knowledge_scrape\14_datasheets_pdf_markdown\extraction_logs,.txt,url_010084
knowledge_scrape\14_datasheets_pdf_markdown\extraction_logs\url_010084--silabs.com-documents-public-application-notes-an0046-efm32-usb-hardware-design-guidelines.pdf.pdf.log.txt,txt,1045,14_datasheets_pdf_markdown,knowledge_scrape\14_datasheets_pdf_markdown\extraction_logs,.txt,url_010084
knowledge_scrape\14_datasheets_pdf_markdown\extraction_logs\url_010085--ti.com-lit-an-scaa048-scaa048.pdf.pdf.body.txt,txt,14966,14_datasheets_pdf_markdown,knowledge_scrape\14_datasheets_pdf_markdown\extraction_logs,.txt,url_010085
knowledge_scrape\14_datasheets_pdf_markdown\extraction_logs\url_010085--ti.com-lit-an-scaa048-scaa048.pdf.pdf.log.txt,txt,814,14_datasheets_pdf_markdown,knowledge_scrape\14_datasheets_pdf_markdown\extraction_logs,.txt,url_010085
knowledge_scrape\14_datasheets_pdf_markdown\extraction_logs\url_010086--ti.com-lit-an-scaa082a-scaa082a.pdf.pdf.body.txt,txt,45571,14_datasheets_pdf_markdown,knowledge_scrape\14_datasheets_pdf_markdown\extraction_logs,.txt,url_010086
knowledge_scrape\14_datasheets_pdf_markdown\extraction_logs\url_010086--ti.com-lit-an-scaa082a-scaa082a.pdf.pdf.log.txt,txt,823,14_datasheets_pdf_markdown,knowledge_scrape\14_datasheets_pdf_markdown\extraction_logs,.txt,url_010086
knowledge_scrape\14_datasheets_pdf_markdown\extraction_logs\url_010087--ti.com-lit-an-slla368-slla368.pdf.pdf.body.txt,txt,30815,14_datasheets_pdf_markdown,knowledge_scrape\14_datasheets_pdf_markdown\extraction_logs,.txt,url_010087
knowledge_scrape\14_datasheets_pdf_markdown\extraction_logs\url_010087--ti.com-lit-an-slla368-slla368.pdf.pdf.log.txt,txt,815,14_datasheets_pdf_markdown,knowledge_scrape\14_datasheets_pdf_markdown\extraction_logs,.txt,url_010087
knowledge_scrape\14_datasheets_pdf_markdown\extraction_logs\url_010088--ti.com-lit-an-slva054-slva054.pdf.pdf.body.txt,txt,2309,14_datasheets_pdf_markdown,knowledge_scrape\14_datasheets_pdf_markdown\extraction_logs,.txt,url_010088
knowledge_scrape\14_datasheets_pdf_markdown\extraction_logs\url_010088--ti.com-lit-an-slva054-slva054.pdf.pdf.log.txt,txt,813,14_datasheets_pdf_markdown,knowledge_scrape\14_datasheets_pdf_markdown\extraction_logs,.txt,url_010088
knowledge_scrape\14_datasheets_pdf_markdown\extraction_logs\url_010089--ti.com-lit-an-slva773-slva773.pdf.pdf.body.txt,txt,14541,14_datasheets_pdf_markdown,knowledge_scrape\14_datasheets_pdf_markdown\extraction_logs,.txt,url_010089
knowledge_scrape\14_datasheets_pdf_markdown\extraction_logs\url_010089--ti.com-lit-an-slva773-slva773.pdf.pdf.log.txt,txt,814,14_datasheets_pdf_markdown,knowledge_scrape\14_datasheets_pdf_markdown\extraction_logs,.txt,url_010089
knowledge_scrape\14_datasheets_pdf_markdown\extraction_logs\url_010090--ti.com-lit-an-slva959-slva959.pdf.pdf.body.txt,txt,64708,14_datasheets_pdf_markdown,knowledge_scrape\14_datasheets_pdf_markdown\extraction_logs,.txt,url_010090
knowledge_scrape\14_datasheets_pdf_markdown\extraction_logs\url_010090--ti.com-lit-an-slva959-slva959.pdf.pdf.log.txt,txt,815,14_datasheets_pdf_markdown,knowledge_scrape\14_datasheets_pdf_markdown\extraction_logs,.txt,url_010090
knowledge_scrape\14_datasheets_pdf_markdown\extraction_logs\url_010091--ti.com-lit-an-slvae09-slvae09.pdf.pdf.body.txt,txt,24493,14_datasheets_pdf_markdown,knowledge_scrape\14_datasheets_pdf_markdown\extraction_logs,.txt,url_010091
knowledge_scrape\14_datasheets_pdf_markdown\extraction_logs\url_010091--ti.com-lit-an-slvae09-slvae09.pdf.pdf.log.txt,txt,815,14_datasheets_pdf_markdown,knowledge_scrape\14_datasheets_pdf_markdown\extraction_logs,.txt,url_010091
knowledge_scrape\14_datasheets_pdf_markdown\extraction_logs\url_010092--ti.com-lit-an-slvaeq9-slvaeq9.pdf.pdf.body.txt,txt,26951,14_datasheets_pdf_markdown,knowledge_scrape\14_datasheets_pdf_markdown\extraction_logs,.txt,url_010092
knowledge_scrape\14_datasheets_pdf_markdown\extraction_logs\url_010092--ti.com-lit-an-slvaeq9-slvaeq9.pdf.pdf.log.txt,txt,815,14_datasheets_pdf_markdown,knowledge_scrape\14_datasheets_pdf_markdown\extraction_logs,.txt,url_010092
knowledge_scrape\14_datasheets_pdf_markdown\extraction_logs\url_010093--ti.com-lit-an-slvaew7-slvaew7.pdf.pdf.body.txt,txt,30354,14_datasheets_pdf_markdown,knowledge_scrape\14_datasheets_pdf_markdown\extraction_logs,.txt,url_010093
knowledge_scrape\14_datasheets_pdf_markdown\extraction_logs\url_010093--ti.com-lit-an-slvaew7-slvaew7.pdf.pdf.log.txt,txt,815,14_datasheets_pdf_markdown,knowledge_scrape\14_datasheets_pdf_markdown\extraction_logs,.txt,url_010093
knowledge_scrape\14_datasheets_pdf_markdown\extraction_logs\url_010094--ti.com-lit-an-slvaf66-slvaf66.pdf.pdf.body.txt,txt,68984,14_datasheets_pdf_markdown,knowledge_scrape\14_datasheets_pdf_markdown\extraction_logs,.txt,url_010094
knowledge_scrape\14_datasheets_pdf_markdown\extraction_logs\url_010094--ti.com-lit-an-slvaf66-slvaf66.pdf.pdf.log.txt,txt,815,14_datasheets_pdf_markdown,knowledge_scrape\14_datasheets_pdf_markdown\extraction_logs,.txt,url_010094
knowledge_scrape\14_datasheets_pdf_markdown\extraction_logs\url_010095--ti.com-lit-an-snva021c-snva021c.pdf.pdf.body.txt,txt,13844,14_datasheets_pdf_markdown,knowledge_scrape\14_datasheets_pdf_markdown\extraction_logs,.txt,url_010095
knowledge_scrape\14_datasheets_pdf_markdown\extraction_logs\url_010095--ti.com-lit-an-snva021c-snva021c.pdf.pdf.log.txt,txt,822,14_datasheets_pdf_markdown,knowledge_scrape\14_datasheets_pdf_markdown\extraction_logs,.txt,url_010095
knowledge_scrape\14_datasheets_pdf_markdown\extraction_logs\url_010096--ti.com-lit-an-szza009-szza009.pdf.pdf.body.txt,txt,59619,14_datasheets_pdf_markdown,knowledge_scrape\14_datasheets_pdf_markdown\extraction_logs,.txt,url_010096
knowledge_scrape\14_datasheets_pdf_markdown\extraction_logs\url_010096--ti.com-lit-an-szza009-szza009.pdf.pdf.log.txt,txt,815,14_datasheets_pdf_markdown,knowledge_scrape\14_datasheets_pdf_markdown\extraction_logs,.txt,url_010096
knowledge_scrape\14_datasheets_pdf_markdown\extraction_logs\url_010097--ti.com-lit-ds-symlink-lm2596.pdf.pdf.body.txt,txt,100716,14_datasheets_pdf_markdown,knowledge_scrape\14_datasheets_pdf_markdown\extraction_logs,.txt,url_010097
knowledge_scrape\14_datasheets_pdf_markdown\extraction_logs\url_010097--ti.com-lit-ds-symlink-lm2596.pdf.pdf.log.txt,txt,811,14_datasheets_pdf_markdown,knowledge_scrape\14_datasheets_pdf_markdown\extraction_logs,.txt,url_010097
knowledge_scrape\14_datasheets_pdf_markdown\extraction_logs\url_010098--ti.com-lit-ds-symlink-tpd2eusb30.pdf.pdf.body.txt,txt,36067,14_datasheets_pdf_markdown,knowledge_scrape\14_datasheets_pdf_markdown\extraction_logs,.txt,url_010098
knowledge_scrape\14_datasheets_pdf_markdown\extraction_logs\url_010098--ti.com-lit-ds-symlink-tpd2eusb30.pdf.pdf.log.txt,txt,827,14_datasheets_pdf_markdown,knowledge_scrape\14_datasheets_pdf_markdown\extraction_logs,.txt,url_010098
knowledge_scrape\14_datasheets_pdf_markdown\extraction_logs\url_010099--ti.com-lit-ds-symlink-tpd4e05u06.pdf.pdf.body.txt,txt,47711,14_datasheets_pdf_markdown,knowledge_scrape\14_datasheets_pdf_markdown\extraction_logs,.txt,url_010099
knowledge_scrape\14_datasheets_pdf_markdown\extraction_logs\url_010099--ti.com-lit-ds-symlink-tpd4e05u06.pdf.pdf.log.txt,txt,827,14_datasheets_pdf_markdown,knowledge_scrape\14_datasheets_pdf_markdown\extraction_logs,.txt,url_010099
knowledge_scrape\14_datasheets_pdf_markdown\extraction_logs\url_010100--ti.com-lit-ds-symlink-tps62130.pdf.pdf.body.txt,txt,85416,14_datasheets_pdf_markdown,knowledge_scrape\14_datasheets_pdf_markdown\extraction_logs,.txt,url_010100
knowledge_scrape\14_datasheets_pdf_markdown\extraction_logs\url_010100--ti.com-lit-ds-symlink-tps62130.pdf.pdf.log.txt,txt,819,14_datasheets_pdf_markdown,knowledge_scrape\14_datasheets_pdf_markdown\extraction_logs,.txt,url_010100
knowledge_scrape\14_datasheets_pdf_markdown\extraction_logs\url_010101--ti.com-lit-ds-symlink-tps62135.pdf.pdf.body.txt,txt,86983,14_datasheets_pdf_markdown,knowledge_scrape\14_datasheets_pdf_markdown\extraction_logs,.txt,url_010101
knowledge_scrape\14_datasheets_pdf_markdown\extraction_logs\url_010101--ti.com-lit-ds-symlink-tps62135.pdf.pdf.log.txt,txt,819,14_datasheets_pdf_markdown,knowledge_scrape\14_datasheets_pdf_markdown\extraction_logs,.txt,url_010101
knowledge_scrape\14_datasheets_pdf_markdown\extraction_logs\url_010102--ti.com-lit-ds-symlink-tps62913.pdf.pdf.body.txt,txt,73773,14_datasheets_pdf_markdown,knowledge_scrape\14_datasheets_pdf_markdown\extraction_logs,.txt,url_010102
knowledge_scrape\14_datasheets_pdf_markdown\extraction_logs\url_010102--ti.com-lit-ds-symlink-tps62913.pdf.pdf.log.txt,txt,819,14_datasheets_pdf_markdown,knowledge_scrape\14_datasheets_pdf_markdown\extraction_logs,.txt,url_010102
knowledge_scrape\14_datasheets_pdf_markdown\extraction_logs\url_010103--we-online.com-components-media-o150133v410-20ANP007d-20EN.pdf.pdf.body.txt,txt,32730,14_datasheets_pdf_markdown,knowledge_scrape\14_datasheets_pdf_markdown\extraction_logs,.txt,url_010103
knowledge_scrape\14_datasheets_pdf_markdown\extraction_logs\url_010103--we-online.com-components-media-o150133v410-20ANP007d-20EN.pdf.pdf.log.txt,txt,925,14_datasheets_pdf_markdown,knowledge_scrape\14_datasheets_pdf_markdown\extraction_logs,.txt,url_010103
knowledge_scrape\14_datasheets_pdf_markdown\original_pdf\.gitkeep,no_extension,14,14_datasheets_pdf_markdown,knowledge_scrape\14_datasheets_pdf_markdown\original_pdf,,
knowledge_scrape\14_datasheets_pdf_markdown\original_pdf\unmatched_pdf_001--documentation.espressif.com-esp32-s3-wroom-1_wroom-1u_datasheet_en.pdf.pdf.pdf,pdf,1280501,14_datasheets_pdf_markdown,knowledge_scrape\14_datasheets_pdf_markdown\original_pdf,.pdf,
knowledge_scrape\14_datasheets_pdf_markdown\original_pdf\unmatched_pdf_002--fscdn.rohm.com-en-products-databook-applinote-ic-power-switching_regulator-converter_pcb_layout_appli-e.pdf.pdf.pdf,pdf,1205481,14_datasheets_pdf_markdown,knowledge_scrape\14_datasheets_pdf_markdown\original_pdf,.pdf,
knowledge_scrape\14_datasheets_pdf_markdown\original_pdf\unmatched_pdf_003--onsemi.com-pub-Collateral-TND6222-D.PDF.pdf.pdf,pdf,455487,14_datasheets_pdf_markdown,knowledge_scrape\14_datasheets_pdf_markdown\original_pdf,.pdf,
knowledge_scrape\14_datasheets_pdf_markdown\original_pdf\unmatched_pdf_004--silabs.com-documents-public-application-notes-an0046-efm32-usb-hardware-design-guidelines.pdf.pdf.pdf,pdf,499380,14_datasheets_pdf_markdown,knowledge_scrape\14_datasheets_pdf_markdown\original_pdf,.pdf,
knowledge_scrape\14_datasheets_pdf_markdown\original_pdf\unmatched_pdf_005--ti.com-lit-an-scaa048-scaa048.pdf.pdf.pdf,pdf,74153,14_datasheets_pdf_markdown,knowledge_scrape\14_datasheets_pdf_markdown\original_pdf,.pdf,
knowledge_scrape\14_datasheets_pdf_markdown\original_pdf\unmatched_pdf_006--ti.com-lit-an-scaa082a-scaa082a.pdf.pdf.pdf,pdf,780522,14_datasheets_pdf_markdown,knowledge_scrape\14_datasheets_pdf_markdown\original_pdf,.pdf,
knowledge_scrape\14_datasheets_pdf_markdown\original_pdf\unmatched_pdf_007--ti.com-lit-an-slla368-slla368.pdf.pdf.pdf,pdf,794689,14_datasheets_pdf_markdown,knowledge_scrape\14_datasheets_pdf_markdown\original_pdf,.pdf,
knowledge_scrape\14_datasheets_pdf_markdown\original_pdf\unmatched_pdf_008--ti.com-lit-an-slva054-slva054.pdf.pdf.pdf,pdf,37463,14_datasheets_pdf_markdown,knowledge_scrape\14_datasheets_pdf_markdown\original_pdf,.pdf,
knowledge_scrape\14_datasheets_pdf_markdown\original_pdf\unmatched_pdf_009--ti.com-lit-an-slva773-slva773.pdf.pdf.pdf,pdf,718122,14_datasheets_pdf_markdown,knowledge_scrape\14_datasheets_pdf_markdown\original_pdf,.pdf,
knowledge_scrape\14_datasheets_pdf_markdown\original_pdf\unmatched_pdf_010--ti.com-lit-an-slva959-slva959.pdf.pdf.pdf,pdf,2866380,14_datasheets_pdf_markdown,knowledge_scrape\14_datasheets_pdf_markdown\original_pdf,.pdf,
knowledge_scrape\14_datasheets_pdf_markdown\original_pdf\unmatched_pdf_011--ti.com-lit-an-slvae09-slvae09.pdf.pdf.pdf,pdf,1541467,14_datasheets_pdf_markdown,knowledge_scrape\14_datasheets_pdf_markdown\original_pdf,.pdf,
knowledge_scrape\14_datasheets_pdf_markdown\original_pdf\unmatched_pdf_012--ti.com-lit-an-slvaeq9-slvaeq9.pdf.pdf.pdf,pdf,1065601,14_datasheets_pdf_markdown,knowledge_scrape\14_datasheets_pdf_markdown\original_pdf,.pdf,
knowledge_scrape\14_datasheets_pdf_markdown\original_pdf\unmatched_pdf_013--ti.com-lit-an-slvaew7-slvaew7.pdf.pdf.pdf,pdf,2889038,14_datasheets_pdf_markdown,knowledge_scrape\14_datasheets_pdf_markdown\original_pdf,.pdf,
knowledge_scrape\14_datasheets_pdf_markdown\original_pdf\unmatched_pdf_014--ti.com-lit-an-slvaf66-slvaf66.pdf.pdf.pdf,pdf,1112045,14_datasheets_pdf_markdown,knowledge_scrape\14_datasheets_pdf_markdown\original_pdf,.pdf,
knowledge_scrape\14_datasheets_pdf_markdown\original_pdf\unmatched_pdf_015--ti.com-lit-an-snva021c-snva021c.pdf.pdf.pdf,pdf,84701,14_datasheets_pdf_markdown,knowledge_scrape\14_datasheets_pdf_markdown\original_pdf,.pdf,
knowledge_scrape\14_datasheets_pdf_markdown\original_pdf\unmatched_pdf_016--ti.com-lit-an-szza009-szza009.pdf.pdf.pdf,pdf,381727,14_datasheets_pdf_markdown,knowledge_scrape\14_datasheets_pdf_markdown\original_pdf,.pdf,
knowledge_scrape\14_datasheets_pdf_markdown\original_pdf\unmatched_pdf_017--ti.com-lit-ds-symlink-lm2596.pdf.pdf.pdf,pdf,5095048,14_datasheets_pdf_markdown,knowledge_scrape\14_datasheets_pdf_markdown\original_pdf,.pdf,
knowledge_scrape\14_datasheets_pdf_markdown\original_pdf\unmatched_pdf_018--ti.com-lit-ds-symlink-tpd2eusb30.pdf.pdf.pdf,pdf,2257950,14_datasheets_pdf_markdown,knowledge_scrape\14_datasheets_pdf_markdown\original_pdf,.pdf,
knowledge_scrape\14_datasheets_pdf_markdown\original_pdf\unmatched_pdf_019--ti.com-lit-ds-symlink-tpd4e05u06.pdf.pdf.pdf,pdf,2801466,14_datasheets_pdf_markdown,knowledge_scrape\14_datasheets_pdf_markdown\original_pdf,.pdf,
knowledge_scrape\14_datasheets_pdf_markdown\original_pdf\unmatched_pdf_020--ti.com-lit-ds-symlink-tps62130.pdf.pdf.pdf,pdf,2540923,14_datasheets_pdf_markdown,knowledge_scrape\14_datasheets_pdf_markdown\original_pdf,.pdf,
knowledge_scrape\14_datasheets_pdf_markdown\original_pdf\unmatched_pdf_021--ti.com-lit-ds-symlink-tps62135.pdf.pdf.pdf,pdf,2254546,14_datasheets_pdf_markdown,knowledge_scrape\14_datasheets_pdf_markdown\original_pdf,.pdf,
knowledge_scrape\14_datasheets_pdf_markdown\original_pdf\unmatched_pdf_022--ti.com-lit-ds-symlink-tps62913.pdf.pdf.pdf,pdf,5969361,14_datasheets_pdf_markdown,knowledge_scrape\14_datasheets_pdf_markdown\original_pdf,.pdf,
knowledge_scrape\14_datasheets_pdf_markdown\original_pdf\unmatched_pdf_023--we-online.com-components-media-o150133v410-20ANP007d-20EN.pdf.pdf.pdf,pdf,1579960,14_datasheets_pdf_markdown,knowledge_scrape\14_datasheets_pdf_markdown\original_pdf,.pdf,
knowledge_scrape\14_datasheets_pdf_markdown\original_pdf\url_000004--assets.nexperia.com-documents-application-note-an11622.pdf--20260511_142326.pdf,pdf,16782,14_datasheets_pdf_markdown,knowledge_scrape\14_datasheets_pdf_markdown\original_pdf,.pdf,url_000004
knowledge_scrape\14_datasheets_pdf_markdown\original_pdf\url_000004--assets.nexperia.com-documents-application-note-an11622.pdf--20260511_142532.pdf,pdf,16782,14_datasheets_pdf_markdown,knowledge_scrape\14_datasheets_pdf_markdown\original_pdf,.pdf,url_000004
knowledge_scrape\14_datasheets_pdf_markdown\original_pdf\url_000004--assets.nexperia.com-documents-application-note-an11622.pdf--20260511_142809.pdf,pdf,16782,14_datasheets_pdf_markdown,knowledge_scrape\14_datasheets_pdf_markdown\original_pdf,.pdf,url_000004
knowledge_scrape\14_datasheets_pdf_markdown\original_pdf\url_000004--assets.nexperia.com-documents-application-note-an11622.pdf--20260511_143040.pdf,pdf,16782,14_datasheets_pdf_markdown,knowledge_scrape\14_datasheets_pdf_markdown\original_pdf,.pdf,url_000004
knowledge_scrape\14_datasheets_pdf_markdown\original_pdf\url_000004--assets.nexperia.com-documents-application-note-an11622.pdf--20260511_143312.pdf,pdf,16782,14_datasheets_pdf_markdown,knowledge_scrape\14_datasheets_pdf_markdown\original_pdf,.pdf,url_000004
knowledge_scrape\14_datasheets_pdf_markdown\original_pdf\url_000004--assets.nexperia.com-documents-application-note-an11622.pdf--20260511_143542.pdf,pdf,16782,14_datasheets_pdf_markdown,knowledge_scrape\14_datasheets_pdf_markdown\original_pdf,.pdf,url_000004
knowledge_scrape\14_datasheets_pdf_markdown\original_pdf\url_000004--assets.nexperia.com-documents-application-note-an11622.pdf--20260511_143902.pdf,pdf,16782,14_datasheets_pdf_markdown,knowledge_scrape\14_datasheets_pdf_markdown\original_pdf,.pdf,url_000004
knowledge_scrape\14_datasheets_pdf_markdown\original_pdf\url_000004--assets.nexperia.com-documents-application-note-an11622.pdf--20260511_144224.pdf,pdf,16782,14_datasheets_pdf_markdown,knowledge_scrape\14_datasheets_pdf_markdown\original_pdf,.pdf,url_000004
knowledge_scrape\14_datasheets_pdf_markdown\original_pdf\url_000004--assets.nexperia.com-documents-application-note-AN11622.pdf.pdf,pdf,16782,14_datasheets_pdf_markdown,knowledge_scrape\14_datasheets_pdf_markdown\original_pdf,.pdf,url_000004
knowledge_scrape\14_datasheets_pdf_markdown\original_pdf\url_000005--assets.nexperia.com-documents-application-note-AN90011.pdf.pdf,pdf,2017371,14_datasheets_pdf_markdown,knowledge_scrape\14_datasheets_pdf_markdown\original_pdf,.pdf,url_000005
knowledge_scrape\14_datasheets_pdf_markdown\original_pdf\url_000008--datasheets.raspberrypi.com-rp2040-rp2040-datasheet.pdf.pdf,pdf,5301205,14_datasheets_pdf_markdown,knowledge_scrape\14_datasheets_pdf_markdown\original_pdf,.pdf,url_000008
knowledge_scrape\14_datasheets_pdf_markdown\original_pdf\url_000009--datasheets.raspberrypi.com-rp2350-rp2350-datasheet.pdf.pdf,pdf,7968417,14_datasheets_pdf_markdown,knowledge_scrape\14_datasheets_pdf_markdown\original_pdf,.pdf,url_000009
knowledge_scrape\14_datasheets_pdf_markdown\original_pdf\url_004605--ww1.microchip.com-downloads-aemDocuments-documents-OTH-ApplicationNotes-ApplicationNotes-00002053A.pdf.pdf,pdf,159012,14_datasheets_pdf_markdown,knowledge_scrape\14_datasheets_pdf_markdown\original_pdf,.pdf,url_004605
knowledge_scrape\14_datasheets_pdf_markdown\original_pdf\url_004647--ww1.microchip.com-downloads-en-AppNotes-AN140.pdf.pdf,pdf,163120,14_datasheets_pdf_markdown,knowledge_scrape\14_datasheets_pdf_markdown\original_pdf,.pdf,url_004647
knowledge_scrape\14_datasheets_pdf_markdown\original_pdf\url_004649--ww1.microchip.com-downloads-en-AppNotes-AN142.pdf.pdf,pdf,235147,14_datasheets_pdf_markdown,knowledge_scrape\14_datasheets_pdf_markdown\original_pdf,.pdf,url_004649
knowledge_scrape\14_datasheets_pdf_markdown\original_pdf\url_004721--ww1.microchip.com-downloads-en-AppNotes-AN214.pdf.pdf,pdf,254407,14_datasheets_pdf_markdown,knowledge_scrape\14_datasheets_pdf_markdown\original_pdf,.pdf,url_004721
knowledge_scrape\14_datasheets_pdf_markdown\original_pdf\url_006877--espressif.com-sites-default-files-documentation-esp32_datasheet_en.pdf.pdf,pdf,989232,14_datasheets_pdf_markdown,knowledge_scrape\14_datasheets_pdf_markdown\original_pdf,.pdf,url_006877
knowledge_scrape\14_datasheets_pdf_markdown\original_pdf\url_006878--espressif.com-sites-default-files-documentation-esp32_hardware_design_guidelines_en.pdf.pdf,pdf,15347,14_datasheets_pdf_markdown,knowledge_scrape\14_datasheets_pdf_markdown\original_pdf,.pdf,url_006878
knowledge_scrape\14_datasheets_pdf_markdown\original_pdf\url_006879--espressif.com-sites-default-files-documentation-esp32_technical_reference_manual_en.pdf.pdf,pdf,10172467,14_datasheets_pdf_markdown,knowledge_scrape\14_datasheets_pdf_markdown\original_pdf,.pdf,url_006879
knowledge_scrape\14_datasheets_pdf_markdown\original_pdf\url_006880--espressif.com-sites-default-files-documentation-esp32-c3_datasheet_en.pdf.pdf,pdf,900158,14_datasheets_pdf_markdown,knowledge_scrape\14_datasheets_pdf_markdown\original_pdf,.pdf,url_006880
knowledge_scrape\14_datasheets_pdf_markdown\original_pdf\url_006881--espressif.com-sites-default-files-documentation-esp32-c3_technical_reference_manual_en.pdf.pdf,pdf,9623028,14_datasheets_pdf_markdown,knowledge_scrape\14_datasheets_pdf_markdown\original_pdf,.pdf,url_006881
knowledge_scrape\14_datasheets_pdf_markdown\original_pdf\url_006882--espressif.com-sites-default-files-documentation-esp32-c3-mini-1_datasheet_en.pdf.pdf,pdf,1056106,14_datasheets_pdf_markdown,knowledge_scrape\14_datasheets_pdf_markdown\original_pdf,.pdf,url_006882
knowledge_scrape\14_datasheets_pdf_markdown\original_pdf\url_006883--espressif.com-sites-default-files-documentation-esp32-c3-wroom-02_datasheet_en.pdf.pdf,pdf,958836,14_datasheets_pdf_markdown,knowledge_scrape\14_datasheets_pdf_markdown\original_pdf,.pdf,url_006883
knowledge_scrape\14_datasheets_pdf_markdown\original_pdf\url_006884--espressif.com-sites-default-files-documentation-esp32-c6_datasheet_en.pdf.pdf,pdf,975625,14_datasheets_pdf_markdown,knowledge_scrape\14_datasheets_pdf_markdown\original_pdf,.pdf,url_006884
knowledge_scrape\14_datasheets_pdf_markdown\original_pdf\url_006885--espressif.com-sites-default-files-documentation-esp32-c6_technical_reference_manual_en.pdf.pdf,pdf,12683821,14_datasheets_pdf_markdown,knowledge_scrape\14_datasheets_pdf_markdown\original_pdf,.pdf,url_006885
knowledge_scrape\14_datasheets_pdf_markdown\original_pdf\url_006886--espressif.com-sites-default-files-documentation-esp32-c6-mini-1_mini-1u_datasheet_en.pdf.pdf,pdf,978002,14_datasheets_pdf_markdown,knowledge_scrape\14_datasheets_pdf_markdown\original_pdf,.pdf,url_006886
knowledge_scrape\14_datasheets_pdf_markdown\original_pdf\url_006887--espressif.com-sites-default-files-documentation-esp32-c6-wroom-1_wroom-1u_datasheet_en.pdf.pdf,pdf,938372,14_datasheets_pdf_markdown,knowledge_scrape\14_datasheets_pdf_markdown\original_pdf,.pdf,url_006887
knowledge_scrape\14_datasheets_pdf_markdown\original_pdf\url_006888--espressif.com-sites-default-files-documentation-esp32-s2_datasheet_en.pdf.pdf,pdf,837380,14_datasheets_pdf_markdown,knowledge_scrape\14_datasheets_pdf_markdown\original_pdf,.pdf,url_006888
knowledge_scrape\14_datasheets_pdf_markdown\original_pdf\url_006889--espressif.com-sites-default-files-documentation-esp32-s2_technical_reference_manual_en.pdf.pdf,pdf,10713226,14_datasheets_pdf_markdown,knowledge_scrape\14_datasheets_pdf_markdown\original_pdf,.pdf,url_006889
knowledge_scrape\14_datasheets_pdf_markdown\original_pdf\url_006890--espressif.com-sites-default-files-documentation-esp32-s3_datasheet_en.pdf.pdf,pdf,1098115,14_datasheets_pdf_markdown,knowledge_scrape\14_datasheets_pdf_markdown\original_pdf,.pdf,url_006890
knowledge_scrape\14_datasheets_pdf_markdown\original_pdf\url_006891--espressif.com-sites-default-files-documentation-esp32-s3_errata_en.pdf.pdf,pdf,15959,14_datasheets_pdf_markdown,knowledge_scrape\14_datasheets_pdf_markdown\original_pdf,.pdf,url_006891
knowledge_scrape\14_datasheets_pdf_markdown\original_pdf\url_006892--espressif.com-sites-default-files-documentation-esp32-s3_technical_reference_manual_en.pdf.pdf,pdf,15215232,14_datasheets_pdf_markdown,knowledge_scrape\14_datasheets_pdf_markdown\original_pdf,.pdf,url_006892
knowledge_scrape\14_datasheets_pdf_markdown\original_pdf\url_006893--espressif.com-sites-default-files-documentation-esp32-s3-mini-1_mini-1u_datasheet_en.pdf.pdf,pdf,1338916,14_datasheets_pdf_markdown,knowledge_scrape\14_datasheets_pdf_markdown\original_pdf,.pdf,url_006893
knowledge_scrape\14_datasheets_pdf_markdown\original_pdf\url_006894--espressif.com-sites-default-files-documentation-esp32-s3-wroom-1_wroom-1u_datasheet_en.pdf.pdf,pdf,1280501,14_datasheets_pdf_markdown,knowledge_scrape\14_datasheets_pdf_markdown\original_pdf,.pdf,url_006894
knowledge_scrape\14_datasheets_pdf_markdown\original_pdf\url_008398--silabs.com-documents-public-application-notes-AN0054.pdf.pdf,pdf,897625,14_datasheets_pdf_markdown,knowledge_scrape\14_datasheets_pdf_markdown\original_pdf,.pdf,url_008398
knowledge_scrape\14_datasheets_pdf_markdown\original_pdf\url_008401--silabs.com-documents-public-application-notes-an203.pdf.pdf,pdf,343901,14_datasheets_pdf_markdown,knowledge_scrape\14_datasheets_pdf_markdown\original_pdf,.pdf,url_008401
knowledge_scrape\14_datasheets_pdf_markdown\original_pdf\url_009656--ti.com-lit-an-scaa045-scaa045.pdf.pdf,pdf,199302,14_datasheets_pdf_markdown,knowledge_scrape\14_datasheets_pdf_markdown\original_pdf,.pdf,url_009656
knowledge_scrape\14_datasheets_pdf_markdown\original_pdf\url_009657--ti.com-lit-an-scaa053-scaa053.pdf.pdf,pdf,102272,14_datasheets_pdf_markdown,knowledge_scrape\14_datasheets_pdf_markdown\original_pdf,.pdf,url_009657
knowledge_scrape\14_datasheets_pdf_markdown\original_pdf\url_009658--ti.com-lit-an-scaa082-scaa082.pdf.pdf,pdf,780522,14_datasheets_pdf_markdown,knowledge_scrape\14_datasheets_pdf_markdown\original_pdf,.pdf,url_009658
knowledge_scrape\14_datasheets_pdf_markdown\original_pdf\url_009659--ti.com-lit-an-scaa106-scaa106.pdf.pdf,pdf,189074,14_datasheets_pdf_markdown,knowledge_scrape\14_datasheets_pdf_markdown\original_pdf,.pdf,url_009659
knowledge_scrape\14_datasheets_pdf_markdown\original_pdf\url_009662--ti.com-lit-an-slla070-slla070.pdf.pdf,pdf,264200,14_datasheets_pdf_markdown,knowledge_scrape\14_datasheets_pdf_markdown\original_pdf,.pdf,url_009662
knowledge_scrape\14_datasheets_pdf_markdown\original_pdf\url_009664--ti.com-lit-an-slla118-slla118.pdf.pdf,pdf,8544,14_datasheets_pdf_markdown,knowledge_scrape\14_datasheets_pdf_markdown\original_pdf,.pdf,url_009664
knowledge_scrape\14_datasheets_pdf_markdown\original_pdf\url_009665--ti.com-lit-an-slla176-slla176.pdf.pdf,pdf,40025,14_datasheets_pdf_markdown,knowledge_scrape\14_datasheets_pdf_markdown\original_pdf,.pdf,url_009665
knowledge_scrape\14_datasheets_pdf_markdown\original_pdf\url_009666--ti.com-lit-an-slla422-slla422.pdf.pdf,pdf,244964,14_datasheets_pdf_markdown,knowledge_scrape\14_datasheets_pdf_markdown\original_pdf,.pdf,url_009666
knowledge_scrape\14_datasheets_pdf_markdown\original_pdf\url_009667--ti.com-lit-an-slla431-slla431.pdf.pdf,pdf,1391265,14_datasheets_pdf_markdown,knowledge_scrape\14_datasheets_pdf_markdown\original_pdf,.pdf,url_009667
knowledge_scrape\14_datasheets_pdf_markdown\original_pdf\url_009669--ti.com-lit-an-slla457-slla457.pdf.pdf,pdf,327423,14_datasheets_pdf_markdown,knowledge_scrape\14_datasheets_pdf_markdown\original_pdf,.pdf,url_009669
knowledge_scrape\14_datasheets_pdf_markdown\original_pdf\url_009670--ti.com-lit-an-slla457a-slla457a.pdf.pdf,pdf,327423,14_datasheets_pdf_markdown,knowledge_scrape\14_datasheets_pdf_markdown\original_pdf,.pdf,url_009670
knowledge_scrape\14_datasheets_pdf_markdown\original_pdf\url_009671--ti.com-lit-an-slla511-slla511.pdf.pdf,pdf,457350,14_datasheets_pdf_markdown,knowledge_scrape\14_datasheets_pdf_markdown\original_pdf,.pdf,url_009671
knowledge_scrape\14_datasheets_pdf_markdown\original_pdf\url_009730--ti.com-lit-an-slva057-slva057.pdf.pdf,pdf,177852,14_datasheets_pdf_markdown,knowledge_scrape\14_datasheets_pdf_markdown\original_pdf,.pdf,url_009730
knowledge_scrape\14_datasheets_pdf_markdown\original_pdf\url_009753--ti.com-lit-an-slva079-slva079.pdf.pdf,pdf,202342,14_datasheets_pdf_markdown,knowledge_scrape\14_datasheets_pdf_markdown\original_pdf,.pdf,url_009753
knowledge_scrape\14_datasheets_pdf_markdown\original_pdf\url_009780--ti.com-lit-an-slva105-slva105.pdf.pdf,pdf,131699,14_datasheets_pdf_markdown,knowledge_scrape\14_datasheets_pdf_markdown\original_pdf,.pdf,url_009780
knowledge_scrape\14_datasheets_pdf_markdown\original_pdf\url_009787--ti.com-lit-an-slva111-slva111.pdf.pdf,pdf,240205,14_datasheets_pdf_markdown,knowledge_scrape\14_datasheets_pdf_markdown\original_pdf,.pdf,url_009787
knowledge_scrape\14_datasheets_pdf_markdown\original_pdf\url_009795--ti.com-lit-an-slva118-slva118.pdf.pdf,pdf,521443,14_datasheets_pdf_markdown,knowledge_scrape\14_datasheets_pdf_markdown\original_pdf,.pdf,url_009795
knowledge_scrape\14_datasheets_pdf_markdown\original_pdf\url_009836--ti.com-lit-an-slva157-slva157.pdf.pdf,pdf,209757,14_datasheets_pdf_markdown,knowledge_scrape\14_datasheets_pdf_markdown\original_pdf,.pdf,url_009836
knowledge_scrape\14_datasheets_pdf_markdown\original_pdf\url_009864--ti.com-lit-an-slva183-slva183.pdf.pdf,pdf,244302,14_datasheets_pdf_markdown,knowledge_scrape\14_datasheets_pdf_markdown\original_pdf,.pdf,url_009864
knowledge_scrape\14_datasheets_pdf_markdown\original_pdf\url_009882--ti.com-lit-an-slva372-slva372.pdf.pdf,pdf,621292,14_datasheets_pdf_markdown,knowledge_scrape\14_datasheets_pdf_markdown\original_pdf,.pdf,url_009882
knowledge_scrape\14_datasheets_pdf_markdown\original_pdf\url_009883--ti.com-lit-an-slva390-slva390.pdf.pdf,pdf,212802,14_datasheets_pdf_markdown,knowledge_scrape\14_datasheets_pdf_markdown\original_pdf,.pdf,url_009883
knowledge_scrape\14_datasheets_pdf_markdown\original_pdf\url_009884--ti.com-lit-an-slva462-slva462.pdf.pdf,pdf,61136,14_datasheets_pdf_markdown,knowledge_scrape\14_datasheets_pdf_markdown\original_pdf,.pdf,url_009884
knowledge_scrape\14_datasheets_pdf_markdown\original_pdf\url_009885--ti.com-lit-an-slva477-slva477.pdf.pdf,pdf,207838,14_datasheets_pdf_markdown,knowledge_scrape\14_datasheets_pdf_markdown\original_pdf,.pdf,url_009885
knowledge_scrape\14_datasheets_pdf_markdown\original_pdf\url_009886--ti.com-lit-an-slva630-slva630.pdf.pdf,pdf,2460220,14_datasheets_pdf_markdown,knowledge_scrape\14_datasheets_pdf_markdown\original_pdf,.pdf,url_009886
knowledge_scrape\14_datasheets_pdf_markdown\original_pdf\url_009887--ti.com-lit-an-slva680-slva680.pdf.pdf,pdf,1447747,14_datasheets_pdf_markdown,knowledge_scrape\14_datasheets_pdf_markdown\original_pdf,.pdf,url_009887
knowledge_scrape\14_datasheets_pdf_markdown\original_pdf\url_009888--ti.com-lit-an-slva689-slva689.pdf.pdf,pdf,161061,14_datasheets_pdf_markdown,knowledge_scrape\14_datasheets_pdf_markdown\original_pdf,.pdf,url_009888
knowledge_scrape\14_datasheets_pdf_markdown\original_pdf\url_009889--ti.com-lit-an-slva721-slva721.pdf.pdf,pdf,441437,14_datasheets_pdf_markdown,knowledge_scrape\14_datasheets_pdf_markdown\original_pdf,.pdf,url_009889
knowledge_scrape\14_datasheets_pdf_markdown\original_pdf\url_009890--ti.com-lit-an-slva970-slva970.pdf.pdf,pdf,68098,14_datasheets_pdf_markdown,knowledge_scrape\14_datasheets_pdf_markdown\original_pdf,.pdf,url_009890
knowledge_scrape\14_datasheets_pdf_markdown\original_pdf\url_009891--ti.com-lit-an-slyp173-slyp173.pdf.pdf,pdf,2103003,14_datasheets_pdf_markdown,knowledge_scrape\14_datasheets_pdf_markdown\original_pdf,.pdf,url_009891
knowledge_scrape\14_datasheets_pdf_markdown\original_pdf\url_009892--ti.com-lit-an-snva681-snva681.pdf.pdf,pdf,199947,14_datasheets_pdf_markdown,knowledge_scrape\14_datasheets_pdf_markdown\original_pdf,.pdf,url_009892
knowledge_scrape\14_datasheets_pdf_markdown\original_pdf\url_009893--ti.com-lit-an-snva718-snva718.pdf.pdf,pdf,468027,14_datasheets_pdf_markdown,knowledge_scrape\14_datasheets_pdf_markdown\original_pdf,.pdf,url_009893
knowledge_scrape\14_datasheets_pdf_markdown\original_pdf\url_009894--ti.com-lit-an-snva773-snva773.pdf.pdf,pdf,167236,14_datasheets_pdf_markdown,knowledge_scrape\14_datasheets_pdf_markdown\original_pdf,.pdf,url_009894
knowledge_scrape\14_datasheets_pdf_markdown\original_pdf\url_009895--ti.com-lit-an-snva803-snva803.pdf.pdf,pdf,701760,14_datasheets_pdf_markdown,knowledge_scrape\14_datasheets_pdf_markdown\original_pdf,.pdf,url_009895
knowledge_scrape\14_datasheets_pdf_markdown\original_pdf\url_009896--ti.com-lit-an-snva849-snva849.pdf.pdf,pdf,420595,14_datasheets_pdf_markdown,knowledge_scrape\14_datasheets_pdf_markdown\original_pdf,.pdf,url_009896
knowledge_scrape\14_datasheets_pdf_markdown\original_pdf\url_009897--ti.com-lit-an-snva878-snva878.pdf.pdf,pdf,293842,14_datasheets_pdf_markdown,knowledge_scrape\14_datasheets_pdf_markdown\original_pdf,.pdf,url_009897
knowledge_scrape\14_datasheets_pdf_markdown\original_pdf\url_009899--ti.com-lit-an-szza016-szza016.pdf.pdf,pdf,370849,14_datasheets_pdf_markdown,knowledge_scrape\14_datasheets_pdf_markdown\original_pdf,.pdf,url_009899
knowledge_scrape\14_datasheets_pdf_markdown\original_pdf\url_009900--ti.com-lit-an-szza017-szza017.pdf.pdf,pdf,64986,14_datasheets_pdf_markdown,knowledge_scrape\14_datasheets_pdf_markdown\original_pdf,.pdf,url_009900
knowledge_scrape\14_datasheets_pdf_markdown\original_pdf\url_009901--ti.com-lit-an-szza026-szza026.pdf.pdf,pdf,308719,14_datasheets_pdf_markdown,knowledge_scrape\14_datasheets_pdf_markdown\original_pdf,.pdf,url_009901
knowledge_scrape\14_datasheets_pdf_markdown\original_pdf\url_009902--ti.com-lit-an-szza027-szza027.pdf.pdf,pdf,189111,14_datasheets_pdf_markdown,knowledge_scrape\14_datasheets_pdf_markdown\original_pdf,.pdf,url_009902
knowledge_scrape\14_datasheets_pdf_markdown\original_pdf\url_009903--ti.com-lit-ds-symlink-tpd1e10b06.pdf.pdf,pdf,2371535,14_datasheets_pdf_markdown,knowledge_scrape\14_datasheets_pdf_markdown\original_pdf,.pdf,url_009903
knowledge_scrape\14_datasheets_pdf_markdown\original_pdf\url_009904--ti.com-lit-ds-symlink-tpd2e2u06.pdf.pdf,pdf,785929,14_datasheets_pdf_markdown,knowledge_scrape\14_datasheets_pdf_markdown\original_pdf,.pdf,url_009904
knowledge_scrape\14_datasheets_pdf_markdown\original_pdf\url_009905--ti.com-lit-ds-symlink-tpd4e02b04.pdf.pdf,pdf,2981970,14_datasheets_pdf_markdown,knowledge_scrape\14_datasheets_pdf_markdown\original_pdf,.pdf,url_009905
knowledge_scrape\14_datasheets_pdf_markdown\original_pdf\url_009906--ti.com-lit-ds-symlink-tpd4e110.pdf.pdf,pdf,9795106,14_datasheets_pdf_markdown,knowledge_scrape\14_datasheets_pdf_markdown\original_pdf,.pdf,url_009906
knowledge_scrape\14_datasheets_pdf_markdown\original_pdf\url_009907--ti.com-lit-ds-symlink-tpd4e1u06.pdf.pdf,pdf,774040,14_datasheets_pdf_markdown,knowledge_scrape\14_datasheets_pdf_markdown\original_pdf,.pdf,url_009907
knowledge_scrape\14_datasheets_pdf_markdown\original_pdf\url_009908--ti.com-lit-ds-symlink-tpd6e004.pdf.pdf,pdf,868530,14_datasheets_pdf_markdown,knowledge_scrape\14_datasheets_pdf_markdown\original_pdf,.pdf,url_009908
knowledge_scrape\14_datasheets_pdf_markdown\original_pdf\url_009909--ti.com-lit-ds-symlink-tpd6e05u06.pdf.pdf,pdf,2801466,14_datasheets_pdf_markdown,knowledge_scrape\14_datasheets_pdf_markdown\original_pdf,.pdf,url_009909
knowledge_scrape\14_datasheets_pdf_markdown\original_pdf\url_009910--ti.com-lit-ds-symlink-tps54202.pdf.pdf,pdf,1880174,14_datasheets_pdf_markdown,knowledge_scrape\14_datasheets_pdf_markdown\original_pdf,.pdf,url_009910
knowledge_scrape\14_datasheets_pdf_markdown\original_pdf\url_009911--ti.com-lit-ds-symlink-tps54302.pdf.pdf,pdf,2316632,14_datasheets_pdf_markdown,knowledge_scrape\14_datasheets_pdf_markdown\original_pdf,.pdf,url_009911
knowledge_scrape\14_datasheets_pdf_markdown\original_pdf\url_009912--ti.com-lit-ds-symlink-tps562201.pdf.pdf,pdf,1691692,14_datasheets_pdf_markdown,knowledge_scrape\14_datasheets_pdf_markdown\original_pdf,.pdf,url_009912
knowledge_scrape\14_datasheets_pdf_markdown\original_pdf\url_009913--ti.com-lit-ds-symlink-tps563201.pdf.pdf,pdf,1527700,14_datasheets_pdf_markdown,knowledge_scrape\14_datasheets_pdf_markdown\original_pdf,.pdf,url_009913
knowledge_scrape\14_datasheets_pdf_markdown\original_pdf\url_009914--ti.com-lit-ds-symlink-tps62177.pdf.pdf,pdf,2819546,14_datasheets_pdf_markdown,knowledge_scrape\14_datasheets_pdf_markdown\original_pdf,.pdf,url_009914
knowledge_scrape\14_datasheets_pdf_markdown\original_pdf\url_009915--ti.com-lit-ds-symlink-tps62180.pdf.pdf,pdf,1800400,14_datasheets_pdf_markdown,knowledge_scrape\14_datasheets_pdf_markdown\original_pdf,.pdf,url_009915
knowledge_scrape\14_datasheets_pdf_markdown\original_pdf\url_009916--ti.com-lit-ds-symlink-tps62827.pdf.pdf,pdf,2138213,14_datasheets_pdf_markdown,knowledge_scrape\14_datasheets_pdf_markdown\original_pdf,.pdf,url_009916
knowledge_scrape\14_datasheets_pdf_markdown\original_pdf\url_009917--ti.com-lit-ds-symlink-tps62840.pdf.pdf,pdf,3178504,14_datasheets_pdf_markdown,knowledge_scrape\14_datasheets_pdf_markdown\original_pdf,.pdf,url_009917
knowledge_scrape\14_datasheets_pdf_markdown\original_pdf\url_009918--ti.com-lit-ds-symlink-tps62933.pdf.pdf,pdf,4034940,14_datasheets_pdf_markdown,knowledge_scrape\14_datasheets_pdf_markdown\original_pdf,.pdf,url_009918
knowledge_scrape\14_datasheets_pdf_markdown\original_pdf\url_010081--documentation.espressif.com-esp32-s3-wroom-1_wroom-1u_datasheet_en.pdf.pdf,pdf,1280501,14_datasheets_pdf_markdown,knowledge_scrape\14_datasheets_pdf_markdown\original_pdf,.pdf,url_010081
knowledge_scrape\14_datasheets_pdf_markdown\original_pdf\url_010082--fscdn.rohm.com-en-products-databook-applinote-ic-power-switching_regulator-converter_pcb_layout_appli-e.pdf.pdf,pdf,1205481,14_datasheets_pdf_markdown,knowledge_scrape\14_datasheets_pdf_markdown\original_pdf,.pdf,url_010082
knowledge_scrape\14_datasheets_pdf_markdown\original_pdf\url_010083--onsemi.com-pub-Collateral-TND6222-D.PDF.pdf,pdf,455487,14_datasheets_pdf_markdown,knowledge_scrape\14_datasheets_pdf_markdown\original_pdf,.pdf,url_010083
knowledge_scrape\14_datasheets_pdf_markdown\original_pdf\url_010084--silabs.com-documents-public-application-notes-an0046-efm32-usb-hardware-design-guidelines.pdf.pdf,pdf,499380,14_datasheets_pdf_markdown,knowledge_scrape\14_datasheets_pdf_markdown\original_pdf,.pdf,url_010084
knowledge_scrape\14_datasheets_pdf_markdown\original_pdf\url_010085--ti.com-lit-an-scaa048-scaa048.pdf.pdf,pdf,74153,14_datasheets_pdf_markdown,knowledge_scrape\14_datasheets_pdf_markdown\original_pdf,.pdf,url_010085
knowledge_scrape\14_datasheets_pdf_markdown\original_pdf\url_010086--ti.com-lit-an-scaa082a-scaa082a.pdf.pdf,pdf,780522,14_datasheets_pdf_markdown,knowledge_scrape\14_datasheets_pdf_markdown\original_pdf,.pdf,url_010086
knowledge_scrape\14_datasheets_pdf_markdown\original_pdf\url_010087--ti.com-lit-an-slla368-slla368.pdf.pdf,pdf,794689,14_datasheets_pdf_markdown,knowledge_scrape\14_datasheets_pdf_markdown\original_pdf,.pdf,url_010087
knowledge_scrape\14_datasheets_pdf_markdown\original_pdf\url_010088--ti.com-lit-an-slva054-slva054.pdf.pdf,pdf,37463,14_datasheets_pdf_markdown,knowledge_scrape\14_datasheets_pdf_markdown\original_pdf,.pdf,url_010088
knowledge_scrape\14_datasheets_pdf_markdown\original_pdf\url_010089--ti.com-lit-an-slva773-slva773.pdf.pdf,pdf,718122,14_datasheets_pdf_markdown,knowledge_scrape\14_datasheets_pdf_markdown\original_pdf,.pdf,url_010089
knowledge_scrape\14_datasheets_pdf_markdown\original_pdf\url_010090--ti.com-lit-an-slva959-slva959.pdf.pdf,pdf,2866380,14_datasheets_pdf_markdown,knowledge_scrape\14_datasheets_pdf_markdown\original_pdf,.pdf,url_010090
knowledge_scrape\14_datasheets_pdf_markdown\original_pdf\url_010091--ti.com-lit-an-slvae09-slvae09.pdf.pdf,pdf,1541467,14_datasheets_pdf_markdown,knowledge_scrape\14_datasheets_pdf_markdown\original_pdf,.pdf,url_010091
knowledge_scrape\14_datasheets_pdf_markdown\original_pdf\url_010092--ti.com-lit-an-slvaeq9-slvaeq9.pdf.pdf,pdf,1065601,14_datasheets_pdf_markdown,knowledge_scrape\14_datasheets_pdf_markdown\original_pdf,.pdf,url_010092
knowledge_scrape\14_datasheets_pdf_markdown\original_pdf\url_010093--ti.com-lit-an-slvaew7-slvaew7.pdf.pdf,pdf,2889038,14_datasheets_pdf_markdown,knowledge_scrape\14_datasheets_pdf_markdown\original_pdf,.pdf,url_010093
knowledge_scrape\14_datasheets_pdf_markdown\original_pdf\url_010094--ti.com-lit-an-slvaf66-slvaf66.pdf.pdf,pdf,1112045,14_datasheets_pdf_markdown,knowledge_scrape\14_datasheets_pdf_markdown\original_pdf,.pdf,url_010094
knowledge_scrape\14_datasheets_pdf_markdown\original_pdf\url_010095--ti.com-lit-an-snva021c-snva021c.pdf.pdf,pdf,84701,14_datasheets_pdf_markdown,knowledge_scrape\14_datasheets_pdf_markdown\original_pdf,.pdf,url_010095
knowledge_scrape\14_datasheets_pdf_markdown\original_pdf\url_010096--ti.com-lit-an-szza009-szza009.pdf.pdf,pdf,381727,14_datasheets_pdf_markdown,knowledge_scrape\14_datasheets_pdf_markdown\original_pdf,.pdf,url_010096
knowledge_scrape\14_datasheets_pdf_markdown\original_pdf\url_010097--ti.com-lit-ds-symlink-lm2596.pdf.pdf,pdf,5095048,14_datasheets_pdf_markdown,knowledge_scrape\14_datasheets_pdf_markdown\original_pdf,.pdf,url_010097
knowledge_scrape\14_datasheets_pdf_markdown\original_pdf\url_010098--ti.com-lit-ds-symlink-tpd2eusb30.pdf.pdf,pdf,2257950,14_datasheets_pdf_markdown,knowledge_scrape\14_datasheets_pdf_markdown\original_pdf,.pdf,url_010098
knowledge_scrape\14_datasheets_pdf_markdown\original_pdf\url_010099--ti.com-lit-ds-symlink-tpd4e05u06.pdf.pdf,pdf,2801466,14_datasheets_pdf_markdown,knowledge_scrape\14_datasheets_pdf_markdown\original_pdf,.pdf,url_010099
knowledge_scrape\14_datasheets_pdf_markdown\original_pdf\url_010100--ti.com-lit-ds-symlink-tps62130.pdf.pdf,pdf,2540923,14_datasheets_pdf_markdown,knowledge_scrape\14_datasheets_pdf_markdown\original_pdf,.pdf,url_010100
knowledge_scrape\14_datasheets_pdf_markdown\original_pdf\url_010101--ti.com-lit-ds-symlink-tps62135.pdf.pdf,pdf,2254546,14_datasheets_pdf_markdown,knowledge_scrape\14_datasheets_pdf_markdown\original_pdf,.pdf,url_010101
knowledge_scrape\14_datasheets_pdf_markdown\original_pdf\url_010102--ti.com-lit-ds-symlink-tps62913.pdf.pdf,pdf,5969361,14_datasheets_pdf_markdown,knowledge_scrape\14_datasheets_pdf_markdown\original_pdf,.pdf,url_010102
knowledge_scrape\14_datasheets_pdf_markdown\original_pdf\url_010103--we-online.com-components-media-o150133v410-20ANP007d-20EN.pdf.pdf,pdf,1579960,14_datasheets_pdf_markdown,knowledge_scrape\14_datasheets_pdf_markdown\original_pdf,.pdf,url_010103
knowledge_scrape\14_datasheets_pdf_markdown\original_pdf\url_010135--fscdn.rohm.com-en-products-databook-applinote-ic-power-switching_regulator-converter_pcb_layout_appli-e.pdf.pdf,pdf,1205481,14_datasheets_pdf_markdown,knowledge_scrape\14_datasheets_pdf_markdown\original_pdf,.pdf,url_010135
knowledge_scrape\14_datasheets_pdf_markdown\PDF_INDEX.csv,csv,5857,14_datasheets_pdf_markdown,knowledge_scrape\14_datasheets_pdf_markdown,.csv,
knowledge_scrape\14_datasheets_pdf_markdown\PDF_INDEX.md,md,370,14_datasheets_pdf_markdown,knowledge_scrape\14_datasheets_pdf_markdown,.md,
knowledge_scrape\15_video_reference_index\.gitkeep,no_extension,14,15_video_reference_index,knowledge_scrape\15_video_reference_index,,
knowledge_scrape\15_video_reference_index\_CATEGORY_INDEX.md,md,5314,15_video_reference_index,knowledge_scrape\15_video_reference_index,.md,
knowledge_scrape\15_video_reference_index\url_004557--learn.adafruit.com-adafruit-guide-excellent-soldering.md,md,30355,15_video_reference_index,knowledge_scrape\15_video_reference_index,.md,url_004557
knowledge_scrape\15_video_reference_index\url_010072--youtube.com-AltiumAcademy-videos.md,md,4735,15_video_reference_index,knowledge_scrape\15_video_reference_index,.md,url_010072
knowledge_scrape\15_video_reference_index\url_010073--youtube.com-AndreasSpiess-videos.md,md,4735,15_video_reference_index,knowledge_scrape\15_video_reference_index,.md,url_010073
knowledge_scrape\15_video_reference_index\url_010074--youtube.com-atomic14-videos.md,md,4718,15_video_reference_index,knowledge_scrape\15_video_reference_index,.md,url_010074
knowledge_scrape\15_video_reference_index\url_010075--youtube.com-ContextualElectronics-videos.md,md,4753,15_video_reference_index,knowledge_scrape\15_video_reference_index,.md,url_010075
knowledge_scrape\15_video_reference_index\url_010076--youtube.com-EEVblog-videos.md,md,4715,15_video_reference_index,knowledge_scrape\15_video_reference_index,.md,url_010076
knowledge_scrape\15_video_reference_index\url_010077--youtube.com-GreatScottLab-videos.md,md,4733,15_video_reference_index,knowledge_scrape\15_video_reference_index,.md,url_010077
knowledge_scrape\15_video_reference_index\url_010078--youtube.com-PhilsLab.md,md,4695,15_video_reference_index,knowledge_scrape\15_video_reference_index,.md,url_010078
knowledge_scrape\15_video_reference_index\url_010079--youtube.com-RobertFeranec.md,md,15197,15_video_reference_index,knowledge_scrape\15_video_reference_index,.md,url_010079
knowledge_scrape\15_video_reference_index\url_010080--youtube.com-RobertFeranec-videos.md,md,4731,15_video_reference_index,knowledge_scrape\15_video_reference_index,.md,url_010080
knowledge_scrape\16_ai_pcb_failure_modes\_CATEGORY_INDEX.md,md,3003,16_ai_pcb_failure_modes,knowledge_scrape\16_ai_pcb_failure_modes,.md,
knowledge_scrape\16_ai_pcb_failure_modes\url_000962--docs.kicad.org-doxygen-python-9.0-classpcbnew_1_1zone.html.md,md,78259,16_ai_pcb_failure_modes,knowledge_scrape\16_ai_pcb_failure_modes,.md,url_000962
knowledge_scrape\16_ai_pcb_failure_modes\url_005858--4pcb.com-pcb-design-checklist.html.md,md,13398,16_ai_pcb_failure_modes,knowledge_scrape\16_ai_pcb_failure_modes,.md,url_005858
knowledge_scrape\16_ai_pcb_failure_modes\url_005859--4pcb.com-pcb-design-guidelines.md,md,13382,16_ai_pcb_failure_modes,knowledge_scrape\16_ai_pcb_failure_modes,.md,url_005859
knowledge_scrape\16_ai_pcb_failure_modes\url_005860--4pcb.com-printed-circuit-board-stackups.html.md,md,13438,16_ai_pcb_failure_modes,knowledge_scrape\16_ai_pcb_failure_modes,.md,url_005860
knowledge_scrape\16_ai_pcb_failure_modes\url_008232--pcbway.com-pcb_prototype-pcb_design_rule_check.html.md,md,42755,16_ai_pcb_failure_modes,knowledge_scrape\16_ai_pcb_failure_modes,.md,url_008232
knowledge_scrape\16_ai_pcb_failure_modes\url_010104--4pcb.com-index.md,md,13355,16_ai_pcb_failure_modes,knowledge_scrape\16_ai_pcb_failure_modes,.md,url_010104
knowledge_scrape\16_ai_pcb_failure_modes\url_010150--hirose.com-index.md,md,128573,16_ai_pcb_failure_modes,knowledge_scrape\16_ai_pcb_failure_modes,.md,url_010150
knowledge_scrape\16_ai_pcb_failure_modes\url_010171--murata.com-index.md,md,15220,16_ai_pcb_failure_modes,knowledge_scrape\16_ai_pcb_failure_modes,.md,url_010171
knowledge_scrape\17_case_studies_bad_boards\_CATEGORY_INDEX.md,md,1513,17_case_studies_bad_boards,knowledge_scrape\17_case_studies_bad_boards,.md,
knowledge_scrape\17_case_studies_bad_boards\url_000720--docs.kicad.org-9.0-en-eeschema-eeschema.html.md,md,436410,17_case_studies_bad_boards,knowledge_scrape\17_case_studies_bad_boards,.md,url_000720
knowledge_scrape\17_case_studies_bad_boards\url_008388--richtek.com-design-20support-technical-20document-an045.md,md,58250,17_case_studies_bad_boards,knowledge_scrape\17_case_studies_bad_boards,.md,url_008388
knowledge_scrape\17_case_studies_bad_boards\url_010180--pcb.mit.edu-archive-iap2023-lectures.md,md,4934,17_case_studies_bad_boards,knowledge_scrape\17_case_studies_bad_boards,.md,url_010180
knowledge_scrape\18_case_studies_good_boards\_CATEGORY_INDEX.md,md,5779,18_case_studies_good_boards,knowledge_scrape\18_case_studies_good_boards,.md,
knowledge_scrape\18_case_studies_good_boards\url_000008--datasheets.raspberrypi.com-rp2040-rp2040-datasheet.pdf.md,md,1382648,18_case_studies_good_boards,knowledge_scrape\18_case_studies_good_boards,.md,url_000008
knowledge_scrape\18_case_studies_good_boards\url_000009--datasheets.raspberrypi.com-rp2350-rp2350-datasheet.pdf.md,md,2894854,18_case_studies_good_boards,knowledge_scrape\18_case_studies_good_boards,.md,url_000009
knowledge_scrape\18_case_studies_good_boards\url_000018--dev-docs.kicad.org-en-file-formats-sexpr-intro-index.html.md,md,77656,18_case_studies_good_boards,knowledge_scrape\18_case_studies_good_boards,.md,url_000018
knowledge_scrape\18_case_studies_good_boards\url_000020--dev-docs.kicad.org-en-file-formats-sexpr-schematic-index.html.md,md,27999,18_case_studies_good_boards,knowledge_scrape\18_case_studies_good_boards,.md,url_000020
knowledge_scrape\18_case_studies_good_boards\url_000043--docs.espressif.com-projects-esp-hardware-design-guidelines-en-latest-esp32s3-schematic-checklist.html.md,md,43753,18_case_studies_good_boards,knowledge_scrape\18_case_studies_good_boards,.md,url_000043
knowledge_scrape\18_case_studies_good_boards\url_000718--docs.kicad.org-9.0-en-cli-cli.html.md,md,92008,18_case_studies_good_boards,knowledge_scrape\18_case_studies_good_boards,.md,url_000718
knowledge_scrape\18_case_studies_good_boards\url_000723--docs.kicad.org-9.0-en-getting_started_in_kicad-getting_started_in_kicad.html.md,md,72283,18_case_studies_good_boards,knowledge_scrape\18_case_studies_good_boards,.md,url_000723
knowledge_scrape\18_case_studies_good_boards\url_000731--docs.kicad.org-9.0-en-pcbnew-pcbnew.html.md,md,450175,18_case_studies_good_boards,knowledge_scrape\18_case_studies_good_boards,.md,url_000731
knowledge_scrape\18_case_studies_good_boards\url_006894--espressif.com-sites-default-files-documentation-esp32-s3-wroom-1_wroom-1u_datasheet_en.pdf.md,md,88705,18_case_studies_good_boards,knowledge_scrape\18_case_studies_good_boards,.md,url_006894
knowledge_scrape\18_case_studies_good_boards\url_008505--silabs.com-wireless-bluetooth-efr32bg22-series-2-socs.md,md,32092,18_case_studies_good_boards,knowledge_scrape\18_case_studies_good_boards,.md,url_008505
knowledge_scrape\18_case_studies_good_boards\url_010086--ti.com-lit-an-scaa082a-scaa082a.pdf.md,md,47541,18_case_studies_good_boards,knowledge_scrape\18_case_studies_good_boards,.md,url_010086
knowledge_scrape\18_case_studies_good_boards\url_010087--ti.com-lit-an-slla368-slla368.pdf.md,md,32653,18_case_studies_good_boards,knowledge_scrape\18_case_studies_good_boards,.md,url_010087
knowledge_scrape\18_case_studies_good_boards\url_010089--ti.com-lit-an-slva773-slva773.pdf.md,md,15949,18_case_studies_good_boards,knowledge_scrape\18_case_studies_good_boards,.md,url_010089
knowledge_scrape\18_case_studies_good_boards\url_010092--ti.com-lit-an-slvaeq9-slvaeq9.pdf.md,md,28816,18_case_studies_good_boards,knowledge_scrape\18_case_studies_good_boards,.md,url_010092
knowledge_scrape\18_case_studies_good_boards\url_010093--ti.com-lit-an-slvaew7-slvaew7.pdf.md,md,32192,18_case_studies_good_boards,knowledge_scrape\18_case_studies_good_boards,.md,url_010093
knowledge_scrape\18_case_studies_good_boards\url_010094--ti.com-lit-an-slvaf66-slvaf66.pdf.md,md,71465,18_case_studies_good_boards,knowledge_scrape\18_case_studies_good_boards,.md,url_010094
knowledge_scrape\18_case_studies_good_boards\url_010099--ti.com-lit-ds-symlink-tpd4e05u06.pdf.md,md,50558,18_case_studies_good_boards,knowledge_scrape\18_case_studies_good_boards,.md,url_010099
knowledge_scrape\18_case_studies_good_boards\url_010100--ti.com-lit-ds-symlink-tps62130.pdf.md,md,89295,18_case_studies_good_boards,knowledge_scrape\18_case_studies_good_boards,.md,url_010100
knowledge_scrape\18_case_studies_good_boards\url_010112--bourns.com-index.md,md,33145,18_case_studies_good_boards,knowledge_scrape\18_case_studies_good_boards,.md,url_010112
knowledge_scrape\18_case_studies_good_boards\url_010153--infineon.com-index.md,md,215534,18_case_studies_good_boards,knowledge_scrape\18_case_studies_good_boards,.md,url_010153
knowledge_scrape\18_case_studies_good_boards\url_010158--johansontechnology.com-index.md,md,21071,18_case_studies_good_boards,knowledge_scrape\18_case_studies_good_boards,.md,url_010158
knowledge_scrape\18_case_studies_good_boards\url_010162--klc.kicad.org-index.md,md,38206,18_case_studies_good_boards,knowledge_scrape\18_case_studies_good_boards,.md,url_010162
knowledge_scrape\18_case_studies_good_boards\url_010174--nexperia.com-index.md,md,83522,18_case_studies_good_boards,knowledge_scrape\18_case_studies_good_boards,.md,url_010174
knowledge_scrape\18_case_studies_good_boards\url_010200--richtek.com-index.md,md,10563,18_case_studies_good_boards,knowledge_scrape\18_case_studies_good_boards,.md,url_010200
knowledge_scrape\18_case_studies_good_boards\url_010202--rohm.com-index.md,md,12130,18_case_studies_good_boards,knowledge_scrape\18_case_studies_good_boards,.md,url_010202
knowledge_scrape\18_case_studies_good_boards\url_010210--silabs.com-index.md,md,21030,18_case_studies_good_boards,knowledge_scrape\18_case_studies_good_boards,.md,url_010210
knowledge_scrape\18_case_studies_good_boards\url_010216--taoglas.com-index.md,md,46264,18_case_studies_good_boards,knowledge_scrape\18_case_studies_good_boards,.md,url_010216
knowledge_scrape\18_case_studies_good_boards\url_010220--ti.com-index.md,md,9602,18_case_studies_good_boards,knowledge_scrape\18_case_studies_good_boards,.md,url_010220
knowledge_scrape\18_case_studies_good_boards\url_010228--vishay.com-index.md,md,23730,18_case_studies_good_boards,knowledge_scrape\18_case_studies_good_boards,.md,url_010228
knowledge_scrape\18_case_studies_good_boards\url_010230--we-online.com-index.md,md,67790,18_case_studies_good_boards,knowledge_scrape\18_case_studies_good_boards,.md,url_010230
knowledge_scrape\18_case_studies_good_boards\url_010234--pcbway.com-assembly-file-requirements.html.md,md,34778,18_case_studies_good_boards,knowledge_scrape\18_case_studies_good_boards,.md,url_010234
knowledge_scrape\19_university_training\_CATEGORY_INDEX.md,md,6063,19_university_training,knowledge_scrape\19_university_training,.md,
knowledge_scrape\19_university_training\url_000005--assets.nexperia.com-documents-application-note-an90011.pdf.md,md,58698,19_university_training,knowledge_scrape\19_university_training,.md,url_000005
knowledge_scrape\19_university_training\url_000012--dev-docs.kicad.org-en-apis-and-binding-ipc-api-for-addon-developers-index.html.md,md,10635,19_university_training,knowledge_scrape\19_university_training,.md,url_000012
knowledge_scrape\19_university_training\url_000013--dev-docs.kicad.org-en-apis-and-binding-ipc-api-for-kicad-developers-index.html.md,md,18315,19_university_training,knowledge_scrape\19_university_training,.md,url_000013
knowledge_scrape\19_university_training\url_000015--dev-docs.kicad.org-en-apis-and-binding-pcbnew-index.html.md,md,11371,19_university_training,knowledge_scrape\19_university_training,.md,url_000015
knowledge_scrape\19_university_training\url_000017--dev-docs.kicad.org-en-file-formats-sexpr-footprint-index.html.md,md,7111,19_university_training,knowledge_scrape\19_university_training,.md,url_000017
knowledge_scrape\19_university_training\url_000019--dev-docs.kicad.org-en-file-formats-sexpr-pcb-index.html.md,md,30050,19_university_training,knowledge_scrape\19_university_training,.md,url_000019
knowledge_scrape\19_university_training\url_000023--docs.arduino.cc-hardware-nano-esp32.md,md,82504,19_university_training,knowledge_scrape\19_university_training,.md,url_000023
knowledge_scrape\19_university_training\url_000039--docs.espressif.com-projects-esp-hardware-design-guidelines-en-latest-esp32s3-download-guidelines.html.md,md,4370,19_university_training,knowledge_scrape\19_university_training,.md,url_000039
knowledge_scrape\19_university_training\url_000041--docs.espressif.com-projects-esp-hardware-design-guidelines-en-latest-esp32s3-pcb-layout-design.html.md,md,28107,19_university_training,knowledge_scrape\19_university_training,.md,url_000041
knowledge_scrape\19_university_training\url_000059--docs.espressif.com-projects-esp-idf-en-latest-esp32s3-api-guides-usb-otg-console.html.md,md,13948,19_university_training,knowledge_scrape\19_university_training,.md,url_000059
knowledge_scrape\19_university_training\url_000062--docs.espressif.com-projects-esp-idf-en-latest-esp32s3-api-reference-peripherals-gpio.html.md,md,80043,19_university_training,knowledge_scrape\19_university_training,.md,url_000062
knowledge_scrape\19_university_training\url_000063--docs.espressif.com-projects-esp-idf-en-latest-esp32s3-api-reference-peripherals-i2c.html.md,md,100201,19_university_training,knowledge_scrape\19_university_training,.md,url_000063
knowledge_scrape\19_university_training\url_000066--docs.espressif.com-projects-esp-idf-en-latest-esp32s3-api-reference-peripherals-spi_master.html.md,md,90629,19_university_training,knowledge_scrape\19_university_training,.md,url_000066
knowledge_scrape\19_university_training\url_000067--docs.espressif.com-projects-esp-idf-en-latest-esp32s3-api-reference-peripherals-twai.html.md,md,74217,19_university_training,knowledge_scrape\19_university_training,.md,url_000067
knowledge_scrape\19_university_training\url_000068--docs.espressif.com-projects-esp-idf-en-latest-esp32s3-api-reference-peripherals-uart.html.md,md,103375,19_university_training,knowledge_scrape\19_university_training,.md,url_000068
knowledge_scrape\19_university_training\url_000077--docs.espressif.com-projects-esptool-en-latest-esp32s3-index.html.md,md,5595,19_university_training,knowledge_scrape\19_university_training,.md,url_000077
knowledge_scrape\19_university_training\url_000722--docs.kicad.org-9.0-en-gerbview-gerbview.html.md,md,9714,19_university_training,knowledge_scrape\19_university_training,.md,url_000722
knowledge_scrape\19_university_training\url_000727--docs.kicad.org-9.0-en-kicad-kicad.html.md,md,67508,19_university_training,knowledge_scrape\19_university_training,.md,url_000727
knowledge_scrape\19_university_training\url_000729--docs.kicad.org-9.0-en-pcb_calculator-pcb_calculator.html.md,md,10961,19_university_training,knowledge_scrape\19_university_training,.md,url_000729
knowledge_scrape\19_university_training\url_000951--docs.kicad.org-doxygen-python-9.0-classpcbnew_1_1board.html.md,md,98892,19_university_training,knowledge_scrape\19_university_training,.md,url_000951
knowledge_scrape\19_university_training\url_000956--docs.kicad.org-doxygen-python-9.0-classpcbnew_1_1pad.html.md,md,89555,19_university_training,knowledge_scrape\19_university_training,.md,url_000956
knowledge_scrape\19_university_training\url_000963--docs.kicad.org-kicad-python-main-kicad.html.md,md,42448,19_university_training,knowledge_scrape\19_university_training,.md,url_000963
knowledge_scrape\19_university_training\url_001060--docs.oshpark.com-design-tools-kicad.md,md,5037,19_university_training,knowledge_scrape\19_university_training,.md,url_001060
knowledge_scrape\19_university_training\url_001062--docs.oshpark.com-services-flex.md,md,8517,19_university_training,knowledge_scrape\19_university_training,.md,url_001062
knowledge_scrape\19_university_training\url_001063--docs.oshpark.com-services-four-layer.md,md,7994,19_university_training,knowledge_scrape\19_university_training,.md,url_001063
knowledge_scrape\19_university_training\url_001065--docs.oshpark.com-troubleshooting.md,md,2976,19_university_training,knowledge_scrape\19_university_training,.md,url_001065
knowledge_scrape\19_university_training\url_001997--forum.kicad.info-t-custom-design-rules-examples-43987.md,md,15126,19_university_training,knowledge_scrape\19_university_training,.md,url_001997
knowledge_scrape\19_university_training\url_002904--github.com-espressif-esp-dev-kits.md,md,52976,19_university_training,knowledge_scrape\19_university_training,.md,url_002904
knowledge_scrape\19_university_training\url_002908--github.com-espressif-esp-hardware-design-guidelines.md,md,50618,19_university_training,knowledge_scrape\19_university_training,.md,url_002908
knowledge_scrape\19_university_training\url_002909--github.com-espressif-esp-idf.md,md,69226,19_university_training,knowledge_scrape\19_university_training,.md,url_002909
knowledge_scrape\19_university_training\url_002914--github.com-kicad-kicad-source-mirror.md,md,72207,19_university_training,knowledge_scrape\19_university_training,.md,url_002914
knowledge_scrape\19_university_training\url_002915--github.com-kicad-kicad-source-mirror-tree-master-pcbnew.md,md,23460,19_university_training,knowledge_scrape\19_university_training,.md,url_002915
knowledge_scrape\19_university_training\url_002916--github.com-kicad-kicad-source-mirror-tree-master-pcbnew-python.md,md,23626,19_university_training,knowledge_scrape\19_university_training,.md,url_002916
knowledge_scrape\19_university_training\url_002920--gitlab.com-kicad-code-kicad.md,md,3610,19_university_training,knowledge_scrape\19_university_training,.md,url_002920
knowledge_scrape\19_university_training\url_002933--gitlab.com-kicad-libraries-kicad-footprints.md,md,4830,19_university_training,knowledge_scrape\19_university_training,.md,url_002933
knowledge_scrape\19_university_training\url_003463--gitlab.com-kicad-libraries-kicad-library-utils.md,md,3644,19_university_training,knowledge_scrape\19_university_training,.md,url_003463
knowledge_scrape\19_university_training\url_003465--gitlab.com-kicad-libraries-kicad-packages3d.md,md,4140,19_university_training,knowledge_scrape\19_university_training,.md,url_003465
knowledge_scrape\19_university_training\url_003467--gitlab.com-kicad-libraries-kicad-symbols.md,md,4793,19_university_training,knowledge_scrape\19_university_training,.md,url_003467
knowledge_scrape\19_university_training\url_004526--jlcpcb.com-blog-pcb-design-rules-best-practices.md,md,34570,19_university_training,knowledge_scrape\19_university_training,.md,url_004526
knowledge_scrape\19_university_training\url_004528--jlcpcb.com-help-article-castellated-holes.md,md,2117,19_university_training,knowledge_scrape\19_university_training,.md,url_004528
knowledge_scrape\19_university_training\url_004529--jlcpcb.com-help-article-controlled-impedance-calculator.md,md,2173,19_university_training,knowledge_scrape\19_university_training,.md,url_004529
knowledge_scrape\19_university_training\url_004530--jlcpcb.com-help-article-controlled-impedance-pcb.md,md,2145,19_university_training,knowledge_scrape\19_university_training,.md,url_004530
knowledge_scrape\19_university_training\url_004531--jlcpcb.com-help-article-gerber-file-requirements.md,md,2145,19_university_training,knowledge_scrape\19_university_training,.md,url_004531
knowledge_scrape\19_university_training\url_004532--jlcpcb.com-help-article-impedance-control-requirements.md,md,2169,19_university_training,knowledge_scrape\19_university_training,.md,url_004532
knowledge_scrape\19_university_training\url_004533--jlcpcb.com-help-article-kicad-export-gerber.md,md,2109,19_university_training,knowledge_scrape\19_university_training,.md,url_004533
knowledge_scrape\19_university_training\url_004534--jlcpcb.com-help-article-minimum-annular-ring.md,md,2129,19_university_training,knowledge_scrape\19_university_training,.md,url_004534
knowledge_scrape\19_university_training\url_004535--jlcpcb.com-help-article-minimum-hole-size.md,md,2117,19_university_training,knowledge_scrape\19_university_training,.md,url_004535
knowledge_scrape\19_university_training\url_004536--jlcpcb.com-help-article-multilayer-pcb-stackup.md,md,2137,19_university_training,knowledge_scrape\19_university_training,.md,url_004536
knowledge_scrape\19_university_training\url_004537--jlcpcb.com-help-article-pcb-assembly-capabilities.md,md,2149,19_university_training,knowledge_scrape\19_university_training,.md,url_004537
knowledge_scrape\19_university_training\url_004538--jlcpcb.com-help-article-pcb-assembly-design-requirements.md,md,2177,19_university_training,knowledge_scrape\19_university_training,.md,url_004538
knowledge_scrape\19_university_training\url_004539--jlcpcb.com-help-article-pcb-assembly-faq.md,md,2113,19_university_training,knowledge_scrape\19_university_training,.md,url_004539
knowledge_scrape\19_university_training\url_004540--jlcpcb.com-help-article-pcb-design-guidelines.md,md,2133,19_university_training,knowledge_scrape\19_university_training,.md,url_004540
knowledge_scrape\19_university_training\url_004542--jlcpcb.com-help-article-pcb-panelization.md,md,5802,19_university_training,knowledge_scrape\19_university_training,.md,url_004542
knowledge_scrape\19_university_training\url_004543--jlcpcb.com-help-article-pcb-stackup.md,md,2093,19_university_training,knowledge_scrape\19_university_training,.md,url_004543
knowledge_scrape\19_university_training\url_004544--jlcpcb.com-help-article-pcb-via-covering.md,md,7719,19_university_training,knowledge_scrape\19_university_training,.md,url_004544
knowledge_scrape\19_university_training\url_004545--jlcpcb.com-help-article-silkscreen-requirements.md,md,2141,19_university_training,knowledge_scrape\19_university_training,.md,url_004545
knowledge_scrape\19_university_training\url_004547--jlcpcb.com-help-article-soldermask-expansion.md,md,2129,19_university_training,knowledge_scrape\19_university_training,.md,url_004547
knowledge_scrape\19_university_training\url_004548--jlcpcb.com-help-article-via-in-pad.md,md,2089,19_university_training,knowledge_scrape\19_university_training,.md,url_004548
knowledge_scrape\19_university_training\url_004549--jlcpcb.com-parts.md,md,6117,19_university_training,knowledge_scrape\19_university_training,.md,url_004549
knowledge_scrape\19_university_training\url_004599--resources.pcb.cadence.com-blog-2024-optimizing-for-pcb-trace-thickness-vs-current-capacity.md,md,10928,19_university_training,knowledge_scrape\19_university_training,.md,url_004599
knowledge_scrape\19_university_training\url_004600--saturnpcb.com-saturn-pcb-toolkit.md,md,30522,19_university_training,knowledge_scrape\19_university_training,.md,url_004600
knowledge_scrape\19_university_training\url_004605--ww1.microchip.com-downloads-aemdocuments-documents-oth-applicationnotes-applicationnotes-00002053a.pdf.md,md,24445,19_university_training,knowledge_scrape\19_university_training,.md,url_004605
knowledge_scrape\19_university_training\url_005857--4pcb.com-pcb-capabilities.html.md,md,42818,19_university_training,knowledge_scrape\19_university_training,.md,url_005857
knowledge_scrape\19_university_training\url_005861--4pcb.com-trace-width-calculator.html.md,md,6995,19_university_training,knowledge_scrape\19_university_training,.md,url_005861
knowledge_scrape\19_university_training\url_006844--espressif.com-en-products-modules.md,md,28592,19_university_training,knowledge_scrape\19_university_training,.md,url_006844
knowledge_scrape\19_university_training\url_006855--espressif.com-en-products-modules-esp32-s3-wroom-1.md,md,28158,19_university_training,knowledge_scrape\19_university_training,.md,url_006855
knowledge_scrape\19_university_training\url_006860--espressif.com-en-products-socs.md,md,29645,19_university_training,knowledge_scrape\19_university_training,.md,url_006860
knowledge_scrape\19_university_training\url_006870--espressif.com-en-products-socs-esp32-s3.md,md,24319,19_university_training,knowledge_scrape\19_university_training,.md,url_006870
knowledge_scrape\19_university_training\url_006871--espressif.com-en-support-documents-technical-documents.md,md,23510,19_university_training,knowledge_scrape\19_university_training,.md,url_006871
knowledge_scrape\19_university_training\url_006877--espressif.com-sites-default-files-documentation-esp32_datasheet_en.pdf.md,md,135081,19_university_training,knowledge_scrape\19_university_training,.md,url_006877
knowledge_scrape\19_university_training\url_006879--espressif.com-sites-default-files-documentation-esp32_technical_reference_manual_en.pdf.md,md,1354520,19_university_training,knowledge_scrape\19_university_training,.md,url_006879
knowledge_scrape\19_university_training\url_006880--espressif.com-sites-default-files-documentation-esp32-c3_datasheet_en.pdf.md,md,121066,19_university_training,knowledge_scrape\19_university_training,.md,url_006880
knowledge_scrape\19_university_training\url_006881--espressif.com-sites-default-files-documentation-esp32-c3_technical_reference_manual_en.pdf.md,md,1440899,19_university_training,knowledge_scrape\19_university_training,.md,url_006881
knowledge_scrape\19_university_training\url_006884--espressif.com-sites-default-files-documentation-esp32-c6_datasheet_en.pdf.md,md,146512,19_university_training,knowledge_scrape\19_university_training,.md,url_006884
knowledge_scrape\19_university_training\url_006885--espressif.com-sites-default-files-documentation-esp32-c6_technical_reference_manual_en.pdf.md,md,2120438,19_university_training,knowledge_scrape\19_university_training,.md,url_006885
knowledge_scrape\19_university_training\url_006890--espressif.com-sites-default-files-documentation-esp32-s3_datasheet_en.pdf.md,md,158844,19_university_training,knowledge_scrape\19_university_training,.md,url_006890
knowledge_scrape\19_university_training\url_006892--espressif.com-sites-default-files-documentation-esp32-s3_technical_reference_manual_en.pdf.md,md,2387939,19_university_training,knowledge_scrape\19_university_training,.md,url_006892
knowledge_scrape\19_university_training\url_006901--eurocircuits.com-technical-guidelines-panel-guidelines.md,md,34753,19_university_training,knowledge_scrape\19_university_training,.md,url_006901
knowledge_scrape\19_university_training\url_006903--eurocircuits.com-technical-guidelines-pcb-design-guidelines.md,md,38654,19_university_training,knowledge_scrape\19_university_training,.md,url_006903
knowledge_scrape\19_university_training\url_006905--eurocircuits.com-technical-guidelines-via-filling.md,md,47922,19_university_training,knowledge_scrape\19_university_training,.md,url_006905
knowledge_scrape\19_university_training\url_008218--pcbway.com-blog-pcb_design_layout-usb_type_c_pcb_design_guidelines_layout_and_routing_best_practices_55bc0c39.html.md,md,20344,19_university_training,knowledge_scrape\19_university_training,.md,url_008218
knowledge_scrape\19_university_training\url_008219--pcbway.com-capabilities.html.md,md,36317,19_university_training,knowledge_scrape\19_university_training,.md,url_008219
knowledge_scrape\19_university_training\url_008235--protoexpress.com-blog-best-high-speed-pcb-routing-practices.md,md,68857,19_university_training,knowledge_scrape\19_university_training,.md,url_008235
knowledge_scrape\19_university_training\url_008236--protoexpress.com-blog-decoupling-capacitor-placement.md,md,59081,19_university_training,knowledge_scrape\19_university_training,.md,url_008236
knowledge_scrape\19_university_training\url_008239--protoexpress.com-blog-high-speed-pcb-design.md,md,33377,19_university_training,knowledge_scrape\19_university_training,.md,url_008239
knowledge_scrape\19_university_training\url_008245--protoexpress.com-kb-dfm-rules.md,md,66485,19_university_training,knowledge_scrape\19_university_training,.md,url_008245
knowledge_scrape\19_university_training\url_008246--protoexpress.com-pcb-design-guides.md,md,88751,19_university_training,knowledge_scrape\19_university_training,.md,url_008246
knowledge_scrape\19_university_training\url_008277--renesas.com-en-products-microcontrollers-microprocessors-ra-cortex-m-mcus.md,md,74124,19_university_training,knowledge_scrape\19_university_training,.md,url_008277
knowledge_scrape\19_university_training\url_008281--renesas.com-en-products-microcontrollers-microprocessors-rx-32-bit-performance-efficiency-mcus.md,md,57922,19_university_training,knowledge_scrape\19_university_training,.md,url_008281
knowledge_scrape\19_university_training\url_008383--richtek.com-design-20support-technical-20document-an003.md,md,41827,19_university_training,knowledge_scrape\19_university_training,.md,url_008383
knowledge_scrape\19_university_training\url_008384--richtek.com-design-20support-technical-20document-an004.md,md,19984,19_university_training,knowledge_scrape\19_university_training,.md,url_008384
knowledge_scrape\19_university_training\url_008386--richtek.com-design-20support-technical-20document-an006.md,md,28678,19_university_training,knowledge_scrape\19_university_training,.md,url_008386
knowledge_scrape\19_university_training\url_008387--richtek.com-design-20support-technical-20document-an025.md,md,25028,19_university_training,knowledge_scrape\19_university_training,.md,url_008387
knowledge_scrape\19_university_training\url_008398--silabs.com-documents-public-application-notes-an0054.pdf.md,md,29999,19_university_training,knowledge_scrape\19_university_training,.md,url_008398
knowledge_scrape\19_university_training\url_008403--silabs.com-mcu-32-bit-efm32-gecko.md,md,35816,19_university_training,knowledge_scrape\19_university_training,.md,url_008403
knowledge_scrape\19_university_training\url_009895--ti.com-lit-an-snva803-snva803.pdf.md,md,10931,19_university_training,knowledge_scrape\19_university_training,.md,url_009895
knowledge_scrape\19_university_training\url_010055--usb.org-document-library-usb-20-specification.md,md,4716,19_university_training,knowledge_scrape\19_university_training,.md,url_010055
knowledge_scrape\19_university_training\url_010084--silabs.com-documents-public-application-notes-an0046-efm32-usb-hardware-design-guidelines.pdf.md,md,36872,19_university_training,knowledge_scrape\19_university_training,.md,url_010084
knowledge_scrape\19_university_training\url_010085--ti.com-lit-an-scaa048-scaa048.pdf.md,md,16448,19_university_training,knowledge_scrape\19_university_training,.md,url_010085
knowledge_scrape\19_university_training\url_010090--ti.com-lit-an-slva959-slva959.pdf.md,md,67311,19_university_training,knowledge_scrape\19_university_training,.md,url_010090
knowledge_scrape\19_university_training\url_010091--ti.com-lit-an-slvae09-slvae09.pdf.md,md,26398,19_university_training,knowledge_scrape\19_university_training,.md,url_010091
knowledge_scrape\19_university_training\url_010095--ti.com-lit-an-snva021c-snva021c.pdf.md,md,15207,19_university_training,knowledge_scrape\19_university_training,.md,url_010095
knowledge_scrape\19_university_training\url_010096--ti.com-lit-an-szza009-szza009.pdf.md,md,61661,19_university_training,knowledge_scrape\19_university_training,.md,url_010096
knowledge_scrape\19_university_training\url_010097--ti.com-lit-ds-symlink-lm2596.pdf.md,md,103961,19_university_training,knowledge_scrape\19_university_training,.md,url_010097
knowledge_scrape\19_university_training\url_010098--ti.com-lit-ds-symlink-tpd2eusb30.pdf.md,md,38426,19_university_training,knowledge_scrape\19_university_training,.md,url_010098
knowledge_scrape\19_university_training\url_010101--ti.com-lit-ds-symlink-tps62135.pdf.md,md,91205,19_university_training,knowledge_scrape\19_university_training,.md,url_010101
knowledge_scrape\19_university_training\url_010102--ti.com-lit-ds-symlink-tps62913.pdf.md,md,76851,19_university_training,knowledge_scrape\19_university_training,.md,url_010102
knowledge_scrape\19_university_training\url_010103--we-online.com-components-media-o150133v410-20anp007d-20en.pdf.md,md,34951,19_university_training,knowledge_scrape\19_university_training,.md,url_010103
knowledge_scrape\19_university_training\url_010106--aisler.net-index.md,md,9018,19_university_training,knowledge_scrape\19_university_training,.md,url_010106
knowledge_scrape\19_university_training\url_010119--docs.espressif.com-index.md,md,33609,19_university_training,knowledge_scrape\19_university_training,.md,url_010119
knowledge_scrape\19_university_training\url_010120--docs.kicad.org-index.md,md,3688,19_university_training,knowledge_scrape\19_university_training,.md,url_010120
knowledge_scrape\19_university_training\url_010121--docs.kicad.org-kicad-python-main.md,md,19239,19_university_training,knowledge_scrape\19_university_training,.md,url_010121
knowledge_scrape\19_university_training\url_010122--docs.oshpark.com-index.md,md,7025,19_university_training,knowledge_scrape\19_university_training,.md,url_010122
knowledge_scrape\19_university_training\url_010125--elecrow.com-index.md,md,51041,19_university_training,knowledge_scrape\19_university_training,.md,url_010125
knowledge_scrape\19_university_training\url_010129--espressif.com-index.md,md,33066,19_university_training,knowledge_scrape\19_university_training,.md,url_010129
knowledge_scrape\19_university_training\url_010131--fab.cba.mit.edu-index.md,md,1725,19_university_training,knowledge_scrape\19_university_training,.md,url_010131
knowledge_scrape\19_university_training\url_010134--forum.kicad.info-t-writing-an-exporter-and-need-documentation-advice-on-file-formats-9239.md,md,7615,19_university_training,knowledge_scrape\19_university_training,.md,url_010134
knowledge_scrape\19_university_training\url_010142--github.com-kicad.md,md,76102,19_university_training,knowledge_scrape\19_university_training,.md,url_010142
knowledge_scrape\19_university_training\url_010147--gitlab.com-kicad-code-kicad-python.md,md,3334,19_university_training,knowledge_scrape\19_university_training,.md,url_010147
knowledge_scrape\19_university_training\url_010155--jlcpcb.com-index.md,md,40776,19_university_training,knowledge_scrape\19_university_training,.md,url_010155
knowledge_scrape\19_university_training\url_010156--jlcpcb.com-blog-using-via-in-pad-technology.md,md,19490,19_university_training,knowledge_scrape\19_university_training,.md,url_010156
knowledge_scrape\19_university_training\url_010157--jlcpcb.com-blog-via-in-pad-pcb.md,md,26165,19_university_training,knowledge_scrape\19_university_training,.md,url_010157
knowledge_scrape\19_university_training\url_010160--kibot.readthedocs.io-index.md,md,16566,19_university_training,knowledge_scrape\19_university_training,.md,url_010160
knowledge_scrape\19_university_training\url_010165--macrofab.com-index.md,md,17029,19_university_training,knowledge_scrape\19_university_training,.md,url_010165
knowledge_scrape\19_university_training\url_010166--maxlinear.com-index.md,md,7396,19_university_training,knowledge_scrape\19_university_training,.md,url_010166
knowledge_scrape\19_university_training\url_010178--ourpcb.com-index.md,md,24675,19_university_training,knowledge_scrape\19_university_training,.md,url_010178
knowledge_scrape\19_university_training\url_010179--pcb.mit.edu-index.md,md,2302,19_university_training,knowledge_scrape\19_university_training,.md,url_010179
knowledge_scrape\19_university_training\url_010181--pcb.mit.edu-archive-iap2023-lectures-lecture_01.md,md,8258,19_university_training,knowledge_scrape\19_university_training,.md,url_010181
knowledge_scrape\19_university_training\url_010182--pcb.mit.edu-archive-iap2023-lectures-lecture_02.md,md,32158,19_university_training,knowledge_scrape\19_university_training,.md,url_010182
knowledge_scrape\19_university_training\url_010183--pcb.mit.edu-archive-iap2023-lectures-lecture_03.md,md,19059,19_university_training,knowledge_scrape\19_university_training,.md,url_010183
knowledge_scrape\19_university_training\url_010184--pcb.mit.edu-archive-iap2023-lectures-lecture_04.md,md,21492,19_university_training,knowledge_scrape\19_university_training,.md,url_010184
knowledge_scrape\19_university_training\url_010185--pcb.mit.edu-archive-iap2023-lectures-lecture_05.md,md,15658,19_university_training,knowledge_scrape\19_university_training,.md,url_010185
knowledge_scrape\19_university_training\url_010190--pcbway.com-index.md,md,41695,19_university_training,knowledge_scrape\19_university_training,.md,url_010190
knowledge_scrape\19_university_training\url_010191--protoexpress.com-index.md,md,68356,19_university_training,knowledge_scrape\19_university_training,.md,url_010191
knowledge_scrape\19_university_training\url_010199--renesas.com-index.md,md,10170,19_university_training,knowledge_scrape\19_university_training,.md,url_010199
knowledge_scrape\19_university_training\url_010206--samtec.com-index.md,md,12537,19_university_training,knowledge_scrape\19_university_training,.md,url_010206
knowledge_scrape\19_university_training\url_010218--tek.com-index.md,md,8346,19_university_training,knowledge_scrape\19_university_training,.md,url_010218
knowledge_scrape\19_university_training\url_010219--teledynelecroy.com-index.md,md,5863,19_university_training,knowledge_scrape\19_university_training,.md,url_010219
knowledge_scrape\19_university_training\url_010227--vicorpower.com-index.md,md,10896,19_university_training,knowledge_scrape\19_university_training,.md,url_010227
knowledge_scrape\20_manufacturer_layout_guides\_CATEGORY_INDEX.md,md,601,20_manufacturer_layout_guides,knowledge_scrape\20_manufacturer_layout_guides,.md,
knowledge_scrape\21_component_package_land_patterns\_CATEGORY_INDEX.md,md,560,21_component_package_land_patterns,knowledge_scrape\21_component_package_land_patterns,.md,
knowledge_scrape\22_automotive_harsh_environment\_CATEGORY_INDEX.md,md,1199,22_automotive_harsh_environment,knowledge_scrape\22_automotive_harsh_environment,.md,
knowledge_scrape\22_automotive_harsh_environment\url_008385--richtek.com-design-20support-technical-20document-an005.md,md,21895,22_automotive_harsh_environment,knowledge_scrape\22_automotive_harsh_environment,.md,url_008385
knowledge_scrape\22_automotive_harsh_environment\url_010149--harwin.com-index.md,md,6050,22_automotive_harsh_environment,knowledge_scrape\22_automotive_harsh_environment,.md,url_010149
knowledge_scrape\23_rf_wifi_antenna_layout\_CATEGORY_INDEX.md,md,556,23_rf_wifi_antenna_layout,knowledge_scrape\23_rf_wifi_antenna_layout,.md,
knowledge_scrape\24_power_integrity_decoupling\_CATEGORY_INDEX.md,md,574,24_power_integrity_decoupling,knowledge_scrape\24_power_integrity_decoupling,.md,
knowledge_scrape\25_signal_integrity_high_speed\_CATEGORY_INDEX.md,md,554,25_signal_integrity_high_speed,knowledge_scrape\25_signal_integrity_high_speed,.md,
knowledge_scrape\26_thermal_mechanical_enclosure\_CATEGORY_INDEX.md,md,568,26_thermal_mechanical_enclosure,knowledge_scrape\26_thermal_mechanical_enclosure,.md,
knowledge_scrape\27_test_debug_validation\_CATEGORY_INDEX.md,md,558,27_test_debug_validation,knowledge_scrape\27_test_debug_validation,.md,
knowledge_scrape\28_high_reliability_aerospace_workmanship\_CATEGORY_INDEX.md,md,1199,28_high_reliability_aerospace_workmanship,knowledge_scrape\28_high_reliability_aerospace_workmanship,.md,
knowledge_scrape\28_high_reliability_aerospace_workmanship\url_004546--jlcpcb.com-help-article-smt-assembly-design-rules.md,md,9925,28_high_reliability_aerospace_workmanship,knowledge_scrape\28_high_reliability_aerospace_workmanship,.md,url_004546
knowledge_scrape\28_high_reliability_aerospace_workmanship\url_004551--jlcpcb.com-pcb-assembly.md,md,9821,28_high_reliability_aerospace_workmanship,knowledge_scrape\28_high_reliability_aerospace_workmanship,.md,url_004551
knowledge_scrape\29_standards_ipc_ul_safety\_CATEGORY_INDEX.md,md,7812,29_standards_ipc_ul_safety,knowledge_scrape\29_standards_ipc_ul_safety,.md,
knowledge_scrape\29_standards_ipc_ul_safety\url_000030--docs.espressif.com-projects-esp-hardware-design-guidelines-en-latest-esp32-index.html.md,md,2416,29_standards_ipc_ul_safety,knowledge_scrape\29_standards_ipc_ul_safety,.md,url_000030
knowledge_scrape\29_standards_ipc_ul_safety\url_000032--docs.espressif.com-projects-esp-hardware-design-guidelines-en-latest-esp32c3-index.html.md,md,2432,29_standards_ipc_ul_safety,knowledge_scrape\29_standards_ipc_ul_safety,.md,url_000032
knowledge_scrape\29_standards_ipc_ul_safety\url_000034--docs.espressif.com-projects-esp-hardware-design-guidelines-en-latest-esp32c6-index.html.md,md,2432,29_standards_ipc_ul_safety,knowledge_scrape\29_standards_ipc_ul_safety,.md,url_000034
knowledge_scrape\29_standards_ipc_ul_safety\url_000035--docs.espressif.com-projects-esp-hardware-design-guidelines-en-latest-esp32h2-index.html.md,md,2432,29_standards_ipc_ul_safety,knowledge_scrape\29_standards_ipc_ul_safety,.md,url_000035
knowledge_scrape\29_standards_ipc_ul_safety\url_000036--docs.espressif.com-projects-esp-hardware-design-guidelines-en-latest-esp32p4-index.html.md,md,2328,29_standards_ipc_ul_safety,knowledge_scrape\29_standards_ipc_ul_safety,.md,url_000036
knowledge_scrape\29_standards_ipc_ul_safety\url_000040--docs.espressif.com-projects-esp-hardware-design-guidelines-en-latest-esp32s3-index.html.md,md,2432,29_standards_ipc_ul_safety,knowledge_scrape\29_standards_ipc_ul_safety,.md,url_000040
knowledge_scrape\29_standards_ipc_ul_safety\url_000051--docs.espressif.com-projects-esp-hardware-design-guidelines-en-latest-index.html.md,md,2392,29_standards_ipc_ul_safety,knowledge_scrape\29_standards_ipc_ul_safety,.md,url_000051
knowledge_scrape\29_standards_ipc_ul_safety\url_000075--docs.espressif.com-projects-esp-idf-en-latest-esp32s3-index.html.md,md,6602,29_standards_ipc_ul_safety,knowledge_scrape\29_standards_ipc_ul_safety,.md,url_000075
knowledge_scrape\29_standards_ipc_ul_safety\url_004527--jlcpcb.com-capabilities-pcb-capabilities.md,md,5286,29_standards_ipc_ul_safety,knowledge_scrape\29_standards_ipc_ul_safety,.md,url_004527
knowledge_scrape\29_standards_ipc_ul_safety\url_004567--prodocs.easyeda.com-en-import-export-import-kicad.md,md,2332,29_standards_ipc_ul_safety,knowledge_scrape\29_standards_ipc_ul_safety,.md,url_004567
knowledge_scrape\29_standards_ipc_ul_safety\url_007958--monolithicpower.com-en-learning-resources-an-introduction-to-buck-regulators.md,md,1514,29_standards_ipc_ul_safety,knowledge_scrape\29_standards_ipc_ul_safety,.md,url_007958
knowledge_scrape\29_standards_ipc_ul_safety\url_007959--monolithicpower.com-en-learning-resources-how-to-design-a-buck-converter.md,md,1494,29_standards_ipc_ul_safety,knowledge_scrape\29_standards_ipc_ul_safety,.md,url_007959
knowledge_scrape\29_standards_ipc_ul_safety\url_007960--monolithicpower.com-en-learning-resources-how-to-select-inductors-for-buck-converters.md,md,1559,29_standards_ipc_ul_safety,knowledge_scrape\29_standards_ipc_ul_safety,.md,url_007960
knowledge_scrape\29_standards_ipc_ul_safety\url_007961--monolithicpower.com-en-learning-resources-layout-guidelines-for-step-down-converters.md,md,1554,29_standards_ipc_ul_safety,knowledge_scrape\29_standards_ipc_ul_safety,.md,url_007961
knowledge_scrape\29_standards_ipc_ul_safety\url_007962--monolithicpower.com-en-learning-resources-pcb-layout-for-emi-reduction.md,md,1484,29_standards_ipc_ul_safety,knowledge_scrape\29_standards_ipc_ul_safety,.md,url_007962
knowledge_scrape\29_standards_ipc_ul_safety\url_007963--monolithicpower.com-en-learning-resources-pcb-layout-guidelines-for-switching-power-supplies.md,md,1594,29_standards_ipc_ul_safety,knowledge_scrape\29_standards_ipc_ul_safety,.md,url_007963
knowledge_scrape\29_standards_ipc_ul_safety\url_007964--monolithicpower.com-en-learning-resources-power-supply-layout-and-emi.md,md,1479,29_standards_ipc_ul_safety,knowledge_scrape\29_standards_ipc_ul_safety,.md,url_007964
knowledge_scrape\29_standards_ipc_ul_safety\url_007965--monolithicpower.com-en-learning-resources-understanding-switching-regulator-loop-compensation.md,md,1599,29_standards_ipc_ul_safety,knowledge_scrape\29_standards_ipc_ul_safety,.md,url_007965
knowledge_scrape\29_standards_ipc_ul_safety\url_010057--usb.org-document-library-usb-power-delivery.md,md,1533,29_standards_ipc_ul_safety,knowledge_scrape\29_standards_ipc_ul_safety,.md,url_010057
knowledge_scrape\29_standards_ipc_ul_safety\url_010161--kicad.org-index.md,md,3225,29_standards_ipc_ul_safety,knowledge_scrape\29_standards_ipc_ul_safety,.md,url_010161
knowledge_scrape\29_standards_ipc_ul_safety\url_010168--monolithicpower.com-index.md,md,1301,29_standards_ipc_ul_safety,knowledge_scrape\29_standards_ipc_ul_safety,.md,url_010168
knowledge_scrape\29_standards_ipc_ul_safety\url_010214--sunstone.com-index.md,md,2442,29_standards_ipc_ul_safety,knowledge_scrape\29_standards_ipc_ul_safety,.md,url_010214
knowledge_scrape\30_eda_automation_verification\_CATEGORY_INDEX.md,md,592,30_eda_automation_verification,knowledge_scrape\30_eda_automation_verification,.md,
knowledge_scrape\31_compliance_safety_emc\_CATEGORY_INDEX.md,md,5139,31_compliance_safety_emc,knowledge_scrape\31_compliance_safety_emc,.md,
knowledge_scrape\31_compliance_safety_emc\url_000011--dev-docs.kicad.org-en-apis-and-binding-index.html.md,md,2650,31_compliance_safety_emc,knowledge_scrape\31_compliance_safety_emc,.md,url_000011
knowledge_scrape\31_compliance_safety_emc\url_000014--dev-docs.kicad.org-en-apis-and-binding-ipc-api-index.html.md,md,4686,31_compliance_safety_emc,knowledge_scrape\31_compliance_safety_emc,.md,url_000014
knowledge_scrape\31_compliance_safety_emc\url_000022--docs.arduino.cc-hardware-giga-r1-wifi.md,md,77030,31_compliance_safety_emc,knowledge_scrape\31_compliance_safety_emc,.md,url_000022
knowledge_scrape\31_compliance_safety_emc\url_000024--docs.arduino.cc-hardware-nano-rp2040-connect.md,md,85683,31_compliance_safety_emc,knowledge_scrape\31_compliance_safety_emc,.md,url_000024
knowledge_scrape\31_compliance_safety_emc\url_000025--docs.arduino.cc-hardware-portenta-h7.md,md,68310,31_compliance_safety_emc,knowledge_scrape\31_compliance_safety_emc,.md,url_000025
knowledge_scrape\31_compliance_safety_emc\url_000027--docs.easyeda.com-en-import-import-kicad.md,md,2268,31_compliance_safety_emc,knowledge_scrape\31_compliance_safety_emc,.md,url_000027
knowledge_scrape\31_compliance_safety_emc\url_000074--docs.espressif.com-projects-esp-idf-en-latest-esp32s3-hw-reference-index.html.md,md,6941,31_compliance_safety_emc,knowledge_scrape\31_compliance_safety_emc,.md,url_000074
knowledge_scrape\31_compliance_safety_emc\url_000954--docs.kicad.org-doxygen-python-9.0-classpcbnew_1_1footprint.html.md,md,105205,31_compliance_safety_emc,knowledge_scrape\31_compliance_safety_emc,.md,url_000954
knowledge_scrape\31_compliance_safety_emc\url_000959--docs.kicad.org-doxygen-python-9.0-classpcbnew_1_1pcb__track.html.md,md,24841,31_compliance_safety_emc,knowledge_scrape\31_compliance_safety_emc,.md,url_000959
knowledge_scrape\31_compliance_safety_emc\url_000960--docs.kicad.org-doxygen-python-9.0-classpcbnew_1_1pcb__via.html.md,md,32233,31_compliance_safety_emc,knowledge_scrape\31_compliance_safety_emc,.md,url_000960
knowledge_scrape\31_compliance_safety_emc\url_001059--docs.oshpark.com-design-tools-gerbv.md,md,5910,31_compliance_safety_emc,knowledge_scrape\31_compliance_safety_emc,.md,url_001059
knowledge_scrape\31_compliance_safety_emc\url_001064--docs.oshpark.com-services-two-layer.md,md,5350,31_compliance_safety_emc,knowledge_scrape\31_compliance_safety_emc,.md,url_001064
knowledge_scrape\31_compliance_safety_emc\url_004565--octopart.com-documentation-style-guide.md,md,1659,31_compliance_safety_emc,knowledge_scrape\31_compliance_safety_emc,.md,url_004565
knowledge_scrape\31_compliance_safety_emc\url_010088--ti.com-lit-an-slva054-slva054.pdf.md,md,3557,31_compliance_safety_emc,knowledge_scrape\31_compliance_safety_emc,.md,url_010088
knowledge_scrape\31_compliance_safety_emc\url_010108--antenova.com-index.md,md,25912,31_compliance_safety_emc,knowledge_scrape\31_compliance_safety_emc,.md,url_010108
knowledge_scrape\31_compliance_safety_emc\url_010130--eurocircuits.com-index.md,md,22524,31_compliance_safety_emc,knowledge_scrape\31_compliance_safety_emc,.md,url_010130
knowledge_scrape\31_compliance_safety_emc\url_010217--tdk.com-index.md,md,9801,31_compliance_safety_emc,knowledge_scrape\31_compliance_safety_emc,.md,url_010217
knowledge_scrape\31_compliance_safety_emc\url_010236--xyce.sandia.gov-index.md,md,2454,31_compliance_safety_emc,knowledge_scrape\31_compliance_safety_emc,.md,url_010236
knowledge_scrape\90_unsorted_review\.gitkeep,no_extension,14,90_unsorted_review,knowledge_scrape\90_unsorted_review,,
knowledge_scrape\90_unsorted_review\_CATEGORY_INDEX.md,md,2025,90_unsorted_review,knowledge_scrape\90_unsorted_review,.md,
knowledge_scrape\91_rejected_low_value\.gitkeep,no_extension,14,91_rejected_low_value,knowledge_scrape\91_rejected_low_value,,
knowledge_scrape\91_rejected_low_value\_CATEGORY_INDEX.md,md,5463,91_rejected_low_value,knowledge_scrape\91_rejected_low_value,.md,
knowledge_scrape\91_rejected_low_value\url_000003--app.ultralibrarian.com-content-help-kicad-6_0.htm.md,md,1036,91_rejected_low_value,knowledge_scrape\91_rejected_low_value,.md,url_000003
knowledge_scrape\91_rejected_low_value\url_000021--developer.sony.com-spresense-development-guides-introduction_en.html.md,md,938,91_rejected_low_value,knowledge_scrape\91_rejected_low_value,.md,url_000021
knowledge_scrape\91_rejected_low_value\url_000022--docs.arduino.cc-hardware-giga-r1-wifi.md,md,5293,91_rejected_low_value,knowledge_scrape\91_rejected_low_value,.md,url_000022
knowledge_scrape\91_rejected_low_value\url_000023--docs.arduino.cc-hardware-nano-esp32.md,md,5052,91_rejected_low_value,knowledge_scrape\91_rejected_low_value,.md,url_000023
knowledge_scrape\91_rejected_low_value\url_000024--docs.arduino.cc-hardware-nano-rp2040-connect.md,md,5741,91_rejected_low_value,knowledge_scrape\91_rejected_low_value,.md,url_000024
knowledge_scrape\91_rejected_low_value\url_000025--docs.arduino.cc-hardware-portenta-h7.md,md,5534,91_rejected_low_value,knowledge_scrape\91_rejected_low_value,.md,url_000025
knowledge_scrape\91_rejected_low_value\url_000026--docs.arduino.cc-hardware-uno-r4-wifi.md,md,77119,91_rejected_low_value,knowledge_scrape\91_rejected_low_value,.md,url_000026
knowledge_scrape\91_rejected_low_value\url_000050--docs.espressif.com-projects-esp-hardware-design-guidelines-en-latest-esp32s3-search.html.md,md,1123,91_rejected_low_value,knowledge_scrape\91_rejected_low_value,.md,url_000050
knowledge_scrape\91_rejected_low_value\url_000069--docs.espressif.com-projects-esp-idf-en-latest-esp32s3-api-reference-peripherals-usb_device.html.md,md,1357,91_rejected_low_value,knowledge_scrape\91_rejected_low_value,.md,url_000069
knowledge_scrape\91_rejected_low_value\url_001055--docs.nordicsemi.com-index.md,md,891,91_rejected_low_value,knowledge_scrape\91_rejected_low_value,.md,url_001055
knowledge_scrape\91_rejected_low_value\url_001068--docs.sparkfun.com-SparkFun_Thing_Plus_ESP32-S3.md,md,891,91_rejected_low_value,knowledge_scrape\91_rejected_low_value,.md,url_001068
knowledge_scrape\91_rejected_low_value\url_001069--easyeda.com-index.md,md,193232,91_rejected_low_value,knowledge_scrape\91_rejected_low_value,.md,url_001069
knowledge_scrape\91_rejected_low_value\url_001070--electronics.stackexchange.com-questions-8000.md,md,10913,91_rejected_low_value,knowledge_scrape\91_rejected_low_value,.md,url_001070
knowledge_scrape\91_rejected_low_value\url_001071--electronics.stackexchange.com-questions-8001.md,md,11538,91_rejected_low_value,knowledge_scrape\91_rejected_low_value,.md,url_001071
knowledge_scrape\91_rejected_low_value\url_001072--electronics.stackexchange.com-questions-8002.md,md,11538,91_rejected_low_value,knowledge_scrape\91_rejected_low_value,.md,url_001072
knowledge_scrape\91_rejected_low_value\url_001073--electronics.stackexchange.com-questions-8003.md,md,15042,91_rejected_low_value,knowledge_scrape\91_rejected_low_value,.md,url_001073
knowledge_scrape\91_rejected_low_value\url_001074--electronics.stackexchange.com-questions-8004.md,md,8129,91_rejected_low_value,knowledge_scrape\91_rejected_low_value,.md,url_001074
knowledge_scrape\91_rejected_low_value\url_001075--electronics.stackexchange.com-questions-8005.md,md,13213,91_rejected_low_value,knowledge_scrape\91_rejected_low_value,.md,url_001075
knowledge_scrape\91_rejected_low_value\url_001076--electronics.stackexchange.com-questions-8006.md,md,10913,91_rejected_low_value,knowledge_scrape\91_rejected_low_value,.md,url_001076
knowledge_scrape\91_rejected_low_value\url_001077--electronics.stackexchange.com-questions-8007.md,md,13213,91_rejected_low_value,knowledge_scrape\91_rejected_low_value,.md,url_001077
knowledge_scrape\91_rejected_low_value\url_001078--electronics.stackexchange.com-questions-8008.md,md,6892,91_rejected_low_value,knowledge_scrape\91_rejected_low_value,.md,url_001078
knowledge_scrape\91_rejected_low_value\url_001079--electronics.stackexchange.com-questions-8009.md,md,11538,91_rejected_low_value,knowledge_scrape\91_rejected_low_value,.md,url_001079
knowledge_scrape\91_rejected_low_value\url_001080--electronics.stackexchange.com-questions-8010.md,md,6892,91_rejected_low_value,knowledge_scrape\91_rejected_low_value,.md,url_001080
knowledge_scrape\91_rejected_low_value\url_001081--electronics.stackexchange.com-questions-8011.md,md,9533,91_rejected_low_value,knowledge_scrape\91_rejected_low_value,.md,url_001081
knowledge_scrape\91_rejected_low_value\url_001082--electronics.stackexchange.com-questions-8012.md,md,11538,91_rejected_low_value,knowledge_scrape\91_rejected_low_value,.md,url_001082
knowledge_scrape\91_rejected_low_value\url_001083--electronics.stackexchange.com-questions-8013.md,md,9533,91_rejected_low_value,knowledge_scrape\91_rejected_low_value,.md,url_001083
knowledge_scrape\91_rejected_low_value\url_001084--electronics.stackexchange.com-questions-8014.md,md,9533,91_rejected_low_value,knowledge_scrape\91_rejected_low_value,.md,url_001084
knowledge_scrape\91_rejected_low_value\url_001085--electronics.stackexchange.com-questions-8015.md,md,12193,91_rejected_low_value,knowledge_scrape\91_rejected_low_value,.md,url_001085
knowledge_scrape\91_rejected_low_value\url_001086--electronics.stackexchange.com-questions-8016.md,md,12193,91_rejected_low_value,knowledge_scrape\91_rejected_low_value,.md,url_001086
knowledge_scrape\91_rejected_low_value\url_001087--electronics.stackexchange.com-questions-8017.md,md,10913,91_rejected_low_value,knowledge_scrape\91_rejected_low_value,.md,url_001087
knowledge_scrape\91_rejected_low_value\url_001088--electronics.stackexchange.com-questions-8018.md,md,20772,91_rejected_low_value,knowledge_scrape\91_rejected_low_value,.md,url_001088
knowledge_scrape\91_rejected_low_value\url_001089--electronics.stackexchange.com-questions-8019.md,md,6980,91_rejected_low_value,knowledge_scrape\91_rejected_low_value,.md,url_001089
knowledge_scrape\91_rejected_low_value\url_001090--electronics.stackexchange.com-questions-8020.md,md,6980,91_rejected_low_value,knowledge_scrape\91_rejected_low_value,.md,url_001090
knowledge_scrape\91_rejected_low_value\url_001091--electronics.stackexchange.com-questions-8021.md,md,15665,91_rejected_low_value,knowledge_scrape\91_rejected_low_value,.md,url_001091
knowledge_scrape\91_rejected_low_value\url_001092--electronics.stackexchange.com-questions-8022.md,md,15665,91_rejected_low_value,knowledge_scrape\91_rejected_low_value,.md,url_001092
knowledge_scrape\91_rejected_low_value\url_001093--electronics.stackexchange.com-questions-8023.md,md,15665,91_rejected_low_value,knowledge_scrape\91_rejected_low_value,.md,url_001093
knowledge_scrape\91_rejected_low_value\url_001094--electronics.stackexchange.com-questions-8024.md,md,9910,91_rejected_low_value,knowledge_scrape\91_rejected_low_value,.md,url_001094
knowledge_scrape\91_rejected_low_value\url_001095--electronics.stackexchange.com-questions-8025.md,md,9910,91_rejected_low_value,knowledge_scrape\91_rejected_low_value,.md,url_001095
knowledge_scrape\91_rejected_low_value\url_001096--electronics.stackexchange.com-questions-8026.md,md,12193,91_rejected_low_value,knowledge_scrape\91_rejected_low_value,.md,url_001096
knowledge_scrape\91_rejected_low_value\url_001097--electronics.stackexchange.com-questions-8027.md,md,7772,91_rejected_low_value,knowledge_scrape\91_rejected_low_value,.md,url_001097
knowledge_scrape\91_rejected_low_value\url_001098--electronics.stackexchange.com-questions-8028.md,md,7772,91_rejected_low_value,knowledge_scrape\91_rejected_low_value,.md,url_001098
knowledge_scrape\91_rejected_low_value\url_001100--electronics.stackexchange.com-questions-8030.md,md,16672,91_rejected_low_value,knowledge_scrape\91_rejected_low_value,.md,url_001100
knowledge_scrape\91_rejected_low_value\url_001101--electronics.stackexchange.com-questions-8031.md,md,16672,91_rejected_low_value,knowledge_scrape\91_rejected_low_value,.md,url_001101
knowledge_scrape\91_rejected_low_value\url_001102--electronics.stackexchange.com-questions-8032.md,md,11697,91_rejected_low_value,knowledge_scrape\91_rejected_low_value,.md,url_001102
knowledge_scrape\91_rejected_low_value\url_001103--electronics.stackexchange.com-questions-8033.md,md,7772,91_rejected_low_value,knowledge_scrape\91_rejected_low_value,.md,url_001103
knowledge_scrape\91_rejected_low_value\url_001105--electronics.stackexchange.com-questions-8035.md,md,11697,91_rejected_low_value,knowledge_scrape\91_rejected_low_value,.md,url_001105
knowledge_scrape\91_rejected_low_value\url_001106--electronics.stackexchange.com-questions-8036.md,md,9406,91_rejected_low_value,knowledge_scrape\91_rejected_low_value,.md,url_001106
knowledge_scrape\91_rejected_low_value\url_001670--electronics.stackexchange.com-questions-tagged-antenna.md,md,44322,91_rejected_low_value,knowledge_scrape\91_rejected_low_value,.md,url_001670
knowledge_scrape\91_rejected_low_value\url_001671--electronics.stackexchange.com-questions-tagged-buck.md,md,25159,91_rejected_low_value,knowledge_scrape\91_rejected_low_value,.md,url_001671
knowledge_scrape\91_rejected_low_value\url_001672--electronics.stackexchange.com-questions-tagged-dc-dc-converter.md,md,24774,91_rejected_low_value,knowledge_scrape\91_rejected_low_value,.md,url_001672
knowledge_scrape\91_rejected_low_value\url_001673--electronics.stackexchange.com-questions-tagged-decoupling.md,md,25131,91_rejected_low_value,knowledge_scrape\91_rejected_low_value,.md,url_001673
knowledge_scrape\91_rejected_low_value\url_001675--electronics.stackexchange.com-questions-tagged-emc.md,md,44789,91_rejected_low_value,knowledge_scrape\91_rejected_low_value,.md,url_001675
knowledge_scrape\91_rejected_low_value\url_001676--electronics.stackexchange.com-questions-tagged-emi.md,md,44302,91_rejected_low_value,knowledge_scrape\91_rejected_low_value,.md,url_001676
knowledge_scrape\91_rejected_low_value\url_001677--electronics.stackexchange.com-questions-tagged-esd.md,md,25369,91_rejected_low_value,knowledge_scrape\91_rejected_low_value,.md,url_001677
knowledge_scrape\91_rejected_low_value\url_001678--electronics.stackexchange.com-questions-tagged-esp32.md,md,44642,91_rejected_low_value,knowledge_scrape\91_rejected_low_value,.md,url_001678
knowledge_scrape\91_rejected_low_value\url_001679--electronics.stackexchange.com-questions-tagged-grounding.md,md,44862,91_rejected_low_value,knowledge_scrape\91_rejected_low_value,.md,url_001679
knowledge_scrape\91_rejected_low_value\url_001680--electronics.stackexchange.com-questions-tagged-ground-plane.md,md,46228,91_rejected_low_value,knowledge_scrape\91_rejected_low_value,.md,url_001680
knowledge_scrape\91_rejected_low_value\url_001681--electronics.stackexchange.com-questions-tagged-kicad.md,md,43496,91_rejected_low_value,knowledge_scrape\91_rejected_low_value,.md,url_001681
knowledge_scrape\91_rejected_low_value\url_001682--electronics.stackexchange.com-questions-tagged-pcb.md,md,44595,91_rejected_low_value,knowledge_scrape\91_rejected_low_value,.md,url_001682
knowledge_scrape\91_rejected_low_value\url_001683--electronics.stackexchange.com-questions-tagged-pcb-design.md,md,44999,91_rejected_low_value,knowledge_scrape\91_rejected_low_value,.md,url_001683
knowledge_scrape\91_rejected_low_value\url_001684--electronics.stackexchange.com-questions-tagged-pcb-layout.md,md,29345,91_rejected_low_value,knowledge_scrape\91_rejected_low_value,.md,url_001684
knowledge_scrape\91_rejected_low_value\url_001685--electronics.stackexchange.com-questions-tagged-rf.md,md,44235,91_rejected_low_value,knowledge_scrape\91_rejected_low_value,.md,url_001685
knowledge_scrape\91_rejected_low_value\url_001686--electronics.stackexchange.com-questions-tagged-signal-integrity.md,md,46368,91_rejected_low_value,knowledge_scrape\91_rejected_low_value,.md,url_001686
knowledge_scrape\91_rejected_low_value\url_001687--electronics.stackexchange.com-questions-tagged-switching-regulator.md,md,46390,91_rejected_low_value,knowledge_scrape\91_rejected_low_value,.md,url_001687
knowledge_scrape\91_rejected_low_value\url_001688--electronics.stackexchange.com-questions-tagged-usb.md,md,45220,91_rejected_low_value,knowledge_scrape\91_rejected_low_value,.md,url_001688
knowledge_scrape\91_rejected_low_value\url_001689--electronics.stackexchange.com-questions-tagged-usb-c.md,md,45437,91_rejected_low_value,knowledge_scrape\91_rejected_low_value,.md,url_001689
knowledge_scrape\91_rejected_low_value\url_001690--electronics.stackexchange.com-questions-tagged-wifi.md,md,24627,91_rejected_low_value,knowledge_scrape\91_rejected_low_value,.md,url_001690
knowledge_scrape\91_rejected_low_value\url_001695--electronics.stackexchange.com-search.md,md,7028,91_rejected_low_value,knowledge_scrape\91_rejected_low_value,.md,url_001695
knowledge_scrape\91_rejected_low_value\url_001700--esp32.com-search.php.md,md,1078,91_rejected_low_value,knowledge_scrape\91_rejected_low_value,.md,url_001700
knowledge_scrape\91_rejected_low_value\url_001703--esp32.com-viewforum.php.md,md,1003,91_rejected_low_value,knowledge_scrape\91_rejected_low_value,.md,url_001703
knowledge_scrape\91_rejected_low_value\url_001982--forum.kicad.info-index.md,md,993,91_rejected_low_value,knowledge_scrape\91_rejected_low_value,.md,url_001982
knowledge_scrape\91_rejected_low_value\url_001983--forum.kicad.info-c-development-16.md,md,1039,91_rejected_low_value,knowledge_scrape\91_rejected_low_value,.md,url_001983
knowledge_scrape\91_rejected_low_value\url_001984--forum.kicad.info-c-footprints-symbols-11.md,md,1032,91_rejected_low_value,knowledge_scrape\91_rejected_low_value,.md,url_001984
knowledge_scrape\91_rejected_low_value\url_001985--forum.kicad.info-c-layout-6.md,md,962,91_rejected_low_value,knowledge_scrape\91_rejected_low_value,.md,url_001985
knowledge_scrape\91_rejected_low_value\url_001987--forum.kicad.info-c-software-13.md,md,936,91_rejected_low_value,knowledge_scrape\91_rejected_low_value,.md,url_001987
knowledge_scrape\91_rejected_low_value\url_001996--forum.kicad.info-search.md,md,839,91_rejected_low_value,knowledge_scrape\91_rejected_low_value,.md,url_001996
knowledge_scrape\91_rejected_low_value\url_001998--forum.kicad.info-t-kicad-9-0-python-api-ipc-api-57236.md,md,22002,91_rejected_low_value,knowledge_scrape\91_rejected_low_value,.md,url_001998
knowledge_scrape\91_rejected_low_value\url_002903--github.com-Digi-Key-digikey-kicad-library.md,md,47419,91_rejected_low_value,knowledge_scrape\91_rejected_low_value,.md,url_002903
knowledge_scrape\91_rejected_low_value\url_002925--gitlab.com-kicad-code-kicad-tree-master-pcbnew.md,md,1003,91_rejected_low_value,knowledge_scrape\91_rejected_low_value,.md,url_002925
knowledge_scrape\91_rejected_low_value\url_002926--gitlab.com-kicad-code-kicad-tree-master-pcbnew-swig.md,md,1649,91_rejected_low_value,knowledge_scrape\91_rejected_low_value,.md,url_002926
knowledge_scrape\91_rejected_low_value\url_002927--gitlab.com-kicad-code-kicad-tree-master-qa.md,md,983,91_rejected_low_value,knowledge_scrape\91_rejected_low_value,.md,url_002927
knowledge_scrape\91_rejected_low_value\url_002928--gitlab.com-kicad-code-kicad-tree-master-tools.md,md,998,91_rejected_low_value,knowledge_scrape\91_rejected_low_value,.md,url_002928
knowledge_scrape\91_rejected_low_value\url_002929--gitlab.com-kicad-code-kicad-python-blob-main-readme.md.md,md,1043,91_rejected_low_value,knowledge_scrape\91_rejected_low_value,.md,url_002929
knowledge_scrape\91_rejected_low_value\url_003762--hackaday.com-2021-01-32-some-post-32.md,md,30506,91_rejected_low_value,knowledge_scrape\91_rejected_low_value,.md,url_003762
knowledge_scrape\91_rejected_low_value\url_003773--hackaday.com-2021-01-33-some-post-33.md,md,30506,91_rejected_low_value,knowledge_scrape\91_rejected_low_value,.md,url_003773
knowledge_scrape\91_rejected_low_value\url_003784--hackaday.com-2021-01-34-some-post-34.md,md,30506,91_rejected_low_value,knowledge_scrape\91_rejected_low_value,.md,url_003784
knowledge_scrape\91_rejected_low_value\url_003795--hackaday.com-2021-01-35-some-post-35.md,md,30506,91_rejected_low_value,knowledge_scrape\91_rejected_low_value,.md,url_003795
knowledge_scrape\91_rejected_low_value\url_003806--hackaday.com-2021-01-36-some-post-36.md,md,30506,91_rejected_low_value,knowledge_scrape\91_rejected_low_value,.md,url_003806
knowledge_scrape\91_rejected_low_value\url_003817--hackaday.com-2021-01-37-some-post-37.md,md,30506,91_rejected_low_value,knowledge_scrape\91_rejected_low_value,.md,url_003817
knowledge_scrape\91_rejected_low_value\url_003828--hackaday.com-2021-01-38-some-post-38.md,md,30506,91_rejected_low_value,knowledge_scrape\91_rejected_low_value,.md,url_003828
knowledge_scrape\91_rejected_low_value\url_003839--hackaday.com-2021-01-39-some-post-39.md,md,30506,91_rejected_low_value,knowledge_scrape\91_rejected_low_value,.md,url_003839
knowledge_scrape\91_rejected_low_value\url_003851--hackaday.com-2021-01-40-some-post-40.md,md,30506,91_rejected_low_value,knowledge_scrape\91_rejected_low_value,.md,url_003851
knowledge_scrape\91_rejected_low_value\url_003862--hackaday.com-2021-01-41-some-post-41.md,md,30506,91_rejected_low_value,knowledge_scrape\91_rejected_low_value,.md,url_003862
knowledge_scrape\91_rejected_low_value\url_003873--hackaday.com-2021-01-42-some-post-42.md,md,30506,91_rejected_low_value,knowledge_scrape\91_rejected_low_value,.md,url_003873
knowledge_scrape\91_rejected_low_value\url_003884--hackaday.com-2021-01-43-some-post-43.md,md,30506,91_rejected_low_value,knowledge_scrape\91_rejected_low_value,.md,url_003884
knowledge_scrape\91_rejected_low_value\url_003895--hackaday.com-2021-01-44-some-post-44.md,md,30506,91_rejected_low_value,knowledge_scrape\91_rejected_low_value,.md,url_003895
knowledge_scrape\91_rejected_low_value\url_003906--hackaday.com-2021-01-45-some-post-45.md,md,30506,91_rejected_low_value,knowledge_scrape\91_rejected_low_value,.md,url_003906
knowledge_scrape\91_rejected_low_value\url_003917--hackaday.com-2021-01-46-some-post-46.md,md,30506,91_rejected_low_value,knowledge_scrape\91_rejected_low_value,.md,url_003917
knowledge_scrape\91_rejected_low_value\url_003928--hackaday.com-2021-01-47-some-post-47.md,md,30506,91_rejected_low_value,knowledge_scrape\91_rejected_low_value,.md,url_003928
knowledge_scrape\91_rejected_low_value\url_003939--hackaday.com-2021-01-48-some-post-48.md,md,30506,91_rejected_low_value,knowledge_scrape\91_rejected_low_value,.md,url_003939
knowledge_scrape\91_rejected_low_value\url_003950--hackaday.com-2021-01-49-some-post-49.md,md,30506,91_rejected_low_value,knowledge_scrape\91_rejected_low_value,.md,url_003950
knowledge_scrape\91_rejected_low_value\url_003962--hackaday.com-2021-01-50-some-post-50.md,md,30506,91_rejected_low_value,knowledge_scrape\91_rejected_low_value,.md,url_003962
knowledge_scrape\91_rejected_low_value\url_003964--hackaday.com-2021-01-51-some-post-51.md,md,30506,91_rejected_low_value,knowledge_scrape\91_rejected_low_value,.md,url_003964
knowledge_scrape\91_rejected_low_value\url_003965--hackaday.com-2021-01-52-some-post-52.md,md,30506,91_rejected_low_value,knowledge_scrape\91_rejected_low_value,.md,url_003965
knowledge_scrape\91_rejected_low_value\url_003966--hackaday.com-2021-01-53-some-post-53.md,md,30506,91_rejected_low_value,knowledge_scrape\91_rejected_low_value,.md,url_003966
knowledge_scrape\91_rejected_low_value\url_003967--hackaday.com-2021-01-54-some-post-54.md,md,30506,91_rejected_low_value,knowledge_scrape\91_rejected_low_value,.md,url_003967
knowledge_scrape\91_rejected_low_value\url_003968--hackaday.com-2021-01-55-some-post-55.md,md,30506,91_rejected_low_value,knowledge_scrape\91_rejected_low_value,.md,url_003968
knowledge_scrape\91_rejected_low_value\url_003969--hackaday.com-2021-01-56-some-post-56.md,md,30506,91_rejected_low_value,knowledge_scrape\91_rejected_low_value,.md,url_003969
knowledge_scrape\91_rejected_low_value\url_003970--hackaday.com-2021-01-57-some-post-57.md,md,30506,91_rejected_low_value,knowledge_scrape\91_rejected_low_value,.md,url_003970
knowledge_scrape\91_rejected_low_value\url_003971--hackaday.com-2021-01-58-some-post-58.md,md,30506,91_rejected_low_value,knowledge_scrape\91_rejected_low_value,.md,url_003971
knowledge_scrape\91_rejected_low_value\url_003972--hackaday.com-2021-01-59-some-post-59.md,md,30506,91_rejected_low_value,knowledge_scrape\91_rejected_low_value,.md,url_003972
knowledge_scrape\91_rejected_low_value\url_003974--hackaday.com-2021-01-60-some-post-60.md,md,30506,91_rejected_low_value,knowledge_scrape\91_rejected_low_value,.md,url_003974
knowledge_scrape\91_rejected_low_value\url_003975--hackaday.com-2021-01-61-some-post-61.md,md,30506,91_rejected_low_value,knowledge_scrape\91_rejected_low_value,.md,url_003975
knowledge_scrape\91_rejected_low_value\url_003976--hackaday.com-2021-01-62-some-post-62.md,md,30506,91_rejected_low_value,knowledge_scrape\91_rejected_low_value,.md,url_003976
knowledge_scrape\91_rejected_low_value\url_003977--hackaday.com-2021-01-63-some-post-63.md,md,30506,91_rejected_low_value,knowledge_scrape\91_rejected_low_value,.md,url_003977
knowledge_scrape\91_rejected_low_value\url_003978--hackaday.com-2021-01-64-some-post-64.md,md,30506,91_rejected_low_value,knowledge_scrape\91_rejected_low_value,.md,url_003978
knowledge_scrape\91_rejected_low_value\url_003979--hackaday.com-2021-01-65-some-post-65.md,md,30506,91_rejected_low_value,knowledge_scrape\91_rejected_low_value,.md,url_003979
knowledge_scrape\91_rejected_low_value\url_003980--hackaday.com-2021-01-66-some-post-66.md,md,30506,91_rejected_low_value,knowledge_scrape\91_rejected_low_value,.md,url_003980
knowledge_scrape\91_rejected_low_value\url_003981--hackaday.com-2021-01-67-some-post-67.md,md,30506,91_rejected_low_value,knowledge_scrape\91_rejected_low_value,.md,url_003981
knowledge_scrape\91_rejected_low_value\url_003982--hackaday.com-2021-01-68-some-post-68.md,md,30506,91_rejected_low_value,knowledge_scrape\91_rejected_low_value,.md,url_003982
knowledge_scrape\91_rejected_low_value\url_003983--hackaday.com-2021-01-69-some-post-69.md,md,30506,91_rejected_low_value,knowledge_scrape\91_rejected_low_value,.md,url_003983
knowledge_scrape\91_rejected_low_value\url_003985--hackaday.com-2021-01-70-some-post-70.md,md,30506,91_rejected_low_value,knowledge_scrape\91_rejected_low_value,.md,url_003985
knowledge_scrape\91_rejected_low_value\url_003986--hackaday.com-2021-01-71-some-post-71.md,md,30506,91_rejected_low_value,knowledge_scrape\91_rejected_low_value,.md,url_003986
knowledge_scrape\91_rejected_low_value\url_003987--hackaday.com-2021-01-72-some-post-72.md,md,30506,91_rejected_low_value,knowledge_scrape\91_rejected_low_value,.md,url_003987
knowledge_scrape\91_rejected_low_value\url_003988--hackaday.com-2021-01-73-some-post-73.md,md,30506,91_rejected_low_value,knowledge_scrape\91_rejected_low_value,.md,url_003988
knowledge_scrape\91_rejected_low_value\url_003989--hackaday.com-2021-01-74-some-post-74.md,md,30506,91_rejected_low_value,knowledge_scrape\91_rejected_low_value,.md,url_003989
knowledge_scrape\91_rejected_low_value\url_003990--hackaday.com-2021-01-75-some-post-75.md,md,30506,91_rejected_low_value,knowledge_scrape\91_rejected_low_value,.md,url_003990
knowledge_scrape\91_rejected_low_value\url_003991--hackaday.com-2021-01-76-some-post-76.md,md,30506,91_rejected_low_value,knowledge_scrape\91_rejected_low_value,.md,url_003991
knowledge_scrape\91_rejected_low_value\url_003992--hackaday.com-2021-01-77-some-post-77.md,md,30506,91_rejected_low_value,knowledge_scrape\91_rejected_low_value,.md,url_003992
knowledge_scrape\91_rejected_low_value\url_003993--hackaday.com-2021-01-78-some-post-78.md,md,30506,91_rejected_low_value,knowledge_scrape\91_rejected_low_value,.md,url_003993
knowledge_scrape\91_rejected_low_value\url_003994--hackaday.com-2021-01-79-some-post-79.md,md,30506,91_rejected_low_value,knowledge_scrape\91_rejected_low_value,.md,url_003994
knowledge_scrape\91_rejected_low_value\url_003996--hackaday.com-2021-01-80-some-post-80.md,md,30506,91_rejected_low_value,knowledge_scrape\91_rejected_low_value,.md,url_003996
knowledge_scrape\91_rejected_low_value\url_003997--hackaday.com-2021-01-81-some-post-81.md,md,30506,91_rejected_low_value,knowledge_scrape\91_rejected_low_value,.md,url_003997
knowledge_scrape\91_rejected_low_value\url_003998--hackaday.com-2021-01-82-some-post-82.md,md,30506,91_rejected_low_value,knowledge_scrape\91_rejected_low_value,.md,url_003998
knowledge_scrape\91_rejected_low_value\url_003999--hackaday.com-2021-01-83-some-post-83.md,md,30506,91_rejected_low_value,knowledge_scrape\91_rejected_low_value,.md,url_003999
knowledge_scrape\91_rejected_low_value\url_004000--hackaday.com-2021-01-84-some-post-84.md,md,30506,91_rejected_low_value,knowledge_scrape\91_rejected_low_value,.md,url_004000
knowledge_scrape\91_rejected_low_value\url_004001--hackaday.com-2021-01-85-some-post-85.md,md,30506,91_rejected_low_value,knowledge_scrape\91_rejected_low_value,.md,url_004001
knowledge_scrape\91_rejected_low_value\url_004002--hackaday.com-2021-01-86-some-post-86.md,md,30506,91_rejected_low_value,knowledge_scrape\91_rejected_low_value,.md,url_004002
knowledge_scrape\91_rejected_low_value\url_004003--hackaday.com-2021-01-87-some-post-87.md,md,30506,91_rejected_low_value,knowledge_scrape\91_rejected_low_value,.md,url_004003
knowledge_scrape\91_rejected_low_value\url_004004--hackaday.com-2021-01-88-some-post-88.md,md,30506,91_rejected_low_value,knowledge_scrape\91_rejected_low_value,.md,url_004004
knowledge_scrape\91_rejected_low_value\url_004005--hackaday.com-2021-01-89-some-post-89.md,md,30506,91_rejected_low_value,knowledge_scrape\91_rejected_low_value,.md,url_004005
knowledge_scrape\91_rejected_low_value\url_004007--hackaday.com-2021-01-90-some-post-90.md,md,30506,91_rejected_low_value,knowledge_scrape\91_rejected_low_value,.md,url_004007
knowledge_scrape\91_rejected_low_value\url_004008--hackaday.com-2021-01-91-some-post-91.md,md,30506,91_rejected_low_value,knowledge_scrape\91_rejected_low_value,.md,url_004008
knowledge_scrape\91_rejected_low_value\url_004009--hackaday.com-2021-01-92-some-post-92.md,md,30506,91_rejected_low_value,knowledge_scrape\91_rejected_low_value,.md,url_004009
knowledge_scrape\91_rejected_low_value\url_004010--hackaday.com-2021-01-93-some-post-93.md,md,30506,91_rejected_low_value,knowledge_scrape\91_rejected_low_value,.md,url_004010
knowledge_scrape\91_rejected_low_value\url_004011--hackaday.com-2021-01-94-some-post-94.md,md,30506,91_rejected_low_value,knowledge_scrape\91_rejected_low_value,.md,url_004011
knowledge_scrape\91_rejected_low_value\url_004012--hackaday.com-2021-01-95-some-post-95.md,md,30506,91_rejected_low_value,knowledge_scrape\91_rejected_low_value,.md,url_004012
knowledge_scrape\91_rejected_low_value\url_004013--hackaday.com-2021-01-96-some-post-96.md,md,30506,91_rejected_low_value,knowledge_scrape\91_rejected_low_value,.md,url_004013
knowledge_scrape\91_rejected_low_value\url_004014--hackaday.com-2021-01-97-some-post-97.md,md,30506,91_rejected_low_value,knowledge_scrape\91_rejected_low_value,.md,url_004014
knowledge_scrape\91_rejected_low_value\url_004015--hackaday.com-2021-01-98-some-post-98.md,md,30506,91_rejected_low_value,knowledge_scrape\91_rejected_low_value,.md,url_004015
knowledge_scrape\91_rejected_low_value\url_004016--hackaday.com-2021-01-99-some-post-99.md,md,30506,91_rejected_low_value,knowledge_scrape\91_rejected_low_value,.md,url_004016
knowledge_scrape\91_rejected_low_value\url_004262--hackaday.com-2023-03-32-project-32.md,md,28849,91_rejected_low_value,knowledge_scrape\91_rejected_low_value,.md,url_004262
knowledge_scrape\91_rejected_low_value\url_004273--hackaday.com-2023-03-33-project-33.md,md,28849,91_rejected_low_value,knowledge_scrape\91_rejected_low_value,.md,url_004273
knowledge_scrape\91_rejected_low_value\url_004284--hackaday.com-2023-03-34-project-34.md,md,28849,91_rejected_low_value,knowledge_scrape\91_rejected_low_value,.md,url_004284
knowledge_scrape\91_rejected_low_value\url_004295--hackaday.com-2023-03-35-project-35.md,md,28849,91_rejected_low_value,knowledge_scrape\91_rejected_low_value,.md,url_004295
knowledge_scrape\91_rejected_low_value\url_004306--hackaday.com-2023-03-36-project-36.md,md,28849,91_rejected_low_value,knowledge_scrape\91_rejected_low_value,.md,url_004306
knowledge_scrape\91_rejected_low_value\url_004317--hackaday.com-2023-03-37-project-37.md,md,28849,91_rejected_low_value,knowledge_scrape\91_rejected_low_value,.md,url_004317
knowledge_scrape\91_rejected_low_value\url_004328--hackaday.com-2023-03-38-project-38.md,md,28849,91_rejected_low_value,knowledge_scrape\91_rejected_low_value,.md,url_004328
knowledge_scrape\91_rejected_low_value\url_004339--hackaday.com-2023-03-39-project-39.md,md,28849,91_rejected_low_value,knowledge_scrape\91_rejected_low_value,.md,url_004339
knowledge_scrape\91_rejected_low_value\url_004351--hackaday.com-2023-03-40-project-40.md,md,28849,91_rejected_low_value,knowledge_scrape\91_rejected_low_value,.md,url_004351
knowledge_scrape\91_rejected_low_value\url_004362--hackaday.com-2023-03-41-project-41.md,md,28849,91_rejected_low_value,knowledge_scrape\91_rejected_low_value,.md,url_004362
knowledge_scrape\91_rejected_low_value\url_004373--hackaday.com-2023-03-42-project-42.md,md,28849,91_rejected_low_value,knowledge_scrape\91_rejected_low_value,.md,url_004373
knowledge_scrape\91_rejected_low_value\url_004384--hackaday.com-2023-03-43-project-43.md,md,28849,91_rejected_low_value,knowledge_scrape\91_rejected_low_value,.md,url_004384
knowledge_scrape\91_rejected_low_value\url_004395--hackaday.com-2023-03-44-project-44.md,md,28849,91_rejected_low_value,knowledge_scrape\91_rejected_low_value,.md,url_004395
knowledge_scrape\91_rejected_low_value\url_004406--hackaday.com-2023-03-45-project-45.md,md,28849,91_rejected_low_value,knowledge_scrape\91_rejected_low_value,.md,url_004406
knowledge_scrape\91_rejected_low_value\url_004417--hackaday.com-2023-03-46-project-46.md,md,28849,91_rejected_low_value,knowledge_scrape\91_rejected_low_value,.md,url_004417
knowledge_scrape\91_rejected_low_value\url_004428--hackaday.com-2023-03-47-project-47.md,md,28849,91_rejected_low_value,knowledge_scrape\91_rejected_low_value,.md,url_004428
knowledge_scrape\91_rejected_low_value\url_004439--hackaday.com-2023-03-48-project-48.md,md,28849,91_rejected_low_value,knowledge_scrape\91_rejected_low_value,.md,url_004439
knowledge_scrape\91_rejected_low_value\url_004450--hackaday.com-2023-03-49-project-49.md,md,28849,91_rejected_low_value,knowledge_scrape\91_rejected_low_value,.md,url_004450
knowledge_scrape\91_rejected_low_value\url_004462--hackaday.com-2023-03-50-project-50.md,md,28849,91_rejected_low_value,knowledge_scrape\91_rejected_low_value,.md,url_004462
knowledge_scrape\91_rejected_low_value\url_004464--hackaday.com-2023-03-51-project-51.md,md,28849,91_rejected_low_value,knowledge_scrape\91_rejected_low_value,.md,url_004464
knowledge_scrape\91_rejected_low_value\url_004465--hackaday.com-2023-03-52-project-52.md,md,28849,91_rejected_low_value,knowledge_scrape\91_rejected_low_value,.md,url_004465
knowledge_scrape\91_rejected_low_value\url_004466--hackaday.com-2023-03-53-project-53.md,md,28849,91_rejected_low_value,knowledge_scrape\91_rejected_low_value,.md,url_004466
knowledge_scrape\91_rejected_low_value\url_004467--hackaday.com-2023-03-54-project-54.md,md,28849,91_rejected_low_value,knowledge_scrape\91_rejected_low_value,.md,url_004467
knowledge_scrape\91_rejected_low_value\url_004468--hackaday.com-2023-03-55-project-55.md,md,28849,91_rejected_low_value,knowledge_scrape\91_rejected_low_value,.md,url_004468
knowledge_scrape\91_rejected_low_value\url_004469--hackaday.com-2023-03-56-project-56.md,md,28849,91_rejected_low_value,knowledge_scrape\91_rejected_low_value,.md,url_004469
knowledge_scrape\91_rejected_low_value\url_004470--hackaday.com-2023-03-57-project-57.md,md,28849,91_rejected_low_value,knowledge_scrape\91_rejected_low_value,.md,url_004470
knowledge_scrape\91_rejected_low_value\url_004471--hackaday.com-2023-03-58-project-58.md,md,28849,91_rejected_low_value,knowledge_scrape\91_rejected_low_value,.md,url_004471
knowledge_scrape\91_rejected_low_value\url_004472--hackaday.com-2023-03-59-project-59.md,md,28849,91_rejected_low_value,knowledge_scrape\91_rejected_low_value,.md,url_004472
knowledge_scrape\91_rejected_low_value\url_004474--hackaday.com-2023-03-60-project-60.md,md,28849,91_rejected_low_value,knowledge_scrape\91_rejected_low_value,.md,url_004474
knowledge_scrape\91_rejected_low_value\url_004475--hackaday.com-2023-03-61-project-61.md,md,28849,91_rejected_low_value,knowledge_scrape\91_rejected_low_value,.md,url_004475
knowledge_scrape\91_rejected_low_value\url_004476--hackaday.com-2023-03-62-project-62.md,md,28849,91_rejected_low_value,knowledge_scrape\91_rejected_low_value,.md,url_004476
knowledge_scrape\91_rejected_low_value\url_004477--hackaday.com-2023-03-63-project-63.md,md,28849,91_rejected_low_value,knowledge_scrape\91_rejected_low_value,.md,url_004477
knowledge_scrape\91_rejected_low_value\url_004478--hackaday.com-2023-03-64-project-64.md,md,28849,91_rejected_low_value,knowledge_scrape\91_rejected_low_value,.md,url_004478
knowledge_scrape\91_rejected_low_value\url_004479--hackaday.com-2023-03-65-project-65.md,md,28849,91_rejected_low_value,knowledge_scrape\91_rejected_low_value,.md,url_004479
knowledge_scrape\91_rejected_low_value\url_004480--hackaday.com-2023-03-66-project-66.md,md,28849,91_rejected_low_value,knowledge_scrape\91_rejected_low_value,.md,url_004480
knowledge_scrape\91_rejected_low_value\url_004481--hackaday.com-2023-03-67-project-67.md,md,28849,91_rejected_low_value,knowledge_scrape\91_rejected_low_value,.md,url_004481
knowledge_scrape\91_rejected_low_value\url_004482--hackaday.com-2023-03-68-project-68.md,md,28849,91_rejected_low_value,knowledge_scrape\91_rejected_low_value,.md,url_004482
knowledge_scrape\91_rejected_low_value\url_004483--hackaday.com-2023-03-69-project-69.md,md,28849,91_rejected_low_value,knowledge_scrape\91_rejected_low_value,.md,url_004483
knowledge_scrape\91_rejected_low_value\url_004485--hackaday.com-2023-03-70-project-70.md,md,28849,91_rejected_low_value,knowledge_scrape\91_rejected_low_value,.md,url_004485
knowledge_scrape\91_rejected_low_value\url_004486--hackaday.com-2023-03-71-project-71.md,md,28849,91_rejected_low_value,knowledge_scrape\91_rejected_low_value,.md,url_004486
knowledge_scrape\91_rejected_low_value\url_004487--hackaday.com-2023-03-72-project-72.md,md,28849,91_rejected_low_value,knowledge_scrape\91_rejected_low_value,.md,url_004487
knowledge_scrape\91_rejected_low_value\url_004488--hackaday.com-2023-03-73-project-73.md,md,28849,91_rejected_low_value,knowledge_scrape\91_rejected_low_value,.md,url_004488
knowledge_scrape\91_rejected_low_value\url_004489--hackaday.com-2023-03-74-project-74.md,md,28849,91_rejected_low_value,knowledge_scrape\91_rejected_low_value,.md,url_004489
knowledge_scrape\91_rejected_low_value\url_004490--hackaday.com-2023-03-75-project-75.md,md,28849,91_rejected_low_value,knowledge_scrape\91_rejected_low_value,.md,url_004490
knowledge_scrape\91_rejected_low_value\url_004491--hackaday.com-2023-03-76-project-76.md,md,28849,91_rejected_low_value,knowledge_scrape\91_rejected_low_value,.md,url_004491
knowledge_scrape\91_rejected_low_value\url_004492--hackaday.com-2023-03-77-project-77.md,md,28849,91_rejected_low_value,knowledge_scrape\91_rejected_low_value,.md,url_004492
knowledge_scrape\91_rejected_low_value\url_004493--hackaday.com-2023-03-78-project-78.md,md,28849,91_rejected_low_value,knowledge_scrape\91_rejected_low_value,.md,url_004493
knowledge_scrape\91_rejected_low_value\url_004494--hackaday.com-2023-03-79-project-79.md,md,28849,91_rejected_low_value,knowledge_scrape\91_rejected_low_value,.md,url_004494
knowledge_scrape\91_rejected_low_value\url_004496--hackaday.com-2023-03-80-project-80.md,md,28849,91_rejected_low_value,knowledge_scrape\91_rejected_low_value,.md,url_004496
knowledge_scrape\91_rejected_low_value\url_004497--hackaday.com-2023-03-81-project-81.md,md,28849,91_rejected_low_value,knowledge_scrape\91_rejected_low_value,.md,url_004497
knowledge_scrape\91_rejected_low_value\url_004498--hackaday.com-2023-03-82-project-82.md,md,28849,91_rejected_low_value,knowledge_scrape\91_rejected_low_value,.md,url_004498
knowledge_scrape\91_rejected_low_value\url_004499--hackaday.com-2023-03-83-project-83.md,md,28849,91_rejected_low_value,knowledge_scrape\91_rejected_low_value,.md,url_004499
knowledge_scrape\91_rejected_low_value\url_004500--hackaday.com-2023-03-84-project-84.md,md,28849,91_rejected_low_value,knowledge_scrape\91_rejected_low_value,.md,url_004500
knowledge_scrape\91_rejected_low_value\url_004501--hackaday.com-2023-03-85-project-85.md,md,28849,91_rejected_low_value,knowledge_scrape\91_rejected_low_value,.md,url_004501
knowledge_scrape\91_rejected_low_value\url_004502--hackaday.com-2023-03-86-project-86.md,md,28849,91_rejected_low_value,knowledge_scrape\91_rejected_low_value,.md,url_004502
knowledge_scrape\91_rejected_low_value\url_004503--hackaday.com-2023-03-87-project-87.md,md,28849,91_rejected_low_value,knowledge_scrape\91_rejected_low_value,.md,url_004503
knowledge_scrape\91_rejected_low_value\url_004504--hackaday.com-2023-03-88-project-88.md,md,28849,91_rejected_low_value,knowledge_scrape\91_rejected_low_value,.md,url_004504
knowledge_scrape\91_rejected_low_value\url_004505--hackaday.com-2023-03-89-project-89.md,md,28849,91_rejected_low_value,knowledge_scrape\91_rejected_low_value,.md,url_004505
knowledge_scrape\91_rejected_low_value\url_004507--hackaday.com-2023-03-90-project-90.md,md,28849,91_rejected_low_value,knowledge_scrape\91_rejected_low_value,.md,url_004507
knowledge_scrape\91_rejected_low_value\url_004508--hackaday.com-2023-03-91-project-91.md,md,28849,91_rejected_low_value,knowledge_scrape\91_rejected_low_value,.md,url_004508
knowledge_scrape\91_rejected_low_value\url_004509--hackaday.com-2023-03-92-project-92.md,md,28849,91_rejected_low_value,knowledge_scrape\91_rejected_low_value,.md,url_004509
knowledge_scrape\91_rejected_low_value\url_004510--hackaday.com-2023-03-93-project-93.md,md,28849,91_rejected_low_value,knowledge_scrape\91_rejected_low_value,.md,url_004510
knowledge_scrape\91_rejected_low_value\url_004511--hackaday.com-2023-03-94-project-94.md,md,28849,91_rejected_low_value,knowledge_scrape\91_rejected_low_value,.md,url_004511
knowledge_scrape\91_rejected_low_value\url_004512--hackaday.com-2023-03-95-project-95.md,md,28849,91_rejected_low_value,knowledge_scrape\91_rejected_low_value,.md,url_004512
knowledge_scrape\91_rejected_low_value\url_004513--hackaday.com-2023-03-96-project-96.md,md,28849,91_rejected_low_value,knowledge_scrape\91_rejected_low_value,.md,url_004513
knowledge_scrape\91_rejected_low_value\url_004514--hackaday.com-2023-03-97-project-97.md,md,28849,91_rejected_low_value,knowledge_scrape\91_rejected_low_value,.md,url_004514
knowledge_scrape\91_rejected_low_value\url_004515--hackaday.com-2023-03-98-project-98.md,md,28849,91_rejected_low_value,knowledge_scrape\91_rejected_low_value,.md,url_004515
knowledge_scrape\91_rejected_low_value\url_004516--hackaday.com-2023-03-99-project-99.md,md,28849,91_rejected_low_value,knowledge_scrape\91_rejected_low_value,.md,url_004516
knowledge_scrape\91_rejected_low_value\url_004517--hackaday.com-tag-antenna.md,md,24196,91_rejected_low_value,knowledge_scrape\91_rejected_low_value,.md,url_004517
knowledge_scrape\91_rejected_low_value\url_004518--hackaday.com-tag-buck-converter.md,md,26565,91_rejected_low_value,knowledge_scrape\91_rejected_low_value,.md,url_004518
knowledge_scrape\91_rejected_low_value\url_004519--hackaday.com-tag-esd.md,md,27709,91_rejected_low_value,knowledge_scrape\91_rejected_low_value,.md,url_004519
knowledge_scrape\91_rejected_low_value\url_004520--hackaday.com-tag-esp32-s3.md,md,27995,91_rejected_low_value,knowledge_scrape\91_rejected_low_value,.md,url_004520
knowledge_scrape\91_rejected_low_value\url_004521--hackaday.com-tag-kicad.md,md,25583,91_rejected_low_value,knowledge_scrape\91_rejected_low_value,.md,url_004521
knowledge_scrape\91_rejected_low_value\url_004522--hackaday.com-tag-pcb-design.md,md,29153,91_rejected_low_value,knowledge_scrape\91_rejected_low_value,.md,url_004522
knowledge_scrape\91_rejected_low_value\url_004523--hackaday.com-tag-pcb-layout.md,md,25183,91_rejected_low_value,knowledge_scrape\91_rejected_low_value,.md,url_004523
knowledge_scrape\91_rejected_low_value\url_004524--hackaday.com-tag-power-supply.md,md,25789,91_rejected_low_value,knowledge_scrape\91_rejected_low_value,.md,url_004524
knowledge_scrape\91_rejected_low_value\url_004525--hackaday.com-tag-usb-c.md,md,27144,91_rejected_low_value,knowledge_scrape\91_rejected_low_value,.md,url_004525
knowledge_scrape\91_rejected_low_value\url_004552--klc.kicad.org-footprint.md,md,1340,91_rejected_low_value,knowledge_scrape\91_rejected_low_value,.md,url_004552
knowledge_scrape\91_rejected_low_value\url_004553--klc.kicad.org-model.md,md,1339,91_rejected_low_value,knowledge_scrape\91_rejected_low_value,.md,url_004553
knowledge_scrape\91_rejected_low_value\url_004554--klc.kicad.org-symbol.md,md,1309,91_rejected_low_value,knowledge_scrape\91_rejected_low_value,.md,url_004554
knowledge_scrape\91_rejected_low_value\url_004556--learn.adafruit.com-adafruit-feather-rp2040-pico.md,md,21612,91_rejected_low_value,knowledge_scrape\91_rejected_low_value,.md,url_004556
knowledge_scrape\91_rejected_low_value\url_004557--learn.adafruit.com-adafruit-guide-excellent-soldering.md,md,23696,91_rejected_low_value,knowledge_scrape\91_rejected_low_value,.md,url_004557
knowledge_scrape\91_rejected_low_value\url_004558--learn.adafruit.com-adafruit-qt-py-esp32-s3.md,md,19716,91_rejected_low_value,knowledge_scrape\91_rejected_low_value,.md,url_004558
knowledge_scrape\91_rejected_low_value\url_004559--learn.sparkfun.com-tutorials-designing-pcbs-advanced-smd-all.md,md,53847,91_rejected_low_value,knowledge_scrape\91_rejected_low_value,.md,url_004559
knowledge_scrape\91_rejected_low_value\url_004560--learn.sparkfun.com-tutorials-how-to-read-a-schematic-all.md,md,32576,91_rejected_low_value,knowledge_scrape\91_rejected_low_value,.md,url_004560
knowledge_scrape\91_rejected_low_value\url_004561--learn.sparkfun.com-tutorials-pcb-basics-all.md,md,28509,91_rejected_low_value,knowledge_scrape\91_rejected_low_value,.md,url_004561
knowledge_scrape\91_rejected_low_value\url_004563--octopart.com-index.md,md,192725,91_rejected_low_value,knowledge_scrape\91_rejected_low_value,.md,url_004563
knowledge_scrape\91_rejected_low_value\url_004566--octopart.com-faq-downloading-and-installing-cad-models.md,md,174874,91_rejected_low_value,knowledge_scrape\91_rejected_low_value,.md,url_004566
knowledge_scrape\91_rejected_low_value\url_004579--resources.altium.com-p-pcb-layout-guidelines.md,md,126811,91_rejected_low_value,knowledge_scrape\91_rejected_low_value,.md,url_004579
knowledge_scrape\91_rejected_low_value\url_004599--resources.pcb.cadence.com-blog-2024-optimizing-for-pcb-trace-thickness-vs-current-capacity.md,md,11331,91_rejected_low_value,knowledge_scrape\91_rejected_low_value,.md,url_004599
knowledge_scrape\91_rejected_low_value\url_004600--saturnpcb.com-saturn-pcb-toolkit.md,md,32812,91_rejected_low_value,knowledge_scrape\91_rejected_low_value,.md,url_004600
knowledge_scrape\91_rejected_low_value\url_006096--autodesk.com-products-fusion-360-blog-differential-pair-routing.md,md,6594,91_rejected_low_value,knowledge_scrape\91_rejected_low_value,.md,url_006096
knowledge_scrape\91_rejected_low_value\url_006103--bourns.com-products-circuit-protection-multifuse-pptc-resettable-fuses.md,md,13047,91_rejected_low_value,knowledge_scrape\91_rejected_low_value,.md,url_006103
knowledge_scrape\91_rejected_low_value\url_006104--bourns.com-products-diodes-esd-protection-diodes.md,md,12959,91_rejected_low_value,knowledge_scrape\91_rejected_low_value,.md,url_006104
knowledge_scrape\91_rejected_low_value\url_006321--ee-training.dk-index.md,md,7222,91_rejected_low_value,knowledge_scrape\91_rejected_low_value,.md,url_006321
knowledge_scrape\91_rejected_low_value\url_006322--eevblog.com-forum-beginners.md,md,56073,91_rejected_low_value,knowledge_scrape\91_rejected_low_value,.md,url_006322
knowledge_scrape\91_rejected_low_value\url_006323--eevblog.com-forum-beginners-ground-plane-question.md,md,5481,91_rejected_low_value,knowledge_scrape\91_rejected_low_value,.md,url_006323
knowledge_scrape\91_rejected_low_value\url_006324--eevblog.com-forum-beginners-pcb-layout-review.md,md,5461,91_rejected_low_value,knowledge_scrape\91_rejected_low_value,.md,url_006324
knowledge_scrape\91_rejected_low_value\url_006325--eevblog.com-forum-eda.md,md,55348,91_rejected_low_value,knowledge_scrape\91_rejected_low_value,.md,url_006325
knowledge_scrape\91_rejected_low_value\url_006326--eevblog.com-forum-eda-kicad-6-kicad-7-kicad-8-kicad-9.md,md,5424,91_rejected_low_value,knowledge_scrape\91_rejected_low_value,.md,url_006326
knowledge_scrape\91_rejected_low_value\url_006327--eevblog.com-forum-projects.md,md,11369,91_rejected_low_value,knowledge_scrape\91_rejected_low_value,.md,url_006327
knowledge_scrape\91_rejected_low_value\url_006338--eevblog.com-forum-projects-110.md,md,11858,91_rejected_low_value,knowledge_scrape\91_rejected_low_value,.md,url_006338
knowledge_scrape\91_rejected_low_value\url_006339--eevblog.com-forum-projects-111.md,md,27417,91_rejected_low_value,knowledge_scrape\91_rejected_low_value,.md,url_006339
knowledge_scrape\91_rejected_low_value\url_006340--eevblog.com-forum-projects-112.md,md,41315,91_rejected_low_value,knowledge_scrape\91_rejected_low_value,.md,url_006340
knowledge_scrape\91_rejected_low_value\url_006344--eevblog.com-forum-projects-116.md,md,3347,91_rejected_low_value,knowledge_scrape\91_rejected_low_value,.md,url_006344
knowledge_scrape\91_rejected_low_value\url_006345--eevblog.com-forum-projects-117.md,md,3347,91_rejected_low_value,knowledge_scrape\91_rejected_low_value,.md,url_006345
knowledge_scrape\91_rejected_low_value\url_006346--eevblog.com-forum-projects-118.md,md,3347,91_rejected_low_value,knowledge_scrape\91_rejected_low_value,.md,url_006346
knowledge_scrape\91_rejected_low_value\url_006350--eevblog.com-forum-projects-122.md,md,12836,91_rejected_low_value,knowledge_scrape\91_rejected_low_value,.md,url_006350
knowledge_scrape\91_rejected_low_value\url_006351--eevblog.com-forum-projects-123.md,md,1091,91_rejected_low_value,knowledge_scrape\91_rejected_low_value,.md,url_006351
knowledge_scrape\91_rejected_low_value\url_006352--eevblog.com-forum-projects-124.md,md,1091,91_rejected_low_value,knowledge_scrape\91_rejected_low_value,.md,url_006352
knowledge_scrape\91_rejected_low_value\url_006353--eevblog.com-forum-projects-125.md,md,1091,91_rejected_low_value,knowledge_scrape\91_rejected_low_value,.md,url_006353
knowledge_scrape\91_rejected_low_value\url_006354--eevblog.com-forum-projects-126.md,md,1091,91_rejected_low_value,knowledge_scrape\91_rejected_low_value,.md,url_006354
knowledge_scrape\91_rejected_low_value\url_006355--eevblog.com-forum-projects-127.md,md,1091,91_rejected_low_value,knowledge_scrape\91_rejected_low_value,.md,url_006355
knowledge_scrape\91_rejected_low_value\url_006356--eevblog.com-forum-projects-128.md,md,1091,91_rejected_low_value,knowledge_scrape\91_rejected_low_value,.md,url_006356
knowledge_scrape\91_rejected_low_value\url_006357--eevblog.com-forum-projects-129.md,md,1091,91_rejected_low_value,knowledge_scrape\91_rejected_low_value,.md,url_006357
knowledge_scrape\91_rejected_low_value\url_006358--eevblog.com-forum-projects-130.md,md,1091,91_rejected_low_value,knowledge_scrape\91_rejected_low_value,.md,url_006358
knowledge_scrape\91_rejected_low_value\url_006359--eevblog.com-forum-projects-131.md,md,1091,91_rejected_low_value,knowledge_scrape\91_rejected_low_value,.md,url_006359
knowledge_scrape\91_rejected_low_value\url_006360--eevblog.com-forum-projects-132.md,md,1091,91_rejected_low_value,knowledge_scrape\91_rejected_low_value,.md,url_006360
knowledge_scrape\91_rejected_low_value\url_006361--eevblog.com-forum-projects-133.md,md,1091,91_rejected_low_value,knowledge_scrape\91_rejected_low_value,.md,url_006361
knowledge_scrape\91_rejected_low_value\url_006362--eevblog.com-forum-projects-134.md,md,1091,91_rejected_low_value,knowledge_scrape\91_rejected_low_value,.md,url_006362
knowledge_scrape\91_rejected_low_value\url_006363--eevblog.com-forum-projects-135.md,md,1091,91_rejected_low_value,knowledge_scrape\91_rejected_low_value,.md,url_006363
knowledge_scrape\91_rejected_low_value\url_006364--eevblog.com-forum-projects-136.md,md,1091,91_rejected_low_value,knowledge_scrape\91_rejected_low_value,.md,url_006364
knowledge_scrape\91_rejected_low_value\url_006365--eevblog.com-forum-projects-137.md,md,1091,91_rejected_low_value,knowledge_scrape\91_rejected_low_value,.md,url_006365
knowledge_scrape\91_rejected_low_value\url_006366--eevblog.com-forum-projects-138.md,md,1091,91_rejected_low_value,knowledge_scrape\91_rejected_low_value,.md,url_006366
knowledge_scrape\91_rejected_low_value\url_006367--eevblog.com-forum-projects-139.md,md,1091,91_rejected_low_value,knowledge_scrape\91_rejected_low_value,.md,url_006367
knowledge_scrape\91_rejected_low_value\url_006368--eevblog.com-forum-projects-140.md,md,1091,91_rejected_low_value,knowledge_scrape\91_rejected_low_value,.md,url_006368
knowledge_scrape\91_rejected_low_value\url_006369--eevblog.com-forum-projects-141.md,md,1091,91_rejected_low_value,knowledge_scrape\91_rejected_low_value,.md,url_006369
knowledge_scrape\91_rejected_low_value\url_006370--eevblog.com-forum-projects-142.md,md,1091,91_rejected_low_value,knowledge_scrape\91_rejected_low_value,.md,url_006370
knowledge_scrape\91_rejected_low_value\url_006371--eevblog.com-forum-projects-143.md,md,1091,91_rejected_low_value,knowledge_scrape\91_rejected_low_value,.md,url_006371
knowledge_scrape\91_rejected_low_value\url_006372--eevblog.com-forum-projects-144.md,md,1091,91_rejected_low_value,knowledge_scrape\91_rejected_low_value,.md,url_006372
knowledge_scrape\91_rejected_low_value\url_006373--eevblog.com-forum-projects-145.md,md,1091,91_rejected_low_value,knowledge_scrape\91_rejected_low_value,.md,url_006373
knowledge_scrape\91_rejected_low_value\url_006374--eevblog.com-forum-projects-146.md,md,1091,91_rejected_low_value,knowledge_scrape\91_rejected_low_value,.md,url_006374
knowledge_scrape\91_rejected_low_value\url_006375--eevblog.com-forum-projects-147.md,md,1091,91_rejected_low_value,knowledge_scrape\91_rejected_low_value,.md,url_006375
knowledge_scrape\91_rejected_low_value\url_006376--eevblog.com-forum-projects-148.md,md,1091,91_rejected_low_value,knowledge_scrape\91_rejected_low_value,.md,url_006376
knowledge_scrape\91_rejected_low_value\url_006377--eevblog.com-forum-projects-149.md,md,1091,91_rejected_low_value,knowledge_scrape\91_rejected_low_value,.md,url_006377
knowledge_scrape\91_rejected_low_value\url_006378--eevblog.com-forum-projects-150.md,md,1091,91_rejected_low_value,knowledge_scrape\91_rejected_low_value,.md,url_006378
knowledge_scrape\91_rejected_low_value\url_006379--eevblog.com-forum-projects-151.md,md,1091,91_rejected_low_value,knowledge_scrape\91_rejected_low_value,.md,url_006379
knowledge_scrape\91_rejected_low_value\url_006380--eevblog.com-forum-projects-152.md,md,1091,91_rejected_low_value,knowledge_scrape\91_rejected_low_value,.md,url_006380
knowledge_scrape\91_rejected_low_value\url_006381--eevblog.com-forum-projects-153.md,md,1091,91_rejected_low_value,knowledge_scrape\91_rejected_low_value,.md,url_006381
knowledge_scrape\91_rejected_low_value\url_006382--eevblog.com-forum-projects-154.md,md,1091,91_rejected_low_value,knowledge_scrape\91_rejected_low_value,.md,url_006382
knowledge_scrape\91_rejected_low_value\url_006383--eevblog.com-forum-projects-155.md,md,1091,91_rejected_low_value,knowledge_scrape\91_rejected_low_value,.md,url_006383
knowledge_scrape\91_rejected_low_value\url_006384--eevblog.com-forum-projects-156.md,md,1091,91_rejected_low_value,knowledge_scrape\91_rejected_low_value,.md,url_006384
knowledge_scrape\91_rejected_low_value\url_006385--eevblog.com-forum-projects-157.md,md,1091,91_rejected_low_value,knowledge_scrape\91_rejected_low_value,.md,url_006385
knowledge_scrape\91_rejected_low_value\url_006386--eevblog.com-forum-projects-158.md,md,1091,91_rejected_low_value,knowledge_scrape\91_rejected_low_value,.md,url_006386
knowledge_scrape\91_rejected_low_value\url_006387--eevblog.com-forum-projects-159.md,md,1091,91_rejected_low_value,knowledge_scrape\91_rejected_low_value,.md,url_006387
knowledge_scrape\91_rejected_low_value\url_006388--eevblog.com-forum-projects-160.md,md,1091,91_rejected_low_value,knowledge_scrape\91_rejected_low_value,.md,url_006388
knowledge_scrape\91_rejected_low_value\url_006389--eevblog.com-forum-projects-161.md,md,1091,91_rejected_low_value,knowledge_scrape\91_rejected_low_value,.md,url_006389
knowledge_scrape\91_rejected_low_value\url_006390--eevblog.com-forum-projects-162.md,md,1091,91_rejected_low_value,knowledge_scrape\91_rejected_low_value,.md,url_006390
knowledge_scrape\91_rejected_low_value\url_006391--eevblog.com-forum-projects-163.md,md,1091,91_rejected_low_value,knowledge_scrape\91_rejected_low_value,.md,url_006391
knowledge_scrape\91_rejected_low_value\url_006392--eevblog.com-forum-projects-164.md,md,1091,91_rejected_low_value,knowledge_scrape\91_rejected_low_value,.md,url_006392
knowledge_scrape\91_rejected_low_value\url_006393--eevblog.com-forum-projects-165.md,md,1091,91_rejected_low_value,knowledge_scrape\91_rejected_low_value,.md,url_006393
knowledge_scrape\91_rejected_low_value\url_006394--eevblog.com-forum-projects-166.md,md,1091,91_rejected_low_value,knowledge_scrape\91_rejected_low_value,.md,url_006394
knowledge_scrape\91_rejected_low_value\url_006395--eevblog.com-forum-projects-167.md,md,1091,91_rejected_low_value,knowledge_scrape\91_rejected_low_value,.md,url_006395
knowledge_scrape\91_rejected_low_value\url_006396--eevblog.com-forum-projects-168.md,md,1091,91_rejected_low_value,knowledge_scrape\91_rejected_low_value,.md,url_006396
knowledge_scrape\91_rejected_low_value\url_006397--eevblog.com-forum-projects-169.md,md,1091,91_rejected_low_value,knowledge_scrape\91_rejected_low_value,.md,url_006397
knowledge_scrape\91_rejected_low_value\url_006398--eevblog.com-forum-projects-170.md,md,1091,91_rejected_low_value,knowledge_scrape\91_rejected_low_value,.md,url_006398
knowledge_scrape\91_rejected_low_value\url_006399--eevblog.com-forum-projects-171.md,md,1091,91_rejected_low_value,knowledge_scrape\91_rejected_low_value,.md,url_006399
knowledge_scrape\91_rejected_low_value\url_006400--eevblog.com-forum-projects-172.md,md,1091,91_rejected_low_value,knowledge_scrape\91_rejected_low_value,.md,url_006400
knowledge_scrape\91_rejected_low_value\url_006401--eevblog.com-forum-projects-173.md,md,1091,91_rejected_low_value,knowledge_scrape\91_rejected_low_value,.md,url_006401
knowledge_scrape\91_rejected_low_value\url_006402--eevblog.com-forum-projects-174.md,md,1091,91_rejected_low_value,knowledge_scrape\91_rejected_low_value,.md,url_006402
knowledge_scrape\91_rejected_low_value\url_006403--eevblog.com-forum-projects-175.md,md,1091,91_rejected_low_value,knowledge_scrape\91_rejected_low_value,.md,url_006403
knowledge_scrape\91_rejected_low_value\url_006404--eevblog.com-forum-projects-176.md,md,1091,91_rejected_low_value,knowledge_scrape\91_rejected_low_value,.md,url_006404
knowledge_scrape\91_rejected_low_value\url_006405--eevblog.com-forum-projects-177.md,md,1091,91_rejected_low_value,knowledge_scrape\91_rejected_low_value,.md,url_006405
knowledge_scrape\91_rejected_low_value\url_006406--eevblog.com-forum-projects-178.md,md,1091,91_rejected_low_value,knowledge_scrape\91_rejected_low_value,.md,url_006406
knowledge_scrape\91_rejected_low_value\url_006407--eevblog.com-forum-projects-179.md,md,1091,91_rejected_low_value,knowledge_scrape\91_rejected_low_value,.md,url_006407
knowledge_scrape\91_rejected_low_value\url_006408--eevblog.com-forum-projects-180.md,md,1091,91_rejected_low_value,knowledge_scrape\91_rejected_low_value,.md,url_006408
knowledge_scrape\91_rejected_low_value\url_006409--eevblog.com-forum-projects-181.md,md,1091,91_rejected_low_value,knowledge_scrape\91_rejected_low_value,.md,url_006409
knowledge_scrape\91_rejected_low_value\url_006410--eevblog.com-forum-projects-182.md,md,1091,91_rejected_low_value,knowledge_scrape\91_rejected_low_value,.md,url_006410
knowledge_scrape\91_rejected_low_value\url_006411--eevblog.com-forum-projects-183.md,md,1091,91_rejected_low_value,knowledge_scrape\91_rejected_low_value,.md,url_006411
knowledge_scrape\91_rejected_low_value\url_006412--eevblog.com-forum-projects-184.md,md,1091,91_rejected_low_value,knowledge_scrape\91_rejected_low_value,.md,url_006412
knowledge_scrape\91_rejected_low_value\url_006413--eevblog.com-forum-projects-185.md,md,1091,91_rejected_low_value,knowledge_scrape\91_rejected_low_value,.md,url_006413
knowledge_scrape\91_rejected_low_value\url_006414--eevblog.com-forum-projects-186.md,md,1091,91_rejected_low_value,knowledge_scrape\91_rejected_low_value,.md,url_006414
knowledge_scrape\91_rejected_low_value\url_006415--eevblog.com-forum-projects-187.md,md,1091,91_rejected_low_value,knowledge_scrape\91_rejected_low_value,.md,url_006415
knowledge_scrape\91_rejected_low_value\url_006416--eevblog.com-forum-projects-188.md,md,1091,91_rejected_low_value,knowledge_scrape\91_rejected_low_value,.md,url_006416
knowledge_scrape\91_rejected_low_value\url_006417--eevblog.com-forum-projects-189.md,md,1091,91_rejected_low_value,knowledge_scrape\91_rejected_low_value,.md,url_006417
knowledge_scrape\91_rejected_low_value\url_006418--eevblog.com-forum-projects-190.md,md,1091,91_rejected_low_value,knowledge_scrape\91_rejected_low_value,.md,url_006418
knowledge_scrape\91_rejected_low_value\url_006419--eevblog.com-forum-projects-191.md,md,1091,91_rejected_low_value,knowledge_scrape\91_rejected_low_value,.md,url_006419
knowledge_scrape\91_rejected_low_value\url_006420--eevblog.com-forum-projects-192.md,md,1091,91_rejected_low_value,knowledge_scrape\91_rejected_low_value,.md,url_006420
knowledge_scrape\91_rejected_low_value\url_006421--eevblog.com-forum-projects-193.md,md,1091,91_rejected_low_value,knowledge_scrape\91_rejected_low_value,.md,url_006421
knowledge_scrape\91_rejected_low_value\url_006422--eevblog.com-forum-projects-194.md,md,1091,91_rejected_low_value,knowledge_scrape\91_rejected_low_value,.md,url_006422
knowledge_scrape\91_rejected_low_value\url_006423--eevblog.com-forum-projects-195.md,md,1091,91_rejected_low_value,knowledge_scrape\91_rejected_low_value,.md,url_006423
knowledge_scrape\91_rejected_low_value\url_006424--eevblog.com-forum-projects-196.md,md,1091,91_rejected_low_value,knowledge_scrape\91_rejected_low_value,.md,url_006424
knowledge_scrape\91_rejected_low_value\url_006425--eevblog.com-forum-projects-197.md,md,1091,91_rejected_low_value,knowledge_scrape\91_rejected_low_value,.md,url_006425
knowledge_scrape\91_rejected_low_value\url_006426--eevblog.com-forum-projects-198.md,md,1091,91_rejected_low_value,knowledge_scrape\91_rejected_low_value,.md,url_006426
knowledge_scrape\91_rejected_low_value\url_006427--eevblog.com-forum-projects-199.md,md,1091,91_rejected_low_value,knowledge_scrape\91_rejected_low_value,.md,url_006427
knowledge_scrape\91_rejected_low_value\url_006428--eevblog.com-forum-projects-200.md,md,1091,91_rejected_low_value,knowledge_scrape\91_rejected_low_value,.md,url_006428
knowledge_scrape\91_rejected_low_value\url_006429--eevblog.com-forum-projects-201.md,md,1091,91_rejected_low_value,knowledge_scrape\91_rejected_low_value,.md,url_006429
knowledge_scrape\91_rejected_low_value\url_006430--eevblog.com-forum-projects-202.md,md,1091,91_rejected_low_value,knowledge_scrape\91_rejected_low_value,.md,url_006430
knowledge_scrape\91_rejected_low_value\url_006431--eevblog.com-forum-projects-203.md,md,1091,91_rejected_low_value,knowledge_scrape\91_rejected_low_value,.md,url_006431
knowledge_scrape\91_rejected_low_value\url_006432--eevblog.com-forum-projects-204.md,md,1091,91_rejected_low_value,knowledge_scrape\91_rejected_low_value,.md,url_006432
knowledge_scrape\91_rejected_low_value\url_006433--eevblog.com-forum-projects-205.md,md,1091,91_rejected_low_value,knowledge_scrape\91_rejected_low_value,.md,url_006433
knowledge_scrape\91_rejected_low_value\url_006434--eevblog.com-forum-projects-206.md,md,1091,91_rejected_low_value,knowledge_scrape\91_rejected_low_value,.md,url_006434
knowledge_scrape\91_rejected_low_value\url_006435--eevblog.com-forum-projects-207.md,md,1091,91_rejected_low_value,knowledge_scrape\91_rejected_low_value,.md,url_006435
knowledge_scrape\91_rejected_low_value\url_006436--eevblog.com-forum-projects-208.md,md,1091,91_rejected_low_value,knowledge_scrape\91_rejected_low_value,.md,url_006436
knowledge_scrape\91_rejected_low_value\url_006437--eevblog.com-forum-projects-209.md,md,1091,91_rejected_low_value,knowledge_scrape\91_rejected_low_value,.md,url_006437
knowledge_scrape\91_rejected_low_value\url_006438--eevblog.com-forum-projects-210.md,md,1091,91_rejected_low_value,knowledge_scrape\91_rejected_low_value,.md,url_006438
knowledge_scrape\91_rejected_low_value\url_006439--eevblog.com-forum-projects-211.md,md,1091,91_rejected_low_value,knowledge_scrape\91_rejected_low_value,.md,url_006439
knowledge_scrape\91_rejected_low_value\url_006440--eevblog.com-forum-projects-212.md,md,1091,91_rejected_low_value,knowledge_scrape\91_rejected_low_value,.md,url_006440
knowledge_scrape\91_rejected_low_value\url_006441--eevblog.com-forum-projects-213.md,md,1091,91_rejected_low_value,knowledge_scrape\91_rejected_low_value,.md,url_006441
knowledge_scrape\91_rejected_low_value\url_006442--eevblog.com-forum-projects-214.md,md,1091,91_rejected_low_value,knowledge_scrape\91_rejected_low_value,.md,url_006442
knowledge_scrape\91_rejected_low_value\url_006443--eevblog.com-forum-projects-215.md,md,1091,91_rejected_low_value,knowledge_scrape\91_rejected_low_value,.md,url_006443
knowledge_scrape\91_rejected_low_value\url_006444--eevblog.com-forum-projects-216.md,md,1091,91_rejected_low_value,knowledge_scrape\91_rejected_low_value,.md,url_006444
knowledge_scrape\91_rejected_low_value\url_006445--eevblog.com-forum-projects-217.md,md,1091,91_rejected_low_value,knowledge_scrape\91_rejected_low_value,.md,url_006445
knowledge_scrape\91_rejected_low_value\url_006446--eevblog.com-forum-projects-218.md,md,1091,91_rejected_low_value,knowledge_scrape\91_rejected_low_value,.md,url_006446
knowledge_scrape\91_rejected_low_value\url_006447--eevblog.com-forum-projects-219.md,md,1091,91_rejected_low_value,knowledge_scrape\91_rejected_low_value,.md,url_006447
knowledge_scrape\91_rejected_low_value\url_006448--eevblog.com-forum-projects-220.md,md,1091,91_rejected_low_value,knowledge_scrape\91_rejected_low_value,.md,url_006448
knowledge_scrape\91_rejected_low_value\url_006449--eevblog.com-forum-projects-221.md,md,1091,91_rejected_low_value,knowledge_scrape\91_rejected_low_value,.md,url_006449
knowledge_scrape\91_rejected_low_value\url_006450--eevblog.com-forum-projects-222.md,md,1091,91_rejected_low_value,knowledge_scrape\91_rejected_low_value,.md,url_006450
knowledge_scrape\91_rejected_low_value\url_006451--eevblog.com-forum-projects-223.md,md,1091,91_rejected_low_value,knowledge_scrape\91_rejected_low_value,.md,url_006451
knowledge_scrape\91_rejected_low_value\url_006452--eevblog.com-forum-projects-224.md,md,1091,91_rejected_low_value,knowledge_scrape\91_rejected_low_value,.md,url_006452
knowledge_scrape\91_rejected_low_value\url_006453--eevblog.com-forum-projects-225.md,md,1091,91_rejected_low_value,knowledge_scrape\91_rejected_low_value,.md,url_006453
knowledge_scrape\91_rejected_low_value\url_006454--eevblog.com-forum-projects-226.md,md,1091,91_rejected_low_value,knowledge_scrape\91_rejected_low_value,.md,url_006454
knowledge_scrape\91_rejected_low_value\url_006455--eevblog.com-forum-projects-227.md,md,1091,91_rejected_low_value,knowledge_scrape\91_rejected_low_value,.md,url_006455
knowledge_scrape\91_rejected_low_value\url_006456--eevblog.com-forum-projects-228.md,md,1091,91_rejected_low_value,knowledge_scrape\91_rejected_low_value,.md,url_006456
knowledge_scrape\91_rejected_low_value\url_006457--eevblog.com-forum-projects-229.md,md,1091,91_rejected_low_value,knowledge_scrape\91_rejected_low_value,.md,url_006457
knowledge_scrape\91_rejected_low_value\url_006458--eevblog.com-forum-projects-230.md,md,1091,91_rejected_low_value,knowledge_scrape\91_rejected_low_value,.md,url_006458
knowledge_scrape\91_rejected_low_value\url_006459--eevblog.com-forum-projects-231.md,md,1091,91_rejected_low_value,knowledge_scrape\91_rejected_low_value,.md,url_006459
knowledge_scrape\91_rejected_low_value\url_006460--eevblog.com-forum-projects-232.md,md,1091,91_rejected_low_value,knowledge_scrape\91_rejected_low_value,.md,url_006460
knowledge_scrape\91_rejected_low_value\url_006461--eevblog.com-forum-projects-233.md,md,1091,91_rejected_low_value,knowledge_scrape\91_rejected_low_value,.md,url_006461
knowledge_scrape\91_rejected_low_value\url_006462--eevblog.com-forum-projects-234.md,md,1091,91_rejected_low_value,knowledge_scrape\91_rejected_low_value,.md,url_006462
knowledge_scrape\91_rejected_low_value\url_006463--eevblog.com-forum-projects-235.md,md,1091,91_rejected_low_value,knowledge_scrape\91_rejected_low_value,.md,url_006463
knowledge_scrape\91_rejected_low_value\url_006464--eevblog.com-forum-projects-236.md,md,1091,91_rejected_low_value,knowledge_scrape\91_rejected_low_value,.md,url_006464
knowledge_scrape\91_rejected_low_value\url_006465--eevblog.com-forum-projects-237.md,md,1091,91_rejected_low_value,knowledge_scrape\91_rejected_low_value,.md,url_006465
knowledge_scrape\91_rejected_low_value\url_006466--eevblog.com-forum-projects-238.md,md,1091,91_rejected_low_value,knowledge_scrape\91_rejected_low_value,.md,url_006466
knowledge_scrape\91_rejected_low_value\url_006467--eevblog.com-forum-projects-239.md,md,1091,91_rejected_low_value,knowledge_scrape\91_rejected_low_value,.md,url_006467
knowledge_scrape\91_rejected_low_value\url_006468--eevblog.com-forum-projects-240.md,md,1091,91_rejected_low_value,knowledge_scrape\91_rejected_low_value,.md,url_006468
knowledge_scrape\91_rejected_low_value\url_006469--eevblog.com-forum-projects-241.md,md,1091,91_rejected_low_value,knowledge_scrape\91_rejected_low_value,.md,url_006469
knowledge_scrape\91_rejected_low_value\url_006470--eevblog.com-forum-projects-242.md,md,1091,91_rejected_low_value,knowledge_scrape\91_rejected_low_value,.md,url_006470
knowledge_scrape\91_rejected_low_value\url_006471--eevblog.com-forum-projects-243.md,md,1091,91_rejected_low_value,knowledge_scrape\91_rejected_low_value,.md,url_006471
knowledge_scrape\91_rejected_low_value\url_006472--eevblog.com-forum-projects-244.md,md,1091,91_rejected_low_value,knowledge_scrape\91_rejected_low_value,.md,url_006472
knowledge_scrape\91_rejected_low_value\url_006473--eevblog.com-forum-projects-245.md,md,1091,91_rejected_low_value,knowledge_scrape\91_rejected_low_value,.md,url_006473
knowledge_scrape\91_rejected_low_value\url_006474--eevblog.com-forum-projects-246.md,md,1091,91_rejected_low_value,knowledge_scrape\91_rejected_low_value,.md,url_006474
knowledge_scrape\91_rejected_low_value\url_006475--eevblog.com-forum-projects-247.md,md,1091,91_rejected_low_value,knowledge_scrape\91_rejected_low_value,.md,url_006475
knowledge_scrape\91_rejected_low_value\url_006476--eevblog.com-forum-projects-248.md,md,1091,91_rejected_low_value,knowledge_scrape\91_rejected_low_value,.md,url_006476
knowledge_scrape\91_rejected_low_value\url_006477--eevblog.com-forum-projects-249.md,md,1091,91_rejected_low_value,knowledge_scrape\91_rejected_low_value,.md,url_006477
knowledge_scrape\91_rejected_low_value\url_006478--eevblog.com-forum-projects-250.md,md,1091,91_rejected_low_value,knowledge_scrape\91_rejected_low_value,.md,url_006478
knowledge_scrape\91_rejected_low_value\url_006479--eevblog.com-forum-projects-251.md,md,1091,91_rejected_low_value,knowledge_scrape\91_rejected_low_value,.md,url_006479
knowledge_scrape\91_rejected_low_value\url_006480--eevblog.com-forum-projects-252.md,md,1091,91_rejected_low_value,knowledge_scrape\91_rejected_low_value,.md,url_006480
knowledge_scrape\91_rejected_low_value\url_006481--eevblog.com-forum-projects-253.md,md,1091,91_rejected_low_value,knowledge_scrape\91_rejected_low_value,.md,url_006481
knowledge_scrape\91_rejected_low_value\url_006482--eevblog.com-forum-projects-254.md,md,1091,91_rejected_low_value,knowledge_scrape\91_rejected_low_value,.md,url_006482
knowledge_scrape\91_rejected_low_value\url_006483--eevblog.com-forum-projects-255.md,md,1091,91_rejected_low_value,knowledge_scrape\91_rejected_low_value,.md,url_006483
knowledge_scrape\91_rejected_low_value\url_006484--eevblog.com-forum-projects-256.md,md,1091,91_rejected_low_value,knowledge_scrape\91_rejected_low_value,.md,url_006484
knowledge_scrape\91_rejected_low_value\url_006485--eevblog.com-forum-projects-257.md,md,1091,91_rejected_low_value,knowledge_scrape\91_rejected_low_value,.md,url_006485
knowledge_scrape\91_rejected_low_value\url_006486--eevblog.com-forum-projects-258.md,md,1091,91_rejected_low_value,knowledge_scrape\91_rejected_low_value,.md,url_006486
knowledge_scrape\91_rejected_low_value\url_006487--eevblog.com-forum-projects-259.md,md,1091,91_rejected_low_value,knowledge_scrape\91_rejected_low_value,.md,url_006487
knowledge_scrape\91_rejected_low_value\url_006488--eevblog.com-forum-projects-260.md,md,1091,91_rejected_low_value,knowledge_scrape\91_rejected_low_value,.md,url_006488
knowledge_scrape\91_rejected_low_value\url_006489--eevblog.com-forum-projects-261.md,md,1091,91_rejected_low_value,knowledge_scrape\91_rejected_low_value,.md,url_006489
knowledge_scrape\91_rejected_low_value\url_006490--eevblog.com-forum-projects-262.md,md,1091,91_rejected_low_value,knowledge_scrape\91_rejected_low_value,.md,url_006490
knowledge_scrape\91_rejected_low_value\url_006491--eevblog.com-forum-projects-263.md,md,1091,91_rejected_low_value,knowledge_scrape\91_rejected_low_value,.md,url_006491
knowledge_scrape\91_rejected_low_value\url_006492--eevblog.com-forum-projects-264.md,md,1091,91_rejected_low_value,knowledge_scrape\91_rejected_low_value,.md,url_006492
knowledge_scrape\91_rejected_low_value\url_006493--eevblog.com-forum-projects-265.md,md,1091,91_rejected_low_value,knowledge_scrape\91_rejected_low_value,.md,url_006493
knowledge_scrape\91_rejected_low_value\url_006494--eevblog.com-forum-projects-266.md,md,1091,91_rejected_low_value,knowledge_scrape\91_rejected_low_value,.md,url_006494
knowledge_scrape\91_rejected_low_value\url_006495--eevblog.com-forum-projects-267.md,md,1091,91_rejected_low_value,knowledge_scrape\91_rejected_low_value,.md,url_006495
knowledge_scrape\91_rejected_low_value\url_006496--eevblog.com-forum-projects-268.md,md,1091,91_rejected_low_value,knowledge_scrape\91_rejected_low_value,.md,url_006496
knowledge_scrape\91_rejected_low_value\url_006497--eevblog.com-forum-projects-269.md,md,1091,91_rejected_low_value,knowledge_scrape\91_rejected_low_value,.md,url_006497
knowledge_scrape\91_rejected_low_value\url_006498--eevblog.com-forum-projects-270.md,md,1091,91_rejected_low_value,knowledge_scrape\91_rejected_low_value,.md,url_006498
knowledge_scrape\91_rejected_low_value\url_006499--eevblog.com-forum-projects-271.md,md,1091,91_rejected_low_value,knowledge_scrape\91_rejected_low_value,.md,url_006499
knowledge_scrape\91_rejected_low_value\url_006500--eevblog.com-forum-projects-272.md,md,1091,91_rejected_low_value,knowledge_scrape\91_rejected_low_value,.md,url_006500
knowledge_scrape\91_rejected_low_value\url_006501--eevblog.com-forum-projects-273.md,md,1091,91_rejected_low_value,knowledge_scrape\91_rejected_low_value,.md,url_006501
knowledge_scrape\91_rejected_low_value\url_006502--eevblog.com-forum-projects-274.md,md,1091,91_rejected_low_value,knowledge_scrape\91_rejected_low_value,.md,url_006502
knowledge_scrape\91_rejected_low_value\url_006503--eevblog.com-forum-projects-275.md,md,1091,91_rejected_low_value,knowledge_scrape\91_rejected_low_value,.md,url_006503
knowledge_scrape\91_rejected_low_value\url_006504--eevblog.com-forum-projects-276.md,md,1091,91_rejected_low_value,knowledge_scrape\91_rejected_low_value,.md,url_006504
knowledge_scrape\91_rejected_low_value\url_006505--eevblog.com-forum-projects-277.md,md,1091,91_rejected_low_value,knowledge_scrape\91_rejected_low_value,.md,url_006505
knowledge_scrape\91_rejected_low_value\url_006506--eevblog.com-forum-projects-278.md,md,1091,91_rejected_low_value,knowledge_scrape\91_rejected_low_value,.md,url_006506
knowledge_scrape\91_rejected_low_value\url_006507--eevblog.com-forum-projects-279.md,md,1091,91_rejected_low_value,knowledge_scrape\91_rejected_low_value,.md,url_006507
knowledge_scrape\91_rejected_low_value\url_006508--eevblog.com-forum-projects-280.md,md,1091,91_rejected_low_value,knowledge_scrape\91_rejected_low_value,.md,url_006508
knowledge_scrape\91_rejected_low_value\url_006509--eevblog.com-forum-projects-281.md,md,1091,91_rejected_low_value,knowledge_scrape\91_rejected_low_value,.md,url_006509
knowledge_scrape\91_rejected_low_value\url_006510--eevblog.com-forum-projects-282.md,md,1091,91_rejected_low_value,knowledge_scrape\91_rejected_low_value,.md,url_006510
knowledge_scrape\91_rejected_low_value\url_006511--eevblog.com-forum-projects-283.md,md,1091,91_rejected_low_value,knowledge_scrape\91_rejected_low_value,.md,url_006511
knowledge_scrape\91_rejected_low_value\url_006512--eevblog.com-forum-projects-284.md,md,1091,91_rejected_low_value,knowledge_scrape\91_rejected_low_value,.md,url_006512
knowledge_scrape\91_rejected_low_value\url_006513--eevblog.com-forum-projects-285.md,md,1091,91_rejected_low_value,knowledge_scrape\91_rejected_low_value,.md,url_006513
knowledge_scrape\91_rejected_low_value\url_006514--eevblog.com-forum-projects-286.md,md,1091,91_rejected_low_value,knowledge_scrape\91_rejected_low_value,.md,url_006514
knowledge_scrape\91_rejected_low_value\url_006515--eevblog.com-forum-projects-287.md,md,1091,91_rejected_low_value,knowledge_scrape\91_rejected_low_value,.md,url_006515
knowledge_scrape\91_rejected_low_value\url_006516--eevblog.com-forum-projects-288.md,md,1091,91_rejected_low_value,knowledge_scrape\91_rejected_low_value,.md,url_006516
knowledge_scrape\91_rejected_low_value\url_006517--eevblog.com-forum-projects-289.md,md,1091,91_rejected_low_value,knowledge_scrape\91_rejected_low_value,.md,url_006517
knowledge_scrape\91_rejected_low_value\url_006518--eevblog.com-forum-projects-290.md,md,1091,91_rejected_low_value,knowledge_scrape\91_rejected_low_value,.md,url_006518
knowledge_scrape\91_rejected_low_value\url_006519--eevblog.com-forum-projects-291.md,md,1091,91_rejected_low_value,knowledge_scrape\91_rejected_low_value,.md,url_006519
knowledge_scrape\91_rejected_low_value\url_006520--eevblog.com-forum-projects-292.md,md,1091,91_rejected_low_value,knowledge_scrape\91_rejected_low_value,.md,url_006520
knowledge_scrape\91_rejected_low_value\url_006521--eevblog.com-forum-projects-293.md,md,1091,91_rejected_low_value,knowledge_scrape\91_rejected_low_value,.md,url_006521
knowledge_scrape\91_rejected_low_value\url_006522--eevblog.com-forum-projects-294.md,md,1091,91_rejected_low_value,knowledge_scrape\91_rejected_low_value,.md,url_006522
knowledge_scrape\91_rejected_low_value\url_006523--eevblog.com-forum-projects-295.md,md,1091,91_rejected_low_value,knowledge_scrape\91_rejected_low_value,.md,url_006523
knowledge_scrape\91_rejected_low_value\url_006524--eevblog.com-forum-projects-296.md,md,1091,91_rejected_low_value,knowledge_scrape\91_rejected_low_value,.md,url_006524
knowledge_scrape\91_rejected_low_value\url_006525--eevblog.com-forum-projects-297.md,md,1091,91_rejected_low_value,knowledge_scrape\91_rejected_low_value,.md,url_006525
knowledge_scrape\91_rejected_low_value\url_006526--eevblog.com-forum-projects-298.md,md,1091,91_rejected_low_value,knowledge_scrape\91_rejected_low_value,.md,url_006526
knowledge_scrape\91_rejected_low_value\url_006527--eevblog.com-forum-projects-299.md,md,1091,91_rejected_low_value,knowledge_scrape\91_rejected_low_value,.md,url_006527
knowledge_scrape\91_rejected_low_value\url_006528--eevblog.com-forum-projects-300.md,md,1091,91_rejected_low_value,knowledge_scrape\91_rejected_low_value,.md,url_006528
knowledge_scrape\91_rejected_low_value\url_006529--eevblog.com-forum-projects-301.md,md,1091,91_rejected_low_value,knowledge_scrape\91_rejected_low_value,.md,url_006529
knowledge_scrape\91_rejected_low_value\url_006530--eevblog.com-forum-projects-302.md,md,1091,91_rejected_low_value,knowledge_scrape\91_rejected_low_value,.md,url_006530
knowledge_scrape\91_rejected_low_value\url_006531--eevblog.com-forum-projects-303.md,md,1091,91_rejected_low_value,knowledge_scrape\91_rejected_low_value,.md,url_006531
knowledge_scrape\91_rejected_low_value\url_006532--eevblog.com-forum-projects-304.md,md,1091,91_rejected_low_value,knowledge_scrape\91_rejected_low_value,.md,url_006532
knowledge_scrape\91_rejected_low_value\url_006533--eevblog.com-forum-projects-305.md,md,1091,91_rejected_low_value,knowledge_scrape\91_rejected_low_value,.md,url_006533
knowledge_scrape\91_rejected_low_value\url_006534--eevblog.com-forum-projects-306.md,md,1091,91_rejected_low_value,knowledge_scrape\91_rejected_low_value,.md,url_006534
knowledge_scrape\91_rejected_low_value\url_006535--eevblog.com-forum-projects-307.md,md,1091,91_rejected_low_value,knowledge_scrape\91_rejected_low_value,.md,url_006535
knowledge_scrape\91_rejected_low_value\url_006536--eevblog.com-forum-projects-308.md,md,1091,91_rejected_low_value,knowledge_scrape\91_rejected_low_value,.md,url_006536
knowledge_scrape\91_rejected_low_value\url_006537--eevblog.com-forum-projects-309.md,md,1091,91_rejected_low_value,knowledge_scrape\91_rejected_low_value,.md,url_006537
knowledge_scrape\91_rejected_low_value\url_006538--eevblog.com-forum-projects-310.md,md,1091,91_rejected_low_value,knowledge_scrape\91_rejected_low_value,.md,url_006538
knowledge_scrape\91_rejected_low_value\url_006539--eevblog.com-forum-projects-311.md,md,1091,91_rejected_low_value,knowledge_scrape\91_rejected_low_value,.md,url_006539
knowledge_scrape\91_rejected_low_value\url_006540--eevblog.com-forum-projects-312.md,md,1091,91_rejected_low_value,knowledge_scrape\91_rejected_low_value,.md,url_006540
knowledge_scrape\91_rejected_low_value\url_006541--eevblog.com-forum-projects-313.md,md,1091,91_rejected_low_value,knowledge_scrape\91_rejected_low_value,.md,url_006541
knowledge_scrape\91_rejected_low_value\url_006542--eevblog.com-forum-projects-314.md,md,1091,91_rejected_low_value,knowledge_scrape\91_rejected_low_value,.md,url_006542
knowledge_scrape\91_rejected_low_value\url_006543--eevblog.com-forum-projects-315.md,md,1091,91_rejected_low_value,knowledge_scrape\91_rejected_low_value,.md,url_006543
knowledge_scrape\91_rejected_low_value\url_006544--eevblog.com-forum-projects-316.md,md,1091,91_rejected_low_value,knowledge_scrape\91_rejected_low_value,.md,url_006544
knowledge_scrape\91_rejected_low_value\url_006545--eevblog.com-forum-projects-317.md,md,1091,91_rejected_low_value,knowledge_scrape\91_rejected_low_value,.md,url_006545
knowledge_scrape\91_rejected_low_value\url_006546--eevblog.com-forum-projects-318.md,md,1091,91_rejected_low_value,knowledge_scrape\91_rejected_low_value,.md,url_006546
knowledge_scrape\91_rejected_low_value\url_006547--eevblog.com-forum-projects-319.md,md,1091,91_rejected_low_value,knowledge_scrape\91_rejected_low_value,.md,url_006547
knowledge_scrape\91_rejected_low_value\url_006548--eevblog.com-forum-projects-320.md,md,1091,91_rejected_low_value,knowledge_scrape\91_rejected_low_value,.md,url_006548
knowledge_scrape\91_rejected_low_value\url_006549--eevblog.com-forum-projects-321.md,md,1091,91_rejected_low_value,knowledge_scrape\91_rejected_low_value,.md,url_006549
knowledge_scrape\91_rejected_low_value\url_006550--eevblog.com-forum-projects-322.md,md,1091,91_rejected_low_value,knowledge_scrape\91_rejected_low_value,.md,url_006550
knowledge_scrape\91_rejected_low_value\url_006551--eevblog.com-forum-projects-323.md,md,1091,91_rejected_low_value,knowledge_scrape\91_rejected_low_value,.md,url_006551
knowledge_scrape\91_rejected_low_value\url_006552--eevblog.com-forum-projects-324.md,md,1091,91_rejected_low_value,knowledge_scrape\91_rejected_low_value,.md,url_006552
knowledge_scrape\91_rejected_low_value\url_006553--eevblog.com-forum-projects-325.md,md,1091,91_rejected_low_value,knowledge_scrape\91_rejected_low_value,.md,url_006553
knowledge_scrape\91_rejected_low_value\url_006554--eevblog.com-forum-projects-326.md,md,1091,91_rejected_low_value,knowledge_scrape\91_rejected_low_value,.md,url_006554
knowledge_scrape\91_rejected_low_value\url_006555--eevblog.com-forum-projects-327.md,md,1091,91_rejected_low_value,knowledge_scrape\91_rejected_low_value,.md,url_006555
knowledge_scrape\91_rejected_low_value\url_006556--eevblog.com-forum-projects-328.md,md,1091,91_rejected_low_value,knowledge_scrape\91_rejected_low_value,.md,url_006556
knowledge_scrape\91_rejected_low_value\url_006557--eevblog.com-forum-projects-329.md,md,1091,91_rejected_low_value,knowledge_scrape\91_rejected_low_value,.md,url_006557
knowledge_scrape\91_rejected_low_value\url_006558--eevblog.com-forum-projects-330.md,md,1091,91_rejected_low_value,knowledge_scrape\91_rejected_low_value,.md,url_006558
knowledge_scrape\91_rejected_low_value\url_006559--eevblog.com-forum-projects-331.md,md,1091,91_rejected_low_value,knowledge_scrape\91_rejected_low_value,.md,url_006559
knowledge_scrape\91_rejected_low_value\url_006560--eevblog.com-forum-projects-332.md,md,1091,91_rejected_low_value,knowledge_scrape\91_rejected_low_value,.md,url_006560
knowledge_scrape\91_rejected_low_value\url_006561--eevblog.com-forum-projects-333.md,md,1091,91_rejected_low_value,knowledge_scrape\91_rejected_low_value,.md,url_006561
knowledge_scrape\91_rejected_low_value\url_006562--eevblog.com-forum-projects-334.md,md,1091,91_rejected_low_value,knowledge_scrape\91_rejected_low_value,.md,url_006562
knowledge_scrape\91_rejected_low_value\url_006563--eevblog.com-forum-projects-335.md,md,1091,91_rejected_low_value,knowledge_scrape\91_rejected_low_value,.md,url_006563
knowledge_scrape\91_rejected_low_value\url_006564--eevblog.com-forum-projects-336.md,md,1091,91_rejected_low_value,knowledge_scrape\91_rejected_low_value,.md,url_006564
knowledge_scrape\91_rejected_low_value\url_006565--eevblog.com-forum-projects-337.md,md,1091,91_rejected_low_value,knowledge_scrape\91_rejected_low_value,.md,url_006565
knowledge_scrape\91_rejected_low_value\url_006566--eevblog.com-forum-projects-338.md,md,1091,91_rejected_low_value,knowledge_scrape\91_rejected_low_value,.md,url_006566
knowledge_scrape\91_rejected_low_value\url_006567--eevblog.com-forum-projects-339.md,md,1091,91_rejected_low_value,knowledge_scrape\91_rejected_low_value,.md,url_006567
knowledge_scrape\91_rejected_low_value\url_006568--eevblog.com-forum-projects-340.md,md,1091,91_rejected_low_value,knowledge_scrape\91_rejected_low_value,.md,url_006568
knowledge_scrape\91_rejected_low_value\url_006569--eevblog.com-forum-projects-341.md,md,1091,91_rejected_low_value,knowledge_scrape\91_rejected_low_value,.md,url_006569
knowledge_scrape\91_rejected_low_value\url_006570--eevblog.com-forum-projects-342.md,md,1091,91_rejected_low_value,knowledge_scrape\91_rejected_low_value,.md,url_006570
knowledge_scrape\91_rejected_low_value\url_006571--eevblog.com-forum-projects-343.md,md,1091,91_rejected_low_value,knowledge_scrape\91_rejected_low_value,.md,url_006571
knowledge_scrape\91_rejected_low_value\url_006572--eevblog.com-forum-projects-344.md,md,1091,91_rejected_low_value,knowledge_scrape\91_rejected_low_value,.md,url_006572
knowledge_scrape\91_rejected_low_value\url_006573--eevblog.com-forum-projects-345.md,md,1091,91_rejected_low_value,knowledge_scrape\91_rejected_low_value,.md,url_006573
knowledge_scrape\91_rejected_low_value\url_006574--eevblog.com-forum-projects-346.md,md,1091,91_rejected_low_value,knowledge_scrape\91_rejected_low_value,.md,url_006574
knowledge_scrape\91_rejected_low_value\url_006575--eevblog.com-forum-projects-347.md,md,1091,91_rejected_low_value,knowledge_scrape\91_rejected_low_value,.md,url_006575
knowledge_scrape\91_rejected_low_value\url_006576--eevblog.com-forum-projects-348.md,md,1091,91_rejected_low_value,knowledge_scrape\91_rejected_low_value,.md,url_006576
knowledge_scrape\91_rejected_low_value\url_006577--eevblog.com-forum-projects-349.md,md,1091,91_rejected_low_value,knowledge_scrape\91_rejected_low_value,.md,url_006577
knowledge_scrape\91_rejected_low_value\url_006578--eevblog.com-forum-projects-350.md,md,1091,91_rejected_low_value,knowledge_scrape\91_rejected_low_value,.md,url_006578
knowledge_scrape\91_rejected_low_value\url_006579--eevblog.com-forum-projects-351.md,md,1091,91_rejected_low_value,knowledge_scrape\91_rejected_low_value,.md,url_006579
knowledge_scrape\91_rejected_low_value\url_006580--eevblog.com-forum-projects-352.md,md,1091,91_rejected_low_value,knowledge_scrape\91_rejected_low_value,.md,url_006580
knowledge_scrape\91_rejected_low_value\url_006581--eevblog.com-forum-projects-353.md,md,1091,91_rejected_low_value,knowledge_scrape\91_rejected_low_value,.md,url_006581
knowledge_scrape\91_rejected_low_value\url_006582--eevblog.com-forum-projects-354.md,md,1091,91_rejected_low_value,knowledge_scrape\91_rejected_low_value,.md,url_006582
knowledge_scrape\91_rejected_low_value\url_006583--eevblog.com-forum-projects-355.md,md,1091,91_rejected_low_value,knowledge_scrape\91_rejected_low_value,.md,url_006583
knowledge_scrape\91_rejected_low_value\url_006584--eevblog.com-forum-projects-356.md,md,1091,91_rejected_low_value,knowledge_scrape\91_rejected_low_value,.md,url_006584
knowledge_scrape\91_rejected_low_value\url_006585--eevblog.com-forum-projects-357.md,md,1091,91_rejected_low_value,knowledge_scrape\91_rejected_low_value,.md,url_006585
knowledge_scrape\91_rejected_low_value\url_006586--eevblog.com-forum-projects-358.md,md,1091,91_rejected_low_value,knowledge_scrape\91_rejected_low_value,.md,url_006586
knowledge_scrape\91_rejected_low_value\url_006587--eevblog.com-forum-projects-359.md,md,1091,91_rejected_low_value,knowledge_scrape\91_rejected_low_value,.md,url_006587
knowledge_scrape\91_rejected_low_value\url_006588--eevblog.com-forum-projects-360.md,md,1091,91_rejected_low_value,knowledge_scrape\91_rejected_low_value,.md,url_006588
knowledge_scrape\91_rejected_low_value\url_006589--eevblog.com-forum-projects-361.md,md,1091,91_rejected_low_value,knowledge_scrape\91_rejected_low_value,.md,url_006589
knowledge_scrape\91_rejected_low_value\url_006590--eevblog.com-forum-projects-362.md,md,1091,91_rejected_low_value,knowledge_scrape\91_rejected_low_value,.md,url_006590
knowledge_scrape\91_rejected_low_value\url_006591--eevblog.com-forum-projects-363.md,md,1091,91_rejected_low_value,knowledge_scrape\91_rejected_low_value,.md,url_006591
knowledge_scrape\91_rejected_low_value\url_006592--eevblog.com-forum-projects-364.md,md,1091,91_rejected_low_value,knowledge_scrape\91_rejected_low_value,.md,url_006592
knowledge_scrape\91_rejected_low_value\url_006593--eevblog.com-forum-projects-365.md,md,1091,91_rejected_low_value,knowledge_scrape\91_rejected_low_value,.md,url_006593
knowledge_scrape\91_rejected_low_value\url_006594--eevblog.com-forum-projects-366.md,md,1091,91_rejected_low_value,knowledge_scrape\91_rejected_low_value,.md,url_006594
knowledge_scrape\91_rejected_low_value\url_006595--eevblog.com-forum-projects-367.md,md,1091,91_rejected_low_value,knowledge_scrape\91_rejected_low_value,.md,url_006595
knowledge_scrape\91_rejected_low_value\url_006596--eevblog.com-forum-projects-368.md,md,1091,91_rejected_low_value,knowledge_scrape\91_rejected_low_value,.md,url_006596
knowledge_scrape\91_rejected_low_value\url_006597--eevblog.com-forum-projects-369.md,md,1091,91_rejected_low_value,knowledge_scrape\91_rejected_low_value,.md,url_006597
knowledge_scrape\91_rejected_low_value\url_006598--eevblog.com-forum-projects-370.md,md,1091,91_rejected_low_value,knowledge_scrape\91_rejected_low_value,.md,url_006598
knowledge_scrape\91_rejected_low_value\url_006599--eevblog.com-forum-projects-371.md,md,1091,91_rejected_low_value,knowledge_scrape\91_rejected_low_value,.md,url_006599
knowledge_scrape\91_rejected_low_value\url_006600--eevblog.com-forum-projects-372.md,md,1091,91_rejected_low_value,knowledge_scrape\91_rejected_low_value,.md,url_006600
knowledge_scrape\91_rejected_low_value\url_006601--eevblog.com-forum-projects-373.md,md,1091,91_rejected_low_value,knowledge_scrape\91_rejected_low_value,.md,url_006601
knowledge_scrape\91_rejected_low_value\url_006602--eevblog.com-forum-projects-374.md,md,1091,91_rejected_low_value,knowledge_scrape\91_rejected_low_value,.md,url_006602
knowledge_scrape\91_rejected_low_value\url_006603--eevblog.com-forum-projects-375.md,md,1091,91_rejected_low_value,knowledge_scrape\91_rejected_low_value,.md,url_006603
knowledge_scrape\91_rejected_low_value\url_006604--eevblog.com-forum-projects-376.md,md,1091,91_rejected_low_value,knowledge_scrape\91_rejected_low_value,.md,url_006604
knowledge_scrape\91_rejected_low_value\url_006605--eevblog.com-forum-projects-377.md,md,1091,91_rejected_low_value,knowledge_scrape\91_rejected_low_value,.md,url_006605
knowledge_scrape\91_rejected_low_value\url_006606--eevblog.com-forum-projects-378.md,md,1091,91_rejected_low_value,knowledge_scrape\91_rejected_low_value,.md,url_006606
knowledge_scrape\91_rejected_low_value\url_006607--eevblog.com-forum-projects-379.md,md,1091,91_rejected_low_value,knowledge_scrape\91_rejected_low_value,.md,url_006607
knowledge_scrape\91_rejected_low_value\url_006608--eevblog.com-forum-projects-380.md,md,1091,91_rejected_low_value,knowledge_scrape\91_rejected_low_value,.md,url_006608
knowledge_scrape\91_rejected_low_value\url_006609--eevblog.com-forum-projects-381.md,md,1091,91_rejected_low_value,knowledge_scrape\91_rejected_low_value,.md,url_006609
knowledge_scrape\91_rejected_low_value\url_006610--eevblog.com-forum-projects-382.md,md,1091,91_rejected_low_value,knowledge_scrape\91_rejected_low_value,.md,url_006610
knowledge_scrape\91_rejected_low_value\url_006611--eevblog.com-forum-projects-383.md,md,1091,91_rejected_low_value,knowledge_scrape\91_rejected_low_value,.md,url_006611
knowledge_scrape\91_rejected_low_value\url_006612--eevblog.com-forum-projects-384.md,md,1091,91_rejected_low_value,knowledge_scrape\91_rejected_low_value,.md,url_006612
knowledge_scrape\91_rejected_low_value\url_006613--eevblog.com-forum-projects-385.md,md,1091,91_rejected_low_value,knowledge_scrape\91_rejected_low_value,.md,url_006613
knowledge_scrape\91_rejected_low_value\url_006614--eevblog.com-forum-projects-386.md,md,1091,91_rejected_low_value,knowledge_scrape\91_rejected_low_value,.md,url_006614
knowledge_scrape\91_rejected_low_value\url_006615--eevblog.com-forum-projects-387.md,md,1091,91_rejected_low_value,knowledge_scrape\91_rejected_low_value,.md,url_006615
knowledge_scrape\91_rejected_low_value\url_006616--eevblog.com-forum-projects-388.md,md,1091,91_rejected_low_value,knowledge_scrape\91_rejected_low_value,.md,url_006616
knowledge_scrape\91_rejected_low_value\url_006617--eevblog.com-forum-projects-389.md,md,1091,91_rejected_low_value,knowledge_scrape\91_rejected_low_value,.md,url_006617
knowledge_scrape\91_rejected_low_value\url_006618--eevblog.com-forum-projects-390.md,md,1091,91_rejected_low_value,knowledge_scrape\91_rejected_low_value,.md,url_006618
knowledge_scrape\91_rejected_low_value\url_006619--eevblog.com-forum-projects-391.md,md,1091,91_rejected_low_value,knowledge_scrape\91_rejected_low_value,.md,url_006619
knowledge_scrape\91_rejected_low_value\url_006620--eevblog.com-forum-projects-392.md,md,1091,91_rejected_low_value,knowledge_scrape\91_rejected_low_value,.md,url_006620
knowledge_scrape\91_rejected_low_value\url_006621--eevblog.com-forum-projects-393.md,md,1091,91_rejected_low_value,knowledge_scrape\91_rejected_low_value,.md,url_006621
knowledge_scrape\91_rejected_low_value\url_006622--eevblog.com-forum-projects-394.md,md,1091,91_rejected_low_value,knowledge_scrape\91_rejected_low_value,.md,url_006622
knowledge_scrape\91_rejected_low_value\url_006623--eevblog.com-forum-projects-395.md,md,1091,91_rejected_low_value,knowledge_scrape\91_rejected_low_value,.md,url_006623
knowledge_scrape\91_rejected_low_value\url_006624--eevblog.com-forum-projects-396.md,md,1091,91_rejected_low_value,knowledge_scrape\91_rejected_low_value,.md,url_006624
knowledge_scrape\91_rejected_low_value\url_006625--eevblog.com-forum-projects-397.md,md,1091,91_rejected_low_value,knowledge_scrape\91_rejected_low_value,.md,url_006625
knowledge_scrape\91_rejected_low_value\url_006626--eevblog.com-forum-projects-398.md,md,1091,91_rejected_low_value,knowledge_scrape\91_rejected_low_value,.md,url_006626
knowledge_scrape\91_rejected_low_value\url_006627--eevblog.com-forum-projects-399.md,md,1091,91_rejected_low_value,knowledge_scrape\91_rejected_low_value,.md,url_006627
knowledge_scrape\91_rejected_low_value\url_006628--eevblog.com-forum-projects-400.md,md,1091,91_rejected_low_value,knowledge_scrape\91_rejected_low_value,.md,url_006628
knowledge_scrape\91_rejected_low_value\url_006629--eevblog.com-forum-projects-401.md,md,1091,91_rejected_low_value,knowledge_scrape\91_rejected_low_value,.md,url_006629
knowledge_scrape\91_rejected_low_value\url_006630--eevblog.com-forum-projects-402.md,md,1091,91_rejected_low_value,knowledge_scrape\91_rejected_low_value,.md,url_006630
knowledge_scrape\91_rejected_low_value\url_006631--eevblog.com-forum-projects-403.md,md,1091,91_rejected_low_value,knowledge_scrape\91_rejected_low_value,.md,url_006631
knowledge_scrape\91_rejected_low_value\url_006632--eevblog.com-forum-projects-404.md,md,1091,91_rejected_low_value,knowledge_scrape\91_rejected_low_value,.md,url_006632
knowledge_scrape\91_rejected_low_value\url_006633--eevblog.com-forum-projects-405.md,md,1091,91_rejected_low_value,knowledge_scrape\91_rejected_low_value,.md,url_006633
knowledge_scrape\91_rejected_low_value\url_006634--eevblog.com-forum-projects-406.md,md,1091,91_rejected_low_value,knowledge_scrape\91_rejected_low_value,.md,url_006634
knowledge_scrape\91_rejected_low_value\url_006635--eevblog.com-forum-projects-407.md,md,1091,91_rejected_low_value,knowledge_scrape\91_rejected_low_value,.md,url_006635
knowledge_scrape\91_rejected_low_value\url_006636--eevblog.com-forum-projects-408.md,md,1091,91_rejected_low_value,knowledge_scrape\91_rejected_low_value,.md,url_006636
knowledge_scrape\91_rejected_low_value\url_006637--eevblog.com-forum-projects-409.md,md,1091,91_rejected_low_value,knowledge_scrape\91_rejected_low_value,.md,url_006637
knowledge_scrape\91_rejected_low_value\url_006638--eevblog.com-forum-projects-410.md,md,1091,91_rejected_low_value,knowledge_scrape\91_rejected_low_value,.md,url_006638
knowledge_scrape\91_rejected_low_value\url_006639--eevblog.com-forum-projects-411.md,md,1091,91_rejected_low_value,knowledge_scrape\91_rejected_low_value,.md,url_006639
knowledge_scrape\91_rejected_low_value\url_006640--eevblog.com-forum-projects-412.md,md,1091,91_rejected_low_value,knowledge_scrape\91_rejected_low_value,.md,url_006640
knowledge_scrape\91_rejected_low_value\url_006641--eevblog.com-forum-projects-413.md,md,1091,91_rejected_low_value,knowledge_scrape\91_rejected_low_value,.md,url_006641
knowledge_scrape\91_rejected_low_value\url_006642--eevblog.com-forum-projects-414.md,md,1091,91_rejected_low_value,knowledge_scrape\91_rejected_low_value,.md,url_006642
knowledge_scrape\91_rejected_low_value\url_006643--eevblog.com-forum-projects-415.md,md,1091,91_rejected_low_value,knowledge_scrape\91_rejected_low_value,.md,url_006643
knowledge_scrape\91_rejected_low_value\url_006644--eevblog.com-forum-projects-416.md,md,1091,91_rejected_low_value,knowledge_scrape\91_rejected_low_value,.md,url_006644
knowledge_scrape\91_rejected_low_value\url_006645--eevblog.com-forum-projects-417.md,md,1091,91_rejected_low_value,knowledge_scrape\91_rejected_low_value,.md,url_006645
knowledge_scrape\91_rejected_low_value\url_006646--eevblog.com-forum-projects-418.md,md,1091,91_rejected_low_value,knowledge_scrape\91_rejected_low_value,.md,url_006646
knowledge_scrape\91_rejected_low_value\url_006647--eevblog.com-forum-projects-419.md,md,1091,91_rejected_low_value,knowledge_scrape\91_rejected_low_value,.md,url_006647
knowledge_scrape\91_rejected_low_value\url_006648--eevblog.com-forum-projects-420.md,md,1091,91_rejected_low_value,knowledge_scrape\91_rejected_low_value,.md,url_006648
knowledge_scrape\91_rejected_low_value\url_006649--eevblog.com-forum-projects-421.md,md,1091,91_rejected_low_value,knowledge_scrape\91_rejected_low_value,.md,url_006649
knowledge_scrape\91_rejected_low_value\url_006650--eevblog.com-forum-projects-422.md,md,1091,91_rejected_low_value,knowledge_scrape\91_rejected_low_value,.md,url_006650
knowledge_scrape\91_rejected_low_value\url_006651--eevblog.com-forum-projects-423.md,md,1091,91_rejected_low_value,knowledge_scrape\91_rejected_low_value,.md,url_006651
knowledge_scrape\91_rejected_low_value\url_006652--eevblog.com-forum-projects-424.md,md,1091,91_rejected_low_value,knowledge_scrape\91_rejected_low_value,.md,url_006652
knowledge_scrape\91_rejected_low_value\url_006653--eevblog.com-forum-projects-425.md,md,1091,91_rejected_low_value,knowledge_scrape\91_rejected_low_value,.md,url_006653
knowledge_scrape\91_rejected_low_value\url_006654--eevblog.com-forum-projects-426.md,md,1091,91_rejected_low_value,knowledge_scrape\91_rejected_low_value,.md,url_006654
knowledge_scrape\91_rejected_low_value\url_006655--eevblog.com-forum-projects-427.md,md,1091,91_rejected_low_value,knowledge_scrape\91_rejected_low_value,.md,url_006655
knowledge_scrape\91_rejected_low_value\url_006656--eevblog.com-forum-projects-428.md,md,1091,91_rejected_low_value,knowledge_scrape\91_rejected_low_value,.md,url_006656
knowledge_scrape\91_rejected_low_value\url_006657--eevblog.com-forum-projects-429.md,md,1091,91_rejected_low_value,knowledge_scrape\91_rejected_low_value,.md,url_006657
knowledge_scrape\91_rejected_low_value\url_006658--eevblog.com-forum-projects-430.md,md,1091,91_rejected_low_value,knowledge_scrape\91_rejected_low_value,.md,url_006658
knowledge_scrape\91_rejected_low_value\url_006659--eevblog.com-forum-projects-431.md,md,1091,91_rejected_low_value,knowledge_scrape\91_rejected_low_value,.md,url_006659
knowledge_scrape\91_rejected_low_value\url_006660--eevblog.com-forum-projects-432.md,md,1091,91_rejected_low_value,knowledge_scrape\91_rejected_low_value,.md,url_006660
knowledge_scrape\91_rejected_low_value\url_006661--eevblog.com-forum-projects-433.md,md,1091,91_rejected_low_value,knowledge_scrape\91_rejected_low_value,.md,url_006661
knowledge_scrape\91_rejected_low_value\url_006662--eevblog.com-forum-projects-434.md,md,1091,91_rejected_low_value,knowledge_scrape\91_rejected_low_value,.md,url_006662
knowledge_scrape\91_rejected_low_value\url_006663--eevblog.com-forum-projects-435.md,md,1091,91_rejected_low_value,knowledge_scrape\91_rejected_low_value,.md,url_006663
knowledge_scrape\91_rejected_low_value\url_006664--eevblog.com-forum-projects-436.md,md,1091,91_rejected_low_value,knowledge_scrape\91_rejected_low_value,.md,url_006664
knowledge_scrape\91_rejected_low_value\url_006665--eevblog.com-forum-projects-437.md,md,1091,91_rejected_low_value,knowledge_scrape\91_rejected_low_value,.md,url_006665
knowledge_scrape\91_rejected_low_value\url_006666--eevblog.com-forum-projects-438.md,md,1091,91_rejected_low_value,knowledge_scrape\91_rejected_low_value,.md,url_006666
knowledge_scrape\91_rejected_low_value\url_006667--eevblog.com-forum-projects-439.md,md,1091,91_rejected_low_value,knowledge_scrape\91_rejected_low_value,.md,url_006667
knowledge_scrape\91_rejected_low_value\url_006668--eevblog.com-forum-projects-440.md,md,1091,91_rejected_low_value,knowledge_scrape\91_rejected_low_value,.md,url_006668
knowledge_scrape\91_rejected_low_value\url_006669--eevblog.com-forum-projects-441.md,md,1091,91_rejected_low_value,knowledge_scrape\91_rejected_low_value,.md,url_006669
knowledge_scrape\91_rejected_low_value\url_006670--eevblog.com-forum-projects-442.md,md,1091,91_rejected_low_value,knowledge_scrape\91_rejected_low_value,.md,url_006670
knowledge_scrape\91_rejected_low_value\url_006671--eevblog.com-forum-projects-443.md,md,1091,91_rejected_low_value,knowledge_scrape\91_rejected_low_value,.md,url_006671
knowledge_scrape\91_rejected_low_value\url_006672--eevblog.com-forum-projects-444.md,md,1091,91_rejected_low_value,knowledge_scrape\91_rejected_low_value,.md,url_006672
knowledge_scrape\91_rejected_low_value\url_006673--eevblog.com-forum-projects-445.md,md,1091,91_rejected_low_value,knowledge_scrape\91_rejected_low_value,.md,url_006673
knowledge_scrape\91_rejected_low_value\url_006674--eevblog.com-forum-projects-446.md,md,1091,91_rejected_low_value,knowledge_scrape\91_rejected_low_value,.md,url_006674
knowledge_scrape\91_rejected_low_value\url_006675--eevblog.com-forum-projects-447.md,md,1091,91_rejected_low_value,knowledge_scrape\91_rejected_low_value,.md,url_006675
knowledge_scrape\91_rejected_low_value\url_006676--eevblog.com-forum-projects-448.md,md,1091,91_rejected_low_value,knowledge_scrape\91_rejected_low_value,.md,url_006676
knowledge_scrape\91_rejected_low_value\url_006677--eevblog.com-forum-projects-449.md,md,1091,91_rejected_low_value,knowledge_scrape\91_rejected_low_value,.md,url_006677
knowledge_scrape\91_rejected_low_value\url_006678--eevblog.com-forum-projects-450.md,md,1091,91_rejected_low_value,knowledge_scrape\91_rejected_low_value,.md,url_006678
knowledge_scrape\91_rejected_low_value\url_006679--eevblog.com-forum-projects-451.md,md,1091,91_rejected_low_value,knowledge_scrape\91_rejected_low_value,.md,url_006679
knowledge_scrape\91_rejected_low_value\url_006680--eevblog.com-forum-projects-452.md,md,1091,91_rejected_low_value,knowledge_scrape\91_rejected_low_value,.md,url_006680
knowledge_scrape\91_rejected_low_value\url_006681--eevblog.com-forum-projects-453.md,md,1091,91_rejected_low_value,knowledge_scrape\91_rejected_low_value,.md,url_006681
knowledge_scrape\91_rejected_low_value\url_006682--eevblog.com-forum-projects-454.md,md,1091,91_rejected_low_value,knowledge_scrape\91_rejected_low_value,.md,url_006682
knowledge_scrape\91_rejected_low_value\url_006683--eevblog.com-forum-projects-455.md,md,1091,91_rejected_low_value,knowledge_scrape\91_rejected_low_value,.md,url_006683
knowledge_scrape\91_rejected_low_value\url_006684--eevblog.com-forum-projects-456.md,md,1091,91_rejected_low_value,knowledge_scrape\91_rejected_low_value,.md,url_006684
knowledge_scrape\91_rejected_low_value\url_006685--eevblog.com-forum-projects-457.md,md,1091,91_rejected_low_value,knowledge_scrape\91_rejected_low_value,.md,url_006685
knowledge_scrape\91_rejected_low_value\url_006686--eevblog.com-forum-projects-458.md,md,1091,91_rejected_low_value,knowledge_scrape\91_rejected_low_value,.md,url_006686
knowledge_scrape\91_rejected_low_value\url_006687--eevblog.com-forum-projects-459.md,md,1091,91_rejected_low_value,knowledge_scrape\91_rejected_low_value,.md,url_006687
knowledge_scrape\91_rejected_low_value\url_006688--eevblog.com-forum-projects-460.md,md,1091,91_rejected_low_value,knowledge_scrape\91_rejected_low_value,.md,url_006688
knowledge_scrape\91_rejected_low_value\url_006689--eevblog.com-forum-projects-461.md,md,1091,91_rejected_low_value,knowledge_scrape\91_rejected_low_value,.md,url_006689
knowledge_scrape\91_rejected_low_value\url_006690--eevblog.com-forum-projects-462.md,md,1091,91_rejected_low_value,knowledge_scrape\91_rejected_low_value,.md,url_006690
knowledge_scrape\91_rejected_low_value\url_006691--eevblog.com-forum-projects-463.md,md,1091,91_rejected_low_value,knowledge_scrape\91_rejected_low_value,.md,url_006691
knowledge_scrape\91_rejected_low_value\url_006692--eevblog.com-forum-projects-464.md,md,1091,91_rejected_low_value,knowledge_scrape\91_rejected_low_value,.md,url_006692
knowledge_scrape\91_rejected_low_value\url_006693--eevblog.com-forum-projects-465.md,md,1091,91_rejected_low_value,knowledge_scrape\91_rejected_low_value,.md,url_006693
knowledge_scrape\91_rejected_low_value\url_006694--eevblog.com-forum-projects-466.md,md,1091,91_rejected_low_value,knowledge_scrape\91_rejected_low_value,.md,url_006694
knowledge_scrape\91_rejected_low_value\url_006695--eevblog.com-forum-projects-467.md,md,1091,91_rejected_low_value,knowledge_scrape\91_rejected_low_value,.md,url_006695
knowledge_scrape\91_rejected_low_value\url_006696--eevblog.com-forum-projects-468.md,md,1091,91_rejected_low_value,knowledge_scrape\91_rejected_low_value,.md,url_006696
knowledge_scrape\91_rejected_low_value\url_006697--eevblog.com-forum-projects-469.md,md,1091,91_rejected_low_value,knowledge_scrape\91_rejected_low_value,.md,url_006697
knowledge_scrape\91_rejected_low_value\url_006698--eevblog.com-forum-projects-470.md,md,1091,91_rejected_low_value,knowledge_scrape\91_rejected_low_value,.md,url_006698
knowledge_scrape\91_rejected_low_value\url_006699--eevblog.com-forum-projects-471.md,md,1091,91_rejected_low_value,knowledge_scrape\91_rejected_low_value,.md,url_006699
knowledge_scrape\91_rejected_low_value\url_006700--eevblog.com-forum-projects-472.md,md,1091,91_rejected_low_value,knowledge_scrape\91_rejected_low_value,.md,url_006700
knowledge_scrape\91_rejected_low_value\url_006701--eevblog.com-forum-projects-473.md,md,1091,91_rejected_low_value,knowledge_scrape\91_rejected_low_value,.md,url_006701
knowledge_scrape\91_rejected_low_value\url_006702--eevblog.com-forum-projects-474.md,md,1091,91_rejected_low_value,knowledge_scrape\91_rejected_low_value,.md,url_006702
knowledge_scrape\91_rejected_low_value\url_006703--eevblog.com-forum-projects-475.md,md,1091,91_rejected_low_value,knowledge_scrape\91_rejected_low_value,.md,url_006703
knowledge_scrape\91_rejected_low_value\url_006704--eevblog.com-forum-projects-476.md,md,1091,91_rejected_low_value,knowledge_scrape\91_rejected_low_value,.md,url_006704
knowledge_scrape\91_rejected_low_value\url_006705--eevblog.com-forum-projects-477.md,md,1091,91_rejected_low_value,knowledge_scrape\91_rejected_low_value,.md,url_006705
knowledge_scrape\91_rejected_low_value\url_006706--eevblog.com-forum-projects-478.md,md,1091,91_rejected_low_value,knowledge_scrape\91_rejected_low_value,.md,url_006706
knowledge_scrape\91_rejected_low_value\url_006707--eevblog.com-forum-projects-479.md,md,1091,91_rejected_low_value,knowledge_scrape\91_rejected_low_value,.md,url_006707
knowledge_scrape\91_rejected_low_value\url_006708--eevblog.com-forum-projects-480.md,md,1091,91_rejected_low_value,knowledge_scrape\91_rejected_low_value,.md,url_006708
knowledge_scrape\91_rejected_low_value\url_006709--eevblog.com-forum-projects-481.md,md,1091,91_rejected_low_value,knowledge_scrape\91_rejected_low_value,.md,url_006709
knowledge_scrape\91_rejected_low_value\url_006710--eevblog.com-forum-projects-482.md,md,1091,91_rejected_low_value,knowledge_scrape\91_rejected_low_value,.md,url_006710
knowledge_scrape\91_rejected_low_value\url_006711--eevblog.com-forum-projects-483.md,md,1091,91_rejected_low_value,knowledge_scrape\91_rejected_low_value,.md,url_006711
knowledge_scrape\91_rejected_low_value\url_006712--eevblog.com-forum-projects-484.md,md,1091,91_rejected_low_value,knowledge_scrape\91_rejected_low_value,.md,url_006712
knowledge_scrape\91_rejected_low_value\url_006713--eevblog.com-forum-projects-485.md,md,1091,91_rejected_low_value,knowledge_scrape\91_rejected_low_value,.md,url_006713
knowledge_scrape\91_rejected_low_value\url_006714--eevblog.com-forum-projects-486.md,md,1091,91_rejected_low_value,knowledge_scrape\91_rejected_low_value,.md,url_006714
knowledge_scrape\91_rejected_low_value\url_006715--eevblog.com-forum-projects-487.md,md,1091,91_rejected_low_value,knowledge_scrape\91_rejected_low_value,.md,url_006715
knowledge_scrape\91_rejected_low_value\url_006716--eevblog.com-forum-projects-488.md,md,1091,91_rejected_low_value,knowledge_scrape\91_rejected_low_value,.md,url_006716
knowledge_scrape\91_rejected_low_value\url_006717--eevblog.com-forum-projects-489.md,md,1091,91_rejected_low_value,knowledge_scrape\91_rejected_low_value,.md,url_006717
knowledge_scrape\91_rejected_low_value\url_006718--eevblog.com-forum-projects-490.md,md,1091,91_rejected_low_value,knowledge_scrape\91_rejected_low_value,.md,url_006718
knowledge_scrape\91_rejected_low_value\url_006719--eevblog.com-forum-projects-491.md,md,1091,91_rejected_low_value,knowledge_scrape\91_rejected_low_value,.md,url_006719
knowledge_scrape\91_rejected_low_value\url_006720--eevblog.com-forum-projects-492.md,md,1091,91_rejected_low_value,knowledge_scrape\91_rejected_low_value,.md,url_006720
knowledge_scrape\91_rejected_low_value\url_006721--eevblog.com-forum-projects-493.md,md,1091,91_rejected_low_value,knowledge_scrape\91_rejected_low_value,.md,url_006721
knowledge_scrape\91_rejected_low_value\url_006722--eevblog.com-forum-projects-494.md,md,1091,91_rejected_low_value,knowledge_scrape\91_rejected_low_value,.md,url_006722
knowledge_scrape\91_rejected_low_value\url_006723--eevblog.com-forum-projects-495.md,md,1091,91_rejected_low_value,knowledge_scrape\91_rejected_low_value,.md,url_006723
knowledge_scrape\91_rejected_low_value\url_006724--eevblog.com-forum-projects-496.md,md,1091,91_rejected_low_value,knowledge_scrape\91_rejected_low_value,.md,url_006724
knowledge_scrape\91_rejected_low_value\url_006725--eevblog.com-forum-projects-497.md,md,1091,91_rejected_low_value,knowledge_scrape\91_rejected_low_value,.md,url_006725
knowledge_scrape\91_rejected_low_value\url_006726--eevblog.com-forum-projects-498.md,md,1091,91_rejected_low_value,knowledge_scrape\91_rejected_low_value,.md,url_006726
knowledge_scrape\91_rejected_low_value\url_006727--eevblog.com-forum-projects-499.md,md,1091,91_rejected_low_value,knowledge_scrape\91_rejected_low_value,.md,url_006727
knowledge_scrape\91_rejected_low_value\url_006728--eevblog.com-forum-projects-buck-converter-layout-review.md,md,14418,91_rejected_low_value,knowledge_scrape\91_rejected_low_value,.md,url_006728
knowledge_scrape\91_rejected_low_value\url_006729--eevblog.com-forum-projects-buck-converter-noise.md,md,5511,91_rejected_low_value,knowledge_scrape\91_rejected_low_value,.md,url_006729
knowledge_scrape\91_rejected_low_value\url_006730--eevblog.com-forum-projects-esp32-antenna-layout.md,md,5511,91_rejected_low_value,knowledge_scrape\91_rejected_low_value,.md,url_006730
knowledge_scrape\91_rejected_low_value\url_006731--eevblog.com-forum-projects-esp32-pcb-layout-review.md,md,14380,91_rejected_low_value,knowledge_scrape\91_rejected_low_value,.md,url_006731
knowledge_scrape\91_rejected_low_value\url_006732--eevblog.com-forum-projects-pcb-layout-review.md,md,14352,91_rejected_low_value,knowledge_scrape\91_rejected_low_value,.md,url_006732
knowledge_scrape\91_rejected_low_value\url_006733--eevblog.com-forum-projects-rf-layout-review.md,md,14346,91_rejected_low_value,knowledge_scrape\91_rejected_low_value,.md,url_006733
knowledge_scrape\91_rejected_low_value\url_006734--eevblog.com-forum-projects-schematic-and-pcb-review.md,md,14394,91_rejected_low_value,knowledge_scrape\91_rejected_low_value,.md,url_006734
knowledge_scrape\91_rejected_low_value\url_006735--eevblog.com-forum-projects-usb-c-design-review.md,md,14363,91_rejected_low_value,knowledge_scrape\91_rejected_low_value,.md,url_006735
knowledge_scrape\91_rejected_low_value\url_006736--electronicdesign.com-technologies-power-article-21144363-power-supply-layout-and-emi.md,md,10451,91_rejected_low_value,knowledge_scrape\91_rejected_low_value,.md,url_006736
knowledge_scrape\91_rejected_low_value\url_006906--fastturnpcbs.com-blog-usb-type-c-pcb-design-guide.md,md,36418,91_rejected_low_value,knowledge_scrape\91_rejected_low_value,.md,url_006906
knowledge_scrape\91_rejected_low_value\url_006907--fedevel.com-index.md,md,21290,91_rejected_low_value,knowledge_scrape\91_rejected_low_value,.md,url_006907
knowledge_scrape\91_rejected_low_value\url_006910--fedevel.com-blog.md,md,304120,91_rejected_low_value,knowledge_scrape\91_rejected_low_value,.md,url_006910
knowledge_scrape\91_rejected_low_value\url_006911--fedevel.com-courses-learn-to-design-your-own-boards.md,md,12107,91_rejected_low_value,knowledge_scrape\91_rejected_low_value,.md,url_006911
knowledge_scrape\91_rejected_low_value\url_006912--fedevel.com-forum.md,md,4304,91_rejected_low_value,knowledge_scrape\91_rejected_low_value,.md,url_006912
knowledge_scrape\91_rejected_low_value\url_007019--infineon.com-cms-en-product-evaluation-boards-cy4533.md,md,204655,91_rejected_low_value,knowledge_scrape\91_rejected_low_value,.md,url_007019
knowledge_scrape\91_rejected_low_value\url_007020--infineon.com-cms-en-product-microcontroller.md,md,213430,91_rejected_low_value,knowledge_scrape\91_rejected_low_value,.md,url_007020
knowledge_scrape\91_rejected_low_value\url_007021--infineon.com-cms-en-product-microcontroller-32-bit-psoc-arm-cortex-microcontroller.md,md,224601,91_rejected_low_value,knowledge_scrape\91_rejected_low_value,.md,url_007021
knowledge_scrape\91_rejected_low_value\url_007022--infineon.com-cms-en-product-microcontroller-32-bit-tricore-microcontroller.md,md,223876,91_rejected_low_value,knowledge_scrape\91_rejected_low_value,.md,url_007022
knowledge_scrape\91_rejected_low_value\url_007025--infineon.com-cms-en-product-packages.md,md,219445,91_rejected_low_value,knowledge_scrape\91_rejected_low_value,.md,url_007025
knowledge_scrape\91_rejected_low_value\url_007026--infineon.com-cms-en-product-power-dc-dc-converters.md,md,214570,91_rejected_low_value,knowledge_scrape\91_rejected_low_value,.md,url_007026
knowledge_scrape\91_rejected_low_value\url_007029--intel.com-content-www-us-en-content-details-613768-high-speed-usb-platform-design-guidelines.html.md,md,2438,91_rejected_low_value,knowledge_scrape\91_rejected_low_value,.md,url_007029
knowledge_scrape\91_rejected_low_value\url_007958--monolithicpower.com-en-learning-resources-an-introduction-to-buck-regulators.md,md,1262,91_rejected_low_value,knowledge_scrape\91_rejected_low_value,.md,url_007958
knowledge_scrape\91_rejected_low_value\url_007959--monolithicpower.com-en-learning-resources-how-to-design-a-buck-converter.md,md,1301,91_rejected_low_value,knowledge_scrape\91_rejected_low_value,.md,url_007959
knowledge_scrape\91_rejected_low_value\url_007960--monolithicpower.com-en-learning-resources-how-to-select-inductors-for-buck-converters.md,md,1298,91_rejected_low_value,knowledge_scrape\91_rejected_low_value,.md,url_007960
knowledge_scrape\91_rejected_low_value\url_007961--monolithicpower.com-en-learning-resources-layout-guidelines-for-step-down-converters.md,md,1349,91_rejected_low_value,knowledge_scrape\91_rejected_low_value,.md,url_007961
knowledge_scrape\91_rejected_low_value\url_007962--monolithicpower.com-en-learning-resources-pcb-layout-for-emi-reduction.md,md,1238,91_rejected_low_value,knowledge_scrape\91_rejected_low_value,.md,url_007962
knowledge_scrape\91_rejected_low_value\url_007963--monolithicpower.com-en-learning-resources-pcb-layout-guidelines-for-switching-power-supplies.md,md,1381,91_rejected_low_value,knowledge_scrape\91_rejected_low_value,.md,url_007963
knowledge_scrape\91_rejected_low_value\url_007964--monolithicpower.com-en-learning-resources-power-supply-layout-and-emi.md,md,1234,91_rejected_low_value,knowledge_scrape\91_rejected_low_value,.md,url_007964
knowledge_scrape\91_rejected_low_value\url_007965--monolithicpower.com-en-learning-resources-understanding-switching-regulator-loop-compensation.md,md,1330,91_rejected_low_value,knowledge_scrape\91_rejected_low_value,.md,url_007965
knowledge_scrape\91_rejected_low_value\url_007966--monolithicpower.com-en-mp1584.html.md,md,1060,91_rejected_low_value,knowledge_scrape\91_rejected_low_value,.md,url_007966
knowledge_scrape\91_rejected_low_value\url_007967--monolithicpower.com-en-mp2145.html.md,md,1060,91_rejected_low_value,knowledge_scrape\91_rejected_low_value,.md,url_007967
knowledge_scrape\91_rejected_low_value\url_007968--monolithicpower.com-en-mp2315.html.md,md,1060,91_rejected_low_value,knowledge_scrape\91_rejected_low_value,.md,url_007968
knowledge_scrape\91_rejected_low_value\url_007969--monolithicpower.com-en-mpm3610.html.md,md,1064,91_rejected_low_value,knowledge_scrape\91_rejected_low_value,.md,url_007969
knowledge_scrape\91_rejected_low_value\url_007970--monolithicpower.com-en-products-power-management-dc-dc-converters-step-down-buck-converters.html.md,md,1342,91_rejected_low_value,knowledge_scrape\91_rejected_low_value,.md,url_007970
knowledge_scrape\91_rejected_low_value\url_007971--monolithicpower.com-en-support-design-tools.html.md,md,1150,91_rejected_low_value,knowledge_scrape\91_rejected_low_value,.md,url_007971
knowledge_scrape\91_rejected_low_value\url_007974--mouser.com-electronic-cad-symbols-models.md,md,2112,91_rejected_low_value,knowledge_scrape\91_rejected_low_value,.md,url_007974
knowledge_scrape\91_rejected_low_value\url_007975--mouser.com-technical-resources.md,md,2072,91_rejected_low_value,knowledge_scrape\91_rejected_low_value,.md,url_007975
knowledge_scrape\91_rejected_low_value\url_008205--omnicalculator.com-other-pcb-trace-width.md,md,82423,91_rejected_low_value,knowledge_scrape\91_rejected_low_value,.md,url_008205
knowledge_scrape\91_rejected_low_value\url_008214--pasternack.com-t-calculator-microstrip.aspx.md,md,846,91_rejected_low_value,knowledge_scrape\91_rejected_low_value,.md,url_008214
knowledge_scrape\91_rejected_low_value\url_008250--reddit.com-r-AskElectronics.md,md,8782,91_rejected_low_value,knowledge_scrape\91_rejected_low_value,.md,url_008250
knowledge_scrape\91_rejected_low_value\url_008254--reddit.com-r-AskElectronics-search.md,md,980,91_rejected_low_value,knowledge_scrape\91_rejected_low_value,.md,url_008254
knowledge_scrape\91_rejected_low_value\url_008255--reddit.com-r-ElectricalEngineering.md,md,8817,91_rejected_low_value,knowledge_scrape\91_rejected_low_value,.md,url_008255
knowledge_scrape\91_rejected_low_value\url_008256--reddit.com-r-ElectricalEngineering-search.md,md,1034,91_rejected_low_value,knowledge_scrape\91_rejected_low_value,.md,url_008256
knowledge_scrape\91_rejected_low_value\url_008257--reddit.com-r-embedded.md,md,8752,91_rejected_low_value,knowledge_scrape\91_rejected_low_value,.md,url_008257
knowledge_scrape\91_rejected_low_value\url_008258--reddit.com-r-embedded-search.md,md,978,91_rejected_low_value,knowledge_scrape\91_rejected_low_value,.md,url_008258
knowledge_scrape\91_rejected_low_value\url_008259--reddit.com-r-esp32.md,md,8729,91_rejected_low_value,knowledge_scrape\91_rejected_low_value,.md,url_008259
knowledge_scrape\91_rejected_low_value\url_008261--reddit.com-r-esp32-search.md,md,946,91_rejected_low_value,knowledge_scrape\91_rejected_low_value,.md,url_008261
knowledge_scrape\91_rejected_low_value\url_008262--reddit.com-r-KiCad.md,md,8721,91_rejected_low_value,knowledge_scrape\91_rejected_low_value,.md,url_008262
knowledge_scrape\91_rejected_low_value\url_008267--reddit.com-r-KiCad-search.md,md,936,91_rejected_low_value,knowledge_scrape\91_rejected_low_value,.md,url_008267
knowledge_scrape\91_rejected_low_value\url_008268--reddit.com-r-PCB.md,md,8727,91_rejected_low_value,knowledge_scrape\91_rejected_low_value,.md,url_008268
knowledge_scrape\91_rejected_low_value\url_008269--reddit.com-r-PrintedCircuitBoard.md,md,8807,91_rejected_low_value,knowledge_scrape\91_rejected_low_value,.md,url_008269
knowledge_scrape\91_rejected_low_value\url_008276--reddit.com-r-PrintedCircuitBoard-search.md,md,994,91_rejected_low_value,knowledge_scrape\91_rejected_low_value,.md,url_008276
knowledge_scrape\91_rejected_low_value\url_008383--richtek.com-Design-20Support-Technical-20Document-AN003.md,md,65627,91_rejected_low_value,knowledge_scrape\91_rejected_low_value,.md,url_008383
knowledge_scrape\91_rejected_low_value\url_008394--signalintegrityjournal.com-index.md,md,45619,91_rejected_low_value,knowledge_scrape\91_rejected_low_value,.md,url_008394
knowledge_scrape\91_rejected_low_value\url_008508--snapeda.com-index.md,md,11897,91_rejected_low_value,knowledge_scrape\91_rejected_low_value,.md,url_008508
knowledge_scrape\91_rejected_low_value\url_008510--snapeda.com-about-import.md,md,41479,91_rejected_low_value,knowledge_scrape\91_rejected_low_value,.md,url_008510
knowledge_scrape\91_rejected_low_value\url_008511--snapeda.com-kicad.md,md,9704,91_rejected_low_value,knowledge_scrape\91_rejected_low_value,.md,url_008511
knowledge_scrape\91_rejected_low_value\url_008536--snapeda.com-search.md,md,11490,91_rejected_low_value,knowledge_scrape\91_rejected_low_value,.md,url_008536
knowledge_scrape\91_rejected_low_value\url_009652--sunstone.com-pcb-capabilities.md,md,1126,91_rejected_low_value,knowledge_scrape\91_rejected_low_value,.md,url_009652
knowledge_scrape\91_rejected_low_value\url_009921--ti.com-lit-pdf-spraar7.md,md,754,91_rejected_low_value,knowledge_scrape\91_rejected_low_value,.md,url_009921
knowledge_scrape\91_rejected_low_value\url_009926--ti.com-packaging-docs-searchtipackages.tsp.md,md,1125,91_rejected_low_value,knowledge_scrape\91_rejected_low_value,.md,url_009926
knowledge_scrape\91_rejected_low_value\url_009928--ti.com-product-CC2642R.md,md,50240,91_rejected_low_value,knowledge_scrape\91_rejected_low_value,.md,url_009928
knowledge_scrape\91_rejected_low_value\url_009929--ti.com-product-CC2652R.md,md,56165,91_rejected_low_value,knowledge_scrape\91_rejected_low_value,.md,url_009929
knowledge_scrape\91_rejected_low_value\url_009930--ti.com-product-MSP430FR2355.md,md,51788,91_rejected_low_value,knowledge_scrape\91_rejected_low_value,.md,url_009930
knowledge_scrape\91_rejected_low_value\url_009931--ti.com-product-MSP430FR5994.md,md,40699,91_rejected_low_value,knowledge_scrape\91_rejected_low_value,.md,url_009931
knowledge_scrape\91_rejected_low_value\url_010032--ti.com-product-MSP430G2553.md,md,31357,91_rejected_low_value,knowledge_scrape\91_rejected_low_value,.md,url_010032
knowledge_scrape\91_rejected_low_value\url_010033--ti.com-product-TMS320F280049C.md,md,79276,91_rejected_low_value,knowledge_scrape\91_rejected_low_value,.md,url_010033
knowledge_scrape\91_rejected_low_value\url_010034--ti.com-product-TMS320F28379D.md,md,76753,91_rejected_low_value,knowledge_scrape\91_rejected_low_value,.md,url_010034
knowledge_scrape\91_rejected_low_value\url_010048--ultralibrarian.com-index.md,md,21455,91_rejected_low_value,knowledge_scrape\91_rejected_low_value,.md,url_010048
knowledge_scrape\91_rejected_low_value\url_010049--ultralibrarian.com-cad-vendors-kicad.md,md,16835,91_rejected_low_value,knowledge_scrape\91_rejected_low_value,.md,url_010049
knowledge_scrape\91_rejected_low_value\url_010061--usb.org-documents.md,md,2279,91_rejected_low_value,knowledge_scrape\91_rejected_low_value,.md,url_010061
knowledge_scrape\91_rejected_low_value\url_010063--usb.org-usb-charger-pd.md,md,6427,91_rejected_low_value,knowledge_scrape\91_rejected_low_value,.md,url_010063
knowledge_scrape\91_rejected_low_value\url_010064--usb.org-usb-type-cr-cable-and-connector-specification.md,md,4689,91_rejected_low_value,knowledge_scrape\91_rejected_low_value,.md,url_010064
knowledge_scrape\91_rejected_low_value\url_010065--wch-ic.com-products-CH32V003.html.md,md,1056,91_rejected_low_value,knowledge_scrape\91_rejected_low_value,.md,url_010065
knowledge_scrape\91_rejected_low_value\url_010066--wch-ic.com-products-CH32V203.html.md,md,1056,91_rejected_low_value,knowledge_scrape\91_rejected_low_value,.md,url_010066
knowledge_scrape\91_rejected_low_value\url_010067--wch-ic.com-products-CH32V307.html.md,md,1056,91_rejected_low_value,knowledge_scrape\91_rejected_low_value,.md,url_010067
knowledge_scrape\91_rejected_low_value\url_010068--wch-ic.com-products-CH32X035.html.md,md,929,91_rejected_low_value,knowledge_scrape\91_rejected_low_value,.md,url_010068
knowledge_scrape\91_rejected_low_value\url_010069--we-online.com-en-components-products-WE-TVSP.md,md,6947,91_rejected_low_value,knowledge_scrape\91_rejected_low_value,.md,url_010069
knowledge_scrape\91_rejected_low_value\url_010071--we-online.com-en-support-knowledge-application-notes.md,md,7239,91_rejected_low_value,knowledge_scrape\91_rejected_low_value,.md,url_010071
knowledge_scrape\91_rejected_low_value\url_010105--adam-tech.com-index.md,md,8017,91_rejected_low_value,knowledge_scrape\91_rejected_low_value,.md,url_010105
knowledge_scrape\91_rejected_low_value\url_010107--allpcb.com-index.md,md,17316,91_rejected_low_value,knowledge_scrape\91_rejected_low_value,.md,url_010107
knowledge_scrape\91_rejected_low_value\url_010109--bayareacircuits.com-index.md,md,19099,91_rejected_low_value,knowledge_scrape\91_rejected_low_value,.md,url_010109
knowledge_scrape\91_rejected_low_value\url_010110--berkeley.edu-index.md,md,8581,91_rejected_low_value,knowledge_scrape\91_rejected_low_value,.md,url_010110
knowledge_scrape\91_rejected_low_value\url_010111--bittele.com-index.md,md,9925,91_rejected_low_value,knowledge_scrape\91_rejected_low_value,.md,url_010111
knowledge_scrape\91_rejected_low_value\url_010113--calpoly.edu-index.md,md,14882,91_rejected_low_value,knowledge_scrape\91_rejected_low_value,.md,url_010113
knowledge_scrape\91_rejected_low_value\url_010114--cmu.edu-index.md,md,33460,91_rejected_low_value,knowledge_scrape\91_rejected_low_value,.md,url_010114
knowledge_scrape\91_rejected_low_value\url_010115--cornell.edu-index.md,md,8140,91_rejected_low_value,knowledge_scrape\91_rejected_low_value,.md,url_010115
knowledge_scrape\91_rejected_low_value\url_010116--cui.com-index.md,md,17486,91_rejected_low_value,knowledge_scrape\91_rejected_low_value,.md,url_010116
knowledge_scrape\91_rejected_low_value\url_010118--dev-docs.kicad.org-en-file-formats-index.html.md,md,1574,91_rejected_low_value,knowledge_scrape\91_rejected_low_value,.md,url_010118
knowledge_scrape\91_rejected_low_value\url_010123--ecss.nl-index.md,md,6494,91_rejected_low_value,knowledge_scrape\91_rejected_low_value,.md,url_010123
knowledge_scrape\91_rejected_low_value\url_010124--eevblog.com-index.md,md,23020,91_rejected_low_value,knowledge_scrape\91_rejected_low_value,.md,url_010124
knowledge_scrape\91_rejected_low_value\url_010126--electronics.stackexchange.com-index.md,md,38317,91_rejected_low_value,knowledge_scrape\91_rejected_low_value,.md,url_010126
knowledge_scrape\91_rejected_low_value\url_010127--esa.int-index.md,md,22100,91_rejected_low_value,knowledge_scrape\91_rejected_low_value,.md,url_010127
knowledge_scrape\91_rejected_low_value\url_010132--forum.allaboutcircuits.com-index.md,md,113074,91_rejected_low_value,knowledge_scrape\91_rejected_low_value,.md,url_010132
knowledge_scrape\91_rejected_low_value\url_010133--forum.arduino.cc-index.md,md,967,91_rejected_low_value,knowledge_scrape\91_rejected_low_value,.md,url_010133
knowledge_scrape\91_rejected_low_value\url_010136--gatech.edu-index.md,md,3568,91_rejected_low_value,knowledge_scrape\91_rejected_low_value,.md,url_010136
knowledge_scrape\91_rejected_low_value\url_010137--github.com-atopile-atopile.md,md,60172,91_rejected_low_value,knowledge_scrape\91_rejected_low_value,.md,url_010137
knowledge_scrape\91_rejected_low_value\url_010138--github.com-faebryk-faebryk.md,md,47487,91_rejected_low_value,knowledge_scrape\91_rejected_low_value,.md,url_010138
knowledge_scrape\91_rejected_low_value\url_010139--github.com-freerouting-freerouting.md,md,77946,91_rejected_low_value,knowledge_scrape\91_rejected_low_value,.md,url_010139
knowledge_scrape\91_rejected_low_value\url_010140--github.com-inti-cmnb-kibot.md,md,47134,91_rejected_low_value,knowledge_scrape\91_rejected_low_value,.md,url_010140
knowledge_scrape\91_rejected_low_value\url_010141--github.com-inti-cmnb-kicost.md,md,42685,91_rejected_low_value,knowledge_scrape\91_rejected_low_value,.md,url_010141
knowledge_scrape\91_rejected_low_value\url_010143--github.com-openscopeproject-interactivehtmlbom.md,md,45993,91_rejected_low_value,knowledge_scrape\91_rejected_low_value,.md,url_010143
knowledge_scrape\91_rejected_low_value\url_010144--github.com-xesscorp-skidl.md,md,60901,91_rejected_low_value,knowledge_scrape\91_rejected_low_value,.md,url_010144
knowledge_scrape\91_rejected_low_value\url_010145--github.com-yaqwsx-kikit.md,md,55269,91_rejected_low_value,knowledge_scrape\91_rejected_low_value,.md,url_010145
knowledge_scrape\91_rejected_low_value\url_010146--gitlab.com-kicad.md,md,1634,91_rejected_low_value,knowledge_scrape\91_rejected_low_value,.md,url_010146
knowledge_scrape\91_rejected_low_value\url_010148--hackaday.com-index.md,md,18214,91_rejected_low_value,knowledge_scrape\91_rejected_low_value,.md,url_010148
knowledge_scrape\91_rejected_low_value\url_010151--hmc.edu-index.md,md,8543,91_rejected_low_value,knowledge_scrape\91_rejected_low_value,.md,url_010151
knowledge_scrape\91_rejected_low_value\url_010152--illinois.edu-index.md,md,13694,91_rejected_low_value,knowledge_scrape\91_rejected_low_value,.md,url_010152
knowledge_scrape\91_rejected_low_value\url_010154--ipc.org-index.md,md,6359,91_rejected_low_value,knowledge_scrape\91_rejected_low_value,.md,url_010154
knowledge_scrape\91_rejected_low_value\url_010163--kyocera-avx.com-index.md,md,11258,91_rejected_low_value,knowledge_scrape\91_rejected_low_value,.md,url_010163
knowledge_scrape\91_rejected_low_value\url_010164--lcsc.com-index.md,md,69221,91_rejected_low_value,knowledge_scrape\91_rejected_low_value,.md,url_010164
knowledge_scrape\91_rejected_low_value\url_010167--mit.edu-index.md,md,9150,91_rejected_low_value,knowledge_scrape\91_rejected_low_value,.md,url_010167
knowledge_scrape\91_rejected_low_value\url_010169--mouser.com-index.md,md,2075,91_rejected_low_value,knowledge_scrape\91_rejected_low_value,.md,url_010169
knowledge_scrape\91_rejected_low_value\url_010170--multi-circuit-boards.eu-index.md,md,116960,91_rejected_low_value,knowledge_scrape\91_rejected_low_value,.md,url_010170
knowledge_scrape\91_rejected_low_value\url_010172--nepp.nasa.gov-index.md,md,1537,91_rejected_low_value,knowledge_scrape\91_rejected_low_value,.md,url_010172
knowledge_scrape\91_rejected_low_value\url_010173--nexar.com-index.md,md,27017,91_rejected_low_value,knowledge_scrape\91_rejected_low_value,.md,url_010173
knowledge_scrape\91_rejected_low_value\url_010175--nextpcb.com-index.md,md,24754,91_rejected_low_value,knowledge_scrape\91_rejected_low_value,.md,url_010175
knowledge_scrape\91_rejected_low_value\url_010176--ntrs.nasa.gov-index.md,md,4917,91_rejected_low_value,knowledge_scrape\91_rejected_low_value,.md,url_010176
knowledge_scrape\91_rejected_low_value\url_010177--ocw.mit.edu-index.md,md,433398,91_rejected_low_value,knowledge_scrape\91_rejected_low_value,.md,url_010177
knowledge_scrape\91_rejected_low_value\url_010186--pcb.mit.edu-resources.md,md,7053,91_rejected_low_value,knowledge_scrape\91_rejected_low_value,.md,url_010186
knowledge_scrape\91_rejected_low_value\url_010187--pcb.mit.edu-syllabus.md,md,9326,91_rejected_low_value,knowledge_scrape\91_rejected_low_value,.md,url_010187
knowledge_scrape\91_rejected_low_value\url_010188--pcbgogo.com-index.md,md,32769,91_rejected_low_value,knowledge_scrape\91_rejected_low_value,.md,url_010188
knowledge_scrape\91_rejected_low_value\url_010189--pcblibraries.com-index.md,md,9328,91_rejected_low_value,knowledge_scrape\91_rejected_low_value,.md,url_010189
knowledge_scrape\91_rejected_low_value\url_010192--purdue.edu-index.md,md,19106,91_rejected_low_value,knowledge_scrape\91_rejected_low_value,.md,url_010192
knowledge_scrape\91_rejected_low_value\url_010193--reddit.com-r-askelectronics.md,md,8842,91_rejected_low_value,knowledge_scrape\91_rejected_low_value,.md,url_010193
knowledge_scrape\91_rejected_low_value\url_010201--rohde-schwarz.com-index.md,md,9270,91_rejected_low_value,knowledge_scrape\91_rejected_low_value,.md,url_010201
knowledge_scrape\91_rejected_low_value\url_010203--rushpcb.com-index.md,md,165982,91_rejected_low_value,knowledge_scrape\91_rejected_low_value,.md,url_010203
knowledge_scrape\91_rejected_low_value\url_010204--s3vi.ndc.nasa.gov-index.md,md,3153,91_rejected_low_value,knowledge_scrape\91_rejected_low_value,.md,url_010204
knowledge_scrape\91_rejected_low_value\url_010208--seeedstudio.com-index.md,md,1070,91_rejected_low_value,knowledge_scrape\91_rejected_low_value,.md,url_010208
knowledge_scrape\91_rejected_low_value\url_010209--signalintegrityjournal.com-index.md,md,40578,91_rejected_low_value,knowledge_scrape\91_rejected_low_value,.md,url_010209
knowledge_scrape\91_rejected_low_value\url_010211--snapeda.com-index.md,md,15595,91_rejected_low_value,knowledge_scrape\91_rejected_low_value,.md,url_010211
knowledge_scrape\91_rejected_low_value\url_010212--standards.nasa.gov-index.md,md,32846,91_rejected_low_value,knowledge_scrape\91_rejected_low_value,.md,url_010212
knowledge_scrape\91_rejected_low_value\url_010213--stanford.edu-index.md,md,12261,91_rejected_low_value,knowledge_scrape\91_rejected_low_value,.md,url_010213
knowledge_scrape\91_rejected_low_value\url_010215--supplyframe.com-index.md,md,22066,91_rejected_low_value,knowledge_scrape\91_rejected_low_value,.md,url_010215
knowledge_scrape\91_rejected_low_value\url_010221--ucsd.edu-index.md,md,25932,91_rejected_low_value,knowledge_scrape\91_rejected_low_value,.md,url_010221
knowledge_scrape\91_rejected_low_value\url_010222--ul.com-index.md,md,62354,91_rejected_low_value,knowledge_scrape\91_rejected_low_value,.md,url_010222
knowledge_scrape\91_rejected_low_value\url_010223--ultralibrarian.com-index.md,md,35652,91_rejected_low_value,knowledge_scrape\91_rejected_low_value,.md,url_010223
knowledge_scrape\91_rejected_low_value\url_010224--usb.org-index.md,md,2079,91_rejected_low_value,knowledge_scrape\91_rejected_low_value,.md,url_010224
knowledge_scrape\91_rejected_low_value\url_010225--uta.edu-index.md,md,6973,91_rejected_low_value,knowledge_scrape\91_rejected_low_value,.md,url_010225
knowledge_scrape\91_rejected_low_value\url_010226--uw.edu-index.md,md,24190,91_rejected_low_value,knowledge_scrape\91_rejected_low_value,.md,url_010226
knowledge_scrape\91_rejected_low_value\url_010229--wago.com-index.md,md,21983,91_rejected_low_value,knowledge_scrape\91_rejected_low_value,.md,url_010229
knowledge_scrape\91_rejected_low_value\url_010231--wpi.edu-index.md,md,22184,91_rejected_low_value,knowledge_scrape\91_rejected_low_value,.md,url_010231
knowledge_scrape\91_rejected_low_value\url_010232--nexar.com-api.md,md,11459,91_rejected_low_value,knowledge_scrape\91_rejected_low_value,.md,url_010232
knowledge_scrape\91_rejected_low_value\url_010233--octopart.com-index.md,md,192648,91_rejected_low_value,knowledge_scrape\91_rejected_low_value,.md,url_010233
knowledge_scrape\99_source_logs\.gitkeep,no_extension,14,99_source_logs,knowledge_scrape\99_source_logs,,
knowledge_scrape\99_source_logs\ingest_v2_import\domain_seed_run_v2_logs\errors_seed_urlv2.csv,csv,3402,99_source_logs,knowledge_scrape\99_source_logs\ingest_v2_import\domain_seed_run_v2_logs,.csv,
knowledge_scrape\99_source_logs\ingest_v2_import\domain_seed_run_v2_logs\ingest_log_seed_urlv2.csv,csv,28796,99_source_logs,knowledge_scrape\99_source_logs\ingest_v2_import\domain_seed_run_v2_logs,.csv,
knowledge_scrape\99_source_logs\ingest_v2_import\domain_seed_run_v2_registry\domain_summary_seed_urlv2.csv,csv,2819,99_source_logs,knowledge_scrape\99_source_logs\ingest_v2_import\domain_seed_run_v2_registry,.csv,
knowledge_scrape\99_source_logs\ingest_v2_import\domain_seed_run_v2_registry\URL_INDEX_seed_urlv2.csv,csv,72473,99_source_logs,knowledge_scrape\99_source_logs\ingest_v2_import\domain_seed_run_v2_registry,.csv,
knowledge_scrape\99_source_logs\ingest_v2_import\domain_seed_run_v2_registry\URL_INDEX_seed_urlv2.json,json,143407,99_source_logs,knowledge_scrape\99_source_logs\ingest_v2_import\domain_seed_run_v2_registry,.json,
knowledge_scrape\99_source_logs\ingest_v2_import\root_logs\errors.csv,csv,7070,99_source_logs,knowledge_scrape\99_source_logs\ingest_v2_import\root_logs,.csv,
knowledge_scrape\99_source_logs\ingest_v2_import\root_logs\ingest_log.csv,csv,74811,99_source_logs,knowledge_scrape\99_source_logs\ingest_v2_import\root_logs,.csv,
knowledge_scrape\99_source_logs\ingest_v2_import\root_registry\domain_summary.csv,csv,1293,99_source_logs,knowledge_scrape\99_source_logs\ingest_v2_import\root_registry,.csv,
knowledge_scrape\99_source_logs\ingest_v2_import\root_registry\URL_INDEX.csv,csv,192921,99_source_logs,knowledge_scrape\99_source_logs\ingest_v2_import\root_registry,.csv,
knowledge_scrape\99_source_logs\ingest_v2_import\root_registry\URL_INDEX.json,json,341346,99_source_logs,knowledge_scrape\99_source_logs\ingest_v2_import\root_registry,.json,
knowledge_scrape\_logs\.gitkeep,no_extension,14,_logs,knowledge_scrape\_logs,,
knowledge_scrape\_logs\classify_copy_log.csv,csv,748905,_logs,knowledge_scrape\_logs,.csv,
knowledge_scrape\_logs\clean_markdown_log.csv,csv,580146,_logs,knowledge_scrape\_logs,.csv,
knowledge_scrape\_logs\ingest_v2_import_validation_report.csv,csv,794,_logs,knowledge_scrape\_logs,.csv,
knowledge_scrape\_logs\ingest_v2_import_validation_report.md,md,941,_logs,knowledge_scrape\_logs,.md,
knowledge_scrape\_logs\pre_clean_backup_manifest.csv,csv,336228,_logs,knowledge_scrape\_logs,.csv,
knowledge_scrape\_logs\rejected_recovery_audit.csv,csv,168489,_logs,knowledge_scrape\_logs,.csv,
knowledge_scrape\_logs\rejected_recovery_audit.json,json,313140,_logs,knowledge_scrape\_logs,.json,
knowledge_scrape\_raw_inventory\duplicate_candidates.csv,csv,231173,_raw_inventory,knowledge_scrape\_raw_inventory,.csv,
knowledge_scrape\_raw_inventory\files_missing_source_url.csv,csv,3,_raw_inventory,knowledge_scrape\_raw_inventory,.csv,
knowledge_scrape\_raw_inventory\ingest_v2_file_inventory.csv,csv,506236,_raw_inventory,knowledge_scrape\_raw_inventory,.csv,
knowledge_scrape\_raw_inventory\ingest_v2_file_inventory.json,json,1178482,_raw_inventory,knowledge_scrape\_raw_inventory,.json,
knowledge_scrape\_raw_inventory\post_clean_raw_html_report.csv,csv,7991,_raw_inventory,knowledge_scrape\_raw_inventory,.csv,
knowledge_scrape\_raw_inventory\raw_html_noise_report.csv,csv,687571,_raw_inventory,knowledge_scrape\_raw_inventory,.csv,
knowledge_scrape\_raw_inventory\source_file_inventory.csv,csv,895554,_raw_inventory,knowledge_scrape\_raw_inventory,.csv,
knowledge_scrape\_raw_inventory\source_file_inventory.json,json,1970567,_raw_inventory,knowledge_scrape\_raw_inventory,.json,
knowledge_scrape\_scripts\01_build_raw_inventory.ps1,ps1,25386,_scripts,knowledge_scrape\_scripts,.ps1,
knowledge_scrape\_scripts\02_build_url_registry.ps1,ps1,48750,_scripts,knowledge_scrape\_scripts,.ps1,
knowledge_scrape\_scripts\03_classify_copy_markdown.ps1,ps1,34458,_scripts,knowledge_scrape\_scripts,.ps1,
knowledge_scrape\_scripts\04_convert_pdfs_to_markdown.ps1,ps1,51977,_scripts,knowledge_scrape\_scripts,.ps1,
knowledge_scrape\_scripts\05_clean_markdown_for_ai.ps1,ps1,33233,_scripts,knowledge_scrape\_scripts,.ps1,
knowledge_scrape\_scripts\06_build_category_indexes.ps1,ps1,39086,_scripts,knowledge_scrape\_scripts,.ps1,
knowledge_scrape\_scripts\10_import_ingest_v2.ps1,ps1,133659,_scripts,knowledge_scrape\_scripts,.ps1,
knowledge_scrape\_source_registry\domain_summary.csv,csv,7843,_source_registry,knowledge_scrape\_source_registry,.csv,
knowledge_scrape\_source_registry\error_url_index.csv,csv,2789730,_source_registry,knowledge_scrape\_source_registry,.csv,
knowledge_scrape\_source_registry\success_url_index.csv,csv,132894,_source_registry,knowledge_scrape\_source_registry,.csv,
knowledge_scrape\_source_registry\url_source_lists.csv,csv,2152020,_source_registry,knowledge_scrape\_source_registry,.csv,
knowledge_scrape\_source_registry\url_source_lists.json,json,4483049,_source_registry,knowledge_scrape\_source_registry,.json,
knowledge_scrape\FINAL_KNOWLEDGE_SCRAPE_REPORT.md,md,2833,__ROOT__,knowledge_scrape,.md,
knowledge_scrape\INDEX.md,md,4829,__ROOT__,knowledge_scrape,.md,
knowledge_scrape\INGEST_V2_IMPORT_REPORT.md,md,3427,__ROOT__,knowledge_scrape,.md,
knowledge_scrape\MANIFEST.json,json,5395,__ROOT__,knowledge_scrape,.json,
knowledge_scrape\README.md,md,2426,__ROOT__,knowledge_scrape,.md,
knowledge_scrape\RESCRAPE_QUEUE.csv,csv,1386363,__ROOT__,knowledge_scrape,.csv,
knowledge_scrape\SOURCE_AUDIT.md,md,637,__ROOT__,knowledge_scrape,.md,
knowledge_scrape\STRUCTURE_IMPROVEMENT_REPORT.md,md,2824,__ROOT__,knowledge_scrape,.md,
knowledge_scrape\URL_INDEX.csv,csv,5293841,__ROOT__,knowledge_scrape,.csv,
knowledge_scrape\URL_INDEX.json,json,17725011,__ROOT__,knowledge_scrape,.json,
knowledge_scrape\URL_INDEX.md,md,7915,__ROOT__,knowledge_scrape,.md,
