"id","original_url","normalized_url","source_domain","source_type","topic_category","trust_level","scrape_status","local_file","raw_html_path","markdown_path","pdf_path","extracted_pdf_markdown_path","error_message","scraped_at","needs_review"
"url_0337b47e8f89","https://www.eevblog.com/forum/projects/schematic-and-pcb-review/","https://www.eevblog.com/forum/projects/schematic-and-pcb-review","eevblog.com","peer_review_forum","power_buck_regulators","5_peer_review","success","C:\KICAD_SCRAPE\ingest_v2\markdown\url_000207-eevblog.com-forum-projects-schematic-and-pcb-review-c3b60c39b6.md","C:\KICAD_SCRAPE\ingest_v2\raw_html\url_000207-eevblog.com-forum-projects-schematic-and-pcb-review-c3b60c39b6.html","C:\KICAD_SCRAPE\ingest_v2\markdown\url_000207-eevblog.com-forum-projects-schematic-and-pcb-review-c3b60c39b6.md","","","","2026-05-10 12:15:06","false"
"url_03539f52682f","https://docs.espressif.com/projects/esp-idf/en/latest/esp32s3/api-reference/peripherals/uart.html","https://docs.espressif.com/projects/esp-idf/en/latest/esp32s3/api-reference/peripherals/uart.html","docs.espressif.com","manufacturer","esp32_rf_wifi","6_blog_or_general_web","success","C:\KICAD_SCRAPE\ingest_v2\markdown\url_000037-docs.espressif.com-projects-esp-idf-en-latest-esp32s3-api-reference-peripherals-uart.html-0983174b78.md","C:\KICAD_SCRAPE\ingest_v2\raw_html\url_000037-docs.espressif.com-projects-esp-idf-en-latest-esp32s3-api-reference-peripherals-uart.html-0983174b78.html","C:\KICAD_SCRAPE\ingest_v2\markdown\url_000037-docs.espressif.com-projects-esp-idf-en-latest-esp32s3-api-reference-peripherals-uart.html-0983174b78.md","","","","2026-05-10 11:48:47","false"
"url_0398be34bd74","https://www.espressif.com/sites/default/files/documentation/esp32_technical_reference_manual_en.pdf","https://www.espressif.com/sites/default/files/documentation/esp32_technical_reference_manual_en.pdf","espressif.com","pdf","esp32_rf_wifi","1_official_manufacturer_datasheet_or_app_note","success","C:\KICAD_SCRAPE\ingest_v2\pdf\url_000217-espressif.com-sites-default-files-documentation-esp32_technical_reference_manual_en.pdf-d5780d073a.pdf","C:\KICAD_SCRAPE\ingest_v2\raw_html\url_000217-espressif.com-sites-default-files-documentation-esp32_technical_reference_manual_en.pdf-d5780d073a.html","","C:\KICAD_SCRAPE\ingest_v2\pdf\url_000217-espressif.com-sites-default-files-documentation-esp32_technical_reference_manual_en.pdf-d5780d073a.pdf","C:\KICAD_SCRAPE\ingest_v2\extracted_pdf_markdown\url_000217-espressif.com-sites-default-files-documentation-esp32_technical_reference_manual_en.pdf-d5780d073a.pdf.md","","2026-05-10 12:22:02","false"
"url_03fc1fd9a30e","https://www.pcbway.com/pcb_prototype/PCB_Design_Rule_Check.html","https://www.pcbway.com/pcb_prototype/PCB_Design_Rule_Check.html","pcbway.com","fabricator_dfm","power_buck_regulators","3_fabricator_dfm","success","C:\KICAD_SCRAPE\ingest_v2\markdown\url_000257-pcbway.com-pcb_prototype-PCB_Design_Rule_Check.html-c8af42c167.md","C:\KICAD_SCRAPE\ingest_v2\raw_html\url_000257-pcbway.com-pcb_prototype-PCB_Design_Rule_Check.html-c8af42c167.html","C:\KICAD_SCRAPE\ingest_v2\markdown\url_000257-pcbway.com-pcb_prototype-PCB_Design_Rule_Check.html-c8af42c167.md","","","","2026-05-10 12:28:36","false"
"url_041d6e97afdf","https://docs.oshpark.com/services/four-layer/","https://docs.oshpark.com/services/four-layer","docs.oshpark.com","fabricator_dfm","power_buck_regulators","3_fabricator_dfm","success","C:\KICAD_SCRAPE\ingest_v2\markdown\url_000062-docs.oshpark.com-services-four-layer-dd5d5ba33a.md","C:\KICAD_SCRAPE\ingest_v2\raw_html\url_000062-docs.oshpark.com-services-four-layer-dd5d5ba33a.html","C:\KICAD_SCRAPE\ingest_v2\markdown\url_000062-docs.oshpark.com-services-four-layer-dd5d5ba33a.md","","","","2026-05-10 11:49:31","false"
"url_055e2dcb506e","https://electronics.stackexchange.com/questions/tagged/pcb-design","https://electronics.stackexchange.com/questions/tagged/pcb-design","electronics.stackexchange.com","peer_review_forum","power_buck_regulators","5_peer_review","success","C:\KICAD_SCRAPE\ingest_v2\markdown\url_000073-electronics.stackexchange.com-questions-tagged-pcb-design-3c2e8095f2.md","C:\KICAD_SCRAPE\ingest_v2\raw_html\url_000073-electronics.stackexchange.com-questions-tagged-pcb-design-3c2e8095f2.html","C:\KICAD_SCRAPE\ingest_v2\markdown\url_000073-electronics.stackexchange.com-questions-tagged-pcb-design-3c2e8095f2.md","","","","2026-05-10 11:49:50","false"
"url_0739a1360d5f","https://electronics.stackexchange.com/questions/tagged/emi","https://electronics.stackexchange.com/questions/tagged/emi","electronics.stackexchange.com","peer_review_forum","power_buck_regulators","5_peer_review","success","C:\KICAD_SCRAPE\ingest_v2\markdown\url_000067-electronics.stackexchange.com-questions-tagged-emi-054aa31a3b.md","C:\KICAD_SCRAPE\ingest_v2\raw_html\url_000067-electronics.stackexchange.com-questions-tagged-emi-054aa31a3b.html","C:\KICAD_SCRAPE\ingest_v2\markdown\url_000067-electronics.stackexchange.com-questions-tagged-emi-054aa31a3b.md","","","","2026-05-10 11:49:39","false"
"url_07a7db64820d","https://hackaday.com/tag/pcb-design/","https://hackaday.com/tag/pcb-design","hackaday.com","index_or_search","power_buck_regulators","6_blog_or_general_web","success","C:\KICAD_SCRAPE\ingest_v2\markdown\url_000111-hackaday.com-tag-pcb-design-ada3f66f2e.md","C:\KICAD_SCRAPE\ingest_v2\raw_html\url_000111-hackaday.com-tag-pcb-design-ada3f66f2e.html","C:\KICAD_SCRAPE\ingest_v2\markdown\url_000111-hackaday.com-tag-pcb-design-ada3f66f2e.md","","","","2026-05-10 11:51:11","false"
"url_07b1989666a4","https://docs.espressif.com/projects/esp-idf/en/latest/esp32s3/api-reference/peripherals/twai.html","https://docs.espressif.com/projects/esp-idf/en/latest/esp32s3/api-reference/peripherals/twai.html","docs.espressif.com","manufacturer","esp32_rf_wifi","6_blog_or_general_web","success","C:\KICAD_SCRAPE\ingest_v2\markdown\url_000036-docs.espressif.com-projects-esp-idf-en-latest-esp32s3-api-reference-peripherals-twai.html-c58c1015d7.md","C:\KICAD_SCRAPE\ingest_v2\raw_html\url_000036-docs.espressif.com-projects-esp-idf-en-latest-esp32s3-api-reference-peripherals-twai.html-c58c1015d7.html","C:\KICAD_SCRAPE\ingest_v2\markdown\url_000036-docs.espressif.com-projects-esp-idf-en-latest-esp32s3-api-reference-peripherals-twai.html-c58c1015d7.md","","","","2026-05-10 11:48:45","false"
"url_07bc5fc39f05","https://www.ti.com/lit/an/scaa048/scaa048.pdf","https://www.ti.com/lit/an/scaa048/scaa048.pdf","ti.com","pdf","power_buck_regulators","1_official_manufacturer_datasheet_or_app_note","success","C:\KICAD_SCRAPE\ingest_v2\pdf\url_000291-ti.com-lit-an-scaa048-scaa048.pdf-1e7fe77c8e.pdf","C:\KICAD_SCRAPE\ingest_v2\raw_html\url_000291-ti.com-lit-an-scaa048-scaa048.pdf-1e7fe77c8e.html","","C:\KICAD_SCRAPE\ingest_v2\pdf\url_000291-ti.com-lit-an-scaa048-scaa048.pdf-1e7fe77c8e.pdf","C:\KICAD_SCRAPE\ingest_v2\extracted_pdf_markdown\url_000291-ti.com-lit-an-scaa048-scaa048.pdf-1e7fe77c8e.pdf.md","","2026-05-10 12:36:20","false"
"url_08859bfaaa16","https://dev-docs.kicad.org/en/apis-and-binding/index.html","https://dev-docs.kicad.org/en/apis-and-binding/index.html","dev-docs.kicad.org","kicad_official","kicad","2_official_kicad","success","C:\KICAD_SCRAPE\ingest_v2\markdown\url_000006-dev-docs.kicad.org-en-apis-and-binding-index.html-216b0eddd3.md","C:\KICAD_SCRAPE\ingest_v2\raw_html\url_000006-dev-docs.kicad.org-en-apis-and-binding-index.html-216b0eddd3.html","C:\KICAD_SCRAPE\ingest_v2\markdown\url_000006-dev-docs.kicad.org-en-apis-and-binding-index.html-216b0eddd3.md","","","","2026-05-10 11:47:50","false"
"url_08e0be7c7c60","https://www.eevblog.com/forum/projects/","https://www.eevblog.com/forum/projects","eevblog.com","peer_review_forum","power_buck_regulators","5_peer_review","success","C:\KICAD_SCRAPE\ingest_v2\markdown\url_000202-eevblog.com-forum-projects-25481d2505.md","C:\KICAD_SCRAPE\ingest_v2\raw_html\url_000202-eevblog.com-forum-projects-25481d2505.html","C:\KICAD_SCRAPE\ingest_v2\markdown\url_000202-eevblog.com-forum-projects-25481d2505.md","","","","2026-05-10 12:14:55","false"
"url_08fabc2e86b8","https://www.ti.com/lit/an/scaa082a/scaa082a.pdf","https://www.ti.com/lit/an/scaa082a/scaa082a.pdf","ti.com","pdf","power_buck_regulators","1_official_manufacturer_datasheet_or_app_note","success","C:\KICAD_SCRAPE\ingest_v2\pdf\url_000292-ti.com-lit-an-scaa082a-scaa082a.pdf-df695f7fec.pdf","C:\KICAD_SCRAPE\ingest_v2\raw_html\url_000292-ti.com-lit-an-scaa082a-scaa082a.pdf-df695f7fec.html","","C:\KICAD_SCRAPE\ingest_v2\pdf\url_000292-ti.com-lit-an-scaa082a-scaa082a.pdf-df695f7fec.pdf","C:\KICAD_SCRAPE\ingest_v2\extracted_pdf_markdown\url_000292-ti.com-lit-an-scaa082a-scaa082a.pdf-df695f7fec.pdf.md","","2026-05-10 12:36:22","false"
"url_0933f91a3507","https://docs.kicad.org/doxygen-python-9.0/classpcbnew_1_1FOOTPRINT.html","https://docs.kicad.org/doxygen-python-9.0/classpcbnew_1_1FOOTPRINT.html","docs.kicad.org","kicad_official","kicad","2_official_kicad","success","C:\KICAD_SCRAPE\ingest_v2\markdown\url_000052-docs.kicad.org-doxygen-python-9.0-classpcbnew_1_1FOOTPRINT.html-00d9a06870.md","C:\KICAD_SCRAPE\ingest_v2\raw_html\url_000052-docs.kicad.org-doxygen-python-9.0-classpcbnew_1_1FOOTPRINT.html-00d9a06870.html","C:\KICAD_SCRAPE\ingest_v2\markdown\url_000052-docs.kicad.org-doxygen-python-9.0-classpcbnew_1_1FOOTPRINT.html-00d9a06870.md","","","","2026-05-10 11:49:16","false"
"url_09e3ea3432d1","https://electronics.stackexchange.com/questions/tagged/ground-plane","https://electronics.stackexchange.com/questions/tagged/ground-plane","electronics.stackexchange.com","peer_review_forum","power_buck_regulators","5_peer_review","success","C:\KICAD_SCRAPE\ingest_v2\markdown\url_000070-electronics.stackexchange.com-questions-tagged-ground-plane-463ff8db83.md","C:\KICAD_SCRAPE\ingest_v2\raw_html\url_000070-electronics.stackexchange.com-questions-tagged-ground-plane-463ff8db83.html","C:\KICAD_SCRAPE\ingest_v2\markdown\url_000070-electronics.stackexchange.com-questions-tagged-ground-plane-463ff8db83.md","","","","2026-05-10 11:49:44","false"
"url_0a7a4984ce7f","https://docs.kicad.org/9.0/en/eeschema/eeschema.html","https://docs.kicad.org/9.0/en/eeschema/eeschema.html","docs.kicad.org","kicad_official","kicad","2_official_kicad","success","C:\KICAD_SCRAPE\ingest_v2\markdown\url_000044-docs.kicad.org-9.0-en-eeschema-eeschema.html-c022a21b9a.md","C:\KICAD_SCRAPE\ingest_v2\raw_html\url_000044-docs.kicad.org-9.0-en-eeschema-eeschema.html-c022a21b9a.html","C:\KICAD_SCRAPE\ingest_v2\markdown\url_000044-docs.kicad.org-9.0-en-eeschema-eeschema.html-c022a21b9a.md","","","","2026-05-10 11:49:00","false"
"url_0a8279d7f0cd","https://learn.sparkfun.com/tutorials/designing-pcbs-advanced-smd/all","https://learn.sparkfun.com/tutorials/designing-pcbs-advanced-smd/all","learn.sparkfun.com","web_page","power_buck_regulators","6_blog_or_general_web","success","C:\KICAD_SCRAPE\ingest_v2\markdown\url_000148-learn.sparkfun.com-tutorials-designing-pcbs-advanced-smd-all-addd328a3c.md","C:\KICAD_SCRAPE\ingest_v2\raw_html\url_000148-learn.sparkfun.com-tutorials-designing-pcbs-advanced-smd-all-addd328a3c.html","C:\KICAD_SCRAPE\ingest_v2\markdown\url_000148-learn.sparkfun.com-tutorials-designing-pcbs-advanced-smd-all-addd328a3c.md","","","","2026-05-10 11:52:20","false"
"url_0f39d6ab37dc","https://docs.kicad.org/","https://docs.kicad.org/","docs.kicad.org","kicad_official","kicad","2_official_kicad","success","C:\KICAD_SCRAPE\ingest_v2\markdown\url_000042-docs.kicad.org-index-ac8af7774a.md","C:\KICAD_SCRAPE\ingest_v2\raw_html\url_000042-docs.kicad.org-index-ac8af7774a.html","C:\KICAD_SCRAPE\ingest_v2\markdown\url_000042-docs.kicad.org-index-ac8af7774a.md","","","","2026-05-10 11:48:55","false"
"url_0fbee5046553","https://docs.kicad.org/9.0/en/getting_started_in_kicad/getting_started_in_kicad.html","https://docs.kicad.org/9.0/en/getting_started_in_kicad/getting_started_in_kicad.html","docs.kicad.org","kicad_official","kicad","2_official_kicad","success","C:\KICAD_SCRAPE\ingest_v2\markdown\url_000046-docs.kicad.org-9.0-en-getting_started_in_kicad-getting_started_in_kicad.html-e5d33808b5.md","C:\KICAD_SCRAPE\ingest_v2\raw_html\url_000046-docs.kicad.org-9.0-en-getting_started_in_kicad-getting_started_in_kicad.html-e5d33808b5.html","C:\KICAD_SCRAPE\ingest_v2\markdown\url_000046-docs.kicad.org-9.0-en-getting_started_in_kicad-getting_started_in_kicad.html-e5d33808b5.md","","","","2026-05-10 11:49:03","false"
"url_1077316968bd","https://pcb.mit.edu/resources/","https://pcb.mit.edu/resources","pcb.mit.edu","university_training","power_buck_regulators","4_university_training","success","C:\KICAD_SCRAPE\ingest_v2\markdown\url_000163-pcb.mit.edu-resources-46f2aaf72d.md","C:\KICAD_SCRAPE\ingest_v2\raw_html\url_000163-pcb.mit.edu-resources-46f2aaf72d.html","C:\KICAD_SCRAPE\ingest_v2\markdown\url_000163-pcb.mit.edu-resources-46f2aaf72d.md","","","","2026-05-10 11:52:54","false"
"url_115c43a25a5e","https://docs.kicad.org/doxygen-python-9.0/classpcbnew_1_1PCB__TRACK.html","https://docs.kicad.org/doxygen-python-9.0/classpcbnew_1_1PCB__TRACK.html","docs.kicad.org","kicad_official","kicad","2_official_kicad","success","C:\KICAD_SCRAPE\ingest_v2\markdown\url_000054-docs.kicad.org-doxygen-python-9.0-classpcbnew_1_1PCB__TRACK.html-2cb79cb0d8.md","C:\KICAD_SCRAPE\ingest_v2\raw_html\url_000054-docs.kicad.org-doxygen-python-9.0-classpcbnew_1_1PCB__TRACK.html-2cb79cb0d8.html","C:\KICAD_SCRAPE\ingest_v2\markdown\url_000054-docs.kicad.org-doxygen-python-9.0-classpcbnew_1_1PCB__TRACK.html-2cb79cb0d8.md","","","","2026-05-10 11:49:19","false"
"url_12a9adfbeab7","https://github.com/espressif/esp-idf","https://github.com/espressif/esp-idf","github.com","manufacturer","esp32_rf_wifi","6_blog_or_general_web","success","C:\KICAD_SCRAPE\ingest_v2\markdown\url_000091-github.com-espressif-esp-idf-f9a72b765a.md","C:\KICAD_SCRAPE\ingest_v2\raw_html\url_000091-github.com-espressif-esp-idf-f9a72b765a.html","C:\KICAD_SCRAPE\ingest_v2\markdown\url_000091-github.com-espressif-esp-idf-f9a72b765a.md","","","","2026-05-10 11:50:33","false"
"url_12aa72dc9dfa","https://www.mouser.com/electronic-cad-symbols-models","https://www.mouser.com/electronic-cad-symbols-models","mouser.com","web_page","power_buck_regulators","6_blog_or_general_web","success","C:\KICAD_SCRAPE\ingest_v2\markdown\url_000243-mouser.com-electronic-cad-symbols-models-99a8807cdc.md","C:\KICAD_SCRAPE\ingest_v2\raw_html\url_000243-mouser.com-electronic-cad-symbols-models-99a8807cdc.html","C:\KICAD_SCRAPE\ingest_v2\markdown\url_000243-mouser.com-electronic-cad-symbols-models-99a8807cdc.md","","","","2026-05-10 12:25:10","false"
"url_13a92439fbac","https://www.eurocircuits.com/technical-guidelines/clearance-guidelines/","https://www.eurocircuits.com/technical-guidelines/clearance-guidelines","eurocircuits.com","fabricator_dfm","power_buck_regulators","3_fabricator_dfm","failed","","C:\KICAD_SCRAPE\ingest_v2\raw_html\url_000226-eurocircuits.com-technical-guidelines-clearance-guidelines-ef0b38bc39.html","","","","The remote server returned an error: (404) Not Found.","2026-05-10 12:24:48","true"
"url_168dbca6b899","https://jlcpcb.com/blog/via-in-pad-pcb","https://jlcpcb.com/blog/via-in-pad-pcb","jlcpcb.com","fabricator_dfm","power_buck_regulators","3_fabricator_dfm","success","C:\KICAD_SCRAPE\ingest_v2\markdown\url_000116-jlcpcb.com-blog-via-in-pad-pcb-edc99770ce.md","C:\KICAD_SCRAPE\ingest_v2\raw_html\url_000116-jlcpcb.com-blog-via-in-pad-pcb-edc99770ce.html","C:\KICAD_SCRAPE\ingest_v2\markdown\url_000116-jlcpcb.com-blog-via-in-pad-pcb-edc99770ce.md","","","","2026-05-10 11:51:21","false"
"url_16c78623dd97","https://docs.espressif.com/projects/esp-hardware-design-guidelines/en/latest/esp32c6/index.html","https://docs.espressif.com/projects/esp-hardware-design-guidelines/en/latest/esp32c6/index.html","docs.espressif.com","manufacturer","esp32_rf_wifi","6_blog_or_general_web","success","C:\KICAD_SCRAPE\ingest_v2\markdown\url_000024-docs.espressif.com-projects-esp-hardware-design-guidelines-en-latest-esp32c6-index.html-49487511bf.md","C:\KICAD_SCRAPE\ingest_v2\raw_html\url_000024-docs.espressif.com-projects-esp-hardware-design-guidelines-en-latest-esp32c6-index.html-49487511bf.html","C:\KICAD_SCRAPE\ingest_v2\markdown\url_000024-docs.espressif.com-projects-esp-hardware-design-guidelines-en-latest-esp32c6-index.html-49487511bf.md","","","","2026-05-10 11:48:22","false"
"url_177570a3c267","https://www.espressif.com/sites/default/files/documentation/esp32-s3_errata_en.pdf","https://www.espressif.com/sites/default/files/documentation/esp32-s3_errata_en.pdf","espressif.com","pdf","esp32_rf_wifi","1_official_manufacturer_datasheet_or_app_note","success","C:\KICAD_SCRAPE\ingest_v2\pdf\url_000223-espressif.com-sites-default-files-documentation-esp32-s3_errata_en.pdf-13b72743e0.pdf","C:\KICAD_SCRAPE\ingest_v2\raw_html\url_000223-espressif.com-sites-default-files-documentation-esp32-s3_errata_en.pdf-13b72743e0.html","","C:\KICAD_SCRAPE\ingest_v2\pdf\url_000223-espressif.com-sites-default-files-documentation-esp32-s3_errata_en.pdf-13b72743e0.pdf","C:\KICAD_SCRAPE\ingest_v2\extracted_pdf_markdown\url_000223-espressif.com-sites-default-files-documentation-esp32-s3_errata_en.pdf-13b72743e0.pdf.md","","2026-05-10 12:23:43","false"
"url_18b844c32dc5","https://www.ti.com/lit/ds/symlink/tps62130.pdf","https://www.ti.com/lit/ds/symlink/tps62130.pdf","ti.com","pdf","power_buck_regulators","1_official_manufacturer_datasheet_or_app_note","success","C:\KICAD_SCRAPE\ingest_v2\pdf\url_000308-ti.com-lit-ds-symlink-tps62130.pdf-ddecc1ff24.pdf","C:\KICAD_SCRAPE\ingest_v2\raw_html\url_000308-ti.com-lit-ds-symlink-tps62130.pdf-ddecc1ff24.html","","C:\KICAD_SCRAPE\ingest_v2\pdf\url_000308-ti.com-lit-ds-symlink-tps62130.pdf-ddecc1ff24.pdf","C:\KICAD_SCRAPE\ingest_v2\extracted_pdf_markdown\url_000308-ti.com-lit-ds-symlink-tps62130.pdf-ddecc1ff24.pdf.md","","2026-05-10 12:37:11","false"
"url_1a150047b253","https://www.ti.com/lit/an/snva021c/snva021c.pdf","https://www.ti.com/lit/an/snva021c/snva021c.pdf","ti.com","pdf","power_buck_regulators","1_official_manufacturer_datasheet_or_app_note","success","C:\KICAD_SCRAPE\ingest_v2\pdf\url_000302-ti.com-lit-an-snva021c-snva021c.pdf-886b5ba014.pdf","C:\KICAD_SCRAPE\ingest_v2\raw_html\url_000302-ti.com-lit-an-snva021c-snva021c.pdf-886b5ba014.html","","C:\KICAD_SCRAPE\ingest_v2\pdf\url_000302-ti.com-lit-an-snva021c-snva021c.pdf-886b5ba014.pdf","C:\KICAD_SCRAPE\ingest_v2\extracted_pdf_markdown\url_000302-ti.com-lit-an-snva021c-snva021c.pdf-886b5ba014.pdf.md","","2026-05-10 12:36:45","false"
"url_1ab4c90afb3d","https://docs.espressif.com/projects/esp-hardware-design-guidelines/en/latest/esp32s3/pcb-layout-design.html","https://docs.espressif.com/projects/esp-hardware-design-guidelines/en/latest/esp32s3/pcb-layout-design.html","docs.espressif.com","manufacturer","esp32_rf_wifi","6_blog_or_general_web","success","C:\KICAD_SCRAPE\ingest_v2\markdown\url_000029-docs.espressif.com-projects-esp-hardware-design-guidelines-en-latest-esp32s3-pcb-layout-design.html-52d50e6add.md","C:\KICAD_SCRAPE\ingest_v2\raw_html\url_000029-docs.espressif.com-projects-esp-hardware-design-guidelines-en-latest-esp32s3-pcb-layout-design.html-52d50e6add.html","C:\KICAD_SCRAPE\ingest_v2\markdown\url_000029-docs.espressif.com-projects-esp-hardware-design-guidelines-en-latest-esp32s3-pcb-layout-design.html-52d50e6add.md","","","","2026-05-10 11:48:30","false"
"url_1ab8c499114b","https://ww1.microchip.com/downloads/aemDocuments/documents/OTH/ApplicationNotes/ApplicationNotes/00002053A.pdf","https://ww1.microchip.com/downloads/aemDocuments/documents/OTH/ApplicationNotes/ApplicationNotes/00002053A.pdf","ww1.microchip.com","pdf","power_buck_regulators","1_official_manufacturer_datasheet_or_app_note","success","C:\KICAD_SCRAPE\ingest_v2\pdf\url_000180-ww1.microchip.com-downloads-aemDocuments-documents-OTH-ApplicationNotes-ApplicationNotes-00002053A.pdf-0bb6a6d7a4.pdf","C:\KICAD_SCRAPE\ingest_v2\raw_html\url_000180-ww1.microchip.com-downloads-aemDocuments-documents-OTH-ApplicationNotes-ApplicationNotes-00002053A.pdf-0bb6a6d7a4.html","","C:\KICAD_SCRAPE\ingest_v2\pdf\url_000180-ww1.microchip.com-downloads-aemDocuments-documents-OTH-ApplicationNotes-ApplicationNotes-00002053A.pdf-0bb6a6d7a4.pdf","C:\KICAD_SCRAPE\ingest_v2\extracted_pdf_markdown\url_000180-ww1.microchip.com-downloads-aemDocuments-documents-OTH-ApplicationNotes-ApplicationNotes-00002053A.pdf-0bb6a6d7a4.pdf.md","","2026-05-10 11:53:24","false"
"url_1af3954476ae","https://electronics.stackexchange.com/questions/tagged/kicad","https://electronics.stackexchange.com/questions/tagged/kicad","electronics.stackexchange.com","peer_review_forum","kicad","5_peer_review","success","C:\KICAD_SCRAPE\ingest_v2\markdown\url_000071-electronics.stackexchange.com-questions-tagged-kicad-32e3d364f3.md","C:\KICAD_SCRAPE\ingest_v2\raw_html\url_000071-electronics.stackexchange.com-questions-tagged-kicad-32e3d364f3.html","C:\KICAD_SCRAPE\ingest_v2\markdown\url_000071-electronics.stackexchange.com-questions-tagged-kicad-32e3d364f3.md","","","","2026-05-10 11:49:46","false"
"url_1bd4f31e4065","https://learn.adafruit.com/adafruit-qt-py-esp32-s3","https://learn.adafruit.com/adafruit-qt-py-esp32-s3","learn.adafruit.com","web_page","esp32_rf_wifi","6_blog_or_general_web","success","C:\KICAD_SCRAPE\ingest_v2\markdown\url_000147-learn.adafruit.com-adafruit-qt-py-esp32-s3-774bd56bd8.md","C:\KICAD_SCRAPE\ingest_v2\raw_html\url_000147-learn.adafruit.com-adafruit-qt-py-esp32-s3-774bd56bd8.html","C:\KICAD_SCRAPE\ingest_v2\markdown\url_000147-learn.adafruit.com-adafruit-qt-py-esp32-s3-774bd56bd8.md","","","","2026-05-10 11:52:18","false"
"url_1cf0b403d40b","https://www.richtek.com/Design%20Support/Technical%20Document/AN003","https://www.richtek.com/Design%20Support/Technical%20Document/AN003","richtek.com","manufacturer","power_buck_regulators","6_blog_or_general_web","success","C:\KICAD_SCRAPE\ingest_v2\markdown\url_000277-richtek.com-Design-20Support-Technical-20Document-AN003-cbc568e6c4.md","C:\KICAD_SCRAPE\ingest_v2\raw_html\url_000277-richtek.com-Design-20Support-Technical-20Document-AN003-cbc568e6c4.html","C:\KICAD_SCRAPE\ingest_v2\markdown\url_000277-richtek.com-Design-20Support-Technical-20Document-AN003-cbc568e6c4.md","","","","2026-05-10 12:29:49","false"
"url_1dec3c71e41d","https://jlcpcb.com/help/article/multilayer-pcb-stackup","https://jlcpcb.com/help/article/multilayer-pcb-stackup","jlcpcb.com","fabricator_dfm","power_buck_regulators","3_fabricator_dfm","success","C:\KICAD_SCRAPE\ingest_v2\markdown\url_000126-jlcpcb.com-help-article-multilayer-pcb-stackup-9a7c977e05.md","C:\KICAD_SCRAPE\ingest_v2\raw_html\url_000126-jlcpcb.com-help-article-multilayer-pcb-stackup-9a7c977e05.html","C:\KICAD_SCRAPE\ingest_v2\markdown\url_000126-jlcpcb.com-help-article-multilayer-pcb-stackup-9a7c977e05.md","","","","2026-05-10 11:51:40","false"
"url_1ebd78b7f018","https://www.nexar.com/api","https://www.nexar.com/api","nexar.com","web_page","power_buck_regulators","6_blog_or_general_web","success","C:\KICAD_SCRAPE\ingest_v2\markdown\url_000245-nexar.com-api-1771520614.md","C:\KICAD_SCRAPE\ingest_v2\raw_html\url_000245-nexar.com-api-1771520614.html","C:\KICAD_SCRAPE\ingest_v2\markdown\url_000245-nexar.com-api-1771520614.md","","","","2026-05-10 12:25:13","false"
"url_1fd106888143","https://www.ti.com/lit/pdf/sllu149","https://www.ti.com/lit/pdf/sllu149","ti.com","manufacturer","power_buck_regulators","6_blog_or_general_web","success","C:\KICAD_SCRAPE\ingest_v2\markdown\url_000312-ti.com-lit-pdf-sllu149-c556cbd0c0.md","C:\KICAD_SCRAPE\ingest_v2\raw_html\url_000312-ti.com-lit-pdf-sllu149-c556cbd0c0.html","C:\KICAD_SCRAPE\ingest_v2\markdown\url_000312-ti.com-lit-pdf-sllu149-c556cbd0c0.md","","","","2026-05-10 12:37:32","false"
"url_1fe5b0ccb2ef","https://dev-docs.kicad.org/en/apis-and-binding/ipc-api/for-addon-developers/index.html","https://dev-docs.kicad.org/en/apis-and-binding/ipc-api/for-addon-developers/index.html","dev-docs.kicad.org","kicad_official","kicad","2_official_kicad","success","C:\KICAD_SCRAPE\ingest_v2\markdown\url_000007-dev-docs.kicad.org-en-apis-and-binding-ipc-api-for-addon-developers-index.html-f5c58d835d.md","C:\KICAD_SCRAPE\ingest_v2\raw_html\url_000007-dev-docs.kicad.org-en-apis-and-binding-ipc-api-for-addon-developers-index.html-f5c58d835d.html","C:\KICAD_SCRAPE\ingest_v2\markdown\url_000007-dev-docs.kicad.org-en-apis-and-binding-ipc-api-for-addon-developers-index.html-f5c58d835d.md","","","","2026-05-10 11:47:51","false"
"url_1fe633971bb7","https://www.ti.com/lit/ds/symlink/tpd4e05u06.pdf","https://www.ti.com/lit/ds/symlink/tpd4e05u06.pdf","ti.com","pdf","usb_c_high_speed_esd","1_official_manufacturer_datasheet_or_app_note","success","C:\KICAD_SCRAPE\ingest_v2\pdf\url_000307-ti.com-lit-ds-symlink-tpd4e05u06.pdf-c6e49b3d97.pdf","C:\KICAD_SCRAPE\ingest_v2\raw_html\url_000307-ti.com-lit-ds-symlink-tpd4e05u06.pdf-c6e49b3d97.html","","C:\KICAD_SCRAPE\ingest_v2\pdf\url_000307-ti.com-lit-ds-symlink-tpd4e05u06.pdf-c6e49b3d97.pdf","C:\KICAD_SCRAPE\ingest_v2\extracted_pdf_markdown\url_000307-ti.com-lit-ds-symlink-tpd4e05u06.pdf-c6e49b3d97.pdf.md","","2026-05-10 12:37:05","false"
"url_200b2c2d89f1","https://www.pcbway.com/assembly-file-requirements.html","https://www.pcbway.com/assembly-file-requirements.html","pcbway.com","fabricator_dfm","power_buck_regulators","3_fabricator_dfm","success","C:\KICAD_SCRAPE\ingest_v2\markdown\url_000252-pcbway.com-assembly-file-requirements.html-fb4eda6e5e.md","C:\KICAD_SCRAPE\ingest_v2\raw_html\url_000252-pcbway.com-assembly-file-requirements.html-fb4eda6e5e.html","C:\KICAD_SCRAPE\ingest_v2\markdown\url_000252-pcbway.com-assembly-file-requirements.html-fb4eda6e5e.md","","","","2026-05-10 12:28:28","false"
"url_220db6d890a9","https://www.espressif.com/sites/default/files/documentation/esp32-s3_datasheet_en.pdf","https://www.espressif.com/sites/default/files/documentation/esp32-s3_datasheet_en.pdf","espressif.com","pdf","esp32_rf_wifi","1_official_manufacturer_datasheet_or_app_note","success","C:\KICAD_SCRAPE\ingest_v2\pdf\url_000222-espressif.com-sites-default-files-documentation-esp32-s3_datasheet_en.pdf-4688533147.pdf","C:\KICAD_SCRAPE\ingest_v2\raw_html\url_000222-espressif.com-sites-default-files-documentation-esp32-s3_datasheet_en.pdf-4688533147.html","","C:\KICAD_SCRAPE\ingest_v2\pdf\url_000222-espressif.com-sites-default-files-documentation-esp32-s3_datasheet_en.pdf-4688533147.pdf","C:\KICAD_SCRAPE\ingest_v2\extracted_pdf_markdown\url_000222-espressif.com-sites-default-files-documentation-esp32-s3_datasheet_en.pdf-4688533147.pdf.md","","2026-05-10 12:23:40","false"
"url_221589670c4c","https://forum.kicad.info/c/layout/6","https://forum.kicad.info/c/layout/6","forum.kicad.info","peer_review_forum","kicad","5_peer_review","success","C:\KICAD_SCRAPE\ingest_v2\markdown\url_000083-forum.kicad.info-c-layout-6-5a8e057908.md","C:\KICAD_SCRAPE\ingest_v2\raw_html\url_000083-forum.kicad.info-c-layout-6-5a8e057908.html","C:\KICAD_SCRAPE\ingest_v2\markdown\url_000083-forum.kicad.info-c-layout-6-5a8e057908.md","","","","2026-05-10 11:50:09","false"
"url_2413e0d21d4c","https://klc.kicad.org/symbol/","https://klc.kicad.org/symbol","klc.kicad.org","kicad_official","kicad","2_official_kicad","success","C:\KICAD_SCRAPE\ingest_v2\markdown\url_000144-klc.kicad.org-symbol-cc13149e58.md","C:\KICAD_SCRAPE\ingest_v2\raw_html\url_000144-klc.kicad.org-symbol-cc13149e58.html","C:\KICAD_SCRAPE\ingest_v2\markdown\url_000144-klc.kicad.org-symbol-cc13149e58.md","","","","2026-05-10 11:52:13","false"
"url_248d5f84c245","https://forum.kicad.info/t/kicad-9-0-python-api-ipc-api/57236","https://forum.kicad.info/t/kicad-9-0-python-api-ipc-api/57236","forum.kicad.info","peer_review_forum","kicad","5_peer_review","success","C:\KICAD_SCRAPE\ingest_v2\markdown\url_000085-forum.kicad.info-t-kicad-9-0-python-api-ipc-api-57236-5999d09e4f.md","C:\KICAD_SCRAPE\ingest_v2\raw_html\url_000085-forum.kicad.info-t-kicad-9-0-python-api-ipc-api-57236-5999d09e4f.html","C:\KICAD_SCRAPE\ingest_v2\markdown\url_000085-forum.kicad.info-t-kicad-9-0-python-api-ipc-api-57236-5999d09e4f.md","","","","2026-05-10 11:50:12","false"
"url_25600d20a199","https://www.silabs.com/documents/public/application-notes/an0046-efm32-usb-hardware-design-guidelines.pdf","https://www.silabs.com/documents/public/application-notes/an0046-efm32-usb-hardware-design-guidelines.pdf","silabs.com","pdf","usb_c_high_speed_esd","1_official_manufacturer_datasheet_or_app_note","success","C:\KICAD_SCRAPE\ingest_v2\pdf\url_000283-silabs.com-documents-public-application-notes-an0046-efm32-usb-hardware-design-guidelines.pdf-fd0c5d0498.pdf","C:\KICAD_SCRAPE\ingest_v2\raw_html\url_000283-silabs.com-documents-public-application-notes-an0046-efm32-usb-hardware-design-guidelines.pdf-fd0c5d0498.html","","C:\KICAD_SCRAPE\ingest_v2\pdf\url_000283-silabs.com-documents-public-application-notes-an0046-efm32-usb-hardware-design-guidelines.pdf-fd0c5d0498.pdf","C:\KICAD_SCRAPE\ingest_v2\extracted_pdf_markdown\url_000283-silabs.com-documents-public-application-notes-an0046-efm32-usb-hardware-design-guidelines.pdf-fd0c5d0498.pdf.md","","2026-05-10 12:30:04","false"
"url_25d7b4690b5f","https://www.pcbway.com/pcb_prototype/PCB_Impedance_Control.html","https://www.pcbway.com/pcb_prototype/PCB_Impedance_Control.html","pcbway.com","fabricator_dfm","power_buck_regulators","3_fabricator_dfm","success","C:\KICAD_SCRAPE\ingest_v2\markdown\url_000258-pcbway.com-pcb_prototype-PCB_Impedance_Control.html-84e20c2498.md","C:\KICAD_SCRAPE\ingest_v2\raw_html\url_000258-pcbway.com-pcb_prototype-PCB_Impedance_Control.html-84e20c2498.html","C:\KICAD_SCRAPE\ingest_v2\markdown\url_000258-pcbway.com-pcb_prototype-PCB_Impedance_Control.html-84e20c2498.md","","","","2026-05-10 12:28:37","false"
"url_25f90d9227d2","https://gitlab.com/kicad/libraries/kicad-symbols","https://gitlab.com/kicad/libraries/kicad-symbols","gitlab.com","kicad_official","kicad","2_official_kicad","success","C:\KICAD_SCRAPE\ingest_v2\markdown\url_000105-gitlab.com-kicad-libraries-kicad-symbols-52b2941cf3.md","C:\KICAD_SCRAPE\ingest_v2\raw_html\url_000105-gitlab.com-kicad-libraries-kicad-symbols-52b2941cf3.html","C:\KICAD_SCRAPE\ingest_v2\markdown\url_000105-gitlab.com-kicad-libraries-kicad-symbols-52b2941cf3.md","","","","2026-05-10 11:51:00","false"
"url_26c1281a23ea","https://electronics.stackexchange.com/questions/tagged/grounding","https://electronics.stackexchange.com/questions/tagged/grounding","electronics.stackexchange.com","peer_review_forum","power_buck_regulators","5_peer_review","success","C:\KICAD_SCRAPE\ingest_v2\markdown\url_000069-electronics.stackexchange.com-questions-tagged-grounding-db362c87b9.md","C:\KICAD_SCRAPE\ingest_v2\raw_html\url_000069-electronics.stackexchange.com-questions-tagged-grounding-db362c87b9.html","C:\KICAD_SCRAPE\ingest_v2\markdown\url_000069-electronics.stackexchange.com-questions-tagged-grounding-db362c87b9.md","","","","2026-05-10 11:49:43","false"
"url_274448d62b44","https://www.reddit.com/r/PrintedCircuitBoard/search/?q=layout%20review&restrict_sr=1","https://www.reddit.com/r/PrintedCircuitBoard/search?q=layout%20review&restrict_sr=1","reddit.com","peer_review_forum","power_buck_regulators","7_low_authority_context","success","C:\KICAD_SCRAPE\ingest_v2\markdown\url_000274-reddit.com-r-PrintedCircuitBoard-search-64fab08cae.md","C:\KICAD_SCRAPE\ingest_v2\raw_html\url_000274-reddit.com-r-PrintedCircuitBoard-search-64fab08cae.html","C:\KICAD_SCRAPE\ingest_v2\markdown\url_000274-reddit.com-r-PrintedCircuitBoard-search-64fab08cae.md","","","","2026-05-10 12:29:41","false"
"url_27a200d09987","https://www.monolithicpower.com/en/learning/resources/understanding-switching-regulator-loop-compensation","https://www.monolithicpower.com/en/learning/resources/understanding-switching-regulator-loop-compensation","monolithicpower.com","manufacturer","power_buck_regulators","6_blog_or_general_web","success","C:\KICAD_SCRAPE\ingest_v2\markdown\url_000242-monolithicpower.com-en-learning-resources-understanding-switching-regulator-loop-compensation-97c73e6597.md","C:\KICAD_SCRAPE\ingest_v2\raw_html\url_000242-monolithicpower.com-en-learning-resources-understanding-switching-regulator-loop-compensation-97c73e6597.html","C:\KICAD_SCRAPE\ingest_v2\markdown\url_000242-monolithicpower.com-en-learning-resources-understanding-switching-regulator-loop-compensation-97c73e6597.md","","","","2026-05-10 12:25:09","false"
"url_27eed7ed88d9","https://www.reddit.com/r/AskElectronics/","https://www.reddit.com/r/AskElectronics","reddit.com","peer_review_forum","power_buck_regulators","7_low_authority_context","success","C:\KICAD_SCRAPE\ingest_v2\markdown\url_000267-reddit.com-r-AskElectronics-cee5df291c.md","C:\KICAD_SCRAPE\ingest_v2\raw_html\url_000267-reddit.com-r-AskElectronics-cee5df291c.html","C:\KICAD_SCRAPE\ingest_v2\markdown\url_000267-reddit.com-r-AskElectronics-cee5df291c.md","","","","2026-05-10 12:29:33","false"
"url_281d370338cb","https://www.allaboutcircuits.com/tools/edge-coupled-microstrip-impedance-calculator/","https://www.allaboutcircuits.com/tools/edge-coupled-microstrip-impedance-calculator","allaboutcircuits.com","web_page","power_buck_regulators","6_blog_or_general_web","failed","","C:\KICAD_SCRAPE\ingest_v2\raw_html\url_000187-allaboutcircuits.com-tools-edge-coupled-microstrip-impedance-calculator-9576a87d27.html","","","","The remote server returned an error: (403) Forbidden.","2026-05-10 11:53:36","true"
"url_2830b2440c81","https://www.usb.org/usb-charger-pd","https://www.usb.org/usb-charger-pd","usb.org","web_page","usb_c_high_speed_esd","6_blog_or_general_web","success","C:\KICAD_SCRAPE\ingest_v2\markdown\url_000318-usb.org-usb-charger-pd-9b70c38ca1.md","C:\KICAD_SCRAPE\ingest_v2\raw_html\url_000318-usb.org-usb-charger-pd-9b70c38ca1.html","C:\KICAD_SCRAPE\ingest_v2\markdown\url_000318-usb.org-usb-charger-pd-9b70c38ca1.md","","","","2026-05-10 12:37:42","false"
"url_289a3c4477d6","https://www.usb.org/usb-type-cr-cable-and-connector-specification","https://www.usb.org/usb-type-cr-cable-and-connector-specification","usb.org","web_page","usb_c_high_speed_esd","6_blog_or_general_web","success","C:\KICAD_SCRAPE\ingest_v2\markdown\url_000319-usb.org-usb-type-cr-cable-and-connector-specification-596fe435f1.md","C:\KICAD_SCRAPE\ingest_v2\raw_html\url_000319-usb.org-usb-type-cr-cable-and-connector-specification-596fe435f1.html","C:\KICAD_SCRAPE\ingest_v2\markdown\url_000319-usb.org-usb-type-cr-cable-and-connector-specification-596fe435f1.md","","","","2026-05-10 12:37:44","false"
"url_2a5a6229aa88","https://www.ti.com/lit/an/sllae16/sllae16.pdf","https://www.ti.com/lit/an/sllae16/sllae16.pdf","ti.com","pdf","power_buck_regulators","1_official_manufacturer_datasheet_or_app_note","failed","","C:\KICAD_SCRAPE\ingest_v2\raw_html\url_000294-ti.com-lit-an-sllae16-sllae16.pdf-fc936246ca.html","","","","The remote server returned an error: (404) Not Found.","2026-05-10 12:36:25","true"
"url_2aacf8b20465","https://gitlab.com/kicad/libraries/kicad-packages3D","https://gitlab.com/kicad/libraries/kicad-packages3D","gitlab.com","kicad_official","kicad","2_official_kicad","success","C:\KICAD_SCRAPE\ingest_v2\markdown\url_000104-gitlab.com-kicad-libraries-kicad-packages3D-bf4f7c4587.md","C:\KICAD_SCRAPE\ingest_v2\raw_html\url_000104-gitlab.com-kicad-libraries-kicad-packages3D-bf4f7c4587.html","C:\KICAD_SCRAPE\ingest_v2\markdown\url_000104-gitlab.com-kicad-libraries-kicad-packages3D-bf4f7c4587.md","","","","2026-05-10 11:50:58","false"
"url_2b93848a6112","https://www.usb.org/document-library/usb-20-specification","https://www.usb.org/document-library/usb-20-specification","usb.org","web_page","usb_c_high_speed_esd","6_blog_or_general_web","success","C:\KICAD_SCRAPE\ingest_v2\markdown\url_000315-usb.org-document-library-usb-20-specification-4f54b408af.md","C:\KICAD_SCRAPE\ingest_v2\raw_html\url_000315-usb.org-document-library-usb-20-specification-4f54b408af.html","C:\KICAD_SCRAPE\ingest_v2\markdown\url_000315-usb.org-document-library-usb-20-specification-4f54b408af.md","","","","2026-05-10 12:37:38","false"
"url_2c70985b11c6","https://gitlab.com/kicad/code/kicad/-/tree/master/tools","https://gitlab.com/kicad/code/kicad/-/tree/master/tools","gitlab.com","kicad_official","kicad","2_official_kicad","success","C:\KICAD_SCRAPE\ingest_v2\markdown\url_000099-gitlab.com-kicad-code-kicad-tree-master-tools-12211c7d70.md","C:\KICAD_SCRAPE\ingest_v2\raw_html\url_000099-gitlab.com-kicad-code-kicad-tree-master-tools-12211c7d70.html","C:\KICAD_SCRAPE\ingest_v2\markdown\url_000099-gitlab.com-kicad-code-kicad-tree-master-tools-12211c7d70.md","","","","2026-05-10 11:50:51","false"
"url_2d73323772ec","https://docs.espressif.com/projects/esp-idf/en/latest/esp32s3/api-guides/usb-otg-console.html","https://docs.espressif.com/projects/esp-idf/en/latest/esp32s3/api-guides/usb-otg-console.html","docs.espressif.com","manufacturer","esp32_rf_wifi","6_blog_or_general_web","success","C:\KICAD_SCRAPE\ingest_v2\markdown\url_000032-docs.espressif.com-projects-esp-idf-en-latest-esp32s3-api-guides-usb-otg-console.html-6a6daab5d9.md","C:\KICAD_SCRAPE\ingest_v2\raw_html\url_000032-docs.espressif.com-projects-esp-idf-en-latest-esp32s3-api-guides-usb-otg-console.html-6a6daab5d9.html","C:\KICAD_SCRAPE\ingest_v2\markdown\url_000032-docs.espressif.com-projects-esp-idf-en-latest-esp32s3-api-guides-usb-otg-console.html-6a6daab5d9.md","","","","2026-05-10 11:48:35","false"
"url_2e69cdef2478","https://www.reddit.com/r/PrintedCircuitBoard/","https://www.reddit.com/r/PrintedCircuitBoard","reddit.com","peer_review_forum","power_buck_regulators","7_low_authority_context","success","C:\KICAD_SCRAPE\ingest_v2\markdown\url_000273-reddit.com-r-PrintedCircuitBoard-3a89939e97.md","C:\KICAD_SCRAPE\ingest_v2\raw_html\url_000273-reddit.com-r-PrintedCircuitBoard-3a89939e97.html","C:\KICAD_SCRAPE\ingest_v2\markdown\url_000273-reddit.com-r-PrintedCircuitBoard-3a89939e97.md","","","","2026-05-10 12:29:40","false"
"url_2ff3d6626583","https://electronics.stackexchange.com/questions/tagged/pcb","https://electronics.stackexchange.com/questions/tagged/pcb","electronics.stackexchange.com","peer_review_forum","power_buck_regulators","5_peer_review","success","C:\KICAD_SCRAPE\ingest_v2\markdown\url_000072-electronics.stackexchange.com-questions-tagged-pcb-5c0f9c3399.md","C:\KICAD_SCRAPE\ingest_v2\raw_html\url_000072-electronics.stackexchange.com-questions-tagged-pcb-5c0f9c3399.html","C:\KICAD_SCRAPE\ingest_v2\markdown\url_000072-electronics.stackexchange.com-questions-tagged-pcb-5c0f9c3399.md","","","","2026-05-10 11:49:48","false"
"url_30c690ba96a9","https://dev-docs.kicad.org/en/file-formats/sexpr-schematic/index.html","https://dev-docs.kicad.org/en/file-formats/sexpr-schematic/index.html","dev-docs.kicad.org","kicad_official","kicad","2_official_kicad","success","C:\KICAD_SCRAPE\ingest_v2\markdown\url_000015-dev-docs.kicad.org-en-file-formats-sexpr-schematic-index.html-4309cee8af.md","C:\KICAD_SCRAPE\ingest_v2\raw_html\url_000015-dev-docs.kicad.org-en-file-formats-sexpr-schematic-index.html-4309cee8af.html","C:\KICAD_SCRAPE\ingest_v2\markdown\url_000015-dev-docs.kicad.org-en-file-formats-sexpr-schematic-index.html-4309cee8af.md","","","","2026-05-10 11:48:01","false"
"url_31cb3aa789b0","https://resources.altium.com/p/pcb-layout-guidelines","https://resources.altium.com/p/pcb-layout-guidelines","resources.altium.com","web_page","power_buck_regulators","6_blog_or_general_web","success","C:\KICAD_SCRAPE\ingest_v2\markdown\url_000170-resources.altium.com-p-pcb-layout-guidelines-f7de0ba03a.md","C:\KICAD_SCRAPE\ingest_v2\raw_html\url_000170-resources.altium.com-p-pcb-layout-guidelines-f7de0ba03a.html","C:\KICAD_SCRAPE\ingest_v2\markdown\url_000170-resources.altium.com-p-pcb-layout-guidelines-f7de0ba03a.md","","","","2026-05-10 11:53:07","false"
"url_327fd8aee5b2","https://www.espressif.com/sites/default/files/documentation/esp32-s3-wroom-1_wroom-1u_datasheet_en.pdf","https://www.espressif.com/sites/default/files/documentation/esp32-s3-wroom-1_wroom-1u_datasheet_en.pdf","espressif.com","pdf","esp32_rf_wifi","1_official_manufacturer_datasheet_or_app_note","success","C:\KICAD_SCRAPE\ingest_v2\pdf\url_000225-espressif.com-sites-default-files-documentation-esp32-s3-wroom-1_wroom-1u_datasheet_en.pdf-871a9adb26.pdf","C:\KICAD_SCRAPE\ingest_v2\raw_html\url_000225-espressif.com-sites-default-files-documentation-esp32-s3-wroom-1_wroom-1u_datasheet_en.pdf-871a9adb26.html","","C:\KICAD_SCRAPE\ingest_v2\pdf\url_000225-espressif.com-sites-default-files-documentation-esp32-s3-wroom-1_wroom-1u_datasheet_en.pdf-871a9adb26.pdf","C:\KICAD_SCRAPE\ingest_v2\extracted_pdf_markdown\url_000225-espressif.com-sites-default-files-documentation-esp32-s3-wroom-1_wroom-1u_datasheet_en.pdf-871a9adb26.pdf.md","","2026-05-10 12:24:46","false"
"url_329699ba004e","https://octopart.com/faq/downloading-and-installing-cad-models","https://octopart.com/faq/downloading-and-installing-cad-models","octopart.com","web_page","power_buck_regulators","6_blog_or_general_web","success","C:\KICAD_SCRAPE\ingest_v2\markdown\url_000152-octopart.com-faq-downloading-and-installing-cad-models-ad8df6941b.md","C:\KICAD_SCRAPE\ingest_v2\raw_html\url_000152-octopart.com-faq-downloading-and-installing-cad-models-ad8df6941b.html","C:\KICAD_SCRAPE\ingest_v2\markdown\url_000152-octopart.com-faq-downloading-and-installing-cad-models-ad8df6941b.md","","","","2026-05-10 11:52:39","false"
"url_32f504b4ebd6","https://www.ti.com/lit/ds/symlink/lm2596.pdf","https://www.ti.com/lit/ds/symlink/lm2596.pdf","ti.com","pdf","power_buck_regulators","1_official_manufacturer_datasheet_or_app_note","success","C:\KICAD_SCRAPE\ingest_v2\pdf\url_000305-ti.com-lit-ds-symlink-lm2596.pdf-968a8b88c5.pdf","C:\KICAD_SCRAPE\ingest_v2\raw_html\url_000305-ti.com-lit-ds-symlink-lm2596.pdf-968a8b88c5.html","","C:\KICAD_SCRAPE\ingest_v2\pdf\url_000305-ti.com-lit-ds-symlink-lm2596.pdf-968a8b88c5.pdf","C:\KICAD_SCRAPE\ingest_v2\extracted_pdf_markdown\url_000305-ti.com-lit-ds-symlink-lm2596.pdf-968a8b88c5.pdf.md","","2026-05-10 12:36:54","false"
"url_353edf40bec2","https://kicad.org/libraries/klc/","https://kicad.org/libraries/klc","kicad.org","kicad_official","kicad","2_official_kicad","failed","","C:\KICAD_SCRAPE\ingest_v2\raw_html\url_000140-kicad.org-libraries-klc-f436403975.html","","","","The remote server returned an error: (404) Not Found.","2026-05-10 11:52:06","true"
"url_364051921ce3","https://www.analog.com/en/resources/technical-articles/silent-switcher.html","https://www.analog.com/en/resources/technical-articles/silent-switcher.html","analog.com","manufacturer","power_buck_regulators","6_blog_or_general_web","failed","","C:\KICAD_SCRAPE\ingest_v2\raw_html\url_000195-analog.com-en-resources-technical-articles-silent-switcher.html-21fea79671.html","","","","The operation has timed out.","2026-05-10 12:14:44","true"
"url_3665013db2cd","https://resources.altium.com/p/decoupling-capacitor-placement-guidelines-pcb-design","https://resources.altium.com/p/decoupling-capacitor-placement-guidelines-pcb-design","resources.altium.com","web_page","power_buck_regulators","6_blog_or_general_web","failed","","C:\KICAD_SCRAPE\ingest_v2\raw_html\url_000166-resources.altium.com-p-decoupling-capacitor-placement-guidelines-pcb-design-224a0ed5ff.html","","","","The remote server returned an error: (404) Not Found.","2026-05-10 11:53:01","true"
"url_38cc35eb5063","https://docs.kicad.org/9.0/en/gerbview/gerbview.html","https://docs.kicad.org/9.0/en/gerbview/gerbview.html","docs.kicad.org","kicad_official","kicad","2_official_kicad","success","C:\KICAD_SCRAPE\ingest_v2\markdown\url_000045-docs.kicad.org-9.0-en-gerbview-gerbview.html-ef64559c00.md","C:\KICAD_SCRAPE\ingest_v2\raw_html\url_000045-docs.kicad.org-9.0-en-gerbview-gerbview.html-ef64559c00.html","C:\KICAD_SCRAPE\ingest_v2\markdown\url_000045-docs.kicad.org-9.0-en-gerbview-gerbview.html-ef64559c00.md","","","","2026-05-10 11:49:02","false"
"url_38f8ad4e64b0","https://www.silabs.com/wireless/bluetooth/efr32bg22-series-2-socs","https://www.silabs.com/wireless/bluetooth/efr32bg22-series-2-socs","silabs.com","manufacturer","power_buck_regulators","6_blog_or_general_web","success","C:\KICAD_SCRAPE\ingest_v2\markdown\url_000286-silabs.com-wireless-bluetooth-efr32bg22-series-2-socs-1ff7b87312.md","C:\KICAD_SCRAPE\ingest_v2\raw_html\url_000286-silabs.com-wireless-bluetooth-efr32bg22-series-2-socs-1ff7b87312.html","C:\KICAD_SCRAPE\ingest_v2\markdown\url_000286-silabs.com-wireless-bluetooth-efr32bg22-series-2-socs-1ff7b87312.md","","","","2026-05-10 12:30:11","false"
"url_3a04c737021d","https://www.allaboutcircuits.com/tools/differential-pair-impedance-calculator/","https://www.allaboutcircuits.com/tools/differential-pair-impedance-calculator","allaboutcircuits.com","web_page","usb_c_high_speed_esd","6_blog_or_general_web","failed","","C:\KICAD_SCRAPE\ingest_v2\raw_html\url_000186-allaboutcircuits.com-tools-differential-pair-impedance-calculator-01ca259434.html","","","","The remote server returned an error: (403) Forbidden.","2026-05-10 11:53:35","true"
"url_3a2434eaff8b","https://hackaday.com/tag/antenna/","https://hackaday.com/tag/antenna","hackaday.com","index_or_search","esp32_rf_wifi","6_blog_or_general_web","success","C:\KICAD_SCRAPE\ingest_v2\markdown\url_000106-hackaday.com-tag-antenna-22c75f10de.md","C:\KICAD_SCRAPE\ingest_v2\raw_html\url_000106-hackaday.com-tag-antenna-22c75f10de.html","C:\KICAD_SCRAPE\ingest_v2\markdown\url_000106-hackaday.com-tag-antenna-22c75f10de.md","","","","2026-05-10 11:51:01","false"
"url_3b48a41a837c","https://docs.oshpark.com/design-tools/kicad/","https://docs.oshpark.com/design-tools/kicad","docs.oshpark.com","fabricator_dfm","kicad","3_fabricator_dfm","success","C:\KICAD_SCRAPE\ingest_v2\markdown\url_000060-docs.oshpark.com-design-tools-kicad-93df85f45c.md","C:\KICAD_SCRAPE\ingest_v2\raw_html\url_000060-docs.oshpark.com-design-tools-kicad-93df85f45c.html","C:\KICAD_SCRAPE\ingest_v2\markdown\url_000060-docs.oshpark.com-design-tools-kicad-93df85f45c.md","","","","2026-05-10 11:49:28","false"
"url_3cb76bb90a00","https://hackaday.com/tag/pcb-layout/","https://hackaday.com/tag/pcb-layout","hackaday.com","index_or_search","power_buck_regulators","6_blog_or_general_web","success","C:\KICAD_SCRAPE\ingest_v2\markdown\url_000112-hackaday.com-tag-pcb-layout-0898902e44.md","C:\KICAD_SCRAPE\ingest_v2\raw_html\url_000112-hackaday.com-tag-pcb-layout-0898902e44.html","C:\KICAD_SCRAPE\ingest_v2\markdown\url_000112-hackaday.com-tag-pcb-layout-0898902e44.md","","","","2026-05-10 11:51:13","false"
"url_3cffb5c4b85f","https://docs.arduino.cc/hardware/uno-r4-wifi","https://docs.arduino.cc/hardware/uno-r4-wifi","docs.arduino.cc","web_page","esp32_rf_wifi","6_blog_or_general_web","success","C:\KICAD_SCRAPE\ingest_v2\markdown\url_000020-docs.arduino.cc-hardware-uno-r4-wifi-8502a407db.md","C:\KICAD_SCRAPE\ingest_v2\raw_html\url_000020-docs.arduino.cc-hardware-uno-r4-wifi-8502a407db.html","C:\KICAD_SCRAPE\ingest_v2\markdown\url_000020-docs.arduino.cc-hardware-uno-r4-wifi-8502a407db.md","","","","2026-05-10 11:48:11","false"
"url_3d90719738d9","https://docs.espressif.com/projects/esp-hardware-design-guidelines/en/latest/esp32c3/index.html","https://docs.espressif.com/projects/esp-hardware-design-guidelines/en/latest/esp32c3/index.html","docs.espressif.com","manufacturer","esp32_rf_wifi","6_blog_or_general_web","success","C:\KICAD_SCRAPE\ingest_v2\markdown\url_000023-docs.espressif.com-projects-esp-hardware-design-guidelines-en-latest-esp32c3-index.html-640344686a.md","C:\KICAD_SCRAPE\ingest_v2\raw_html\url_000023-docs.espressif.com-projects-esp-hardware-design-guidelines-en-latest-esp32c3-index.html-640344686a.html","C:\KICAD_SCRAPE\ingest_v2\markdown\url_000023-docs.espressif.com-projects-esp-hardware-design-guidelines-en-latest-esp32c3-index.html-640344686a.md","","","","2026-05-10 11:48:21","false"
"url_3f3a8854e1de","https://resources.altium.com/p/differential-pair-routing","https://resources.altium.com/p/differential-pair-routing","resources.altium.com","web_page","usb_c_high_speed_esd","6_blog_or_general_web","failed","","C:\KICAD_SCRAPE\ingest_v2\raw_html\url_000167-resources.altium.com-p-differential-pair-routing-2fdcac0e16.html","","","","The remote server returned an error: (404) Not Found.","2026-05-10 11:53:02","true"
"url_40178fd05667","https://hackaday.com/tag/kicad/","https://hackaday.com/tag/kicad","hackaday.com","index_or_search","kicad","6_blog_or_general_web","success","C:\KICAD_SCRAPE\ingest_v2\markdown\url_000110-hackaday.com-tag-kicad-dc50ad31fa.md","C:\KICAD_SCRAPE\ingest_v2\raw_html\url_000110-hackaday.com-tag-kicad-dc50ad31fa.html","C:\KICAD_SCRAPE\ingest_v2\markdown\url_000110-hackaday.com-tag-kicad-dc50ad31fa.md","","","","2026-05-10 11:51:09","false"
"url_40dd43418e1a","https://www.ti.com/lit/an/slvaeq9/slvaeq9.pdf","https://www.ti.com/lit/an/slvaeq9/slvaeq9.pdf","ti.com","pdf","power_buck_regulators","1_official_manufacturer_datasheet_or_app_note","success","C:\KICAD_SCRAPE\ingest_v2\pdf\url_000299-ti.com-lit-an-slvaeq9-slvaeq9.pdf-ee3f8d27c3.pdf","C:\KICAD_SCRAPE\ingest_v2\raw_html\url_000299-ti.com-lit-an-slvaeq9-slvaeq9.pdf-ee3f8d27c3.html","","C:\KICAD_SCRAPE\ingest_v2\pdf\url_000299-ti.com-lit-an-slvaeq9-slvaeq9.pdf-ee3f8d27c3.pdf","C:\KICAD_SCRAPE\ingest_v2\extracted_pdf_markdown\url_000299-ti.com-lit-an-slvaeq9-slvaeq9.pdf-ee3f8d27c3.pdf.md","","2026-05-10 12:36:37","false"
"url_420d6665fa9d","https://github.com/Digi-Key/digikey-kicad-library","https://github.com/Digi-Key/digikey-kicad-library","github.com","web_page","kicad","6_blog_or_general_web","success","C:\KICAD_SCRAPE\ingest_v2\markdown\url_000088-github.com-Digi-Key-digikey-kicad-library-2ef9d35d29.md","C:\KICAD_SCRAPE\ingest_v2\raw_html\url_000088-github.com-Digi-Key-digikey-kicad-library-2ef9d35d29.html","C:\KICAD_SCRAPE\ingest_v2\markdown\url_000088-github.com-Digi-Key-digikey-kicad-library-2ef9d35d29.md","","","","2026-05-10 11:50:23","false"
"url_444cc05fd3df","https://pcb.mit.edu/archive/IAP2023/lectures/lecture_04/","https://pcb.mit.edu/archive/IAP2023/lectures/lecture_04","pcb.mit.edu","university_training","power_buck_regulators","4_university_training","success","C:\KICAD_SCRAPE\ingest_v2\markdown\url_000159-pcb.mit.edu-archive-IAP2023-lectures-lecture_04-11dae1c74e.md","C:\KICAD_SCRAPE\ingest_v2\raw_html\url_000159-pcb.mit.edu-archive-IAP2023-lectures-lecture_04-11dae1c74e.html","C:\KICAD_SCRAPE\ingest_v2\markdown\url_000159-pcb.mit.edu-archive-IAP2023-lectures-lecture_04-11dae1c74e.md","","","","2026-05-10 11:52:49","false"
"url_44e7dfbc6b6b","https://electronics.stackexchange.com/questions/tagged/antenna","https://electronics.stackexchange.com/questions/tagged/antenna","electronics.stackexchange.com","peer_review_forum","esp32_rf_wifi","5_peer_review","success","C:\KICAD_SCRAPE\ingest_v2\markdown\url_000065-electronics.stackexchange.com-questions-tagged-antenna-38a52f4aae.md","C:\KICAD_SCRAPE\ingest_v2\raw_html\url_000065-electronics.stackexchange.com-questions-tagged-antenna-38a52f4aae.html","C:\KICAD_SCRAPE\ingest_v2\markdown\url_000065-electronics.stackexchange.com-questions-tagged-antenna-38a52f4aae.md","","","","2026-05-10 11:49:35","false"
"url_459a5ee9c3cc","https://www.espressif.com/sites/default/files/documentation/esp32-c6_datasheet_en.pdf","https://www.espressif.com/sites/default/files/documentation/esp32-c6_datasheet_en.pdf","espressif.com","pdf","esp32_rf_wifi","1_official_manufacturer_datasheet_or_app_note","success","C:\KICAD_SCRAPE\ingest_v2\pdf\url_000220-espressif.com-sites-default-files-documentation-esp32-c6_datasheet_en.pdf-9a6de47c39.pdf","C:\KICAD_SCRAPE\ingest_v2\raw_html\url_000220-espressif.com-sites-default-files-documentation-esp32-c6_datasheet_en.pdf-9a6de47c39.html","","C:\KICAD_SCRAPE\ingest_v2\pdf\url_000220-espressif.com-sites-default-files-documentation-esp32-c6_datasheet_en.pdf-9a6de47c39.pdf","C:\KICAD_SCRAPE\ingest_v2\extracted_pdf_markdown\url_000220-espressif.com-sites-default-files-documentation-esp32-c6_datasheet_en.pdf-9a6de47c39.pdf.md","","2026-05-10 12:22:47","false"
"url_4686cb962564","https://jlcpcb.com/help/article/castellated-holes","https://jlcpcb.com/help/article/castellated-holes","jlcpcb.com","fabricator_dfm","power_buck_regulators","3_fabricator_dfm","success","C:\KICAD_SCRAPE\ingest_v2\markdown\url_000118-jlcpcb.com-help-article-castellated-holes-cff7a2a2fa.md","C:\KICAD_SCRAPE\ingest_v2\raw_html\url_000118-jlcpcb.com-help-article-castellated-holes-cff7a2a2fa.html","C:\KICAD_SCRAPE\ingest_v2\markdown\url_000118-jlcpcb.com-help-article-castellated-holes-cff7a2a2fa.md","","","","2026-05-10 11:51:25","false"
"url_483c56e76f30","https://www.analog.com/en/resources/analog-dialogue/articles/staying-well-grounded.html","https://www.analog.com/en/resources/analog-dialogue/articles/staying-well-grounded.html","analog.com","manufacturer","power_buck_regulators","6_blog_or_general_web","failed","","C:\KICAD_SCRAPE\ingest_v2\raw_html\url_000190-analog.com-en-resources-analog-dialogue-articles-staying-well-grounded.html-5baff21e39.html","","","","The operation has timed out.","2026-05-10 11:59:39","true"
"url_48c50e62dade","https://jlcpcb.com/help/article/pcb-design-guidelines","https://jlcpcb.com/help/article/pcb-design-guidelines","jlcpcb.com","fabricator_dfm","power_buck_regulators","3_fabricator_dfm","success","C:\KICAD_SCRAPE\ingest_v2\markdown\url_000130-jlcpcb.com-help-article-pcb-design-guidelines-8cb990555a.md","C:\KICAD_SCRAPE\ingest_v2\raw_html\url_000130-jlcpcb.com-help-article-pcb-design-guidelines-8cb990555a.html","C:\KICAD_SCRAPE\ingest_v2\markdown\url_000130-jlcpcb.com-help-article-pcb-design-guidelines-8cb990555a.md","","","","2026-05-10 11:51:47","false"
"url_495bcb6621cb","https://pcb.mit.edu/","https://pcb.mit.edu/","pcb.mit.edu","university_training","power_buck_regulators","4_university_training","success","C:\KICAD_SCRAPE\ingest_v2\markdown\url_000153-pcb.mit.edu-index-9427b9541a.md","C:\KICAD_SCRAPE\ingest_v2\raw_html\url_000153-pcb.mit.edu-index-9427b9541a.html","C:\KICAD_SCRAPE\ingest_v2\markdown\url_000153-pcb.mit.edu-index-9427b9541a.md","","","","2026-05-10 11:52:40","false"
"url_4ab7e921b225","https://www.protoexpress.com/blog/best-high-speed-pcb-routing-practices/","https://www.protoexpress.com/blog/best-high-speed-pcb-routing-practices","protoexpress.com","fabricator_dfm","power_buck_regulators","3_fabricator_dfm","success","C:\KICAD_SCRAPE\ingest_v2\markdown\url_000259-protoexpress.com-blog-best-high-speed-pcb-routing-practices-07b19c3add.md","C:\KICAD_SCRAPE\ingest_v2\raw_html\url_000259-protoexpress.com-blog-best-high-speed-pcb-routing-practices-07b19c3add.html","C:\KICAD_SCRAPE\ingest_v2\markdown\url_000259-protoexpress.com-blog-best-high-speed-pcb-routing-practices-07b19c3add.md","","","","2026-05-10 12:28:43","false"
"url_4ad6d3234e18","https://docs.kicad.org/9.0/en/kicad/kicad.html","https://docs.kicad.org/9.0/en/kicad/kicad.html","docs.kicad.org","kicad_official","kicad","2_official_kicad","success","C:\KICAD_SCRAPE\ingest_v2\markdown\url_000047-docs.kicad.org-9.0-en-kicad-kicad.html-14d79692cf.md","C:\KICAD_SCRAPE\ingest_v2\raw_html\url_000047-docs.kicad.org-9.0-en-kicad-kicad.html-14d79692cf.html","C:\KICAD_SCRAPE\ingest_v2\markdown\url_000047-docs.kicad.org-9.0-en-kicad-kicad.html-14d79692cf.md","","","","2026-05-10 11:49:05","false"
"url_4b10d3b015f9","https://jlcpcb.com/blog/using-via-in-pad-technology","https://jlcpcb.com/blog/using-via-in-pad-technology","jlcpcb.com","fabricator_dfm","power_buck_regulators","3_fabricator_dfm","success","C:\KICAD_SCRAPE\ingest_v2\markdown\url_000115-jlcpcb.com-blog-using-via-in-pad-technology-c8865e3bcd.md","C:\KICAD_SCRAPE\ingest_v2\raw_html\url_000115-jlcpcb.com-blog-using-via-in-pad-technology-c8865e3bcd.html","C:\KICAD_SCRAPE\ingest_v2\markdown\url_000115-jlcpcb.com-blog-using-via-in-pad-technology-c8865e3bcd.md","","","","2026-05-10 11:51:19","false"
"url_4b1bcd346d6d","https://gitlab.com/kicad/code/kicad-python/-/blob/main/README.md","https://gitlab.com/kicad/code/kicad-python/-/blob/main/README.md","gitlab.com","kicad_official","kicad","2_official_kicad","success","C:\KICAD_SCRAPE\ingest_v2\markdown\url_000101-gitlab.com-kicad-code-kicad-python-blob-main-README.md-4b6ecf62c9.md","C:\KICAD_SCRAPE\ingest_v2\raw_html\url_000101-gitlab.com-kicad-code-kicad-python-blob-main-README.md-4b6ecf62c9.html","C:\KICAD_SCRAPE\ingest_v2\markdown\url_000101-gitlab.com-kicad-code-kicad-python-blob-main-README.md-4b6ecf62c9.md","","","","2026-05-10 11:50:54","false"
"url_4b2e1ee31333","https://pcb.mit.edu/archive/IAP2023/lectures/lecture_02/","https://pcb.mit.edu/archive/IAP2023/lectures/lecture_02","pcb.mit.edu","university_training","power_buck_regulators","4_university_training","success","C:\KICAD_SCRAPE\ingest_v2\markdown\url_000157-pcb.mit.edu-archive-IAP2023-lectures-lecture_02-a281950182.md","C:\KICAD_SCRAPE\ingest_v2\raw_html\url_000157-pcb.mit.edu-archive-IAP2023-lectures-lecture_02-a281950182.html","C:\KICAD_SCRAPE\ingest_v2\markdown\url_000157-pcb.mit.edu-archive-IAP2023-lectures-lecture_02-a281950182.md","","","","2026-05-10 11:52:46","false"
"url_4bf6aaa67b9a","https://docs.espressif.com/projects/esp-hardware-design-guidelines/en/latest/esp32/index.html","https://docs.espressif.com/projects/esp-hardware-design-guidelines/en/latest/esp32/index.html","docs.espressif.com","manufacturer","esp32_rf_wifi","6_blog_or_general_web","success","C:\KICAD_SCRAPE\ingest_v2\markdown\url_000022-docs.espressif.com-projects-esp-hardware-design-guidelines-en-latest-esp32-index.html-1804cc8141.md","C:\KICAD_SCRAPE\ingest_v2\raw_html\url_000022-docs.espressif.com-projects-esp-hardware-design-guidelines-en-latest-esp32-index.html-1804cc8141.html","C:\KICAD_SCRAPE\ingest_v2\markdown\url_000022-docs.espressif.com-projects-esp-hardware-design-guidelines-en-latest-esp32-index.html-1804cc8141.md","","","","2026-05-10 11:48:19","false"
"url_4c7c7a3dc700","https://www.eevblog.com/forum/projects/pcb-layout-review/","https://www.eevblog.com/forum/projects/pcb-layout-review","eevblog.com","peer_review_forum","power_buck_regulators","5_peer_review","success","C:\KICAD_SCRAPE\ingest_v2\markdown\url_000205-eevblog.com-forum-projects-pcb-layout-review-bce68790df.md","C:\KICAD_SCRAPE\ingest_v2\raw_html\url_000205-eevblog.com-forum-projects-pcb-layout-review-bce68790df.html","C:\KICAD_SCRAPE\ingest_v2\markdown\url_000205-eevblog.com-forum-projects-pcb-layout-review-bce68790df.md","","","","2026-05-10 12:15:02","false"
"url_4d0919c4bfec","https://jlcpcb.com/help/article/impedance-control-requirements","https://jlcpcb.com/help/article/impedance-control-requirements","jlcpcb.com","fabricator_dfm","power_buck_regulators","3_fabricator_dfm","success","C:\KICAD_SCRAPE\ingest_v2\markdown\url_000122-jlcpcb.com-help-article-impedance-control-requirements-c29f2b51c2.md","C:\KICAD_SCRAPE\ingest_v2\raw_html\url_000122-jlcpcb.com-help-article-impedance-control-requirements-c29f2b51c2.html","C:\KICAD_SCRAPE\ingest_v2\markdown\url_000122-jlcpcb.com-help-article-impedance-control-requirements-c29f2b51c2.md","","","","2026-05-10 11:51:32","false"
"url_4dd8d9cd38f7","https://www.eevblog.com/forum/beginners/","https://www.eevblog.com/forum/beginners","eevblog.com","peer_review_forum","power_buck_regulators","5_peer_review","failed","","C:\KICAD_SCRAPE\ingest_v2\raw_html\url_000200-eevblog.com-forum-beginners-fd6aac372f.html","","","","The remote server returned an error: (404) Not Found.","2026-05-10 12:14:51","true"
"url_4df1d8f18295","https://docs.kicad.org/9.0/en/pcb_calculator/pcb_calculator.html","https://docs.kicad.org/9.0/en/pcb_calculator/pcb_calculator.html","docs.kicad.org","kicad_official","kicad","2_official_kicad","success","C:\KICAD_SCRAPE\ingest_v2\markdown\url_000048-docs.kicad.org-9.0-en-pcb_calculator-pcb_calculator.html-d2201719c2.md","C:\KICAD_SCRAPE\ingest_v2\raw_html\url_000048-docs.kicad.org-9.0-en-pcb_calculator-pcb_calculator.html-d2201719c2.html","C:\KICAD_SCRAPE\ingest_v2\markdown\url_000048-docs.kicad.org-9.0-en-pcb_calculator-pcb_calculator.html-d2201719c2.md","","","","2026-05-10 11:49:06","false"
"url_4f8e875e78d7","https://www.espressif.com/en/products/modules/esp32-s3-wroom-1","https://www.espressif.com/en/products/modules/esp32-s3-wroom-1","espressif.com","manufacturer","esp32_rf_wifi","6_blog_or_general_web","success","C:\KICAD_SCRAPE\ingest_v2\markdown\url_000212-espressif.com-en-products-modules-esp32-s3-wroom-1-6b9fc5f2ce.md","C:\KICAD_SCRAPE\ingest_v2\raw_html\url_000212-espressif.com-en-products-modules-esp32-s3-wroom-1-6b9fc5f2ce.html","C:\KICAD_SCRAPE\ingest_v2\markdown\url_000212-espressif.com-en-products-modules-esp32-s3-wroom-1-6b9fc5f2ce.md","","","","2026-05-10 12:21:15","false"
"url_4fcd9a7d1d03","https://www.st.com/resource/en/application_note/an4871-usb-typec-protection-and-filtering-stmicroelectronics.pdf","https://www.st.com/resource/en/application_note/an4871-usb-typec-protection-and-filtering-stmicroelectronics.pdf","st.com","pdf","usb_c_high_speed_esd","1_official_manufacturer_datasheet_or_app_note","failed","","C:\KICAD_SCRAPE\ingest_v2\raw_html\url_000289-st.com-resource-en-application_note-an4871-usb-typec-protection-and-filtering-stmicroelectronics.pdf-4e3b42063a.html","","","","The operation has timed out.","2026-05-10 12:33:17","true"
"url_52b160f9131b","https://www.4pcb.com/pcb-design-checklist.html","https://www.4pcb.com/pcb-design-checklist.html","4pcb.com","fabricator_dfm","power_buck_regulators","3_fabricator_dfm","success","C:\KICAD_SCRAPE\ingest_v2\markdown\url_000182-4pcb.com-pcb-design-checklist.html-bb656b4595.md","C:\KICAD_SCRAPE\ingest_v2\raw_html\url_000182-4pcb.com-pcb-design-checklist.html-bb656b4595.html","C:\KICAD_SCRAPE\ingest_v2\markdown\url_000182-4pcb.com-pcb-design-checklist.html-bb656b4595.md","","","","2026-05-10 11:53:29","false"
"url_557fca019c6a","https://gitlab.com/kicad/libraries/kicad-library-utils","https://gitlab.com/kicad/libraries/kicad-library-utils","gitlab.com","kicad_official","kicad","2_official_kicad","success","C:\KICAD_SCRAPE\ingest_v2\markdown\url_000103-gitlab.com-kicad-libraries-kicad-library-utils-811aae03f0.md","C:\KICAD_SCRAPE\ingest_v2\raw_html\url_000103-gitlab.com-kicad-libraries-kicad-library-utils-811aae03f0.html","C:\KICAD_SCRAPE\ingest_v2\markdown\url_000103-gitlab.com-kicad-libraries-kicad-library-utils-811aae03f0.md","","","","2026-05-10 11:50:57","false"
"url_55ac1eaffc2d","https://jlcpcb.com/help/article/pcb-stackup","https://jlcpcb.com/help/article/pcb-stackup","jlcpcb.com","fabricator_dfm","power_buck_regulators","3_fabricator_dfm","success","C:\KICAD_SCRAPE\ingest_v2\markdown\url_000132-jlcpcb.com-help-article-pcb-stackup-3a17d7bb8d.md","C:\KICAD_SCRAPE\ingest_v2\raw_html\url_000132-jlcpcb.com-help-article-pcb-stackup-3a17d7bb8d.html","C:\KICAD_SCRAPE\ingest_v2\markdown\url_000132-jlcpcb.com-help-article-pcb-stackup-3a17d7bb8d.md","","","","2026-05-10 11:51:51","false"
"url_5623e1fb5bc3","https://jlcpcb.com/help/article/minimum-hole-size","https://jlcpcb.com/help/article/minimum-hole-size","jlcpcb.com","fabricator_dfm","power_buck_regulators","3_fabricator_dfm","success","C:\KICAD_SCRAPE\ingest_v2\markdown\url_000125-jlcpcb.com-help-article-minimum-hole-size-2b7938d59f.md","C:\KICAD_SCRAPE\ingest_v2\raw_html\url_000125-jlcpcb.com-help-article-minimum-hole-size-2b7938d59f.html","C:\KICAD_SCRAPE\ingest_v2\markdown\url_000125-jlcpcb.com-help-article-minimum-hole-size-2b7938d59f.md","","","","2026-05-10 11:51:38","false"
"url_5675164ca2f2","https://www.usb.org/documents","https://www.usb.org/documents","usb.org","web_page","usb_c_high_speed_esd","6_blog_or_general_web","success","C:\KICAD_SCRAPE\ingest_v2\markdown\url_000317-usb.org-documents-64d91757ad.md","C:\KICAD_SCRAPE\ingest_v2\raw_html\url_000317-usb.org-documents-64d91757ad.html","C:\KICAD_SCRAPE\ingest_v2\markdown\url_000317-usb.org-documents-64d91757ad.md","","","","2026-05-10 12:37:41","false"
"url_57a137196c0e","https://forum.kicad.info/t/writing-an-exporter-and-need-documentation-advice-on-file-formats/9239","https://forum.kicad.info/t/writing-an-exporter-and-need-documentation-advice-on-file-formats/9239","forum.kicad.info","peer_review_forum","kicad","5_peer_review","success","C:\KICAD_SCRAPE\ingest_v2\markdown\url_000086-forum.kicad.info-t-writing-an-exporter-and-need-documentation-advice-on-file-formats-9239-ab068b3cb3.md","C:\KICAD_SCRAPE\ingest_v2\raw_html\url_000086-forum.kicad.info-t-writing-an-exporter-and-need-documentation-advice-on-file-formats-9239-ab068b3cb3.html","C:\KICAD_SCRAPE\ingest_v2\markdown\url_000086-forum.kicad.info-t-writing-an-exporter-and-need-documentation-advice-on-file-formats-9239-ab068b3cb3.md","","","","2026-05-10 11:50:14","false"
"url_58307d471659","https://www.reddit.com/r/PCB/","https://www.reddit.com/r/PCB","reddit.com","peer_review_forum","power_buck_regulators","7_low_authority_context","success","C:\KICAD_SCRAPE\ingest_v2\markdown\url_000272-reddit.com-r-PCB-ac853561b2.md","C:\KICAD_SCRAPE\ingest_v2\raw_html\url_000272-reddit.com-r-PCB-ac853561b2.html","C:\KICAD_SCRAPE\ingest_v2\markdown\url_000272-reddit.com-r-PCB-ac853561b2.md","","","","2026-05-10 12:29:39","false"
"url_5867bd133270","https://klc.kicad.org/","https://klc.kicad.org/","klc.kicad.org","kicad_official","kicad","2_official_kicad","success","C:\KICAD_SCRAPE\ingest_v2\markdown\url_000141-klc.kicad.org-index-f75c8e1a27.md","C:\KICAD_SCRAPE\ingest_v2\raw_html\url_000141-klc.kicad.org-index-f75c8e1a27.html","C:\KICAD_SCRAPE\ingest_v2\markdown\url_000141-klc.kicad.org-index-f75c8e1a27.md","","","","2026-05-10 11:52:09","false"
"url_58998e58a29d","https://pcb.mit.edu/archive/IAP2023/labs/","https://pcb.mit.edu/archive/IAP2023/labs","pcb.mit.edu","university_training","power_buck_regulators","4_university_training","failed","","C:\KICAD_SCRAPE\ingest_v2\raw_html\url_000154-pcb.mit.edu-archive-IAP2023-labs-71bdf1e696.html","","","","The remote server returned an error: (404) Not Found.","2026-05-10 11:52:42","true"
"url_5af0193bd4d6","https://pcb.mit.edu/archive/IAP2023/lectures/lecture_07/","https://pcb.mit.edu/archive/IAP2023/lectures/lecture_07","pcb.mit.edu","university_training","power_buck_regulators","4_university_training","failed","","C:\KICAD_SCRAPE\ingest_v2\raw_html\url_000162-pcb.mit.edu-archive-IAP2023-lectures-lecture_07-f39dd75546.html","","","","The remote server returned an error: (404) Not Found.","2026-05-10 11:52:53","true"
"url_5bbebde67d1d","https://www.espressif.com/sites/default/files/documentation/esp32_datasheet_en.pdf","https://www.espressif.com/sites/default/files/documentation/esp32_datasheet_en.pdf","espressif.com","pdf","esp32_rf_wifi","1_official_manufacturer_datasheet_or_app_note","success","C:\KICAD_SCRAPE\ingest_v2\pdf\url_000216-espressif.com-sites-default-files-documentation-esp32_datasheet_en.pdf-9b13445196.pdf","C:\KICAD_SCRAPE\ingest_v2\raw_html\url_000216-espressif.com-sites-default-files-documentation-esp32_datasheet_en.pdf-9b13445196.html","","C:\KICAD_SCRAPE\ingest_v2\pdf\url_000216-espressif.com-sites-default-files-documentation-esp32_datasheet_en.pdf-9b13445196.pdf","C:\KICAD_SCRAPE\ingest_v2\extracted_pdf_markdown\url_000216-espressif.com-sites-default-files-documentation-esp32_datasheet_en.pdf-9b13445196.pdf.md","","2026-05-10 12:21:28","false"
"url_5bdbff3ae45f","https://www.eurocircuits.com/technical-guidelines/panel-guidelines/","https://www.eurocircuits.com/technical-guidelines/panel-guidelines","eurocircuits.com","fabricator_dfm","power_buck_regulators","3_fabricator_dfm","success","C:\KICAD_SCRAPE\ingest_v2\markdown\url_000228-eurocircuits.com-technical-guidelines-panel-guidelines-3cfc05cb79.md","C:\KICAD_SCRAPE\ingest_v2\raw_html\url_000228-eurocircuits.com-technical-guidelines-panel-guidelines-3cfc05cb79.html","C:\KICAD_SCRAPE\ingest_v2\markdown\url_000228-eurocircuits.com-technical-guidelines-panel-guidelines-3cfc05cb79.md","","","","2026-05-10 12:24:51","false"
"url_5d1b2a2eb9e7","https://docs.kicad.org/doxygen-python-9.0/classpcbnew_1_1ZONE.html","https://docs.kicad.org/doxygen-python-9.0/classpcbnew_1_1ZONE.html","docs.kicad.org","kicad_official","kicad","2_official_kicad","success","C:\KICAD_SCRAPE\ingest_v2\markdown\url_000056-docs.kicad.org-doxygen-python-9.0-classpcbnew_1_1ZONE.html-54f2e5d990.md","C:\KICAD_SCRAPE\ingest_v2\raw_html\url_000056-docs.kicad.org-doxygen-python-9.0-classpcbnew_1_1ZONE.html-54f2e5d990.html","C:\KICAD_SCRAPE\ingest_v2\markdown\url_000056-docs.kicad.org-doxygen-python-9.0-classpcbnew_1_1ZONE.html-54f2e5d990.md","","","","2026-05-10 11:49:23","false"
"url_5d3dabe4b1ce","https://ww1.microchip.com/downloads/aemDocuments/documents/OTH/ApplicationNotes/ApplicationNotes/00001953B.pdf","https://ww1.microchip.com/downloads/aemDocuments/documents/OTH/ApplicationNotes/ApplicationNotes/00001953B.pdf","ww1.microchip.com","pdf","power_buck_regulators","1_official_manufacturer_datasheet_or_app_note","failed","","C:\KICAD_SCRAPE\ingest_v2\raw_html\url_000179-ww1.microchip.com-downloads-aemDocuments-documents-OTH-ApplicationNotes-ApplicationNotes-00001953B.pdf-f4bd19f036.html","","","","The remote server returned an error: (403) Forbidden.","2026-05-10 11:53:22","true"
"url_5db0439a17e0","https://gitlab.com/kicad/code/kicad/-/tree/master/qa","https://gitlab.com/kicad/code/kicad/-/tree/master/qa","gitlab.com","kicad_official","kicad","2_official_kicad","success","C:\KICAD_SCRAPE\ingest_v2\markdown\url_000098-gitlab.com-kicad-code-kicad-tree-master-qa-706b2062d2.md","C:\KICAD_SCRAPE\ingest_v2\raw_html\url_000098-gitlab.com-kicad-code-kicad-tree-master-qa-706b2062d2.html","C:\KICAD_SCRAPE\ingest_v2\markdown\url_000098-gitlab.com-kicad-code-kicad-tree-master-qa-706b2062d2.md","","","","2026-05-10 11:50:50","false"
"url_600fbf0cc08e","https://www.espressif.com/en/products/socs/esp32-s3","https://www.espressif.com/en/products/socs/esp32-s3","espressif.com","manufacturer","esp32_rf_wifi","6_blog_or_general_web","success","C:\KICAD_SCRAPE\ingest_v2\markdown\url_000214-espressif.com-en-products-socs-esp32-s3-3f30c64a34.md","C:\KICAD_SCRAPE\ingest_v2\raw_html\url_000214-espressif.com-en-products-socs-esp32-s3-3f30c64a34.html","C:\KICAD_SCRAPE\ingest_v2\markdown\url_000214-espressif.com-en-products-socs-esp32-s3-3f30c64a34.md","","","","2026-05-10 12:21:18","false"
"url_60d999e0870e","https://docs.espressif.com/projects/esp-idf/en/latest/esp32s3/api-reference/peripherals/usb_device.html","https://docs.espressif.com/projects/esp-idf/en/latest/esp32s3/api-reference/peripherals/usb_device.html","docs.espressif.com","manufacturer","esp32_rf_wifi","6_blog_or_general_web","success","C:\KICAD_SCRAPE\ingest_v2\markdown\url_000038-docs.espressif.com-projects-esp-idf-en-latest-esp32s3-api-reference-peripherals-usb_device.html-3e40d15706.md","C:\KICAD_SCRAPE\ingest_v2\raw_html\url_000038-docs.espressif.com-projects-esp-idf-en-latest-esp32s3-api-reference-peripherals-usb_device.html-3e40d15706.html","C:\KICAD_SCRAPE\ingest_v2\markdown\url_000038-docs.espressif.com-projects-esp-idf-en-latest-esp32s3-api-reference-peripherals-usb_device.html-3e40d15706.md","","","","2026-05-10 11:48:48","false"
"url_625cc05c84e2","https://www.reddit.com/r/esp32/","https://www.reddit.com/r/esp32","reddit.com","peer_review_forum","esp32_rf_wifi","7_low_authority_context","success","C:\KICAD_SCRAPE\ingest_v2\markdown\url_000270-reddit.com-r-esp32-0b3f9f5798.md","C:\KICAD_SCRAPE\ingest_v2\raw_html\url_000270-reddit.com-r-esp32-0b3f9f5798.html","C:\KICAD_SCRAPE\ingest_v2\markdown\url_000270-reddit.com-r-esp32-0b3f9f5798.md","","","","2026-05-10 12:29:37","false"
"url_62db25bf7b38","https://www.pcbway.com/pcb_prototype/PCB_Capabilities.html","https://www.pcbway.com/pcb_prototype/PCB_Capabilities.html","pcbway.com","fabricator_dfm","power_buck_regulators","3_fabricator_dfm","success","C:\KICAD_SCRAPE\ingest_v2\markdown\url_000256-pcbway.com-pcb_prototype-PCB_Capabilities.html-99367a5ff6.md","C:\KICAD_SCRAPE\ingest_v2\raw_html\url_000256-pcbway.com-pcb_prototype-PCB_Capabilities.html-99367a5ff6.html","C:\KICAD_SCRAPE\ingest_v2\markdown\url_000256-pcbway.com-pcb_prototype-PCB_Capabilities.html-99367a5ff6.md","","","","2026-05-10 12:28:34","false"
"url_6352e5234e60","https://www.4pcb.com/printed-circuit-board-stackups.html","https://www.4pcb.com/printed-circuit-board-stackups.html","4pcb.com","fabricator_dfm","power_buck_regulators","3_fabricator_dfm","success","C:\KICAD_SCRAPE\ingest_v2\markdown\url_000184-4pcb.com-printed-circuit-board-stackups.html-2daf702cd5.md","C:\KICAD_SCRAPE\ingest_v2\raw_html\url_000184-4pcb.com-printed-circuit-board-stackups.html-2daf702cd5.html","C:\KICAD_SCRAPE\ingest_v2\markdown\url_000184-4pcb.com-printed-circuit-board-stackups.html-2daf702cd5.md","","","","2026-05-10 11:53:33","false"
"url_638a1b671da7","https://www.eevblog.com/forum/projects/buck-converter-layout-review/","https://www.eevblog.com/forum/projects/buck-converter-layout-review","eevblog.com","peer_review_forum","power_buck_regulators","5_peer_review","success","C:\KICAD_SCRAPE\ingest_v2\markdown\url_000203-eevblog.com-forum-projects-buck-converter-layout-review-d6cb24e196.md","C:\KICAD_SCRAPE\ingest_v2\raw_html\url_000203-eevblog.com-forum-projects-buck-converter-layout-review-d6cb24e196.html","C:\KICAD_SCRAPE\ingest_v2\markdown\url_000203-eevblog.com-forum-projects-buck-converter-layout-review-d6cb24e196.md","","","","2026-05-10 12:14:57","false"
"url_639be7d5a418","https://www.4pcb.com/trace-width-calculator.html","https://www.4pcb.com/trace-width-calculator.html","4pcb.com","fabricator_dfm","power_buck_regulators","3_fabricator_dfm","success","C:\KICAD_SCRAPE\ingest_v2\markdown\url_000185-4pcb.com-trace-width-calculator.html-3413b82aaf.md","C:\KICAD_SCRAPE\ingest_v2\raw_html\url_000185-4pcb.com-trace-width-calculator.html-3413b82aaf.html","C:\KICAD_SCRAPE\ingest_v2\markdown\url_000185-4pcb.com-trace-width-calculator.html-3413b82aaf.md","","","","2026-05-10 11:53:34","false"
"url_63bb84b5304c","https://gitlab.com/kicad/libraries/kicad-footprints","https://gitlab.com/kicad/libraries/kicad-footprints","gitlab.com","kicad_official","kicad","2_official_kicad","success","C:\KICAD_SCRAPE\ingest_v2\markdown\url_000102-gitlab.com-kicad-libraries-kicad-footprints-5cfaec7373.md","C:\KICAD_SCRAPE\ingest_v2\raw_html\url_000102-gitlab.com-kicad-libraries-kicad-footprints-5cfaec7373.html","C:\KICAD_SCRAPE\ingest_v2\markdown\url_000102-gitlab.com-kicad-libraries-kicad-footprints-5cfaec7373.md","","","","2026-05-10 11:50:55","false"
"url_65c9c3857601","https://jlcpcb.com/help/article/gerber-file-requirements","https://jlcpcb.com/help/article/gerber-file-requirements","jlcpcb.com","fabricator_dfm","power_buck_regulators","3_fabricator_dfm","success","C:\KICAD_SCRAPE\ingest_v2\markdown\url_000121-jlcpcb.com-help-article-gerber-file-requirements-4629478665.md","C:\KICAD_SCRAPE\ingest_v2\raw_html\url_000121-jlcpcb.com-help-article-gerber-file-requirements-4629478665.html","C:\KICAD_SCRAPE\ingest_v2\markdown\url_000121-jlcpcb.com-help-article-gerber-file-requirements-4629478665.md","","","","2026-05-10 11:51:31","false"
"url_663221ed1115","https://electronics.stackexchange.com/questions/tagged/pcb-layout","https://electronics.stackexchange.com/questions/tagged/pcb-layout","electronics.stackexchange.com","peer_review_forum","power_buck_regulators","5_peer_review","success","C:\KICAD_SCRAPE\ingest_v2\markdown\url_000074-electronics.stackexchange.com-questions-tagged-pcb-layout-a67c39fb2c.md","C:\KICAD_SCRAPE\ingest_v2\raw_html\url_000074-electronics.stackexchange.com-questions-tagged-pcb-layout-a67c39fb2c.html","C:\KICAD_SCRAPE\ingest_v2\markdown\url_000074-electronics.stackexchange.com-questions-tagged-pcb-layout-a67c39fb2c.md","","","","2026-05-10 11:49:51","false"
"url_66da7b9dbf4a","https://forum.kicad.info/c/footprints-symbols/11","https://forum.kicad.info/c/footprints-symbols/11","forum.kicad.info","peer_review_forum","kicad","5_peer_review","success","C:\KICAD_SCRAPE\ingest_v2\markdown\url_000082-forum.kicad.info-c-footprints-symbols-11-39652d571b.md","C:\KICAD_SCRAPE\ingest_v2\raw_html\url_000082-forum.kicad.info-c-footprints-symbols-11-39652d571b.html","C:\KICAD_SCRAPE\ingest_v2\markdown\url_000082-forum.kicad.info-c-footprints-symbols-11-39652d571b.md","","","","2026-05-10 11:50:07","false"
"url_67589f2b94d5","https://docs.espressif.com/projects/esptool/en/latest/esp32s3/index.html","https://docs.espressif.com/projects/esptool/en/latest/esp32s3/index.html","docs.espressif.com","manufacturer","esp32_rf_wifi","6_blog_or_general_web","success","C:\KICAD_SCRAPE\ingest_v2\markdown\url_000041-docs.espressif.com-projects-esptool-en-latest-esp32s3-index.html-833e34b00d.md","C:\KICAD_SCRAPE\ingest_v2\raw_html\url_000041-docs.espressif.com-projects-esptool-en-latest-esp32s3-index.html-833e34b00d.html","C:\KICAD_SCRAPE\ingest_v2\markdown\url_000041-docs.espressif.com-projects-esptool-en-latest-esp32s3-index.html-833e34b00d.md","","","","2026-05-10 11:48:53","false"
"url_677db2dee9b7","https://docs.kicad.org/9.0/en/cli/cli.html","https://docs.kicad.org/9.0/en/cli/cli.html","docs.kicad.org","kicad_official","kicad","2_official_kicad","success","C:\KICAD_SCRAPE\ingest_v2\markdown\url_000043-docs.kicad.org-9.0-en-cli-cli.html-ad5d0d8754.md","C:\KICAD_SCRAPE\ingest_v2\raw_html\url_000043-docs.kicad.org-9.0-en-cli-cli.html-ad5d0d8754.html","C:\KICAD_SCRAPE\ingest_v2\markdown\url_000043-docs.kicad.org-9.0-en-cli-cli.html-ad5d0d8754.md","","","","2026-05-10 11:48:57","false"
"url_67ba747e0c8f","https://docs.espressif.com/projects/esp-hardware-design-guidelines/en/latest/esp32s3/index.html","https://docs.espressif.com/projects/esp-hardware-design-guidelines/en/latest/esp32s3/index.html","docs.espressif.com","manufacturer","esp32_rf_wifi","6_blog_or_general_web","success","C:\KICAD_SCRAPE\ingest_v2\markdown\url_000028-docs.espressif.com-projects-esp-hardware-design-guidelines-en-latest-esp32s3-index.html-361c5f9886.md","C:\KICAD_SCRAPE\ingest_v2\raw_html\url_000028-docs.espressif.com-projects-esp-hardware-design-guidelines-en-latest-esp32s3-index.html-361c5f9886.html","C:\KICAD_SCRAPE\ingest_v2\markdown\url_000028-docs.espressif.com-projects-esp-hardware-design-guidelines-en-latest-esp32s3-index.html-361c5f9886.md","","","","2026-05-10 11:48:28","false"
"url_68063b27cd17","https://octopart.com/documentation/style-guide","https://octopart.com/documentation/style-guide","octopart.com","web_page","power_buck_regulators","6_blog_or_general_web","success","C:\KICAD_SCRAPE\ingest_v2\markdown\url_000151-octopart.com-documentation-style-guide-1c5e4e5c81.md","C:\KICAD_SCRAPE\ingest_v2\raw_html\url_000151-octopart.com-documentation-style-guide-1c5e4e5c81.html","C:\KICAD_SCRAPE\ingest_v2\markdown\url_000151-octopart.com-documentation-style-guide-1c5e4e5c81.md","","","","2026-05-10 11:52:32","false"
"url_6874fced1669","https://forum.kicad.info/","https://forum.kicad.info/","forum.kicad.info","peer_review_forum","kicad","5_peer_review","success","C:\KICAD_SCRAPE\ingest_v2\markdown\url_000080-forum.kicad.info-index-88e43812e8.md","C:\KICAD_SCRAPE\ingest_v2\raw_html\url_000080-forum.kicad.info-index-88e43812e8.html","C:\KICAD_SCRAPE\ingest_v2\markdown\url_000080-forum.kicad.info-index-88e43812e8.md","","","","2026-05-10 11:50:04","false"
"url_6923535c5c57","https://docs.espressif.com/projects/esp-idf/en/latest/esp32s3/index.html","https://docs.espressif.com/projects/esp-idf/en/latest/esp32s3/index.html","docs.espressif.com","manufacturer","esp32_rf_wifi","6_blog_or_general_web","success","C:\KICAD_SCRAPE\ingest_v2\markdown\url_000040-docs.espressif.com-projects-esp-idf-en-latest-esp32s3-index.html-10eb73394e.md","C:\KICAD_SCRAPE\ingest_v2\raw_html\url_000040-docs.espressif.com-projects-esp-idf-en-latest-esp32s3-index.html-10eb73394e.html","C:\KICAD_SCRAPE\ingest_v2\markdown\url_000040-docs.espressif.com-projects-esp-idf-en-latest-esp32s3-index.html-10eb73394e.md","","","","2026-05-10 11:48:51","false"
"url_6a02bc6f0200","https://www.4pcb.com/pcb-capabilities.html","https://www.4pcb.com/pcb-capabilities.html","4pcb.com","fabricator_dfm","power_buck_regulators","3_fabricator_dfm","success","C:\KICAD_SCRAPE\ingest_v2\markdown\url_000181-4pcb.com-pcb-capabilities.html-ae79cd54c6.md","C:\KICAD_SCRAPE\ingest_v2\raw_html\url_000181-4pcb.com-pcb-capabilities.html-ae79cd54c6.html","C:\KICAD_SCRAPE\ingest_v2\markdown\url_000181-4pcb.com-pcb-capabilities.html-ae79cd54c6.md","","","","2026-05-10 11:53:27","false"
"url_6b796b92239d","https://jlcpcb.com/help/article/controlled-impedance-calculator","https://jlcpcb.com/help/article/controlled-impedance-calculator","jlcpcb.com","fabricator_dfm","power_buck_regulators","3_fabricator_dfm","success","C:\KICAD_SCRAPE\ingest_v2\markdown\url_000119-jlcpcb.com-help-article-controlled-impedance-calculator-cde6e30cfb.md","C:\KICAD_SCRAPE\ingest_v2\raw_html\url_000119-jlcpcb.com-help-article-controlled-impedance-calculator-cde6e30cfb.html","C:\KICAD_SCRAPE\ingest_v2\markdown\url_000119-jlcpcb.com-help-article-controlled-impedance-calculator-cde6e30cfb.md","","","","2026-05-10 11:51:27","false"
"url_6b9920591190","https://github.com/espressif/esp-dev-kits","https://github.com/espressif/esp-dev-kits","github.com","manufacturer","esp32_rf_wifi","6_blog_or_general_web","success","C:\KICAD_SCRAPE\ingest_v2\markdown\url_000089-github.com-espressif-esp-dev-kits-bfdf245b02.md","C:\KICAD_SCRAPE\ingest_v2\raw_html\url_000089-github.com-espressif-esp-dev-kits-bfdf245b02.html","C:\KICAD_SCRAPE\ingest_v2\markdown\url_000089-github.com-espressif-esp-dev-kits-bfdf245b02.md","","","","2026-05-10 11:50:26","false"
"url_6bcb31ef7232","https://hackaday.com/tag/usb-c/","https://hackaday.com/tag/usb-c","hackaday.com","index_or_search","usb_c_high_speed_esd","6_blog_or_general_web","success","C:\KICAD_SCRAPE\ingest_v2\markdown\url_000113-hackaday.com-tag-usb-c-b399c5996b.md","C:\KICAD_SCRAPE\ingest_v2\raw_html\url_000113-hackaday.com-tag-usb-c-b399c5996b.html","C:\KICAD_SCRAPE\ingest_v2\markdown\url_000113-hackaday.com-tag-usb-c-b399c5996b.md","","","","2026-05-10 11:51:15","false"
"url_6cc8d284b633","https://github.com/KiCad/kicad-source-mirror/tree/master/pcbnew","https://github.com/KiCad/kicad-source-mirror/tree/master/pcbnew","github.com","kicad_official","kicad","2_official_kicad","success","C:\KICAD_SCRAPE\ingest_v2\markdown\url_000093-github.com-KiCad-kicad-source-mirror-tree-master-pcbnew-6da2877692.md","C:\KICAD_SCRAPE\ingest_v2\raw_html\url_000093-github.com-KiCad-kicad-source-mirror-tree-master-pcbnew-6da2877692.html","C:\KICAD_SCRAPE\ingest_v2\markdown\url_000093-github.com-KiCad-kicad-source-mirror-tree-master-pcbnew-6da2877692.md","","","","2026-05-10 11:50:41","false"
"url_6cf8d4f159df","https://www.ti.com/lit/ds/symlink/tpd2eusb30.pdf","https://www.ti.com/lit/ds/symlink/tpd2eusb30.pdf","ti.com","pdf","usb_c_high_speed_esd","1_official_manufacturer_datasheet_or_app_note","success","C:\KICAD_SCRAPE\ingest_v2\pdf\url_000306-ti.com-lit-ds-symlink-tpd2eusb30.pdf-aadda894cd.pdf","C:\KICAD_SCRAPE\ingest_v2\raw_html\url_000306-ti.com-lit-ds-symlink-tpd2eusb30.pdf-aadda894cd.html","","C:\KICAD_SCRAPE\ingest_v2\pdf\url_000306-ti.com-lit-ds-symlink-tpd2eusb30.pdf-aadda894cd.pdf","C:\KICAD_SCRAPE\ingest_v2\extracted_pdf_markdown\url_000306-ti.com-lit-ds-symlink-tpd2eusb30.pdf-aadda894cd.pdf.md","","2026-05-10 12:36:59","false"
"url_6d3aa1b552d1","https://www.protoexpress.com/blog/decoupling-capacitor-placement/","https://www.protoexpress.com/blog/decoupling-capacitor-placement","protoexpress.com","fabricator_dfm","power_buck_regulators","3_fabricator_dfm","success","C:\KICAD_SCRAPE\ingest_v2\markdown\url_000260-protoexpress.com-blog-decoupling-capacitor-placement-4242ff9a98.md","C:\KICAD_SCRAPE\ingest_v2\raw_html\url_000260-protoexpress.com-blog-decoupling-capacitor-placement-4242ff9a98.html","C:\KICAD_SCRAPE\ingest_v2\markdown\url_000260-protoexpress.com-blog-decoupling-capacitor-placement-4242ff9a98.md","","","","2026-05-10 12:28:49","false"
"url_6d3c474b4089","https://www.ti.com/lit/pdf/spraar7","https://www.ti.com/lit/pdf/spraar7","ti.com","manufacturer","power_buck_regulators","6_blog_or_general_web","success","C:\KICAD_SCRAPE\ingest_v2\markdown\url_000313-ti.com-lit-pdf-spraar7-0ba77cbb35.md","C:\KICAD_SCRAPE\ingest_v2\raw_html\url_000313-ti.com-lit-pdf-spraar7-0ba77cbb35.html","C:\KICAD_SCRAPE\ingest_v2\markdown\url_000313-ti.com-lit-pdf-spraar7-0ba77cbb35.md","","","","2026-05-10 12:37:33","false"
"url_6d5f93094551","https://www.we-online.com/components/media/o150133v410%20ANP007d%20EN.pdf","https://www.we-online.com/components/media/o150133v410%20ANP007d%20EN.pdf","we-online.com","pdf","power_buck_regulators","1_official_manufacturer_datasheet_or_app_note","success","C:\KICAD_SCRAPE\ingest_v2\pdf\url_000323-we-online.com-components-media-o150133v410-20ANP007d-20EN.pdf-8864784d3f.pdf","C:\KICAD_SCRAPE\ingest_v2\raw_html\url_000323-we-online.com-components-media-o150133v410-20ANP007d-20EN.pdf-8864784d3f.html","","C:\KICAD_SCRAPE\ingest_v2\pdf\url_000323-we-online.com-components-media-o150133v410-20ANP007d-20EN.pdf-8864784d3f.pdf","C:\KICAD_SCRAPE\ingest_v2\extracted_pdf_markdown\url_000323-we-online.com-components-media-o150133v410-20ANP007d-20EN.pdf-8864784d3f.pdf.md","","2026-05-10 12:37:51","false"
"url_6d696f6a8eab","https://www.nxp.com/docs/en/application-note/AN12513.pdf","https://www.nxp.com/docs/en/application-note/AN12513.pdf","nxp.com","pdf","power_buck_regulators","1_official_manufacturer_datasheet_or_app_note","failed","","C:\KICAD_SCRAPE\ingest_v2\raw_html\url_000247-nxp.com-docs-en-application-note-AN12513.pdf-1141341b58.html","","","","The remote server returned an error: (404) Not Found.","2026-05-10 12:25:15","true"
"url_6dd19ea6cb40","https://www.eevblog.com/forum/projects/usb-c-design-review/","https://www.eevblog.com/forum/projects/usb-c-design-review","eevblog.com","peer_review_forum","usb_c_high_speed_esd","5_peer_review","success","C:\KICAD_SCRAPE\ingest_v2\markdown\url_000208-eevblog.com-forum-projects-usb-c-design-review-74838dee49.md","C:\KICAD_SCRAPE\ingest_v2\raw_html\url_000208-eevblog.com-forum-projects-usb-c-design-review-74838dee49.html","C:\KICAD_SCRAPE\ingest_v2\markdown\url_000208-eevblog.com-forum-projects-usb-c-design-review-74838dee49.md","","","","2026-05-10 12:15:08","false"
"url_6f5bcb15516b","https://prodocs.easyeda.com/en/import-export/import-kicad/","https://prodocs.easyeda.com/en/import-export/import-kicad","prodocs.easyeda.com","web_page","kicad","6_blog_or_general_web","success","C:\KICAD_SCRAPE\ingest_v2\markdown\url_000165-prodocs.easyeda.com-en-import-export-import-kicad-f749a87327.md","C:\KICAD_SCRAPE\ingest_v2\raw_html\url_000165-prodocs.easyeda.com-en-import-export-import-kicad-f749a87327.html","C:\KICAD_SCRAPE\ingest_v2\markdown\url_000165-prodocs.easyeda.com-en-import-export-import-kicad-f749a87327.md","","","","2026-05-10 11:52:59","false"
"url_7089e20a5cec","https://klc.kicad.org/model/","https://klc.kicad.org/model","klc.kicad.org","kicad_official","kicad","2_official_kicad","success","C:\KICAD_SCRAPE\ingest_v2\markdown\url_000143-klc.kicad.org-model-e42c64985e.md","C:\KICAD_SCRAPE\ingest_v2\raw_html\url_000143-klc.kicad.org-model-e42c64985e.html","C:\KICAD_SCRAPE\ingest_v2\markdown\url_000143-klc.kicad.org-model-e42c64985e.md","","","","2026-05-10 11:52:12","false"
"url_70e60bcacc54","https://docs.espressif.com/projects/esp-idf/en/latest/esp32s3/api-reference/peripherals/spi_master.html","https://docs.espressif.com/projects/esp-idf/en/latest/esp32s3/api-reference/peripherals/spi_master.html","docs.espressif.com","manufacturer","esp32_rf_wifi","6_blog_or_general_web","success","C:\KICAD_SCRAPE\ingest_v2\markdown\url_000035-docs.espressif.com-projects-esp-idf-en-latest-esp32s3-api-reference-peripherals-spi_master.html-231a5f86ca.md","C:\KICAD_SCRAPE\ingest_v2\raw_html\url_000035-docs.espressif.com-projects-esp-idf-en-latest-esp32s3-api-reference-peripherals-spi_master.html-231a5f86ca.html","C:\KICAD_SCRAPE\ingest_v2\markdown\url_000035-docs.espressif.com-projects-esp-idf-en-latest-esp32s3-api-reference-peripherals-spi_master.html-231a5f86ca.md","","","","2026-05-10 11:48:43","false"
"url_710f5b08f36e","https://jlcpcb.com/help/article/pcb-via-covering","https://jlcpcb.com/help/article/pcb-via-covering","jlcpcb.com","fabricator_dfm","power_buck_regulators","3_fabricator_dfm","success","C:\KICAD_SCRAPE\ingest_v2\markdown\url_000133-jlcpcb.com-help-article-pcb-via-covering-4cf62ee490.md","C:\KICAD_SCRAPE\ingest_v2\raw_html\url_000133-jlcpcb.com-help-article-pcb-via-covering-4cf62ee490.html","C:\KICAD_SCRAPE\ingest_v2\markdown\url_000133-jlcpcb.com-help-article-pcb-via-covering-4cf62ee490.md","","","","2026-05-10 11:51:53","false"
"url_7227657398d4","https://gitlab.com/kicad/code/kicad-python","https://gitlab.com/kicad/code/kicad-python","gitlab.com","kicad_official","kicad","2_official_kicad","success","C:\KICAD_SCRAPE\ingest_v2\markdown\url_000100-gitlab.com-kicad-code-kicad-python-d529668842.md","C:\KICAD_SCRAPE\ingest_v2\raw_html\url_000100-gitlab.com-kicad-code-kicad-python-d529668842.html","C:\KICAD_SCRAPE\ingest_v2\markdown\url_000100-gitlab.com-kicad-code-kicad-python-d529668842.md","","","","2026-05-10 11:50:52","false"
"url_72547849307e","https://hackaday.com/tag/esd/","https://hackaday.com/tag/esd","hackaday.com","index_or_search","usb_c_high_speed_esd","6_blog_or_general_web","success","C:\KICAD_SCRAPE\ingest_v2\markdown\url_000108-hackaday.com-tag-esd-0c463e5774.md","C:\KICAD_SCRAPE\ingest_v2\raw_html\url_000108-hackaday.com-tag-esd-0c463e5774.html","C:\KICAD_SCRAPE\ingest_v2\markdown\url_000108-hackaday.com-tag-esd-0c463e5774.md","","","","2026-05-10 11:51:05","false"
"url_7267477c6740","https://www.eurocircuits.com/technical-guidelines/drill-guidelines/","https://www.eurocircuits.com/technical-guidelines/drill-guidelines","eurocircuits.com","fabricator_dfm","power_buck_regulators","3_fabricator_dfm","failed","","C:\KICAD_SCRAPE\ingest_v2\raw_html\url_000227-eurocircuits.com-technical-guidelines-drill-guidelines-6c6cec1a1e.html","","","","The remote server returned an error: (404) Not Found.","2026-05-10 12:24:49","true"
"url_72cf0fe488b2","https://www.espressif.com/sites/default/files/documentation/esp32-c6_technical_reference_manual_en.pdf","https://www.espressif.com/sites/default/files/documentation/esp32-c6_technical_reference_manual_en.pdf","espressif.com","pdf","esp32_rf_wifi","1_official_manufacturer_datasheet_or_app_note","success","C:\KICAD_SCRAPE\ingest_v2\pdf\url_000221-espressif.com-sites-default-files-documentation-esp32-c6_technical_reference_manual_en.pdf-26eee62458.pdf","C:\KICAD_SCRAPE\ingest_v2\raw_html\url_000221-espressif.com-sites-default-files-documentation-esp32-c6_technical_reference_manual_en.pdf-26eee62458.html","","C:\KICAD_SCRAPE\ingest_v2\pdf\url_000221-espressif.com-sites-default-files-documentation-esp32-c6_technical_reference_manual_en.pdf-26eee62458.pdf","C:\KICAD_SCRAPE\ingest_v2\extracted_pdf_markdown\url_000221-espressif.com-sites-default-files-documentation-esp32-c6_technical_reference_manual_en.pdf-26eee62458.pdf.md","","2026-05-10 12:23:32","false"
"url_74739078db84","https://saturnpcb.com/saturn-pcb-toolkit/","https://saturnpcb.com/saturn-pcb-toolkit","saturnpcb.com","web_page","power_buck_regulators","6_blog_or_general_web","success","C:\KICAD_SCRAPE\ingest_v2\markdown\url_000178-saturnpcb.com-saturn-pcb-toolkit-f0e66de2f2.md","C:\KICAD_SCRAPE\ingest_v2\raw_html\url_000178-saturnpcb.com-saturn-pcb-toolkit-f0e66de2f2.html","C:\KICAD_SCRAPE\ingest_v2\markdown\url_000178-saturnpcb.com-saturn-pcb-toolkit-f0e66de2f2.md","","","","2026-05-10 11:53:20","false"
"url_76d3a635c7e1","https://www.ti.com/lit/an/slva054/slva054.pdf","https://www.ti.com/lit/an/slva054/slva054.pdf","ti.com","pdf","power_buck_regulators","1_official_manufacturer_datasheet_or_app_note","success","C:\KICAD_SCRAPE\ingest_v2\pdf\url_000295-ti.com-lit-an-slva054-slva054.pdf-ebbba72d28.pdf","C:\KICAD_SCRAPE\ingest_v2\raw_html\url_000295-ti.com-lit-an-slva054-slva054.pdf-ebbba72d28.html","","C:\KICAD_SCRAPE\ingest_v2\pdf\url_000295-ti.com-lit-an-slva054-slva054.pdf-ebbba72d28.pdf","C:\KICAD_SCRAPE\ingest_v2\extracted_pdf_markdown\url_000295-ti.com-lit-an-slva054-slva054.pdf-ebbba72d28.pdf.md","","2026-05-10 12:36:27","false"
"url_78318827581c","https://www.monolithicpower.com/en/learning/resources/layout-guidelines-for-step-down-converters","https://www.monolithicpower.com/en/learning/resources/layout-guidelines-for-step-down-converters","monolithicpower.com","manufacturer","power_buck_regulators","6_blog_or_general_web","success","C:\KICAD_SCRAPE\ingest_v2\markdown\url_000238-monolithicpower.com-en-learning-resources-layout-guidelines-for-step-down-converters-943fc01f12.md","C:\KICAD_SCRAPE\ingest_v2\raw_html\url_000238-monolithicpower.com-en-learning-resources-layout-guidelines-for-step-down-converters-943fc01f12.html","C:\KICAD_SCRAPE\ingest_v2\markdown\url_000238-monolithicpower.com-en-learning-resources-layout-guidelines-for-step-down-converters-943fc01f12.md","","","","2026-05-10 12:25:05","false"
"url_786543c684fc","https://resources.altium.com/p/understanding-ground-loops-in-pcb-design","https://resources.altium.com/p/understanding-ground-loops-in-pcb-design","resources.altium.com","web_page","power_buck_regulators","6_blog_or_general_web","failed","","C:\KICAD_SCRAPE\ingest_v2\raw_html\url_000172-resources.altium.com-p-understanding-ground-loops-in-pcb-design-7737e4d459.html","","","","The remote server returned an error: (404) Not Found.","2026-05-10 11:53:10","true"
"url_788faf4bfd4b","https://www.pasternack.com/t-calculator-microstrip.aspx","https://www.pasternack.com/t-calculator-microstrip.aspx","pasternack.com","web_page","power_buck_regulators","6_blog_or_general_web","failed","","C:\KICAD_SCRAPE\ingest_v2\raw_html\url_000251-pasternack.com-t-calculator-microstrip.aspx-89cf13bf09.html","","","","The operation has timed out.","2026-05-10 12:28:26","true"
"url_78f8b82c3017","https://www.richtek.com/Design%20Support/Technical%20Document/AN004","https://www.richtek.com/Design%20Support/Technical%20Document/AN004","richtek.com","manufacturer","power_buck_regulators","6_blog_or_general_web","success","C:\KICAD_SCRAPE\ingest_v2\markdown\url_000278-richtek.com-Design-20Support-Technical-20Document-AN004-2b6352eb54.md","C:\KICAD_SCRAPE\ingest_v2\raw_html\url_000278-richtek.com-Design-20Support-Technical-20Document-AN004-2b6352eb54.html","C:\KICAD_SCRAPE\ingest_v2\markdown\url_000278-richtek.com-Design-20Support-Technical-20Document-AN004-2b6352eb54.md","","","","2026-05-10 12:29:51","false"
"url_78fc1d853568","https://www.monolithicpower.com/en/learning/resources/power-supply-layout-and-emi","https://www.monolithicpower.com/en/learning/resources/power-supply-layout-and-emi","monolithicpower.com","manufacturer","power_buck_regulators","6_blog_or_general_web","success","C:\KICAD_SCRAPE\ingest_v2\markdown\url_000241-monolithicpower.com-en-learning-resources-power-supply-layout-and-emi-d72db400ab.md","C:\KICAD_SCRAPE\ingest_v2\raw_html\url_000241-monolithicpower.com-en-learning-resources-power-supply-layout-and-emi-d72db400ab.html","C:\KICAD_SCRAPE\ingest_v2\markdown\url_000241-monolithicpower.com-en-learning-resources-power-supply-layout-and-emi-d72db400ab.md","","","","2026-05-10 12:25:08","false"
"url_7934fa78b7ac","https://jlcpcb.com/help/article/soldermask-expansion","https://jlcpcb.com/help/article/soldermask-expansion","jlcpcb.com","fabricator_dfm","power_buck_regulators","3_fabricator_dfm","success","C:\KICAD_SCRAPE\ingest_v2\markdown\url_000136-jlcpcb.com-help-article-soldermask-expansion-fbc0565c08.md","C:\KICAD_SCRAPE\ingest_v2\raw_html\url_000136-jlcpcb.com-help-article-soldermask-expansion-fbc0565c08.html","C:\KICAD_SCRAPE\ingest_v2\markdown\url_000136-jlcpcb.com-help-article-soldermask-expansion-fbc0565c08.md","","","","2026-05-10 11:51:58","false"
"url_7945585e1d77","https://www.ti.com/lit/an/slvaew7/slvaew7.pdf","https://www.ti.com/lit/an/slvaew7/slvaew7.pdf","ti.com","pdf","power_buck_regulators","1_official_manufacturer_datasheet_or_app_note","success","C:\KICAD_SCRAPE\ingest_v2\pdf\url_000300-ti.com-lit-an-slvaew7-slvaew7.pdf-7bcc3afd12.pdf","C:\KICAD_SCRAPE\ingest_v2\raw_html\url_000300-ti.com-lit-an-slvaew7-slvaew7.pdf-7bcc3afd12.html","","C:\KICAD_SCRAPE\ingest_v2\pdf\url_000300-ti.com-lit-an-slvaew7-slvaew7.pdf-7bcc3afd12.pdf","C:\KICAD_SCRAPE\ingest_v2\extracted_pdf_markdown\url_000300-ti.com-lit-an-slvaew7-slvaew7.pdf-7bcc3afd12.pdf.md","","2026-05-10 12:36:41","false"
"url_79964047ab4a","https://fscdn.rohm.com/en/products/databook/applinote/ic/power/switching_regulator/converter_pcb_layout_appli-e.pdf","https://fscdn.rohm.com/en/products/databook/applinote/ic/power/switching_regulator/converter_pcb_layout_appli-e.pdf","fscdn.rohm.com","pdf","power_buck_regulators","1_official_manufacturer_datasheet_or_app_note","success","C:\KICAD_SCRAPE\ingest_v2\pdf\url_000087-fscdn.rohm.com-en-products-databook-applinote-ic-power-switching_regulator-converter_pcb_layout_appli-e.pdf-d951323499.pdf","C:\KICAD_SCRAPE\ingest_v2\raw_html\url_000087-fscdn.rohm.com-en-products-databook-applinote-ic-power-switching_regulator-converter_pcb_layout_appli-e.pdf-d951323499.html","","C:\KICAD_SCRAPE\ingest_v2\pdf\url_000087-fscdn.rohm.com-en-products-databook-applinote-ic-power-switching_regulator-converter_pcb_layout_appli-e.pdf-d951323499.pdf","C:\KICAD_SCRAPE\ingest_v2\extracted_pdf_markdown\url_000087-fscdn.rohm.com-en-products-databook-applinote-ic-power-switching_regulator-converter_pcb_layout_appli-e.pdf-d951323499.pdf.md","","2026-05-10 11:50:20","false"
"url_79ac26c99171","https://www.eurocircuits.com/technical-guidelines/solder-mask-guidelines/","https://www.eurocircuits.com/technical-guidelines/solder-mask-guidelines","eurocircuits.com","fabricator_dfm","power_buck_regulators","3_fabricator_dfm","failed","","C:\KICAD_SCRAPE\ingest_v2\raw_html\url_000230-eurocircuits.com-technical-guidelines-solder-mask-guidelines-13fa45fb94.html","","","","The remote server returned an error: (404) Not Found.","2026-05-10 12:24:54","true"
"url_7a24b746ad59","https://github.com/KiCad/kicad-source-mirror","https://github.com/KiCad/kicad-source-mirror","github.com","kicad_official","kicad","2_official_kicad","success","C:\KICAD_SCRAPE\ingest_v2\markdown\url_000092-github.com-KiCad-kicad-source-mirror-2d7d887ef9.md","C:\KICAD_SCRAPE\ingest_v2\raw_html\url_000092-github.com-KiCad-kicad-source-mirror-2d7d887ef9.html","C:\KICAD_SCRAPE\ingest_v2\markdown\url_000092-github.com-KiCad-kicad-source-mirror-2d7d887ef9.md","","","","2026-05-10 11:50:37","false"
"url_7abdc5d135a9","https://dev-docs.kicad.org/en/apis-and-binding/ipc-api/index.html","https://dev-docs.kicad.org/en/apis-and-binding/ipc-api/index.html","dev-docs.kicad.org","kicad_official","kicad","2_official_kicad","success","C:\KICAD_SCRAPE\ingest_v2\markdown\url_000009-dev-docs.kicad.org-en-apis-and-binding-ipc-api-index.html-dd026118da.md","C:\KICAD_SCRAPE\ingest_v2\raw_html\url_000009-dev-docs.kicad.org-en-apis-and-binding-ipc-api-index.html-dd026118da.html","C:\KICAD_SCRAPE\ingest_v2\markdown\url_000009-dev-docs.kicad.org-en-apis-and-binding-ipc-api-index.html-dd026118da.md","","","","2026-05-10 11:47:53","false"
"url_7ae5c4f54f59","https://www.protoexpress.com/blog/signal-integrity-pcb-design/","https://www.protoexpress.com/blog/signal-integrity-pcb-design","protoexpress.com","fabricator_dfm","power_buck_regulators","3_fabricator_dfm","failed","","C:\KICAD_SCRAPE\ingest_v2\raw_html\url_000263-protoexpress.com-blog-signal-integrity-pcb-design-6cb5c705b9.html","","","","The remote server returned an error: (404) Not Found.","2026-05-10 12:29:06","true"
"url_7be5f801207e","https://resources.pcb.cadence.com/blog/2023-pcb-grounding-techniques","https://resources.pcb.cadence.com/blog/2023-pcb-grounding-techniques","resources.pcb.cadence.com","web_page","power_buck_regulators","6_blog_or_general_web","failed","","C:\KICAD_SCRAPE\ingest_v2\raw_html\url_000175-resources.pcb.cadence.com-blog-2023-pcb-grounding-techniques-63539ef253.html","","","","The remote server returned an error: (404) Not Found.","2026-05-10 11:53:14","true"
"url_7c04af447503","https://datasheets.raspberrypi.com/rp2350/rp2350-datasheet.pdf","https://datasheets.raspberrypi.com/rp2350/rp2350-datasheet.pdf","datasheets.raspberrypi.com","pdf","power_buck_regulators","1_official_manufacturer_datasheet_or_app_note","success","C:\KICAD_SCRAPE\ingest_v2\pdf\url_000005-datasheets.raspberrypi.com-rp2350-rp2350-datasheet.pdf-5b0e552902.pdf","C:\KICAD_SCRAPE\ingest_v2\raw_html\url_000005-datasheets.raspberrypi.com-rp2350-rp2350-datasheet.pdf-5b0e552902.html","","C:\KICAD_SCRAPE\ingest_v2\pdf\url_000005-datasheets.raspberrypi.com-rp2350-rp2350-datasheet.pdf-5b0e552902.pdf","C:\KICAD_SCRAPE\ingest_v2\extracted_pdf_markdown\url_000005-datasheets.raspberrypi.com-rp2350-rp2350-datasheet.pdf-5b0e552902.pdf.md","","2026-05-10 11:47:48","false"
"url_7c0e5d047c0b","https://hackaday.com/tag/esp32-s3/","https://hackaday.com/tag/esp32-s3","hackaday.com","index_or_search","esp32_rf_wifi","6_blog_or_general_web","success","C:\KICAD_SCRAPE\ingest_v2\markdown\url_000109-hackaday.com-tag-esp32-s3-9ff42e2f5c.md","C:\KICAD_SCRAPE\ingest_v2\raw_html\url_000109-hackaday.com-tag-esp32-s3-9ff42e2f5c.html","C:\KICAD_SCRAPE\ingest_v2\markdown\url_000109-hackaday.com-tag-esp32-s3-9ff42e2f5c.md","","","","2026-05-10 11:51:07","false"
"url_7c545f9b2984","https://www.4pcb.com/pcb-design-guidelines/","https://www.4pcb.com/pcb-design-guidelines","4pcb.com","fabricator_dfm","power_buck_regulators","3_fabricator_dfm","success","C:\KICAD_SCRAPE\ingest_v2\markdown\url_000183-4pcb.com-pcb-design-guidelines-89386b2e27.md","C:\KICAD_SCRAPE\ingest_v2\raw_html\url_000183-4pcb.com-pcb-design-guidelines-89386b2e27.html","C:\KICAD_SCRAPE\ingest_v2\markdown\url_000183-4pcb.com-pcb-design-guidelines-89386b2e27.md","","","","2026-05-10 11:53:31","false"
"url_7d665c6587ea","https://www.infineon.com/cms/en/product/power/dc-dc-converters/","https://www.infineon.com/cms/en/product/power/dc-dc-converters","infineon.com","manufacturer","power_buck_regulators","6_blog_or_general_web","failed","","C:\KICAD_SCRAPE\ingest_v2\raw_html\url_000233-infineon.com-cms-en-product-power-dc-dc-converters-272d9fd4da.html","","","","The request was aborted: The connection was closed unexpectedly.","2026-05-10 12:24:59","true"
"url_7df40ef108cc","https://www.eevblog.com/forum/projects/rf-layout-review/","https://www.eevblog.com/forum/projects/rf-layout-review","eevblog.com","peer_review_forum","power_buck_regulators","5_peer_review","success","C:\KICAD_SCRAPE\ingest_v2\markdown\url_000206-eevblog.com-forum-projects-rf-layout-review-dce175caeb.md","C:\KICAD_SCRAPE\ingest_v2\raw_html\url_000206-eevblog.com-forum-projects-rf-layout-review-dce175caeb.html","C:\KICAD_SCRAPE\ingest_v2\markdown\url_000206-eevblog.com-forum-projects-rf-layout-review-dce175caeb.md","","","","2026-05-10 12:15:04","false"
"url_7e2baf83b71b","https://github.com/espressif/esp-hardware-design-guidelines","https://github.com/espressif/esp-hardware-design-guidelines","github.com","manufacturer","esp32_rf_wifi","6_blog_or_general_web","success","C:\KICAD_SCRAPE\ingest_v2\markdown\url_000090-github.com-espressif-esp-hardware-design-guidelines-5650a9a7ab.md","C:\KICAD_SCRAPE\ingest_v2\raw_html\url_000090-github.com-espressif-esp-hardware-design-guidelines-5650a9a7ab.html","C:\KICAD_SCRAPE\ingest_v2\markdown\url_000090-github.com-espressif-esp-hardware-design-guidelines-5650a9a7ab.md","","","","2026-05-10 11:50:30","false"
"url_8067edcfb3d7","https://www.digikey.com/en/resources/design-tools/kicad","https://www.digikey.com/en/resources/design-tools/kicad","digikey.com","web_page","kicad","6_blog_or_general_web","failed","","C:\KICAD_SCRAPE\ingest_v2\raw_html\url_000199-digikey.com-en-resources-design-tools-kicad-3a3ecfb66c.html","","","","The remote server returned an error: (403) Forbidden.","2026-05-10 12:14:49","true"
"url_80bd47b6f721","https://www.protoexpress.com/blog/high-speed-pcb-design/","https://www.protoexpress.com/blog/high-speed-pcb-design","protoexpress.com","fabricator_dfm","power_buck_regulators","3_fabricator_dfm","success","C:\KICAD_SCRAPE\ingest_v2\markdown\url_000261-protoexpress.com-blog-high-speed-pcb-design-6c1108be83.md","C:\KICAD_SCRAPE\ingest_v2\raw_html\url_000261-protoexpress.com-blog-high-speed-pcb-design-6c1108be83.html","C:\KICAD_SCRAPE\ingest_v2\markdown\url_000261-protoexpress.com-blog-high-speed-pcb-design-6c1108be83.md","","","","2026-05-10 12:28:57","false"
"url_80d891e22c3c","https://electronics.stackexchange.com/questions/tagged/signal-integrity","https://electronics.stackexchange.com/questions/tagged/signal-integrity","electronics.stackexchange.com","peer_review_forum","power_buck_regulators","5_peer_review","success","C:\KICAD_SCRAPE\ingest_v2\markdown\url_000076-electronics.stackexchange.com-questions-tagged-signal-integrity-8b3e0a480f.md","C:\KICAD_SCRAPE\ingest_v2\raw_html\url_000076-electronics.stackexchange.com-questions-tagged-signal-integrity-8b3e0a480f.html","C:\KICAD_SCRAPE\ingest_v2\markdown\url_000076-electronics.stackexchange.com-questions-tagged-signal-integrity-8b3e0a480f.md","","","","2026-05-10 11:49:55","false"
"url_81a306400134","https://learn.sparkfun.com/tutorials/how-to-read-a-schematic/all","https://learn.sparkfun.com/tutorials/how-to-read-a-schematic/all","learn.sparkfun.com","web_page","power_buck_regulators","6_blog_or_general_web","success","C:\KICAD_SCRAPE\ingest_v2\markdown\url_000149-learn.sparkfun.com-tutorials-how-to-read-a-schematic-all-854011a9b0.md","C:\KICAD_SCRAPE\ingest_v2\raw_html\url_000149-learn.sparkfun.com-tutorials-how-to-read-a-schematic-all-854011a9b0.html","C:\KICAD_SCRAPE\ingest_v2\markdown\url_000149-learn.sparkfun.com-tutorials-how-to-read-a-schematic-all-854011a9b0.md","","","","2026-05-10 11:52:21","false"
"url_82129eb7c824","https://resources.pcb.cadence.com/blog/2024-optimizing-for-pcb-trace-thickness-vs-current-capacity","https://resources.pcb.cadence.com/blog/2024-optimizing-for-pcb-trace-thickness-vs-current-capacity","resources.pcb.cadence.com","web_page","power_buck_regulators","6_blog_or_general_web","success","C:\KICAD_SCRAPE\ingest_v2\markdown\url_000176-resources.pcb.cadence.com-blog-2024-optimizing-for-pcb-trace-thickness-vs-current-capacity-f9d020c99e.md","C:\KICAD_SCRAPE\ingest_v2\raw_html\url_000176-resources.pcb.cadence.com-blog-2024-optimizing-for-pcb-trace-thickness-vs-current-capacity-f9d020c99e.html","C:\KICAD_SCRAPE\ingest_v2\markdown\url_000176-resources.pcb.cadence.com-blog-2024-optimizing-for-pcb-trace-thickness-vs-current-capacity-f9d020c99e.md","","","","2026-05-10 11:53:16","false"
"url_823152315695","https://www.digikey.com/en/resources/conversion-calculators/conversion-calculator-pcb-trace-width","https://www.digikey.com/en/resources/conversion-calculators/conversion-calculator-pcb-trace-width","digikey.com","web_page","power_buck_regulators","6_blog_or_general_web","failed","","C:\KICAD_SCRAPE\ingest_v2\raw_html\url_000198-digikey.com-en-resources-conversion-calculators-conversion-calculator-pcb-trace-width-510f1e0551.html","","","","The remote server returned an error: (403) Forbidden.","2026-05-10 12:14:48","true"
"url_8327bb243123","https://learn.adafruit.com/adafruit-feather-rp2040-pico","https://learn.adafruit.com/adafruit-feather-rp2040-pico","learn.adafruit.com","web_page","power_buck_regulators","6_blog_or_general_web","success","C:\KICAD_SCRAPE\ingest_v2\markdown\url_000145-learn.adafruit.com-adafruit-feather-rp2040-pico-21c0396507.md","C:\KICAD_SCRAPE\ingest_v2\raw_html\url_000145-learn.adafruit.com-adafruit-feather-rp2040-pico-21c0396507.html","C:\KICAD_SCRAPE\ingest_v2\markdown\url_000145-learn.adafruit.com-adafruit-feather-rp2040-pico-21c0396507.md","","","","2026-05-10 11:52:15","false"
"url_8356a2db4390","https://dev-docs.kicad.org/en/file-formats/sexpr-pcb/index.html","https://dev-docs.kicad.org/en/file-formats/sexpr-pcb/index.html","dev-docs.kicad.org","kicad_official","kicad","2_official_kicad","success","C:\KICAD_SCRAPE\ingest_v2\markdown\url_000014-dev-docs.kicad.org-en-file-formats-sexpr-pcb-index.html-8913ad822c.md","C:\KICAD_SCRAPE\ingest_v2\raw_html\url_000014-dev-docs.kicad.org-en-file-formats-sexpr-pcb-index.html-8913ad822c.html","C:\KICAD_SCRAPE\ingest_v2\markdown\url_000014-dev-docs.kicad.org-en-file-formats-sexpr-pcb-index.html-8913ad822c.md","","","","2026-05-10 11:48:00","false"
"url_83c53ba93bc5","https://www.richtek.com/Design%20Support/Technical%20Document/AN045","https://www.richtek.com/Design%20Support/Technical%20Document/AN045","richtek.com","manufacturer","power_buck_regulators","6_blog_or_general_web","success","C:\KICAD_SCRAPE\ingest_v2\markdown\url_000282-richtek.com-Design-20Support-Technical-20Document-AN045-2d7d0c27d1.md","C:\KICAD_SCRAPE\ingest_v2\raw_html\url_000282-richtek.com-Design-20Support-Technical-20Document-AN045-2d7d0c27d1.html","C:\KICAD_SCRAPE\ingest_v2\markdown\url_000282-richtek.com-Design-20Support-Technical-20Document-AN045-2d7d0c27d1.md","","","","2026-05-10 12:30:02","false"
"url_8449f989cfb7","https://www.ti.com/lit/an/slva959/slva959.pdf","https://www.ti.com/lit/an/slva959/slva959.pdf","ti.com","pdf","power_buck_regulators","1_official_manufacturer_datasheet_or_app_note","success","C:\KICAD_SCRAPE\ingest_v2\pdf\url_000297-ti.com-lit-an-slva959-slva959.pdf-9fcff61298.pdf","C:\KICAD_SCRAPE\ingest_v2\raw_html\url_000297-ti.com-lit-an-slva959-slva959.pdf-9fcff61298.html","","C:\KICAD_SCRAPE\ingest_v2\pdf\url_000297-ti.com-lit-an-slva959-slva959.pdf-9fcff61298.pdf","C:\KICAD_SCRAPE\ingest_v2\extracted_pdf_markdown\url_000297-ti.com-lit-an-slva959-slva959.pdf-9fcff61298.pdf.md","","2026-05-10 12:36:33","false"
"url_85ba8ed73ff2","https://docs.espressif.com/projects/esp-idf/en/latest/esp32s3/hw-reference/index.html","https://docs.espressif.com/projects/esp-idf/en/latest/esp32s3/hw-reference/index.html","docs.espressif.com","manufacturer","esp32_rf_wifi","6_blog_or_general_web","success","C:\KICAD_SCRAPE\ingest_v2\markdown\url_000039-docs.espressif.com-projects-esp-idf-en-latest-esp32s3-hw-reference-index.html-07904d3ff8.md","C:\KICAD_SCRAPE\ingest_v2\raw_html\url_000039-docs.espressif.com-projects-esp-idf-en-latest-esp32s3-hw-reference-index.html-07904d3ff8.html","C:\KICAD_SCRAPE\ingest_v2\markdown\url_000039-docs.espressif.com-projects-esp-idf-en-latest-esp32s3-hw-reference-index.html-07904d3ff8.md","","","","2026-05-10 11:48:50","false"
"url_86bcf4e781f0","https://www.onsemi.com/pub/Collateral/TND6222-D.PDF","https://www.onsemi.com/pub/Collateral/TND6222-D.PDF","onsemi.com","pdf","power_buck_regulators","1_official_manufacturer_datasheet_or_app_note","failed","","C:\KICAD_SCRAPE\ingest_v2\raw_html\url_000250-onsemi.com-pub-Collateral-TND6222-D.PDF-bef5d10939.html","","","","The remote server returned an error: (403) Forbidden.","2026-05-10 12:25:25","true"
"url_88d3ef8938cf","https://www.silabs.com/documents/public/application-notes/AN0054.pdf","https://www.silabs.com/documents/public/application-notes/AN0054.pdf","silabs.com","pdf","power_buck_regulators","1_official_manufacturer_datasheet_or_app_note","success","C:\KICAD_SCRAPE\ingest_v2\pdf\url_000284-silabs.com-documents-public-application-notes-AN0054.pdf-a1516cc76f.pdf","C:\KICAD_SCRAPE\ingest_v2\raw_html\url_000284-silabs.com-documents-public-application-notes-AN0054.pdf-a1516cc76f.html","","C:\KICAD_SCRAPE\ingest_v2\pdf\url_000284-silabs.com-documents-public-application-notes-AN0054.pdf-a1516cc76f.pdf","C:\KICAD_SCRAPE\ingest_v2\extracted_pdf_markdown\url_000284-silabs.com-documents-public-application-notes-AN0054.pdf-a1516cc76f.pdf.md","","2026-05-10 12:30:06","false"
"url_890746e4fc42","https://www.analog.com/en/resources/analog-dialogue/articles/decoupling-techniques.html","https://www.analog.com/en/resources/analog-dialogue/articles/decoupling-techniques.html","analog.com","manufacturer","power_buck_regulators","6_blog_or_general_web","failed","","C:\KICAD_SCRAPE\ingest_v2\raw_html\url_000189-analog.com-en-resources-analog-dialogue-articles-decoupling-techniques.html-18ce7445e4.html","","","","The operation has timed out.","2026-05-10 11:56:38","true"
"url_891da44d6b47","https://www.espressif.com/sites/default/files/documentation/esp32-c3_datasheet_en.pdf","https://www.espressif.com/sites/default/files/documentation/esp32-c3_datasheet_en.pdf","espressif.com","pdf","esp32_rf_wifi","1_official_manufacturer_datasheet_or_app_note","success","C:\KICAD_SCRAPE\ingest_v2\pdf\url_000218-espressif.com-sites-default-files-documentation-esp32-c3_datasheet_en.pdf-2a6af17adb.pdf","C:\KICAD_SCRAPE\ingest_v2\raw_html\url_000218-espressif.com-sites-default-files-documentation-esp32-c3_datasheet_en.pdf-2a6af17adb.html","","C:\KICAD_SCRAPE\ingest_v2\pdf\url_000218-espressif.com-sites-default-files-documentation-esp32-c3_datasheet_en.pdf-2a6af17adb.pdf","C:\KICAD_SCRAPE\ingest_v2\extracted_pdf_markdown\url_000218-espressif.com-sites-default-files-documentation-esp32-c3_datasheet_en.pdf-2a6af17adb.pdf.md","","2026-05-10 12:22:08","false"
"url_89957ca69993","https://www.espressif.com/sites/default/files/documentation/esp32-s3_technical_reference_manual_en.pdf","https://www.espressif.com/sites/default/files/documentation/esp32-s3_technical_reference_manual_en.pdf","espressif.com","pdf","esp32_rf_wifi","1_official_manufacturer_datasheet_or_app_note","success","C:\KICAD_SCRAPE\ingest_v2\pdf\url_000224-espressif.com-sites-default-files-documentation-esp32-s3_technical_reference_manual_en.pdf-53f16fbb6b.pdf","C:\KICAD_SCRAPE\ingest_v2\raw_html\url_000224-espressif.com-sites-default-files-documentation-esp32-s3_technical_reference_manual_en.pdf-53f16fbb6b.html","","C:\KICAD_SCRAPE\ingest_v2\pdf\url_000224-espressif.com-sites-default-files-documentation-esp32-s3_technical_reference_manual_en.pdf-53f16fbb6b.pdf","C:\KICAD_SCRAPE\ingest_v2\extracted_pdf_markdown\url_000224-espressif.com-sites-default-files-documentation-esp32-s3_technical_reference_manual_en.pdf-53f16fbb6b.pdf.md","","2026-05-10 12:24:37","false"
"url_89cd2bd8c013","https://docs.oshpark.com/design-tools/gerbv/","https://docs.oshpark.com/design-tools/gerbv","docs.oshpark.com","fabricator_dfm","power_buck_regulators","3_fabricator_dfm","success","C:\KICAD_SCRAPE\ingest_v2\markdown\url_000059-docs.oshpark.com-design-tools-gerbv-25168c6e58.md","C:\KICAD_SCRAPE\ingest_v2\raw_html\url_000059-docs.oshpark.com-design-tools-gerbv-25168c6e58.html","C:\KICAD_SCRAPE\ingest_v2\markdown\url_000059-docs.oshpark.com-design-tools-gerbv-25168c6e58.md","","","","2026-05-10 11:49:27","false"
"url_8ac546ce61c1","https://docs.oshpark.com/services/flex/","https://docs.oshpark.com/services/flex","docs.oshpark.com","fabricator_dfm","power_buck_regulators","3_fabricator_dfm","success","C:\KICAD_SCRAPE\ingest_v2\markdown\url_000061-docs.oshpark.com-services-flex-b130864644.md","C:\KICAD_SCRAPE\ingest_v2\raw_html\url_000061-docs.oshpark.com-services-flex-b130864644.html","C:\KICAD_SCRAPE\ingest_v2\markdown\url_000061-docs.oshpark.com-services-flex-b130864644.md","","","","2026-05-10 11:49:30","false"
"url_8b71a2f320e2","https://gitlab.com/kicad/code/kicad","https://gitlab.com/kicad/code/kicad","gitlab.com","kicad_official","kicad","2_official_kicad","success","C:\KICAD_SCRAPE\ingest_v2\markdown\url_000095-gitlab.com-kicad-code-kicad-db4cf112cb.md","C:\KICAD_SCRAPE\ingest_v2\raw_html\url_000095-gitlab.com-kicad-code-kicad-db4cf112cb.html","C:\KICAD_SCRAPE\ingest_v2\markdown\url_000095-gitlab.com-kicad-code-kicad-db4cf112cb.md","","","","2026-05-10 11:50:45","false"
"url_8c921a65cdf5","https://www.protoexpress.com/pcb-design-guides/","https://www.protoexpress.com/pcb-design-guides","protoexpress.com","fabricator_dfm","power_buck_regulators","3_fabricator_dfm","success","C:\KICAD_SCRAPE\ingest_v2\markdown\url_000266-protoexpress.com-pcb-design-guides-238fc5dcc0.md","C:\KICAD_SCRAPE\ingest_v2\raw_html\url_000266-protoexpress.com-pcb-design-guides-238fc5dcc0.html","C:\KICAD_SCRAPE\ingest_v2\markdown\url_000266-protoexpress.com-pcb-design-guides-238fc5dcc0.md","","","","2026-05-10 12:29:32","false"
"url_8d1044004fcc","https://www.ultralibrarian.com/cad-vendors/kicad","https://www.ultralibrarian.com/cad-vendors/kicad","ultralibrarian.com","web_page","kicad","6_blog_or_general_web","success","C:\KICAD_SCRAPE\ingest_v2\markdown\url_000314-ultralibrarian.com-cad-vendors-kicad-439a8809c8.md","C:\KICAD_SCRAPE\ingest_v2\raw_html\url_000314-ultralibrarian.com-cad-vendors-kicad-439a8809c8.html","C:\KICAD_SCRAPE\ingest_v2\markdown\url_000314-ultralibrarian.com-cad-vendors-kicad-439a8809c8.md","","","","2026-05-10 12:37:37","false"
"url_8da7a9e6638a","https://pcb.mit.edu/syllabus/","https://pcb.mit.edu/syllabus","pcb.mit.edu","university_training","power_buck_regulators","4_university_training","success","C:\KICAD_SCRAPE\ingest_v2\markdown\url_000164-pcb.mit.edu-syllabus-7917631e07.md","C:\KICAD_SCRAPE\ingest_v2\raw_html\url_000164-pcb.mit.edu-syllabus-7917631e07.html","C:\KICAD_SCRAPE\ingest_v2\markdown\url_000164-pcb.mit.edu-syllabus-7917631e07.md","","","","2026-05-10 11:52:55","false"
"url_8e7d2b9b0e91","https://www.infineon.com/cms/en/product/microcontroller/","https://www.infineon.com/cms/en/product/microcontroller","infineon.com","manufacturer","power_buck_regulators","6_blog_or_general_web","failed","","C:\KICAD_SCRAPE\ingest_v2\raw_html\url_000232-infineon.com-cms-en-product-microcontroller-1a1e716f31.html","","","","The request was aborted: The connection was closed unexpectedly.","2026-05-10 12:24:58","true"
"url_9134b1a63732","https://www.ti.com/lit/an/slva773/slva773.pdf","https://www.ti.com/lit/an/slva773/slva773.pdf","ti.com","pdf","power_buck_regulators","1_official_manufacturer_datasheet_or_app_note","success","C:\KICAD_SCRAPE\ingest_v2\pdf\url_000296-ti.com-lit-an-slva773-slva773.pdf-c8e94b7996.pdf","C:\KICAD_SCRAPE\ingest_v2\raw_html\url_000296-ti.com-lit-an-slva773-slva773.pdf-c8e94b7996.html","","C:\KICAD_SCRAPE\ingest_v2\pdf\url_000296-ti.com-lit-an-slva773-slva773.pdf-c8e94b7996.pdf","C:\KICAD_SCRAPE\ingest_v2\extracted_pdf_markdown\url_000296-ti.com-lit-an-slva773-slva773.pdf-c8e94b7996.pdf.md","","2026-05-10 12:36:29","false"
"url_9209d13dc910","https://docs.espressif.com/projects/esp-hardware-design-guidelines/en/latest/esp32h2/index.html","https://docs.espressif.com/projects/esp-hardware-design-guidelines/en/latest/esp32h2/index.html","docs.espressif.com","manufacturer","esp32_rf_wifi","6_blog_or_general_web","success","C:\KICAD_SCRAPE\ingest_v2\markdown\url_000025-docs.espressif.com-projects-esp-hardware-design-guidelines-en-latest-esp32h2-index.html-628dbf9480.md","C:\KICAD_SCRAPE\ingest_v2\raw_html\url_000025-docs.espressif.com-projects-esp-hardware-design-guidelines-en-latest-esp32h2-index.html-628dbf9480.html","C:\KICAD_SCRAPE\ingest_v2\markdown\url_000025-docs.espressif.com-projects-esp-hardware-design-guidelines-en-latest-esp32h2-index.html-628dbf9480.md","","","","2026-05-10 11:48:24","false"
"url_93caec7b4581","https://docs.oshpark.com/troubleshooting/","https://docs.oshpark.com/troubleshooting","docs.oshpark.com","fabricator_dfm","power_buck_regulators","3_fabricator_dfm","success","C:\KICAD_SCRAPE\ingest_v2\markdown\url_000064-docs.oshpark.com-troubleshooting-9a35a8271c.md","C:\KICAD_SCRAPE\ingest_v2\raw_html\url_000064-docs.oshpark.com-troubleshooting-9a35a8271c.html","C:\KICAD_SCRAPE\ingest_v2\markdown\url_000064-docs.oshpark.com-troubleshooting-9a35a8271c.md","","","","2026-05-10 11:49:33","false"
"url_9435d6647c25","https://www.ti.com/lit/an/slvaf66/slvaf66.pdf","https://www.ti.com/lit/an/slvaf66/slvaf66.pdf","ti.com","pdf","power_buck_regulators","1_official_manufacturer_datasheet_or_app_note","success","C:\KICAD_SCRAPE\ingest_v2\pdf\url_000301-ti.com-lit-an-slvaf66-slvaf66.pdf-70ce63cecd.pdf","C:\KICAD_SCRAPE\ingest_v2\raw_html\url_000301-ti.com-lit-an-slvaf66-slvaf66.pdf-70ce63cecd.html","","C:\KICAD_SCRAPE\ingest_v2\pdf\url_000301-ti.com-lit-an-slvaf66-slvaf66.pdf-70ce63cecd.pdf","C:\KICAD_SCRAPE\ingest_v2\extracted_pdf_markdown\url_000301-ti.com-lit-an-slvaf66-slvaf66.pdf-70ce63cecd.pdf.md","","2026-05-10 12:36:43","false"
"url_943ba22056b1","https://www.wch-ic.com/products/CH32V307.html","https://www.wch-ic.com/products/CH32V307.html","wch-ic.com","web_page","power_buck_regulators","6_blog_or_general_web","success","C:\KICAD_SCRAPE\ingest_v2\markdown\url_000322-wch-ic.com-products-CH32V307.html-65302cfe12.md","C:\KICAD_SCRAPE\ingest_v2\raw_html\url_000322-wch-ic.com-products-CH32V307.html-65302cfe12.html","C:\KICAD_SCRAPE\ingest_v2\markdown\url_000322-wch-ic.com-products-CH32V307.html-65302cfe12.md","","","","2026-05-10 12:37:48","false"
"url_946a76165ee2","https://jlcpcb.com/help/article/pcb-assembly-design-requirements","https://jlcpcb.com/help/article/pcb-assembly-design-requirements","jlcpcb.com","fabricator_dfm","power_buck_regulators","3_fabricator_dfm","success","C:\KICAD_SCRAPE\ingest_v2\markdown\url_000128-jlcpcb.com-help-article-pcb-assembly-design-requirements-ac0e571d96.md","C:\KICAD_SCRAPE\ingest_v2\raw_html\url_000128-jlcpcb.com-help-article-pcb-assembly-design-requirements-ac0e571d96.html","C:\KICAD_SCRAPE\ingest_v2\markdown\url_000128-jlcpcb.com-help-article-pcb-assembly-design-requirements-ac0e571d96.md","","","","2026-05-10 11:51:43","false"
"url_94baa5f3867a","https://resources.altium.com/p/usb-routing-guidelines","https://resources.altium.com/p/usb-routing-guidelines","resources.altium.com","web_page","usb_c_high_speed_esd","6_blog_or_general_web","failed","","C:\KICAD_SCRAPE\ingest_v2\raw_html\url_000173-resources.altium.com-p-usb-routing-guidelines-7dbaebd5ad.html","","","","The remote server returned an error: (404) Not Found.","2026-05-10 11:53:11","true"
"url_94d65ff87599","https://pcb.mit.edu/archive/IAP2023/lectures/lecture_05/","https://pcb.mit.edu/archive/IAP2023/lectures/lecture_05","pcb.mit.edu","university_training","power_buck_regulators","4_university_training","success","C:\KICAD_SCRAPE\ingest_v2\markdown\url_000160-pcb.mit.edu-archive-IAP2023-lectures-lecture_05-68a2dd3419.md","C:\KICAD_SCRAPE\ingest_v2\raw_html\url_000160-pcb.mit.edu-archive-IAP2023-lectures-lecture_05-68a2dd3419.html","C:\KICAD_SCRAPE\ingest_v2\markdown\url_000160-pcb.mit.edu-archive-IAP2023-lectures-lecture_05-68a2dd3419.md","","","","2026-05-10 11:52:51","false"
"url_96a9634eeb44","https://forum.kicad.info/c/development/16","https://forum.kicad.info/c/development/16","forum.kicad.info","peer_review_forum","kicad","5_peer_review","success","C:\KICAD_SCRAPE\ingest_v2\markdown\url_000081-forum.kicad.info-c-development-16-40e18a383f.md","C:\KICAD_SCRAPE\ingest_v2\raw_html\url_000081-forum.kicad.info-c-development-16-40e18a383f.html","C:\KICAD_SCRAPE\ingest_v2\markdown\url_000081-forum.kicad.info-c-development-16-40e18a383f.md","","","","2026-05-10 11:50:05","false"
"url_980dbdc84512","https://docs.arduino.cc/hardware/giga-r1-wifi","https://docs.arduino.cc/hardware/giga-r1-wifi","docs.arduino.cc","web_page","esp32_rf_wifi","6_blog_or_general_web","success","C:\KICAD_SCRAPE\ingest_v2\markdown\url_000016-docs.arduino.cc-hardware-giga-r1-wifi-1e7c570351.md","C:\KICAD_SCRAPE\ingest_v2\raw_html\url_000016-docs.arduino.cc-hardware-giga-r1-wifi-1e7c570351.html","C:\KICAD_SCRAPE\ingest_v2\markdown\url_000016-docs.arduino.cc-hardware-giga-r1-wifi-1e7c570351.md","","","","2026-05-10 11:48:04","false"
"url_98a5754e3f94","https://jlcpcb.com/blog/pcb-design-rules-best-practices","https://jlcpcb.com/blog/pcb-design-rules-best-practices","jlcpcb.com","fabricator_dfm","power_buck_regulators","3_fabricator_dfm","success","C:\KICAD_SCRAPE\ingest_v2\markdown\url_000114-jlcpcb.com-blog-pcb-design-rules-best-practices-8fa9e27f3f.md","C:\KICAD_SCRAPE\ingest_v2\raw_html\url_000114-jlcpcb.com-blog-pcb-design-rules-best-practices-8fa9e27f3f.html","C:\KICAD_SCRAPE\ingest_v2\markdown\url_000114-jlcpcb.com-blog-pcb-design-rules-best-practices-8fa9e27f3f.md","","","","2026-05-10 11:51:17","false"
"url_995652c879c1","https://resources.altium.com/p/high-speed-pcb-design-guidelines","https://resources.altium.com/p/high-speed-pcb-design-guidelines","resources.altium.com","web_page","power_buck_regulators","6_blog_or_general_web","failed","","C:\KICAD_SCRAPE\ingest_v2\raw_html\url_000168-resources.altium.com-p-high-speed-pcb-design-guidelines-89c3a3190f.html","","","","The remote server returned an error: (404) Not Found.","2026-05-10 11:53:03","true"
"url_99bd08bc5b0c","https://www.ti.com/lit/an/slla368/slla368.pdf","https://www.ti.com/lit/an/slla368/slla368.pdf","ti.com","pdf","power_buck_regulators","1_official_manufacturer_datasheet_or_app_note","success","C:\KICAD_SCRAPE\ingest_v2\pdf\url_000293-ti.com-lit-an-slla368-slla368.pdf-6e7fd23f3b.pdf","C:\KICAD_SCRAPE\ingest_v2\raw_html\url_000293-ti.com-lit-an-slla368-slla368.pdf-6e7fd23f3b.html","","C:\KICAD_SCRAPE\ingest_v2\pdf\url_000293-ti.com-lit-an-slla368-slla368.pdf-6e7fd23f3b.pdf","C:\KICAD_SCRAPE\ingest_v2\extracted_pdf_markdown\url_000293-ti.com-lit-an-slla368-slla368.pdf-6e7fd23f3b.pdf.md","","2026-05-10 12:36:24","false"
"url_9b64e8383e16","https://www.octopart.com/","https://www.octopart.com/","octopart.com","web_page","power_buck_regulators","6_blog_or_general_web","success","C:\KICAD_SCRAPE\ingest_v2\markdown\url_000248-octopart.com-index-1864dd49df.md","C:\KICAD_SCRAPE\ingest_v2\raw_html\url_000248-octopart.com-index-1864dd49df.html","C:\KICAD_SCRAPE\ingest_v2\markdown\url_000248-octopart.com-index-1864dd49df.md","","","","2026-05-10 12:25:21","false"
"url_9b7bb9a2626b","https://www.analog.com/en/resources/technical-articles/board-layout-for-switch-mode-power-supplies.html","https://www.analog.com/en/resources/technical-articles/board-layout-for-switch-mode-power-supplies.html","analog.com","manufacturer","power_buck_regulators","6_blog_or_general_web","failed","","C:\KICAD_SCRAPE\ingest_v2\raw_html\url_000194-analog.com-en-resources-technical-articles-board-layout-for-switch-mode-power-supplies.html-d79a403c61.html","","","","The operation has timed out.","2026-05-10 12:11:43","true"
"url_9c62cab88c45","https://klc.kicad.org/footprint/","https://klc.kicad.org/footprint","klc.kicad.org","kicad_official","kicad","2_official_kicad","success","C:\KICAD_SCRAPE\ingest_v2\markdown\url_000142-klc.kicad.org-footprint-50fcc3cb75.md","C:\KICAD_SCRAPE\ingest_v2\raw_html\url_000142-klc.kicad.org-footprint-50fcc3cb75.html","C:\KICAD_SCRAPE\ingest_v2\markdown\url_000142-klc.kicad.org-footprint-50fcc3cb75.md","","","","2026-05-10 11:52:10","false"
"url_9c642e1507cd","https://assets.nexperia.com/documents/application-note/AN90011.pdf","https://assets.nexperia.com/documents/application-note/AN90011.pdf","assets.nexperia.com","pdf","power_buck_regulators","1_official_manufacturer_datasheet_or_app_note","success","C:\KICAD_SCRAPE\ingest_v2\pdf\url_000003-assets.nexperia.com-documents-application-note-AN90011.pdf-8a9745fda1.pdf","C:\KICAD_SCRAPE\ingest_v2\raw_html\url_000003-assets.nexperia.com-documents-application-note-AN90011.pdf-8a9745fda1.html","","C:\KICAD_SCRAPE\ingest_v2\pdf\url_000003-assets.nexperia.com-documents-application-note-AN90011.pdf-8a9745fda1.pdf","C:\KICAD_SCRAPE\ingest_v2\extracted_pdf_markdown\url_000003-assets.nexperia.com-documents-application-note-AN90011.pdf-8a9745fda1.pdf.md","","2026-05-10 11:46:21","false"
"url_9db40d77df30","https://jlcpcb.com/help/article/minimum-annular-ring","https://jlcpcb.com/help/article/minimum-annular-ring","jlcpcb.com","fabricator_dfm","power_buck_regulators","3_fabricator_dfm","success","C:\KICAD_SCRAPE\ingest_v2\markdown\url_000124-jlcpcb.com-help-article-minimum-annular-ring-e841cf0923.md","C:\KICAD_SCRAPE\ingest_v2\raw_html\url_000124-jlcpcb.com-help-article-minimum-annular-ring-e841cf0923.html","C:\KICAD_SCRAPE\ingest_v2\markdown\url_000124-jlcpcb.com-help-article-minimum-annular-ring-e841cf0923.md","","","","2026-05-10 11:51:36","false"
"url_a0711658f4e8","https://www.ti.com/lit/an/szza009/szza009.pdf","https://www.ti.com/lit/an/szza009/szza009.pdf","ti.com","pdf","power_buck_regulators","1_official_manufacturer_datasheet_or_app_note","success","C:\KICAD_SCRAPE\ingest_v2\pdf\url_000304-ti.com-lit-an-szza009-szza009.pdf-d8e5ae61c4.pdf","C:\KICAD_SCRAPE\ingest_v2\raw_html\url_000304-ti.com-lit-an-szza009-szza009.pdf-d8e5ae61c4.html","","C:\KICAD_SCRAPE\ingest_v2\pdf\url_000304-ti.com-lit-an-szza009-szza009.pdf-d8e5ae61c4.pdf","C:\KICAD_SCRAPE\ingest_v2\extracted_pdf_markdown\url_000304-ti.com-lit-an-szza009-szza009.pdf-d8e5ae61c4.pdf.md","","2026-05-10 12:36:49","false"
"url_a2597200dde0","https://www.monolithicpower.com/en/learning/resources/pcb-layout-guidelines-for-switching-power-supplies","https://www.monolithicpower.com/en/learning/resources/pcb-layout-guidelines-for-switching-power-supplies","monolithicpower.com","manufacturer","power_buck_regulators","6_blog_or_general_web","success","C:\KICAD_SCRAPE\ingest_v2\markdown\url_000240-monolithicpower.com-en-learning-resources-pcb-layout-guidelines-for-switching-power-supplies-0458990a50.md","C:\KICAD_SCRAPE\ingest_v2\raw_html\url_000240-monolithicpower.com-en-learning-resources-pcb-layout-guidelines-for-switching-power-supplies-0458990a50.html","C:\KICAD_SCRAPE\ingest_v2\markdown\url_000240-monolithicpower.com-en-learning-resources-pcb-layout-guidelines-for-switching-power-supplies-0458990a50.md","","","","2026-05-10 12:25:07","false"
"url_a5aa03a5a79b","https://www.monolithicpower.com/en/learning/resources/an-introduction-to-buck-regulators","https://www.monolithicpower.com/en/learning/resources/an-introduction-to-buck-regulators","monolithicpower.com","manufacturer","power_buck_regulators","6_blog_or_general_web","success","C:\KICAD_SCRAPE\ingest_v2\markdown\url_000235-monolithicpower.com-en-learning-resources-an-introduction-to-buck-regulators-84b92a6e0e.md","C:\KICAD_SCRAPE\ingest_v2\raw_html\url_000235-monolithicpower.com-en-learning-resources-an-introduction-to-buck-regulators-84b92a6e0e.html","C:\KICAD_SCRAPE\ingest_v2\markdown\url_000235-monolithicpower.com-en-learning-resources-an-introduction-to-buck-regulators-84b92a6e0e.md","","","","2026-05-10 12:25:02","false"
"url_a60377cb474a","https://www.analog.com/en/resources/app-notes/an-136.html","https://www.analog.com/en/resources/app-notes/an-136.html","analog.com","manufacturer","power_buck_regulators","6_blog_or_general_web","failed","","C:\KICAD_SCRAPE\ingest_v2\raw_html\url_000192-analog.com-en-resources-app-notes-an-136.html-bdba001cc7.html","","","","The operation has timed out.","2026-05-10 12:05:41","true"
"url_a724285671ad","https://docs.arduino.cc/hardware/nano-esp32","https://docs.arduino.cc/hardware/nano-esp32","docs.arduino.cc","web_page","esp32_rf_wifi","6_blog_or_general_web","success","C:\KICAD_SCRAPE\ingest_v2\markdown\url_000017-docs.arduino.cc-hardware-nano-esp32-b996b14a16.md","C:\KICAD_SCRAPE\ingest_v2\raw_html\url_000017-docs.arduino.cc-hardware-nano-esp32-b996b14a16.html","C:\KICAD_SCRAPE\ingest_v2\markdown\url_000017-docs.arduino.cc-hardware-nano-esp32-b996b14a16.md","","","","2026-05-10 11:48:06","false"
"url_a7a4900ba7a3","https://app.ultralibrarian.com/content/help/kicad-6_0.htm","https://app.ultralibrarian.com/content/help/kicad-6_0.htm","app.ultralibrarian.com","web_page","kicad","6_blog_or_general_web","success","C:\KICAD_SCRAPE\ingest_v2\markdown\url_000001-app.ultralibrarian.com-content-help-kicad-6_0.htm-dbda846fa4.md","C:\KICAD_SCRAPE\ingest_v2\raw_html\url_000001-app.ultralibrarian.com-content-help-kicad-6_0.htm-dbda846fa4.html","C:\KICAD_SCRAPE\ingest_v2\markdown\url_000001-app.ultralibrarian.com-content-help-kicad-6_0.htm-dbda846fa4.md","","","","2026-05-10 11:46:12","false"
"url_a7d54dd1b95f","https://hackaday.com/tag/buck-converter/","https://hackaday.com/tag/buck-converter","hackaday.com","index_or_search","power_buck_regulators","6_blog_or_general_web","success","C:\KICAD_SCRAPE\ingest_v2\markdown\url_000107-hackaday.com-tag-buck-converter-91910131a1.md","C:\KICAD_SCRAPE\ingest_v2\raw_html\url_000107-hackaday.com-tag-buck-converter-91910131a1.html","C:\KICAD_SCRAPE\ingest_v2\markdown\url_000107-hackaday.com-tag-buck-converter-91910131a1.md","","","","2026-05-10 11:51:03","false"
"url_a8def663d6a6","https://www.silabs.com/mcu/32-bit/efm32-gecko","https://www.silabs.com/mcu/32-bit/efm32-gecko","silabs.com","manufacturer","power_buck_regulators","6_blog_or_general_web","success","C:\KICAD_SCRAPE\ingest_v2\markdown\url_000285-silabs.com-mcu-32-bit-efm32-gecko-9c6b3951f2.md","C:\KICAD_SCRAPE\ingest_v2\raw_html\url_000285-silabs.com-mcu-32-bit-efm32-gecko-9c6b3951f2.html","C:\KICAD_SCRAPE\ingest_v2\markdown\url_000285-silabs.com-mcu-32-bit-efm32-gecko-9c6b3951f2.md","","","","2026-05-10 12:30:09","false"
"url_a957800f6b7e","https://dev-docs.kicad.org/en/file-formats/index.html","https://dev-docs.kicad.org/en/file-formats/index.html","dev-docs.kicad.org","kicad_official","kicad","2_official_kicad","success","C:\KICAD_SCRAPE\ingest_v2\markdown\url_000011-dev-docs.kicad.org-en-file-formats-index.html-c9f0168308.md","C:\KICAD_SCRAPE\ingest_v2\raw_html\url_000011-dev-docs.kicad.org-en-file-formats-index.html-c9f0168308.html","C:\KICAD_SCRAPE\ingest_v2\markdown\url_000011-dev-docs.kicad.org-en-file-formats-index.html-c9f0168308.md","","","","2026-05-10 11:47:56","false"
"url_aaffd0ac8d65","https://docs.arduino.cc/hardware/nano-rp2040-connect","https://docs.arduino.cc/hardware/nano-rp2040-connect","docs.arduino.cc","web_page","power_buck_regulators","6_blog_or_general_web","success","C:\KICAD_SCRAPE\ingest_v2\markdown\url_000018-docs.arduino.cc-hardware-nano-rp2040-connect-caee2a353e.md","C:\KICAD_SCRAPE\ingest_v2\raw_html\url_000018-docs.arduino.cc-hardware-nano-rp2040-connect-caee2a353e.html","C:\KICAD_SCRAPE\ingest_v2\markdown\url_000018-docs.arduino.cc-hardware-nano-rp2040-connect-caee2a353e.md","","","","2026-05-10 11:48:07","false"
"url_ab6ada5f85b3","https://www.mouser.com/technical-resources","https://www.mouser.com/technical-resources","mouser.com","web_page","power_buck_regulators","6_blog_or_general_web","success","C:\KICAD_SCRAPE\ingest_v2\markdown\url_000244-mouser.com-technical-resources-b99ed9c076.md","C:\KICAD_SCRAPE\ingest_v2\raw_html\url_000244-mouser.com-technical-resources-b99ed9c076.html","C:\KICAD_SCRAPE\ingest_v2\markdown\url_000244-mouser.com-technical-resources-b99ed9c076.md","","","","2026-05-10 12:25:12","false"
"url_aba61993e2e4","https://docs.arduino.cc/hardware/portenta-h7","https://docs.arduino.cc/hardware/portenta-h7","docs.arduino.cc","web_page","power_buck_regulators","6_blog_or_general_web","success","C:\KICAD_SCRAPE\ingest_v2\markdown\url_000019-docs.arduino.cc-hardware-portenta-h7-c70d264c6f.md","C:\KICAD_SCRAPE\ingest_v2\raw_html\url_000019-docs.arduino.cc-hardware-portenta-h7-c70d264c6f.html","C:\KICAD_SCRAPE\ingest_v2\markdown\url_000019-docs.arduino.cc-hardware-portenta-h7-c70d264c6f.md","","","","2026-05-10 11:48:09","false"
"url_abfc36b76aa6","https://docs.kicad.org/doxygen-python-9.0/classpcbnew_1_1PAD.html","https://docs.kicad.org/doxygen-python-9.0/classpcbnew_1_1PAD.html","docs.kicad.org","kicad_official","kicad","2_official_kicad","success","C:\KICAD_SCRAPE\ingest_v2\markdown\url_000053-docs.kicad.org-doxygen-python-9.0-classpcbnew_1_1PAD.html-6c99b4c049.md","C:\KICAD_SCRAPE\ingest_v2\raw_html\url_000053-docs.kicad.org-doxygen-python-9.0-classpcbnew_1_1PAD.html-6c99b4c049.html","C:\KICAD_SCRAPE\ingest_v2\markdown\url_000053-docs.kicad.org-doxygen-python-9.0-classpcbnew_1_1PAD.html-6c99b4c049.md","","","","2026-05-10 11:49:18","false"
"url_ad6e902623c8","https://www.ti.com/lit/pdf/slla414","https://www.ti.com/lit/pdf/slla414","ti.com","manufacturer","power_buck_regulators","6_blog_or_general_web","success","C:\KICAD_SCRAPE\ingest_v2\markdown\url_000311-ti.com-lit-pdf-slla414-f060ca9a31.md","C:\KICAD_SCRAPE\ingest_v2\raw_html\url_000311-ti.com-lit-pdf-slla414-f060ca9a31.html","C:\KICAD_SCRAPE\ingest_v2\markdown\url_000311-ti.com-lit-pdf-slla414-f060ca9a31.md","","","","2026-05-10 12:37:30","false"
"url_ae88c65094ab","https://docs.espressif.com/projects/esp-hardware-design-guidelines/en/latest/esp32p4/index.html","https://docs.espressif.com/projects/esp-hardware-design-guidelines/en/latest/esp32p4/index.html","docs.espressif.com","manufacturer","esp32_rf_wifi","6_blog_or_general_web","success","C:\KICAD_SCRAPE\ingest_v2\markdown\url_000026-docs.espressif.com-projects-esp-hardware-design-guidelines-en-latest-esp32p4-index.html-5b26d62c7d.md","C:\KICAD_SCRAPE\ingest_v2\raw_html\url_000026-docs.espressif.com-projects-esp-hardware-design-guidelines-en-latest-esp32p4-index.html-5b26d62c7d.html","C:\KICAD_SCRAPE\ingest_v2\markdown\url_000026-docs.espressif.com-projects-esp-hardware-design-guidelines-en-latest-esp32p4-index.html-5b26d62c7d.md","","","","2026-05-10 11:48:25","false"
"url_af88fb10719e","https://docs.kicad.org/doxygen-python-9.0/classpcbnew_1_1PCB__VIA.html","https://docs.kicad.org/doxygen-python-9.0/classpcbnew_1_1PCB__VIA.html","docs.kicad.org","kicad_official","kicad","2_official_kicad","success","C:\KICAD_SCRAPE\ingest_v2\markdown\url_000055-docs.kicad.org-doxygen-python-9.0-classpcbnew_1_1PCB__VIA.html-f41fc291f8.md","C:\KICAD_SCRAPE\ingest_v2\raw_html\url_000055-docs.kicad.org-doxygen-python-9.0-classpcbnew_1_1PCB__VIA.html-f41fc291f8.html","C:\KICAD_SCRAPE\ingest_v2\markdown\url_000055-docs.kicad.org-doxygen-python-9.0-classpcbnew_1_1PCB__VIA.html-f41fc291f8.md","","","","2026-05-10 11:49:21","false"
"url_b08db2255b5d","https://www.ti.com/lit/ds/symlink/tps62913.pdf","https://www.ti.com/lit/ds/symlink/tps62913.pdf","ti.com","pdf","power_buck_regulators","1_official_manufacturer_datasheet_or_app_note","success","C:\KICAD_SCRAPE\ingest_v2\pdf\url_000310-ti.com-lit-ds-symlink-tps62913.pdf-da43457b97.pdf","C:\KICAD_SCRAPE\ingest_v2\raw_html\url_000310-ti.com-lit-ds-symlink-tps62913.pdf-da43457b97.html","","C:\KICAD_SCRAPE\ingest_v2\pdf\url_000310-ti.com-lit-ds-symlink-tps62913.pdf-da43457b97.pdf","C:\KICAD_SCRAPE\ingest_v2\extracted_pdf_markdown\url_000310-ti.com-lit-ds-symlink-tps62913.pdf-da43457b97.pdf.md","","2026-05-10 12:37:28","false"
"url_b12fd5c4b92c","https://electronics.stackexchange.com/questions/tagged/emc","https://electronics.stackexchange.com/questions/tagged/emc","electronics.stackexchange.com","peer_review_forum","power_buck_regulators","5_peer_review","success","C:\KICAD_SCRAPE\ingest_v2\markdown\url_000066-electronics.stackexchange.com-questions-tagged-emc-f61d840611.md","C:\KICAD_SCRAPE\ingest_v2\raw_html\url_000066-electronics.stackexchange.com-questions-tagged-emc-f61d840611.html","C:\KICAD_SCRAPE\ingest_v2\markdown\url_000066-electronics.stackexchange.com-questions-tagged-emc-f61d840611.md","","","","2026-05-10 11:49:37","false"
"url_b15675c5bd37","https://pcb.mit.edu/archive/IAP2023/lectures/lecture_06/","https://pcb.mit.edu/archive/IAP2023/lectures/lecture_06","pcb.mit.edu","university_training","power_buck_regulators","4_university_training","failed","","C:\KICAD_SCRAPE\ingest_v2\raw_html\url_000161-pcb.mit.edu-archive-IAP2023-lectures-lecture_06-682b55d570.html","","","","The remote server returned an error: (404) Not Found.","2026-05-10 11:52:52","true"
"url_b1cb76c34b82","https://resources.altium.com/p/pcb-via-design-guidelines","https://resources.altium.com/p/pcb-via-design-guidelines","resources.altium.com","web_page","power_buck_regulators","6_blog_or_general_web","failed","","C:\KICAD_SCRAPE\ingest_v2\raw_html\url_000171-resources.altium.com-p-pcb-via-design-guidelines-3e1fda8754.html","","","","The remote server returned an error: (404) Not Found.","2026-05-10 11:53:08","true"
"url_b27522c1e4a3","https://docs.easyeda.com/en/Import/Import-KiCAD/","https://docs.easyeda.com/en/Import/Import-KiCAD","docs.easyeda.com","web_page","kicad","6_blog_or_general_web","success","C:\KICAD_SCRAPE\ingest_v2\markdown\url_000021-docs.easyeda.com-en-Import-Import-KiCAD-b37bb0e396.md","C:\KICAD_SCRAPE\ingest_v2\raw_html\url_000021-docs.easyeda.com-en-Import-Import-KiCAD-b37bb0e396.html","C:\KICAD_SCRAPE\ingest_v2\markdown\url_000021-docs.easyeda.com-en-Import-Import-KiCAD-b37bb0e396.md","","","","2026-05-10 11:48:17","false"
"url_b304c1d40a3c","https://pcb.mit.edu/archive/IAP2023/lectures/","https://pcb.mit.edu/archive/IAP2023/lectures","pcb.mit.edu","university_training","power_buck_regulators","4_university_training","success","C:\KICAD_SCRAPE\ingest_v2\markdown\url_000155-pcb.mit.edu-archive-IAP2023-lectures-8f0fb8dc80.md","C:\KICAD_SCRAPE\ingest_v2\raw_html\url_000155-pcb.mit.edu-archive-IAP2023-lectures-8f0fb8dc80.html","C:\KICAD_SCRAPE\ingest_v2\markdown\url_000155-pcb.mit.edu-archive-IAP2023-lectures-8f0fb8dc80.md","","","","2026-05-10 11:52:43","false"
"url_b3b8eae47096","https://www.richtek.com/Design%20Support/Technical%20Document/AN025","https://www.richtek.com/Design%20Support/Technical%20Document/AN025","richtek.com","manufacturer","power_buck_regulators","6_blog_or_general_web","success","C:\KICAD_SCRAPE\ingest_v2\markdown\url_000281-richtek.com-Design-20Support-Technical-20Document-AN025-bacfe28448.md","C:\KICAD_SCRAPE\ingest_v2\raw_html\url_000281-richtek.com-Design-20Support-Technical-20Document-AN025-bacfe28448.html","C:\KICAD_SCRAPE\ingest_v2\markdown\url_000281-richtek.com-Design-20Support-Technical-20Document-AN025-bacfe28448.md","","","","2026-05-10 12:29:58","false"
"url_b4a72749223d","https://www.espressif.com/en/support/documents/technical-documents","https://www.espressif.com/en/support/documents/technical-documents","espressif.com","manufacturer","esp32_rf_wifi","6_blog_or_general_web","success","C:\KICAD_SCRAPE\ingest_v2\markdown\url_000215-espressif.com-en-support-documents-technical-documents-cf42338d09.md","C:\KICAD_SCRAPE\ingest_v2\raw_html\url_000215-espressif.com-en-support-documents-technical-documents-cf42338d09.html","C:\KICAD_SCRAPE\ingest_v2\markdown\url_000215-espressif.com-en-support-documents-technical-documents-cf42338d09.md","","","","2026-05-10 12:21:21","false"
"url_b5489e284433","https://jlcpcb.com/help/article/smt-assembly-design-rules","https://jlcpcb.com/help/article/smt-assembly-design-rules","jlcpcb.com","fabricator_dfm","power_buck_regulators","3_fabricator_dfm","success","C:\KICAD_SCRAPE\ingest_v2\markdown\url_000135-jlcpcb.com-help-article-smt-assembly-design-rules-d51e9c22e5.md","C:\KICAD_SCRAPE\ingest_v2\raw_html\url_000135-jlcpcb.com-help-article-smt-assembly-design-rules-d51e9c22e5.html","C:\KICAD_SCRAPE\ingest_v2\markdown\url_000135-jlcpcb.com-help-article-smt-assembly-design-rules-d51e9c22e5.md","","","","2026-05-10 11:51:56","false"
"url_b5eebdf92947","https://www.pcbway.com/pcb_prototype/PCB_Assembly.html","https://www.pcbway.com/pcb_prototype/PCB_Assembly.html","pcbway.com","fabricator_dfm","power_buck_regulators","3_fabricator_dfm","success","C:\KICAD_SCRAPE\ingest_v2\markdown\url_000255-pcbway.com-pcb_prototype-PCB_Assembly.html-50cc6ec5b6.md","C:\KICAD_SCRAPE\ingest_v2\raw_html\url_000255-pcbway.com-pcb_prototype-PCB_Assembly.html-50cc6ec5b6.html","C:\KICAD_SCRAPE\ingest_v2\markdown\url_000255-pcbway.com-pcb_prototype-PCB_Assembly.html-50cc6ec5b6.md","","","","2026-05-10 12:28:33","false"
"url_b60975294f55","https://forum.kicad.info/t/custom-design-rules-examples/43987","https://forum.kicad.info/t/custom-design-rules-examples/43987","forum.kicad.info","peer_review_forum","kicad","5_peer_review","success","C:\KICAD_SCRAPE\ingest_v2\markdown\url_000084-forum.kicad.info-t-custom-design-rules-examples-43987-fa50a4c488.md","C:\KICAD_SCRAPE\ingest_v2\raw_html\url_000084-forum.kicad.info-t-custom-design-rules-examples-43987-fa50a4c488.html","C:\KICAD_SCRAPE\ingest_v2\markdown\url_000084-forum.kicad.info-t-custom-design-rules-examples-43987-fa50a4c488.md","","","","2026-05-10 11:50:10","false"
"url_b65d80d78f69","https://docs.kicad.org/9.0/en/pcbnew/pcbnew.html","https://docs.kicad.org/9.0/en/pcbnew/pcbnew.html","docs.kicad.org","kicad_official","kicad","2_official_kicad","success","C:\KICAD_SCRAPE\ingest_v2\markdown\url_000049-docs.kicad.org-9.0-en-pcbnew-pcbnew.html-e431a7f7f2.md","C:\KICAD_SCRAPE\ingest_v2\raw_html\url_000049-docs.kicad.org-9.0-en-pcbnew-pcbnew.html-e431a7f7f2.html","C:\KICAD_SCRAPE\ingest_v2\markdown\url_000049-docs.kicad.org-9.0-en-pcbnew-pcbnew.html-e431a7f7f2.md","","","","2026-05-10 11:49:10","false"
"url_b7af503c4210","https://learn.sparkfun.com/tutorials/pcb-basics/all","https://learn.sparkfun.com/tutorials/pcb-basics/all","learn.sparkfun.com","web_page","power_buck_regulators","6_blog_or_general_web","success","C:\KICAD_SCRAPE\ingest_v2\markdown\url_000150-learn.sparkfun.com-tutorials-pcb-basics-all-8df7a91c58.md","C:\KICAD_SCRAPE\ingest_v2\raw_html\url_000150-learn.sparkfun.com-tutorials-pcb-basics-all-8df7a91c58.html","C:\KICAD_SCRAPE\ingest_v2\markdown\url_000150-learn.sparkfun.com-tutorials-pcb-basics-all-8df7a91c58.md","","","","2026-05-10 11:52:23","false"
"url_b88f33fe8455","https://dev-docs.kicad.org/en/apis-and-binding/ipc-api/for-kicad-developers/index.html","https://dev-docs.kicad.org/en/apis-and-binding/ipc-api/for-kicad-developers/index.html","dev-docs.kicad.org","kicad_official","kicad","2_official_kicad","success","C:\KICAD_SCRAPE\ingest_v2\markdown\url_000008-dev-docs.kicad.org-en-apis-and-binding-ipc-api-for-kicad-developers-index.html-477c97fc4f.md","C:\KICAD_SCRAPE\ingest_v2\raw_html\url_000008-dev-docs.kicad.org-en-apis-and-binding-ipc-api-for-kicad-developers-index.html-477c97fc4f.html","C:\KICAD_SCRAPE\ingest_v2\markdown\url_000008-dev-docs.kicad.org-en-apis-and-binding-ipc-api-for-kicad-developers-index.html-477c97fc4f.md","","","","2026-05-10 11:47:52","false"
"url_ba4a82759c2e","https://www.reddit.com/r/KiCad/","https://www.reddit.com/r/KiCad","reddit.com","peer_review_forum","kicad","7_low_authority_context","success","C:\KICAD_SCRAPE\ingest_v2\markdown\url_000271-reddit.com-r-KiCad-2ed5242520.md","C:\KICAD_SCRAPE\ingest_v2\raw_html\url_000271-reddit.com-r-KiCad-2ed5242520.html","C:\KICAD_SCRAPE\ingest_v2\markdown\url_000271-reddit.com-r-KiCad-2ed5242520.md","","","","2026-05-10 12:29:38","false"
"url_bb50356e12fe","https://www.wch-ic.com/products/CH32V203.html","https://www.wch-ic.com/products/CH32V203.html","wch-ic.com","web_page","power_buck_regulators","6_blog_or_general_web","success","C:\KICAD_SCRAPE\ingest_v2\markdown\url_000321-wch-ic.com-products-CH32V203.html-6e4c8665ee.md","C:\KICAD_SCRAPE\ingest_v2\raw_html\url_000321-wch-ic.com-products-CH32V203.html-6e4c8665ee.html","C:\KICAD_SCRAPE\ingest_v2\markdown\url_000321-wch-ic.com-products-CH32V203.html-6e4c8665ee.md","","","","2026-05-10 12:37:47","false"
"url_bb92e8125369","https://www.espressif.com/en/products/modules","https://www.espressif.com/en/products/modules","espressif.com","manufacturer","esp32_rf_wifi","6_blog_or_general_web","success","C:\KICAD_SCRAPE\ingest_v2\markdown\url_000211-espressif.com-en-products-modules-9f2bf9253e.md","C:\KICAD_SCRAPE\ingest_v2\raw_html\url_000211-espressif.com-en-products-modules-9f2bf9253e.html","C:\KICAD_SCRAPE\ingest_v2\markdown\url_000211-espressif.com-en-products-modules-9f2bf9253e.md","","","","2026-05-10 12:21:13","false"
"url_bd05c4cfe59a","https://docs.kicad.org/kicad-python-main/kicad.html","https://docs.kicad.org/kicad-python-main/kicad.html","docs.kicad.org","kicad_official","kicad","2_official_kicad","success","C:\KICAD_SCRAPE\ingest_v2\markdown\url_000057-docs.kicad.org-kicad-python-main-kicad.html-2f14c4e63c.md","C:\KICAD_SCRAPE\ingest_v2\raw_html\url_000057-docs.kicad.org-kicad-python-main-kicad.html-2f14c4e63c.html","C:\KICAD_SCRAPE\ingest_v2\markdown\url_000057-docs.kicad.org-kicad-python-main-kicad.html-2f14c4e63c.md","","","","2026-05-10 11:49:25","false"
"url_bd3253de4fc5","https://jlcpcb.com/pcb-assembly","https://jlcpcb.com/pcb-assembly","jlcpcb.com","fabricator_dfm","power_buck_regulators","3_fabricator_dfm","success","C:\KICAD_SCRAPE\ingest_v2\markdown\url_000139-jlcpcb.com-pcb-assembly-389341c6ac.md","C:\KICAD_SCRAPE\ingest_v2\raw_html\url_000139-jlcpcb.com-pcb-assembly-389341c6ac.html","C:\KICAD_SCRAPE\ingest_v2\markdown\url_000139-jlcpcb.com-pcb-assembly-389341c6ac.md","","","","2026-05-10 11:52:04","false"
"url_be5017b663a9","https://docs.kicad.org/doxygen-python-9.0/classpcbnew_1_1BOARD.html","https://docs.kicad.org/doxygen-python-9.0/classpcbnew_1_1BOARD.html","docs.kicad.org","kicad_official","kicad","2_official_kicad","success","C:\KICAD_SCRAPE\ingest_v2\markdown\url_000051-docs.kicad.org-doxygen-python-9.0-classpcbnew_1_1BOARD.html-8d7f4d9c49.md","C:\KICAD_SCRAPE\ingest_v2\raw_html\url_000051-docs.kicad.org-doxygen-python-9.0-classpcbnew_1_1BOARD.html-8d7f4d9c49.html","C:\KICAD_SCRAPE\ingest_v2\markdown\url_000051-docs.kicad.org-doxygen-python-9.0-classpcbnew_1_1BOARD.html-8d7f4d9c49.md","","","","2026-05-10 11:49:14","false"
"url_bec3e844c49d","https://datasheets.raspberrypi.com/rp2040/rp2040-datasheet.pdf","https://datasheets.raspberrypi.com/rp2040/rp2040-datasheet.pdf","datasheets.raspberrypi.com","pdf","power_buck_regulators","1_official_manufacturer_datasheet_or_app_note","success","C:\KICAD_SCRAPE\ingest_v2\pdf\url_000004-datasheets.raspberrypi.com-rp2040-rp2040-datasheet.pdf-542206760e.pdf","C:\KICAD_SCRAPE\ingest_v2\raw_html\url_000004-datasheets.raspberrypi.com-rp2040-rp2040-datasheet.pdf-542206760e.html","","C:\KICAD_SCRAPE\ingest_v2\pdf\url_000004-datasheets.raspberrypi.com-rp2040-rp2040-datasheet.pdf-542206760e.pdf","C:\KICAD_SCRAPE\ingest_v2\extracted_pdf_markdown\url_000004-datasheets.raspberrypi.com-rp2040-rp2040-datasheet.pdf-542206760e.pdf.md","","2026-05-10 11:46:52","false"
"url_bed7a4748a71","https://gitlab.com/kicad/code/kicad/-/tree/master/pcbnew/swig","https://gitlab.com/kicad/code/kicad/-/tree/master/pcbnew/swig","gitlab.com","kicad_official","kicad","2_official_kicad","success","C:\KICAD_SCRAPE\ingest_v2\markdown\url_000097-gitlab.com-kicad-code-kicad-tree-master-pcbnew-swig-8c24bd40a7.md","C:\KICAD_SCRAPE\ingest_v2\raw_html\url_000097-gitlab.com-kicad-code-kicad-tree-master-pcbnew-swig-8c24bd40a7.html","C:\KICAD_SCRAPE\ingest_v2\markdown\url_000097-gitlab.com-kicad-code-kicad-tree-master-pcbnew-swig-8c24bd40a7.md","","","","2026-05-10 11:50:48","false"
"url_bf4669915d92","https://www.chemandy.com/calculators/microstrip-calculator.htm","https://www.chemandy.com/calculators/microstrip-calculator.htm","chemandy.com","web_page","power_buck_regulators","6_blog_or_general_web","failed","","C:\KICAD_SCRAPE\ingest_v2\raw_html\url_000196-chemandy.com-calculators-microstrip-calculator.htm-4aac717083.html","","","","The remote server returned an error: (404) Not Found.","2026-05-10 12:14:46","true"
"url_bfe159575cde","https://www.omnicalculator.com/other/pcb-trace-width","https://www.omnicalculator.com/other/pcb-trace-width","omnicalculator.com","web_page","power_buck_regulators","6_blog_or_general_web","success","C:\KICAD_SCRAPE\ingest_v2\markdown\url_000249-omnicalculator.com-other-pcb-trace-width-c798b4e237.md","C:\KICAD_SCRAPE\ingest_v2\raw_html\url_000249-omnicalculator.com-other-pcb-trace-width-c798b4e237.html","C:\KICAD_SCRAPE\ingest_v2\markdown\url_000249-omnicalculator.com-other-pcb-trace-width-c798b4e237.md","","","","2026-05-10 12:25:24","false"
"url_c031d549f34b","https://www.richtek.com/Design%20Support/Technical%20Document/AN005","https://www.richtek.com/Design%20Support/Technical%20Document/AN005","richtek.com","manufacturer","power_buck_regulators","6_blog_or_general_web","success","C:\KICAD_SCRAPE\ingest_v2\markdown\url_000279-richtek.com-Design-20Support-Technical-20Document-AN005-b6a105f5ef.md","C:\KICAD_SCRAPE\ingest_v2\raw_html\url_000279-richtek.com-Design-20Support-Technical-20Document-AN005-b6a105f5ef.html","C:\KICAD_SCRAPE\ingest_v2\markdown\url_000279-richtek.com-Design-20Support-Technical-20Document-AN005-b6a105f5ef.md","","","","2026-05-10 12:29:54","false"
"url_c03214a79d02","https://www.ti.com/lit/an/slvae09/slvae09.pdf","https://www.ti.com/lit/an/slvae09/slvae09.pdf","ti.com","pdf","power_buck_regulators","1_official_manufacturer_datasheet_or_app_note","success","C:\KICAD_SCRAPE\ingest_v2\pdf\url_000298-ti.com-lit-an-slvae09-slvae09.pdf-2da0648d18.pdf","C:\KICAD_SCRAPE\ingest_v2\raw_html\url_000298-ti.com-lit-an-slvae09-slvae09.pdf-2da0648d18.html","","C:\KICAD_SCRAPE\ingest_v2\pdf\url_000298-ti.com-lit-an-slvae09-slvae09.pdf-2da0648d18.pdf","C:\KICAD_SCRAPE\ingest_v2\extracted_pdf_markdown\url_000298-ti.com-lit-an-slvae09-slvae09.pdf-2da0648d18.pdf.md","","2026-05-10 12:36:35","false"
"url_c12e33c02a37","https://electronics.stackexchange.com/questions/tagged/switching-regulator","https://electronics.stackexchange.com/questions/tagged/switching-regulator","electronics.stackexchange.com","peer_review_forum","power_buck_regulators","5_peer_review","success","C:\KICAD_SCRAPE\ingest_v2\markdown\url_000077-electronics.stackexchange.com-questions-tagged-switching-regulator-1d5381a35a.md","C:\KICAD_SCRAPE\ingest_v2\raw_html\url_000077-electronics.stackexchange.com-questions-tagged-switching-regulator-1d5381a35a.html","C:\KICAD_SCRAPE\ingest_v2\markdown\url_000077-electronics.stackexchange.com-questions-tagged-switching-regulator-1d5381a35a.md","","","","2026-05-10 11:49:57","false"
"url_c1e35f28597c","https://www.nxp.com/docs/en/application-note/AN11178.pdf","https://www.nxp.com/docs/en/application-note/AN11178.pdf","nxp.com","pdf","power_buck_regulators","1_official_manufacturer_datasheet_or_app_note","failed","","C:\KICAD_SCRAPE\ingest_v2\raw_html\url_000246-nxp.com-docs-en-application-note-AN11178.pdf-455eb97f3b.html","","","","The remote server returned an error: (404) Not Found.","2026-05-10 12:25:14","true"
"url_c2fa71d9da6a","https://docs.kicad.org/kicad-python-main/pcbnew.html","https://docs.kicad.org/kicad-python-main/pcbnew.html","docs.kicad.org","kicad_official","kicad","2_official_kicad","failed","","C:\KICAD_SCRAPE\ingest_v2\raw_html\url_000058-docs.kicad.org-kicad-python-main-pcbnew.html-6899e23805.html","","","","The remote server returned an error: (404) Not Found.","2026-05-10 11:49:26","true"
"url_c3223d1b1e0d","https://resources.altium.com/p/how-to-use-ground-pour-on-pcb","https://resources.altium.com/p/how-to-use-ground-pour-on-pcb","resources.altium.com","web_page","power_buck_regulators","6_blog_or_general_web","failed","","C:\KICAD_SCRAPE\ingest_v2\raw_html\url_000169-resources.altium.com-p-how-to-use-ground-pour-on-pcb-90172dccf7.html","","","","The remote server returned an error: (404) Not Found.","2026-05-10 11:53:05","true"
"url_c34a95503dbc","https://www.richtek.com/Design%20Support/Technical%20Document/AN006","https://www.richtek.com/Design%20Support/Technical%20Document/AN006","richtek.com","manufacturer","power_buck_regulators","6_blog_or_general_web","success","C:\KICAD_SCRAPE\ingest_v2\markdown\url_000280-richtek.com-Design-20Support-Technical-20Document-AN006-f1a9650ccb.md","C:\KICAD_SCRAPE\ingest_v2\raw_html\url_000280-richtek.com-Design-20Support-Technical-20Document-AN006-f1a9650ccb.html","C:\KICAD_SCRAPE\ingest_v2\markdown\url_000280-richtek.com-Design-20Support-Technical-20Document-AN006-f1a9650ccb.md","","","","2026-05-10 12:29:56","false"
"url_c3c704ca1a8e","https://www.eeweb.com/tools/external-pcb-trace-max-current/","https://www.eeweb.com/tools/external-pcb-trace-max-current","eeweb.com","web_page","power_buck_regulators","6_blog_or_general_web","failed","","C:\KICAD_SCRAPE\ingest_v2\raw_html\url_000209-eeweb.com-tools-external-pcb-trace-max-current-1837808f3c.html","","","","The operation has timed out.","2026-05-10 12:18:09","true"
"url_c44bc2f09700","https://jlcpcb.com/help/article/controlled-impedance-pcb","https://jlcpcb.com/help/article/controlled-impedance-pcb","jlcpcb.com","fabricator_dfm","power_buck_regulators","3_fabricator_dfm","success","C:\KICAD_SCRAPE\ingest_v2\markdown\url_000120-jlcpcb.com-help-article-controlled-impedance-pcb-8e1489edeb.md","C:\KICAD_SCRAPE\ingest_v2\raw_html\url_000120-jlcpcb.com-help-article-controlled-impedance-pcb-8e1489edeb.html","C:\KICAD_SCRAPE\ingest_v2\markdown\url_000120-jlcpcb.com-help-article-controlled-impedance-pcb-8e1489edeb.md","","","","2026-05-10 11:51:28","false"
"url_c4acf101efc2","https://electronics.stackexchange.com/questions/tagged/esp32","https://electronics.stackexchange.com/questions/tagged/esp32","electronics.stackexchange.com","peer_review_forum","esp32_rf_wifi","5_peer_review","success","C:\KICAD_SCRAPE\ingest_v2\markdown\url_000068-electronics.stackexchange.com-questions-tagged-esp32-7982b269ca.md","C:\KICAD_SCRAPE\ingest_v2\raw_html\url_000068-electronics.stackexchange.com-questions-tagged-esp32-7982b269ca.html","C:\KICAD_SCRAPE\ingest_v2\markdown\url_000068-electronics.stackexchange.com-questions-tagged-esp32-7982b269ca.md","","","","2026-05-10 11:49:41","false"
"url_c56075e978d8","https://jlcpcb.com/parts","https://jlcpcb.com/parts","jlcpcb.com","fabricator_dfm","power_buck_regulators","3_fabricator_dfm","success","C:\KICAD_SCRAPE\ingest_v2\markdown\url_000138-jlcpcb.com-parts-7faaf3e096.md","C:\KICAD_SCRAPE\ingest_v2\raw_html\url_000138-jlcpcb.com-parts-7faaf3e096.html","C:\KICAD_SCRAPE\ingest_v2\markdown\url_000138-jlcpcb.com-parts-7faaf3e096.md","","","","2026-05-10 11:52:02","false"
"url_c5d33bb49831","https://jlcpcb.com/capabilities/pcb-capabilities","https://jlcpcb.com/capabilities/pcb-capabilities","jlcpcb.com","fabricator_dfm","power_buck_regulators","3_fabricator_dfm","success","C:\KICAD_SCRAPE\ingest_v2\markdown\url_000117-jlcpcb.com-capabilities-pcb-capabilities-22608f4d32.md","C:\KICAD_SCRAPE\ingest_v2\raw_html\url_000117-jlcpcb.com-capabilities-pcb-capabilities-22608f4d32.html","C:\KICAD_SCRAPE\ingest_v2\markdown\url_000117-jlcpcb.com-capabilities-pcb-capabilities-22608f4d32.md","","","","2026-05-10 11:51:23","false"
"url_c6b63ef82562","https://www.espressif.com/en/products/socs","https://www.espressif.com/en/products/socs","espressif.com","manufacturer","esp32_rf_wifi","6_blog_or_general_web","success","C:\KICAD_SCRAPE\ingest_v2\markdown\url_000213-espressif.com-en-products-socs-85555b3850.md","C:\KICAD_SCRAPE\ingest_v2\raw_html\url_000213-espressif.com-en-products-socs-85555b3850.html","C:\KICAD_SCRAPE\ingest_v2\markdown\url_000213-espressif.com-en-products-socs-85555b3850.md","","","","2026-05-10 12:21:17","false"
"url_c75b77f65a39","https://www.microchip.com/en-us/application-notes/an1953","https://www.microchip.com/en-us/application-notes/an1953","microchip.com","manufacturer","power_buck_regulators","6_blog_or_general_web","failed","","C:\KICAD_SCRAPE\ingest_v2\raw_html\url_000234-microchip.com-en-us-application-notes-an1953-2dbd9dc2bc.html","","","","The remote server returned an error: (403) Forbidden.","2026-05-10 12:25:00","true"
"url_c8692ba1f931","https://www.pcbway.com/capabilities.html","https://www.pcbway.com/capabilities.html","pcbway.com","fabricator_dfm","power_buck_regulators","3_fabricator_dfm","success","C:\KICAD_SCRAPE\ingest_v2\markdown\url_000254-pcbway.com-capabilities.html-318ba95088.md","C:\KICAD_SCRAPE\ingest_v2\raw_html\url_000254-pcbway.com-capabilities.html-318ba95088.html","C:\KICAD_SCRAPE\ingest_v2\markdown\url_000254-pcbway.com-capabilities.html-318ba95088.md","","","","2026-05-10 12:28:31","false"
"url_c93867c996aa","https://www.usb.org/document-library/usb-power-delivery","https://www.usb.org/document-library/usb-power-delivery","usb.org","web_page","usb_c_high_speed_esd","6_blog_or_general_web","success","C:\KICAD_SCRAPE\ingest_v2\markdown\url_000316-usb.org-document-library-usb-power-delivery-8149d3a74e.md","C:\KICAD_SCRAPE\ingest_v2\raw_html\url_000316-usb.org-document-library-usb-power-delivery-8149d3a74e.html","C:\KICAD_SCRAPE\ingest_v2\markdown\url_000316-usb.org-document-library-usb-power-delivery-8149d3a74e.md","","","","2026-05-10 12:37:40","false"
"url_ca9822f56213","https://www.analog.com/en/resources/app-notes/an-139.html","https://www.analog.com/en/resources/app-notes/an-139.html","analog.com","manufacturer","power_buck_regulators","6_blog_or_general_web","failed","","C:\KICAD_SCRAPE\ingest_v2\raw_html\url_000193-analog.com-en-resources-app-notes-an-139.html-75e93c6cbb.html","","","","The operation has timed out.","2026-05-10 12:08:42","true"
"url_cb2ba937c143","https://www.pcbway.com/blog/PCB_Design_Layout/USB_Type_C_PCB_Design_Guidelines_Layout_and_Routing_Best_Practices_55bc0c39.html","https://www.pcbway.com/blog/PCB_Design_Layout/USB_Type_C_PCB_Design_Guidelines_Layout_and_Routing_Best_Practices_55bc0c39.html","pcbway.com","fabricator_dfm","usb_c_high_speed_esd","3_fabricator_dfm","success","C:\KICAD_SCRAPE\ingest_v2\markdown\url_000253-pcbway.com-blog-PCB_Design_Layout-USB_Type_C_PCB_Design_Guidelines_Layout_and_Routing_Best_Practices_55bc0c39.html-9fe391bfdc.md","C:\KICAD_SCRAPE\ingest_v2\raw_html\url_000253-pcbway.com-blog-PCB_Design_Layout-USB_Type_C_PCB_Design_Guidelines_Layout_and_Routing_Best_Practices_55bc0c39.html-9fe391bfdc.html","C:\KICAD_SCRAPE\ingest_v2\markdown\url_000253-pcbway.com-blog-PCB_Design_Layout-USB_Type_C_PCB_Design_Guidelines_Layout_and_Routing_Best_Practices_55bc0c39.html-9fe391bfdc.md","","","","2026-05-10 12:28:29","false"
"url_ce215924db6e","https://www.ti.com/lit/an/snva803/snva803.pdf","https://www.ti.com/lit/an/snva803/snva803.pdf","ti.com","pdf","power_buck_regulators","1_official_manufacturer_datasheet_or_app_note","success","C:\KICAD_SCRAPE\ingest_v2\pdf\url_000303-ti.com-lit-an-snva803-snva803.pdf-74375d6d5d.pdf","C:\KICAD_SCRAPE\ingest_v2\raw_html\url_000303-ti.com-lit-an-snva803-snva803.pdf-74375d6d5d.html","","C:\KICAD_SCRAPE\ingest_v2\pdf\url_000303-ti.com-lit-an-snva803-snva803.pdf-74375d6d5d.pdf","C:\KICAD_SCRAPE\ingest_v2\extracted_pdf_markdown\url_000303-ti.com-lit-an-snva803-snva803.pdf-74375d6d5d.pdf.md","","2026-05-10 12:36:46","false"
"url_cf3b1b5ea5bb","https://gitlab.com/kicad/code/kicad/-/tree/master/pcbnew","https://gitlab.com/kicad/code/kicad/-/tree/master/pcbnew","gitlab.com","kicad_official","kicad","2_official_kicad","success","C:\KICAD_SCRAPE\ingest_v2\markdown\url_000096-gitlab.com-kicad-code-kicad-tree-master-pcbnew-5ada154393.md","C:\KICAD_SCRAPE\ingest_v2\raw_html\url_000096-gitlab.com-kicad-code-kicad-tree-master-pcbnew-5ada154393.html","C:\KICAD_SCRAPE\ingest_v2\markdown\url_000096-gitlab.com-kicad-code-kicad-tree-master-pcbnew-5ada154393.md","","","","2026-05-10 11:50:47","false"
"url_cfef360c2791","https://www.eeweb.com/tools/microstrip-impedance/","https://www.eeweb.com/tools/microstrip-impedance","eeweb.com","web_page","power_buck_regulators","6_blog_or_general_web","failed","","C:\KICAD_SCRAPE\ingest_v2\raw_html\url_000210-eeweb.com-tools-microstrip-impedance-54eb296de8.html","","","","The operation has timed out.","2026-05-10 12:21:10","true"
"url_d0af90add39e","https://assets.nexperia.com/documents/application-note/AN11622.pdf","https://assets.nexperia.com/documents/application-note/AN11622.pdf","assets.nexperia.com","pdf","power_buck_regulators","1_official_manufacturer_datasheet_or_app_note","success","C:\KICAD_SCRAPE\ingest_v2\pdf\url_000002-assets.nexperia.com-documents-application-note-AN11622.pdf-f987dfddb6.pdf","C:\KICAD_SCRAPE\ingest_v2\raw_html\url_000002-assets.nexperia.com-documents-application-note-AN11622.pdf-f987dfddb6.html","","C:\KICAD_SCRAPE\ingest_v2\pdf\url_000002-assets.nexperia.com-documents-application-note-AN11622.pdf-f987dfddb6.pdf","C:\KICAD_SCRAPE\ingest_v2\extracted_pdf_markdown\url_000002-assets.nexperia.com-documents-application-note-AN11622.pdf-f987dfddb6.pdf.md","","2026-05-10 11:46:14","false"
"url_d0c1dc51f13b","https://www.eurocircuits.com/technical-guidelines/pcb-design-guidelines/","https://www.eurocircuits.com/technical-guidelines/pcb-design-guidelines","eurocircuits.com","fabricator_dfm","power_buck_regulators","3_fabricator_dfm","success","C:\KICAD_SCRAPE\ingest_v2\markdown\url_000229-eurocircuits.com-technical-guidelines-pcb-design-guidelines-cf39696e07.md","C:\KICAD_SCRAPE\ingest_v2\raw_html\url_000229-eurocircuits.com-technical-guidelines-pcb-design-guidelines-cf39696e07.html","C:\KICAD_SCRAPE\ingest_v2\markdown\url_000229-eurocircuits.com-technical-guidelines-pcb-design-guidelines-cf39696e07.md","","","","2026-05-10 12:24:53","false"
"url_d193d74ba8bd","https://www.protoexpress.com/kb/dfm-rules/","https://www.protoexpress.com/kb/dfm-rules","protoexpress.com","fabricator_dfm","power_buck_regulators","3_fabricator_dfm","success","C:\KICAD_SCRAPE\ingest_v2\markdown\url_000264-protoexpress.com-kb-dfm-rules-b2eedbb1d7.md","C:\KICAD_SCRAPE\ingest_v2\raw_html\url_000264-protoexpress.com-kb-dfm-rules-b2eedbb1d7.html","C:\KICAD_SCRAPE\ingest_v2\markdown\url_000264-protoexpress.com-kb-dfm-rules-b2eedbb1d7.md","","","","2026-05-10 12:29:15","false"
"url_d1d64b22e79e","https://www.eevblog.com/forum/eda/","https://www.eevblog.com/forum/eda","eevblog.com","peer_review_forum","power_buck_regulators","5_peer_review","failed","","C:\KICAD_SCRAPE\ingest_v2\raw_html\url_000201-eevblog.com-forum-eda-1dacf72b5b.html","","","","The remote server returned an error: (404) Not Found.","2026-05-10 12:14:52","true"
"url_d4262a3885c1","https://www.espressif.com/sites/default/files/documentation/esp32-c3_technical_reference_manual_en.pdf","https://www.espressif.com/sites/default/files/documentation/esp32-c3_technical_reference_manual_en.pdf","espressif.com","pdf","esp32_rf_wifi","1_official_manufacturer_datasheet_or_app_note","success","C:\KICAD_SCRAPE\ingest_v2\pdf\url_000219-espressif.com-sites-default-files-documentation-esp32-c3_technical_reference_manual_en.pdf-47a0923087.pdf","C:\KICAD_SCRAPE\ingest_v2\raw_html\url_000219-espressif.com-sites-default-files-documentation-esp32-c3_technical_reference_manual_en.pdf-47a0923087.html","","C:\KICAD_SCRAPE\ingest_v2\pdf\url_000219-espressif.com-sites-default-files-documentation-esp32-c3_technical_reference_manual_en.pdf-47a0923087.pdf","C:\KICAD_SCRAPE\ingest_v2\extracted_pdf_markdown\url_000219-espressif.com-sites-default-files-documentation-esp32-c3_technical_reference_manual_en.pdf-47a0923087.pdf.md","","2026-05-10 12:22:41","false"
"url_d5a7c213827b","https://jlcpcb.com/help/article/pcb-panelization","https://jlcpcb.com/help/article/pcb-panelization","jlcpcb.com","fabricator_dfm","power_buck_regulators","3_fabricator_dfm","success","C:\KICAD_SCRAPE\ingest_v2\markdown\url_000131-jlcpcb.com-help-article-pcb-panelization-3a244f3879.md","C:\KICAD_SCRAPE\ingest_v2\raw_html\url_000131-jlcpcb.com-help-article-pcb-panelization-3a244f3879.html","C:\KICAD_SCRAPE\ingest_v2\markdown\url_000131-jlcpcb.com-help-article-pcb-panelization-3a244f3879.md","","","","2026-05-10 11:51:49","false"
"url_d6d954f7beb7","https://docs.espressif.com/projects/esp-hardware-design-guidelines/en/latest/esp32s3/schematic-checklist.html","https://docs.espressif.com/projects/esp-hardware-design-guidelines/en/latest/esp32s3/schematic-checklist.html","docs.espressif.com","manufacturer","esp32_rf_wifi","6_blog_or_general_web","success","C:\KICAD_SCRAPE\ingest_v2\markdown\url_000030-docs.espressif.com-projects-esp-hardware-design-guidelines-en-latest-esp32s3-schematic-checklist.html-c5f06f9858.md","C:\KICAD_SCRAPE\ingest_v2\raw_html\url_000030-docs.espressif.com-projects-esp-hardware-design-guidelines-en-latest-esp32s3-schematic-checklist.html-c5f06f9858.html","C:\KICAD_SCRAPE\ingest_v2\markdown\url_000030-docs.espressif.com-projects-esp-hardware-design-guidelines-en-latest-esp32s3-schematic-checklist.html-c5f06f9858.md","","","","2026-05-10 11:48:32","false"
"url_d71ed7f0c946","https://dev-docs.kicad.org/en/file-formats/sexpr-footprint/index.html","https://dev-docs.kicad.org/en/file-formats/sexpr-footprint/index.html","dev-docs.kicad.org","kicad_official","kicad","2_official_kicad","success","C:\KICAD_SCRAPE\ingest_v2\markdown\url_000012-dev-docs.kicad.org-en-file-formats-sexpr-footprint-index.html-5313a1dd27.md","C:\KICAD_SCRAPE\ingest_v2\raw_html\url_000012-dev-docs.kicad.org-en-file-formats-sexpr-footprint-index.html-5313a1dd27.html","C:\KICAD_SCRAPE\ingest_v2\markdown\url_000012-dev-docs.kicad.org-en-file-formats-sexpr-footprint-index.html-5313a1dd27.md","","","","2026-05-10 11:47:57","false"
"url_d7232bf2f1d4","https://pcb.mit.edu/archive/IAP2023/lectures/lecture_01/","https://pcb.mit.edu/archive/IAP2023/lectures/lecture_01","pcb.mit.edu","university_training","power_buck_regulators","4_university_training","success","C:\KICAD_SCRAPE\ingest_v2\markdown\url_000156-pcb.mit.edu-archive-IAP2023-lectures-lecture_01-acce29b500.md","C:\KICAD_SCRAPE\ingest_v2\raw_html\url_000156-pcb.mit.edu-archive-IAP2023-lectures-lecture_01-acce29b500.html","C:\KICAD_SCRAPE\ingest_v2\markdown\url_000156-pcb.mit.edu-archive-IAP2023-lectures-lecture_01-acce29b500.md","","","","2026-05-10 11:52:44","false"
"url_d9395d8f28a4","https://www.monolithicpower.com/en/learning/resources/how-to-design-a-buck-converter","https://www.monolithicpower.com/en/learning/resources/how-to-design-a-buck-converter","monolithicpower.com","manufacturer","power_buck_regulators","6_blog_or_general_web","success","C:\KICAD_SCRAPE\ingest_v2\markdown\url_000236-monolithicpower.com-en-learning-resources-how-to-design-a-buck-converter-38507beed1.md","C:\KICAD_SCRAPE\ingest_v2\raw_html\url_000236-monolithicpower.com-en-learning-resources-how-to-design-a-buck-converter-38507beed1.html","C:\KICAD_SCRAPE\ingest_v2\markdown\url_000236-monolithicpower.com-en-learning-resources-how-to-design-a-buck-converter-38507beed1.md","","","","2026-05-10 12:25:03","false"
"url_d9f986b4a962","https://electronics.stackexchange.com/questions/tagged/rf","https://electronics.stackexchange.com/questions/tagged/rf","electronics.stackexchange.com","peer_review_forum","power_buck_regulators","5_peer_review","success","C:\KICAD_SCRAPE\ingest_v2\markdown\url_000075-electronics.stackexchange.com-questions-tagged-rf-e0beb0356d.md","C:\KICAD_SCRAPE\ingest_v2\raw_html\url_000075-electronics.stackexchange.com-questions-tagged-rf-e0beb0356d.html","C:\KICAD_SCRAPE\ingest_v2\markdown\url_000075-electronics.stackexchange.com-questions-tagged-rf-e0beb0356d.md","","","","2026-05-10 11:49:53","false"
"url_daa8cb800c99","https://electronics.stackexchange.com/questions/tagged/usb","https://electronics.stackexchange.com/questions/tagged/usb","electronics.stackexchange.com","peer_review_forum","usb_c_high_speed_esd","5_peer_review","success","C:\KICAD_SCRAPE\ingest_v2\markdown\url_000078-electronics.stackexchange.com-questions-tagged-usb-f7b3751360.md","C:\KICAD_SCRAPE\ingest_v2\raw_html\url_000078-electronics.stackexchange.com-questions-tagged-usb-f7b3751360.html","C:\KICAD_SCRAPE\ingest_v2\markdown\url_000078-electronics.stackexchange.com-questions-tagged-usb-f7b3751360.md","","","","2026-05-10 11:49:59","false"
"url_dbefc02b2c8d","https://dev-docs.kicad.org/en/apis-and-binding/pcbnew/index.html","https://dev-docs.kicad.org/en/apis-and-binding/pcbnew/index.html","dev-docs.kicad.org","kicad_official","kicad","2_official_kicad","success","C:\KICAD_SCRAPE\ingest_v2\markdown\url_000010-dev-docs.kicad.org-en-apis-and-binding-pcbnew-index.html-f5b4f9d587.md","C:\KICAD_SCRAPE\ingest_v2\raw_html\url_000010-dev-docs.kicad.org-en-apis-and-binding-pcbnew-index.html-f5b4f9d587.html","C:\KICAD_SCRAPE\ingest_v2\markdown\url_000010-dev-docs.kicad.org-en-apis-and-binding-pcbnew-index.html-f5b4f9d587.md","","","","2026-05-10 11:47:55","false"
"url_dd242b10697a","https://jlcpcb.com/help/article/pcb-assembly-capabilities","https://jlcpcb.com/help/article/pcb-assembly-capabilities","jlcpcb.com","fabricator_dfm","power_buck_regulators","3_fabricator_dfm","success","C:\KICAD_SCRAPE\ingest_v2\markdown\url_000127-jlcpcb.com-help-article-pcb-assembly-capabilities-f99eb83819.md","C:\KICAD_SCRAPE\ingest_v2\raw_html\url_000127-jlcpcb.com-help-article-pcb-assembly-capabilities-f99eb83819.html","C:\KICAD_SCRAPE\ingest_v2\markdown\url_000127-jlcpcb.com-help-article-pcb-assembly-capabilities-f99eb83819.md","","","","2026-05-10 11:51:41","false"
"url_df2fe7ce2e37","https://docs.espressif.com/projects/esp-hardware-design-guidelines/en/latest/esp32s3/download-guidelines.html","https://docs.espressif.com/projects/esp-hardware-design-guidelines/en/latest/esp32s3/download-guidelines.html","docs.espressif.com","manufacturer","esp32_rf_wifi","6_blog_or_general_web","success","C:\KICAD_SCRAPE\ingest_v2\markdown\url_000027-docs.espressif.com-projects-esp-hardware-design-guidelines-en-latest-esp32s3-download-guidelines.html-d780942248.md","C:\KICAD_SCRAPE\ingest_v2\raw_html\url_000027-docs.espressif.com-projects-esp-hardware-design-guidelines-en-latest-esp32s3-download-guidelines.html-d780942248.html","C:\KICAD_SCRAPE\ingest_v2\markdown\url_000027-docs.espressif.com-projects-esp-hardware-design-guidelines-en-latest-esp32s3-download-guidelines.html-d780942248.md","","","","2026-05-10 11:48:27","false"
"url_e2ced8d9d4fe","https://dev-docs.kicad.org/en/file-formats/sexpr-intro/index.html","https://dev-docs.kicad.org/en/file-formats/sexpr-intro/index.html","dev-docs.kicad.org","kicad_official","kicad","2_official_kicad","success","C:\KICAD_SCRAPE\ingest_v2\markdown\url_000013-dev-docs.kicad.org-en-file-formats-sexpr-intro-index.html-f89643744c.md","C:\KICAD_SCRAPE\ingest_v2\raw_html\url_000013-dev-docs.kicad.org-en-file-formats-sexpr-intro-index.html-f89643744c.html","C:\KICAD_SCRAPE\ingest_v2\markdown\url_000013-dev-docs.kicad.org-en-file-formats-sexpr-intro-index.html-f89643744c.md","","","","2026-05-10 11:47:59","false"
"url_e3ae111962b4","https://www.snapeda.com/kicad/","https://www.snapeda.com/kicad","snapeda.com","web_page","kicad","6_blog_or_general_web","success","C:\KICAD_SCRAPE\ingest_v2\markdown\url_000288-snapeda.com-kicad-ee6a1ac3a8.md","C:\KICAD_SCRAPE\ingest_v2\raw_html\url_000288-snapeda.com-kicad-ee6a1ac3a8.html","C:\KICAD_SCRAPE\ingest_v2\markdown\url_000288-snapeda.com-kicad-ee6a1ac3a8.md","","","","2026-05-10 12:30:16","false"
"url_e3be44b28ce7","https://www.snapeda.com/about/import/","https://www.snapeda.com/about/import","snapeda.com","web_page","power_buck_regulators","6_blog_or_general_web","success","C:\KICAD_SCRAPE\ingest_v2\markdown\url_000287-snapeda.com-about-import-566af6d196.md","C:\KICAD_SCRAPE\ingest_v2\raw_html\url_000287-snapeda.com-about-import-566af6d196.html","C:\KICAD_SCRAPE\ingest_v2\markdown\url_000287-snapeda.com-about-import-566af6d196.md","","","","2026-05-10 12:30:15","false"
"url_e43a02f855ab","https://docs.kicad.org/doxygen-python-9.0/","https://docs.kicad.org/doxygen-python-9.0","docs.kicad.org","kicad_official","kicad","2_official_kicad","success","C:\KICAD_SCRAPE\ingest_v2\markdown\url_000050-docs.kicad.org-doxygen-python-9.0-24bfada911.md","C:\KICAD_SCRAPE\ingest_v2\raw_html\url_000050-docs.kicad.org-doxygen-python-9.0-24bfada911.html","C:\KICAD_SCRAPE\ingest_v2\markdown\url_000050-docs.kicad.org-doxygen-python-9.0-24bfada911.md","","","","2026-05-10 11:49:11","false"
"url_e5633428d198","https://www.ti.com/lit/ds/symlink/tps62135.pdf","https://www.ti.com/lit/ds/symlink/tps62135.pdf","ti.com","pdf","power_buck_regulators","1_official_manufacturer_datasheet_or_app_note","success","C:\KICAD_SCRAPE\ingest_v2\pdf\url_000309-ti.com-lit-ds-symlink-tps62135.pdf-3fad5d5c9e.pdf","C:\KICAD_SCRAPE\ingest_v2\raw_html\url_000309-ti.com-lit-ds-symlink-tps62135.pdf-3fad5d5c9e.html","","C:\KICAD_SCRAPE\ingest_v2\pdf\url_000309-ti.com-lit-ds-symlink-tps62135.pdf-3fad5d5c9e.pdf","C:\KICAD_SCRAPE\ingest_v2\extracted_pdf_markdown\url_000309-ti.com-lit-ds-symlink-tps62135.pdf-3fad5d5c9e.pdf.md","","2026-05-10 12:37:15","false"
"url_e7113ed5f5ae","https://www.wch-ic.com/products/CH32V003.html","https://www.wch-ic.com/products/CH32V003.html","wch-ic.com","web_page","power_buck_regulators","6_blog_or_general_web","success","C:\KICAD_SCRAPE\ingest_v2\markdown\url_000320-wch-ic.com-products-CH32V003.html-78bcb0d828.md","C:\KICAD_SCRAPE\ingest_v2\raw_html\url_000320-wch-ic.com-products-CH32V003.html-78bcb0d828.html","C:\KICAD_SCRAPE\ingest_v2\markdown\url_000320-wch-ic.com-products-CH32V003.html-78bcb0d828.md","","","","2026-05-10 12:37:46","false"
"url_e866677fa39c","https://docs.espressif.com/projects/esp-idf/en/latest/esp32s3/api-reference/peripherals/gpio.html","https://docs.espressif.com/projects/esp-idf/en/latest/esp32s3/api-reference/peripherals/gpio.html","docs.espressif.com","manufacturer","esp32_rf_wifi","6_blog_or_general_web","success","C:\KICAD_SCRAPE\ingest_v2\markdown\url_000033-docs.espressif.com-projects-esp-idf-en-latest-esp32s3-api-reference-peripherals-gpio.html-5a715520a1.md","C:\KICAD_SCRAPE\ingest_v2\raw_html\url_000033-docs.espressif.com-projects-esp-idf-en-latest-esp32s3-api-reference-peripherals-gpio.html-5a715520a1.html","C:\KICAD_SCRAPE\ingest_v2\markdown\url_000033-docs.espressif.com-projects-esp-idf-en-latest-esp32s3-api-reference-peripherals-gpio.html-5a715520a1.md","","","","2026-05-10 11:48:38","false"
"url_e8b783285fab","https://electronics.stackexchange.com/questions/tagged/usb-c","https://electronics.stackexchange.com/questions/tagged/usb-c","electronics.stackexchange.com","peer_review_forum","usb_c_high_speed_esd","5_peer_review","success","C:\KICAD_SCRAPE\ingest_v2\markdown\url_000079-electronics.stackexchange.com-questions-tagged-usb-c-fc8f1f11ca.md","C:\KICAD_SCRAPE\ingest_v2\raw_html\url_000079-electronics.stackexchange.com-questions-tagged-usb-c-fc8f1f11ca.html","C:\KICAD_SCRAPE\ingest_v2\markdown\url_000079-electronics.stackexchange.com-questions-tagged-usb-c-fc8f1f11ca.md","","","","2026-05-10 11:50:01","false"
"url_e99152794760","https://jlcpcb.com/help/article/silkscreen-requirements","https://jlcpcb.com/help/article/silkscreen-requirements","jlcpcb.com","fabricator_dfm","power_buck_regulators","3_fabricator_dfm","success","C:\KICAD_SCRAPE\ingest_v2\markdown\url_000134-jlcpcb.com-help-article-silkscreen-requirements-2420796f85.md","C:\KICAD_SCRAPE\ingest_v2\raw_html\url_000134-jlcpcb.com-help-article-silkscreen-requirements-2420796f85.html","C:\KICAD_SCRAPE\ingest_v2\markdown\url_000134-jlcpcb.com-help-article-silkscreen-requirements-2420796f85.md","","","","2026-05-10 11:51:55","false"
"url_ead594a452c3","https://www.analog.com/en/resources/app-notes/an-1119.html","https://www.analog.com/en/resources/app-notes/an-1119.html","analog.com","manufacturer","power_buck_regulators","6_blog_or_general_web","failed","","C:\KICAD_SCRAPE\ingest_v2\raw_html\url_000191-analog.com-en-resources-app-notes-an-1119.html-d7c78e8c1a.html","","","","The operation has timed out.","2026-05-10 12:02:40","true"
"url_eaf2855017f5","https://docs.espressif.com/projects/esp-idf/en/latest/esp32s3/api-reference/peripherals/i2c.html","https://docs.espressif.com/projects/esp-idf/en/latest/esp32s3/api-reference/peripherals/i2c.html","docs.espressif.com","manufacturer","esp32_rf_wifi","6_blog_or_general_web","success","C:\KICAD_SCRAPE\ingest_v2\markdown\url_000034-docs.espressif.com-projects-esp-idf-en-latest-esp32s3-api-reference-peripherals-i2c.html-9911a170f9.md","C:\KICAD_SCRAPE\ingest_v2\raw_html\url_000034-docs.espressif.com-projects-esp-idf-en-latest-esp32s3-api-reference-peripherals-i2c.html-9911a170f9.html","C:\KICAD_SCRAPE\ingest_v2\markdown\url_000034-docs.espressif.com-projects-esp-idf-en-latest-esp32s3-api-reference-peripherals-i2c.html-9911a170f9.md","","","","2026-05-10 11:48:40","false"
"url_ebf74f0ae659","https://www.st.com/resource/en/datasheet/ecmf02-2hsmx6.pdf","https://www.st.com/resource/en/datasheet/ecmf02-2hsmx6.pdf","st.com","pdf","usb_c_high_speed_esd","1_official_manufacturer_datasheet_or_app_note","failed","","C:\KICAD_SCRAPE\ingest_v2\raw_html\url_000290-st.com-resource-en-datasheet-ecmf02-2hsmx6.pdf-ba29cd4756.html","","","","The operation has timed out.","2026-05-10 12:36:18","true"
"url_ec7304bbd8c1","https://resources.pcb.cadence.com/blog/2021-pcb-layout-considerations-for-a-mixed-signal-design","https://resources.pcb.cadence.com/blog/2021-pcb-layout-considerations-for-a-mixed-signal-design","resources.pcb.cadence.com","web_page","power_buck_regulators","6_blog_or_general_web","failed","","C:\KICAD_SCRAPE\ingest_v2\raw_html\url_000174-resources.pcb.cadence.com-blog-2021-pcb-layout-considerations-for-a-mixed-signal-design-1be432273a.html","","","","The remote server returned an error: (404) Not Found.","2026-05-10 11:53:12","true"
"url_ecacb774f225","https://jlcpcb.com/help/article/via-in-pad","https://jlcpcb.com/help/article/via-in-pad","jlcpcb.com","fabricator_dfm","power_buck_regulators","3_fabricator_dfm","success","C:\KICAD_SCRAPE\ingest_v2\markdown\url_000137-jlcpcb.com-help-article-via-in-pad-87ce6c39f1.md","C:\KICAD_SCRAPE\ingest_v2\raw_html\url_000137-jlcpcb.com-help-article-via-in-pad-87ce6c39f1.html","C:\KICAD_SCRAPE\ingest_v2\markdown\url_000137-jlcpcb.com-help-article-via-in-pad-87ce6c39f1.md","","","","2026-05-10 11:52:00","false"
"url_eeb21cefdc66","https://www.eurocircuits.com/technical-guidelines/via-filling/","https://www.eurocircuits.com/technical-guidelines/via-filling","eurocircuits.com","fabricator_dfm","power_buck_regulators","3_fabricator_dfm","success","C:\KICAD_SCRAPE\ingest_v2\markdown\url_000231-eurocircuits.com-technical-guidelines-via-filling-ab35e789ed.md","C:\KICAD_SCRAPE\ingest_v2\raw_html\url_000231-eurocircuits.com-technical-guidelines-via-filling-ab35e789ed.html","C:\KICAD_SCRAPE\ingest_v2\markdown\url_000231-eurocircuits.com-technical-guidelines-via-filling-ab35e789ed.md","","","","2026-05-10 12:24:57","false"
"url_f0d410f39379","https://www.reddit.com/r/embedded/","https://www.reddit.com/r/embedded","reddit.com","peer_review_forum","power_buck_regulators","7_low_authority_context","success","C:\KICAD_SCRAPE\ingest_v2\markdown\url_000269-reddit.com-r-embedded-e01fdc9824.md","C:\KICAD_SCRAPE\ingest_v2\raw_html\url_000269-reddit.com-r-embedded-e01fdc9824.html","C:\KICAD_SCRAPE\ingest_v2\markdown\url_000269-reddit.com-r-embedded-e01fdc9824.md","","","","2026-05-10 12:29:35","false"
"url_f12342804fa3","https://www.protoexpress.com/kb/pcb-trace-width-calculator/","https://www.protoexpress.com/kb/pcb-trace-width-calculator","protoexpress.com","fabricator_dfm","power_buck_regulators","3_fabricator_dfm","failed","","C:\KICAD_SCRAPE\ingest_v2\raw_html\url_000265-protoexpress.com-kb-pcb-trace-width-calculator-67f994d57d.html","","","","The remote server returned an error: (404) Not Found.","2026-05-10 12:29:25","true"
"url_f1aefd2c8b4b","https://jlcpcb.com/help/article/pcb-assembly-faq","https://jlcpcb.com/help/article/pcb-assembly-faq","jlcpcb.com","fabricator_dfm","power_buck_regulators","3_fabricator_dfm","success","C:\KICAD_SCRAPE\ingest_v2\markdown\url_000129-jlcpcb.com-help-article-pcb-assembly-faq-bd3b7e4f7e.md","C:\KICAD_SCRAPE\ingest_v2\raw_html\url_000129-jlcpcb.com-help-article-pcb-assembly-faq-bd3b7e4f7e.html","C:\KICAD_SCRAPE\ingest_v2\markdown\url_000129-jlcpcb.com-help-article-pcb-assembly-faq-bd3b7e4f7e.md","","","","2026-05-10 11:51:45","false"
"url_f427ca1f9827","https://www.chemandy.com/calculators/pcb-track-width-calculator.htm","https://www.chemandy.com/calculators/pcb-track-width-calculator.htm","chemandy.com","web_page","power_buck_regulators","6_blog_or_general_web","failed","","C:\KICAD_SCRAPE\ingest_v2\raw_html\url_000197-chemandy.com-calculators-pcb-track-width-calculator.htm-c5b19d4b68.html","","","","The remote server returned an error: (404) Not Found.","2026-05-10 12:14:47","true"
"url_f4338e3a2482","https://www.monolithicpower.com/en/learning/resources/how-to-select-inductors-for-buck-converters","https://www.monolithicpower.com/en/learning/resources/how-to-select-inductors-for-buck-converters","monolithicpower.com","manufacturer","power_buck_regulators","6_blog_or_general_web","success","C:\KICAD_SCRAPE\ingest_v2\markdown\url_000237-monolithicpower.com-en-learning-resources-how-to-select-inductors-for-buck-converters-5fc33c34bb.md","C:\KICAD_SCRAPE\ingest_v2\raw_html\url_000237-monolithicpower.com-en-learning-resources-how-to-select-inductors-for-buck-converters-5fc33c34bb.html","C:\KICAD_SCRAPE\ingest_v2\markdown\url_000237-monolithicpower.com-en-learning-resources-how-to-select-inductors-for-buck-converters-5fc33c34bb.md","","","","2026-05-10 12:25:04","false"
"url_f5840ab65fdd","https://docs.espressif.com/projects/esp-hardware-design-guidelines/en/latest/index.html","https://docs.espressif.com/projects/esp-hardware-design-guidelines/en/latest/index.html","docs.espressif.com","manufacturer","esp32_rf_wifi","6_blog_or_general_web","success","C:\KICAD_SCRAPE\ingest_v2\markdown\url_000031-docs.espressif.com-projects-esp-hardware-design-guidelines-en-latest-index.html-c9789df5c2.md","C:\KICAD_SCRAPE\ingest_v2\raw_html\url_000031-docs.espressif.com-projects-esp-hardware-design-guidelines-en-latest-index.html-c9789df5c2.html","C:\KICAD_SCRAPE\ingest_v2\markdown\url_000031-docs.espressif.com-projects-esp-hardware-design-guidelines-en-latest-index.html-c9789df5c2.md","","","","2026-05-10 11:48:34","false"
"url_f59b0b2bb94a","https://www.allaboutcircuits.com/tools/trace-resistance-calculator/","https://www.allaboutcircuits.com/tools/trace-resistance-calculator","allaboutcircuits.com","web_page","power_buck_regulators","6_blog_or_general_web","failed","","C:\KICAD_SCRAPE\ingest_v2\raw_html\url_000188-allaboutcircuits.com-tools-trace-resistance-calculator-dec97e982f.html","","","","The remote server returned an error: (403) Forbidden.","2026-05-10 11:53:37","true"
"url_f6164b410dc9","https://learn.adafruit.com/adafruit-guide-excellent-soldering","https://learn.adafruit.com/adafruit-guide-excellent-soldering","learn.adafruit.com","web_page","power_buck_regulators","6_blog_or_general_web","success","C:\KICAD_SCRAPE\ingest_v2\markdown\url_000146-learn.adafruit.com-adafruit-guide-excellent-soldering-2a7ff652fc.md","C:\KICAD_SCRAPE\ingest_v2\raw_html\url_000146-learn.adafruit.com-adafruit-guide-excellent-soldering-2a7ff652fc.html","C:\KICAD_SCRAPE\ingest_v2\markdown\url_000146-learn.adafruit.com-adafruit-guide-excellent-soldering-2a7ff652fc.md","","","","2026-05-10 11:52:17","false"
"url_f64d473b3dbe","https://www.protoexpress.com/blog/pcb-grounding-techniques/","https://www.protoexpress.com/blog/pcb-grounding-techniques","protoexpress.com","fabricator_dfm","power_buck_regulators","3_fabricator_dfm","failed","","C:\KICAD_SCRAPE\ingest_v2\raw_html\url_000262-protoexpress.com-blog-pcb-grounding-techniques-ef5c2db86d.html","","","","The remote server returned an error: (404) Not Found.","2026-05-10 12:29:01","true"
"url_f67dd6b1fb0a","https://www.renesas.com/en/products/microcontrollers-microprocessors/ra-cortex-m-mcus","https://www.renesas.com/en/products/microcontrollers-microprocessors/ra-cortex-m-mcus","renesas.com","manufacturer","power_buck_regulators","6_blog_or_general_web","success","C:\KICAD_SCRAPE\ingest_v2\markdown\url_000275-renesas.com-en-products-microcontrollers-microprocessors-ra-cortex-m-mcus-f81a7b6c5d.md","C:\KICAD_SCRAPE\ingest_v2\raw_html\url_000275-renesas.com-en-products-microcontrollers-microprocessors-ra-cortex-m-mcus-f81a7b6c5d.html","C:\KICAD_SCRAPE\ingest_v2\markdown\url_000275-renesas.com-en-products-microcontrollers-microprocessors-ra-cortex-m-mcus-f81a7b6c5d.md","","","","2026-05-10 12:29:43","false"
"url_f76208ab3336","https://docs.oshpark.com/services/two-layer/","https://docs.oshpark.com/services/two-layer","docs.oshpark.com","fabricator_dfm","power_buck_regulators","3_fabricator_dfm","success","C:\KICAD_SCRAPE\ingest_v2\markdown\url_000063-docs.oshpark.com-services-two-layer-3b8127f446.md","C:\KICAD_SCRAPE\ingest_v2\raw_html\url_000063-docs.oshpark.com-services-two-layer-3b8127f446.html","C:\KICAD_SCRAPE\ingest_v2\markdown\url_000063-docs.oshpark.com-services-two-layer-3b8127f446.md","","","","2026-05-10 11:49:32","false"
"url_f8bd6bdb4090","https://jlcpcb.com/help/article/kicad-export-gerber","https://jlcpcb.com/help/article/kicad-export-gerber","jlcpcb.com","fabricator_dfm","kicad","3_fabricator_dfm","success","C:\KICAD_SCRAPE\ingest_v2\markdown\url_000123-jlcpcb.com-help-article-kicad-export-gerber-ee5691e7b1.md","C:\KICAD_SCRAPE\ingest_v2\raw_html\url_000123-jlcpcb.com-help-article-kicad-export-gerber-ee5691e7b1.html","C:\KICAD_SCRAPE\ingest_v2\markdown\url_000123-jlcpcb.com-help-article-kicad-export-gerber-ee5691e7b1.md","","","","2026-05-10 11:51:34","false"
"url_fa7518d6508e","https://www.monolithicpower.com/en/learning/resources/pcb-layout-for-emi-reduction","https://www.monolithicpower.com/en/learning/resources/pcb-layout-for-emi-reduction","monolithicpower.com","manufacturer","power_buck_regulators","6_blog_or_general_web","success","C:\KICAD_SCRAPE\ingest_v2\markdown\url_000239-monolithicpower.com-en-learning-resources-pcb-layout-for-emi-reduction-aef0148220.md","C:\KICAD_SCRAPE\ingest_v2\raw_html\url_000239-monolithicpower.com-en-learning-resources-pcb-layout-for-emi-reduction-aef0148220.html","C:\KICAD_SCRAPE\ingest_v2\markdown\url_000239-monolithicpower.com-en-learning-resources-pcb-layout-for-emi-reduction-aef0148220.md","","","","2026-05-10 12:25:06","false"
"url_fa7b755eea5f","https://pcb.mit.edu/archive/IAP2023/lectures/lecture_03/","https://pcb.mit.edu/archive/IAP2023/lectures/lecture_03","pcb.mit.edu","university_training","power_buck_regulators","4_university_training","success","C:\KICAD_SCRAPE\ingest_v2\markdown\url_000158-pcb.mit.edu-archive-IAP2023-lectures-lecture_03-7d0a01607e.md","C:\KICAD_SCRAPE\ingest_v2\raw_html\url_000158-pcb.mit.edu-archive-IAP2023-lectures-lecture_03-7d0a01607e.html","C:\KICAD_SCRAPE\ingest_v2\markdown\url_000158-pcb.mit.edu-archive-IAP2023-lectures-lecture_03-7d0a01607e.md","","","","2026-05-10 11:52:48","false"
"url_faf822718dc7","https://resources.pcb.cadence.com/blog/what-is-crosstalk-in-pcb-design","https://resources.pcb.cadence.com/blog/what-is-crosstalk-in-pcb-design","resources.pcb.cadence.com","web_page","power_buck_regulators","6_blog_or_general_web","failed","","C:\KICAD_SCRAPE\ingest_v2\raw_html\url_000177-resources.pcb.cadence.com-blog-what-is-crosstalk-in-pcb-design-b509768346.html","","","","The remote server returned an error: (404) Not Found.","2026-05-10 11:53:17","true"
"url_fdcb9b2d89b3","https://www.eevblog.com/forum/projects/esp32-pcb-layout-review/","https://www.eevblog.com/forum/projects/esp32-pcb-layout-review","eevblog.com","peer_review_forum","esp32_rf_wifi","5_peer_review","success","C:\KICAD_SCRAPE\ingest_v2\markdown\url_000204-eevblog.com-forum-projects-esp32-pcb-layout-review-68dba46176.md","C:\KICAD_SCRAPE\ingest_v2\raw_html\url_000204-eevblog.com-forum-projects-esp32-pcb-layout-review-68dba46176.html","C:\KICAD_SCRAPE\ingest_v2\markdown\url_000204-eevblog.com-forum-projects-esp32-pcb-layout-review-68dba46176.md","","","","2026-05-10 12:14:59","false"
"url_fdf0d425e273","https://www.renesas.com/en/products/microcontrollers-microprocessors/rx-32-bit-performance-efficiency-mcus","https://www.renesas.com/en/products/microcontrollers-microprocessors/rx-32-bit-performance-efficiency-mcus","renesas.com","manufacturer","power_buck_regulators","6_blog_or_general_web","success","C:\KICAD_SCRAPE\ingest_v2\markdown\url_000276-renesas.com-en-products-microcontrollers-microprocessors-rx-32-bit-performance-efficiency-mcus-0f84142d5c.md","C:\KICAD_SCRAPE\ingest_v2\raw_html\url_000276-renesas.com-en-products-microcontrollers-microprocessors-rx-32-bit-performance-efficiency-mcus-0f84142d5c.html","C:\KICAD_SCRAPE\ingest_v2\markdown\url_000276-renesas.com-en-products-microcontrollers-microprocessors-rx-32-bit-performance-efficiency-mcus-0f84142d5c.md","","","","2026-05-10 12:29:45","false"
"url_fe4bf40288e9","https://www.reddit.com/r/ElectricalEngineering/","https://www.reddit.com/r/ElectricalEngineering","reddit.com","peer_review_forum","power_buck_regulators","7_low_authority_context","success","C:\KICAD_SCRAPE\ingest_v2\markdown\url_000268-reddit.com-r-ElectricalEngineering-7578163bd6.md","C:\KICAD_SCRAPE\ingest_v2\raw_html\url_000268-reddit.com-r-ElectricalEngineering-7578163bd6.html","C:\KICAD_SCRAPE\ingest_v2\markdown\url_000268-reddit.com-r-ElectricalEngineering-7578163bd6.md","","","","2026-05-10 12:29:34","false"
"url_feca6a222922","https://github.com/KiCad/kicad-source-mirror/tree/master/pcbnew/python","https://github.com/KiCad/kicad-source-mirror/tree/master/pcbnew/python","github.com","kicad_official","kicad","2_official_kicad","success","C:\KICAD_SCRAPE\ingest_v2\markdown\url_000094-github.com-KiCad-kicad-source-mirror-tree-master-pcbnew-python-aefd8275b4.md","C:\KICAD_SCRAPE\ingest_v2\raw_html\url_000094-github.com-KiCad-kicad-source-mirror-tree-master-pcbnew-python-aefd8275b4.html","C:\KICAD_SCRAPE\ingest_v2\markdown\url_000094-github.com-KiCad-kicad-source-mirror-tree-master-pcbnew-python-aefd8275b4.md","","","","2026-05-10 11:50:43","false"
