"id","original_url","normalized_url","source_domain","source_list_file","source_list_row","scraped_status","http_error_if_known","error_message_if_known","source_scraped_file","current_knowledge_file","source_file_type","detected_category","source_of_truth_level","trust_label","content_quality","needs_future_rescrape","rescrape_reason","imported_at","last_scraped_at","duplicate_group_id","notes"
"url_000005","https://assets.nexperia.com/documents/application-note/AN90011.pdf","https://assets.nexperia.com/documents/application-note/AN90011.pdf","assets.nexperia.com","url2.txt","url2.txt:137","success",,,"C:\KICAD_SCRAPE\markdown_url2_clean\assets.nexperia.com-documents-application-note-AN90011.pdf.pdf",,"pdf_pdf","14_datasheets_pdf_markdown","2_official_manufacturer_app_note","official_reference","high","false",,"2026-05-10T09:01:13","2026-05-09T18:51:30",,"pdf_url_inferred_from_filename; matched_source_files=1; not_imported_into_category_tree_yet"
"url_000008","https://datasheets.raspberrypi.com/rp2040/rp2040-datasheet.pdf","https://datasheets.raspberrypi.com/rp2040/rp2040-datasheet.pdf","datasheets.raspberrypi.com","url2.txt","url2.txt:914","success",,,"C:\KICAD_SCRAPE\markdown_url2_clean\datasheets.raspberrypi.com-rp2040-rp2040-datasheet.pdf.pdf",,"pdf_pdf","14_datasheets_pdf_markdown","1_official_manufacturer_datasheet","primary_official","high","false",,"2026-05-10T09:01:13","2026-05-09T18:53:36",,"pdf_url_inferred_from_filename; matched_source_files=1; not_imported_into_category_tree_yet"
"url_000009","https://datasheets.raspberrypi.com/rp2350/rp2350-datasheet.pdf","https://datasheets.raspberrypi.com/rp2350/rp2350-datasheet.pdf","datasheets.raspberrypi.com","url2.txt","url2.txt:915","success",,,"C:\KICAD_SCRAPE\markdown_url2_clean\datasheets.raspberrypi.com-rp2350-rp2350-datasheet.pdf.pdf",,"pdf_pdf","14_datasheets_pdf_markdown","1_official_manufacturer_datasheet","primary_official","high","false",,"2026-05-10T09:01:13","2026-05-09T18:53:43",,"pdf_url_inferred_from_filename; matched_source_files=1; not_imported_into_category_tree_yet"
"url_000010","https://dev-docs.kicad.org/en/addons/index.html","https://dev-docs.kicad.org/en/addons/index.html","dev-docs.kicad.org","url2.txt","url2.txt:19","success",,,"C:\KICAD_SCRAPE\markdown_url2_clean\dev-docs.kicad.org-en-addons-index.html.md",,"markdown","01_kicad_core","3_official_kicad_docs","official_docs","high","false",,"2026-05-10T09:01:13","2026-05-09T18:53:46",,"matched_source_files=1; not_imported_into_category_tree_yet"
"url_000011","https://dev-docs.kicad.org/en/apis-and-binding/index.html","https://dev-docs.kicad.org/en/apis-and-binding/index.html","dev-docs.kicad.org",,,"success",,,"C:\KICAD_SCRAPE\markdown_url2_clean\dev-docs.kicad.org-en-apis-and-binding-index.html.md",,"markdown","02_kicad_python_api","3_official_kicad_docs","official_docs","medium","false",,"2026-05-10T09:01:13","2026-05-09T18:29:28",,"matched_source_files=1; not_imported_into_category_tree_yet"
"url_000012","https://dev-docs.kicad.org/en/apis-and-binding/ipc-api/for-addon-developers/index.html","https://dev-docs.kicad.org/en/apis-and-binding/ipc-api/for-addon-developers/index.html","dev-docs.kicad.org","url2.txt","url2.txt:17","success",,,"C:\KICAD_SCRAPE\markdown_url2_clean\dev-docs.kicad.org-en-apis-and-binding-ipc-api-for-addon-developers-index.html.md",,"markdown","02_kicad_python_api","3_official_kicad_docs","official_docs","high","false",,"2026-05-10T09:01:13","2026-05-09T18:53:47",,"matched_source_files=1; not_imported_into_category_tree_yet"
"url_000013","https://dev-docs.kicad.org/en/apis-and-binding/ipc-api/for-kicad-developers/index.html","https://dev-docs.kicad.org/en/apis-and-binding/ipc-api/for-kicad-developers/index.html","dev-docs.kicad.org","url2.txt","url2.txt:18","success",,,"C:\KICAD_SCRAPE\markdown_url2_clean\dev-docs.kicad.org-en-apis-and-binding-ipc-api-for-kicad-developers-index.html.md",,"markdown","02_kicad_python_api","3_official_kicad_docs","official_docs","high","false",,"2026-05-10T09:01:13","2026-05-09T18:53:49",,"matched_source_files=1; not_imported_into_category_tree_yet"
"url_000014","https://dev-docs.kicad.org/en/apis-and-binding/ipc-api/index.html","https://dev-docs.kicad.org/en/apis-and-binding/ipc-api/index.html","dev-docs.kicad.org","url2.txt","url2.txt:16","success",,,"C:\KICAD_SCRAPE\markdown_url2_clean\dev-docs.kicad.org-en-apis-and-binding-ipc-api-index.html.md",,"markdown","02_kicad_python_api","3_official_kicad_docs","official_docs","high","false",,"2026-05-10T09:01:13","2026-05-09T18:53:51",,"matched_source_files=1; not_imported_into_category_tree_yet"
"url_000017","https://dev-docs.kicad.org/en/file-formats/sexpr-footprint/index.html","https://dev-docs.kicad.org/en/file-formats/sexpr-footprint/index.html","dev-docs.kicad.org","url2.txt","url2.txt:24","success",,,"C:\KICAD_SCRAPE\markdown_url2_clean\dev-docs.kicad.org-en-file-formats-sexpr-footprint-index.html.md",,"markdown","02_kicad_python_api","3_official_kicad_docs","official_docs","high","false",,"2026-05-10T09:01:13","2026-05-09T18:53:54",,"matched_source_files=1; not_imported_into_category_tree_yet"
"url_000018","https://dev-docs.kicad.org/en/file-formats/sexpr-intro/index.html","https://dev-docs.kicad.org/en/file-formats/sexpr-intro/index.html","dev-docs.kicad.org","url2.txt","url2.txt:21","success",,,"C:\KICAD_SCRAPE\markdown_url2_clean\dev-docs.kicad.org-en-file-formats-sexpr-intro-index.html.md",,"markdown","02_kicad_python_api","3_official_kicad_docs","official_docs","high","false",,"2026-05-10T09:01:13","2026-05-09T18:53:56",,"matched_source_files=1; not_imported_into_category_tree_yet"
"url_000019","https://dev-docs.kicad.org/en/file-formats/sexpr-pcb/index.html","https://dev-docs.kicad.org/en/file-formats/sexpr-pcb/index.html","dev-docs.kicad.org","url2.txt","url2.txt:22","success",,,"C:\KICAD_SCRAPE\markdown_url2_clean\dev-docs.kicad.org-en-file-formats-sexpr-pcb-index.html.md",,"markdown","02_kicad_python_api","3_official_kicad_docs","official_docs","high","false",,"2026-05-10T09:01:13","2026-05-09T18:53:58",,"matched_source_files=1; not_imported_into_category_tree_yet"
"url_000020","https://dev-docs.kicad.org/en/file-formats/sexpr-schematic/index.html","https://dev-docs.kicad.org/en/file-formats/sexpr-schematic/index.html","dev-docs.kicad.org","url2.txt","url2.txt:23","success",,,"C:\KICAD_SCRAPE\markdown_url2_clean\dev-docs.kicad.org-en-file-formats-sexpr-schematic-index.html.md",,"markdown","02_kicad_python_api","3_official_kicad_docs","official_docs","high","false",,"2026-05-10T09:01:13","2026-05-09T18:54:00",,"matched_source_files=1; not_imported_into_category_tree_yet"
"url_000022","https://docs.arduino.cc/hardware/giga-r1-wifi/","https://docs.arduino.cc/hardware/giga-r1-wifi","docs.arduino.cc","url2.txt","url2.txt:968","success",,,"C:\KICAD_SCRAPE\markdown_url2_clean\docs.arduino.cc-hardware-giga-r1-wifi.md",,"markdown","04_kicad_libraries_symbols_footprints","8_low_value_index_or_search","low_value","low","false",,"2026-05-10T09:01:13","2026-05-09T18:54:06",,"matched_source_files=1; not_imported_into_category_tree_yet"
"url_000023","https://docs.arduino.cc/hardware/nano-esp32/","https://docs.arduino.cc/hardware/nano-esp32","docs.arduino.cc","url2.txt","url2.txt:967","success",,,"C:\KICAD_SCRAPE\markdown_url2_clean\docs.arduino.cc-hardware-nano-esp32.md",,"markdown","04_kicad_libraries_symbols_footprints","8_low_value_index_or_search","low_value","low","false",,"2026-05-10T09:01:13","2026-05-09T18:54:09",,"matched_source_files=1; not_imported_into_category_tree_yet"
"url_000024","https://docs.arduino.cc/hardware/nano-rp2040-connect/","https://docs.arduino.cc/hardware/nano-rp2040-connect","docs.arduino.cc","url2.txt","url2.txt:969","success",,,"C:\KICAD_SCRAPE\markdown_url2_clean\docs.arduino.cc-hardware-nano-rp2040-connect.md",,"markdown","04_kicad_libraries_symbols_footprints","8_low_value_index_or_search","low_value","low","false",,"2026-05-10T09:01:13","2026-05-09T18:54:12",,"matched_source_files=1; not_imported_into_category_tree_yet"
"url_000025","https://docs.arduino.cc/hardware/portenta-h7/","https://docs.arduino.cc/hardware/portenta-h7","docs.arduino.cc","url2.txt","url2.txt:970","success",,,"C:\KICAD_SCRAPE\markdown_url2_clean\docs.arduino.cc-hardware-portenta-h7.md",,"markdown","04_kicad_libraries_symbols_footprints","8_low_value_index_or_search","low_value","low","false",,"2026-05-10T09:01:13","2026-05-09T18:54:14",,"matched_source_files=1; not_imported_into_category_tree_yet"
"url_000026","https://docs.arduino.cc/hardware/uno-r4-wifi/","https://docs.arduino.cc/hardware/uno-r4-wifi","docs.arduino.cc","url2.txt","url2.txt:966","success",,,"C:\KICAD_SCRAPE\markdown_url2_clean\docs.arduino.cc-hardware-uno-r4-wifi.md",,"markdown","04_kicad_libraries_symbols_footprints","8_low_value_index_or_search","low_value","low","false",,"2026-05-10T09:01:13","2026-05-09T18:54:17",,"matched_source_files=1; not_imported_into_category_tree_yet"
"url_000027","https://docs.easyeda.com/en/Import/Import-KiCAD/","https://docs.easyeda.com/en/Import/Import-KiCAD","docs.easyeda.com","url2.txt","url2.txt:602","success",,,"C:\KICAD_SCRAPE\markdown_url2_clean\docs.easyeda.com-en-Import-Import-KiCAD.md",,"markdown","04_kicad_libraries_symbols_footprints","8_low_value_index_or_search","low_value","medium","false",,"2026-05-10T09:01:13","2026-05-09T18:54:21",,"matched_source_files=1; not_imported_into_category_tree_yet"
"url_000029","https://docs.espressif.com/projects/esp-dev-kits/en/latest/esp32s3/esp32-s3-usb-otg/user_guide.html","https://docs.espressif.com/projects/esp-dev-kits/en/latest/esp32s3/esp32-s3-usb-otg/user_guide.html","docs.espressif.com","url2.txt","url2.txt:81","success",,,"C:\KICAD_SCRAPE\markdown_url2_clean\docs.espressif.com-projects-esp-dev-kits-en-latest-esp32s3-esp32-s3-usb-otg-user_guide.html.md",,"markdown","05_esp32_espressif","8_low_value_index_or_search","low_value","high","false",,"2026-05-10T09:01:13","2026-05-09T18:54:24",,"matched_source_files=1; not_imported_into_category_tree_yet"
"url_000030","https://docs.espressif.com/projects/esp-hardware-design-guidelines/en/latest/esp32/index.html","https://docs.espressif.com/projects/esp-hardware-design-guidelines/en/latest/esp32/index.html","docs.espressif.com","url2.txt","url2.txt:636","success",,,"C:\KICAD_SCRAPE\markdown_url2_clean\docs.espressif.com-projects-esp-hardware-design-guidelines-en-latest-esp32-index.html.md",,"markdown","05_esp32_espressif","2_official_manufacturer_app_note","official_reference","high","false",,"2026-05-10T09:01:13","2026-05-09T18:54:26","dup_0034","matched_source_files=1; not_imported_into_category_tree_yet"
"url_000031","https://docs.espressif.com/projects/esp-hardware-design-guidelines/en/latest/esp32c2/index.html","https://docs.espressif.com/projects/esp-hardware-design-guidelines/en/latest/esp32c2/index.html","docs.espressif.com","url2.txt","url2.txt:639","success",,,"C:\KICAD_SCRAPE\markdown_url2_clean\docs.espressif.com-projects-esp-hardware-design-guidelines-en-latest-esp32c2-index.html.md",,"markdown","05_esp32_espressif","2_official_manufacturer_app_note","official_reference","high","false",,"2026-05-10T09:01:13","2026-05-09T18:54:28",,"matched_source_files=1; not_imported_into_category_tree_yet"
"url_000032","https://docs.espressif.com/projects/esp-hardware-design-guidelines/en/latest/esp32c3/index.html","https://docs.espressif.com/projects/esp-hardware-design-guidelines/en/latest/esp32c3/index.html","docs.espressif.com","url2.txt","url2.txt:640","success",,,"C:\KICAD_SCRAPE\markdown_url2_clean\docs.espressif.com-projects-esp-hardware-design-guidelines-en-latest-esp32c3-index.html.md",,"markdown","05_esp32_espressif","2_official_manufacturer_app_note","official_reference","high","false",,"2026-05-10T09:01:13","2026-05-09T18:54:30",,"matched_source_files=1; not_imported_into_category_tree_yet"
"url_000033","https://docs.espressif.com/projects/esp-hardware-design-guidelines/en/latest/esp32c5/index.html","https://docs.espressif.com/projects/esp-hardware-design-guidelines/en/latest/esp32c5/index.html","docs.espressif.com","url2.txt","url2.txt:641","success",,,"C:\KICAD_SCRAPE\markdown_url2_clean\docs.espressif.com-projects-esp-hardware-design-guidelines-en-latest-esp32c5-index.html.md",,"markdown","05_esp32_espressif","2_official_manufacturer_app_note","official_reference","high","false",,"2026-05-10T09:01:13","2026-05-09T18:54:32",,"matched_source_files=1; not_imported_into_category_tree_yet"
"url_000034","https://docs.espressif.com/projects/esp-hardware-design-guidelines/en/latest/esp32c6/index.html","https://docs.espressif.com/projects/esp-hardware-design-guidelines/en/latest/esp32c6/index.html","docs.espressif.com","url2.txt","url2.txt:642","success",,,"C:\KICAD_SCRAPE\markdown_url2_clean\docs.espressif.com-projects-esp-hardware-design-guidelines-en-latest-esp32c6-index.html.md",,"markdown","05_esp32_espressif","2_official_manufacturer_app_note","official_reference","high","false",,"2026-05-10T09:01:13","2026-05-09T18:54:33",,"matched_source_files=1; not_imported_into_category_tree_yet"
"url_000035","https://docs.espressif.com/projects/esp-hardware-design-guidelines/en/latest/esp32h2/index.html","https://docs.espressif.com/projects/esp-hardware-design-guidelines/en/latest/esp32h2/index.html","docs.espressif.com","url2.txt","url2.txt:643","success",,,"C:\KICAD_SCRAPE\markdown_url2_clean\docs.espressif.com-projects-esp-hardware-design-guidelines-en-latest-esp32h2-index.html.md",,"markdown","05_esp32_espressif","2_official_manufacturer_app_note","official_reference","high","false",,"2026-05-10T09:01:13","2026-05-09T18:54:35",,"matched_source_files=1; not_imported_into_category_tree_yet"
"url_000036","https://docs.espressif.com/projects/esp-hardware-design-guidelines/en/latest/esp32p4/index.html","https://docs.espressif.com/projects/esp-hardware-design-guidelines/en/latest/esp32p4/index.html","docs.espressif.com","url2.txt","url2.txt:644","success",,,"C:\KICAD_SCRAPE\markdown_url2_clean\docs.espressif.com-projects-esp-hardware-design-guidelines-en-latest-esp32p4-index.html.md",,"markdown","05_esp32_espressif","2_official_manufacturer_app_note","official_reference","high","false",,"2026-05-10T09:01:13","2026-05-09T18:54:37",,"matched_source_files=1; not_imported_into_category_tree_yet"
"url_000037","https://docs.espressif.com/projects/esp-hardware-design-guidelines/en/latest/esp32s2/index.html","https://docs.espressif.com/projects/esp-hardware-design-guidelines/en/latest/esp32s2/index.html","docs.espressif.com","url2.txt","url2.txt:637","success",,,"C:\KICAD_SCRAPE\markdown_url2_clean\docs.espressif.com-projects-esp-hardware-design-guidelines-en-latest-esp32s2-index.html.md",,"markdown","05_esp32_espressif","2_official_manufacturer_app_note","official_reference","high","false",,"2026-05-10T09:01:13","2026-05-09T18:54:39",,"matched_source_files=1; not_imported_into_category_tree_yet"
"url_000039","https://docs.espressif.com/projects/esp-hardware-design-guidelines/en/latest/esp32s3/download-guidelines.html","https://docs.espressif.com/projects/esp-hardware-design-guidelines/en/latest/esp32s3/download-guidelines.html","docs.espressif.com","url2.txt","url2.txt:52","success",,,"C:\KICAD_SCRAPE\markdown_url2_clean\docs.espressif.com-projects-esp-hardware-design-guidelines-en-latest-esp32s3-download-guidelines.html.md",,"markdown","05_esp32_espressif","2_official_manufacturer_app_note","official_reference","high","false",,"2026-05-10T09:01:13","2026-05-09T18:54:41",,"matched_source_files=1; not_imported_into_category_tree_yet"
"url_000040","https://docs.espressif.com/projects/esp-hardware-design-guidelines/en/latest/esp32s3/index.html","https://docs.espressif.com/projects/esp-hardware-design-guidelines/en/latest/esp32s3/index.html","docs.espressif.com","url2.txt","url2.txt:638","success",,,"C:\KICAD_SCRAPE\markdown_url2_clean\docs.espressif.com-projects-esp-hardware-design-guidelines-en-latest-esp32s3-index.html.md",,"markdown","05_esp32_espressif","2_official_manufacturer_app_note","official_reference","high","false",,"2026-05-10T09:01:13","2026-05-09T18:54:43",,"matched_source_files=1; not_imported_into_category_tree_yet"
"url_000042","https://docs.espressif.com/projects/esp-hardware-design-guidelines/en/latest/esp32s3/product-overview.html","https://docs.espressif.com/projects/esp-hardware-design-guidelines/en/latest/esp32s3/product-overview.html","docs.espressif.com","url2.txt","url2.txt:51","success",,,"C:\KICAD_SCRAPE\markdown_url2_clean\docs.espressif.com-projects-esp-hardware-design-guidelines-en-latest-esp32s3-product-overview.html.md",,"markdown","05_esp32_espressif","2_official_manufacturer_app_note","official_reference","high","false",,"2026-05-10T09:01:13","2026-05-09T18:54:45",,"matched_source_files=1; not_imported_into_category_tree_yet"
"url_000051","https://docs.espressif.com/projects/esp-hardware-design-guidelines/en/latest/index.html","https://docs.espressif.com/projects/esp-hardware-design-guidelines/en/latest/index.html","docs.espressif.com","url2.txt","url2.txt:635","success",,,"C:\KICAD_SCRAPE\markdown_url2_clean\docs.espressif.com-projects-esp-hardware-design-guidelines-en-latest-index.html.md",,"markdown","05_esp32_espressif","2_official_manufacturer_app_note","official_reference","high","false",,"2026-05-10T09:01:13","2026-05-09T18:54:58","dup_0034","matched_source_files=1; not_imported_into_category_tree_yet"
"url_000052","https://docs.espressif.com/projects/esp-idf/en/latest/esp32/api-reference/index.html","https://docs.espressif.com/projects/esp-idf/en/latest/esp32/api-reference/index.html","docs.espressif.com","url2.txt","url2.txt:645","success",,,"C:\KICAD_SCRAPE\markdown_url2_clean\docs.espressif.com-projects-esp-idf-en-latest-esp32-api-reference-index.html.md",,"markdown","04_kicad_libraries_symbols_footprints","8_low_value_index_or_search","low_value","medium","false",,"2026-05-10T09:01:13","2026-05-09T18:55:00",,"matched_source_files=1; not_imported_into_category_tree_yet"
"url_000055","https://docs.espressif.com/projects/esp-idf/en/latest/esp32s3/api-guides/esp-wifi-mesh.html","https://docs.espressif.com/projects/esp-idf/en/latest/esp32s3/api-guides/esp-wifi-mesh.html","docs.espressif.com","url2.txt","url2.txt:77","success",,,"C:\KICAD_SCRAPE\markdown_url2_clean\docs.espressif.com-projects-esp-idf-en-latest-esp32s3-api-guides-esp-wifi-mesh.html.md",,"markdown","05_esp32_espressif","8_low_value_index_or_search","low_value","medium","false",,"2026-05-10T09:01:13","2026-05-09T18:55:03",,"matched_source_files=1; not_imported_into_category_tree_yet"
"url_000056","https://docs.espressif.com/projects/esp-idf/en/latest/esp32s3/api-guides/flash_psram_config.html","https://docs.espressif.com/projects/esp-idf/en/latest/esp32s3/api-guides/flash_psram_config.html","docs.espressif.com","url2.txt","url2.txt:72","success",,,"C:\KICAD_SCRAPE\markdown_url2_clean\docs.espressif.com-projects-esp-idf-en-latest-esp32s3-api-guides-flash_psram_config.html.md",,"markdown","05_esp32_espressif","8_low_value_index_or_search","low_value","medium","false",,"2026-05-10T09:01:13","2026-05-09T18:55:05",,"matched_source_files=1; not_imported_into_category_tree_yet"
"url_000057","https://docs.espressif.com/projects/esp-idf/en/latest/esp32s3/api-guides/jtag-debugging/index.html","https://docs.espressif.com/projects/esp-idf/en/latest/esp32s3/api-guides/jtag-debugging/index.html","docs.espressif.com","url2.txt","url2.txt:73","success",,,"C:\KICAD_SCRAPE\markdown_url2_clean\docs.espressif.com-projects-esp-idf-en-latest-esp32s3-api-guides-jtag-debugging-index.html.md",,"markdown","04_kicad_libraries_symbols_footprints","8_low_value_index_or_search","low_value","medium","false",,"2026-05-10T09:01:13","2026-05-09T18:55:07",,"matched_source_files=1; not_imported_into_category_tree_yet"
"url_000059","https://docs.espressif.com/projects/esp-idf/en/latest/esp32s3/api-guides/usb-otg-console.html","https://docs.espressif.com/projects/esp-idf/en/latest/esp32s3/api-guides/usb-otg-console.html","docs.espressif.com","url2.txt","url2.txt:648","success",,,"C:\KICAD_SCRAPE\markdown_url2_clean\docs.espressif.com-projects-esp-idf-en-latest-esp32s3-api-guides-usb-otg-console.html.md",,"markdown","05_esp32_espressif","8_low_value_index_or_search","low_value","medium","false",,"2026-05-10T09:01:13","2026-05-09T18:55:09",,"matched_source_files=1; not_imported_into_category_tree_yet"
"url_000062","https://docs.espressif.com/projects/esp-idf/en/latest/esp32s3/api-reference/peripherals/gpio.html","https://docs.espressif.com/projects/esp-idf/en/latest/esp32s3/api-reference/peripherals/gpio.html","docs.espressif.com","url2.txt","url2.txt:61","success",,,"C:\KICAD_SCRAPE\markdown_url2_clean\docs.espressif.com-projects-esp-idf-en-latest-esp32s3-api-reference-peripherals-gpio.html.md",,"markdown","04_kicad_libraries_symbols_footprints","8_low_value_index_or_search","low_value","medium","false",,"2026-05-10T09:01:13","2026-05-09T18:55:15",,"matched_source_files=1; not_imported_into_category_tree_yet"
"url_000063","https://docs.espressif.com/projects/esp-idf/en/latest/esp32s3/api-reference/peripherals/i2c.html","https://docs.espressif.com/projects/esp-idf/en/latest/esp32s3/api-reference/peripherals/i2c.html","docs.espressif.com","url2.txt","url2.txt:64","success",,,"C:\KICAD_SCRAPE\markdown_url2_clean\docs.espressif.com-projects-esp-idf-en-latest-esp32s3-api-reference-peripherals-i2c.html.md",,"markdown","04_kicad_libraries_symbols_footprints","8_low_value_index_or_search","low_value","medium","false",,"2026-05-10T09:01:13","2026-05-09T18:55:19",,"matched_source_files=1; not_imported_into_category_tree_yet"
"url_000064","https://docs.espressif.com/projects/esp-idf/en/latest/esp32s3/api-reference/peripherals/ledc.html","https://docs.espressif.com/projects/esp-idf/en/latest/esp32s3/api-reference/peripherals/ledc.html","docs.espressif.com","url2.txt","url2.txt:69","success",,,"C:\KICAD_SCRAPE\markdown_url2_clean\docs.espressif.com-projects-esp-idf-en-latest-esp32s3-api-reference-peripherals-ledc.html.md",,"markdown","05_esp32_espressif","8_low_value_index_or_search","low_value","medium","false",,"2026-05-10T09:01:13","2026-05-09T18:55:22",,"matched_source_files=1; not_imported_into_category_tree_yet"
"url_000065","https://docs.espressif.com/projects/esp-idf/en/latest/esp32s3/api-reference/peripherals/rmt.html","https://docs.espressif.com/projects/esp-idf/en/latest/esp32s3/api-reference/peripherals/rmt.html","docs.espressif.com","url2.txt","url2.txt:70","success",,,"C:\KICAD_SCRAPE\markdown_url2_clean\docs.espressif.com-projects-esp-idf-en-latest-esp32s3-api-reference-peripherals-rmt.html.md",,"markdown","04_kicad_libraries_symbols_footprints","8_low_value_index_or_search","low_value","medium","false",,"2026-05-10T09:01:13","2026-05-09T18:55:25",,"matched_source_files=1; not_imported_into_category_tree_yet"
"url_000066","https://docs.espressif.com/projects/esp-idf/en/latest/esp32s3/api-reference/peripherals/spi_master.html","https://docs.espressif.com/projects/esp-idf/en/latest/esp32s3/api-reference/peripherals/spi_master.html","docs.espressif.com","url2.txt","url2.txt:63","success",,,"C:\KICAD_SCRAPE\markdown_url2_clean\docs.espressif.com-projects-esp-idf-en-latest-esp32s3-api-reference-peripherals-spi_master.html.md",,"markdown","05_esp32_espressif","8_low_value_index_or_search","low_value","medium","false",,"2026-05-10T09:01:13","2026-05-09T18:55:29",,"matched_source_files=1; not_imported_into_category_tree_yet"
"url_000067","https://docs.espressif.com/projects/esp-idf/en/latest/esp32s3/api-reference/peripherals/twai.html","https://docs.espressif.com/projects/esp-idf/en/latest/esp32s3/api-reference/peripherals/twai.html","docs.espressif.com","url2.txt","url2.txt:65","success",,,"C:\KICAD_SCRAPE\markdown_url2_clean\docs.espressif.com-projects-esp-idf-en-latest-esp32s3-api-reference-peripherals-twai.html.md",,"markdown","04_kicad_libraries_symbols_footprints","8_low_value_index_or_search","low_value","medium","false",,"2026-05-10T09:01:13","2026-05-09T18:55:32",,"matched_source_files=1; not_imported_into_category_tree_yet"
"url_000068","https://docs.espressif.com/projects/esp-idf/en/latest/esp32s3/api-reference/peripherals/uart.html","https://docs.espressif.com/projects/esp-idf/en/latest/esp32s3/api-reference/peripherals/uart.html","docs.espressif.com","url2.txt","url2.txt:62","success",,,"C:\KICAD_SCRAPE\markdown_url2_clean\docs.espressif.com-projects-esp-idf-en-latest-esp32s3-api-reference-peripherals-uart.html.md",,"markdown","04_kicad_libraries_symbols_footprints","8_low_value_index_or_search","low_value","medium","false",,"2026-05-10T09:01:13","2026-05-09T18:55:36",,"matched_source_files=1; not_imported_into_category_tree_yet"
"url_000070","https://docs.espressif.com/projects/esp-idf/en/latest/esp32s3/api-reference/system/efuse.html","https://docs.espressif.com/projects/esp-idf/en/latest/esp32s3/api-reference/system/efuse.html","docs.espressif.com","url2.txt","url2.txt:67","success",,,"C:\KICAD_SCRAPE\markdown_url2_clean\docs.espressif.com-projects-esp-idf-en-latest-esp32s3-api-reference-system-efuse.html.md",,"markdown","04_kicad_libraries_symbols_footprints","8_low_value_index_or_search","low_value","medium","false",,"2026-05-10T09:01:13","2026-05-09T18:55:40",,"matched_source_files=1; not_imported_into_category_tree_yet"
"url_000071","https://docs.espressif.com/projects/esp-idf/en/latest/esp32s3/api-reference/system/sleep_modes.html","https://docs.espressif.com/projects/esp-idf/en/latest/esp32s3/api-reference/system/sleep_modes.html","docs.espressif.com","url2.txt","url2.txt:68","success",,,"C:\KICAD_SCRAPE\markdown_url2_clean\docs.espressif.com-projects-esp-idf-en-latest-esp32s3-api-reference-system-sleep_modes.html.md",,"markdown","05_esp32_espressif","8_low_value_index_or_search","low_value","medium","false",,"2026-05-10T09:01:13","2026-05-09T18:55:43",,"matched_source_files=1; not_imported_into_category_tree_yet"
"url_000074","https://docs.espressif.com/projects/esp-idf/en/latest/esp32s3/hw-reference/index.html","https://docs.espressif.com/projects/esp-idf/en/latest/esp32s3/hw-reference/index.html","docs.espressif.com","url2.txt","url2.txt:647","success",,,"C:\KICAD_SCRAPE\markdown_url2_clean\docs.espressif.com-projects-esp-idf-en-latest-esp32s3-hw-reference-index.html.md",,"markdown","04_kicad_libraries_symbols_footprints","8_low_value_index_or_search","low_value","medium","false",,"2026-05-10T09:01:13","2026-05-09T18:55:47",,"matched_source_files=1; not_imported_into_category_tree_yet"
"url_000075","https://docs.espressif.com/projects/esp-idf/en/latest/esp32s3/index.html","https://docs.espressif.com/projects/esp-idf/en/latest/esp32s3/index.html","docs.espressif.com","url2.txt","url2.txt:646","success",,,"C:\KICAD_SCRAPE\markdown_url2_clean\docs.espressif.com-projects-esp-idf-en-latest-esp32s3-index.html.md",,"markdown","05_esp32_espressif","8_low_value_index_or_search","low_value","medium","false",,"2026-05-10T09:01:13","2026-05-09T18:55:49",,"matched_source_files=1; not_imported_into_category_tree_yet"
"url_000077","https://docs.espressif.com/projects/esptool/en/latest/esp32s3/index.html","https://docs.espressif.com/projects/esptool/en/latest/esp32s3/index.html","docs.espressif.com","url2.txt","url2.txt:650","success",,,"C:\KICAD_SCRAPE\markdown_url2_clean\docs.espressif.com-projects-esptool-en-latest-esp32s3-index.html.md",,"markdown","04_kicad_libraries_symbols_footprints","8_low_value_index_or_search","low_value","high","false",,"2026-05-10T09:01:13","2026-05-09T18:55:51",,"matched_source_files=1; not_imported_into_category_tree_yet"
"url_000718","https://docs.kicad.org/9.0/en/cli/cli.html","https://docs.kicad.org/9.0/en/cli/cli.html","docs.kicad.org","url2.txt","url2.txt:508","success",,,"C:\KICAD_SCRAPE\markdown_url2_clean\docs.kicad.org-9.0-en-cli-cli.html.md",,"markdown","12_forums_peer_review","3_official_kicad_docs","official_docs","high","false",,"2026-05-10T09:01:13","2026-05-09T18:55:54",,"matched_source_files=1; not_imported_into_category_tree_yet"
"url_000727","https://docs.kicad.org/9.0/en/kicad/kicad.html","https://docs.kicad.org/9.0/en/kicad/kicad.html","docs.kicad.org","url2.txt","url2.txt:505","success",,,"C:\KICAD_SCRAPE\markdown_url2_clean\docs.kicad.org-9.0-en-kicad-kicad.html.md",,"markdown","12_forums_peer_review","3_official_kicad_docs","official_docs","medium","false",,"2026-05-10T09:01:13","2026-05-09T18:56:01",,"matched_source_files=1; not_imported_into_category_tree_yet"
"url_000951","https://docs.kicad.org/doxygen-python-9.0/classpcbnew_1_1BOARD.html","https://docs.kicad.org/doxygen-python-9.0/classpcbnew_1_1BOARD.html","docs.kicad.org","url2.txt","url2.txt:4","success",,,"C:\KICAD_SCRAPE\markdown_url2_clean\docs.kicad.org-doxygen-python-9.0-classpcbnew_1_1BOARD.html.md",,"markdown","02_kicad_python_api","3_official_kicad_docs","official_docs","high","false",,"2026-05-10T09:01:13","2026-05-09T18:56:11",,"matched_source_files=1; not_imported_into_category_tree_yet"
"url_000952","https://docs.kicad.org/doxygen-python-9.0/classpcbnew_1_1BOARD__DESIGN__SETTINGS.html","https://docs.kicad.org/doxygen-python-9.0/classpcbnew_1_1BOARD__DESIGN__SETTINGS.html","docs.kicad.org","url2.txt","url2.txt:12","success",,,"C:\KICAD_SCRAPE\markdown_url2_clean\docs.kicad.org-doxygen-python-9.0-classpcbnew_1_1BOARD__DESIGN__SETTINGS.html.md",,"markdown","02_kicad_python_api","3_official_kicad_docs","official_docs","high","false",,"2026-05-10T09:01:13","2026-05-09T18:56:13",,"matched_source_files=1; not_imported_into_category_tree_yet"
"url_000953","https://docs.kicad.org/doxygen-python-9.0/classpcbnew_1_1EDA__ANGLE.html","https://docs.kicad.org/doxygen-python-9.0/classpcbnew_1_1EDA__ANGLE.html","docs.kicad.org","url2.txt","url2.txt:13","success",,,"C:\KICAD_SCRAPE\markdown_url2_clean\docs.kicad.org-doxygen-python-9.0-classpcbnew_1_1EDA__ANGLE.html.md",,"markdown","02_kicad_python_api","3_official_kicad_docs","official_docs","high","false",,"2026-05-10T09:01:13","2026-05-09T18:56:15",,"matched_source_files=1; not_imported_into_category_tree_yet"
"url_000954","https://docs.kicad.org/doxygen-python-9.0/classpcbnew_1_1FOOTPRINT.html","https://docs.kicad.org/doxygen-python-9.0/classpcbnew_1_1FOOTPRINT.html","docs.kicad.org","url2.txt","url2.txt:8","success",,,"C:\KICAD_SCRAPE\markdown_url2_clean\docs.kicad.org-doxygen-python-9.0-classpcbnew_1_1FOOTPRINT.html.md",,"markdown","02_kicad_python_api","3_official_kicad_docs","official_docs","high","false",,"2026-05-10T09:01:13","2026-05-09T18:56:18",,"matched_source_files=1; not_imported_into_category_tree_yet"
"url_000955","https://docs.kicad.org/doxygen-python-9.0/classpcbnew_1_1NETINFO__ITEM.html","https://docs.kicad.org/doxygen-python-9.0/classpcbnew_1_1NETINFO__ITEM.html","docs.kicad.org","url2.txt","url2.txt:11","success",,,"C:\KICAD_SCRAPE\markdown_url2_clean\docs.kicad.org-doxygen-python-9.0-classpcbnew_1_1NETINFO__ITEM.html.md",,"markdown","02_kicad_python_api","3_official_kicad_docs","official_docs","high","false",,"2026-05-10T09:01:13","2026-05-09T18:56:20",,"matched_source_files=1; not_imported_into_category_tree_yet"
"url_000956","https://docs.kicad.org/doxygen-python-9.0/classpcbnew_1_1PAD.html","https://docs.kicad.org/doxygen-python-9.0/classpcbnew_1_1PAD.html","docs.kicad.org","url2.txt","url2.txt:9","success",,,"C:\KICAD_SCRAPE\markdown_url2_clean\docs.kicad.org-doxygen-python-9.0-classpcbnew_1_1PAD.html.md",,"markdown","02_kicad_python_api","3_official_kicad_docs","official_docs","high","false",,"2026-05-10T09:01:13","2026-05-09T18:56:22",,"matched_source_files=1; not_imported_into_category_tree_yet"
"url_000957","https://docs.kicad.org/doxygen-python-9.0/classpcbnew_1_1PCB__GROUP.html","https://docs.kicad.org/doxygen-python-9.0/classpcbnew_1_1PCB__GROUP.html","docs.kicad.org","url2.txt","url2.txt:15","success",,,"C:\KICAD_SCRAPE\markdown_url2_clean\docs.kicad.org-doxygen-python-9.0-classpcbnew_1_1PCB__GROUP.html.md",,"markdown","02_kicad_python_api","3_official_kicad_docs","official_docs","high","false",,"2026-05-10T09:01:13","2026-05-09T18:56:24",,"matched_source_files=1; not_imported_into_category_tree_yet"
"url_000958","https://docs.kicad.org/doxygen-python-9.0/classpcbnew_1_1PCB__SHAPE.html","https://docs.kicad.org/doxygen-python-9.0/classpcbnew_1_1PCB__SHAPE.html","docs.kicad.org","url2.txt","url2.txt:7","success",,,"C:\KICAD_SCRAPE\markdown_url2_clean\docs.kicad.org-doxygen-python-9.0-classpcbnew_1_1PCB__SHAPE.html.md",,"markdown","02_kicad_python_api","3_official_kicad_docs","official_docs","high","false",,"2026-05-10T09:01:13","2026-05-09T18:56:27",,"matched_source_files=1; not_imported_into_category_tree_yet"
"url_000959","https://docs.kicad.org/doxygen-python-9.0/classpcbnew_1_1PCB__TRACK.html","https://docs.kicad.org/doxygen-python-9.0/classpcbnew_1_1PCB__TRACK.html","docs.kicad.org","url2.txt","url2.txt:5","success",,,"C:\KICAD_SCRAPE\markdown_url2_clean\docs.kicad.org-doxygen-python-9.0-classpcbnew_1_1PCB__TRACK.html.md",,"markdown","02_kicad_python_api","3_official_kicad_docs","official_docs","high","false",,"2026-05-10T09:01:13","2026-05-09T18:56:29",,"matched_source_files=1; not_imported_into_category_tree_yet"
"url_000960","https://docs.kicad.org/doxygen-python-9.0/classpcbnew_1_1PCB__VIA.html","https://docs.kicad.org/doxygen-python-9.0/classpcbnew_1_1PCB__VIA.html","docs.kicad.org","url2.txt","url2.txt:6","success",,,"C:\KICAD_SCRAPE\markdown_url2_clean\docs.kicad.org-doxygen-python-9.0-classpcbnew_1_1PCB__VIA.html.md",,"markdown","02_kicad_python_api","3_official_kicad_docs","official_docs","high","false",,"2026-05-10T09:01:13","2026-05-09T18:56:31",,"matched_source_files=1; not_imported_into_category_tree_yet"
"url_000961","https://docs.kicad.org/doxygen-python-9.0/classpcbnew_1_1VECTOR2I.html","https://docs.kicad.org/doxygen-python-9.0/classpcbnew_1_1VECTOR2I.html","docs.kicad.org","url2.txt","url2.txt:14","success",,,"C:\KICAD_SCRAPE\markdown_url2_clean\docs.kicad.org-doxygen-python-9.0-classpcbnew_1_1VECTOR2I.html.md",,"markdown","02_kicad_python_api","3_official_kicad_docs","official_docs","high","false",,"2026-05-10T09:01:13","2026-05-09T18:56:33",,"matched_source_files=1; not_imported_into_category_tree_yet"
"url_000962","https://docs.kicad.org/doxygen-python-9.0/classpcbnew_1_1ZONE.html","https://docs.kicad.org/doxygen-python-9.0/classpcbnew_1_1ZONE.html","docs.kicad.org","url2.txt","url2.txt:10","success",,,"C:\KICAD_SCRAPE\markdown_url2_clean\docs.kicad.org-doxygen-python-9.0-classpcbnew_1_1ZONE.html.md",,"markdown","02_kicad_python_api","3_official_kicad_docs","official_docs","high","false",,"2026-05-10T09:01:13","2026-05-09T18:56:36",,"matched_source_files=1; not_imported_into_category_tree_yet"
"url_000963","https://docs.kicad.org/kicad-python-main/kicad.html","https://docs.kicad.org/kicad-python-main/kicad.html","docs.kicad.org","url2.txt","url2.txt:1","success",,,"C:\KICAD_SCRAPE\markdown_url2_clean\docs.kicad.org-kicad-python-main-kicad.html.md",,"markdown","02_kicad_python_api","3_official_kicad_docs","official_docs","medium","false",,"2026-05-10T09:01:13","2026-05-09T18:56:38",,"matched_source_files=1; not_imported_into_category_tree_yet"
"url_001056","https://docs.oshpark.com/design-tools/altium-designer/","https://docs.oshpark.com/design-tools/altium-designer","docs.oshpark.com","url2.txt","url2.txt:333","success",,,"C:\KICAD_SCRAPE\markdown_url2_clean\docs.oshpark.com-design-tools-altium-designer.md",,"markdown","10_dfm_fabrication_assembly","4_fabricator_docs","official_fabricator","medium","false",,"2026-05-10T09:01:13","2026-05-09T18:56:42",,"matched_source_files=1; not_imported_into_category_tree_yet"
"url_001057","https://docs.oshpark.com/design-tools/eagle/","https://docs.oshpark.com/design-tools/eagle","docs.oshpark.com","url2.txt","url2.txt:332","success",,,"C:\KICAD_SCRAPE\markdown_url2_clean\docs.oshpark.com-design-tools-eagle.md",,"markdown","10_dfm_fabrication_assembly","4_fabricator_docs","official_fabricator","medium","false",,"2026-05-10T09:01:13","2026-05-09T18:56:43",,"matched_source_files=1; not_imported_into_category_tree_yet"
"url_001061","https://docs.oshpark.com/services/afterdark/","https://docs.oshpark.com/services/afterdark","docs.oshpark.com","url2.txt","url2.txt:334","success",,,"C:\KICAD_SCRAPE\markdown_url2_clean\docs.oshpark.com-services-afterdark.md",,"markdown","10_dfm_fabrication_assembly","4_fabricator_docs","official_fabricator","medium","false",,"2026-05-10T09:01:13","2026-05-09T18:56:45",,"matched_source_files=1; not_imported_into_category_tree_yet"
"url_001062","https://docs.oshpark.com/services/flex/","https://docs.oshpark.com/services/flex","docs.oshpark.com","url2.txt","url2.txt:335","success",,,"C:\KICAD_SCRAPE\markdown_url2_clean\docs.oshpark.com-services-flex.md",,"markdown","10_dfm_fabrication_assembly","4_fabricator_docs","official_fabricator","medium","false",,"2026-05-10T09:01:13","2026-05-09T18:56:46",,"matched_source_files=1; not_imported_into_category_tree_yet"
"url_001065","https://docs.oshpark.com/troubleshooting/","https://docs.oshpark.com/troubleshooting","docs.oshpark.com","url2.txt","url2.txt:336","success",,,"C:\KICAD_SCRAPE\markdown_url2_clean\docs.oshpark.com-troubleshooting.md",,"markdown","10_dfm_fabrication_assembly","4_fabricator_docs","official_fabricator","medium","false",,"2026-05-10T09:01:13","2026-05-09T18:56:48",,"matched_source_files=1; not_imported_into_category_tree_yet"
"url_001697","https://en.bouffalolab.com/product/?type=detail&id=6","https://en.bouffalolab.com/product?id=6&type=detail","en.bouffalolab.com","url2.txt","url2.txt:962","success",,,"C:\KICAD_SCRAPE\markdown_url2_clean\en.bouffalolab.com-product.md",,"markdown","06_microcontrollers","8_low_value_index_or_search","low_value","unknown","false",,"2026-05-10T09:01:13","2026-05-09T18:57:45",,"matched_source_files=1; not_imported_into_category_tree_yet"
"url_002917","https://gitlab.com/api/v4/projects/kicad%2Flibraries%2Fkicad-footprints/repository/tree?ref=master&recursive=true","https://gitlab.com/api/v4/projects/kicad%2Flibraries%2Fkicad-footprints/repository/tree?recursive=true&ref=master","gitlab.com","url2.txt","url2.txt:516","success",,,"C:\KICAD_SCRAPE\markdown_url2_clean\gitlab.com-api-v4-projects-kicad-2Flibraries-2Fkicad-footprints-repository-tree.md",,"markdown","04_kicad_libraries_symbols_footprints","8_low_value_index_or_search","low_value","unknown","false",,"2026-05-10T09:01:13","2026-05-09T18:59:10",,"matched_source_files=1; not_imported_into_category_tree_yet"
"url_002918","https://gitlab.com/api/v4/projects/kicad%2Flibraries%2Fkicad-packages3D/repository/tree?ref=master&recursive=true","https://gitlab.com/api/v4/projects/kicad%2Flibraries%2Fkicad-packages3D/repository/tree?recursive=true&ref=master","gitlab.com","url2.txt","url2.txt:517","success",,,"C:\KICAD_SCRAPE\markdown_url2_clean\gitlab.com-api-v4-projects-kicad-2Flibraries-2Fkicad-packages3D-repository-tree.md",,"markdown","04_kicad_libraries_symbols_footprints","8_low_value_index_or_search","low_value","unknown","false",,"2026-05-10T09:01:13","2026-05-09T18:59:12",,"matched_source_files=1; not_imported_into_category_tree_yet"
"url_002919","https://gitlab.com/api/v4/projects/kicad%2Flibraries%2Fkicad-symbols/repository/tree?ref=master&recursive=true","https://gitlab.com/api/v4/projects/kicad%2Flibraries%2Fkicad-symbols/repository/tree?recursive=true&ref=master","gitlab.com","url2.txt","url2.txt:515","success",,,"C:\KICAD_SCRAPE\markdown_url2_clean\gitlab.com-api-v4-projects-kicad-2Flibraries-2Fkicad-symbols-repository-tree.md",,"markdown","04_kicad_libraries_symbols_footprints","8_low_value_index_or_search","low_value","unknown","false",,"2026-05-10T09:01:13","2026-05-09T18:59:13",,"matched_source_files=1; not_imported_into_category_tree_yet"
"url_004528","https://jlcpcb.com/help/article/castellated-holes","https://jlcpcb.com/help/article/castellated-holes","jlcpcb.com","url2.txt","url2.txt:313","success",,,"C:\KICAD_SCRAPE\markdown_url2_clean\jlcpcb.com-help-article-castellated-holes.md",,"markdown","10_dfm_fabrication_assembly","4_fabricator_docs","official_fabricator","medium","false",,"2026-05-10T09:01:13","2026-05-09T19:02:02","dup_0007","matched_source_files=1; not_imported_into_category_tree_yet"
"url_004529","https://jlcpcb.com/help/article/controlled-impedance-calculator","https://jlcpcb.com/help/article/controlled-impedance-calculator","jlcpcb.com","url2.txt","url2.txt:308","success",,,"C:\KICAD_SCRAPE\markdown_url2_clean\jlcpcb.com-help-article-controlled-impedance-calculator.md",,"markdown","11_calculators_ipc_reference","4_fabricator_docs","official_fabricator","medium","false",,"2026-05-10T09:01:13","2026-05-09T19:02:05","dup_0007","matched_source_files=1; not_imported_into_category_tree_yet"
"url_004531","https://jlcpcb.com/help/article/gerber-file-requirements","https://jlcpcb.com/help/article/gerber-file-requirements","jlcpcb.com","url2.txt","url2.txt:305","success",,,"C:\KICAD_SCRAPE\markdown_url2_clean\jlcpcb.com-help-article-gerber-file-requirements.md",,"markdown","10_dfm_fabrication_assembly","4_fabricator_docs","official_fabricator","medium","false",,"2026-05-10T09:01:13","2026-05-09T19:02:07","dup_0007","matched_source_files=1; not_imported_into_category_tree_yet"
"url_004532","https://jlcpcb.com/help/article/impedance-control-requirements","https://jlcpcb.com/help/article/impedance-control-requirements","jlcpcb.com","url2.txt","url2.txt:307","success",,,"C:\KICAD_SCRAPE\markdown_url2_clean\jlcpcb.com-help-article-impedance-control-requirements.md",,"markdown","10_dfm_fabrication_assembly","4_fabricator_docs","official_fabricator","medium","false",,"2026-05-10T09:01:13","2026-05-09T19:02:09","dup_0007","matched_source_files=1; not_imported_into_category_tree_yet"
"url_004533","https://jlcpcb.com/help/article/kicad-export-gerber","https://jlcpcb.com/help/article/kicad-export-gerber","jlcpcb.com","url2.txt","url2.txt:306","success",,,"C:\KICAD_SCRAPE\markdown_url2_clean\jlcpcb.com-help-article-kicad-export-gerber.md",,"markdown","10_dfm_fabrication_assembly","4_fabricator_docs","official_fabricator","medium","false",,"2026-05-10T09:01:13","2026-05-09T19:02:11","dup_0007","matched_source_files=1; not_imported_into_category_tree_yet"
"url_004534","https://jlcpcb.com/help/article/minimum-annular-ring","https://jlcpcb.com/help/article/minimum-annular-ring","jlcpcb.com","url2.txt","url2.txt:311","success",,,"C:\KICAD_SCRAPE\markdown_url2_clean\jlcpcb.com-help-article-minimum-annular-ring.md",,"markdown","10_dfm_fabrication_assembly","4_fabricator_docs","official_fabricator","medium","false",,"2026-05-10T09:01:13","2026-05-09T19:02:14","dup_0007","matched_source_files=1; not_imported_into_category_tree_yet"
"url_004535","https://jlcpcb.com/help/article/minimum-hole-size","https://jlcpcb.com/help/article/minimum-hole-size","jlcpcb.com","url2.txt","url2.txt:312","success",,,"C:\KICAD_SCRAPE\markdown_url2_clean\jlcpcb.com-help-article-minimum-hole-size.md",,"markdown","10_dfm_fabrication_assembly","4_fabricator_docs","official_fabricator","medium","false",,"2026-05-10T09:01:13","2026-05-09T19:02:16","dup_0007","matched_source_files=1; not_imported_into_category_tree_yet"
"url_004536","https://jlcpcb.com/help/article/multilayer-pcb-stackup","https://jlcpcb.com/help/article/multilayer-pcb-stackup","jlcpcb.com","url2.txt","url2.txt:309","success",,,"C:\KICAD_SCRAPE\markdown_url2_clean\jlcpcb.com-help-article-multilayer-pcb-stackup.md",,"markdown","10_dfm_fabrication_assembly","4_fabricator_docs","official_fabricator","medium","false",,"2026-05-10T09:01:13","2026-05-09T19:02:18","dup_0007","matched_source_files=1; not_imported_into_category_tree_yet"
"url_004539","https://jlcpcb.com/help/article/pcb-assembly-faq","https://jlcpcb.com/help/article/pcb-assembly-faq","jlcpcb.com","url2.txt","url2.txt:303","success",,,"C:\KICAD_SCRAPE\markdown_url2_clean\jlcpcb.com-help-article-pcb-assembly-faq.md",,"markdown","10_dfm_fabrication_assembly","4_fabricator_docs","official_fabricator","medium","false",,"2026-05-10T09:01:13","2026-05-09T19:02:21","dup_0007","matched_source_files=1; not_imported_into_category_tree_yet"
"url_004541","https://jlcpcb.com/help/article/pcb-edge-plating","https://jlcpcb.com/help/article/pcb-edge-plating","jlcpcb.com","url2.txt","url2.txt:314","success",,,"C:\KICAD_SCRAPE\markdown_url2_clean\jlcpcb.com-help-article-pcb-edge-plating.md",,"markdown","10_dfm_fabrication_assembly","4_fabricator_docs","official_fabricator","medium","false",,"2026-05-10T09:01:13","2026-05-09T19:02:23","dup_0007","matched_source_files=1; not_imported_into_category_tree_yet"
"url_004542","https://jlcpcb.com/help/article/pcb-panelization","https://jlcpcb.com/help/article/pcb-panelization","jlcpcb.com","url2.txt","url2.txt:318","success",,,"C:\KICAD_SCRAPE\markdown_url2_clean\jlcpcb.com-help-article-pcb-panelization.md",,"markdown","10_dfm_fabrication_assembly","4_fabricator_docs","official_fabricator","medium","false",,"2026-05-10T09:01:13","2026-05-09T19:02:26",,"matched_source_files=1; not_imported_into_category_tree_yet"
"url_004543","https://jlcpcb.com/help/article/pcb-stackup","https://jlcpcb.com/help/article/pcb-stackup","jlcpcb.com","url2.txt","url2.txt:310","success",,,"C:\KICAD_SCRAPE\markdown_url2_clean\jlcpcb.com-help-article-pcb-stackup.md",,"markdown","10_dfm_fabrication_assembly","4_fabricator_docs","official_fabricator","medium","false",,"2026-05-10T09:01:13","2026-05-09T19:02:28","dup_0007","matched_source_files=1; not_imported_into_category_tree_yet"
"url_004545","https://jlcpcb.com/help/article/silkscreen-requirements","https://jlcpcb.com/help/article/silkscreen-requirements","jlcpcb.com","url2.txt","url2.txt:317","success",,,"C:\KICAD_SCRAPE\markdown_url2_clean\jlcpcb.com-help-article-silkscreen-requirements.md",,"markdown","10_dfm_fabrication_assembly","4_fabricator_docs","official_fabricator","medium","false",,"2026-05-10T09:01:13","2026-05-09T19:02:30","dup_0007","matched_source_files=1; not_imported_into_category_tree_yet"
"url_004547","https://jlcpcb.com/help/article/soldermask-expansion","https://jlcpcb.com/help/article/soldermask-expansion","jlcpcb.com","url2.txt","url2.txt:316","success",,,"C:\KICAD_SCRAPE\markdown_url2_clean\jlcpcb.com-help-article-soldermask-expansion.md",,"markdown","10_dfm_fabrication_assembly","4_fabricator_docs","official_fabricator","medium","false",,"2026-05-10T09:01:13","2026-05-09T19:02:35","dup_0007","matched_source_files=1; not_imported_into_category_tree_yet"
"url_004548","https://jlcpcb.com/help/article/via-in-pad","https://jlcpcb.com/help/article/via-in-pad","jlcpcb.com","url2.txt","url2.txt:315","success",,,"C:\KICAD_SCRAPE\markdown_url2_clean\jlcpcb.com-help-article-via-in-pad.md",,"markdown","10_dfm_fabrication_assembly","4_fabricator_docs","official_fabricator","medium","false",,"2026-05-10T09:01:13","2026-05-09T19:02:37","dup_0007","matched_source_files=1; not_imported_into_category_tree_yet"
"url_004562","https://nexar.com/api","https://nexar.com/api","nexar.com","url2.txt","url2.txt:595","success",,,"C:\KICAD_SCRAPE\markdown_url2_clean\nexar.com-api.md",,"markdown","04_kicad_libraries_symbols_footprints","8_low_value_index_or_search","low_value","low","false",,"2026-05-10T09:01:13","2026-05-09T19:03:20",,"matched_source_files=1; not_imported_into_category_tree_yet"
"url_004567","https://prodocs.easyeda.com/en/import-export/import-kicad/","https://prodocs.easyeda.com/en/import-export/import-kicad","prodocs.easyeda.com","url2.txt","url2.txt:601","success",,,"C:\KICAD_SCRAPE\markdown_url2_clean\prodocs.easyeda.com-en-import-export-import-kicad.md",,"markdown","04_kicad_libraries_symbols_footprints","8_low_value_index_or_search","low_value","medium","false",,"2026-05-10T09:01:13","2026-05-09T19:03:58",,"matched_source_files=1; not_imported_into_category_tree_yet"
"url_004601","https://supplyframe.com/samacsys","https://supplyframe.com/samacsys","supplyframe.com","url2.txt","url2.txt:584","success",,,"C:\KICAD_SCRAPE\markdown_url2_clean\supplyframe.com-samacsys.md",,"markdown","15_video_reference_index","8_low_value_index_or_search","low_value","low","false",,"2026-05-10T09:01:13","2026-05-09T19:04:18",,"matched_source_files=1; not_imported_into_category_tree_yet"
"url_004605","https://ww1.microchip.com/downloads/aemDocuments/documents/OTH/ApplicationNotes/ApplicationNotes/00002053A.pdf","https://ww1.microchip.com/downloads/aemDocuments/documents/OTH/ApplicationNotes/ApplicationNotes/00002053A.pdf","ww1.microchip.com","url2.txt","url2.txt:152","success",,,"C:\KICAD_SCRAPE\markdown_url2_clean\ww1.microchip.com-downloads-aemDocuments-documents-OTH-ApplicationNotes-ApplicationNotes-00002053A.pdf.pdf",,"pdf_pdf","14_datasheets_pdf_markdown","1_official_manufacturer_datasheet","primary_official","high","false",,"2026-05-10T09:01:13","2026-05-09T19:06:21",,"pdf_url_inferred_from_filename; matched_source_files=1; not_imported_into_category_tree_yet"
"url_004647","https://ww1.microchip.com/downloads/en/AppNotes/AN140.pdf","https://ww1.microchip.com/downloads/en/AppNotes/AN140.pdf","ww1.microchip.com","urls.txt","urls.txt:6493","success",,,"C:\KICAD_SCRAPE\markdown_10k_clean\ww1.microchip.com-downloads-en-AppNotes-AN140.pdf.pdf",,"pdf_pdf","14_datasheets_pdf_markdown","2_official_manufacturer_app_note","official_reference","high","false",,"2026-05-10T09:01:13","2026-05-09T23:40:36",,"pdf_url_inferred_from_filename; matched_source_files=1; not_imported_into_category_tree_yet"
"url_004649","https://ww1.microchip.com/downloads/en/AppNotes/AN142.pdf","https://ww1.microchip.com/downloads/en/AppNotes/AN142.pdf","ww1.microchip.com","urls.txt","urls.txt:6495","success",,,"C:\KICAD_SCRAPE\markdown_10k_clean\ww1.microchip.com-downloads-en-AppNotes-AN142.pdf.pdf",,"pdf_pdf","14_datasheets_pdf_markdown","2_official_manufacturer_app_note","official_reference","high","false",,"2026-05-10T09:01:13","2026-05-09T23:40:40",,"pdf_url_inferred_from_filename; matched_source_files=1; not_imported_into_category_tree_yet"
"url_004721","https://ww1.microchip.com/downloads/en/AppNotes/AN214.pdf","https://ww1.microchip.com/downloads/en/AppNotes/AN214.pdf","ww1.microchip.com","urls.txt","urls.txt:6567","success",,,"C:\KICAD_SCRAPE\markdown_10k_clean\ww1.microchip.com-downloads-en-AppNotes-AN214.pdf.pdf",,"pdf_pdf","14_datasheets_pdf_markdown","2_official_manufacturer_app_note","official_reference","high","false",,"2026-05-10T09:01:13","2026-05-09T23:43:42",,"pdf_url_inferred_from_filename; matched_source_files=1; not_imported_into_category_tree_yet"
"url_005857","https://www.4pcb.com/pcb-capabilities.html","https://www.4pcb.com/pcb-capabilities.html","www.4pcb.com","url2.txt","url2.txt:350","success",,,"C:\KICAD_SCRAPE\markdown_url2_clean\4pcb.com-pcb-capabilities.html.md",,"markdown","10_dfm_fabrication_assembly","4_fabricator_docs","official_fabricator","medium","false",,"2026-05-10T09:01:13","2026-05-09T19:06:26",,"matched_source_files=1; not_imported_into_category_tree_yet"
"url_005858","https://www.4pcb.com/pcb-design-checklist.html","https://www.4pcb.com/pcb-design-checklist.html","www.4pcb.com","url2.txt","url2.txt:348","success",,,"C:\KICAD_SCRAPE\markdown_url2_clean\4pcb.com-pcb-design-checklist.html.md",,"markdown","10_dfm_fabrication_assembly","4_fabricator_docs","official_fabricator","unknown","false",,"2026-05-10T09:01:13","2026-05-09T19:06:28","dup_0040","matched_source_files=1; not_imported_into_category_tree_yet"
"url_005860","https://www.4pcb.com/printed-circuit-board-stackups.html","https://www.4pcb.com/printed-circuit-board-stackups.html","www.4pcb.com","url2.txt","url2.txt:349","success",,,"C:\KICAD_SCRAPE\markdown_url2_clean\4pcb.com-printed-circuit-board-stackups.html.md",,"markdown","10_dfm_fabrication_assembly","4_fabricator_docs","official_fabricator","unknown","false",,"2026-05-10T09:01:13","2026-05-09T19:06:30","dup_0040","matched_source_files=1; not_imported_into_category_tree_yet"
"url_006839","https://www.espressif.com/en/products/devkits/esp32-c3-devkitm-1","https://www.espressif.com/en/products/devkits/esp32-c3-devkitm-1","www.espressif.com","url2.txt","url2.txt:681","success",,,"C:\KICAD_SCRAPE\markdown_url2_clean\espressif.com-en-products-devkits-esp32-c3-devkitm-1.md",,"markdown","12_forums_peer_review","8_low_value_index_or_search","low_value","medium","false",,"2026-05-10T09:01:13","2026-05-09T20:13:24","dup_0014","matched_source_files=1; not_imported_into_category_tree_yet"
"url_006840","https://www.espressif.com/en/products/devkits/esp32-c6-devkitc-1","https://www.espressif.com/en/products/devkits/esp32-c6-devkitc-1","www.espressif.com","url2.txt","url2.txt:680","success",,,"C:\KICAD_SCRAPE\markdown_url2_clean\espressif.com-en-products-devkits-esp32-c6-devkitc-1.md",,"markdown","12_forums_peer_review","8_low_value_index_or_search","low_value","medium","false",,"2026-05-10T09:01:13","2026-05-09T20:13:28","dup_0014","matched_source_files=1; not_imported_into_category_tree_yet"
"url_006841","https://www.espressif.com/en/products/devkits/esp32-devkitc","https://www.espressif.com/en/products/devkits/esp32-devkitc","www.espressif.com","url2.txt","url2.txt:682","success",,,"C:\KICAD_SCRAPE\markdown_url2_clean\espressif.com-en-products-devkits-esp32-devkitc.md",,"markdown","12_forums_peer_review","8_low_value_index_or_search","low_value","medium","false",,"2026-05-10T09:01:13","2026-05-09T20:13:30",,"matched_source_files=1; not_imported_into_category_tree_yet"
"url_006842","https://www.espressif.com/en/products/devkits/esp32-p4-function-ev-board","https://www.espressif.com/en/products/devkits/esp32-p4-function-ev-board","www.espressif.com","url2.txt","url2.txt:678","success",,,"C:\KICAD_SCRAPE\markdown_url2_clean\espressif.com-en-products-devkits-esp32-p4-function-ev-board.md",,"markdown","12_forums_peer_review","8_low_value_index_or_search","low_value","medium","false",,"2026-05-10T09:01:13","2026-05-09T20:13:34","dup_0014","matched_source_files=1; not_imported_into_category_tree_yet"
"url_006843","https://www.espressif.com/en/products/devkits/esp32-s3-devkitc-1","https://www.espressif.com/en/products/devkits/esp32-s3-devkitc-1","www.espressif.com","url2.txt","url2.txt:95; url2.txt:679","success",,,"C:\KICAD_SCRAPE\markdown_url2_clean\espressif.com-en-products-devkits-esp32-s3-devkitc-1.md",,"markdown","12_forums_peer_review","8_low_value_index_or_search","low_value","medium","false",,"2026-05-10T09:01:13","2026-05-09T20:13:37","dup_0014","matched_source_files=1; not_imported_into_category_tree_yet"
"url_006844","https://www.espressif.com/en/products/modules","https://www.espressif.com/en/products/modules","www.espressif.com","url2.txt","url2.txt:632","success",,,"C:\KICAD_SCRAPE\markdown_url2_clean\espressif.com-en-products-modules.md",,"markdown","12_forums_peer_review","8_low_value_index_or_search","low_value","medium","false",,"2026-05-10T09:01:13","2026-05-09T20:13:39",,"matched_source_files=1; not_imported_into_category_tree_yet"
"url_006845","https://www.espressif.com/en/products/modules/esp32-c2-mini-1","https://www.espressif.com/en/products/modules/esp32-c2-mini-1","www.espressif.com","url2.txt","url2.txt:676","success",,,"C:\KICAD_SCRAPE\markdown_url2_clean\espressif.com-en-products-modules-esp32-c2-mini-1.md",,"markdown","12_forums_peer_review","8_low_value_index_or_search","low_value","medium","false",,"2026-05-10T09:01:13","2026-05-09T20:13:47","dup_0005","matched_source_files=1; not_imported_into_category_tree_yet"
"url_006846","https://www.espressif.com/en/products/modules/esp32-c3-mini-1","https://www.espressif.com/en/products/modules/esp32-c3-mini-1","www.espressif.com","url2.txt","url2.txt:672","success",,,"C:\KICAD_SCRAPE\markdown_url2_clean\espressif.com-en-products-modules-esp32-c3-mini-1.md",,"markdown","12_forums_peer_review","8_low_value_index_or_search","low_value","medium","false",,"2026-05-10T09:01:13","2026-05-09T20:13:51","dup_0005","matched_source_files=1; not_imported_into_category_tree_yet"
"url_006847","https://www.espressif.com/en/products/modules/esp32-c3-wroom-02","https://www.espressif.com/en/products/modules/esp32-c3-wroom-02","www.espressif.com","url2.txt","url2.txt:671","success",,,"C:\KICAD_SCRAPE\markdown_url2_clean\espressif.com-en-products-modules-esp32-c3-wroom-02.md",,"markdown","12_forums_peer_review","8_low_value_index_or_search","low_value","medium","false",,"2026-05-10T09:01:13","2026-05-09T20:13:55","dup_0005","matched_source_files=1; not_imported_into_category_tree_yet"
"url_006848","https://www.espressif.com/en/products/modules/esp32-c5-wroom-1","https://www.espressif.com/en/products/modules/esp32-c5-wroom-1","www.espressif.com","url2.txt","url2.txt:675","success",,,"C:\KICAD_SCRAPE\markdown_url2_clean\espressif.com-en-products-modules-esp32-c5-wroom-1.md",,"markdown","12_forums_peer_review","8_low_value_index_or_search","low_value","medium","false",,"2026-05-10T09:01:13","2026-05-09T20:13:59","dup_0005","matched_source_files=1; not_imported_into_category_tree_yet"
"url_006849","https://www.espressif.com/en/products/modules/esp32-c6-mini-1","https://www.espressif.com/en/products/modules/esp32-c6-mini-1","www.espressif.com","url2.txt","url2.txt:674","success",,,"C:\KICAD_SCRAPE\markdown_url2_clean\espressif.com-en-products-modules-esp32-c6-mini-1.md",,"markdown","12_forums_peer_review","8_low_value_index_or_search","low_value","medium","false",,"2026-05-10T09:01:13","2026-05-09T20:14:03","dup_0005","matched_source_files=1; not_imported_into_category_tree_yet"
"url_006850","https://www.espressif.com/en/products/modules/esp32-c6-wroom-1","https://www.espressif.com/en/products/modules/esp32-c6-wroom-1","www.espressif.com","url2.txt","url2.txt:673","success",,,"C:\KICAD_SCRAPE\markdown_url2_clean\espressif.com-en-products-modules-esp32-c6-wroom-1.md",,"markdown","12_forums_peer_review","8_low_value_index_or_search","low_value","medium","false",,"2026-05-10T09:01:13","2026-05-09T20:14:07","dup_0005","matched_source_files=1; not_imported_into_category_tree_yet"
"url_006851","https://www.espressif.com/en/products/modules/esp32-h2-mini-1","https://www.espressif.com/en/products/modules/esp32-h2-mini-1","www.espressif.com","url2.txt","url2.txt:677","success",,,"C:\KICAD_SCRAPE\markdown_url2_clean\espressif.com-en-products-modules-esp32-h2-mini-1.md",,"markdown","12_forums_peer_review","8_low_value_index_or_search","low_value","medium","false",,"2026-05-10T09:01:13","2026-05-09T20:14:12","dup_0005","matched_source_files=1; not_imported_into_category_tree_yet"
"url_006852","https://www.espressif.com/en/products/modules/esp32-s2-wroom","https://www.espressif.com/en/products/modules/esp32-s2-wroom","www.espressif.com","url2.txt","url2.txt:665","success",,,"C:\KICAD_SCRAPE\markdown_url2_clean\espressif.com-en-products-modules-esp32-s2-wroom.md",,"markdown","12_forums_peer_review","8_low_value_index_or_search","low_value","medium","false",,"2026-05-10T09:01:13","2026-05-09T20:14:16","dup_0005","matched_source_files=1; not_imported_into_category_tree_yet"
"url_006853","https://www.espressif.com/en/products/modules/esp32-s2-wrover","https://www.espressif.com/en/products/modules/esp32-s2-wrover","www.espressif.com","url2.txt","url2.txt:666","success",,,"C:\KICAD_SCRAPE\markdown_url2_clean\espressif.com-en-products-modules-esp32-s2-wrover.md",,"markdown","12_forums_peer_review","8_low_value_index_or_search","low_value","medium","false",,"2026-05-10T09:01:13","2026-05-09T20:14:20","dup_0005","matched_source_files=1; not_imported_into_category_tree_yet"
"url_006854","https://www.espressif.com/en/products/modules/esp32-s3-mini-1","https://www.espressif.com/en/products/modules/esp32-s3-mini-1","www.espressif.com","url2.txt","url2.txt:669","success",,,"C:\KICAD_SCRAPE\markdown_url2_clean\espressif.com-en-products-modules-esp32-s3-mini-1.md",,"markdown","12_forums_peer_review","8_low_value_index_or_search","low_value","medium","false",,"2026-05-10T09:01:13","2026-05-09T20:14:24","dup_0005","matched_source_files=1; not_imported_into_category_tree_yet"
"url_006855","https://www.espressif.com/en/products/modules/esp32-s3-wroom-1","https://www.espressif.com/en/products/modules/esp32-s3-wroom-1","www.espressif.com","url2.txt","url2.txt:94; url2.txt:667","success",,,"C:\KICAD_SCRAPE\markdown_url2_clean\espressif.com-en-products-modules-esp32-s3-wroom-1.md",,"markdown","12_forums_peer_review","8_low_value_index_or_search","low_value","medium","false",,"2026-05-10T09:01:13","2026-05-09T20:14:32","dup_0005","matched_source_files=1; not_imported_into_category_tree_yet"
"url_006856","https://www.espressif.com/en/products/modules/esp32-s3-wroom-2","https://www.espressif.com/en/products/modules/esp32-s3-wroom-2","www.espressif.com","url2.txt","url2.txt:668","success",,,"C:\KICAD_SCRAPE\markdown_url2_clean\espressif.com-en-products-modules-esp32-s3-wroom-2.md",,"markdown","12_forums_peer_review","8_low_value_index_or_search","low_value","medium","false",,"2026-05-10T09:01:13","2026-05-09T20:14:36","dup_0005","matched_source_files=1; not_imported_into_category_tree_yet"
"url_006857","https://www.espressif.com/en/products/modules/esp32-s3-wrover","https://www.espressif.com/en/products/modules/esp32-s3-wrover","www.espressif.com","url2.txt","url2.txt:670","success",,,"C:\KICAD_SCRAPE\markdown_url2_clean\espressif.com-en-products-modules-esp32-s3-wrover.md",,"markdown","12_forums_peer_review","8_low_value_index_or_search","low_value","medium","false",,"2026-05-10T09:01:13","2026-05-09T20:14:40","dup_0005","matched_source_files=1; not_imported_into_category_tree_yet"
"url_006858","https://www.espressif.com/en/products/modules/esp32-wroom-32","https://www.espressif.com/en/products/modules/esp32-wroom-32","www.espressif.com","url2.txt","url2.txt:663","success",,,"C:\KICAD_SCRAPE\markdown_url2_clean\espressif.com-en-products-modules-esp32-wroom-32.md",,"markdown","12_forums_peer_review","8_low_value_index_or_search","low_value","medium","false",,"2026-05-10T09:01:13","2026-05-09T20:14:44","dup_0005","matched_source_files=1; not_imported_into_category_tree_yet"
"url_006859","https://www.espressif.com/en/products/modules/esp32-wrover","https://www.espressif.com/en/products/modules/esp32-wrover","www.espressif.com","url2.txt","url2.txt:664","success",,,"C:\KICAD_SCRAPE\markdown_url2_clean\espressif.com-en-products-modules-esp32-wrover.md",,"markdown","12_forums_peer_review","8_low_value_index_or_search","low_value","medium","false",,"2026-05-10T09:01:13","2026-05-09T20:14:48","dup_0005","matched_source_files=1; not_imported_into_category_tree_yet"
"url_006860","https://www.espressif.com/en/products/socs","https://www.espressif.com/en/products/socs","www.espressif.com","url2.txt","url2.txt:631","success",,,"C:\KICAD_SCRAPE\markdown_url2_clean\espressif.com-en-products-socs.md",,"markdown","12_forums_peer_review","8_low_value_index_or_search","low_value","medium","false",,"2026-05-10T09:01:13","2026-05-09T20:14:51",,"matched_source_files=1; not_imported_into_category_tree_yet"
"url_006861","https://www.espressif.com/en/products/socs/esp32","https://www.espressif.com/en/products/socs/esp32","www.espressif.com","url2.txt","url2.txt:653","success",,,"C:\KICAD_SCRAPE\markdown_url2_clean\espressif.com-en-products-socs-esp32.md",,"markdown","12_forums_peer_review","8_low_value_index_or_search","low_value","medium","false",,"2026-05-10T09:01:13","2026-05-09T20:14:53",,"matched_source_files=1; not_imported_into_category_tree_yet"
"url_006862","https://www.espressif.com/en/products/socs/esp32-c2","https://www.espressif.com/en/products/socs/esp32-c2","www.espressif.com","url2.txt","url2.txt:656","success",,,"C:\KICAD_SCRAPE\markdown_url2_clean\espressif.com-en-products-socs-esp32-c2.md",,"markdown","12_forums_peer_review","8_low_value_index_or_search","low_value","medium","false",,"2026-05-10T09:01:13","2026-05-09T20:14:55",,"matched_source_files=1; not_imported_into_category_tree_yet"
"url_006863","https://www.espressif.com/en/products/socs/esp32-c3","https://www.espressif.com/en/products/socs/esp32-c3","www.espressif.com","url2.txt","url2.txt:657","success",,,"C:\KICAD_SCRAPE\markdown_url2_clean\espressif.com-en-products-socs-esp32-c3.md",,"markdown","12_forums_peer_review","8_low_value_index_or_search","low_value","medium","false",,"2026-05-10T09:01:13","2026-05-09T20:14:57",,"matched_source_files=1; not_imported_into_category_tree_yet"
"url_006864","https://www.espressif.com/en/products/socs/esp32-c5","https://www.espressif.com/en/products/socs/esp32-c5","www.espressif.com","url2.txt","url2.txt:658","success",,,"C:\KICAD_SCRAPE\markdown_url2_clean\espressif.com-en-products-socs-esp32-c5.md",,"markdown","12_forums_peer_review","8_low_value_index_or_search","low_value","medium","false",,"2026-05-10T09:01:13","2026-05-09T20:15:00",,"matched_source_files=1; not_imported_into_category_tree_yet"
"url_006865","https://www.espressif.com/en/products/socs/esp32-c6","https://www.espressif.com/en/products/socs/esp32-c6","www.espressif.com","url2.txt","url2.txt:659","success",,,"C:\KICAD_SCRAPE\markdown_url2_clean\espressif.com-en-products-socs-esp32-c6.md",,"markdown","12_forums_peer_review","8_low_value_index_or_search","low_value","medium","false",,"2026-05-10T09:01:13","2026-05-09T20:15:01",,"matched_source_files=1; not_imported_into_category_tree_yet"
"url_006866","https://www.espressif.com/en/products/socs/esp32-c61","https://www.espressif.com/en/products/socs/esp32-c61","www.espressif.com","url2.txt","url2.txt:660","success",,,"C:\KICAD_SCRAPE\markdown_url2_clean\espressif.com-en-products-socs-esp32-c61.md",,"markdown","12_forums_peer_review","8_low_value_index_or_search","low_value","medium","false",,"2026-05-10T09:01:13","2026-05-09T20:15:04",,"matched_source_files=1; not_imported_into_category_tree_yet"
"url_006867","https://www.espressif.com/en/products/socs/esp32-h2","https://www.espressif.com/en/products/socs/esp32-h2","www.espressif.com","url2.txt","url2.txt:661","success",,,"C:\KICAD_SCRAPE\markdown_url2_clean\espressif.com-en-products-socs-esp32-h2.md",,"markdown","12_forums_peer_review","8_low_value_index_or_search","low_value","medium","false",,"2026-05-10T09:01:13","2026-05-09T20:15:07",,"matched_source_files=1; not_imported_into_category_tree_yet"
"url_006868","https://www.espressif.com/en/products/socs/esp32-p4","https://www.espressif.com/en/products/socs/esp32-p4","www.espressif.com","url2.txt","url2.txt:662","success",,,"C:\KICAD_SCRAPE\markdown_url2_clean\espressif.com-en-products-socs-esp32-p4.md",,"markdown","12_forums_peer_review","8_low_value_index_or_search","low_value","medium","false",,"2026-05-10T09:01:13","2026-05-09T20:15:08",,"matched_source_files=1; not_imported_into_category_tree_yet"
"url_006869","https://www.espressif.com/en/products/socs/esp32-s2","https://www.espressif.com/en/products/socs/esp32-s2","www.espressif.com","url2.txt","url2.txt:654","success",,,"C:\KICAD_SCRAPE\markdown_url2_clean\espressif.com-en-products-socs-esp32-s2.md",,"markdown","12_forums_peer_review","8_low_value_index_or_search","low_value","medium","false",,"2026-05-10T09:01:13","2026-05-09T20:15:11",,"matched_source_files=1; not_imported_into_category_tree_yet"
"url_006870","https://www.espressif.com/en/products/socs/esp32-s3","https://www.espressif.com/en/products/socs/esp32-s3","www.espressif.com","url2.txt","url2.txt:655","success",,,"C:\KICAD_SCRAPE\markdown_url2_clean\espressif.com-en-products-socs-esp32-s3.md",,"markdown","12_forums_peer_review","8_low_value_index_or_search","low_value","medium","false",,"2026-05-10T09:01:13","2026-05-09T20:15:13",,"matched_source_files=1; not_imported_into_category_tree_yet"
"url_006871","https://www.espressif.com/en/support/documents/technical-documents","https://www.espressif.com/en/support/documents/technical-documents","www.espressif.com","url2.txt","url2.txt:633","success",,,"C:\KICAD_SCRAPE\markdown_url2_clean\espressif.com-en-support-documents-technical-documents.md",,"markdown","12_forums_peer_review","8_low_value_index_or_search","low_value","medium","false",,"2026-05-10T09:01:13","2026-05-09T20:15:18",,"matched_source_files=1; not_imported_into_category_tree_yet"
"url_006872","https://www.espressif.com/en/support/download/documents/modules","https://www.espressif.com/en/support/download/documents/modules","www.espressif.com","url2.txt","url2.txt:89","success",,,"C:\KICAD_SCRAPE\markdown_url2_clean\espressif.com-en-support-download-documents-modules.md",,"markdown","12_forums_peer_review","8_low_value_index_or_search","low_value","medium","false",,"2026-05-10T09:01:13","2026-05-09T20:15:22",,"matched_source_files=1; not_imported_into_category_tree_yet"
"url_006873","https://www.espressif.com/en/support/download/documents/other","https://www.espressif.com/en/support/download/documents/other","www.espressif.com","url2.txt","url2.txt:90","success",,,"C:\KICAD_SCRAPE\markdown_url2_clean\espressif.com-en-support-download-documents-other.md",,"markdown","12_forums_peer_review","8_low_value_index_or_search","low_value","medium","false",,"2026-05-10T09:01:13","2026-05-09T20:15:27",,"matched_source_files=1; not_imported_into_category_tree_yet"
"url_006876","https://www.espressif.com/en/support/download/documents?keys=usb","https://www.espressif.com/en/support/download/documents?keys=usb","www.espressif.com","url2.txt","url2.txt:93","success",,,"C:\KICAD_SCRAPE\markdown_url2_clean\espressif.com-en-support-download-documents.md",,"markdown","12_forums_peer_review","8_low_value_index_or_search","low_value","medium","false",,"2026-05-10T09:01:13","2026-05-09T20:15:32",,"matched_source_files=1; not_imported_into_category_tree_yet"
"url_006877","https://www.espressif.com/sites/default/files/documentation/esp32_datasheet_en.pdf","https://www.espressif.com/sites/default/files/documentation/esp32_datasheet_en.pdf","www.espressif.com","url2.txt","url2.txt:683","success",,,"C:\KICAD_SCRAPE\markdown_url2_clean\espressif.com-sites-default-files-documentation-esp32_datasheet_en.pdf.pdf",,"pdf_pdf","14_datasheets_pdf_markdown","1_official_manufacturer_datasheet","primary_official","high","false",,"2026-05-10T09:01:13","2026-05-09T20:15:35",,"pdf_url_inferred_from_filename; matched_source_files=1; not_imported_into_category_tree_yet"
"url_006879","https://www.espressif.com/sites/default/files/documentation/esp32_technical_reference_manual_en.pdf","https://www.espressif.com/sites/default/files/documentation/esp32_technical_reference_manual_en.pdf","www.espressif.com","url2.txt","url2.txt:684","success",,,"C:\KICAD_SCRAPE\markdown_url2_clean\espressif.com-sites-default-files-documentation-esp32_technical_reference_manual_en.pdf.pdf",,"pdf_pdf","14_datasheets_pdf_markdown","1_official_manufacturer_datasheet","primary_official","high","false",,"2026-05-10T09:01:13","2026-05-09T20:15:46",,"pdf_url_inferred_from_filename; matched_source_files=1; not_imported_into_category_tree_yet"
"url_006880","https://www.espressif.com/sites/default/files/documentation/esp32-c3_datasheet_en.pdf","https://www.espressif.com/sites/default/files/documentation/esp32-c3_datasheet_en.pdf","www.espressif.com","url2.txt","url2.txt:693","success",,,"C:\KICAD_SCRAPE\markdown_url2_clean\espressif.com-sites-default-files-documentation-esp32-c3_datasheet_en.pdf.pdf",,"pdf_pdf","14_datasheets_pdf_markdown","1_official_manufacturer_datasheet","primary_official","high","false",,"2026-05-10T09:01:13","2026-05-09T20:15:50",,"pdf_url_inferred_from_filename; matched_source_files=1; not_imported_into_category_tree_yet"
"url_006881","https://www.espressif.com/sites/default/files/documentation/esp32-c3_technical_reference_manual_en.pdf","https://www.espressif.com/sites/default/files/documentation/esp32-c3_technical_reference_manual_en.pdf","www.espressif.com","url2.txt","url2.txt:694","success",,,"C:\KICAD_SCRAPE\markdown_url2_clean\espressif.com-sites-default-files-documentation-esp32-c3_technical_reference_manual_en.pdf.pdf",,"pdf_pdf","14_datasheets_pdf_markdown","1_official_manufacturer_datasheet","primary_official","high","false",,"2026-05-10T09:01:13","2026-05-09T20:16:00",,"pdf_url_inferred_from_filename; matched_source_files=1; not_imported_into_category_tree_yet"
"url_006882","https://www.espressif.com/sites/default/files/documentation/esp32-c3-mini-1_datasheet_en.pdf","https://www.espressif.com/sites/default/files/documentation/esp32-c3-mini-1_datasheet_en.pdf","www.espressif.com","url2.txt","url2.txt:696","success",,,"C:\KICAD_SCRAPE\markdown_url2_clean\espressif.com-sites-default-files-documentation-esp32-c3-mini-1_datasheet_en.pdf.pdf",,"pdf_pdf","14_datasheets_pdf_markdown","1_official_manufacturer_datasheet","primary_official","high","false",,"2026-05-10T09:01:13","2026-05-09T20:16:04",,"pdf_url_inferred_from_filename; matched_source_files=1; not_imported_into_category_tree_yet"
"url_006883","https://www.espressif.com/sites/default/files/documentation/esp32-c3-wroom-02_datasheet_en.pdf","https://www.espressif.com/sites/default/files/documentation/esp32-c3-wroom-02_datasheet_en.pdf","www.espressif.com","url2.txt","url2.txt:695","success",,,"C:\KICAD_SCRAPE\markdown_url2_clean\espressif.com-sites-default-files-documentation-esp32-c3-wroom-02_datasheet_en.pdf.pdf",,"pdf_pdf","14_datasheets_pdf_markdown","1_official_manufacturer_datasheet","primary_official","high","false",,"2026-05-10T09:01:13","2026-05-09T20:16:07",,"pdf_url_inferred_from_filename; matched_source_files=1; not_imported_into_category_tree_yet"
"url_006884","https://www.espressif.com/sites/default/files/documentation/esp32-c6_datasheet_en.pdf","https://www.espressif.com/sites/default/files/documentation/esp32-c6_datasheet_en.pdf","www.espressif.com","url2.txt","url2.txt:697","success",,,"C:\KICAD_SCRAPE\markdown_url2_clean\espressif.com-sites-default-files-documentation-esp32-c6_datasheet_en.pdf.pdf",,"pdf_pdf","14_datasheets_pdf_markdown","1_official_manufacturer_datasheet","primary_official","high","false",,"2026-05-10T09:01:13","2026-05-09T20:16:09",,"pdf_url_inferred_from_filename; matched_source_files=1; not_imported_into_category_tree_yet"
"url_006885","https://www.espressif.com/sites/default/files/documentation/esp32-c6_technical_reference_manual_en.pdf","https://www.espressif.com/sites/default/files/documentation/esp32-c6_technical_reference_manual_en.pdf","www.espressif.com","url2.txt","url2.txt:698","success",,,"C:\KICAD_SCRAPE\markdown_url2_clean\espressif.com-sites-default-files-documentation-esp32-c6_technical_reference_manual_en.pdf.pdf",,"pdf_pdf","14_datasheets_pdf_markdown","1_official_manufacturer_datasheet","primary_official","high","false",,"2026-05-10T09:01:13","2026-05-09T20:16:20",,"pdf_url_inferred_from_filename; matched_source_files=1; not_imported_into_category_tree_yet"
"url_006886","https://www.espressif.com/sites/default/files/documentation/esp32-c6-mini-1_mini-1u_datasheet_en.pdf","https://www.espressif.com/sites/default/files/documentation/esp32-c6-mini-1_mini-1u_datasheet_en.pdf","www.espressif.com","url2.txt","url2.txt:700","success",,,"C:\KICAD_SCRAPE\markdown_url2_clean\espressif.com-sites-default-files-documentation-esp32-c6-mini-1_mini-1u_datasheet_en.pdf.pdf",,"pdf_pdf","14_datasheets_pdf_markdown","1_official_manufacturer_datasheet","primary_official","high","false",,"2026-05-10T09:01:13","2026-05-09T20:16:24",,"pdf_url_inferred_from_filename; matched_source_files=1; not_imported_into_category_tree_yet"
"url_006887","https://www.espressif.com/sites/default/files/documentation/esp32-c6-wroom-1_wroom-1u_datasheet_en.pdf","https://www.espressif.com/sites/default/files/documentation/esp32-c6-wroom-1_wroom-1u_datasheet_en.pdf","www.espressif.com","url2.txt","url2.txt:699","success",,,"C:\KICAD_SCRAPE\markdown_url2_clean\espressif.com-sites-default-files-documentation-esp32-c6-wroom-1_wroom-1u_datasheet_en.pdf.pdf",,"pdf_pdf","14_datasheets_pdf_markdown","1_official_manufacturer_datasheet","primary_official","high","false",,"2026-05-10T09:01:13","2026-05-09T20:16:26",,"pdf_url_inferred_from_filename; matched_source_files=1; not_imported_into_category_tree_yet"
"url_006888","https://www.espressif.com/sites/default/files/documentation/esp32-s2_datasheet_en.pdf","https://www.espressif.com/sites/default/files/documentation/esp32-s2_datasheet_en.pdf","www.espressif.com","url2.txt","url2.txt:686","success",,,"C:\KICAD_SCRAPE\markdown_url2_clean\espressif.com-sites-default-files-documentation-esp32-s2_datasheet_en.pdf.pdf",,"pdf_pdf","14_datasheets_pdf_markdown","1_official_manufacturer_datasheet","primary_official","high","false",,"2026-05-10T09:01:13","2026-05-09T20:16:30",,"pdf_url_inferred_from_filename; matched_source_files=1; not_imported_into_category_tree_yet"
"url_006889","https://www.espressif.com/sites/default/files/documentation/esp32-s2_technical_reference_manual_en.pdf","https://www.espressif.com/sites/default/files/documentation/esp32-s2_technical_reference_manual_en.pdf","www.espressif.com","url2.txt","url2.txt:687","success",,,"C:\KICAD_SCRAPE\markdown_url2_clean\espressif.com-sites-default-files-documentation-esp32-s2_technical_reference_manual_en.pdf.pdf",,"pdf_pdf","14_datasheets_pdf_markdown","1_official_manufacturer_datasheet","primary_official","high","false",,"2026-05-10T09:01:13","2026-05-09T20:16:42",,"pdf_url_inferred_from_filename; matched_source_files=1; not_imported_into_category_tree_yet"
"url_006890","https://www.espressif.com/sites/default/files/documentation/esp32-s3_datasheet_en.pdf","https://www.espressif.com/sites/default/files/documentation/esp32-s3_datasheet_en.pdf","www.espressif.com","url2.txt","url2.txt:688","success",,,"C:\KICAD_SCRAPE\markdown_url2_clean\espressif.com-sites-default-files-documentation-esp32-s3_datasheet_en.pdf.pdf",,"pdf_pdf","14_datasheets_pdf_markdown","1_official_manufacturer_datasheet","primary_official","high","false",,"2026-05-10T09:01:13","2026-05-09T20:16:45",,"pdf_url_inferred_from_filename; matched_source_files=1; not_imported_into_category_tree_yet"
"url_006892","https://www.espressif.com/sites/default/files/documentation/esp32-s3_technical_reference_manual_en.pdf","https://www.espressif.com/sites/default/files/documentation/esp32-s3_technical_reference_manual_en.pdf","www.espressif.com","url2.txt","url2.txt:689","success",,,"C:\KICAD_SCRAPE\markdown_url2_clean\espressif.com-sites-default-files-documentation-esp32-s3_technical_reference_manual_en.pdf.pdf",,"pdf_pdf","14_datasheets_pdf_markdown","1_official_manufacturer_datasheet","primary_official","high","false",,"2026-05-10T09:01:13","2026-05-09T20:17:01",,"pdf_url_inferred_from_filename; matched_source_files=1; not_imported_into_category_tree_yet"
"url_006893","https://www.espressif.com/sites/default/files/documentation/esp32-s3-mini-1_mini-1u_datasheet_en.pdf","https://www.espressif.com/sites/default/files/documentation/esp32-s3-mini-1_mini-1u_datasheet_en.pdf","www.espressif.com","url2.txt","url2.txt:692","success",,,"C:\KICAD_SCRAPE\markdown_url2_clean\espressif.com-sites-default-files-documentation-esp32-s3-mini-1_mini-1u_datasheet_en.pdf.pdf",,"pdf_pdf","14_datasheets_pdf_markdown","1_official_manufacturer_datasheet","primary_official","high","false",,"2026-05-10T09:01:13","2026-05-09T20:17:04",,"pdf_url_inferred_from_filename; matched_source_files=1; not_imported_into_category_tree_yet"
"url_006894","https://www.espressif.com/sites/default/files/documentation/esp32-s3-wroom-1_wroom-1u_datasheet_en.pdf","https://www.espressif.com/sites/default/files/documentation/esp32-s3-wroom-1_wroom-1u_datasheet_en.pdf","www.espressif.com","url2.txt","url2.txt:691","success",,,"C:\KICAD_SCRAPE\markdown_url2_clean\espressif.com-sites-default-files-documentation-esp32-s3-wroom-1_wroom-1u_datasheet_en.pdf.pdf",,"pdf_pdf","14_datasheets_pdf_markdown","1_official_manufacturer_datasheet","primary_official","high","false",,"2026-05-10T09:01:13","2026-05-09T20:17:07","dup_0028","pdf_url_inferred_from_filename; matched_source_files=1; not_imported_into_category_tree_yet"
"url_006912","https://www.fedevel.com/forum","https://www.fedevel.com/forum","www.fedevel.com","url2.txt","url2.txt:460","success",,,"C:\KICAD_SCRAPE\markdown_url2_clean\fedevel.com-forum.md",,"markdown","04_kicad_libraries_symbols_footprints","8_low_value_index_or_search","low_value","low","false",,"2026-05-10T09:01:13","2026-05-09T20:18:13",,"matched_source_files=1; not_imported_into_category_tree_yet"
"url_007014","https://www.gigadevice.com/product/mcu/high-performance-mcus/gd32f4xx-series/","https://www.gigadevice.com/product/mcu/high-performance-mcus/gd32f4xx-series","www.gigadevice.com","url2.txt","url2.txt:957","success",,,"C:\KICAD_SCRAPE\markdown_url2_clean\gigadevice.com-product-mcu-high-performance-mcus-gd32f4xx-series.md",,"markdown","04_kicad_libraries_symbols_footprints","8_low_value_index_or_search","low_value","medium","false",,"2026-05-10T09:01:13","2026-05-09T20:18:23",,"matched_source_files=1; not_imported_into_category_tree_yet"
"url_007016","https://www.gigadevice.com/products/microcontrollers/gd32/","https://www.gigadevice.com/products/microcontrollers/gd32","www.gigadevice.com","url2.txt","url2.txt:955","success",,,"C:\KICAD_SCRAPE\markdown_url2_clean\gigadevice.com-products-microcontrollers-gd32.md",,"markdown","04_kicad_libraries_symbols_footprints","8_low_value_index_or_search","low_value","medium","false",,"2026-05-10T09:01:13","2026-05-09T20:18:28",,"matched_source_files=1; not_imported_into_category_tree_yet"
"url_007017","https://www.hirose.com/product/series/CX","https://www.hirose.com/product/series/CX","www.hirose.com","url2.txt","url2.txt:449","success",,,"C:\KICAD_SCRAPE\markdown_url2_clean\hirose.com-product-series-CX.md",,"markdown","15_video_reference_index","8_low_value_index_or_search","low_value","low","false",,"2026-05-10T09:01:13","2026-05-09T20:18:33",,"matched_source_files=1; not_imported_into_category_tree_yet"
"url_007036","https://www.kicad.org/libraries/contribute/","https://www.kicad.org/libraries/contribute","www.kicad.org","url2.txt","url2.txt:504","success",,,"C:\KICAD_SCRAPE\markdown_url2_clean\kicad.org-libraries-contribute.md",,"markdown","04_kicad_libraries_symbols_footprints","3_official_kicad_docs","official_docs","medium","false",,"2026-05-10T09:01:13","2026-05-09T20:19:31","dup_0022","matched_source_files=1; not_imported_into_category_tree_yet"
"url_007037","https://www.kicad.org/libraries/download/","https://www.kicad.org/libraries/download","www.kicad.org","url2.txt","url2.txt:501","success",,,"C:\KICAD_SCRAPE\markdown_url2_clean\kicad.org-libraries-download.md",,"markdown","04_kicad_libraries_symbols_footprints","3_official_kicad_docs","official_docs","medium","false",,"2026-05-10T09:01:13","2026-05-09T20:19:35","dup_0022","matched_source_files=1; not_imported_into_category_tree_yet"
"url_007038","https://www.kicad.org/libraries/klc/","https://www.kicad.org/libraries/klc","www.kicad.org","url2.txt","url2.txt:503","success",,,"C:\KICAD_SCRAPE\markdown_url2_clean\kicad.org-libraries-klc.md",,"markdown","04_kicad_libraries_symbols_footprints","3_official_kicad_docs","official_docs","unknown","false",,"2026-05-10T09:01:13","2026-05-09T20:19:40",,"matched_source_files=1; not_imported_into_category_tree_yet"
"url_007039","https://www.kicad.org/libraries/third_party/","https://www.kicad.org/libraries/third_party","www.kicad.org","url2.txt","url2.txt:502","success",,,"C:\KICAD_SCRAPE\markdown_url2_clean\kicad.org-libraries-third_party.md",,"markdown","04_kicad_libraries_symbols_footprints","3_official_kicad_docs","official_docs","medium","false",,"2026-05-10T09:01:13","2026-05-09T20:19:42","dup_0022","matched_source_files=1; not_imported_into_category_tree_yet"
"url_007040","https://www.lcsc.com/","https://www.lcsc.com/","www.lcsc.com","url2.txt","url2.txt:596","success",,,"C:\KICAD_SCRAPE\markdown_url2_clean\lcsc.com-index.md",,"markdown","13_vendor_parts_cad_models","8_low_value_index_or_search","low_value","low","false",,"2026-05-10T09:01:13","2026-05-09T20:19:46",,"matched_source_files=1; not_imported_into_category_tree_yet"
"url_007041","https://www.lcsc.com/products/Microcontrollers-MCU-MPU-SOC_480.html","https://www.lcsc.com/products/Microcontrollers-MCU-MPU-SOC_480.html","www.lcsc.com","url2.txt","url2.txt:597","success",,,"C:\KICAD_SCRAPE\markdown_url2_clean\lcsc.com-products-Microcontrollers-MCU-MPU-SOC_480.html.md",,"markdown","13_vendor_parts_cad_models","8_low_value_index_or_search","low_value","low","false",,"2026-05-10T09:01:13","2026-05-09T20:19:51",,"matched_source_files=1; not_imported_into_category_tree_yet"
"url_007972","https://www.mouser.com/c/semiconductors/embedded-processors-controllers/microcontrollers-mcu/","https://www.mouser.com/c/semiconductors/embedded-processors-controllers/microcontrollers-mcu","www.mouser.com","url2.txt","url2.txt:586","success",,,"C:\KICAD_SCRAPE\markdown_url2_clean\mouser.com-c-semiconductors-embedded-processors-controllers-microcontrollers-mcu.md",,"markdown","13_vendor_parts_cad_models","8_low_value_index_or_search","low_value","medium","false",,"2026-05-10T09:01:13","2026-05-09T20:22:20",,"matched_source_files=1; not_imported_into_category_tree_yet"
"url_007973","https://www.mouser.com/c/semiconductors/embedded-processors-controllers/wireless-rf-system-on-a-chip-soc/","https://www.mouser.com/c/semiconductors/embedded-processors-controllers/wireless-rf-system-on-a-chip-soc","www.mouser.com","url2.txt","url2.txt:587","success",,,"C:\KICAD_SCRAPE\markdown_url2_clean\mouser.com-c-semiconductors-embedded-processors-controllers-wireless-rf-system-on-a-chip-soc.md",,"markdown","13_vendor_parts_cad_models","8_low_value_index_or_search","low_value","medium","false",,"2026-05-10T09:01:13","2026-05-09T20:22:21",,"matched_source_files=1; not_imported_into_category_tree_yet"
"url_007974","https://www.mouser.com/electronic-cad-symbols-models/","https://www.mouser.com/electronic-cad-symbols-models","www.mouser.com","url2.txt","url2.txt:585","success",,,"C:\KICAD_SCRAPE\markdown_url2_clean\mouser.com-electronic-cad-symbols-models.md",,"markdown","13_vendor_parts_cad_models","8_low_value_index_or_search","low_value","medium","false",,"2026-05-10T09:01:13","2026-05-09T20:22:23",,"matched_source_files=1; not_imported_into_category_tree_yet"
"url_007975","https://www.mouser.com/technical-resources/","https://www.mouser.com/technical-resources","www.mouser.com","url2.txt","url2.txt:998","success",,,"C:\KICAD_SCRAPE\markdown_url2_clean\mouser.com-technical-resources.md",,"markdown","13_vendor_parts_cad_models","8_low_value_index_or_search","low_value","medium","false",,"2026-05-10T09:01:13","2026-05-09T20:22:24",,"matched_source_files=1; not_imported_into_category_tree_yet"
"url_007977","https://www.murata.com/en-us/products/emc/emifil/knowhow/basic","https://www.murata.com/en-us/products/emc/emifil/knowhow/basic","www.murata.com","url2.txt","url2.txt:145","success",,,"C:\KICAD_SCRAPE\markdown_url2_clean\murata.com-en-us-products-emc-emifil-knowhow-basic.md",,"markdown","04_kicad_libraries_symbols_footprints","8_low_value_index_or_search","low_value","low","false",,"2026-05-10T09:01:13","2026-05-09T20:22:28",,"matched_source_files=1; not_imported_into_category_tree_yet"
"url_008215","https://www.pcblibraries.com/","https://www.pcblibraries.com/","www.pcblibraries.com","url2.txt","url2.txt:603","success",,,"C:\KICAD_SCRAPE\markdown_url2_clean\pcblibraries.com-index.md",,"markdown","04_kicad_libraries_symbols_footprints","8_low_value_index_or_search","low_value","unknown","false",,"2026-05-10T09:01:13","2026-05-09T20:22:33",,"matched_source_files=1; not_imported_into_category_tree_yet"
"url_008216","https://www.pcblibraries.com/library-expert/","https://www.pcblibraries.com/library-expert","www.pcblibraries.com","url2.txt","url2.txt:604","success",,,"C:\KICAD_SCRAPE\markdown_url2_clean\pcblibraries.com-library-expert.md",,"markdown","04_kicad_libraries_symbols_footprints","8_low_value_index_or_search","low_value","unknown","false",,"2026-05-10T09:01:13","2026-05-09T20:22:35","dup_0030","matched_source_files=1; not_imported_into_category_tree_yet"
"url_008217","https://www.pcblibraries.com/pcb-footprint-expert/","https://www.pcblibraries.com/pcb-footprint-expert","www.pcblibraries.com","url2.txt","url2.txt:1000","success",,,"C:\KICAD_SCRAPE\markdown_url2_clean\pcblibraries.com-pcb-footprint-expert.md",,"markdown","04_kicad_libraries_symbols_footprints","8_low_value_index_or_search","low_value","unknown","false",,"2026-05-10T09:01:13","2026-05-09T20:22:37","dup_0030","matched_source_files=1; not_imported_into_category_tree_yet"
"url_008250","https://www.reddit.com/r/AskElectronics/","https://www.reddit.com/r/AskElectronics","www.reddit.com",,,"success",,,"C:\KICAD_SCRAPE\markdown_url2_clean\reddit.com-r-AskElectronics.md",,"markdown","12_forums_peer_review","8_low_value_index_or_search","low_value","low","false",,"2026-05-10T09:01:13","2026-05-09T18:50:48","dup_0004","matched_source_files=1; not_imported_into_category_tree_yet"
"url_008255","https://www.reddit.com/r/ElectricalEngineering/","https://www.reddit.com/r/ElectricalEngineering","www.reddit.com",,,"success",,,"C:\KICAD_SCRAPE\markdown_url2_clean\reddit.com-r-ElectricalEngineering.md",,"markdown","12_forums_peer_review","8_low_value_index_or_search","low_value","low","false",,"2026-05-10T09:01:13","2026-05-09T18:50:49","dup_0004","matched_source_files=1; not_imported_into_category_tree_yet"
"url_008257","https://www.reddit.com/r/embedded/","https://www.reddit.com/r/embedded","www.reddit.com",,,"success",,,"C:\KICAD_SCRAPE\markdown_url2_clean\reddit.com-r-embedded.md",,"markdown","12_forums_peer_review","8_low_value_index_or_search","low_value","low","false",,"2026-05-10T09:01:13","2026-05-09T18:50:51","dup_0004","matched_source_files=1; not_imported_into_category_tree_yet"
"url_008259","https://www.reddit.com/r/esp32/","https://www.reddit.com/r/esp32","www.reddit.com",,,"success",,,"C:\KICAD_SCRAPE\markdown_url2_clean\reddit.com-r-esp32.md",,"markdown","12_forums_peer_review","8_low_value_index_or_search","low_value","low","false",,"2026-05-10T09:01:13","2026-05-09T18:50:52","dup_0004","matched_source_files=1; not_imported_into_category_tree_yet"
"url_008262","https://www.reddit.com/r/KiCad/","https://www.reddit.com/r/KiCad","www.reddit.com",,,"success",,,"C:\KICAD_SCRAPE\markdown_url2_clean\reddit.com-r-KiCad.md",,"markdown","12_forums_peer_review","8_low_value_index_or_search","low_value","low","false",,"2026-05-10T09:01:13","2026-05-09T18:50:54","dup_0004","matched_source_files=1; not_imported_into_category_tree_yet"
"url_008268","https://www.reddit.com/r/PCB/","https://www.reddit.com/r/PCB","www.reddit.com",,,"success",,,"C:\KICAD_SCRAPE\markdown_url2_clean\reddit.com-r-PCB.md",,"markdown","12_forums_peer_review","8_low_value_index_or_search","low_value","low","false",,"2026-05-10T09:01:13","2026-05-09T18:50:55","dup_0004","matched_source_files=1; not_imported_into_category_tree_yet"
"url_008269","https://www.reddit.com/r/PrintedCircuitBoard/","https://www.reddit.com/r/PrintedCircuitBoard","www.reddit.com",,,"success",,,"C:\KICAD_SCRAPE\markdown_url2_clean\reddit.com-r-PrintedCircuitBoard.md",,"markdown","12_forums_peer_review","8_low_value_index_or_search","low_value","low","false",,"2026-05-10T09:01:13","2026-05-09T18:50:56","dup_0004","matched_source_files=1; not_imported_into_category_tree_yet"
"url_008277","https://www.renesas.com/en/products/microcontrollers-microprocessors/ra-cortex-m-mcus","https://www.renesas.com/en/products/microcontrollers-microprocessors/ra-cortex-m-mcus","www.renesas.com","url2.txt","url2.txt:941","success",,,"C:\KICAD_SCRAPE\markdown_url2_clean\renesas.com-en-products-microcontrollers-microprocessors-ra-cortex-m-mcus.md",,"markdown","04_kicad_libraries_symbols_footprints","8_low_value_index_or_search","low_value","low","false",,"2026-05-10T09:01:13","2026-05-09T20:23:56",,"matched_source_files=1; not_imported_into_category_tree_yet"
"url_008280","https://www.renesas.com/en/products/microcontrollers-microprocessors/rl78-low-power-8-16-bit-mcus","https://www.renesas.com/en/products/microcontrollers-microprocessors/rl78-low-power-8-16-bit-mcus","www.renesas.com","url2.txt","url2.txt:943","success",,,"C:\KICAD_SCRAPE\markdown_url2_clean\renesas.com-en-products-microcontrollers-microprocessors-rl78-low-power-8-16-bit-mcus.md",,"markdown","04_kicad_libraries_symbols_footprints","8_low_value_index_or_search","low_value","low","false",,"2026-05-10T09:01:13","2026-05-09T20:24:00",,"matched_source_files=1; not_imported_into_category_tree_yet"
"url_008281","https://www.renesas.com/en/products/microcontrollers-microprocessors/rx-32-bit-performance-efficiency-mcus","https://www.renesas.com/en/products/microcontrollers-microprocessors/rx-32-bit-performance-efficiency-mcus","www.renesas.com","url2.txt","url2.txt:942","success",,,"C:\KICAD_SCRAPE\markdown_url2_clean\renesas.com-en-products-microcontrollers-microprocessors-rx-32-bit-performance-efficiency-mcus.md",,"markdown","04_kicad_libraries_symbols_footprints","8_low_value_index_or_search","low_value","low","false",,"2026-05-10T09:01:13","2026-05-09T20:24:02",,"matched_source_files=1; not_imported_into_category_tree_yet"
"url_008282","https://www.renesas.com/en/support/package-information","https://www.renesas.com/en/support/package-information","www.renesas.com","url2.txt","url2.txt:993","success",,,"C:\KICAD_SCRAPE\markdown_url2_clean\renesas.com-en-support-package-information.md",,"markdown","06_microcontrollers","8_low_value_index_or_search","low_value","unknown","false",,"2026-05-10T09:01:13","2026-05-09T20:24:05",,"matched_source_files=1; not_imported_into_category_tree_yet"
"url_008384","https://www.richtek.com/Design%20Support/Technical%20Document/AN004","https://www.richtek.com/Design%20Support/Technical%20Document/AN004","www.richtek.com","url2.txt","url2.txt:212","success",,,"C:\KICAD_SCRAPE\markdown_url2_clean\richtek.com-Design-20Support-Technical-20Document-AN004.md",,"markdown","15_video_reference_index","8_low_value_index_or_search","low_value","medium","false",,"2026-05-10T09:01:13","2026-05-09T20:24:09",,"matched_source_files=1; not_imported_into_category_tree_yet"
"url_008385","https://www.richtek.com/Design%20Support/Technical%20Document/AN005","https://www.richtek.com/Design%20Support/Technical%20Document/AN005","www.richtek.com","url2.txt","url2.txt:213","success",,,"C:\KICAD_SCRAPE\markdown_url2_clean\richtek.com-Design-20Support-Technical-20Document-AN005.md",,"markdown","15_video_reference_index","8_low_value_index_or_search","low_value","medium","false",,"2026-05-10T09:01:13","2026-05-09T20:24:12",,"matched_source_files=1; not_imported_into_category_tree_yet"
"url_008386","https://www.richtek.com/Design%20Support/Technical%20Document/AN006","https://www.richtek.com/Design%20Support/Technical%20Document/AN006","www.richtek.com","url2.txt","url2.txt:214","success",,,"C:\KICAD_SCRAPE\markdown_url2_clean\richtek.com-Design-20Support-Technical-20Document-AN006.md",,"markdown","15_video_reference_index","8_low_value_index_or_search","low_value","medium","false",,"2026-05-10T09:01:13","2026-05-09T20:24:16",,"matched_source_files=1; not_imported_into_category_tree_yet"
"url_008387","https://www.richtek.com/Design%20Support/Technical%20Document/AN025","https://www.richtek.com/Design%20Support/Technical%20Document/AN025","www.richtek.com","url2.txt","url2.txt:215","success",,,"C:\KICAD_SCRAPE\markdown_url2_clean\richtek.com-Design-20Support-Technical-20Document-AN025.md",,"markdown","15_video_reference_index","8_low_value_index_or_search","low_value","medium","false",,"2026-05-10T09:01:13","2026-05-09T20:24:18",,"matched_source_files=1; not_imported_into_category_tree_yet"
"url_008388","https://www.richtek.com/Design%20Support/Technical%20Document/AN045","https://www.richtek.com/Design%20Support/Technical%20Document/AN045","www.richtek.com","url2.txt","url2.txt:216","success",,,"C:\KICAD_SCRAPE\markdown_url2_clean\richtek.com-Design-20Support-Technical-20Document-AN045.md",,"markdown","15_video_reference_index","8_low_value_index_or_search","low_value","medium","false",,"2026-05-10T09:01:13","2026-05-09T20:24:22",,"matched_source_files=1; not_imported_into_category_tree_yet"
"url_008393","https://www.sameskydevices.com/product/connectors/usb-connectors/usb-type-c","https://www.sameskydevices.com/product/connectors/usb-connectors/usb-type-c","www.sameskydevices.com","url2.txt","url2.txt:452","success",,,"C:\KICAD_SCRAPE\markdown_url2_clean\sameskydevices.com-product-connectors-usb-connectors-usb-type-c.md",,"markdown","13_vendor_parts_cad_models","8_low_value_index_or_search","low_value","medium","false",,"2026-05-10T09:01:13","2026-05-09T20:24:31",,"matched_source_files=1; not_imported_into_category_tree_yet"
"url_008398","https://www.silabs.com/documents/public/application-notes/AN0054.pdf","https://www.silabs.com/documents/public/application-notes/AN0054.pdf","www.silabs.com","url2.txt","url2.txt:149","success",,,"C:\KICAD_SCRAPE\markdown_url2_clean\silabs.com-documents-public-application-notes-AN0054.pdf.pdf",,"pdf_pdf","14_datasheets_pdf_markdown","2_official_manufacturer_app_note","official_reference","high","false",,"2026-05-10T09:01:13","2026-05-09T20:24:34",,"pdf_url_inferred_from_filename; matched_source_files=1; not_imported_into_category_tree_yet"
"url_008401","https://www.silabs.com/documents/public/application-notes/an203.pdf","https://www.silabs.com/documents/public/application-notes/an203.pdf","www.silabs.com","url2.txt","url2.txt:260","success",,,"C:\KICAD_SCRAPE\markdown_url2_clean\silabs.com-documents-public-application-notes-an203.pdf.pdf",,"pdf_pdf","14_datasheets_pdf_markdown","2_official_manufacturer_app_note","official_reference","high","false",,"2026-05-10T09:01:13","2026-05-09T20:24:36",,"pdf_url_inferred_from_filename; matched_source_files=1; not_imported_into_category_tree_yet"
"url_008403","https://www.silabs.com/mcu/32-bit/efm32-gecko","https://www.silabs.com/mcu/32-bit/efm32-gecko","www.silabs.com","url2.txt","url2.txt:946","success",,,"C:\KICAD_SCRAPE\markdown_url2_clean\silabs.com-mcu-32-bit-efm32-gecko.md",,"markdown","15_video_reference_index","8_low_value_index_or_search","low_value","medium","false",,"2026-05-10T09:01:13","2026-05-09T20:24:41",,"matched_source_files=1; not_imported_into_category_tree_yet"
"url_008505","https://www.silabs.com/wireless/bluetooth/efr32bg22-series-2-socs","https://www.silabs.com/wireless/bluetooth/efr32bg22-series-2-socs","www.silabs.com","url2.txt","url2.txt:948","success",,,"C:\KICAD_SCRAPE\markdown_url2_clean\silabs.com-wireless-bluetooth-efr32bg22-series-2-socs.md",,"markdown","15_video_reference_index","8_low_value_index_or_search","low_value","medium","false",,"2026-05-10T09:01:13","2026-05-09T20:24:43",,"matched_source_files=1; not_imported_into_category_tree_yet"
"url_008507","https://www.silabs.com/wireless/wi-fi/rs9116-wi-fi-ncp-socs","https://www.silabs.com/wireless/wi-fi/rs9116-wi-fi-ncp-socs","www.silabs.com","url2.txt","url2.txt:949","success",,,"C:\KICAD_SCRAPE\markdown_url2_clean\silabs.com-wireless-wi-fi-rs9116-wi-fi-ncp-socs.md",,"markdown","15_video_reference_index","8_low_value_index_or_search","low_value","medium","false",,"2026-05-10T09:01:13","2026-05-09T20:24:45",,"matched_source_files=1; not_imported_into_category_tree_yet"
"url_008510","https://www.snapeda.com/about/import/","https://www.snapeda.com/about/import","www.snapeda.com","url2.txt","url2.txt:578","success",,,"C:\KICAD_SCRAPE\markdown_url2_clean\snapeda.com-about-import.md",,"markdown","13_vendor_parts_cad_models","8_low_value_index_or_search","low_value","low","false",,"2026-05-10T09:01:13","2026-05-09T20:24:53",,"matched_source_files=1; not_imported_into_category_tree_yet"
"url_009654","https://www.ti.com/interface/circuit-protection/overview.html","https://www.ti.com/interface/circuit-protection/overview.html","www.ti.com","url2.txt","url2.txt:114","success",,,"C:\KICAD_SCRAPE\markdown_url2_clean\ti.com-interface-circuit-protection-overview.html.md",,"markdown","07_usb_c_high_speed_esd","8_low_value_index_or_search","low_value","high","false",,"2026-05-10T09:01:13","2026-05-10T00:18:33",,"matched_source_files=1; not_imported_into_category_tree_yet"
"url_009655","https://www.ti.com/interface/usb/overview.html","https://www.ti.com/interface/usb/overview.html","www.ti.com","url2.txt","url2.txt:113","success",,,"C:\KICAD_SCRAPE\markdown_url2_clean\ti.com-interface-usb-overview.html.md",,"markdown","07_usb_c_high_speed_esd","8_low_value_index_or_search","low_value","high","false",,"2026-05-10T09:01:13","2026-05-10T00:18:35",,"matched_source_files=1; not_imported_into_category_tree_yet"
"url_009656","https://www.ti.com/lit/an/scaa045/scaa045.pdf","https://www.ti.com/lit/an/scaa045/scaa045.pdf","www.ti.com","url2.txt","url2.txt:237","success",,,"C:\KICAD_SCRAPE\markdown_url2_clean\ti.com-lit-an-scaa045-scaa045.pdf.pdf",,"pdf_pdf","14_datasheets_pdf_markdown","1_official_manufacturer_datasheet","primary_official","high","false",,"2026-05-10T09:01:13","2026-05-10T00:18:37",,"pdf_url_inferred_from_filename; matched_source_files=1; not_imported_into_category_tree_yet"
"url_009657","https://www.ti.com/lit/an/scaa053/scaa053.pdf","https://www.ti.com/lit/an/scaa053/scaa053.pdf","www.ti.com","url2.txt","url2.txt:238","success",,,"C:\KICAD_SCRAPE\markdown_url2_clean\ti.com-lit-an-scaa053-scaa053.pdf.pdf",,"pdf_pdf","14_datasheets_pdf_markdown","1_official_manufacturer_datasheet","primary_official","high","false",,"2026-05-10T09:01:13","2026-05-10T00:18:38",,"pdf_url_inferred_from_filename; matched_source_files=1; not_imported_into_category_tree_yet"
"url_009658","https://www.ti.com/lit/an/scaa082/scaa082.pdf","https://www.ti.com/lit/an/scaa082/scaa082.pdf","www.ti.com","url2.txt","url2.txt:239","success",,,"C:\KICAD_SCRAPE\markdown_url2_clean\ti.com-lit-an-scaa082-scaa082.pdf.pdf",,"pdf_pdf","14_datasheets_pdf_markdown","1_official_manufacturer_datasheet","primary_official","high","false",,"2026-05-10T09:01:13","2026-05-10T00:18:40","dup_0027","pdf_url_inferred_from_filename; matched_source_files=1; not_imported_into_category_tree_yet"
"url_009659","https://www.ti.com/lit/an/scaa106/scaa106.pdf","https://www.ti.com/lit/an/scaa106/scaa106.pdf","www.ti.com","url2.txt","url2.txt:240","success",,,"C:\KICAD_SCRAPE\markdown_url2_clean\ti.com-lit-an-scaa106-scaa106.pdf.pdf",,"pdf_pdf","14_datasheets_pdf_markdown","1_official_manufacturer_datasheet","primary_official","high","false",,"2026-05-10T09:01:13","2026-05-10T00:18:42",,"pdf_url_inferred_from_filename; matched_source_files=1; not_imported_into_category_tree_yet"
"url_009662","https://www.ti.com/lit/an/slla070/slla070.pdf","https://www.ti.com/lit/an/slla070/slla070.pdf","www.ti.com","url2.txt","url2.txt:244","success",,,"C:\KICAD_SCRAPE\markdown_url2_clean\ti.com-lit-an-slla070-slla070.pdf.pdf",,"pdf_pdf","14_datasheets_pdf_markdown","1_official_manufacturer_datasheet","primary_official","high","false",,"2026-05-10T09:01:13","2026-05-10T00:18:44",,"pdf_url_inferred_from_filename; matched_source_files=1; not_imported_into_category_tree_yet"
"url_009664","https://www.ti.com/lit/an/slla118/slla118.pdf","https://www.ti.com/lit/an/slla118/slla118.pdf","www.ti.com","url2.txt","url2.txt:246","success",,,"C:\KICAD_SCRAPE\markdown_url2_clean\ti.com-lit-an-slla118-slla118.pdf.pdf",,"pdf_pdf","14_datasheets_pdf_markdown","1_official_manufacturer_datasheet","primary_official","high","false",,"2026-05-10T09:01:13","2026-05-10T00:18:46",,"pdf_url_inferred_from_filename; matched_source_files=1; not_imported_into_category_tree_yet"
"url_009665","https://www.ti.com/lit/an/slla176/slla176.pdf","https://www.ti.com/lit/an/slla176/slla176.pdf","www.ti.com","url2.txt","url2.txt:247","success",,,"C:\KICAD_SCRAPE\markdown_url2_clean\ti.com-lit-an-slla176-slla176.pdf.pdf",,"pdf_pdf","14_datasheets_pdf_markdown","1_official_manufacturer_datasheet","primary_official","high","false",,"2026-05-10T09:01:13","2026-05-10T00:18:48",,"pdf_url_inferred_from_filename; matched_source_files=1; not_imported_into_category_tree_yet"
"url_009666","https://www.ti.com/lit/an/slla422/slla422.pdf","https://www.ti.com/lit/an/slla422/slla422.pdf","www.ti.com","url2.txt","url2.txt:118","success",,,"C:\KICAD_SCRAPE\markdown_url2_clean\ti.com-lit-an-slla422-slla422.pdf.pdf",,"pdf_pdf","14_datasheets_pdf_markdown","1_official_manufacturer_datasheet","primary_official","high","false",,"2026-05-10T09:01:13","2026-05-10T00:18:49",,"pdf_url_inferred_from_filename; matched_source_files=1; not_imported_into_category_tree_yet"
"url_009667","https://www.ti.com/lit/an/slla431/slla431.pdf","https://www.ti.com/lit/an/slla431/slla431.pdf","www.ti.com","url2.txt","url2.txt:120","success",,,"C:\KICAD_SCRAPE\markdown_url2_clean\ti.com-lit-an-slla431-slla431.pdf.pdf",,"pdf_pdf","14_datasheets_pdf_markdown","1_official_manufacturer_datasheet","primary_official","high","false",,"2026-05-10T09:01:13","2026-05-10T00:18:51",,"pdf_url_inferred_from_filename; matched_source_files=1; not_imported_into_category_tree_yet"
"url_009669","https://www.ti.com/lit/an/slla457/slla457.pdf","https://www.ti.com/lit/an/slla457/slla457.pdf","www.ti.com","url2.txt","url2.txt:119","success",,,"C:\KICAD_SCRAPE\markdown_url2_clean\ti.com-lit-an-slla457-slla457.pdf.pdf",,"pdf_pdf","14_datasheets_pdf_markdown","1_official_manufacturer_datasheet","primary_official","high","false",,"2026-05-10T09:01:13","2026-05-10T00:18:54","dup_0024","pdf_url_inferred_from_filename; matched_source_files=1; not_imported_into_category_tree_yet"
"url_009670","https://www.ti.com/lit/an/slla457a/slla457a.pdf","https://www.ti.com/lit/an/slla457a/slla457a.pdf","www.ti.com","url2.txt","url2.txt:122","success",,,"C:\KICAD_SCRAPE\markdown_url2_clean\ti.com-lit-an-slla457a-slla457a.pdf.pdf",,"pdf_pdf","14_datasheets_pdf_markdown","1_official_manufacturer_datasheet","primary_official","high","false",,"2026-05-10T09:01:13","2026-05-10T00:18:55","dup_0024","pdf_url_inferred_from_filename; matched_source_files=1; not_imported_into_category_tree_yet"
"url_009671","https://www.ti.com/lit/an/slla511/slla511.pdf","https://www.ti.com/lit/an/slla511/slla511.pdf","www.ti.com","url2.txt","url2.txt:121","success",,,"C:\KICAD_SCRAPE\markdown_url2_clean\ti.com-lit-an-slla511-slla511.pdf.pdf",,"pdf_pdf","14_datasheets_pdf_markdown","1_official_manufacturer_datasheet","primary_official","high","false",,"2026-05-10T09:01:13","2026-05-10T00:18:57",,"pdf_url_inferred_from_filename; matched_source_files=1; not_imported_into_category_tree_yet"
"url_009730","https://www.ti.com/lit/an/slva057/slva057.pdf","https://www.ti.com/lit/an/slva057/slva057.pdf","www.ti.com","url2.txt","url2.txt:158","success",,,"C:\KICAD_SCRAPE\markdown_url2_clean\ti.com-lit-an-slva057-slva057.pdf.pdf",,"pdf_pdf","14_datasheets_pdf_markdown","1_official_manufacturer_datasheet","primary_official","high","false",,"2026-05-10T09:01:13","2026-05-10T00:18:59",,"pdf_url_inferred_from_filename; matched_source_files=1; not_imported_into_category_tree_yet"
"url_009753","https://www.ti.com/lit/an/slva079/slva079.pdf","https://www.ti.com/lit/an/slva079/slva079.pdf","www.ti.com","url2.txt","url2.txt:159","success",,,"C:\KICAD_SCRAPE\markdown_url2_clean\ti.com-lit-an-slva079-slva079.pdf.pdf",,"pdf_pdf","14_datasheets_pdf_markdown","1_official_manufacturer_datasheet","primary_official","high","false",,"2026-05-10T09:01:13","2026-05-10T00:19:00",,"pdf_url_inferred_from_filename; matched_source_files=1; not_imported_into_category_tree_yet"
"url_009780","https://www.ti.com/lit/an/slva105/slva105.pdf","https://www.ti.com/lit/an/slva105/slva105.pdf","www.ti.com","url2.txt","url2.txt:160","success",,,"C:\KICAD_SCRAPE\markdown_url2_clean\ti.com-lit-an-slva105-slva105.pdf.pdf",,"pdf_pdf","14_datasheets_pdf_markdown","1_official_manufacturer_datasheet","primary_official","high","false",,"2026-05-10T09:01:13","2026-05-10T00:19:02",,"pdf_url_inferred_from_filename; matched_source_files=1; not_imported_into_category_tree_yet"
"url_009787","https://www.ti.com/lit/an/slva111/slva111.pdf","https://www.ti.com/lit/an/slva111/slva111.pdf","www.ti.com","url2.txt","url2.txt:161","success",,,"C:\KICAD_SCRAPE\markdown_url2_clean\ti.com-lit-an-slva111-slva111.pdf.pdf",,"pdf_pdf","14_datasheets_pdf_markdown","1_official_manufacturer_datasheet","primary_official","high","false",,"2026-05-10T09:01:13","2026-05-10T00:19:03",,"pdf_url_inferred_from_filename; matched_source_files=1; not_imported_into_category_tree_yet"
"url_009795","https://www.ti.com/lit/an/slva118/slva118.pdf","https://www.ti.com/lit/an/slva118/slva118.pdf","www.ti.com","url2.txt","url2.txt:162","success",,,"C:\KICAD_SCRAPE\markdown_url2_clean\ti.com-lit-an-slva118-slva118.pdf.pdf",,"pdf_pdf","14_datasheets_pdf_markdown","1_official_manufacturer_datasheet","primary_official","high","false",,"2026-05-10T09:01:13","2026-05-10T00:19:05",,"pdf_url_inferred_from_filename; matched_source_files=1; not_imported_into_category_tree_yet"
"url_009836","https://www.ti.com/lit/an/slva157/slva157.pdf","https://www.ti.com/lit/an/slva157/slva157.pdf","www.ti.com","url2.txt","url2.txt:164","success",,,"C:\KICAD_SCRAPE\markdown_url2_clean\ti.com-lit-an-slva157-slva157.pdf.pdf",,"pdf_pdf","14_datasheets_pdf_markdown","1_official_manufacturer_datasheet","primary_official","high","false",,"2026-05-10T09:01:13","2026-05-10T00:19:07",,"pdf_url_inferred_from_filename; matched_source_files=1; not_imported_into_category_tree_yet"
"url_009864","https://www.ti.com/lit/an/slva183/slva183.pdf","https://www.ti.com/lit/an/slva183/slva183.pdf","www.ti.com","url2.txt","url2.txt:166","success",,,"C:\KICAD_SCRAPE\markdown_url2_clean\ti.com-lit-an-slva183-slva183.pdf.pdf",,"pdf_pdf","14_datasheets_pdf_markdown","1_official_manufacturer_datasheet","primary_official","high","false",,"2026-05-10T09:01:13","2026-05-10T00:19:09",,"pdf_url_inferred_from_filename; matched_source_files=1; not_imported_into_category_tree_yet"
"url_009882","https://www.ti.com/lit/an/slva372/slva372.pdf","https://www.ti.com/lit/an/slva372/slva372.pdf","www.ti.com","url2.txt","url2.txt:167","success",,,"C:\KICAD_SCRAPE\markdown_url2_clean\ti.com-lit-an-slva372-slva372.pdf.pdf",,"pdf_pdf","14_datasheets_pdf_markdown","1_official_manufacturer_datasheet","primary_official","high","false",,"2026-05-10T09:01:13","2026-05-10T00:19:11",,"pdf_url_inferred_from_filename; matched_source_files=1; not_imported_into_category_tree_yet"
"url_009883","https://www.ti.com/lit/an/slva390/slva390.pdf","https://www.ti.com/lit/an/slva390/slva390.pdf","www.ti.com","url2.txt","url2.txt:168","success",,,"C:\KICAD_SCRAPE\markdown_url2_clean\ti.com-lit-an-slva390-slva390.pdf.pdf",,"pdf_pdf","14_datasheets_pdf_markdown","1_official_manufacturer_datasheet","primary_official","high","false",,"2026-05-10T09:01:13","2026-05-10T00:19:12",,"pdf_url_inferred_from_filename; matched_source_files=1; not_imported_into_category_tree_yet"
"url_009884","https://www.ti.com/lit/an/slva462/slva462.pdf","https://www.ti.com/lit/an/slva462/slva462.pdf","www.ti.com","url2.txt","url2.txt:116","success",,,"C:\KICAD_SCRAPE\markdown_url2_clean\ti.com-lit-an-slva462-slva462.pdf.pdf",,"pdf_pdf","14_datasheets_pdf_markdown","1_official_manufacturer_datasheet","primary_official","high","false",,"2026-05-10T09:01:13","2026-05-10T00:19:14",,"pdf_url_inferred_from_filename; matched_source_files=1; not_imported_into_category_tree_yet"
"url_009885","https://www.ti.com/lit/an/slva477/slva477.pdf","https://www.ti.com/lit/an/slva477/slva477.pdf","www.ti.com","url2.txt","url2.txt:169","success",,,"C:\KICAD_SCRAPE\markdown_url2_clean\ti.com-lit-an-slva477-slva477.pdf.pdf",,"pdf_pdf","14_datasheets_pdf_markdown","1_official_manufacturer_datasheet","primary_official","high","false",,"2026-05-10T09:01:13","2026-05-10T00:19:15",,"pdf_url_inferred_from_filename; matched_source_files=1; not_imported_into_category_tree_yet"
"url_009886","https://www.ti.com/lit/an/slva630/slva630.pdf","https://www.ti.com/lit/an/slva630/slva630.pdf","www.ti.com","url2.txt","url2.txt:170","success",,,"C:\KICAD_SCRAPE\markdown_url2_clean\ti.com-lit-an-slva630-slva630.pdf.pdf",,"pdf_pdf","14_datasheets_pdf_markdown","1_official_manufacturer_datasheet","primary_official","high","false",,"2026-05-10T09:01:13","2026-05-10T00:19:18",,"pdf_url_inferred_from_filename; matched_source_files=1; not_imported_into_category_tree_yet"
"url_009887","https://www.ti.com/lit/an/slva680/slva680.pdf","https://www.ti.com/lit/an/slva680/slva680.pdf","www.ti.com","url2.txt","url2.txt:115","success",,,"C:\KICAD_SCRAPE\markdown_url2_clean\ti.com-lit-an-slva680-slva680.pdf.pdf",,"pdf_pdf","14_datasheets_pdf_markdown","1_official_manufacturer_datasheet","primary_official","high","false",,"2026-05-10T09:01:13","2026-05-10T00:19:21",,"pdf_url_inferred_from_filename; matched_source_files=1; not_imported_into_category_tree_yet"
"url_009888","https://www.ti.com/lit/an/slva689/slva689.pdf","https://www.ti.com/lit/an/slva689/slva689.pdf","www.ti.com","url2.txt","url2.txt:171","success",,,"C:\KICAD_SCRAPE\markdown_url2_clean\ti.com-lit-an-slva689-slva689.pdf.pdf",,"pdf_pdf","14_datasheets_pdf_markdown","1_official_manufacturer_datasheet","primary_official","high","false",,"2026-05-10T09:01:13","2026-05-10T00:19:22",,"pdf_url_inferred_from_filename; matched_source_files=1; not_imported_into_category_tree_yet"
"url_009889","https://www.ti.com/lit/an/slva721/slva721.pdf","https://www.ti.com/lit/an/slva721/slva721.pdf","www.ti.com","url2.txt","url2.txt:172","success",,,"C:\KICAD_SCRAPE\markdown_url2_clean\ti.com-lit-an-slva721-slva721.pdf.pdf",,"pdf_pdf","14_datasheets_pdf_markdown","1_official_manufacturer_datasheet","primary_official","high","false",,"2026-05-10T09:01:13","2026-05-10T00:19:24",,"pdf_url_inferred_from_filename; matched_source_files=1; not_imported_into_category_tree_yet"
"url_009890","https://www.ti.com/lit/an/slva970/slva970.pdf","https://www.ti.com/lit/an/slva970/slva970.pdf","www.ti.com","url2.txt","url2.txt:173","success",,,"C:\KICAD_SCRAPE\markdown_url2_clean\ti.com-lit-an-slva970-slva970.pdf.pdf",,"pdf_pdf","14_datasheets_pdf_markdown","1_official_manufacturer_datasheet","primary_official","high","false",,"2026-05-10T09:01:13","2026-05-10T00:19:26",,"pdf_url_inferred_from_filename; matched_source_files=1; not_imported_into_category_tree_yet"
"url_009891","https://www.ti.com/lit/an/slyp173/slyp173.pdf","https://www.ti.com/lit/an/slyp173/slyp173.pdf","www.ti.com","url2.txt","url2.txt:241","success",,,"C:\KICAD_SCRAPE\markdown_url2_clean\ti.com-lit-an-slyp173-slyp173.pdf.pdf",,"pdf_pdf","14_datasheets_pdf_markdown","1_official_manufacturer_datasheet","primary_official","high","false",,"2026-05-10T09:01:13","2026-05-10T00:19:28",,"pdf_url_inferred_from_filename; matched_source_files=1; not_imported_into_category_tree_yet"
"url_009892","https://www.ti.com/lit/an/snva681/snva681.pdf","https://www.ti.com/lit/an/snva681/snva681.pdf","www.ti.com","url2.txt","url2.txt:174","success",,,"C:\KICAD_SCRAPE\markdown_url2_clean\ti.com-lit-an-snva681-snva681.pdf.pdf",,"pdf_pdf","14_datasheets_pdf_markdown","1_official_manufacturer_datasheet","primary_official","high","false",,"2026-05-10T09:01:13","2026-05-10T00:19:30",,"pdf_url_inferred_from_filename; matched_source_files=1; not_imported_into_category_tree_yet"
"url_009893","https://www.ti.com/lit/an/snva718/snva718.pdf","https://www.ti.com/lit/an/snva718/snva718.pdf","www.ti.com","url2.txt","url2.txt:175","success",,,"C:\KICAD_SCRAPE\markdown_url2_clean\ti.com-lit-an-snva718-snva718.pdf.pdf",,"pdf_pdf","14_datasheets_pdf_markdown","1_official_manufacturer_datasheet","primary_official","high","false",,"2026-05-10T09:01:13","2026-05-10T00:19:31",,"pdf_url_inferred_from_filename; matched_source_files=1; not_imported_into_category_tree_yet"
"url_009894","https://www.ti.com/lit/an/snva773/snva773.pdf","https://www.ti.com/lit/an/snva773/snva773.pdf","www.ti.com","url2.txt","url2.txt:176","success",,,"C:\KICAD_SCRAPE\markdown_url2_clean\ti.com-lit-an-snva773-snva773.pdf.pdf",,"pdf_pdf","14_datasheets_pdf_markdown","1_official_manufacturer_datasheet","primary_official","high","false",,"2026-05-10T09:01:13","2026-05-10T00:19:33",,"pdf_url_inferred_from_filename; matched_source_files=1; not_imported_into_category_tree_yet"
"url_009895","https://www.ti.com/lit/an/snva803/snva803.pdf","https://www.ti.com/lit/an/snva803/snva803.pdf","www.ti.com","url2.txt","url2.txt:177","success",,,"C:\KICAD_SCRAPE\markdown_url2_clean\ti.com-lit-an-snva803-snva803.pdf.pdf",,"pdf_pdf","14_datasheets_pdf_markdown","1_official_manufacturer_datasheet","primary_official","high","false",,"2026-05-10T09:01:13","2026-05-10T00:19:35",,"pdf_url_inferred_from_filename; matched_source_files=1; not_imported_into_category_tree_yet"
"url_009896","https://www.ti.com/lit/an/snva849/snva849.pdf","https://www.ti.com/lit/an/snva849/snva849.pdf","www.ti.com","url2.txt","url2.txt:178","success",,,"C:\KICAD_SCRAPE\markdown_url2_clean\ti.com-lit-an-snva849-snva849.pdf.pdf",,"pdf_pdf","14_datasheets_pdf_markdown","1_official_manufacturer_datasheet","primary_official","high","false",,"2026-05-10T09:01:13","2026-05-10T00:19:36",,"pdf_url_inferred_from_filename; matched_source_files=1; not_imported_into_category_tree_yet"
"url_009897","https://www.ti.com/lit/an/snva878/snva878.pdf","https://www.ti.com/lit/an/snva878/snva878.pdf","www.ti.com","url2.txt","url2.txt:179","success",,,"C:\KICAD_SCRAPE\markdown_url2_clean\ti.com-lit-an-snva878-snva878.pdf.pdf",,"pdf_pdf","14_datasheets_pdf_markdown","1_official_manufacturer_datasheet","primary_official","high","false",,"2026-05-10T09:01:13","2026-05-10T00:19:38",,"pdf_url_inferred_from_filename; matched_source_files=1; not_imported_into_category_tree_yet"
"url_009899","https://www.ti.com/lit/an/szza016/szza016.pdf","https://www.ti.com/lit/an/szza016/szza016.pdf","www.ti.com","url2.txt","url2.txt:233","success",,,"C:\KICAD_SCRAPE\markdown_url2_clean\ti.com-lit-an-szza016-szza016.pdf.pdf",,"pdf_pdf","14_datasheets_pdf_markdown","1_official_manufacturer_datasheet","primary_official","high","false",,"2026-05-10T09:01:13","2026-05-10T00:19:40",,"pdf_url_inferred_from_filename; matched_source_files=1; not_imported_into_category_tree_yet"
"url_009900","https://www.ti.com/lit/an/szza017/szza017.pdf","https://www.ti.com/lit/an/szza017/szza017.pdf","www.ti.com","url2.txt","url2.txt:234","success",,,"C:\KICAD_SCRAPE\markdown_url2_clean\ti.com-lit-an-szza017-szza017.pdf.pdf",,"pdf_pdf","14_datasheets_pdf_markdown","1_official_manufacturer_datasheet","primary_official","high","false",,"2026-05-10T09:01:13","2026-05-10T00:19:41",,"pdf_url_inferred_from_filename; matched_source_files=1; not_imported_into_category_tree_yet"
"url_009901","https://www.ti.com/lit/an/szza026/szza026.pdf","https://www.ti.com/lit/an/szza026/szza026.pdf","www.ti.com","url2.txt","url2.txt:235","success",,,"C:\KICAD_SCRAPE\markdown_url2_clean\ti.com-lit-an-szza026-szza026.pdf.pdf",,"pdf_pdf","14_datasheets_pdf_markdown","1_official_manufacturer_datasheet","primary_official","high","false",,"2026-05-10T09:01:13","2026-05-10T00:19:43",,"pdf_url_inferred_from_filename; matched_source_files=1; not_imported_into_category_tree_yet"
"url_009902","https://www.ti.com/lit/an/szza027/szza027.pdf","https://www.ti.com/lit/an/szza027/szza027.pdf","www.ti.com","url2.txt","url2.txt:236","success",,,"C:\KICAD_SCRAPE\markdown_url2_clean\ti.com-lit-an-szza027-szza027.pdf.pdf",,"pdf_pdf","14_datasheets_pdf_markdown","1_official_manufacturer_datasheet","primary_official","high","false",,"2026-05-10T09:01:13","2026-05-10T00:19:45",,"pdf_url_inferred_from_filename; matched_source_files=1; not_imported_into_category_tree_yet"
"url_009903","https://www.ti.com/lit/ds/symlink/tpd1e10b06.pdf","https://www.ti.com/lit/ds/symlink/tpd1e10b06.pdf","www.ti.com","url2.txt","url2.txt:123","success",,,"C:\KICAD_SCRAPE\markdown_url2_clean\ti.com-lit-ds-symlink-tpd1e10b06.pdf.pdf",,"pdf_pdf","14_datasheets_pdf_markdown","1_official_manufacturer_datasheet","primary_official","high","false",,"2026-05-10T09:01:13","2026-05-10T00:19:47",,"pdf_url_inferred_from_filename; matched_source_files=1; not_imported_into_category_tree_yet"
"url_009904","https://www.ti.com/lit/ds/symlink/tpd2e2u06.pdf","https://www.ti.com/lit/ds/symlink/tpd2e2u06.pdf","www.ti.com","url2.txt","url2.txt:124","success",,,"C:\KICAD_SCRAPE\markdown_url2_clean\ti.com-lit-ds-symlink-tpd2e2u06.pdf.pdf",,"pdf_pdf","14_datasheets_pdf_markdown","1_official_manufacturer_datasheet","primary_official","high","false",,"2026-05-10T09:01:13","2026-05-10T00:19:49",,"pdf_url_inferred_from_filename; matched_source_files=1; not_imported_into_category_tree_yet"
"url_009905","https://www.ti.com/lit/ds/symlink/tpd4e02b04.pdf","https://www.ti.com/lit/ds/symlink/tpd4e02b04.pdf","www.ti.com","url2.txt","url2.txt:126","success",,,"C:\KICAD_SCRAPE\markdown_url2_clean\ti.com-lit-ds-symlink-tpd4e02b04.pdf.pdf",,"pdf_pdf","14_datasheets_pdf_markdown","1_official_manufacturer_datasheet","primary_official","high","false",,"2026-05-10T09:01:13","2026-05-10T00:19:52",,"pdf_url_inferred_from_filename; matched_source_files=1; not_imported_into_category_tree_yet"
"url_009906","https://www.ti.com/lit/ds/symlink/tpd4e110.pdf","https://www.ti.com/lit/ds/symlink/tpd4e110.pdf","www.ti.com","url2.txt","url2.txt:127","success",,,"C:\KICAD_SCRAPE\markdown_url2_clean\ti.com-lit-ds-symlink-tpd4e110.pdf.pdf",,"pdf_pdf","14_datasheets_pdf_markdown","1_official_manufacturer_datasheet","primary_official","high","false",,"2026-05-10T09:01:13","2026-05-10T00:20:00",,"pdf_url_inferred_from_filename; matched_source_files=1; not_imported_into_category_tree_yet"
"url_009907","https://www.ti.com/lit/ds/symlink/tpd4e1u06.pdf","https://www.ti.com/lit/ds/symlink/tpd4e1u06.pdf","www.ti.com","url2.txt","url2.txt:125","success",,,"C:\KICAD_SCRAPE\markdown_url2_clean\ti.com-lit-ds-symlink-tpd4e1u06.pdf.pdf",,"pdf_pdf","14_datasheets_pdf_markdown","1_official_manufacturer_datasheet","primary_official","high","false",,"2026-05-10T09:01:13","2026-05-10T00:20:02",,"pdf_url_inferred_from_filename; matched_source_files=1; not_imported_into_category_tree_yet"
"url_009908","https://www.ti.com/lit/ds/symlink/tpd6e004.pdf","https://www.ti.com/lit/ds/symlink/tpd6e004.pdf","www.ti.com","url2.txt","url2.txt:129","success",,,"C:\KICAD_SCRAPE\markdown_url2_clean\ti.com-lit-ds-symlink-tpd6e004.pdf.pdf",,"pdf_pdf","14_datasheets_pdf_markdown","1_official_manufacturer_datasheet","primary_official","high","false",,"2026-05-10T09:01:13","2026-05-10T00:20:03",,"pdf_url_inferred_from_filename; matched_source_files=1; not_imported_into_category_tree_yet"
"url_009909","https://www.ti.com/lit/ds/symlink/tpd6e05u06.pdf","https://www.ti.com/lit/ds/symlink/tpd6e05u06.pdf","www.ti.com","url2.txt","url2.txt:128","success",,,"C:\KICAD_SCRAPE\markdown_url2_clean\ti.com-lit-ds-symlink-tpd6e05u06.pdf.pdf",,"pdf_pdf","14_datasheets_pdf_markdown","1_official_manufacturer_datasheet","primary_official","high","false",,"2026-05-10T09:01:13","2026-05-10T00:20:06","dup_0037","pdf_url_inferred_from_filename; matched_source_files=1; not_imported_into_category_tree_yet"
"url_009910","https://www.ti.com/lit/ds/symlink/tps54202.pdf","https://www.ti.com/lit/ds/symlink/tps54202.pdf","www.ti.com","url2.txt","url2.txt:181","success",,,"C:\KICAD_SCRAPE\markdown_url2_clean\ti.com-lit-ds-symlink-tps54202.pdf.pdf",,"pdf_pdf","14_datasheets_pdf_markdown","1_official_manufacturer_datasheet","primary_official","high","false",,"2026-05-10T09:01:13","2026-05-10T00:20:09",,"pdf_url_inferred_from_filename; matched_source_files=1; not_imported_into_category_tree_yet"
"url_009911","https://www.ti.com/lit/ds/symlink/tps54302.pdf","https://www.ti.com/lit/ds/symlink/tps54302.pdf","www.ti.com","url2.txt","url2.txt:182","success",,,"C:\KICAD_SCRAPE\markdown_url2_clean\ti.com-lit-ds-symlink-tps54302.pdf.pdf",,"pdf_pdf","14_datasheets_pdf_markdown","1_official_manufacturer_datasheet","primary_official","high","false",,"2026-05-10T09:01:13","2026-05-10T00:20:12",,"pdf_url_inferred_from_filename; matched_source_files=1; not_imported_into_category_tree_yet"
"url_009912","https://www.ti.com/lit/ds/symlink/tps562201.pdf","https://www.ti.com/lit/ds/symlink/tps562201.pdf","www.ti.com","url2.txt","url2.txt:184","success",,,"C:\KICAD_SCRAPE\markdown_url2_clean\ti.com-lit-ds-symlink-tps562201.pdf.pdf",,"pdf_pdf","14_datasheets_pdf_markdown","1_official_manufacturer_datasheet","primary_official","high","false",,"2026-05-10T09:01:13","2026-05-10T00:20:15",,"pdf_url_inferred_from_filename; matched_source_files=1; not_imported_into_category_tree_yet"
"url_009913","https://www.ti.com/lit/ds/symlink/tps563201.pdf","https://www.ti.com/lit/ds/symlink/tps563201.pdf","www.ti.com","url2.txt","url2.txt:183","success",,,"C:\KICAD_SCRAPE\markdown_url2_clean\ti.com-lit-ds-symlink-tps563201.pdf.pdf",,"pdf_pdf","14_datasheets_pdf_markdown","1_official_manufacturer_datasheet","primary_official","high","false",,"2026-05-10T09:01:13","2026-05-10T00:20:17",,"pdf_url_inferred_from_filename; matched_source_files=1; not_imported_into_category_tree_yet"
"url_009914","https://www.ti.com/lit/ds/symlink/tps62177.pdf","https://www.ti.com/lit/ds/symlink/tps62177.pdf","www.ti.com","url2.txt","url2.txt:185","success",,,"C:\KICAD_SCRAPE\markdown_url2_clean\ti.com-lit-ds-symlink-tps62177.pdf.pdf",,"pdf_pdf","14_datasheets_pdf_markdown","1_official_manufacturer_datasheet","primary_official","high","false",,"2026-05-10T09:01:13","2026-05-10T00:20:20",,"pdf_url_inferred_from_filename; matched_source_files=1; not_imported_into_category_tree_yet"
"url_009915","https://www.ti.com/lit/ds/symlink/tps62180.pdf","https://www.ti.com/lit/ds/symlink/tps62180.pdf","www.ti.com","url2.txt","url2.txt:186","success",,,"C:\KICAD_SCRAPE\markdown_url2_clean\ti.com-lit-ds-symlink-tps62180.pdf.pdf",,"pdf_pdf","14_datasheets_pdf_markdown","1_official_manufacturer_datasheet","primary_official","high","false",,"2026-05-10T09:01:13","2026-05-10T00:20:23",,"pdf_url_inferred_from_filename; matched_source_files=1; not_imported_into_category_tree_yet"
"url_009916","https://www.ti.com/lit/ds/symlink/tps62827.pdf","https://www.ti.com/lit/ds/symlink/tps62827.pdf","www.ti.com","url2.txt","url2.txt:188","success",,,"C:\KICAD_SCRAPE\markdown_url2_clean\ti.com-lit-ds-symlink-tps62827.pdf.pdf",,"pdf_pdf","14_datasheets_pdf_markdown","1_official_manufacturer_datasheet","primary_official","high","false",,"2026-05-10T09:01:13","2026-05-10T00:20:25",,"pdf_url_inferred_from_filename; matched_source_files=1; not_imported_into_category_tree_yet"
"url_009917","https://www.ti.com/lit/ds/symlink/tps62840.pdf","https://www.ti.com/lit/ds/symlink/tps62840.pdf","www.ti.com","url2.txt","url2.txt:187","success",,,"C:\KICAD_SCRAPE\markdown_url2_clean\ti.com-lit-ds-symlink-tps62840.pdf.pdf",,"pdf_pdf","14_datasheets_pdf_markdown","1_official_manufacturer_datasheet","primary_official","high","false",,"2026-05-10T09:01:13","2026-05-10T00:20:28",,"pdf_url_inferred_from_filename; matched_source_files=1; not_imported_into_category_tree_yet"
"url_009918","https://www.ti.com/lit/ds/symlink/tps62933.pdf","https://www.ti.com/lit/ds/symlink/tps62933.pdf","www.ti.com","url2.txt","url2.txt:189","success",,,"C:\KICAD_SCRAPE\markdown_url2_clean\ti.com-lit-ds-symlink-tps62933.pdf.pdf",,"pdf_pdf","14_datasheets_pdf_markdown","1_official_manufacturer_datasheet","primary_official","high","false",,"2026-05-10T09:01:13","2026-05-10T00:20:32",,"pdf_url_inferred_from_filename; matched_source_files=1; not_imported_into_category_tree_yet"
"url_009922","https://www.ti.com/microcontrollers-mcus-processors/c2000-real-time-control-mcus/overview.html","https://www.ti.com/microcontrollers-mcus-processors/c2000-real-time-control-mcus/overview.html","www.ti.com","url2.txt","url2.txt:933","success",,,"C:\KICAD_SCRAPE\markdown_url2_clean\ti.com-microcontrollers-mcus-processors-c2000-real-time-control-mcus-overview.html.md",,"markdown","08_power_buck_regulators","8_low_value_index_or_search","low_value","high","false",,"2026-05-10T09:01:13","2026-05-10T00:20:34","dup_0025","matched_source_files=1; not_imported_into_category_tree_yet"
"url_009923","https://www.ti.com/microcontrollers-mcus-processors/microcontrollers/overview.html","https://www.ti.com/microcontrollers-mcus-processors/microcontrollers/overview.html","www.ti.com","url2.txt","url2.txt:931","success",,,"C:\KICAD_SCRAPE\markdown_url2_clean\ti.com-microcontrollers-mcus-processors-microcontrollers-overview.html.md",,"markdown","08_power_buck_regulators","8_low_value_index_or_search","low_value","high","false",,"2026-05-10T09:01:13","2026-05-10T00:20:36",,"matched_source_files=1; not_imported_into_category_tree_yet"
"url_009924","https://www.ti.com/microcontrollers-mcus-processors/msp430-microcontrollers/overview.html","https://www.ti.com/microcontrollers-mcus-processors/msp430-microcontrollers/overview.html","www.ti.com","url2.txt","url2.txt:932","success",,,"C:\KICAD_SCRAPE\markdown_url2_clean\ti.com-microcontrollers-mcus-processors-msp430-microcontrollers-overview.html.md",,"markdown","08_power_buck_regulators","8_low_value_index_or_search","low_value","high","false",,"2026-05-10T09:01:13","2026-05-10T00:20:38","dup_0025","matched_source_files=1; not_imported_into_category_tree_yet"
"url_010050","https://www.usb.org/document-library/usb-20-cable-and-connector-class-document","https://www.usb.org/document-library/usb-20-cable-and-connector-class-document","www.usb.org","url2.txt","url2.txt:110","success",,,"C:\KICAD_SCRAPE\markdown_url2_clean\usb.org-document-library-usb-20-cable-and-connector-class-document.md",,"markdown","04_kicad_libraries_symbols_footprints","8_low_value_index_or_search","low_value","medium","false",,"2026-05-10T09:01:13","2026-05-10T00:22:07",,"matched_source_files=1; not_imported_into_category_tree_yet"
"url_010055","https://www.usb.org/document-library/usb-20-specification","https://www.usb.org/document-library/usb-20-specification","www.usb.org","url2.txt","url2.txt:102","success",,,"C:\KICAD_SCRAPE\markdown_url2_clean\usb.org-document-library-usb-20-specification.md",,"markdown","04_kicad_libraries_symbols_footprints","8_low_value_index_or_search","low_value","medium","false",,"2026-05-10T09:01:13","2026-05-10T00:22:11",,"matched_source_files=1; not_imported_into_category_tree_yet"
"url_010060","https://www.usb.org/document-library/usb-type-cr-connectors-and-cable-assemblies-compliance-document-rev-21b","https://www.usb.org/document-library/usb-type-cr-connectors-and-cable-assemblies-compliance-document-rev-21b","www.usb.org","url2.txt","url2.txt:107","success",,,"C:\KICAD_SCRAPE\markdown_url2_clean\usb.org-document-library-usb-type-cr-connectors-and-cable-assemblies-compliance-document-rev-21b.md",,"markdown","04_kicad_libraries_symbols_footprints","8_low_value_index_or_search","low_value","medium","false",,"2026-05-10T09:01:13","2026-05-10T00:22:16",,"matched_source_files=1; not_imported_into_category_tree_yet"
"url_010063","https://www.usb.org/usb-charger-pd","https://www.usb.org/usb-charger-pd","www.usb.org",,,"success",,,"C:\KICAD_SCRAPE\markdown_url2_clean\usb.org-usb-charger-pd.md",,"markdown","04_kicad_libraries_symbols_footprints","8_low_value_index_or_search","low_value","low","false",,"2026-05-10T09:01:13","2026-05-09T18:55:12",,"matched_source_files=1; not_imported_into_category_tree_yet"
"url_010064","https://www.usb.org/usb-type-cr-cable-and-connector-specification","https://www.usb.org/usb-type-cr-cable-and-connector-specification","www.usb.org",,,"success",,,"C:\KICAD_SCRAPE\markdown_url2_clean\usb.org-usb-type-cr-cable-and-connector-specification.md",,"markdown","04_kicad_libraries_symbols_footprints","8_low_value_index_or_search","low_value","low","false",,"2026-05-10T09:01:13","2026-05-09T18:55:14",,"matched_source_files=1; not_imported_into_category_tree_yet"
"url_010069","https://www.we-online.com/en/components/products/WE-TVSP","https://www.we-online.com/en/components/products/WE-TVSP","www.we-online.com","url2.txt","url2.txt:146","success",,,"C:\KICAD_SCRAPE\markdown_url2_clean\we-online.com-en-components-products-WE-TVSP.md",,"markdown","04_kicad_libraries_symbols_footprints","8_low_value_index_or_search","low_value","low","false",,"2026-05-10T09:01:13","2026-05-10T00:22:39",,"matched_source_files=1; not_imported_into_category_tree_yet"
"url_010071","https://www.we-online.com/en/support/knowledge/application-notes?search=USB","https://www.we-online.com/en/support/knowledge/application-notes?search=USB","www.we-online.com","url2.txt","url2.txt:147","success",,,"C:\KICAD_SCRAPE\markdown_url2_clean\we-online.com-en-support-knowledge-application-notes.md",,"markdown","04_kicad_libraries_symbols_footprints","8_low_value_index_or_search","low_value","low","false",,"2026-05-10T09:01:13","2026-05-10T00:22:44",,"matched_source_files=1; not_imported_into_category_tree_yet"
